date,gross,net,benchmark,active,gross_active,turnover,cost,rebalance,benchmark_turnover,benchmark_cost,benchmark_net
2011-01-03,0.005758296757441179,0.005758296757441179,0.005758296757441179,0.0,0.0,0.0,0.0,True,0.0,0.0,0.005758296757441179
2011-01-04,-0.00020089233104540923,-0.00020089233104540923,-0.00020089233104540923,0.0,0.0,0.0,0.0,False,0.0,0.0,-0.00020089233104540923
2011-01-05,-0.0030702972421233383,-0.0030702972421233383,-0.0030702972421233383,0.0,0.0,0.0,0.0,False,0.0,0.0,-0.0030702972421233383
2011-01-06,-0.0021675064486189983,-0.0021675064486189983,-0.0021675064486189983,0.0,0.0,0.0,0.0,False,0.0,0.0,-0.0021675064486189983
2011-01-07,-5.727830696466334e-05,-5.727830696466334e-05,-5.727830696466334e-05,0.0,0.0,0.0,0.0,False,0.0,0.0,-5.727830696466334e-05
2011-01-10,-0.00016957081203450346,-0.00016957081203450346,-0.00016957081203450346,0.0,0.0,0.0,0.0,False,0.0,0.0,-0.00016957081203450346
2011-01-11,0.002198163937179108,0.002198163937179108,0.002198163937179108,0.0,0.0,0.0,0.0,False,0.0,0.0,0.002198163937179108
2011-01-12,0.007372694293567227,0.007372694293567227,0.007372694293567227,0.0,0.0,0.0,0.0,False,0.0,0.0,0.007372694293567227
2011-01-13,0.0014255008444584221,0.0014255008444584221,0.0014255008444584221,0.0,0.0,0.0,0.0,False,0.0,0.0,0.0014255008444584221
2011-01-14,0.0022118698363226075,0.0022118698363226075,0.0022118698363226075,0.0,0.0,0.0,0.0,False,0.0,0.0,0.0022118698363226075
2011-01-18,0.000611217060078578,0.000611217060078578,0.000611217060078578,0.0,0.0,0.0,0.0,False,0.0,0.0,0.000611217060078578
2011-01-19,-0.0053593850235490875,-0.0053593850235490875,-0.0053593850235490875,0.0,0.0,0.0,0.0,False,0.0,0.0,-0.0053593850235490875
2011-01-20,-0.00616354755412692,-0.00616354755412692,-0.00616354755412692,0.0,0.0,0.0,0.0,False,0.0,0.0,-0.00616354755412692
2011-01-21,0.0014169000727246727,0.0014169000727246727,0.0014169000727246727,0.0,0.0,0.0,0.0,False,0.0,0.0,0.0014169000727246727
2011-01-24,0.004579098788427395,0.004579098788427395,0.004579098788427395,0.0,0.0,0.0,0.0,False,0.0,0.0,0.004579098788427395
2011-01-25,0.001545140120536434,0.001545140120536434,0.001545140120536434,0.0,0.0,0.0,0.0,False,0.0,0.0,0.001545140120536434
2011-01-26,0.0010121975605132346,0.0010121975605132346,0.0010121975605132346,0.0,0.0,0.0,0.0,False,0.0,0.0,0.0010121975605132346
2011-01-27,0.0021251190151424936,0.0021251190151424936,0.0021251190151424936,0.0,0.0,0.0,0.0,False,0.0,0.0,0.0021251190151424936
2011-01-28,-0.011696506406382366,-0.011696506406382366,-0.011696506406382366,0.0,0.0,0.0,0.0,False,0.0,0.0,-0.011696506406382366
2011-01-31,0.003377293916578691,0.003377293916578691,0.003377293916578691,0.0,0.0,0.0,0.0,False,0.0,0.0,0.003377293916578691
2011-02-01,0.010562427146867864,0.010554391136614456,0.010562427146867864,-8.036010253408693e-06,0.0,0.00803601025340903,8.036010253409028e-06,True,0.00803601025340903,8.036010253409028e-06,0.010554391136614456
2011-02-02,-0.002390682854599901,-0.002390682854599901,-0.002390682854599901,0.0,0.0,0.0,0.0,False,0.0,0.0,-0.002390682854599901
2011-02-03,-0.0011473888466842796,-0.0011473888466842796,-0.0011473888466842796,0.0,0.0,0.0,0.0,False,0.0,0.0,-0.0011473888466842796
2011-02-04,-0.0012876129650682367,-0.0012876129650682367,-0.0012876129650682367,0.0,0.0,0.0,0.0,False,0.0,0.0,-0.0012876129650682367
2011-02-07,0.003343671822138998,0.003343671822138998,0.003343671822138998,0.0,0.0,0.0,0.0,False,0.0,0.0,0.003343671822138998
2011-02-08,0.0004742017560123206,0.0004742017560123206,0.0004742017560123206,0.0,0.0,0.0,0.0,False,0.0,0.0,0.0004742017560123206
2011-02-09,-0.0012156840271915252,-0.0012156840271915252,-0.0012156840271915252,0.0,0.0,0.0,0.0,False,0.0,0.0,-0.0012156840271915252
2011-02-10,-0.0035402823413720206,-0.0035402823413720206,-0.0035402823413720206,0.0,0.0,0.0,0.0,False,0.0,0.0,-0.0035402823413720206
2011-02-11,0.006069183010295021,0.006069183010295021,0.006069183010295021,0.0,0.0,0.0,0.0,False,0.0,0.0,0.006069183010295021
2011-02-14,0.0009994484342230165,0.0009994484342230165,0.0009994484342230165,0.0,0.0,0.0,0.0,False,0.0,0.0,0.0009994484342230165
2011-02-15,-0.0005298812711746168,-0.0005298812711746168,-0.0005298812711746168,0.0,0.0,0.0,0.0,False,0.0,0.0,-0.0005298812711746168
2011-02-16,0.004385997253691326,0.004385997253691326,0.004385997253691326,0.0,0.0,0.0,0.0,False,0.0,0.0,0.004385997253691326
2011-02-17,0.003214436309302626,0.003214436309302626,0.003214436309302626,0.0,0.0,0.0,0.0,False,0.0,0.0,0.003214436309302626
2011-02-18,0.0018420629759062152,0.0018420629759062152,0.0018420629759062152,0.0,0.0,0.0,0.0,False,0.0,0.0,0.0018420629759062152
2011-02-22,-0.012057036031715065,-0.012057036031715065,-0.012057036031715065,0.0,0.0,0.0,0.0,False,0.0,0.0,-0.012057036031715065
2011-02-23,-0.0029621380594878036,-0.0029621380594878036,-0.0029621380594878036,0.0,0.0,0.0,0.0,False,0.0,0.0,-0.0029621380594878036
2011-02-24,0.0014735189767978761,0.0014735189767978761,0.0014735189767978761,0.0,0.0,0.0,0.0,False,0.0,0.0,0.0014735189767978761
2011-02-25,0.009035327021988906,0.009035327021988906,0.009035327021988906,0.0,0.0,0.0,0.0,False,0.0,0.0,0.009035327021988906
2011-02-28,0.004260715637368405,0.004260715637368405,0.004260715637368405,0.0,0.0,0.0,0.0,False,0.0,0.0,0.004260715637368405
2011-03-01,-0.008751366247647918,-0.008759466456076004,-0.008751366247647918,-8.100208428086023e-06,0.0,0.008100208428085846,8.100208428085845e-06,True,0.008100208428085846,8.100208428085845e-06,-0.008759466456076004
2011-03-02,0.00035188846518890125,0.00035188846518890125,0.00035188846518890125,0.0,0.0,0.0,0.0,False,0.0,0.0,0.00035188846518890125
2011-03-03,0.007693005119420092,0.007693005119420092,0.007693005119420092,0.0,0.0,0.0,0.0,False,0.0,0.0,0.007693005119420092
2011-03-04,-0.0013389854575861534,-0.0013389854575861534,-0.0013389854575861534,0.0,0.0,0.0,0.0,False,0.0,0.0,-0.0013389854575861534
2011-03-07,-0.007239174222174585,-0.007239174222174585,-0.007239174222174585,0.0,0.0,0.0,0.0,False,0.0,0.0,-0.007239174222174585
2011-03-08,0.0042865026037027035,0.0042865026037027035,0.0042865026037027035,0.0,0.0,0.0,0.0,False,0.0,0.0,0.0042865026037027035
2011-03-09,0.0020307102941144856,0.0020307102941144856,0.0020307102941144856,0.0,0.0,0.0,0.0,False,0.0,0.0,0.0020307102941144856
2011-03-10,-0.01042201664404365,-0.01042201664404365,-0.01042201664404365,0.0,0.0,0.0,0.0,False,0.0,0.0,-0.01042201664404365
2011-03-11,0.0023207171279878472,0.0023207171279878472,0.0023207171279878472,0.0,0.0,0.0,0.0,False,0.0,0.0,0.0023207171279878472
2011-03-14,-0.0034792684957921385,-0.0034792684957921385,-0.0034792684957921385,0.0,0.0,0.0,0.0,False,0.0,0.0,-0.0034792684957921385
2011-03-15,-0.007087014873216858,-0.007087014873216858,-0.007087014873216858,0.0,0.0,0.0,0.0,False,0.0,0.0,-0.007087014873216858
2011-03-16,-0.009202188423994447,-0.009202188423994447,-0.009202188423994447,0.0,0.0,0.0,0.0,False,0.0,0.0,-0.009202188423994447
2011-03-17,0.008708020795910416,0.008708020795910416,0.008708020795910416,0.0,0.0,0.0,0.0,False,0.0,0.0,0.008708020795910416
2011-03-18,0.003971012680260399,0.003971012680260399,0.003971012680260399,0.0,0.0,0.0,0.0,False,0.0,0.0,0.003971012680260399
2011-03-21,0.00932073297677883,0.00932073297677883,0.00932073297677883,0.0,0.0,0.0,0.0,False,0.0,0.0,0.00932073297677883
2011-03-22,-0.0008444702585422202,-0.0008444702585422202,-0.0008444702585422202,0.0,0.0,0.0,0.0,False,0.0,0.0,-0.0008444702585422202
2011-03-23,0.0020934882875003136,0.0020934882875003136,0.0020934882875003136,0.0,0.0,0.0,0.0,False,0.0,0.0,0.0020934882875003136
2011-03-24,0.004378878875946695,0.004378878875946695,0.004378878875946695,0.0,0.0,0.0,0.0,False,0.0,0.0,0.004378878875946695
2011-03-25,-0.0012670216051336803,-0.0012670216051336803,-0.0012670216051336803,0.0,0.0,0.0,0.0,False,0.0,0.0,-0.0012670216051336803
2011-03-28,-0.0012467984861808381,-0.0012467984861808381,-0.0012467984861808381,0.0,0.0,0.0,0.0,False,0.0,0.0,-0.0012467984861808381
2011-03-29,0.002715904973520161,0.002715904973520161,0.002715904973520161,0.0,0.0,0.0,0.0,False,0.0,0.0,0.002715904973520161
2011-03-30,0.007391127789615369,0.007391127789615369,0.007391127789615369,0.0,0.0,0.0,0.0,False,0.0,0.0,0.007391127789615369
2011-03-31,-0.0011164814786528289,-0.0011164814786528289,-0.0011164814786528289,0.0,0.0,0.0,0.0,False,0.0,0.0,-0.0011164814786528289
2011-04-01,0.0058907793712313136,0.005883683743187465,0.0058907793712313136,-7.0956280438481956e-06,0.0,0.007095628043848615,7.095628043848615e-06,True,0.007095628043848615,7.095628043848615e-06,0.005883683743187465
2011-04-04,0.0022664011902377825,0.0022664011902377825,0.0022664011902377825,0.0,0.0,0.0,0.0,False,0.0,0.0,0.0022664011902377825
2011-04-05,-0.0014714427613003482,-0.0014714427613003482,-0.0014714427613003482,0.0,0.0,0.0,0.0,False,0.0,0.0,-0.0014714427613003482
2011-04-06,0.0007597121696745775,0.0007597121696745775,0.0007597121696745775,0.0,0.0,0.0,0.0,False,0.0,0.0,0.0007597121696745775
2011-04-07,-0.002206854603755485,-0.002206854603755485,-0.002206854603755485,0.0,0.0,0.0,0.0,False,0.0,0.0,-0.002206854603755485
2011-04-08,-0.0011397323047210653,-0.0011397323047210653,-0.0011397323047210653,0.0,0.0,0.0,0.0,False,0.0,0.0,-0.0011397323047210653
2011-04-11,-0.0025358100983877857,-0.0025358100983877857,-0.0025358100983877857,0.0,0.0,0.0,0.0,False,0.0,0.0,-0.0025358100983877857
2011-04-12,-0.004036653145429448,-0.004036653145429448,-0.004036653145429448,0.0,0.0,0.0,0.0,False,0.0,0.0,-0.004036653145429448
2011-04-13,0.0026722042665950395,0.0026722042665950395,0.0026722042665950395,0.0,0.0,0.0,0.0,False,0.0,0.0,0.0026722042665950395
2011-04-14,0.0003517742306681928,0.0003517742306681928,0.0003517742306681928,0.0,0.0,0.0,0.0,False,0.0,0.0,0.0003517742306681928
2011-04-15,0.004440473339534422,0.004440473339534422,0.004440473339534422,0.0,0.0,0.0,0.0,False,0.0,0.0,0.004440473339534422
2011-04-18,-0.008953009116936764,-0.008953009116936764,-0.008953009116936764,0.0,0.0,0.0,0.0,False,0.0,0.0,-0.008953009116936764
2011-04-19,0.005042231072182674,0.005042231072182674,0.005042231072182674,0.0,0.0,0.0,0.0,False,0.0,0.0,0.005042231072182674
2011-04-20,0.010165717565109856,0.010165717565109856,0.010165717565109856,0.0,0.0,0.0,0.0,False,0.0,0.0,0.010165717565109856
2011-04-21,0.004011360059651236,0.004011360059651236,0.004011360059651236,0.0,0.0,0.0,0.0,False,0.0,0.0,0.004011360059651236
2011-04-25,-0.00016635505167334006,-0.00016635505167334006,-0.00016635505167334006,0.0,0.0,0.0,0.0,False,0.0,0.0,-0.00016635505167334006
2011-04-26,0.007138067680889591,0.007138067680889591,0.007138067680889591,0.0,0.0,0.0,0.0,False,0.0,0.0,0.007138067680889591
2011-04-27,0.0026962067048651485,0.0026962067048651485,0.0026962067048651485,0.0,0.0,0.0,0.0,False,0.0,0.0,0.0026962067048651485
2011-04-28,0.0030325479030402316,0.0030325479030402316,0.0030325479030402316,0.0,0.0,0.0,0.0,False,0.0,0.0,0.0030325479030402316
2011-04-29,0.0015908104445503553,0.0015908104445503553,0.0015908104445503553,0.0,0.0,0.0,0.0,False,0.0,0.0,0.0015908104445503553
2011-05-02,0.00031204997824870736,0.000308194175463773,0.00031204997824870736,-3.855802784934377e-06,0.0,0.003855802784934366,3.855802784934366e-06,True,0.003855802784934366,3.855802784934366e-06,0.000308194175463773
2011-05-03,-0.004404503350778707,-0.004404503350778707,-0.004404503350778707,0.0,0.0,0.0,0.0,False,0.0,0.0,-0.004404503350778707
2011-05-04,-0.004572707143054163,-0.004572707143054163,-0.004572707143054163,0.0,0.0,0.0,0.0,False,0.0,0.0,-0.004572707143054163
2011-05-05,-0.0047984737928831915,-0.0047984737928831915,-0.0047984737928831915,0.0,0.0,0.0,0.0,False,0.0,0.0,-0.0047984737928831915
2011-05-06,0.002781863668616383,0.002781863668616383,0.002781863668616383,0.0,0.0,0.0,0.0,False,0.0,0.0,0.002781863668616383
2011-05-09,0.003354229344822629,0.003354229344822629,0.003354229344822629,0.0,0.0,0.0,0.0,False,0.0,0.0,0.003354229344822629
2011-05-10,0.003884932956545043,0.003884932956545043,0.003884932956545043,0.0,0.0,0.0,0.0,False,0.0,0.0,0.003884932956545043
2011-05-11,-0.007969168285732273,-0.007969168285732273,-0.007969168285732273,0.0,0.0,0.0,0.0,False,0.0,0.0,-0.007969168285732273
2011-05-12,0.001484352568956813,0.001484352568956813,0.001484352568956813,0.0,0.0,0.0,0.0,False,0.0,0.0,0.001484352568956813
2011-05-13,-0.005705996641623594,-0.005705996641623594,-0.005705996641623594,0.0,0.0,0.0,0.0,False,0.0,0.0,-0.005705996641623594
2011-05-16,-0.001795407795694905,-0.001795407795694905,-0.001795407795694905,0.0,0.0,0.0,0.0,False,0.0,0.0,-0.001795407795694905
2011-05-17,0.0017662727497161535,0.0017662727497161535,0.0017662727497161535,0.0,0.0,0.0,0.0,False,0.0,0.0,0.0017662727497161535
2011-05-18,0.003562777363642012,0.003562777363642012,0.003562777363642012,0.0,0.0,0.0,0.0,False,0.0,0.0,0.003562777363642012
2011-05-19,0.0014827780065718617,0.0014827780065718617,0.0014827780065718617,0.0,0.0,0.0,0.0,False,0.0,0.0,0.0014827780065718617
2011-05-20,-0.005171587020117806,-0.005171587020117806,-0.005171587020117806,0.0,0.0,0.0,0.0,False,0.0,0.0,-0.005171587020117806
2011-05-23,-0.009259425396258694,-0.009259425396258694,-0.009259425396258694,0.0,0.0,0.0,0.0,False,0.0,0.0,-0.009259425396258694
2011-05-24,0.0018989419726229374,0.0018989419726229374,0.0018989419726229374,0.0,0.0,0.0,0.0,False,0.0,0.0,0.0018989419726229374
2011-05-25,0.0021873224100274037,0.0021873224100274037,0.0021873224100274037,0.0,0.0,0.0,0.0,False,0.0,0.0,0.0021873224100274037
2011-05-26,0.006850864409588325,0.006850864409588325,0.006850864409588325,0.0,0.0,0.0,0.0,False,0.0,0.0,0.006850864409588325
2011-05-27,0.003664394056973127,0.003664394056973127,0.003664394056973127,0.0,0.0,0.0,0.0,False,0.0,0.0,0.003664394056973127
2011-05-31,0.008799251962052066,0.008799251962052066,0.008799251962052066,0.0,0.0,0.0,0.0,False,0.0,0.0,0.008799251962052066
2011-06-01,-0.010619257905147866,-0.010628656127546997,-0.010619257905147866,-9.398222399131101e-06,0.0,0.00939822239913135,9.39822239913135e-06,True,0.00939822239913135,9.39822239913135e-06,-0.010628656127546997
2011-06-02,-0.002209926218659382,-0.002209926218659382,-0.002209926218659382,0.0,0.0,0.0,0.0,False,0.0,0.0,-0.002209926218659382
2011-06-03,-0.002678187424268135,-0.002678187424268135,-0.002678187424268135,0.0,0.0,0.0,0.0,False,0.0,0.0,-0.002678187424268135
2011-06-06,-0.008236365910487759,-0.008236365910487759,-0.008236365910487759,0.0,0.0,0.0,0.0,False,0.0,0.0,-0.008236365910487759
2011-06-07,0.0032171502762132946,0.0032171502762132946,0.0032171502762132946,0.0,0.0,0.0,0.0,False,0.0,0.0,0.0032171502762132946
2011-06-08,-0.003462198219461957,-0.003462198219461957,-0.003462198219461957,0.0,0.0,0.0,0.0,False,0.0,0.0,-0.003462198219461957
2011-06-09,0.0033503112611029287,0.0033503112611029287,0.0033503112611029287,0.0,0.0,0.0,0.0,False,0.0,0.0,0.0033503112611029287
2011-06-10,-0.009602974559693146,-0.009602974559693146,-0.009602974559693146,0.0,0.0,0.0,0.0,False,0.0,0.0,-0.009602974559693146
2011-06-13,-0.00039453307174626244,-0.00039453307174626244,-0.00039453307174626244,0.0,0.0,0.0,0.0,False,0.0,0.0,-0.00039453307174626244
2011-06-14,0.0059454837985093295,0.0059454837985093295,0.0059454837985093295,0.0,0.0,0.0,0.0,False,0.0,0.0,0.0059454837985093295
2011-06-15,-0.009162837659046214,-0.009162837659046214,-0.009162837659046214,0.0,0.0,0.0,0.0,False,0.0,0.0,-0.009162837659046214
2011-06-16,3.0406902654448928e-05,3.0406902654448928e-05,3.0406902654448928e-05,0.0,0.0,0.0,0.0,False,0.0,0.0,3.0406902654448928e-05
2011-06-17,0.0020979296920376153,0.0020979296920376153,0.0020979296920376153,0.0,0.0,0.0,0.0,False,0.0,0.0,0.0020979296920376153
2011-06-20,0.001385144358279927,0.001385144358279927,0.001385144358279927,0.0,0.0,0.0,0.0,False,0.0,0.0,0.001385144358279927
2011-06-21,0.009471035215856712,0.009471035215856712,0.009471035215856712,0.0,0.0,0.0,0.0,False,0.0,0.0,0.009471035215856712
2011-06-22,-0.0044072260633894415,-0.0044072260633894415,-0.0044072260633894415,0.0,0.0,0.0,0.0,False,0.0,0.0,-0.0044072260633894415
2011-06-23,-0.00017120444609853598,-0.00017120444609853598,-0.00017120444609853598,0.0,0.0,0.0,0.0,False,0.0,0.0,-0.00017120444609853598
2011-06-24,-0.0044875532051203895,-0.0044875532051203895,-0.0044875532051203895,0.0,0.0,0.0,0.0,False,0.0,0.0,-0.0044875532051203895
2011-06-27,0.0032840337032478033,0.0032840337032478033,0.0032840337032478033,0.0,0.0,0.0,0.0,False,0.0,0.0,0.0032840337032478033
2011-06-28,0.0042858487931425725,0.0042858487931425725,0.0042858487931425725,0.0,0.0,0.0,0.0,False,0.0,0.0,0.0042858487931425725
2011-06-29,0.004347565848599917,0.004347565848599917,0.004347565848599917,0.0,0.0,0.0,0.0,False,0.0,0.0,0.004347565848599917
2011-06-30,0.005887852876428207,0.005887852876428207,0.005887852876428207,0.0,0.0,0.0,0.0,False,0.0,0.0,0.005887852876428207
2011-07-01,0.007462897958582964,0.007460394562285054,0.007462897958582964,-2.5033962979103402e-06,0.0,0.0025033962979100627,2.503396297910063e-06,True,0.0025033962979100627,2.503396297910063e-06,0.007460394562285054
2011-07-05,0.0008261854184368176,0.0008261854184368176,0.0008261854184368176,0.0,0.0,0.0,0.0,False,0.0,0.0,0.0008261854184368176
2011-07-06,-0.00012356582011547945,-0.00012356582011547945,-0.00012356582011547945,0.0,0.0,0.0,0.0,False,0.0,0.0,-0.00012356582011547945
2011-07-07,0.0056841874765859455,0.0056841874765859455,0.0056841874765859455,0.0,0.0,0.0,0.0,False,0.0,0.0,0.0056841874765859455
2011-07-08,-0.0016869626358060198,-0.0016869626358060198,-0.0016869626358060198,0.0,0.0,0.0,0.0,False,0.0,0.0,-0.0016869626358060198
2011-07-11,-0.010999801062217873,-0.010999801062217873,-0.010999801062217873,0.0,0.0,0.0,0.0,False,0.0,0.0,-0.010999801062217873
2011-07-12,-0.002945584485052768,-0.002945584485052768,-0.002945584485052768,0.0,0.0,0.0,0.0,False,0.0,0.0,-0.002945584485052768
2011-07-13,0.006041905916301467,0.006041905916301467,0.006041905916301467,0.0,0.0,0.0,0.0,False,0.0,0.0,0.006041905916301467
2011-07-14,-0.008019123971126602,-0.008019123971126602,-0.008019123971126602,0.0,0.0,0.0,0.0,False,0.0,0.0,-0.008019123971126602
2011-07-15,0.004450069586479125,0.004450069586479125,0.004450069586479125,0.0,0.0,0.0,0.0,False,0.0,0.0,0.004450069586479125
2011-07-18,-0.007745463708428084,-0.007745463708428084,-0.007745463708428084,0.0,0.0,0.0,0.0,False,0.0,0.0,-0.007745463708428084
2011-07-19,0.012141965390597316,0.012141965390597316,0.012141965390597316,0.0,0.0,0.0,0.0,False,0.0,0.0,0.012141965390597316
2011-07-20,-0.00022293445181539872,-0.00022293445181539872,-0.00022293445181539872,0.0,0.0,0.0,0.0,False,0.0,0.0,-0.00022293445181539872
2011-07-21,0.007545279397726274,0.007545279397726274,0.007545279397726274,0.0,0.0,0.0,0.0,False,0.0,0.0,0.007545279397726274
2011-07-22,0.0021052608384846926,0.0021052608384846926,0.0021052608384846926,0.0,0.0,0.0,0.0,False,0.0,0.0,0.0021052608384846926
2011-07-25,-0.005319184444887543,-0.005319184444887543,-0.005319184444887543,0.0,0.0,0.0,0.0,False,0.0,0.0,-0.005319184444887543
2011-07-26,0.0015759848066674179,0.0015759848066674179,0.0015759848066674179,0.0,0.0,0.0,0.0,False,0.0,0.0,0.0015759848066674179
2011-07-27,-0.013738446644646296,-0.013738446644646296,-0.013738446644646296,0.0,0.0,0.0,0.0,False,0.0,0.0,-0.013738446644646296
2011-07-28,-0.00029130003266005433,-0.00029130003266005433,-0.00029130003266005433,0.0,0.0,0.0,0.0,False,0.0,0.0,-0.00029130003266005433
2011-07-29,0.0035718183748862055,0.0035718183748862055,0.0035718183748862055,0.0,0.0,0.0,0.0,False,0.0,0.0,0.0035718183748862055
2011-08-01,-0.0019017134586351903,-0.001913949883600569,-0.0019017134586351903,-1.2236424965378747e-05,0.0,0.012236424965378839,1.223642496537884e-05,True,0.012236424965378839,1.223642496537884e-05,-0.001913949883600569
2011-08-02,-0.011564134355900715,-0.011564134355900715,-0.011564134355900715,0.0,0.0,0.0,0.0,False,0.0,0.0,-0.011564134355900715
2011-08-03,0.0026473929010459372,0.0026473929010459372,0.0026473929010459372,0.0,0.0,0.0,0.0,False,0.0,0.0,0.0026473929010459372
2011-08-04,-0.026923399256446483,-0.026923399256446483,-0.026923399256446483,0.0,0.0,0.0,0.0,False,0.0,0.0,-0.026923399256446483
2011-08-05,-0.005460737852006653,-0.005460737852006653,-0.005460737852006653,0.0,0.0,0.0,0.0,False,0.0,0.0,-0.005460737852006653
2011-08-08,-0.037985266434347686,-0.037985266434347686,-0.037985266434347686,0.0,0.0,0.0,0.0,False,0.0,0.0,-0.037985266434347686
2011-08-09,0.033610405270609,0.033610405270609,0.033610405270609,0.0,0.0,0.0,0.0,False,0.0,0.0,0.033610405270609
2011-08-10,-0.022280465711794886,-0.022280465711794886,-0.022280465711794886,0.0,0.0,0.0,0.0,False,0.0,0.0,-0.022280465711794886
2011-08-11,0.01657216513076376,0.01657216513076376,0.01657216513076376,0.0,0.0,0.0,0.0,False,0.0,0.0,0.01657216513076376
2011-08-12,0.008231018737006076,0.008231018737006076,0.008231018737006076,0.0,0.0,0.0,0.0,False,0.0,0.0,0.008231018737006076
2011-08-15,0.011716318798060277,0.011716318798060277,0.011716318798060277,0.0,0.0,0.0,0.0,False,0.0,0.0,0.011716318798060277
2011-08-16,-0.003739442390718422,-0.003739442390718422,-0.003739442390718422,0.0,0.0,0.0,0.0,False,0.0,0.0,-0.003739442390718422
2011-08-17,0.004637171564010918,0.004637171564010918,0.004637171564010918,0.0,0.0,0.0,0.0,False,0.0,0.0,0.004637171564010918
2011-08-18,-0.023750770334881044,-0.023750770334881044,-0.023750770334881044,0.0,0.0,0.0,0.0,False,0.0,0.0,-0.023750770334881044
2011-08-19,-0.0083390491545431,-0.0083390491545431,-0.0083390491545431,0.0,0.0,0.0,0.0,False,0.0,0.0,-0.0083390491545431
2011-08-22,-0.00031585620435806204,-0.00031585620435806204,-0.00031585620435806204,0.0,0.0,0.0,0.0,False,0.0,0.0,-0.00031585620435806204
2011-08-23,0.01535065921094745,0.01535065921094745,0.01535065921094745,0.0,0.0,0.0,0.0,False,0.0,0.0,0.01535065921094745
2011-08-24,-0.002084113459434134,-0.002084113459434134,-0.002084113459434134,0.0,0.0,0.0,0.0,False,0.0,0.0,-0.002084113459434134
2011-08-25,-0.007866221463452207,-0.007866221463452207,-0.007866221463452207,0.0,0.0,0.0,0.0,False,0.0,0.0,-0.007866221463452207
2011-08-26,0.010319885838877054,0.010319885838877054,0.010319885838877054,0.0,0.0,0.0,0.0,False,0.0,0.0,0.010319885838877054
2011-08-29,0.014924240431710822,0.014924240431710822,0.014924240431710822,0.0,0.0,0.0,0.0,False,0.0,0.0,0.014924240431710822
2011-08-30,0.0035861133816183994,0.0035861133816183994,0.0035861133816183994,0.0,0.0,0.0,0.0,False,0.0,0.0,0.0035861133816183994
2011-08-31,0.0044256857102163575,0.0044256857102163575,0.0044256857102163575,0.0,0.0,0.0,0.0,False,0.0,0.0,0.0044256857102163575
2011-09-01,-0.003836704289468606,-0.0038635941263045546,-0.003836704289468606,-2.688983683594862e-05,0.0,0.026889836835948717,2.6889836835948715e-05,True,0.026889836835948717,2.6889836835948715e-05,-0.0038635941263045546
2011-09-02,-0.01055247718241656,-0.01055247718241656,-0.01055247718241656,0.0,0.0,0.0,0.0,False,0.0,0.0,-0.01055247718241656
2011-09-06,-0.006394313572490415,-0.006394313572490415,-0.006394313572490415,0.0,0.0,0.0,0.0,False,0.0,0.0,-0.006394313572490415
2011-09-07,0.015408423347531643,0.015408423347531643,0.015408423347531643,0.0,0.0,0.0,0.0,False,0.0,0.0,0.015408423347531643
2011-09-08,-0.007734005879632596,-0.007734005879632596,-0.007734005879632596,0.0,0.0,0.0,0.0,False,0.0,0.0,-0.007734005879632596
2011-09-09,-0.01573704781399373,-0.01573704781399373,-0.01573704781399373,0.0,0.0,0.0,0.0,False,0.0,0.0,-0.01573704781399373
2011-09-12,-2.7292538670183432e-05,-2.7292538670183432e-05,-2.7292538670183432e-05,0.0,0.0,0.0,0.0,False,0.0,0.0,-2.7292538670183432e-05
2011-09-13,0.003697017258903766,0.003697017258903766,0.003697017258903766,0.0,0.0,0.0,0.0,False,0.0,0.0,0.003697017258903766
2011-09-14,0.007349693241613366,0.007349693241613366,0.007349693241613366,0.0,0.0,0.0,0.0,False,0.0,0.0,0.007349693241613366
2011-09-15,0.007400810622516307,0.007400810622516307,0.007400810622516307,0.0,0.0,0.0,0.0,False,0.0,0.0,0.007400810622516307
2011-09-16,0.002859018525372155,0.002859018525372155,0.002859018525372155,0.0,0.0,0.0,0.0,False,0.0,0.0,0.002859018525372155
2011-09-19,-0.007162550530684742,-0.007162550530684742,-0.007162550530684742,0.0,0.0,0.0,0.0,False,0.0,0.0,-0.007162550530684742
2011-09-20,-0.0006595693148923705,-0.0006595693148923705,-0.0006595693148923705,0.0,0.0,0.0,0.0,False,0.0,0.0,-0.0006595693148923705
2011-09-21,-0.015266874337352937,-0.015266874337352937,-0.015266874337352937,0.0,0.0,0.0,0.0,False,0.0,0.0,-0.015266874337352937
2011-09-22,-0.017367411148564972,-0.017367411148564972,-0.017367411148564972,0.0,0.0,0.0,0.0,False,0.0,0.0,-0.017367411148564972
2011-09-23,0.002172985161739527,0.002172985161739527,0.002172985161739527,0.0,0.0,0.0,0.0,False,0.0,0.0,0.002172985161739527
2011-09-26,0.009894028198190699,0.009894028198190699,0.009894028198190699,0.0,0.0,0.0,0.0,False,0.0,0.0,0.009894028198190699
2011-09-27,0.007825797030960775,0.007825797030960775,0.007825797030960775,0.0,0.0,0.0,0.0,False,0.0,0.0,0.007825797030960775
2011-09-28,-0.013686471137629715,-0.013686471137629715,-0.013686471137629715,0.0,0.0,0.0,0.0,False,0.0,0.0,-0.013686471137629715
2011-09-29,0.007382958501635994,0.007382958501635994,0.007382958501635994,0.0,0.0,0.0,0.0,False,0.0,0.0,0.007382958501635994
2011-09-30,-0.014677188726937875,-0.014677188726937875,-0.014677188726937875,0.0,0.0,0.0,0.0,False,0.0,0.0,-0.014677188726937875
2011-10-03,-0.013668491157405475,-0.013701259270494905,-0.013668491157405475,-3.2768113089429174e-05,0.0,0.03276811308942956,3.276811308942956e-05,True,0.03276811308942956,3.276811308942956e-05,-0.013701259270494905
2011-10-04,0.010451137332773478,0.010451137332773478,0.010451137332773478,0.0,0.0,0.0,0.0,False,0.0,0.0,0.010451137332773478
2011-10-05,0.010253064014107246,0.010253064014107246,0.010253064014107246,0.0,0.0,0.0,0.0,False,0.0,0.0,0.010253064014107246
2011-10-06,0.011034435525719892,0.011034435525719892,0.011034435525719892,0.0,0.0,0.0,0.0,False,0.0,0.0,0.011034435525719892
2011-10-07,-0.007066475285214891,-0.007066475285214891,-0.007066475285214891,0.0,0.0,0.0,0.0,False,0.0,0.0,-0.007066475285214891
2011-10-10,0.020297831394906946,0.020297831394906946,0.020297831394906946,0.0,0.0,0.0,0.0,False,0.0,0.0,0.020297831394906946
2011-10-11,0.001306114510734323,0.001306114510734323,0.001306114510734323,0.0,0.0,0.0,0.0,False,0.0,0.0,0.001306114510734323
2011-10-12,0.007530716790654634,0.007530716790654634,0.007530716790654634,0.0,0.0,0.0,0.0,False,0.0,0.0,0.007530716790654634
2011-10-13,-0.00021934454476788229,-0.00021934454476788229,-0.00021934454476788229,0.0,0.0,0.0,0.0,False,0.0,0.0,-0.00021934454476788229
2011-10-14,0.008534033353178056,0.008534033353178056,0.008534033353178056,0.0,0.0,0.0,0.0,False,0.0,0.0,0.008534033353178056
2011-10-17,-0.012850168533603717,-0.012850168533603717,-0.012850168533603717,0.0,0.0,0.0,0.0,False,0.0,0.0,-0.012850168533603717
2011-10-18,0.012423593147163398,0.012423593147163398,0.012423593147163398,0.0,0.0,0.0,0.0,False,0.0,0.0,0.012423593147163398
2011-10-19,-0.008866966404572556,-0.008866966404572556,-0.008866966404572556,0.0,0.0,0.0,0.0,False,0.0,0.0,-0.008866966404572556
2011-10-20,-0.0005320275225277906,-0.0005320275225277906,-0.0005320275225277906,0.0,0.0,0.0,0.0,False,0.0,0.0,-0.0005320275225277906
2011-10-21,0.01335311934292251,0.01335311934292251,0.01335311934292251,0.0,0.0,0.0,0.0,False,0.0,0.0,0.01335311934292251
2011-10-24,0.012685508025596696,0.012685508025596696,0.012685508025596696,0.0,0.0,0.0,0.0,False,0.0,0.0,0.012685508025596696
2011-10-25,-0.008991030225279157,-0.008991030225279157,-0.008991030225279157,0.0,0.0,0.0,0.0,False,0.0,0.0,-0.008991030225279157
2011-10-26,0.0058511808688219485,0.0058511808688219485,0.0058511808688219485,0.0,0.0,0.0,0.0,False,0.0,0.0,0.0058511808688219485
2011-10-27,0.025015038719867398,0.025015038719867398,0.025015038719867398,0.0,0.0,0.0,0.0,False,0.0,0.0,0.025015038719867398
2011-10-28,-0.0001639243156598127,-0.0001639243156598127,-0.0001639243156598127,0.0,0.0,0.0,0.0,False,0.0,0.0,-0.0001639243156598127
2011-10-31,-0.01702219817540271,-0.01702219817540271,-0.01702219817540271,0.0,0.0,0.0,0.0,False,0.0,0.0,-0.01702219817540271
2011-11-01,-0.012435709892045604,-0.012462651830428459,-0.012435709892045604,-2.694193838285487e-05,0.0,0.02694193838285549,2.694193838285549e-05,True,0.02694193838285549,2.694193838285549e-05,-0.012462651830428459
2011-11-02,0.009710065799251082,0.009710065799251082,0.009710065799251082,0.0,0.0,0.0,0.0,False,0.0,0.0,0.009710065799251082
2011-11-03,0.009812563130446598,0.009812563130446598,0.009812563130446598,0.0,0.0,0.0,0.0,False,0.0,0.0,0.009812563130446598
2011-11-04,-0.0036541083951877515,-0.0036541083951877515,-0.0036541083951877515,0.0,0.0,0.0,0.0,False,0.0,0.0,-0.0036541083951877515
2011-11-07,0.003189061603381404,0.003189061603381404,0.003189061603381404,0.0,0.0,0.0,0.0,False,0.0,0.0,0.003189061603381404
2011-11-08,0.005090033608189517,0.005090033608189517,0.005090033608189517,0.0,0.0,0.0,0.0,False,0.0,0.0,0.005090033608189517
2011-11-09,-0.024762112700511513,-0.024762112700511513,-0.024762112700511513,0.0,0.0,0.0,0.0,False,0.0,0.0,-0.024762112700511513
2011-11-10,0.003001283283648108,0.003001283283648108,0.003001283283648108,0.0,0.0,0.0,0.0,False,0.0,0.0,0.003001283283648108
2011-11-11,0.011466108409800597,0.011466108409800597,0.011466108409800597,0.0,0.0,0.0,0.0,False,0.0,0.0,0.011466108409800597
2011-11-14,-0.005543754603830378,-0.005543754603830378,-0.005543754603830378,0.0,0.0,0.0,0.0,False,0.0,0.0,-0.005543754603830378
2011-11-15,0.001846191365399275,0.001846191365399275,0.001846191365399275,0.0,0.0,0.0,0.0,False,0.0,0.0,0.001846191365399275
2011-11-16,-0.010343939877449974,-0.010343939877449974,-0.010343939877449974,0.0,0.0,0.0,0.0,False,0.0,0.0,-0.010343939877449974
2011-11-17,-0.009889263501921059,-0.009889263501921059,-0.009889263501921059,0.0,0.0,0.0,0.0,False,0.0,0.0,-0.009889263501921059
2011-11-18,-1.6741909703250684e-06,-1.6741909703250684e-06,-1.6741909703250684e-06,0.0,0.0,0.0,0.0,False,0.0,0.0,-1.6741909703250684e-06
2011-11-21,-0.013367994848390866,-0.013367994848390866,-0.013367994848390866,0.0,0.0,0.0,0.0,False,0.0,0.0,-0.013367994848390866
2011-11-22,-0.0008149264262045393,-0.0008149264262045393,-0.0008149264262045393,0.0,0.0,0.0,0.0,False,0.0,0.0,-0.0008149264262045393
2011-11-23,-0.01458439294761586,-0.01458439294761586,-0.01458439294761586,0.0,0.0,0.0,0.0,False,0.0,0.0,-0.01458439294761586
2011-11-25,-0.00498650915002029,-0.00498650915002029,-0.00498650915002029,0.0,0.0,0.0,0.0,False,0.0,0.0,-0.00498650915002029
2011-11-28,0.021352278704332685,0.021352278704332685,0.021352278704332685,0.0,0.0,0.0,0.0,False,0.0,0.0,0.021352278704332685
2011-11-29,8.406144501977891e-05,8.406144501977891e-05,8.406144501977891e-05,0.0,0.0,0.0,0.0,False,0.0,0.0,8.406144501977891e-05
2011-11-30,0.02707000261804747,0.02707000261804747,0.02707000261804747,0.0,0.0,0.0,0.0,False,0.0,0.0,0.02707000261804747
2011-12-01,-0.0019559047320410637,-0.0019622373910448596,-0.0019559047320410637,-6.33265900379593e-06,0.0,0.0063326590037958465,6.332659003795846e-06,True,0.0063326590037958465,6.332659003795846e-06,-0.0019622373910448596
2011-12-02,0.0024778652750999442,0.0024778652750999442,0.0024778652750999442,0.0,0.0,0.0,0.0,False,0.0,0.0,0.0024778652750999442
2011-12-05,0.008347849720991212,0.008347849720991212,0.008347849720991212,0.0,0.0,0.0,0.0,False,0.0,0.0,0.008347849720991212
2011-12-06,-0.0037176745077548076,-0.0037176745077548076,-0.0037176745077548076,0.0,0.0,0.0,0.0,False,0.0,0.0,-0.0037176745077548076
2011-12-07,0.004493672466028351,0.004493672466028351,0.004493672466028351,0.0,0.0,0.0,0.0,False,0.0,0.0,0.004493672466028351
2011-12-08,-0.015512333136505036,-0.015512333136505036,-0.015512333136505036,0.0,0.0,0.0,0.0,False,0.0,0.0,-0.015512333136505036
2011-12-09,0.009138415708381501,0.009138415708381501,0.009138415708381501,0.0,0.0,0.0,0.0,False,0.0,0.0,0.009138415708381501
2011-12-12,-0.011905889940194935,-0.011905889940194935,-0.011905889940194935,0.0,0.0,0.0,0.0,False,0.0,0.0,-0.011905889940194935
2011-12-13,-0.00479022342979174,-0.00479022342979174,-0.00479022342979174,0.0,0.0,0.0,0.0,False,0.0,0.0,-0.00479022342979174
2011-12-14,-0.004803959708622588,-0.004803959708622588,-0.004803959708622588,0.0,0.0,0.0,0.0,False,0.0,0.0,-0.004803959708622588
2011-12-15,0.0027362012235108875,0.0027362012235108875,0.0027362012235108875,0.0,0.0,0.0,0.0,False,0.0,0.0,0.0027362012235108875
2011-12-16,0.0034225927089467476,0.0034225927089467476,0.0034225927089467476,0.0,0.0,0.0,0.0,False,0.0,0.0,0.0034225927089467476
2011-12-19,-0.0059050204320808975,-0.0059050204320808975,-0.0059050204320808975,0.0,0.0,0.0,0.0,False,0.0,0.0,-0.0059050204320808975
2011-12-20,0.01652305634289365,0.01652305634289365,0.01652305634289365,0.0,0.0,0.0,0.0,False,0.0,0.0,0.01652305634289365
2011-12-21,-0.001710590444643463,-0.001710590444643463,-0.001710590444643463,0.0,0.0,0.0,0.0,False,0.0,0.0,-0.001710590444643463
2011-12-22,0.006832978061587169,0.006832978061587169,0.006832978061587169,0.0,0.0,0.0,0.0,False,0.0,0.0,0.006832978061587169
2011-12-23,0.0024035620985125845,0.0024035620985125845,0.0024035620985125845,0.0,0.0,0.0,0.0,False,0.0,0.0,0.0024035620985125845
2011-12-27,-0.00025558749699585603,-0.00025558749699585603,-0.00025558749699585603,0.0,0.0,0.0,0.0,False,0.0,0.0,-0.00025558749699585603
2011-12-28,-0.006656454172802726,-0.006656454172802726,-0.006656454172802726,0.0,0.0,0.0,0.0,False,0.0,0.0,-0.006656454172802726
2011-12-29,0.007615313580277028,0.007615313580277028,0.007615313580277028,0.0,0.0,0.0,0.0,False,0.0,0.0,0.007615313580277028
2011-12-30,0.0005493300200002436,0.0005493300200002436,0.0005493300200002436,0.0,0.0,0.0,0.0,False,0.0,0.0,0.0005493300200002436
2012-01-03,0.010615532859231941,0.010606287452200592,0.010615532859231941,-9.245407031349337e-06,0.0,0.009245407031349882,9.24540703134988e-06,True,0.009245407031349882,9.24540703134988e-06,0.010606287452200592
2012-01-04,-0.002355469443620351,-0.002355469443620351,-0.002355469443620351,0.0,0.0,0.0,0.0,False,0.0,0.0,-0.002355469443620351
2012-01-05,-0.0022976529472545698,-0.0022976529472545698,-0.0022976529472545698,0.0,0.0,0.0,0.0,False,0.0,0.0,-0.0022976529472545698
2012-01-06,-0.0025132152518639126,-0.0025132152518639126,-0.0025132152518639126,0.0,0.0,0.0,0.0,False,0.0,0.0,-0.0025132152518639126
2012-01-09,0.0023474566552333332,0.0023474566552333332,0.0023474566552333332,0.0,0.0,0.0,0.0,False,0.0,0.0,0.0023474566552333332
2012-01-10,0.00778125778793205,0.00778125778793205,0.00778125778793205,0.0,0.0,0.0,0.0,False,0.0,0.0,0.00778125778793205
2012-01-11,0.0017064313793152004,0.0017064313793152004,0.0017064313793152004,0.0,0.0,0.0,0.0,False,0.0,0.0,0.0017064313793152004
2012-01-12,0.0017834216680045474,0.0017834216680045474,0.0017834216680045474,0.0,0.0,0.0,0.0,False,0.0,0.0,0.0017834216680045474
2012-01-13,-0.002499459633733942,-0.002499459633733942,-0.002499459633733942,0.0,0.0,0.0,0.0,False,0.0,0.0,-0.002499459633733942
2012-01-17,0.0057369291437692985,0.0057369291437692985,0.0057369291437692985,0.0,0.0,0.0,0.0,False,0.0,0.0,0.0057369291437692985
2012-01-18,0.007851406569516958,0.007851406569516958,0.007851406569516958,0.0,0.0,0.0,0.0,False,0.0,0.0,0.007851406569516958
2012-01-19,0.0028377838936531176,0.0028377838936531176,0.0028377838936531176,0.0,0.0,0.0,0.0,False,0.0,0.0,0.0028377838936531176
2012-01-20,0.00031688219758863913,0.00031688219758863913,0.00031688219758863913,0.0,0.0,0.0,0.0,False,0.0,0.0,0.00031688219758863913
2012-01-23,-0.0001798687113140629,-0.0001798687113140629,-0.0001798687113140629,0.0,0.0,0.0,0.0,False,0.0,0.0,-0.0001798687113140629
2012-01-24,7.847783802831089e-05,7.847783802831089e-05,7.847783802831089e-05,0.0,0.0,0.0,0.0,False,0.0,0.0,7.847783802831089e-05
2012-01-25,0.007080467136103684,0.007080467136103684,0.007080467136103684,0.0,0.0,0.0,0.0,False,0.0,0.0,0.007080467136103684
2012-01-26,0.0007784870886672046,0.0007784870886672046,0.0007784870886672046,0.0,0.0,0.0,0.0,False,0.0,0.0,0.0007784870886672046
2012-01-27,0.001979444352786976,0.001979444352786976,0.001979444352786976,0.0,0.0,0.0,0.0,False,0.0,0.0,0.001979444352786976
2012-01-30,-0.0037666766540959402,-0.0037666766540959402,-0.0037666766540959402,0.0,0.0,0.0,0.0,False,0.0,0.0,-0.0037666766540959402
2012-01-31,0.0032453573948535274,0.0032453573948535274,0.0032453573948535274,0.0,0.0,0.0,0.0,False,0.0,0.0,0.0032453573948535274
2012-02-01,0.007600154184699731,0.007588929721084743,0.007600154184699731,-1.1224463614988196e-05,0.0,0.01122446361498804,1.1224463614988039e-05,True,0.01122446361498804,1.1224463614988039e-05,0.007588929721084743
2012-02-02,0.001930185081858573,0.001930185081858573,0.001930185081858573,0.0,0.0,0.0,0.0,False,0.0,0.0,0.001930185081858573
2012-02-03,0.006541726080929788,0.006541726080929788,0.006541726080929788,0.0,0.0,0.0,0.0,False,0.0,0.0,0.006541726080929788
2012-02-06,-0.0005785286398423802,-0.0005785286398423802,-0.0005785286398423802,0.0,0.0,0.0,0.0,False,0.0,0.0,-0.0005785286398423802
2012-02-07,-0.0002580037412968859,-0.0002580037412968859,-0.0002580037412968859,0.0,0.0,0.0,0.0,False,0.0,0.0,-0.0002580037412968859
2012-02-08,0.0025584584517778348,0.0025584584517778348,0.0025584584517778348,0.0,0.0,0.0,0.0,False,0.0,0.0,0.0025584584517778348
2012-02-09,-0.0007933440086770404,-0.0007933440086770404,-0.0007933440086770404,0.0,0.0,0.0,0.0,False,0.0,0.0,-0.0007933440086770404
2012-02-10,-0.006564367957611455,-0.006564367957611455,-0.006564367957611455,0.0,0.0,0.0,0.0,False,0.0,0.0,-0.006564367957611455
2012-02-13,0.006744594320174795,0.006744594320174795,0.006744594320174795,0.0,0.0,0.0,0.0,False,0.0,0.0,0.006744594320174795
2012-02-14,-0.0018092181041403223,-0.0018092181041403223,-0.0018092181041403223,0.0,0.0,0.0,0.0,False,0.0,0.0,-0.0018092181041403223
2012-02-15,-0.001532091241897177,-0.001532091241897177,-0.001532091241897177,0.0,0.0,0.0,0.0,False,0.0,0.0,-0.001532091241897177
2012-02-16,0.005981923887578814,0.005981923887578814,0.005981923887578814,0.0,0.0,0.0,0.0,False,0.0,0.0,0.005981923887578814
2012-02-17,0.001219944535222162,0.001219944535222162,0.001219944535222162,0.0,0.0,0.0,0.0,False,0.0,0.0,0.001219944535222162
2012-02-21,-0.0020684716757396666,-0.0020684716757396666,-0.0020684716757396666,0.0,0.0,0.0,0.0,False,0.0,0.0,-0.0020684716757396666
2012-02-22,0.0006069964365171443,0.0006069964365171443,0.0006069964365171443,0.0,0.0,0.0,0.0,False,0.0,0.0,0.0006069964365171443
2012-02-23,0.00366476707133055,0.00366476707133055,0.00366476707133055,0.0,0.0,0.0,0.0,False,0.0,0.0,0.00366476707133055
2012-02-24,0.003088554217031695,0.003088554217031695,0.003088554217031695,0.0,0.0,0.0,0.0,False,0.0,0.0,0.003088554217031695
2012-02-27,0.00022720105919623028,0.00022720105919623028,0.00022720105919623028,0.0,0.0,0.0,0.0,False,0.0,0.0,0.00022720105919623028
2012-02-28,0.003994801784234453,0.003994801784234453,0.003994801784234453,0.0,0.0,0.0,0.0,False,0.0,0.0,0.003994801784234453
2012-02-29,-0.004947908836538648,-0.004947908836538648,-0.004947908836538648,0.0,0.0,0.0,0.0,False,0.0,0.0,-0.004947908836538648
2012-03-01,0.0029893702063194744,0.0029782908732228237,0.0029893702063194744,-1.1079333096650733e-05,0.0,0.011079333096650754,1.1079333096650753e-05,True,0.011079333096650754,1.1079333096650753e-05,0.0029782908732228237
2012-03-02,-0.001996936943310274,-0.001996936943310274,-0.001996936943310274,0.0,0.0,0.0,0.0,False,0.0,0.0,-0.001996936943310274
2012-03-05,-0.00476449751464369,-0.00476449751464369,-0.00476449751464369,0.0,0.0,0.0,0.0,False,0.0,0.0,-0.00476449751464369
2012-03-06,-0.012293242203372039,-0.012293242203372039,-0.012293242203372039,0.0,0.0,0.0,0.0,False,0.0,0.0,-0.012293242203372039
2012-03-07,0.004773160210994309,0.004773160210994309,0.004773160210994309,0.0,0.0,0.0,0.0,False,0.0,0.0,0.004773160210994309
2012-03-08,0.007800807160139799,0.007800807160139799,0.007800807160139799,0.0,0.0,0.0,0.0,False,0.0,0.0,0.007800807160139799
2012-03-09,0.0011670446608431034,0.0011670446608431034,0.0011670446608431034,0.0,0.0,0.0,0.0,False,0.0,0.0,0.0011670446608431034
2012-03-12,-0.0019079751413175637,-0.0019079751413175637,-0.0019079751413175637,0.0,0.0,0.0,0.0,False,0.0,0.0,-0.0019079751413175637
2012-03-13,0.008835267442402542,0.008835267442402542,0.008835267442402542,0.0,0.0,0.0,0.0,False,0.0,0.0,0.008835267442402542
2012-03-14,-0.008889411989765325,-0.008889411989765325,-0.008889411989765325,0.0,0.0,0.0,0.0,False,0.0,0.0,-0.008889411989765325
2012-03-15,0.004129877874906984,0.004129877874906984,0.004129877874906984,0.0,0.0,0.0,0.0,False,0.0,0.0,0.004129877874906984
2012-03-16,0.0015680937848826983,0.0015680937848826983,0.0015680937848826983,0.0,0.0,0.0,0.0,False,0.0,0.0,0.0015680937848826983
2012-03-19,8.091765976570757e-05,8.091765976570757e-05,8.091765976570757e-05,0.0,0.0,0.0,0.0,False,0.0,0.0,8.091765976570757e-05
2012-03-20,-0.004690491407935297,-0.004690491407935297,-0.004690491407935297,0.0,0.0,0.0,0.0,False,0.0,0.0,-0.004690491407935297
2012-03-21,0.0008665796507719347,0.0008665796507719347,0.0008665796507719347,0.0,0.0,0.0,0.0,False,0.0,0.0,0.0008665796507719347
2012-03-22,-0.005100727693905271,-0.005100727693905271,-0.005100727693905271,0.0,0.0,0.0,0.0,False,0.0,0.0,-0.005100727693905271
2012-03-23,0.004576463415274831,0.004576463415274831,0.004576463415274831,0.0,0.0,0.0,0.0,False,0.0,0.0,0.004576463415274831
2012-03-26,0.008858366601556207,0.008858366601556207,0.008858366601556207,0.0,0.0,0.0,0.0,False,0.0,0.0,0.008858366601556207
2012-03-27,-0.00024062551547489688,-0.00024062551547489688,-0.00024062551547489688,0.0,0.0,0.0,0.0,False,0.0,0.0,-0.00024062551547489688
2012-03-28,-0.005196256957849812,-0.005196256957849812,-0.005196256957849812,0.0,0.0,0.0,0.0,False,0.0,0.0,-0.005196256957849812
2012-03-29,-0.0002731170500729183,-0.0002731170500729183,-0.0002731170500729183,0.0,0.0,0.0,0.0,False,0.0,0.0,-0.0002731170500729183
2012-03-30,0.0009987760497843598,0.0009987760497843598,0.0009987760497843598,0.0,0.0,0.0,0.0,False,0.0,0.0,0.0009987760497843598
2012-04-02,0.007075496275955628,0.0070644730360441095,0.007075496275955628,-1.1023239911518365e-05,0.0,0.01102323991151868,1.1023239911518682e-05,True,0.01102323991151868,1.1023239911518682e-05,0.0070644730360441095
2012-04-03,-0.008523538428092283,-0.008523538428092283,-0.008523538428092283,0.0,0.0,0.0,0.0,False,0.0,0.0,-0.008523538428092283
2012-04-04,-0.00697212402465527,-0.00697212402465527,-0.00697212402465527,0.0,0.0,0.0,0.0,False,0.0,0.0,-0.00697212402465527
2012-04-05,0.0008030047947875532,0.0008030047947875532,0.0008030047947875532,0.0,0.0,0.0,0.0,False,0.0,0.0,0.0008030047947875532
2012-04-09,-0.0020532479870569477,-0.0020532479870569477,-0.0020532479870569477,0.0,0.0,0.0,0.0,False,0.0,0.0,-0.0020532479870569477
2012-04-10,-0.009731061247950805,-0.009731061247950805,-0.009731061247950805,0.0,0.0,0.0,0.0,False,0.0,0.0,-0.009731061247950805
2012-04-11,0.004539929186861656,0.004539929186861656,0.004539929186861656,0.0,0.0,0.0,0.0,False,0.0,0.0,0.004539929186861656
2012-04-12,0.009196889636519694,0.009196889636519694,0.009196889636519694,0.0,0.0,0.0,0.0,False,0.0,0.0,0.009196889636519694
2012-04-13,-0.005720319000002301,-0.005720319000002301,-0.005720319000002301,0.0,0.0,0.0,0.0,False,0.0,0.0,-0.005720319000002301
2012-04-16,0.00030555260293844034,0.00030555260293844034,0.00030555260293844034,0.0,0.0,0.0,0.0,False,0.0,0.0,0.00030555260293844034
2012-04-17,0.008478008811188624,0.008478008811188624,0.008478008811188624,0.0,0.0,0.0,0.0,False,0.0,0.0,0.008478008811188624
2012-04-18,-0.002073056721932351,-0.002073056721932351,-0.002073056721932351,0.0,0.0,0.0,0.0,False,0.0,0.0,-0.002073056721932351
2012-04-19,-0.003119949467584086,-0.003119949467584086,-0.003119949467584086,0.0,0.0,0.0,0.0,False,0.0,0.0,-0.003119949467584086
2012-04-20,0.002848593965503801,0.002848593965503801,0.002848593965503801,0.0,0.0,0.0,0.0,False,0.0,0.0,0.002848593965503801
2012-04-23,-0.007175374034634717,-0.007175374034634717,-0.007175374034634717,0.0,0.0,0.0,0.0,False,0.0,0.0,-0.007175374034634717
2012-04-24,0.0016801532623454498,0.0016801532623454498,0.0016801532623454498,0.0,0.0,0.0,0.0,False,0.0,0.0,0.0016801532623454498
2012-04-25,0.007425691765333873,0.007425691765333873,0.007425691765333873,0.0,0.0,0.0,0.0,False,0.0,0.0,0.007425691765333873
2012-04-26,0.005285857698295428,0.005285857698295428,0.005285857698295428,0.0,0.0,0.0,0.0,False,0.0,0.0,0.005285857698295428
2012-04-27,0.002092679087476492,0.002092679087476492,0.002092679087476492,0.0,0.0,0.0,0.0,False,0.0,0.0,0.002092679087476492
2012-04-30,-0.0026063988093878087,-0.0026063988093878087,-0.0026063988093878087,0.0,0.0,0.0,0.0,False,0.0,0.0,-0.0026063988093878087
2012-05-01,0.0022833216316882287,0.0022748477131641033,0.0022833216316882287,-8.47391852412541e-06,0.0,0.008473918524125351,8.473918524125351e-06,True,0.008473918524125351,8.473918524125351e-06,0.0022748477131641033
2012-05-02,-0.0009048832521327778,-0.0009048832521327778,-0.0009048832521327778,0.0,0.0,0.0,0.0,False,0.0,0.0,-0.0009048832521327778
2012-05-03,-0.005004971624436865,-0.005004971624436865,-0.005004971624436865,0.0,0.0,0.0,0.0,False,0.0,0.0,-0.005004971624436865
2012-05-04,-0.008451500505520536,-0.008451500505520536,-0.008451500505520536,0.0,0.0,0.0,0.0,False,0.0,0.0,-0.008451500505520536
2012-05-07,0.0019932883915249645,0.0019932883915249645,0.0019932883915249645,0.0,0.0,0.0,0.0,False,0.0,0.0,0.0019932883915249645
2012-05-08,-0.003975380981079583,-0.003975380981079583,-0.003975380981079583,0.0,0.0,0.0,0.0,False,0.0,0.0,-0.003975380981079583
2012-05-09,-0.005068152436657468,-0.005068152436657468,-0.005068152436657468,0.0,0.0,0.0,0.0,False,0.0,0.0,-0.005068152436657468
2012-05-10,0.001134781298472795,0.001134781298472795,0.001134781298472795,0.0,0.0,0.0,0.0,False,0.0,0.0,0.001134781298472795
2012-05-11,-0.0016217294194171734,-0.0016217294194171734,-0.0016217294194171734,0.0,0.0,0.0,0.0,False,0.0,0.0,-0.0016217294194171734
2012-05-14,-0.007250047297056162,-0.007250047297056162,-0.007250047297056162,0.0,0.0,0.0,0.0,False,0.0,0.0,-0.007250047297056162
2012-05-15,-0.004344452353051555,-0.004344452353051555,-0.004344452353051555,0.0,0.0,0.0,0.0,False,0.0,0.0,-0.004344452353051555
2012-05-16,-0.0038474813846065044,-0.0038474813846065044,-0.0038474813846065044,0.0,0.0,0.0,0.0,False,0.0,0.0,-0.0038474813846065044
2012-05-17,-0.007922368430735145,-0.007922368430735145,-0.007922368430735145,0.0,0.0,0.0,0.0,False,0.0,0.0,-0.007922368430735145
2012-05-18,-0.005605284176460182,-0.005605284176460182,-0.005605284176460182,0.0,0.0,0.0,0.0,False,0.0,0.0,-0.005605284176460182
2012-05-21,0.01097765655496233,0.01097765655496233,0.01097765655496233,0.0,0.0,0.0,0.0,False,0.0,0.0,0.01097765655496233
2012-05-22,-0.0027673088774977806,-0.0027673088774977806,-0.0027673088774977806,0.0,0.0,0.0,0.0,False,0.0,0.0,-0.0027673088774977806
2012-05-23,-2.662395271365518e-05,-2.662395271365518e-05,-2.662395271365518e-05,0.0,0.0,0.0,0.0,False,0.0,0.0,-2.662395271365518e-05
2012-05-24,-0.0013519895492553043,-0.0013519895492553043,-0.0013519895492553043,0.0,0.0,0.0,0.0,False,0.0,0.0,-0.0013519895492553043
2012-05-25,-0.000724895129273308,-0.000724895129273308,-0.000724895129273308,0.0,0.0,0.0,0.0,False,0.0,0.0,-0.000724895129273308
2012-05-29,0.008546315638497837,0.008546315638497837,0.008546315638497837,0.0,0.0,0.0,0.0,False,0.0,0.0,0.008546315638497837
2012-05-30,-0.006677040044030802,-0.006677040044030802,-0.006677040044030802,0.0,0.0,0.0,0.0,False,0.0,0.0,-0.006677040044030802
2012-05-31,0.002847320061317469,0.002847320061317469,0.002847320061317469,0.0,0.0,0.0,0.0,False,0.0,0.0,0.002847320061317469
2012-06-01,-0.011710605579772698,-0.011737950513688951,-0.011710605579772698,-2.7344933916253686e-05,0.0,0.027344933916253603,2.73449339162536e-05,True,0.027344933916253603,2.73449339162536e-05,-0.011737950513688951
2012-06-04,-0.0013270229546700457,-0.0013270229546700457,-0.0013270229546700457,0.0,0.0,0.0,0.0,False,0.0,0.0,-0.0013270229546700457
2012-06-05,0.0025382031484238858,0.0025382031484238858,0.0025382031484238858,0.0,0.0,0.0,0.0,False,0.0,0.0,0.0025382031484238858
2012-06-06,0.012216306461696184,0.012216306461696184,0.012216306461696184,0.0,0.0,0.0,0.0,False,0.0,0.0,0.012216306461696184
2012-06-07,0.0015446676397473246,0.0015446676397473246,0.0015446676397473246,0.0,0.0,0.0,0.0,False,0.0,0.0,0.0015446676397473246
2012-06-08,0.002376700733198424,0.002376700733198424,0.002376700733198424,0.0,0.0,0.0,0.0,False,0.0,0.0,0.002376700733198424
2012-06-11,-0.007135761442824653,-0.007135761442824653,-0.007135761442824653,0.0,0.0,0.0,0.0,False,0.0,0.0,-0.007135761442824653
2012-06-12,0.006703126901649419,0.006703126901649419,0.006703126901649419,0.0,0.0,0.0,0.0,False,0.0,0.0,0.006703126901649419
2012-06-13,-0.0020285324700759265,-0.0020285324700759265,-0.0020285324700759265,0.0,0.0,0.0,0.0,False,0.0,0.0,-0.0020285324700759265
2012-06-14,0.004813981831767149,0.004813981831767149,0.004813981831767149,0.0,0.0,0.0,0.0,False,0.0,0.0,0.004813981831767149
2012-06-15,0.009549538531974999,0.009549538531974999,0.009549538531974999,0.0,0.0,0.0,0.0,False,0.0,0.0,0.009549538531974999
2012-06-18,0.0005653020545713715,0.0005653020545713715,0.0005653020545713715,0.0,0.0,0.0,0.0,False,0.0,0.0,0.0005653020545713715
2012-06-19,0.006515270749824955,0.006515270749824955,0.006515270749824955,0.0,0.0,0.0,0.0,False,0.0,0.0,0.006515270749824955
2012-06-20,-0.00011315128871683321,-0.00011315128871683321,-0.00011315128871683321,0.0,0.0,0.0,0.0,False,0.0,0.0,-0.00011315128871683321
2012-06-21,-0.014934963526752196,-0.014934963526752196,-0.014934963526752196,0.0,0.0,0.0,0.0,False,0.0,0.0,-0.014934963526752196
2012-06-22,0.002877654025194753,0.002877654025194753,0.002877654025194753,0.0,0.0,0.0,0.0,False,0.0,0.0,0.002877654025194753
2012-06-25,-0.008757837320335624,-0.008757837320335624,-0.008757837320335624,0.0,0.0,0.0,0.0,False,0.0,0.0,-0.008757837320335624
2012-06-26,0.003070203226446055,0.003070203226446055,0.003070203226446055,0.0,0.0,0.0,0.0,False,0.0,0.0,0.003070203226446055
2012-06-27,0.006160921761887544,0.006160921761887544,0.006160921761887544,0.0,0.0,0.0,0.0,False,0.0,0.0,0.006160921761887544
2012-06-28,-0.00011848789967355041,-0.00011848789967355041,-0.00011848789967355041,0.0,0.0,0.0,0.0,False,0.0,0.0,-0.00011848789967355041
2012-06-29,0.017301368113661543,0.017301368113661543,0.017301368113661543,0.0,0.0,0.0,0.0,False,0.0,0.0,0.017301368113661543
2012-07-02,0.004712824221143963,0.004700846170794906,0.004712824221143963,-1.197805034905755e-05,0.0,0.011978050349057377,1.1978050349057378e-05,True,0.011978050349057377,1.1978050349057378e-05,0.004700846170794906
2012-07-03,0.005232043605736999,0.005232043605736999,0.005232043605736999,0.0,0.0,0.0,0.0,False,0.0,0.0,0.005232043605736999
2012-07-05,-0.0038022117739178315,-0.0038022117739178315,-0.0038022117739178315,0.0,0.0,0.0,0.0,False,0.0,0.0,-0.0038022117739178315
2012-07-06,-0.00509985652472031,-0.00509985652472031,-0.00509985652472031,0.0,0.0,0.0,0.0,False,0.0,0.0,-0.00509985652472031
2012-07-09,-0.00015025424524673958,-0.00015025424524673958,-0.00015025424524673958,0.0,0.0,0.0,0.0,False,0.0,0.0,-0.00015025424524673958
2012-07-10,-0.0050872301016256045,-0.0050872301016256045,-0.0050872301016256045,0.0,0.0,0.0,0.0,False,0.0,0.0,-0.0050872301016256045
2012-07-11,0.0009743916613532135,0.0009743916613532135,0.0009743916613532135,0.0,0.0,0.0,0.0,False,0.0,0.0,0.0009743916613532135
2012-07-12,-0.0031233388722907663,-0.0031233388722907663,-0.0031233388722907663,0.0,0.0,0.0,0.0,False,0.0,0.0,-0.0031233388722907663
2012-07-13,0.009298313439344896,0.009298313439344896,0.009298313439344896,0.0,0.0,0.0,0.0,False,0.0,0.0,0.009298313439344896
2012-07-16,-5.848686882706285e-05,-5.848686882706285e-05,-5.848686882706285e-05,0.0,0.0,0.0,0.0,False,0.0,0.0,-5.848686882706285e-05
2012-07-17,0.003013323653999942,0.003013323653999942,0.003013323653999942,0.0,0.0,0.0,0.0,False,0.0,0.0,0.003013323653999942
2012-07-18,0.00450022880389178,0.00450022880389178,0.00450022880389178,0.0,0.0,0.0,0.0,False,0.0,0.0,0.00450022880389178
2012-07-19,0.0027364830406911805,0.0027364830406911805,0.0027364830406911805,0.0,0.0,0.0,0.0,False,0.0,0.0,0.0027364830406911805
2012-07-20,-0.00681259042726316,-0.00681259042726316,-0.00681259042726316,0.0,0.0,0.0,0.0,False,0.0,0.0,-0.00681259042726316
2012-07-23,-0.009262599674427937,-0.009262599674427937,-0.009262599674427937,0.0,0.0,0.0,0.0,False,0.0,0.0,-0.009262599674427937
2012-07-24,-0.0041361955500067975,-0.0041361955500067975,-0.0041361955500067975,0.0,0.0,0.0,0.0,False,0.0,0.0,-0.0041361955500067975
2012-07-25,0.0019397607282866383,0.0019397607282866383,0.0019397607282866383,0.0,0.0,0.0,0.0,False,0.0,0.0,0.0019397607282866383
2012-07-26,0.011028473084277051,0.011028473084277051,0.011028473084277051,0.0,0.0,0.0,0.0,False,0.0,0.0,0.011028473084277051
2012-07-27,0.009334291474168265,0.009334291474168265,0.009334291474168265,0.0,0.0,0.0,0.0,False,0.0,0.0,0.009334291474168265
2012-07-30,0.00048545506915665814,0.00048545506915665814,0.00048545506915665814,0.0,0.0,0.0,0.0,False,0.0,0.0,0.00048545506915665814
2012-07-31,-0.0026766657253715805,-0.0026766657253715805,-0.0026766657253715805,0.0,0.0,0.0,0.0,False,0.0,0.0,-0.0026766657253715805
2012-08-01,-0.0020227321187618053,-0.0020274793709090686,-0.0020227321187618053,-4.747252147263396e-06,0.0,0.0047472521472635525,4.747252147263552e-06,True,0.0047472521472635525,4.747252147263552e-06,-0.0020274793709090686
2012-08-02,-0.004675505194481946,-0.004675505194481946,-0.004675505194481946,0.0,0.0,0.0,0.0,False,0.0,0.0,-0.004675505194481946
2012-08-03,0.013054042248831138,0.013054042248831138,0.013054042248831138,0.0,0.0,0.0,0.0,False,0.0,0.0,0.013054042248831138
2012-08-06,0.0030237659669938,0.0030237659669938,0.0030237659669938,0.0,0.0,0.0,0.0,False,0.0,0.0,0.0030237659669938
2012-08-07,0.001085546160542087,0.001085546160542087,0.001085546160542087,0.0,0.0,0.0,0.0,False,0.0,0.0,0.001085546160542087
2012-08-08,-0.0005416283907459713,-0.0005416283907459713,-0.0005416283907459713,0.0,0.0,0.0,0.0,False,0.0,0.0,-0.0005416283907459713
2012-08-09,0.0007404067617001359,0.0007404067617001359,0.0007404067617001359,0.0,0.0,0.0,0.0,False,0.0,0.0,0.0007404067617001359
2012-08-10,0.0022871929228567463,0.0022871929228567463,0.0022871929228567463,0.0,0.0,0.0,0.0,False,0.0,0.0,0.0022871929228567463
2012-08-13,-0.002394315465371128,-0.002394315465371128,-0.002394315465371128,0.0,0.0,0.0,0.0,False,0.0,0.0,-0.002394315465371128
2012-08-14,-0.0020201103857583145,-0.0020201103857583145,-0.0020201103857583145,0.0,0.0,0.0,0.0,False,0.0,0.0,-0.0020201103857583145
2012-08-15,-0.002146693299131202,-0.002146693299131202,-0.002146693299131202,0.0,0.0,0.0,0.0,False,0.0,0.0,-0.002146693299131202
2012-08-16,0.004327422859557323,0.004327422859557323,0.004327422859557323,0.0,0.0,0.0,0.0,False,0.0,0.0,0.004327422859557323
2012-08-17,0.0011293583302839725,0.0011293583302839725,0.0011293583302839725,0.0,0.0,0.0,0.0,False,0.0,0.0,0.0011293583302839725
2012-08-20,0.00028818426274700756,0.00028818426274700756,0.00028818426274700756,0.0,0.0,0.0,0.0,False,0.0,0.0,0.00028818426274700756
2012-08-21,0.000394934577842292,0.000394934577842292,0.000394934577842292,0.0,0.0,0.0,0.0,False,0.0,0.0,0.000394934577842292
2012-08-22,0.0028625161401473,0.0028625161401473,0.0028625161401473,0.0,0.0,0.0,0.0,False,0.0,0.0,0.0028625161401473
2012-08-23,-0.004014038450684106,-0.004014038450684106,-0.004014038450684106,0.0,0.0,0.0,0.0,False,0.0,0.0,-0.004014038450684106
2012-08-24,0.0017807858798944308,0.0017807858798944308,0.0017807858798944308,0.0,0.0,0.0,0.0,False,0.0,0.0,0.0017807858798944308
2012-08-27,0.00023884664792182635,0.00023884664792182635,0.00023884664792182635,0.0,0.0,0.0,0.0,False,0.0,0.0,0.00023884664792182635
2012-08-28,-2.3061956026681108e-05,-2.3061956026681108e-05,-2.3061956026681108e-05,0.0,0.0,0.0,0.0,False,0.0,0.0,-2.3061956026681108e-05
2012-08-29,-0.0012014442360106215,-0.0012014442360106215,-0.0012014442360106215,0.0,0.0,0.0,0.0,False,0.0,0.0,-0.0012014442360106215
2012-08-30,-0.005491046754438418,-0.005491046754438418,-0.005491046754438418,0.0,0.0,0.0,0.0,False,0.0,0.0,-0.005491046754438418
2012-08-31,0.006921322943574455,0.006921322943574455,0.006921322943574455,0.0,0.0,0.0,0.0,False,0.0,0.0,0.006921322943574455
2012-09-04,-0.001844622999131057,-0.0018518499997153717,-0.001844622999131057,-7.227000584314773e-06,0.0,0.007227000584314799,7.2270005843148e-06,True,0.007227000584314799,7.2270005843148e-06,-0.0018518499997153717
2012-09-05,-0.001408092263055482,-0.001408092263055482,-0.001408092263055482,0.0,0.0,0.0,0.0,False,0.0,0.0,-0.001408092263055482
2012-09-06,0.010075151133250724,0.010075151133250724,0.010075151133250724,0.0,0.0,0.0,0.0,False,0.0,0.0,0.010075151133250724
2012-09-07,0.006507955494264072,0.006507955494264072,0.006507955494264072,0.0,0.0,0.0,0.0,False,0.0,0.0,0.006507955494264072
2012-09-10,-0.0042678864119337166,-0.0042678864119337166,-0.0042678864119337166,0.0,0.0,0.0,0.0,False,0.0,0.0,-0.0042678864119337166
2012-09-11,0.0033483651009827637,0.0033483651009827637,0.0033483651009827637,0.0,0.0,0.0,0.0,False,0.0,0.0,0.0033483651009827637
2012-09-12,0.0008727696620375773,0.0008727696620375773,0.0008727696620375773,0.0,0.0,0.0,0.0,False,0.0,0.0,0.0008727696620375773
2012-09-13,0.011568812126811956,0.011568812126811956,0.011568812126811956,0.0,0.0,0.0,0.0,False,0.0,0.0,0.011568812126811956
2012-09-14,0.0006553664756379417,0.0006553664756379417,0.0006553664756379417,0.0,0.0,0.0,0.0,False,0.0,0.0,0.0006553664756379417
2012-09-17,-0.0018049177060045992,-0.0018049177060045992,-0.0018049177060045992,0.0,0.0,0.0,0.0,False,0.0,0.0,-0.0018049177060045992
2012-09-18,0.00014350016564616914,0.00014350016564616914,0.00014350016564616914,0.0,0.0,0.0,0.0,False,0.0,0.0,0.00014350016564616914
2012-09-19,0.001723370546842131,0.001723370546842131,0.001723370546842131,0.0,0.0,0.0,0.0,False,0.0,0.0,0.001723370546842131
2012-09-20,-0.001719046755148213,-0.001719046755148213,-0.001719046755148213,0.0,0.0,0.0,0.0,False,0.0,0.0,-0.001719046755148213
2012-09-21,0.0011269627794028084,0.0011269627794028084,0.0011269627794028084,0.0,0.0,0.0,0.0,False,0.0,0.0,0.0011269627794028084
2012-09-24,-0.00025204791381175135,-0.00025204791381175135,-0.00025204791381175135,0.0,0.0,0.0,0.0,False,0.0,0.0,-0.00025204791381175135
2012-09-25,-0.005113868703258074,-0.005113868703258074,-0.005113868703258074,0.0,0.0,0.0,0.0,False,0.0,0.0,-0.005113868703258074
2012-09-26,-0.0022948124916822785,-0.0022948124916822785,-0.0022948124916822785,0.0,0.0,0.0,0.0,False,0.0,0.0,-0.0022948124916822785
2012-09-27,0.006006155142179593,0.006006155142179593,0.006006155142179593,0.0,0.0,0.0,0.0,False,0.0,0.0,0.006006155142179593
2012-09-28,-0.005067497280329725,-0.005067497280329725,-0.005067497280329725,0.0,0.0,0.0,0.0,False,0.0,0.0,-0.005067497280329725
2012-10-01,0.004125593897281121,0.004118132483937857,0.004125593897281121,-7.461413343264403e-06,0.0,0.007461413343264736,7.461413343264736e-06,True,0.007461413343264736,7.461413343264736e-06,0.004118132483937857
2012-10-02,0.0009956110631127969,0.0009956110631127969,0.0009956110631127969,0.0,0.0,0.0,0.0,False,0.0,0.0,0.0009956110631127969
2012-10-03,0.00010292823755925879,0.00010292823755925879,0.00010292823755925879,0.0,0.0,0.0,0.0,False,0.0,0.0,0.00010292823755925879
2012-10-04,0.0038260032538549077,0.0038260032538549077,0.0038260032538549077,0.0,0.0,0.0,0.0,False,0.0,0.0,0.0038260032538549077
2012-10-05,-0.0016073326800501136,-0.0016073326800501136,-0.0016073326800501136,0.0,0.0,0.0,0.0,False,0.0,0.0,-0.0016073326800501136
2012-10-08,-0.001694625270533131,-0.001694625270533131,-0.001694625270533131,0.0,0.0,0.0,0.0,False,0.0,0.0,-0.001694625270533131
2012-10-09,-0.006840493388941851,-0.006840493388941851,-0.006840493388941851,0.0,0.0,0.0,0.0,False,0.0,0.0,-0.006840493388941851
2012-10-10,-0.0019275465497905772,-0.0019275465497905772,-0.0019275465497905772,0.0,0.0,0.0,0.0,False,0.0,0.0,-0.0019275465497905772
2012-10-11,0.003259796961031847,0.003259796961031847,0.003259796961031847,0.0,0.0,0.0,0.0,False,0.0,0.0,0.003259796961031847
2012-10-12,-0.0015485142556704128,-0.0015485142556704128,-0.0015485142556704128,0.0,0.0,0.0,0.0,False,0.0,0.0,-0.0015485142556704128
2012-10-15,0.005274886559445977,0.005274886559445977,0.005274886559445977,0.0,0.0,0.0,0.0,False,0.0,0.0,0.005274886559445977
2012-10-16,0.005216472864721265,0.005216472864721265,0.005216472864721265,0.0,0.0,0.0,0.0,False,0.0,0.0,0.005216472864721265
2012-10-17,0.0020400271314677037,0.0020400271314677037,0.0020400271314677037,0.0,0.0,0.0,0.0,False,0.0,0.0,0.0020400271314677037
2012-10-18,-0.0028538567388732713,-0.0028538567388732713,-0.0028538567388732713,0.0,0.0,0.0,0.0,False,0.0,0.0,-0.0028538567388732713
2012-10-19,-0.007917046689075594,-0.007917046689075594,-0.007917046689075594,0.0,0.0,0.0,0.0,False,0.0,0.0,-0.007917046689075594
2012-10-22,0.0007351762875898095,0.0007351762875898095,0.0007351762875898095,0.0,0.0,0.0,0.0,False,0.0,0.0,0.0007351762875898095
2012-10-23,-0.007877248380778757,-0.007877248380778757,-0.007877248380778757,0.0,0.0,0.0,0.0,False,0.0,0.0,-0.007877248380778757
2012-10-24,-0.002118636424155766,-0.002118636424155766,-0.002118636424155766,0.0,0.0,0.0,0.0,False,0.0,0.0,-0.002118636424155766
2012-10-25,0.0016586620955039379,0.0016586620955039379,0.0016586620955039379,0.0,0.0,0.0,0.0,False,0.0,0.0,0.0016586620955039379
2012-10-26,0.001323508501571668,0.001323508501571668,0.001323508501571668,0.0,0.0,0.0,0.0,False,0.0,0.0,0.001323508501571668
2012-10-31,0.0016173343829703189,0.0016173343829703189,0.0016173343829703189,0.0,0.0,0.0,0.0,False,0.0,0.0,0.0016173343829703189
2012-11-01,0.005592906422870003,0.0055878392477298755,0.005592906422870003,-5.06717514012732e-06,0.0,0.005067175140127427,5.067175140127427e-06,True,0.005067175140127427,5.067175140127427e-06,0.0055878392477298755
2012-11-02,-0.0056128960664454915,-0.0056128960664454915,-0.0056128960664454915,0.0,0.0,0.0,0.0,False,0.0,0.0,-0.0056128960664454915
2012-11-05,0.0019039390421412596,0.0019039390421412596,0.0019039390421412596,0.0,0.0,0.0,0.0,False,0.0,0.0,0.0019039390421412596
2012-11-06,0.0028547768298875717,0.0028547768298875717,0.0028547768298875717,0.0,0.0,0.0,0.0,False,0.0,0.0,0.0028547768298875717
2012-11-07,-0.009131536450366058,-0.009131536450366058,-0.009131536450366058,0.0,0.0,0.0,0.0,False,0.0,0.0,-0.009131536450366058
2012-11-08,-0.005399124779016761,-0.005399124779016761,-0.005399124779016761,0.0,0.0,0.0,0.0,False,0.0,0.0,-0.005399124779016761
2012-11-09,0.00032193976517761824,0.00032193976517761824,0.00032193976517761824,0.0,0.0,0.0,0.0,False,0.0,0.0,0.00032193976517761824
2012-11-12,0.0005903966429462869,0.0005903966429462869,0.0005903966429462869,0.0,0.0,0.0,0.0,False,0.0,0.0,0.0005903966429462869
2012-11-13,-0.0024710986068225598,-0.0024710986068225598,-0.0024710986068225598,0.0,0.0,0.0,0.0,False,0.0,0.0,-0.0024710986068225598
2012-11-14,-0.007590134339891405,-0.007590134339891405,-0.007590134339891405,0.0,0.0,0.0,0.0,False,0.0,0.0,-0.007590134339891405
2012-11-15,-0.00041125246499048516,-0.00041125246499048516,-0.00041125246499048516,0.0,0.0,0.0,0.0,False,0.0,0.0,-0.00041125246499048516
2012-11-16,0.0021980937972047726,0.0021980937972047726,0.0021980937972047726,0.0,0.0,0.0,0.0,False,0.0,0.0,0.0021980937972047726
2012-11-19,0.011719189621875237,0.011719189621875237,0.011719189621875237,0.0,0.0,0.0,0.0,False,0.0,0.0,0.011719189621875237
2012-11-20,-0.0015755295850353546,-0.0015755295850353546,-0.0015755295850353546,0.0,0.0,0.0,0.0,False,0.0,0.0,-0.0015755295850353546
2012-11-21,0.0006557728154933133,0.0006557728154933133,0.0006557728154933133,0.0,0.0,0.0,0.0,False,0.0,0.0,0.0006557728154933133
2012-11-23,0.009325831177337453,0.009325831177337453,0.009325831177337453,0.0,0.0,0.0,0.0,False,0.0,0.0,0.009325831177337453
2012-11-26,-2.4111825150517304e-05,-2.4111825150517304e-05,-2.4111825150517304e-05,0.0,0.0,0.0,0.0,False,0.0,0.0,-2.4111825150517304e-05
2012-11-27,-0.002441096365432132,-0.002441096365432132,-0.002441096365432132,0.0,0.0,0.0,0.0,False,0.0,0.0,-0.002441096365432132
2012-11-28,0.00462664485696961,0.00462664485696961,0.00462664485696961,0.0,0.0,0.0,0.0,False,0.0,0.0,0.00462664485696961
2012-11-29,0.004316206627683197,0.004316206627683197,0.004316206627683197,0.0,0.0,0.0,0.0,False,0.0,0.0,0.004316206627683197
2012-11-30,-7.327337557534936e-05,-7.327337557534936e-05,-7.327337557534936e-05,0.0,0.0,0.0,0.0,False,0.0,0.0,-7.327337557534936e-05
2012-12-03,-0.0012560851137884575,-0.0012597396153639535,-0.0012560851137884575,-3.654501575496051e-06,0.0,0.0036545015754961135,3.6545015754961133e-06,True,0.0036545015754961135,3.6545015754961133e-06,-0.0012597396153639535
2012-12-04,0.0010829483975490833,0.0010829483975490833,0.0010829483975490833,0.0,0.0,0.0,0.0,False,0.0,0.0,0.0010829483975490833
2012-12-05,0.0022113605855288423,0.0022113605855288423,0.0022113605855288423,0.0,0.0,0.0,0.0,False,0.0,0.0,0.0022113605855288423
2012-12-06,0.002347035248008699,0.002347035248008699,0.002347035248008699,0.0,0.0,0.0,0.0,False,0.0,0.0,0.002347035248008699
2012-12-07,-8.366216960234603e-05,-8.366216960234603e-05,-8.366216960234603e-05,0.0,0.0,0.0,0.0,False,0.0,0.0,-8.366216960234603e-05
2012-12-10,0.0016171123645788857,0.0016171123645788857,0.0016171123645788857,0.0,0.0,0.0,0.0,False,0.0,0.0,0.0016171123645788857
2012-12-11,0.002637310751947565,0.002637310751947565,0.002637310751947565,0.0,0.0,0.0,0.0,False,0.0,0.0,0.002637310751947565
2012-12-12,-0.0012075603963570976,-0.0012075603963570976,-0.0012075603963570976,0.0,0.0,0.0,0.0,False,0.0,0.0,-0.0012075603963570976
2012-12-13,-0.0036551410571138265,-0.0036551410571138265,-0.0036551410571138265,0.0,0.0,0.0,0.0,False,0.0,0.0,-0.0036551410571138265
2012-12-14,0.0007696114612105122,0.0007696114612105122,0.0007696114612105122,0.0,0.0,0.0,0.0,False,0.0,0.0,0.0007696114612105122
2012-12-17,0.0028356287441836845,0.0028356287441836845,0.0028356287441836845,0.0,0.0,0.0,0.0,False,0.0,0.0,0.0028356287441836845
2012-12-18,0.004720372109643373,0.004720372109643373,0.004720372109643373,0.0,0.0,0.0,0.0,False,0.0,0.0,0.004720372109643373
2012-12-19,-0.0006383652357682797,-0.0006383652357682797,-0.0006383652357682797,0.0,0.0,0.0,0.0,False,0.0,0.0,-0.0006383652357682797
2012-12-20,0.003922050408558881,0.003922050408558881,0.003922050408558881,0.0,0.0,0.0,0.0,False,0.0,0.0,0.003922050408558881
2012-12-21,-0.003781948592946906,-0.003781948592946906,-0.003781948592946906,0.0,0.0,0.0,0.0,False,0.0,0.0,-0.003781948592946906
2012-12-24,-0.0021811728113825587,-0.0021811728113825587,-0.0021811728113825587,0.0,0.0,0.0,0.0,False,0.0,0.0,-0.0021811728113825587
2012-12-26,-0.0005571581958235292,-0.0005571581958235292,-0.0005571581958235292,0.0,0.0,0.0,0.0,False,0.0,0.0,-0.0005571581958235292
2012-12-27,0.001898689134017726,0.001898689134017726,0.001898689134017726,0.0,0.0,0.0,0.0,False,0.0,0.0,0.001898689134017726
2012-12-28,-0.003764947484564813,-0.003764947484564813,-0.003764947484564813,0.0,0.0,0.0,0.0,False,0.0,0.0,-0.003764947484564813
2012-12-31,0.00731542120788888,0.00731542120788888,0.00731542120788888,0.0,0.0,0.0,0.0,False,0.0,0.0,0.00731542120788888
2013-01-02,0.012209976682508849,0.01219921850844303,0.012209976682508849,-1.0758174065818651e-05,0.0,0.010758174065818384,1.0758174065818385e-05,True,0.010758174065818384,1.0758174065818385e-05,0.01219921850844303
2013-01-03,-0.005455945630987609,-0.005455945630987609,-0.005455945630987609,0.0,0.0,0.0,0.0,False,0.0,0.0,-0.005455945630987609
2013-01-04,0.002884636911961965,0.002884636911961965,0.002884636911961965,0.0,0.0,0.0,0.0,False,0.0,0.0,0.002884636911961965
2013-01-07,-0.0020645417624902654,-0.0020645417624902654,-0.0020645417624902654,0.0,0.0,0.0,0.0,False,0.0,0.0,-0.0020645417624902654
2013-01-08,-0.0017114942315592685,-0.0017114942315592685,-0.0017114942315592685,0.0,0.0,0.0,0.0,False,0.0,0.0,-0.0017114942315592685
2013-01-09,0.002225859399875768,0.002225859399875768,0.002225859399875768,0.0,0.0,0.0,0.0,False,0.0,0.0,0.002225859399875768
2013-01-10,0.004690817843436777,0.004690817843436777,0.004690817843436777,0.0,0.0,0.0,0.0,False,0.0,0.0,0.004690817843436777
2013-01-11,0.0007401046844488383,0.0007401046844488383,0.0007401046844488383,0.0,0.0,0.0,0.0,False,0.0,0.0,0.0007401046844488383
2013-01-14,-7.505333861846942e-05,-7.505333861846942e-05,-7.505333861846942e-05,0.0,0.0,0.0,0.0,False,0.0,0.0,-7.505333861846942e-05
2013-01-15,0.0003521732530993931,0.0003521732530993931,0.0003521732530993931,0.0,0.0,0.0,0.0,False,0.0,0.0,0.0003521732530993931
2013-01-16,-0.0006524926717537522,-0.0006524926717537522,-0.0006524926717537522,0.0,0.0,0.0,0.0,False,0.0,0.0,-0.0006524926717537522
2013-01-17,0.0025841269650549014,0.0025841269650549014,0.0025841269650549014,0.0,0.0,0.0,0.0,False,0.0,0.0,0.0025841269650549014
2013-01-18,0.001966142103684393,0.001966142103684393,0.001966142103684393,0.0,0.0,0.0,0.0,False,0.0,0.0,0.001966142103684393
2013-01-22,0.0022092462467571523,0.0022092462467571523,0.0022092462467571523,0.0,0.0,0.0,0.0,False,0.0,0.0,0.0022092462467571523
2013-01-23,-0.00011142541556185214,-0.00011142541556185214,-0.00011142541556185214,0.0,0.0,0.0,0.0,False,0.0,0.0,-0.00011142541556185214
2013-01-24,-8.310312283484186e-05,-8.310312283484186e-05,-8.310312283484186e-05,0.0,0.0,0.0,0.0,False,0.0,0.0,-8.310312283484186e-05
2013-01-25,0.000783438884972142,0.000783438884972142,0.000783438884972142,0.0,0.0,0.0,0.0,False,0.0,0.0,0.000783438884972142
2013-01-28,-0.0024672831910477057,-0.0024672831910477057,-0.0024672831910477057,0.0,0.0,0.0,0.0,False,0.0,0.0,-0.0024672831910477057
2013-01-29,0.0024869724048540457,0.0024869724048540457,0.0024869724048540457,0.0,0.0,0.0,0.0,False,0.0,0.0,0.0024869724048540457
2013-01-30,-0.002611559358141367,-0.002611559358141367,-0.002611559358141367,0.0,0.0,0.0,0.0,False,0.0,0.0,-0.002611559358141367
2013-01-31,-0.0002760646513290469,-0.0002760646513290469,-0.0002760646513290469,0.0,0.0,0.0,0.0,False,0.0,0.0,-0.0002760646513290469
2013-02-01,0.0036602430056504984,0.003645263743752048,0.0036602430056504984,-1.4979261898450443e-05,0.0,0.014979261898450235,1.4979261898450236e-05,True,0.014979261898450235,1.4979261898450236e-05,0.003645263743752048
2013-02-04,-0.005762148943338644,-0.005762148943338644,-0.005762148943338644,0.0,0.0,0.0,0.0,False,0.0,0.0,-0.005762148943338644
2013-02-05,0.002814583204445318,0.002814583204445318,0.002814583204445318,0.0,0.0,0.0,0.0,False,0.0,0.0,0.002814583204445318
2013-02-06,0.001693193066672624,0.001693193066672624,0.001693193066672624,0.0,0.0,0.0,0.0,False,0.0,0.0,0.001693193066672624
2013-02-07,-0.00263102546908412,-0.00263102546908412,-0.00263102546908412,0.0,0.0,0.0,0.0,False,0.0,0.0,-0.00263102546908412
2013-02-08,0.004377218492269648,0.004377218492269648,0.004377218492269648,0.0,0.0,0.0,0.0,False,0.0,0.0,0.004377218492269648
2013-02-11,-0.0006329053670580203,-0.0006329053670580203,-0.0006329053670580203,0.0,0.0,0.0,0.0,False,0.0,0.0,-0.0006329053670580203
2013-02-12,0.0012462178976110788,0.0012462178976110788,0.0012462178976110788,0.0,0.0,0.0,0.0,False,0.0,0.0,0.0012462178976110788
2013-02-13,-0.00013031034455146084,-0.00013031034455146084,-0.00013031034455146084,0.0,0.0,0.0,0.0,False,0.0,0.0,-0.00013031034455146084
2013-02-14,0.0012578506266410269,0.0012578506266410269,0.0012578506266410269,0.0,0.0,0.0,0.0,False,0.0,0.0,0.0012578506266410269
2013-02-15,-0.0014756278006789933,-0.0014756278006789933,-0.0014756278006789933,0.0,0.0,0.0,0.0,False,0.0,0.0,-0.0014756278006789933
2013-02-19,0.004070868819943579,0.004070868819943579,0.004070868819943579,0.0,0.0,0.0,0.0,False,0.0,0.0,0.004070868819943579
2013-02-20,-0.00625594198224104,-0.00625594198224104,-0.00625594198224104,0.0,0.0,0.0,0.0,False,0.0,0.0,-0.00625594198224104
2013-02-21,-0.004993039262783934,-0.004993039262783934,-0.004993039262783934,0.0,0.0,0.0,0.0,False,0.0,0.0,-0.004993039262783934
2013-02-22,0.0064879907044562615,0.0064879907044562615,0.0064879907044562615,0.0,0.0,0.0,0.0,False,0.0,0.0,0.0064879907044562615
2013-02-25,-0.008330444804017782,-0.008330444804017782,-0.008330444804017782,0.0,0.0,0.0,0.0,False,0.0,0.0,-0.008330444804017782
2013-02-26,0.0031054794927906507,0.0031054794927906507,0.0031054794927906507,0.0,0.0,0.0,0.0,False,0.0,0.0,0.0031054794927906507
2013-02-27,0.006948976191843327,0.006948976191843327,0.006948976191843327,0.0,0.0,0.0,0.0,False,0.0,0.0,0.006948976191843327
2013-02-28,-0.0006803426611700946,-0.0006803426611700946,-0.0006803426611700946,0.0,0.0,0.0,0.0,False,0.0,0.0,-0.0006803426611700946
2013-03-01,0.0022520338155872345,0.0022466886898366077,0.0022520338155872345,-5.345125750626841e-06,0.0,0.005345125750626692,5.345125750626692e-06,True,0.005345125750626692,5.345125750626692e-06,0.0022466886898366077
2013-03-04,0.000583132345794274,0.000583132345794274,0.000583132345794274,0.0,0.0,0.0,0.0,False,0.0,0.0,0.000583132345794274
2013-03-05,0.005380046990509379,0.005380046990509379,0.005380046990509379,0.0,0.0,0.0,0.0,False,0.0,0.0,0.005380046990509379
2013-03-06,-0.00010385968788292595,-0.00010385968788292595,-0.00010385968788292595,0.0,0.0,0.0,0.0,False,0.0,0.0,-0.00010385968788292595
2013-03-07,-0.0001206285972768576,-0.0001206285972768576,-0.0001206285972768576,0.0,0.0,0.0,0.0,False,0.0,0.0,-0.0001206285972768576
2013-03-08,0.0009425047582549522,0.0009425047582549522,0.0009425047582549522,0.0,0.0,0.0,0.0,False,0.0,0.0,0.0009425047582549522
2013-03-11,0.0012873212811131364,0.0012873212811131364,0.0012873212811131364,0.0,0.0,0.0,0.0,False,0.0,0.0,0.0012873212811131364
2013-03-12,-0.001519011347606812,-0.001519011347606812,-0.001519011347606812,0.0,0.0,0.0,0.0,False,0.0,0.0,-0.001519011347606812
2013-03-13,-0.0009004513896386433,-0.0009004513896386433,-0.0009004513896386433,0.0,0.0,0.0,0.0,False,0.0,0.0,-0.0009004513896386433
2013-03-14,0.0040119208678628514,0.0040119208678628514,0.0040119208678628514,0.0,0.0,0.0,0.0,False,0.0,0.0,0.0040119208678628514
2013-03-15,8.835303096076694e-05,8.835303096076694e-05,8.835303096076694e-05,0.0,0.0,0.0,0.0,False,0.0,0.0,8.835303096076694e-05
2013-03-18,-0.0033789937014463874,-0.0033789937014463874,-0.0033789937014463874,0.0,0.0,0.0,0.0,False,0.0,0.0,-0.0033789937014463874
2013-03-19,-0.0008862541729627039,-0.0008862541729627039,-0.0008862541729627039,0.0,0.0,0.0,0.0,False,0.0,0.0,-0.0008862541729627039
2013-03-20,0.0023346587673789125,0.0023346587673789125,0.0023346587673789125,0.0,0.0,0.0,0.0,False,0.0,0.0,0.0023346587673789125
2013-03-21,-0.0042986821178965405,-0.0042986821178965405,-0.0042986821178965405,0.0,0.0,0.0,0.0,False,0.0,0.0,-0.0042986821178965405
2013-03-22,0.004409558267591191,0.004409558267591191,0.004409558267591191,0.0,0.0,0.0,0.0,False,0.0,0.0,0.004409558267591191
2013-03-25,-0.0031265955742800482,-0.0031265955742800482,-0.0031265955742800482,0.0,0.0,0.0,0.0,False,0.0,0.0,-0.0031265955742800482
2013-03-26,0.005300579927708246,0.005300579927708246,0.005300579927708246,0.0,0.0,0.0,0.0,False,0.0,0.0,0.005300579927708246
2013-03-27,0.0014462929764318972,0.0014462929764318972,0.0014462929764318972,0.0,0.0,0.0,0.0,False,0.0,0.0,0.0014462929764318972
2013-03-28,0.0012184307115035726,0.0012184307115035726,0.0012184307115035726,0.0,0.0,0.0,0.0,False,0.0,0.0,0.0012184307115035726
2013-04-01,-0.0042518478544184835,-0.004260209425458937,-0.0042518478544184835,-8.36157104045377e-06,0.0,0.008361571040453434,8.361571040453433e-06,True,0.008361571040453434,8.361571040453433e-06,-0.004260209425458937
2013-04-02,0.0021916626457603758,0.0021916626457603758,0.0021916626457603758,0.0,0.0,0.0,0.0,False,0.0,0.0,0.0021916626457603758
2013-04-03,-0.0038337968398366087,-0.0038337968398366087,-0.0038337968398366087,0.0,0.0,0.0,0.0,False,0.0,0.0,-0.0038337968398366087
2013-04-04,0.004899568329205673,0.004899568329205673,0.004899568329205673,0.0,0.0,0.0,0.0,False,0.0,0.0,0.004899568329205673
2013-04-05,-0.0002237044995105149,-0.0002237044995105149,-0.0002237044995105149,0.0,0.0,0.0,0.0,False,0.0,0.0,-0.0002237044995105149
2013-04-08,0.002249504312221204,0.002249504312221204,0.002249504312221204,0.0,0.0,0.0,0.0,False,0.0,0.0,0.002249504312221204
2013-04-09,0.0024787368922212028,0.0024787368922212028,0.0024787368922212028,0.0,0.0,0.0,0.0,False,0.0,0.0,0.0024787368922212028
2013-04-10,0.005762320278955575,0.005762320278955575,0.005762320278955575,0.0,0.0,0.0,0.0,False,0.0,0.0,0.005762320278955575
2013-04-11,0.00275019379048498,0.00275019379048498,0.00275019379048498,0.0,0.0,0.0,0.0,False,0.0,0.0,0.00275019379048498
2013-04-12,-0.00021243283344169698,-0.00021243283344169698,-0.00021243283344169698,0.0,0.0,0.0,0.0,False,0.0,0.0,-0.00021243283344169698
2013-04-15,-0.013221759888541844,-0.013221759888541844,-0.013221759888541844,0.0,0.0,0.0,0.0,False,0.0,0.0,-0.013221759888541844
2013-04-16,0.00803932810405767,0.00803932810405767,0.00803932810405767,0.0,0.0,0.0,0.0,False,0.0,0.0,0.00803932810405767
2013-04-17,-0.008978817970716722,-0.008978817970716722,-0.008978817970716722,0.0,0.0,0.0,0.0,False,0.0,0.0,-0.008978817970716722
2013-04-18,-0.002207966416932251,-0.002207966416932251,-0.002207966416932251,0.0,0.0,0.0,0.0,False,0.0,0.0,-0.002207966416932251
2013-04-19,0.005740135699308104,0.005740135699308104,0.005740135699308104,0.0,0.0,0.0,0.0,False,0.0,0.0,0.005740135699308104
2013-04-22,0.002760069913793555,0.002760069913793555,0.002760069913793555,0.0,0.0,0.0,0.0,False,0.0,0.0,0.002760069913793555
2013-04-23,0.006313204277851312,0.006313204277851312,0.006313204277851312,0.0,0.0,0.0,0.0,False,0.0,0.0,0.006313204277851312
2013-04-24,0.0026143174529787106,0.0026143174529787106,0.0026143174529787106,0.0,0.0,0.0,0.0,False,0.0,0.0,0.0026143174529787106
2013-04-25,0.0026793927198581436,0.0026793927198581436,0.0026793927198581436,0.0,0.0,0.0,0.0,False,0.0,0.0,0.0026793927198581436
2013-04-26,7.61035424825309e-05,7.61035424825309e-05,7.61035424825309e-05,0.0,0.0,0.0,0.0,False,0.0,0.0,7.61035424825309e-05
2013-04-29,0.0050651580587800825,0.0050651580587800825,0.0050651580587800825,0.0,0.0,0.0,0.0,False,0.0,0.0,0.0050651580587800825
2013-04-30,0.0023190827343190024,0.0023190827343190024,0.0023190827343190024,0.0,0.0,0.0,0.0,False,0.0,0.0,0.0023190827343190024
2013-05-01,-0.0039889242407374625,-0.003994078968957137,-0.0039889242407374625,-5.154728219674068e-06,0.0,0.005154728219674016,5.154728219674016e-06,True,0.005154728219674016,5.154728219674016e-06,-0.003994078968957137
2013-05-02,0.004736760630277236,0.004736760630277236,0.004736760630277236,0.0,0.0,0.0,0.0,False,0.0,0.0,0.004736760630277236
2013-05-03,0.0022558183470299032,0.0022558183470299032,0.0022558183470299032,0.0,0.0,0.0,0.0,False,0.0,0.0,0.0022558183470299032
2013-05-06,0.0006328053985359587,0.0006328053985359587,0.0006328053985359587,0.0,0.0,0.0,0.0,False,0.0,0.0,0.0006328053985359587
2013-05-07,0.0023266458719191315,0.0023266458719191315,0.0023266458719191315,0.0,0.0,0.0,0.0,False,0.0,0.0,0.0023266458719191315
2013-05-08,0.004349048132531173,0.004349048132531173,0.004349048132531173,0.0,0.0,0.0,0.0,False,0.0,0.0,0.004349048132531173
2013-05-09,-0.0037011537422305075,-0.0037011537422305075,-0.0037011537422305075,0.0,0.0,0.0,0.0,False,0.0,0.0,-0.0037011537422305075
2013-05-10,-0.0016450672714035494,-0.0016450672714035494,-0.0016450672714035494,0.0,0.0,0.0,0.0,False,0.0,0.0,-0.0016450672714035494
2013-05-13,-0.001882636568893004,-0.001882636568893004,-0.001882636568893004,0.0,0.0,0.0,0.0,False,0.0,0.0,-0.001882636568893004
2013-05-14,0.0028708441158650645,0.0028708441158650645,0.0028708441158650645,0.0,0.0,0.0,0.0,False,0.0,0.0,0.0028708441158650645
2013-05-15,0.003783135032555577,0.003783135032555577,0.003783135032555577,0.0,0.0,0.0,0.0,False,0.0,0.0,0.003783135032555577
2013-05-16,-0.0008648067122952832,-0.0008648067122952832,-0.0008648067122952832,0.0,0.0,0.0,0.0,False,0.0,0.0,-0.0008648067122952832
2013-05-17,0.0027280286435414905,0.0027280286435414905,0.0027280286435414905,0.0,0.0,0.0,0.0,False,0.0,0.0,0.0027280286435414905
2013-05-20,0.0007819295961229386,0.0007819295961229386,0.0007819295961229386,0.0,0.0,0.0,0.0,False,0.0,0.0,0.0007819295961229386
2013-05-21,0.001988094099399681,0.001988094099399681,0.001988094099399681,0.0,0.0,0.0,0.0,False,0.0,0.0,0.001988094099399681
2013-05-22,-0.0090751379977312,-0.0090751379977312,-0.0090751379977312,0.0,0.0,0.0,0.0,False,0.0,0.0,-0.0090751379977312
2013-05-23,-0.00316588417253943,-0.00316588417253943,-0.00316588417253943,0.0,0.0,0.0,0.0,False,0.0,0.0,-0.00316588417253943
2013-05-24,-0.0023910803898281063,-0.0023910803898281063,-0.0023910803898281063,0.0,0.0,0.0,0.0,False,0.0,0.0,-0.0023910803898281063
2013-05-28,-0.0014692922104406825,-0.0014692922104406825,-0.0014692922104406825,0.0,0.0,0.0,0.0,False,0.0,0.0,-0.0014692922104406825
2013-05-29,-0.003950231763146551,-0.003950231763146551,-0.003950231763146551,0.0,0.0,0.0,0.0,False,0.0,0.0,-0.003950231763146551
2013-05-30,0.002179553540510879,0.002179553540510879,0.002179553540510879,0.0,0.0,0.0,0.0,False,0.0,0.0,0.002179553540510879
2013-05-31,-0.011147665567650544,-0.011147665567650544,-0.011147665567650544,0.0,0.0,0.0,0.0,False,0.0,0.0,-0.011147665567650544
2013-06-03,0.004341808712463063,0.0043273941032248055,0.004341808712463063,-1.4414609238257853e-05,0.0,0.014414609238257964,1.4414609238257965e-05,True,0.014414609238257964,1.4414609238257965e-05,0.0043273941032248055
2013-06-04,-0.004221990631657389,-0.004221990631657389,-0.004221990631657389,0.0,0.0,0.0,0.0,False,0.0,0.0,-0.004221990631657389
2013-06-05,-0.008567964703066725,-0.008567964703066725,-0.008567964703066725,0.0,0.0,0.0,0.0,False,0.0,0.0,-0.008567964703066725
2013-06-06,0.005753790573678825,0.005753790573678825,0.005753790573678825,0.0,0.0,0.0,0.0,False,0.0,0.0,0.005753790573678825
2013-06-07,0.0026294049352407816,0.0026294049352407816,0.0026294049352407816,0.0,0.0,0.0,0.0,False,0.0,0.0,0.0026294049352407816
2013-06-10,-0.002069018109533668,-0.002069018109533668,-0.002069018109533668,0.0,0.0,0.0,0.0,False,0.0,0.0,-0.002069018109533668
2013-06-11,-0.006574079862328042,-0.006574079862328042,-0.006574079862328042,0.0,0.0,0.0,0.0,False,0.0,0.0,-0.006574079862328042
2013-06-12,-0.0059744421644816,-0.0059744421644816,-0.0059744421644816,0.0,0.0,0.0,0.0,False,0.0,0.0,-0.0059744421644816
2013-06-13,0.01373414378614917,0.01373414378614917,0.01373414378614917,0.0,0.0,0.0,0.0,False,0.0,0.0,0.01373414378614917
2013-06-14,-0.005416856443910403,-0.005416856443910403,-0.005416856443910403,0.0,0.0,0.0,0.0,False,0.0,0.0,-0.005416856443910403
2013-06-17,0.004737186963985081,0.004737186963985081,0.004737186963985081,0.0,0.0,0.0,0.0,False,0.0,0.0,0.004737186963985081
2013-06-18,0.0040916235530151735,0.0040916235530151735,0.0040916235530151735,0.0,0.0,0.0,0.0,False,0.0,0.0,0.0040916235530151735
2013-06-19,-0.01598069370870195,-0.01598069370870195,-0.01598069370870195,0.0,0.0,0.0,0.0,False,0.0,0.0,-0.01598069370870195
2013-06-20,-0.022482155858884863,-0.022482155858884863,-0.022482155858884863,0.0,0.0,0.0,0.0,False,0.0,0.0,-0.022482155858884863
2013-06-21,-0.0012816526912225927,-0.0012816526912225927,-0.0012816526912225927,0.0,0.0,0.0,0.0,False,0.0,0.0,-0.0012816526912225927
2013-06-24,-0.010054275905192754,-0.010054275905192754,-0.010054275905192754,0.0,0.0,0.0,0.0,False,0.0,0.0,-0.010054275905192754
2013-06-25,0.0071205563165120545,0.0071205563165120545,0.0071205563165120545,0.0,0.0,0.0,0.0,False,0.0,0.0,0.0071205563165120545
2013-06-26,0.007609893995527398,0.007609893995527398,0.007609893995527398,0.0,0.0,0.0,0.0,False,0.0,0.0,0.007609893995527398
2013-06-27,0.008932280917055193,0.008932280917055193,0.008932280917055193,0.0,0.0,0.0,0.0,False,0.0,0.0,0.008932280917055193
2013-06-28,-0.0012633714162829223,-0.0012633714162829223,-0.0012633714162829223,0.0,0.0,0.0,0.0,False,0.0,0.0,-0.0012633714162829223
2013-07-01,0.0048626345821756066,0.004858045936149635,0.0048626345821756066,-4.588646025971248e-06,0.0,0.0045886460259711714,4.5886460259711715e-06,True,0.0045886460259711714,4.5886460259711715e-06,0.004858045936149635
2013-07-02,-0.002333584071374296,-0.002333584071374296,-0.002333584071374296,0.0,0.0,0.0,0.0,False,0.0,0.0,-0.002333584071374296
2013-07-03,-0.0015956825331905533,-0.0015956825331905533,-0.0015956825331905533,0.0,0.0,0.0,0.0,False,0.0,0.0,-0.0015956825331905533
2013-07-05,-0.002909199518981882,-0.002909199518981882,-0.002909199518981882,0.0,0.0,0.0,0.0,False,0.0,0.0,-0.002909199518981882
2013-07-08,0.005868448233112698,0.005868448233112698,0.005868448233112698,0.0,0.0,0.0,0.0,False,0.0,0.0,0.005868448233112698
2013-07-09,0.005292709929109749,0.005292709929109749,0.005292709929109749,0.0,0.0,0.0,0.0,False,0.0,0.0,0.005292709929109749
2013-07-10,-0.0017382786282403098,-0.0017382786282403098,-0.0017382786282403098,0.0,0.0,0.0,0.0,False,0.0,0.0,-0.0017382786282403098
2013-07-11,0.017751894997707927,0.017751894997707927,0.017751894997707927,0.0,0.0,0.0,0.0,False,0.0,0.0,0.017751894997707927
2013-07-12,-0.00245717378997224,-0.00245717378997224,-0.00245717378997224,0.0,0.0,0.0,0.0,False,0.0,0.0,-0.00245717378997224
2013-07-15,0.005397847298741364,0.005397847298741364,0.005397847298741364,0.0,0.0,0.0,0.0,False,0.0,0.0,0.005397847298741364
2013-07-16,-0.0010657076286542133,-0.0010657076286542133,-0.0010657076286542133,0.0,0.0,0.0,0.0,False,0.0,0.0,-0.0010657076286542133
2013-07-17,0.003851804494333106,0.003851804494333106,0.003851804494333106,0.0,0.0,0.0,0.0,False,0.0,0.0,0.003851804494333106
2013-07-18,-4.644564526396313e-05,-4.644564526396313e-05,-4.644564526396313e-05,0.0,0.0,0.0,0.0,False,0.0,0.0,-4.644564526396313e-05
2013-07-19,0.002838457782958787,0.002838457782958787,0.002838457782958787,0.0,0.0,0.0,0.0,False,0.0,0.0,0.002838457782958787
2013-07-22,0.002931782401276145,0.002931782401276145,0.002931782401276145,0.0,0.0,0.0,0.0,False,0.0,0.0,0.002931782401276145
2013-07-23,6.37413599174567e-05,6.37413599174567e-05,6.37413599174567e-05,0.0,0.0,0.0,0.0,False,0.0,0.0,6.37413599174567e-05
2013-07-24,-0.00539960459709796,-0.00539960459709796,-0.00539960459709796,0.0,0.0,0.0,0.0,False,0.0,0.0,-0.00539960459709796
2013-07-25,0.002190630085213874,0.002190630085213874,0.002190630085213874,0.0,0.0,0.0,0.0,False,0.0,0.0,0.002190630085213874
2013-07-26,-0.000459535664611348,-0.000459535664611348,-0.000459535664611348,0.0,0.0,0.0,0.0,False,0.0,0.0,-0.000459535664611348
2013-07-29,-0.005020403297786568,-0.005020403297786568,-0.005020403297786568,0.0,0.0,0.0,0.0,False,0.0,0.0,-0.005020403297786568
2013-07-30,-0.0002436328543020961,-0.0002436328543020961,-0.0002436328543020961,0.0,0.0,0.0,0.0,False,0.0,0.0,-0.0002436328543020961
2013-07-31,0.00040226620661022044,0.00040226620661022044,0.00040226620661022044,0.0,0.0,0.0,0.0,False,0.0,0.0,0.00040226620661022044
2013-08-01,0.004081913077348426,0.004069268444261324,0.004081913077348426,-1.2644633087101863e-05,0.0,0.012644633087101901,1.26446330871019e-05,True,0.012644633087101901,1.26446330871019e-05,0.004069268444261324
2013-08-02,0.0047209371239122205,0.0047209371239122205,0.0047209371239122205,0.0,0.0,0.0,0.0,False,0.0,0.0,0.0047209371239122205
2013-08-05,-0.0027853113935660573,-0.0027853113935660573,-0.0027853113935660573,0.0,0.0,0.0,0.0,False,0.0,0.0,-0.0027853113935660573
2013-08-06,-0.0034255732005996015,-0.0034255732005996015,-0.0034255732005996015,0.0,0.0,0.0,0.0,False,0.0,0.0,-0.0034255732005996015
2013-08-07,-0.0016556234836143495,-0.0016556234836143495,-0.0016556234836143495,0.0,0.0,0.0,0.0,False,0.0,0.0,-0.0016556234836143495
2013-08-08,0.005313574698589101,0.005313574698589101,0.005313574698589101,0.0,0.0,0.0,0.0,False,0.0,0.0,0.005313574698589101
2013-08-09,-0.000227635681099782,-0.000227635681099782,-0.000227635681099782,0.0,0.0,0.0,0.0,False,0.0,0.0,-0.000227635681099782
2013-08-12,-0.0003735436736063448,-0.0003735436736063448,-0.0003735436736063448,0.0,0.0,0.0,0.0,False,0.0,0.0,-0.0003735436736063448
2013-08-13,-0.0011499215468454606,-0.0011499215468454606,-0.0011499215468454606,0.0,0.0,0.0,0.0,False,0.0,0.0,-0.0011499215468454606
2013-08-14,-0.001329248553815664,-0.001329248553815664,-0.001329248553815664,0.0,0.0,0.0,0.0,False,0.0,0.0,-0.001329248553815664
2013-08-15,-0.010378067687799473,-0.010378067687799473,-0.010378067687799473,0.0,0.0,0.0,0.0,False,0.0,0.0,-0.010378067687799473
2013-08-16,-0.003477834861975888,-0.003477834861975888,-0.003477834861975888,0.0,0.0,0.0,0.0,False,0.0,0.0,-0.003477834861975888
2013-08-19,-0.007517578772181293,-0.007517578772181293,-0.007517578772181293,0.0,0.0,0.0,0.0,False,0.0,0.0,-0.007517578772181293
2013-08-20,0.004158410698189773,0.004158410698189773,0.004158410698189773,0.0,0.0,0.0,0.0,False,0.0,0.0,0.004158410698189773
2013-08-21,-0.008979076767694973,-0.008979076767694973,-0.008979076767694973,0.0,0.0,0.0,0.0,False,0.0,0.0,-0.008979076767694973
2013-08-22,0.007637840720158032,0.007637840720158032,0.007637840720158032,0.0,0.0,0.0,0.0,False,0.0,0.0,0.007637840720158032
2013-08-23,0.006295473224346727,0.006295473224346727,0.006295473224346727,0.0,0.0,0.0,0.0,False,0.0,0.0,0.006295473224346727
2013-08-26,-0.0023778938284727455,-0.0023778938284727455,-0.0023778938284727455,0.0,0.0,0.0,0.0,False,0.0,0.0,-0.0023778938284727455
2013-08-27,-0.008490650442410926,-0.008490650442410926,-0.008490650442410926,0.0,0.0,0.0,0.0,False,0.0,0.0,-0.008490650442410926
2013-08-28,-2.042726433721699e-05,-2.042726433721699e-05,-2.042726433721699e-05,0.0,0.0,0.0,0.0,False,0.0,0.0,-2.042726433721699e-05
2013-08-29,0.002246646509841518,0.002246646509841518,0.002246646509841518,0.0,0.0,0.0,0.0,False,0.0,0.0,0.002246646509841518
2013-08-30,-0.0032748340099267243,-0.0032748340099267243,-0.0032748340099267243,0.0,0.0,0.0,0.0,False,0.0,0.0,-0.0032748340099267243
2013-09-03,0.0027851374048703803,0.0027814200006721817,0.0027851374048703803,-3.7174041981986525e-06,0.0,0.0037174041981988017,3.7174041981988016e-06,True,0.0037174041981988017,3.7174041981988016e-06,0.0027814200006721817
2013-09-04,0.0047680884268427775,0.0047680884268427775,0.0047680884268427775,0.0,0.0,0.0,0.0,False,0.0,0.0,0.0047680884268427775
2013-09-05,-0.0018647539733988383,-0.0018647539733988383,-0.0018647539733988383,0.0,0.0,0.0,0.0,False,0.0,0.0,-0.0018647539733988383
2013-09-06,0.004275088941096435,0.004275088941096435,0.004275088941096435,0.0,0.0,0.0,0.0,False,0.0,0.0,0.004275088941096435
2013-09-09,0.009293581966560304,0.009293581966560304,0.009293581966560304,0.0,0.0,0.0,0.0,False,0.0,0.0,0.009293581966560304
2013-09-10,0.0033950377075990233,0.0033950377075990233,0.0033950377075990233,0.0,0.0,0.0,0.0,False,0.0,0.0,0.0033950377075990233
2013-09-11,0.003669213402173513,0.003669213402173513,0.003669213402173513,0.0,0.0,0.0,0.0,False,0.0,0.0,0.003669213402173513
2013-09-12,-0.0034448747963392663,-0.0034448747963392663,-0.0034448747963392663,0.0,0.0,0.0,0.0,False,0.0,0.0,-0.0034448747963392663
2013-09-13,0.002925580791137879,0.002925580791137879,0.002925580791137879,0.0,0.0,0.0,0.0,False,0.0,0.0,0.002925580791137879
2013-09-16,0.004530780769528657,0.004530780769528657,0.004530780769528657,0.0,0.0,0.0,0.0,False,0.0,0.0,0.004530780769528657
2013-09-17,0.0028876090078681672,0.0028876090078681672,0.0028876090078681672,0.0,0.0,0.0,0.0,False,0.0,0.0,0.0028876090078681672
2013-09-18,0.01766113599901998,0.01766113599901998,0.01766113599901998,0.0,0.0,0.0,0.0,False,0.0,0.0,0.01766113599901998
2013-09-19,-0.0037332281165986516,-0.0037332281165986516,-0.0037332281165986516,0.0,0.0,0.0,0.0,False,0.0,0.0,-0.0037332281165986516
2013-09-20,-0.005278919055922267,-0.005278919055922267,-0.005278919055922267,0.0,0.0,0.0,0.0,False,0.0,0.0,-0.005278919055922267
2013-09-23,0.0008707462939125873,0.0008707462939125873,0.0008707462939125873,0.0,0.0,0.0,0.0,False,0.0,0.0,0.0008707462939125873
2013-09-24,-9.356348292800202e-05,-9.356348292800202e-05,-9.356348292800202e-05,0.0,0.0,0.0,0.0,False,0.0,0.0,-9.356348292800202e-05
2013-09-25,-0.0005158241181904943,-0.0005158241181904943,-0.0005158241181904943,0.0,0.0,0.0,0.0,False,0.0,0.0,-0.0005158241181904943
2013-09-26,0.0013975003171234474,0.0013975003171234474,0.0013975003171234474,0.0,0.0,0.0,0.0,False,0.0,0.0,0.0013975003171234474
2013-09-27,-0.003127654830866325,-0.003127654830866325,-0.003127654830866325,0.0,0.0,0.0,0.0,False,0.0,0.0,-0.003127654830866325
2013-09-30,-0.00395280876704855,-0.00395280876704855,-0.00395280876704855,0.0,0.0,0.0,0.0,False,0.0,0.0,-0.00395280876704855
2013-10-01,0.0049947329156374235,0.004983984146319704,0.0049947329156374235,-1.0748769317719432e-05,0.0,0.010748769317719762,1.0748769317719761e-05,True,0.010748769317719762,1.0748769317719761e-05,0.004983984146319704
2013-10-02,0.0007098183436907337,0.0007098183436907337,0.0007098183436907337,0.0,0.0,0.0,0.0,False,0.0,0.0,0.0007098183436907337
2013-10-03,-0.0043826551195540586,-0.0043826551195540586,-0.0043826551195540586,0.0,0.0,0.0,0.0,False,0.0,0.0,-0.0043826551195540586
2013-10-04,0.003540906675330624,0.003540906675330624,0.003540906675330624,0.0,0.0,0.0,0.0,False,0.0,0.0,0.003540906675330624
2013-10-07,-0.004959866448402312,-0.004959866448402312,-0.004959866448402312,0.0,0.0,0.0,0.0,False,0.0,0.0,-0.004959866448402312
2013-10-08,-0.006528572635527718,-0.006528572635527718,-0.006528572635527718,0.0,0.0,0.0,0.0,False,0.0,0.0,-0.006528572635527718
2013-10-09,0.0003431755693057425,0.0003431755693057425,0.0003431755693057425,0.0,0.0,0.0,0.0,False,0.0,0.0,0.0003431755693057425
2013-10-10,0.012547960209461901,0.012547960209461901,0.012547960209461901,0.0,0.0,0.0,0.0,False,0.0,0.0,0.012547960209461901
2013-10-11,0.004386260676141053,0.004386260676141053,0.004386260676141053,0.0,0.0,0.0,0.0,False,0.0,0.0,0.004386260676141053
2013-10-14,0.0010555602757632242,0.0010555602757632242,0.0010555602757632242,0.0,0.0,0.0,0.0,False,0.0,0.0,0.0010555602757632242
2013-10-15,-0.004387008524135921,-0.004387008524135921,-0.004387008524135921,0.0,0.0,0.0,0.0,False,0.0,0.0,-0.004387008524135921
2013-10-16,0.009442620580686066,0.009442620580686066,0.009442620580686066,0.0,0.0,0.0,0.0,False,0.0,0.0,0.009442620580686066
2013-10-17,0.007757331889550985,0.007757331889550985,0.007757331889550985,0.0,0.0,0.0,0.0,False,0.0,0.0,0.007757331889550985
2013-10-18,0.003920952982753287,0.003920952982753287,0.003920952982753287,0.0,0.0,0.0,0.0,False,0.0,0.0,0.003920952982753287
2013-10-21,-0.0006973031758882196,-0.0006973031758882196,-0.0006973031758882196,0.0,0.0,0.0,0.0,False,0.0,0.0,-0.0006973031758882196
2013-10-22,0.00720234358352664,0.00720234358352664,0.00720234358352664,0.0,0.0,0.0,0.0,False,0.0,0.0,0.00720234358352664
2013-10-23,-0.005016009154189926,-0.005016009154189926,-0.005016009154189926,0.0,0.0,0.0,0.0,False,0.0,0.0,-0.005016009154189926
2013-10-24,0.0013630282723228904,0.0013630282723228904,0.0013630282723228904,0.0,0.0,0.0,0.0,False,0.0,0.0,0.0013630282723228904
2013-10-25,0.0019854053091833907,0.0019854053091833907,0.0019854053091833907,0.0,0.0,0.0,0.0,False,0.0,0.0,0.0019854053091833907
2013-10-28,0.0005866847462903925,0.0005866847462903925,0.0005866847462903925,0.0,0.0,0.0,0.0,False,0.0,0.0,0.0005866847462903925
2013-10-29,0.0029530710647096966,0.0029530710647096966,0.0029530710647096966,0.0,0.0,0.0,0.0,False,0.0,0.0,0.0029530710647096966
2013-10-30,-0.004413985119752701,-0.004413985119752701,-0.004413985119752701,0.0,0.0,0.0,0.0,False,0.0,0.0,-0.004413985119752701
2013-10-31,-0.0033714985043001044,-0.0033714985043001044,-0.0033714985043001044,0.0,0.0,0.0,0.0,False,0.0,0.0,-0.0033714985043001044
2013-11-01,-0.002235275214817733,-0.002242001868432089,-0.002235275214817733,-6.726653614355649e-06,0.0,0.00672665361435567,6.72665361435567e-06,True,0.00672665361435567,6.72665361435567e-06,-0.002242001868432089
2013-11-04,0.003454762030709964,0.003454762030709964,0.003454762030709964,0.0,0.0,0.0,0.0,False,0.0,0.0,0.003454762030709964
2013-11-05,-0.006573332799536447,-0.006573332799536447,-0.006573332799536447,0.0,0.0,0.0,0.0,False,0.0,0.0,-0.006573332799536447
2013-11-06,0.003742085598273171,0.003742085598273171,0.003742085598273171,0.0,0.0,0.0,0.0,False,0.0,0.0,0.003742085598273171
2013-11-07,-0.007594114960105489,-0.007594114960105489,-0.007594114960105489,0.0,0.0,0.0,0.0,False,0.0,0.0,-0.007594114960105489
2013-11-08,0.0006871421539581201,0.0006871421539581201,0.0006871421539581201,0.0,0.0,0.0,0.0,False,0.0,0.0,0.0006871421539581201
2013-11-11,-0.000588317159334305,-0.000588317159334305,-0.000588317159334305,0.0,0.0,0.0,0.0,False,0.0,0.0,-0.000588317159334305
2013-11-12,-0.0014528030806378845,-0.0014528030806378845,-0.0014528030806378845,0.0,0.0,0.0,0.0,False,0.0,0.0,-0.0014528030806378845
2013-11-13,0.0049349102414690095,0.0049349102414690095,0.0049349102414690095,0.0,0.0,0.0,0.0,False,0.0,0.0,0.0049349102414690095
2013-11-14,0.0058021505525059774,0.0058021505525059774,0.0058021505525059774,0.0,0.0,0.0,0.0,False,0.0,0.0,0.0058021505525059774
2013-11-15,0.00453197187341289,0.00453197187341289,0.00453197187341289,0.0,0.0,0.0,0.0,False,0.0,0.0,0.00453197187341289
2013-11-18,0.001119111261501683,0.001119111261501683,0.001119111261501683,0.0,0.0,0.0,0.0,False,0.0,0.0,0.001119111261501683
2013-11-19,-0.0035916111588971938,-0.0035916111588971938,-0.0035916111588971938,0.0,0.0,0.0,0.0,False,0.0,0.0,-0.0035916111588971938
2013-11-20,-0.005935631964724806,-0.005935631964724806,-0.005935631964724806,0.0,0.0,0.0,0.0,False,0.0,0.0,-0.005935631964724806
2013-11-21,0.004759241061024228,0.004759241061024228,0.004759241061024228,0.0,0.0,0.0,0.0,False,0.0,0.0,0.004759241061024228
2013-11-22,0.0044577718180031835,0.0044577718180031835,0.0044577718180031835,0.0,0.0,0.0,0.0,False,0.0,0.0,0.0044577718180031835
2013-11-25,-0.0014058239331065734,-0.0014058239331065734,-0.0014058239331065734,0.0,0.0,0.0,0.0,False,0.0,0.0,-0.0014058239331065734
2013-11-26,0.0016995625022858387,0.0016995625022858387,0.0016995625022858387,0.0,0.0,0.0,0.0,False,0.0,0.0,0.0016995625022858387
2013-11-27,0.0015248896330986466,0.0015248896330986466,0.0015248896330986466,0.0,0.0,0.0,0.0,False,0.0,0.0,0.0015248896330986466
2013-11-29,0.0009042812806465412,0.0009042812806465412,0.0009042812806465412,0.0,0.0,0.0,0.0,False,0.0,0.0,0.0009042812806465412
2013-12-02,-0.006451641884192133,-0.0064596057746665065,-0.006451641884192133,-7.963890474373646e-06,0.0,0.007963890474373611,7.963890474373612e-06,True,0.007963890474373611,7.963890474373612e-06,-0.0064596057746665065
2013-12-03,-0.001998258298486508,-0.001998258298486508,-0.001998258298486508,0.0,0.0,0.0,0.0,False,0.0,0.0,-0.001998258298486508
2013-12-04,-0.0029679008042968018,-0.0029679008042968018,-0.0029679008042968018,0.0,0.0,0.0,0.0,False,0.0,0.0,-0.0029679008042968018
2013-12-05,-0.0036804095777321476,-0.0036804095777321476,-0.0036804095777321476,0.0,0.0,0.0,0.0,False,0.0,0.0,-0.0036804095777321476
2013-12-06,0.008513933078978679,0.008513933078978679,0.008513933078978679,0.0,0.0,0.0,0.0,False,0.0,0.0,0.008513933078978679
2013-12-09,0.0013157273224964773,0.0013157273224964773,0.0013157273224964773,0.0,0.0,0.0,0.0,False,0.0,0.0,0.0013157273224964773
2013-12-10,5.8146126111841316e-05,5.8146126111841316e-05,5.8146126111841316e-05,0.0,0.0,0.0,0.0,False,0.0,0.0,5.8146126111841316e-05
2013-12-11,-0.009369684967724331,-0.009369684967724331,-0.009369684967724331,0.0,0.0,0.0,0.0,False,0.0,0.0,-0.009369684967724331
2013-12-12,-0.0035630188231699986,-0.0035630188231699986,-0.0035630188231699986,0.0,0.0,0.0,0.0,False,0.0,0.0,-0.0035630188231699986
2013-12-13,0.0012357029719745822,0.0012357029719745822,0.0012357029719745822,0.0,0.0,0.0,0.0,False,0.0,0.0,0.0012357029719745822
2013-12-16,0.004000880885355234,0.004000880885355234,0.004000880885355234,0.0,0.0,0.0,0.0,False,0.0,0.0,0.004000880885355234
2013-12-17,-0.0012177511172426219,-0.0012177511172426219,-0.0012177511172426219,0.0,0.0,0.0,0.0,False,0.0,0.0,-0.0012177511172426219
2013-12-18,0.00906855616627494,0.00906855616627494,0.00906855616627494,0.0,0.0,0.0,0.0,False,0.0,0.0,0.00906855616627494
2013-12-19,-0.0036465972613555445,-0.0036465972613555445,-0.0036465972613555445,0.0,0.0,0.0,0.0,False,0.0,0.0,-0.0036465972613555445
2013-12-20,0.005397074912388629,0.005397074912388629,0.005397074912388629,0.0,0.0,0.0,0.0,False,0.0,0.0,0.005397074912388629
2013-12-23,0.003292529819913578,0.003292529819913578,0.003292529819913578,0.0,0.0,0.0,0.0,False,0.0,0.0,0.003292529819913578
2013-12-24,0.0005236691834759448,0.0005236691834759448,0.0005236691834759448,0.0,0.0,0.0,0.0,False,0.0,0.0,0.0005236691834759448
2013-12-26,0.0010743561959033743,0.0010743561959033743,0.0010743561959033743,0.0,0.0,0.0,0.0,False,0.0,0.0,0.0010743561959033743
2013-12-27,0.0018380262884528128,0.0018380262884528128,0.0018380262884528128,0.0,0.0,0.0,0.0,False,0.0,0.0,0.0018380262884528128
2013-12-30,0.002297360463159863,0.002297360463159863,0.002297360463159863,0.0,0.0,0.0,0.0,False,0.0,0.0,0.002297360463159863
2013-12-31,0.0013124599213670857,0.0013124599213670857,0.0013124599213670857,0.0,0.0,0.0,0.0,False,0.0,0.0,0.0013124599213670857
2014-01-02,-0.008701508622183707,-0.008710076561473915,-0.008701508622183707,-8.567939290207369e-06,0.0,0.008567939290206956,8.567939290206955e-06,True,0.008567939290206956,8.567939290206955e-06,-0.008710076561473915
2014-01-03,0.00029660139981752833,0.00029660139981752833,0.00029660139981752833,0.0,0.0,0.0,0.0,False,0.0,0.0,0.00029660139981752833
2014-01-06,-0.001258818191481647,-0.001258818191481647,-0.001258818191481647,0.0,0.0,0.0,0.0,False,0.0,0.0,-0.001258818191481647
2014-01-07,0.003833908187884754,0.003833908187884754,0.003833908187884754,0.0,0.0,0.0,0.0,False,0.0,0.0,0.003833908187884754
2014-01-08,-0.0020060980740913086,-0.0020060980740913086,-0.0020060980740913086,0.0,0.0,0.0,0.0,False,0.0,0.0,-0.0020060980740913086
2014-01-09,0.0007598874330041422,0.0007598874330041422,0.0007598874330041422,0.0,0.0,0.0,0.0,False,0.0,0.0,0.0007598874330041422
2014-01-10,0.007286228841929239,0.007286228841929239,0.007286228841929239,0.0,0.0,0.0,0.0,False,0.0,0.0,0.007286228841929239
2014-01-13,-0.005980012178156404,-0.005980012178156404,-0.005980012178156404,0.0,0.0,0.0,0.0,False,0.0,0.0,-0.005980012178156404
2014-01-14,0.004615481365418076,0.004615481365418076,0.004615481365418076,0.0,0.0,0.0,0.0,False,0.0,0.0,0.004615481365418076
2014-01-15,0.0023900180523087743,0.0023900180523087743,0.0023900180523087743,0.0,0.0,0.0,0.0,False,0.0,0.0,0.0023900180523087743
2014-01-16,0.0003395689391400203,0.0003395689391400203,0.0003395689391400203,0.0,0.0,0.0,0.0,False,0.0,0.0,0.0003395689391400203
2014-01-17,-0.0014976370630816367,-0.0014976370630816367,-0.0014976370630816367,0.0,0.0,0.0,0.0,False,0.0,0.0,-0.0014976370630816367
2014-01-21,0.0013554589181356339,0.0013554589181356339,0.0013554589181356339,0.0,0.0,0.0,0.0,False,0.0,0.0,0.0013554589181356339
2014-01-22,0.0006581072140742913,0.0006581072140742913,0.0006581072140742913,0.0,0.0,0.0,0.0,False,0.0,0.0,0.0006581072140742913
2014-01-23,-0.00348299210078614,-0.00348299210078614,-0.00348299210078614,0.0,0.0,0.0,0.0,False,0.0,0.0,-0.00348299210078614
2014-01-24,-0.013137066739480393,-0.013137066739480393,-0.013137066739480393,0.0,0.0,0.0,0.0,False,0.0,0.0,-0.013137066739480393
2014-01-27,-0.004526684189693353,-0.004526684189693353,-0.004526684189693353,0.0,0.0,0.0,0.0,False,0.0,0.0,-0.004526684189693353
2014-01-28,0.005326576658105667,0.005326576658105667,0.005326576658105667,0.0,0.0,0.0,0.0,False,0.0,0.0,0.005326576658105667
2014-01-29,-0.004813304397063223,-0.004813304397063223,-0.004813304397063223,0.0,0.0,0.0,0.0,False,0.0,0.0,-0.004813304397063223
2014-01-30,0.005169672620249712,0.005169672620249712,0.005169672620249712,0.0,0.0,0.0,0.0,False,0.0,0.0,0.005169672620249712
2014-01-31,-0.002803795360950448,-0.002803795360950448,-0.002803795360950448,0.0,0.0,0.0,0.0,False,0.0,0.0,-0.002803795360950448
2014-02-03,-0.011546267778214497,-0.011565197446564824,-0.011546267778214497,-1.8929668350327333e-05,0.0,0.01892966835032686,1.8929668350326862e-05,True,0.01892966835032686,1.8929668350326862e-05,-0.011565197446564824
2014-02-04,0.004262136675609049,0.004262136675609049,0.004262136675609049,0.0,0.0,0.0,0.0,False,0.0,0.0,0.004262136675609049
2014-02-05,-0.002480177623967984,-0.002480177623967984,-0.002480177623967984,0.0,0.0,0.0,0.0,False,0.0,0.0,-0.002480177623967984
2014-02-06,0.008336659636011606,0.008336659636011606,0.008336659636011606,0.0,0.0,0.0,0.0,False,0.0,0.0,0.008336659636011606
2014-02-07,0.007861808645917427,0.007861808645917427,0.007861808645917427,0.0,0.0,0.0,0.0,False,0.0,0.0,0.007861808645917427
2014-02-10,-0.0006540827734359404,-0.0006540827734359404,-0.0006540827734359404,0.0,0.0,0.0,0.0,False,0.0,0.0,-0.0006540827734359404
2014-02-11,0.006842822300384817,0.006842822300384817,0.006842822300384817,0.0,0.0,0.0,0.0,False,0.0,0.0,0.006842822300384817
2014-02-12,-0.000537403778988263,-0.000537403778988263,-0.000537403778988263,0.0,0.0,0.0,0.0,False,0.0,0.0,-0.000537403778988263
2014-02-13,0.00458044365114822,0.00458044365114822,0.00458044365114822,0.0,0.0,0.0,0.0,False,0.0,0.0,0.00458044365114822
2014-02-14,0.0037314883166825238,0.0037314883166825238,0.0037314883166825238,0.0,0.0,0.0,0.0,False,0.0,0.0,0.0037314883166825238
2014-02-18,0.0021436849115799234,0.0021436849115799234,0.0021436849115799234,0.0,0.0,0.0,0.0,False,0.0,0.0,0.0021436849115799234
2014-02-19,-0.0050034846789256075,-0.0050034846789256075,-0.0050034846789256075,0.0,0.0,0.0,0.0,False,0.0,0.0,-0.0050034846789256075
2014-02-20,0.002698653689642631,0.002698653689642631,0.002698653689642631,0.0,0.0,0.0,0.0,False,0.0,0.0,0.002698653689642631
2014-02-21,0.001459975076247675,0.001459975076247675,0.001459975076247675,0.0,0.0,0.0,0.0,False,0.0,0.0,0.001459975076247675
2014-02-24,0.003152358232118505,0.003152358232118505,0.003152358232118505,0.0,0.0,0.0,0.0,False,0.0,0.0,0.003152358232118505
2014-02-25,8.512865336324075e-05,8.512865336324075e-05,8.512865336324075e-05,0.0,0.0,0.0,0.0,False,0.0,0.0,8.512865336324075e-05
2014-02-26,0.0011870660085939939,0.0011870660085939939,0.0011870660085939939,0.0,0.0,0.0,0.0,False,0.0,0.0,0.0011870660085939939
2014-02-27,0.005033136054581435,0.005033136054581435,0.005033136054581435,0.0,0.0,0.0,0.0,False,0.0,0.0,0.005033136054581435
2014-02-28,-9.769389679830103e-05,-9.769389679830103e-05,-9.769389679830103e-05,0.0,0.0,0.0,0.0,False,0.0,0.0,-9.769389679830103e-05
2014-03-03,-0.005612579416215001,-0.005622111797502122,-0.005612579416215001,-9.532381287120396e-06,0.0,0.009532381287120088,9.532381287120086e-06,True,0.009532381287120088,9.532381287120086e-06,-0.005622111797502122
2014-03-04,0.006949938145418101,0.006949938145418101,0.006949938145418101,0.0,0.0,0.0,0.0,False,0.0,0.0,0.006949938145418101
2014-03-05,0.0004303694729807793,0.0004303694729807793,0.0004303694729807793,0.0,0.0,0.0,0.0,False,0.0,0.0,0.0004303694729807793
2014-03-06,0.001855965552231294,0.001855965552231294,0.001855965552231294,0.0,0.0,0.0,0.0,False,0.0,0.0,0.001855965552231294
2014-03-07,-0.0036967470677419885,-0.0036967470677419885,-0.0036967470677419885,0.0,0.0,0.0,0.0,False,0.0,0.0,-0.0036967470677419885
2014-03-10,-0.0018949709120000286,-0.0018949709120000286,-0.0018949709120000286,0.0,0.0,0.0,0.0,False,0.0,0.0,-0.0018949709120000286
2014-03-11,-0.003860164783300965,-0.003860164783300965,-0.003860164783300965,0.0,0.0,0.0,0.0,False,0.0,0.0,-0.003860164783300965
2014-03-12,0.0015392267771826595,0.0015392267771826595,0.0015392267771826595,0.0,0.0,0.0,0.0,False,0.0,0.0,0.0015392267771826595
2014-03-13,-0.0061562313248256385,-0.0061562313248256385,-0.0061562313248256385,0.0,0.0,0.0,0.0,False,0.0,0.0,-0.0061562313248256385
2014-03-14,-0.0005516940537178154,-0.0005516940537178154,-0.0005516940537178154,0.0,0.0,0.0,0.0,False,0.0,0.0,-0.0005516940537178154
2014-03-17,0.004605959569792694,0.004605959569792694,0.004605959569792694,0.0,0.0,0.0,0.0,False,0.0,0.0,0.004605959569792694
2014-03-18,0.006323632497059661,0.006323632497059661,0.006323632497059661,0.0,0.0,0.0,0.0,False,0.0,0.0,0.006323632497059661
2014-03-19,-0.009193353282924114,-0.009193353282924114,-0.009193353282924114,0.0,0.0,0.0,0.0,False,0.0,0.0,-0.009193353282924114
2014-03-20,0.0018723846601156073,0.0018723846601156073,0.0018723846601156073,0.0,0.0,0.0,0.0,False,0.0,0.0,0.0018723846601156073
2014-03-21,0.0003349855049199177,0.0003349855049199177,0.0003349855049199177,0.0,0.0,0.0,0.0,False,0.0,0.0,0.0003349855049199177
2014-03-24,0.00023799278466473902,0.00023799278466473902,0.00023799278466473902,0.0,0.0,0.0,0.0,False,0.0,0.0,0.00023799278466473902
2014-03-25,0.003900400497693994,0.003900400497693994,0.003900400497693994,0.0,0.0,0.0,0.0,False,0.0,0.0,0.003900400497693994
2014-03-26,-0.0011103930836266877,-0.0011103930836266877,-0.0011103930836266877,0.0,0.0,0.0,0.0,False,0.0,0.0,-0.0011103930836266877
2014-03-27,0.0017911185212313924,0.0017911185212313924,0.0017911185212313924,0.0,0.0,0.0,0.0,False,0.0,0.0,0.0017911185212313924
2014-03-28,0.0022464285368212185,0.0022464285368212185,0.0022464285368212185,0.0,0.0,0.0,0.0,False,0.0,0.0,0.0022464285368212185
2014-03-31,0.004655090577371547,0.004655090577371547,0.004655090577371547,0.0,0.0,0.0,0.0,False,0.0,0.0,0.004655090577371547
2014-04-01,0.003563050905472759,0.003558367459697269,0.003563050905472759,-4.6834457754899896e-06,0.0,0.004683445775489823,4.683445775489823e-06,True,0.004683445775489823,4.683445775489823e-06,0.003558367459697269
2014-04-02,0.0003652316709963864,0.0003652316709963864,0.0003652316709963864,0.0,0.0,0.0,0.0,False,0.0,0.0,0.0003652316709963864
2014-04-03,-0.0010900659062561117,-0.0010900659062561117,-0.0010900659062561117,0.0,0.0,0.0,0.0,False,0.0,0.0,-0.0010900659062561117
2014-04-04,-0.003325701827384373,-0.003325701827384373,-0.003325701827384373,0.0,0.0,0.0,0.0,False,0.0,0.0,-0.003325701827384373
2014-04-07,-0.0031678996513139763,-0.0031678996513139763,-0.0031678996513139763,0.0,0.0,0.0,0.0,False,0.0,0.0,-0.0031678996513139763
2014-04-08,0.003446426459630729,0.003446426459630729,0.003446426459630729,0.0,0.0,0.0,0.0,False,0.0,0.0,0.003446426459630729
2014-04-09,0.00642000151839127,0.00642000151839127,0.00642000151839127,0.0,0.0,0.0,0.0,False,0.0,0.0,0.00642000151839127
2014-04-10,-0.009915911864669117,-0.009915911864669117,-0.009915911864669117,0.0,0.0,0.0,0.0,False,0.0,0.0,-0.009915911864669117
2014-04-11,-0.0032931138725910748,-0.0032931138725910748,-0.0032931138725910748,0.0,0.0,0.0,0.0,False,0.0,0.0,-0.0032931138725910748
2014-04-14,0.0027300585352308497,0.0027300585352308497,0.0027300585352308497,0.0,0.0,0.0,0.0,False,0.0,0.0,0.0027300585352308497
2014-04-15,0.00092394498485353,0.00092394498485353,0.00092394498485353,0.0,0.0,0.0,0.0,False,0.0,0.0,0.00092394498485353
2014-04-16,0.0065505702610035785,0.0065505702610035785,0.0065505702610035785,0.0,0.0,0.0,0.0,False,0.0,0.0,0.0065505702610035785
2014-04-17,-0.00021156331177077988,-0.00021156331177077988,-0.00021156331177077988,0.0,0.0,0.0,0.0,False,0.0,0.0,-0.00021156331177077988
2014-04-21,0.0009595554955619162,0.0009595554955619162,0.0009595554955619162,0.0,0.0,0.0,0.0,False,0.0,0.0,0.0009595554955619162
2014-04-22,0.002382508528052138,0.002382508528052138,0.002382508528052138,0.0,0.0,0.0,0.0,False,0.0,0.0,0.002382508528052138
2014-04-23,-0.0009617716147866626,-0.0009617716147866626,-0.0009617716147866626,0.0,0.0,0.0,0.0,False,0.0,0.0,-0.0009617716147866626
2014-04-24,0.0006198660995108784,0.0006198660995108784,0.0006198660995108784,0.0,0.0,0.0,0.0,False,0.0,0.0,0.0006198660995108784
2014-04-25,-0.005078614757352348,-0.005078614757352348,-0.005078614757352348,0.0,0.0,0.0,0.0,False,0.0,0.0,-0.005078614757352348
2014-04-28,0.0008991885670720389,0.0008991885670720389,0.0008991885670720389,0.0,0.0,0.0,0.0,False,0.0,0.0,0.0008991885670720389
2014-04-29,0.0035770830633900896,0.0035770830633900896,0.0035770830633900896,0.0,0.0,0.0,0.0,False,0.0,0.0,0.0035770830633900896
2014-04-30,0.002777162754768362,0.002777162754768362,0.002777162754768362,0.0,0.0,0.0,0.0,False,0.0,0.0,0.002777162754768362
2014-05-01,0.002293226384160413,0.0022905240480650645,0.002293226384160413,-2.7023360953484267e-06,0.0,0.00270233609534851,2.70233609534851e-06,True,0.00270233609534851,2.70233609534851e-06,0.0022905240480650645
2014-05-02,0.0008466676429838702,0.0008466676429838702,0.0008466676429838702,0.0,0.0,0.0,0.0,False,0.0,0.0,0.0008466676429838702
2014-05-05,-0.0009585561704772059,-0.0009585561704772059,-0.0009585561704772059,0.0,0.0,0.0,0.0,False,0.0,0.0,-0.0009585561704772059
2014-05-06,-0.0025309656488941928,-0.0025309656488941928,-0.0025309656488941928,0.0,0.0,0.0,0.0,False,0.0,0.0,-0.0025309656488941928
2014-05-07,0.002494151576546355,0.002494151576546355,0.002494151576546355,0.0,0.0,0.0,0.0,False,0.0,0.0,0.002494151576546355
2014-05-08,-0.0009949421901858865,-0.0009949421901858865,-0.0009949421901858865,0.0,0.0,0.0,0.0,False,0.0,0.0,-0.0009949421901858865
2014-05-09,1.9158411594695604e-05,1.9158411594695604e-05,1.9158411594695604e-05,0.0,0.0,0.0,0.0,False,0.0,0.0,1.9158411594695604e-05
2014-05-12,0.005592872933871411,0.005592872933871411,0.005592872933871411,0.0,0.0,0.0,0.0,False,0.0,0.0,0.005592872933871411
2014-05-13,0.00214847137680057,0.00214847137680057,0.00214847137680057,0.0,0.0,0.0,0.0,False,0.0,0.0,0.00214847137680057
2014-05-14,0.000412772586384104,0.000412772586384104,0.000412772586384104,0.0,0.0,0.0,0.0,False,0.0,0.0,0.000412772586384104
2014-05-15,-0.003174063486625329,-0.003174063486625329,-0.003174063486625329,0.0,0.0,0.0,0.0,False,0.0,0.0,-0.003174063486625329
2014-05-16,0.0022607242291554277,0.0022607242291554277,0.0022607242291554277,0.0,0.0,0.0,0.0,False,0.0,0.0,0.0022607242291554277
2014-05-19,0.0005405413024550328,0.0005405413024550328,0.0005405413024550328,0.0,0.0,0.0,0.0,False,0.0,0.0,0.0005405413024550328
2014-05-20,-0.0037077502592776116,-0.0037077502592776116,-0.0037077502592776116,0.0,0.0,0.0,0.0,False,0.0,0.0,-0.0037077502592776116
2014-05-21,0.00380460039801276,0.00380460039801276,0.00380460039801276,0.0,0.0,0.0,0.0,False,0.0,0.0,0.00380460039801276
2014-05-22,0.001810505717063763,0.001810505717063763,0.001810505717063763,0.0,0.0,0.0,0.0,False,0.0,0.0,0.001810505717063763
2014-05-23,0.002769947692261294,0.002769947692261294,0.002769947692261294,0.0,0.0,0.0,0.0,False,0.0,0.0,0.002769947692261294
2014-05-27,0.0036055715938550378,0.0036055715938550378,0.0036055715938550378,0.0,0.0,0.0,0.0,False,0.0,0.0,0.0036055715938550378
2014-05-28,0.002051394899779404,0.002051394899779404,0.002051394899779404,0.0,0.0,0.0,0.0,False,0.0,0.0,0.002051394899779404
2014-05-29,0.001946190252475985,0.001946190252475985,0.001946190252475985,0.0,0.0,0.0,0.0,False,0.0,0.0,0.001946190252475985
2014-05-30,-0.0012659215926771284,-0.0012659215926771284,-0.0012659215926771284,0.0,0.0,0.0,0.0,False,0.0,0.0,-0.0012659215926771284
2014-06-02,-0.0014395323318723953,-0.0014418310244559646,-0.0014395323318723953,-2.2986925835692413e-06,0.0,0.0022986925835692257,2.2986925835692256e-06,True,0.0022986925835692257,2.2986925835692256e-06,-0.0014418310244559646
2014-06-03,-0.0023737990036422473,-0.0023737990036422473,-0.0023737990036422473,0.0,0.0,0.0,0.0,False,0.0,0.0,-0.0023737990036422473
2014-06-04,-4.791164394943065e-05,-4.791164394943065e-05,-4.791164394943065e-05,0.0,0.0,0.0,0.0,False,0.0,0.0,-4.791164394943065e-05
2014-06-05,0.005749669015127697,0.005749669015127697,0.005749669015127697,0.0,0.0,0.0,0.0,False,0.0,0.0,0.005749669015127697
2014-06-06,0.0039203514972461564,0.0039203514972461564,0.0039203514972461564,0.0,0.0,0.0,0.0,False,0.0,0.0,0.0039203514972461564
2014-06-09,0.00032483866124529207,0.00032483866124529207,0.00032483866124529207,0.0,0.0,0.0,0.0,False,0.0,0.0,0.00032483866124529207
2014-06-10,-0.0006540597295786213,-0.0006540597295786213,-0.0006540597295786213,0.0,0.0,0.0,0.0,False,0.0,0.0,-0.0006540597295786213
2014-06-11,-0.0019387530992267508,-0.0019387530992267508,-0.0019387530992267508,0.0,0.0,0.0,0.0,False,0.0,0.0,-0.0019387530992267508
2014-06-12,-0.001225478936862904,-0.001225478936862904,-0.001225478936862904,0.0,0.0,0.0,0.0,False,0.0,0.0,-0.001225478936862904
2014-06-13,0.0007236956673485323,0.0007236956673485323,0.0007236956673485323,0.0,0.0,0.0,0.0,False,0.0,0.0,0.0007236956673485323
2014-06-16,0.0001801373394898096,0.0001801373394898096,0.0001801373394898096,0.0,0.0,0.0,0.0,False,0.0,0.0,0.0001801373394898096
2014-06-17,-0.0006011132955856492,-0.0006011132955856492,-0.0006011132955856492,0.0,0.0,0.0,0.0,False,0.0,0.0,-0.0006011132955856492
2014-06-18,0.00725596589749609,0.00725596589749609,0.00725596589749609,0.0,0.0,0.0,0.0,False,0.0,0.0,0.00725596589749609
2014-06-19,-0.0010311221643515857,-0.0010311221643515857,-0.0010311221643515857,0.0,0.0,0.0,0.0,False,0.0,0.0,-0.0010311221643515857
2014-06-20,0.0012019914168484515,0.0012019914168484515,0.0012019914168484515,0.0,0.0,0.0,0.0,False,0.0,0.0,0.0012019914168484515
2014-06-23,-0.0011079171825522803,-0.0011079171825522803,-0.0011079171825522803,0.0,0.0,0.0,0.0,False,0.0,0.0,-0.0011079171825522803
2014-06-24,-0.0014546761399093402,-0.0014546761399093402,-0.0014546761399093402,0.0,0.0,0.0,0.0,False,0.0,0.0,-0.0014546761399093402
2014-06-25,0.0024308092171423695,0.0024308092171423695,0.0024308092171423695,0.0,0.0,0.0,0.0,False,0.0,0.0,0.0024308092171423695
2014-06-26,0.0009461754285541508,0.0009461754285541508,0.0009461754285541508,0.0,0.0,0.0,0.0,False,0.0,0.0,0.0009461754285541508
2014-06-27,0.0011574514315021208,0.0011574514315021208,0.0011574514315021208,0.0,0.0,0.0,0.0,False,0.0,0.0,0.0011574514315021208
2014-06-30,3.897427777922477e-05,3.897427777922477e-05,3.897427777922477e-05,0.0,0.0,0.0,0.0,False,0.0,0.0,3.897427777922477e-05
2014-07-01,0.0031292761828426107,0.0031235425480345626,0.0031292761828426107,-5.733634808048095e-06,0.0,0.0057336348080480465,5.733634808048047e-06,True,0.0057336348080480465,5.733634808048047e-06,0.0031235425480345626
2014-07-02,-0.0009149404378739389,-0.0009149404378739389,-0.0009149404378739389,0.0,0.0,0.0,0.0,False,0.0,0.0,-0.0009149404378739389
2014-07-03,0.0019610720689060487,0.0019610720689060487,0.0019610720689060487,0.0,0.0,0.0,0.0,False,0.0,0.0,0.0019610720689060487
2014-07-07,-0.0020630220885153416,-0.0020630220885153416,-0.0020630220885153416,0.0,0.0,0.0,0.0,False,0.0,0.0,-0.0020630220885153416
2014-07-08,-0.002571445719558102,-0.002571445719558102,-0.002571445719558102,0.0,0.0,0.0,0.0,False,0.0,0.0,-0.002571445719558102
2014-07-09,0.0027924467836701063,0.0027924467836701063,0.0027924467836701063,0.0,0.0,0.0,0.0,False,0.0,0.0,0.0027924467836701063
2014-07-10,-0.0035864753748136935,-0.0035864753748136935,-0.0035864753748136935,0.0,0.0,0.0,0.0,False,0.0,0.0,-0.0035864753748136935
2014-07-11,0.0014381247754247759,0.0014381247754247759,0.0014381247754247759,0.0,0.0,0.0,0.0,False,0.0,0.0,0.0014381247754247759
2014-07-14,0.002673030995096864,0.002673030995096864,0.002673030995096864,0.0,0.0,0.0,0.0,False,0.0,0.0,0.002673030995096864
2014-07-15,-0.0019252219780968157,-0.0019252219780968157,-0.0019252219780968157,0.0,0.0,0.0,0.0,False,0.0,0.0,-0.0019252219780968157
2014-07-16,0.003069344824897614,0.003069344824897614,0.003069344824897614,0.0,0.0,0.0,0.0,False,0.0,0.0,0.003069344824897614
2014-07-17,-0.005638595963204271,-0.005638595963204271,-0.005638595963204271,0.0,0.0,0.0,0.0,False,0.0,0.0,-0.005638595963204271
2014-07-18,0.0057786145821832,0.0057786145821832,0.0057786145821832,0.0,0.0,0.0,0.0,False,0.0,0.0,0.0057786145821832
2014-07-21,-0.0006505401383966326,-0.0006505401383966326,-0.0006505401383966326,0.0,0.0,0.0,0.0,False,0.0,0.0,-0.0006505401383966326
2014-07-22,0.003788607261739389,0.003788607261739389,0.003788607261739389,0.0,0.0,0.0,0.0,False,0.0,0.0,0.003788607261739389
2014-07-23,0.0012152390540094466,0.0012152390540094466,0.0012152390540094466,0.0,0.0,0.0,0.0,False,0.0,0.0,0.0012152390540094466
2014-07-24,-0.0010444550651842832,-0.0010444550651842832,-0.0010444550651842832,0.0,0.0,0.0,0.0,False,0.0,0.0,-0.0010444550651842832
2014-07-25,-0.0009382997381343518,-0.0009382997381343518,-0.0009382997381343518,0.0,0.0,0.0,0.0,False,0.0,0.0,-0.0009382997381343518
2014-07-28,0.00014051902982988252,0.00014051902982988252,0.00014051902982988252,0.0,0.0,0.0,0.0,False,0.0,0.0,0.00014051902982988252
2014-07-29,-0.0014986890199660922,-0.0014986890199660922,-0.0014986890199660922,0.0,0.0,0.0,0.0,False,0.0,0.0,-0.0014986890199660922
2014-07-30,-0.003292284805812718,-0.003292284805812718,-0.003292284805812718,0.0,0.0,0.0,0.0,False,0.0,0.0,-0.003292284805812718
2014-07-31,-0.01194748337051837,-0.01194748337051837,-0.01194748337051837,0.0,0.0,0.0,0.0,False,0.0,0.0,-0.01194748337051837
2014-08-01,0.0007025271074395546,0.0006965965808052261,0.0007025271074395546,-5.930526634328505e-06,0.0,0.005930526634328529,5.930526634328529e-06,True,0.005930526634328529,5.930526634328529e-06,0.0006965965808052261
2014-08-04,0.004253860838641007,0.004253860838641007,0.004253860838641007,0.0,0.0,0.0,0.0,False,0.0,0.0,0.004253860838641007
2014-08-05,-0.006071248846573649,-0.006071248846573649,-0.006071248846573649,0.0,0.0,0.0,0.0,False,0.0,0.0,-0.006071248846573649
2014-08-06,-0.0008562409197856771,-0.0008562409197856771,-0.0008562409197856771,0.0,0.0,0.0,0.0,False,0.0,0.0,-0.0008562409197856771
2014-08-07,-0.0016669106162797256,-0.0016669106162797256,-0.0016669106162797256,0.0,0.0,0.0,0.0,False,0.0,0.0,-0.0016669106162797256
2014-08-08,0.005362243312914019,0.005362243312914019,0.005362243312914019,0.0,0.0,0.0,0.0,False,0.0,0.0,0.005362243312914019
2014-08-11,0.003148744213917286,0.003148744213917286,0.003148744213917286,0.0,0.0,0.0,0.0,False,0.0,0.0,0.003148744213917286
2014-08-12,-0.0014588455664412505,-0.0014588455664412505,-0.0014588455664412505,0.0,0.0,0.0,0.0,False,0.0,0.0,-0.0014588455664412505
2014-08-13,0.005089731930867095,0.005089731930867095,0.005089731930867095,0.0,0.0,0.0,0.0,False,0.0,0.0,0.005089731930867095
2014-08-14,0.0034071584728666273,0.0034071584728666273,0.0034071584728666273,0.0,0.0,0.0,0.0,False,0.0,0.0,0.0034071584728666273
2014-08-15,0.001299161462814578,0.001299161462814578,0.001299161462814578,0.0,0.0,0.0,0.0,False,0.0,0.0,0.001299161462814578
2014-08-18,0.003692733967173143,0.003692733967173143,0.003692733967173143,0.0,0.0,0.0,0.0,False,0.0,0.0,0.003692733967173143
2014-08-19,0.002110435488420787,0.002110435488420787,0.002110435488420787,0.0,0.0,0.0,0.0,False,0.0,0.0,0.002110435488420787
2014-08-20,-0.0010827855207687388,-0.0010827855207687388,-0.0010827855207687388,0.0,0.0,0.0,0.0,False,0.0,0.0,-0.0010827855207687388
2014-08-21,0.0024007233062326378,0.0024007233062326378,0.0024007233062326378,0.0,0.0,0.0,0.0,False,0.0,0.0,0.0024007233062326378
2014-08-22,-0.0009564043754578962,-0.0009564043754578962,-0.0009564043754578962,0.0,0.0,0.0,0.0,False,0.0,0.0,-0.0009564043754578962
2014-08-25,0.004044950610214638,0.004044950610214638,0.004044950610214638,0.0,0.0,0.0,0.0,False,0.0,0.0,0.004044950610214638
2014-08-26,0.0011805642215303139,0.0011805642215303139,0.0011805642215303139,0.0,0.0,0.0,0.0,False,0.0,0.0,0.0011805642215303139
2014-08-27,0.0017757710518139275,0.0017757710518139275,0.0017757710518139275,0.0,0.0,0.0,0.0,False,0.0,0.0,0.0017757710518139275
2014-08-28,-0.0012361796006929325,-0.0012361796006929325,-0.0012361796006929325,0.0,0.0,0.0,0.0,False,0.0,0.0,-0.0012361796006929325
2014-08-29,0.0010919303332770848,0.0010919303332770848,0.0010919303332770848,0.0,0.0,0.0,0.0,False,0.0,0.0,0.0010919303332770848
2014-09-02,-0.002591854104049224,-0.0025978983980299965,-0.002591854104049224,-6.044293980772639e-06,0.0,0.006044293980772705,6.0442939807727054e-06,True,0.006044293980772705,6.0442939807727054e-06,-0.0025978983980299965
2014-09-03,0.002650959364222622,0.002650959364222622,0.002650959364222622,0.0,0.0,0.0,0.0,False,0.0,0.0,0.002650959364222622
2014-09-04,-0.00398097020184279,-0.00398097020184279,-0.00398097020184279,0.0,0.0,0.0,0.0,False,0.0,0.0,-0.00398097020184279
2014-09-05,0.00239097985534347,0.00239097985534347,0.00239097985534347,0.0,0.0,0.0,0.0,False,0.0,0.0,0.00239097985534347
2014-09-08,-0.0039397447671846945,-0.0039397447671846945,-0.0039397447671846945,0.0,0.0,0.0,0.0,False,0.0,0.0,-0.0039397447671846945
2014-09-09,-0.005083506153934835,-0.005083506153934835,-0.005083506153934835,0.0,0.0,0.0,0.0,False,0.0,0.0,-0.005083506153934835
2014-09-10,0.0008131521635653253,0.0008131521635653253,0.0008131521635653253,0.0,0.0,0.0,0.0,False,0.0,0.0,0.0008131521635653253
2014-09-11,-0.001365952376271893,-0.001365952376271893,-0.001365952376271893,0.0,0.0,0.0,0.0,False,0.0,0.0,-0.001365952376271893
2014-09-12,-0.005548594948611908,-0.005548594948611908,-0.005548594948611908,0.0,0.0,0.0,0.0,False,0.0,0.0,-0.005548594948611908
2014-09-15,-0.0011145725816227722,-0.0011145725816227722,-0.0011145725816227722,0.0,0.0,0.0,0.0,False,0.0,0.0,-0.0011145725816227722
2014-09-16,0.004070190730697662,0.004070190730697662,0.004070190730697662,0.0,0.0,0.0,0.0,False,0.0,0.0,0.004070190730697662
2014-09-17,-0.00248647060510359,-0.00248647060510359,-0.00248647060510359,0.0,0.0,0.0,0.0,False,0.0,0.0,-0.00248647060510359
2014-09-18,0.003516014359191175,0.003516014359191175,0.003516014359191175,0.0,0.0,0.0,0.0,False,0.0,0.0,0.003516014359191175
2014-09-19,-0.00022550700803608244,-0.00022550700803608244,-0.00022550700803608244,0.0,0.0,0.0,0.0,False,0.0,0.0,-0.00022550700803608244
2014-09-22,-0.0045734474437979095,-0.0045734474437979095,-0.0045734474437979095,0.0,0.0,0.0,0.0,False,0.0,0.0,-0.0045734474437979095
2014-09-23,-0.0030283141492402858,-0.0030283141492402858,-0.0030283141492402858,0.0,0.0,0.0,0.0,False,0.0,0.0,-0.0030283141492402858
2014-09-24,0.0037598876112777684,0.0037598876112777684,0.0037598876112777684,0.0,0.0,0.0,0.0,False,0.0,0.0,0.0037598876112777684
2014-09-25,-0.008063892807383802,-0.008063892807383802,-0.008063892807383802,0.0,0.0,0.0,0.0,False,0.0,0.0,-0.008063892807383802
2014-09-26,0.0030566079547517393,0.0030566079547517393,0.0030566079547517393,0.0,0.0,0.0,0.0,False,0.0,0.0,0.0030566079547517393
2014-09-29,-0.002941333448692979,-0.002941333448692979,-0.002941333448692979,0.0,0.0,0.0,0.0,False,0.0,0.0,-0.002941333448692979
2014-09-30,-0.001900153627444323,-0.001900153627444323,-0.001900153627444323,0.0,0.0,0.0,0.0,False,0.0,0.0,-0.001900153627444323
2014-10-01,-0.0050377164199138956,-0.005046594191119896,-0.0050377164199138956,-8.87777120600012e-06,0.0,0.008877771206000296,8.877771206000296e-06,True,0.008877771206000296,8.877771206000296e-06,-0.005046594191119896
2014-10-02,-0.001609099865692383,-0.001609099865692383,-0.001609099865692383,0.0,0.0,0.0,0.0,False,0.0,0.0,-0.001609099865692383
2014-10-03,0.005099493017234994,0.005099493017234994,0.005099493017234994,0.0,0.0,0.0,0.0,False,0.0,0.0,0.005099493017234994
2014-10-06,0.0018933789715696258,0.0018933789715696258,0.0018933789715696258,0.0,0.0,0.0,0.0,False,0.0,0.0,0.0018933789715696258
2014-10-07,-0.006411736344080798,-0.006411736344080798,-0.006411736344080798,0.0,0.0,0.0,0.0,False,0.0,0.0,-0.006411736344080798
2014-10-08,0.011443112701746555,0.011443112701746555,0.011443112701746555,0.0,0.0,0.0,0.0,False,0.0,0.0,0.011443112701746555
2014-10-09,-0.013959211256542267,-0.013959211256542267,-0.013959211256542267,0.0,0.0,0.0,0.0,False,0.0,0.0,-0.013959211256542267
2014-10-10,-0.0068891505144513905,-0.0068891505144513905,-0.0068891505144513905,0.0,0.0,0.0,0.0,False,0.0,0.0,-0.0068891505144513905
2014-10-13,-0.0024235602292227696,-0.0024235602292227696,-0.0024235602292227696,0.0,0.0,0.0,0.0,False,0.0,0.0,-0.0024235602292227696
2014-10-14,0.003073023018184774,0.003073023018184774,0.003073023018184774,0.0,0.0,0.0,0.0,False,0.0,0.0,0.003073023018184774
2014-10-15,-0.0018820868314421365,-0.0018820868314421365,-0.0018820868314421365,0.0,0.0,0.0,0.0,False,0.0,0.0,-0.0018820868314421365
2014-10-16,-0.0031894654234527987,-0.0031894654234527987,-0.0031894654234527987,0.0,0.0,0.0,0.0,False,0.0,0.0,-0.0031894654234527987
2014-10-17,0.006047356757557359,0.006047356757557359,0.006047356757557359,0.0,0.0,0.0,0.0,False,0.0,0.0,0.006047356757557359
2014-10-20,0.005375496641643583,0.005375496641643583,0.005375496641643583,0.0,0.0,0.0,0.0,False,0.0,0.0,0.005375496641643583
2014-10-21,0.007674831589366925,0.007674831589366925,0.007674831589366925,0.0,0.0,0.0,0.0,False,0.0,0.0,0.007674831589366925
2014-10-22,-0.0047879383026836414,-0.0047879383026836414,-0.0047879383026836414,0.0,0.0,0.0,0.0,False,0.0,0.0,-0.0047879383026836414
2014-10-23,0.004068647517403627,0.004068647517403627,0.004068647517403627,0.0,0.0,0.0,0.0,False,0.0,0.0,0.004068647517403627
2014-10-24,0.004161082956308362,0.004161082956308362,0.004161082956308362,0.0,0.0,0.0,0.0,False,0.0,0.0,0.004161082956308362
2014-10-27,-0.0015253553235237828,-0.0015253553235237828,-0.0015253553235237828,0.0,0.0,0.0,0.0,False,0.0,0.0,-0.0015253553235237828
2014-10-28,0.0077020400506563474,0.0077020400506563474,0.0077020400506563474,0.0,0.0,0.0,0.0,False,0.0,0.0,0.0077020400506563474
2014-10-29,-0.002378953648766,-0.002378953648766,-0.002378953648766,0.0,0.0,0.0,0.0,False,0.0,0.0,-0.002378953648766
2014-10-30,0.004697425629840219,0.004697425629840219,0.004697425629840219,0.0,0.0,0.0,0.0,False,0.0,0.0,0.004697425629840219
2014-10-31,0.006829635097588294,0.006829635097588294,0.006829635097588294,0.0,0.0,0.0,0.0,False,0.0,0.0,0.006829635097588294
2014-11-03,-0.00241311995387844,-0.002417722836502189,-0.00241311995387844,-4.602882623749079e-06,0.0,0.004602882623748989,4.6028826237489895e-06,True,0.004602882623748989,4.6028826237489895e-06,-0.002417722836502189
2014-11-04,-0.0016759025290757465,-0.0016759025290757465,-0.0016759025290757465,0.0,0.0,0.0,0.0,False,0.0,0.0,-0.0016759025290757465
2014-11-05,0.0010960463866473914,0.0010960463866473914,0.0010960463866473914,0.0,0.0,0.0,0.0,False,0.0,0.0,0.0010960463866473914
2014-11-06,-0.0019818626416291934,-0.0019818626416291934,-0.0019818626416291934,0.0,0.0,0.0,0.0,False,0.0,0.0,-0.0019818626416291934
2014-11-07,0.0038612821151416715,0.0038612821151416715,0.0038612821151416715,0.0,0.0,0.0,0.0,False,0.0,0.0,0.0038612821151416715
2014-11-10,8.00352651128091e-05,8.00352651128091e-05,8.00352651128091e-05,0.0,0.0,0.0,0.0,False,0.0,0.0,8.00352651128091e-05
2014-11-11,0.0011694180060407096,0.0011694180060407096,0.0011694180060407096,0.0,0.0,0.0,0.0,False,0.0,0.0,0.0011694180060407096
2014-11-12,-0.0016870156166991451,-0.0016870156166991451,-0.0016870156166991451,0.0,0.0,0.0,0.0,False,0.0,0.0,-0.0016870156166991451
2014-11-13,0.0006348515198918749,0.0006348515198918749,0.0006348515198918749,0.0,0.0,0.0,0.0,False,0.0,0.0,0.0006348515198918749
2014-11-14,0.0018565146544012273,0.0018565146544012273,0.0018565146544012273,0.0,0.0,0.0,0.0,False,0.0,0.0,0.0018565146544012273
2014-11-17,-0.0025585464575815725,-0.0025585464575815725,-0.0025585464575815725,0.0,0.0,0.0,0.0,False,0.0,0.0,-0.0025585464575815725
2014-11-18,0.0046847381403814356,0.0046847381403814356,0.0046847381403814356,0.0,0.0,0.0,0.0,False,0.0,0.0,0.0046847381403814356
2014-11-19,-0.003154151308329924,-0.003154151308329924,-0.003154151308329924,0.0,0.0,0.0,0.0,False,0.0,0.0,-0.003154151308329924
2014-11-20,0.0012217242850911503,0.0012217242850911503,0.0012217242850911503,0.0,0.0,0.0,0.0,False,0.0,0.0,0.0012217242850911503
2014-11-21,0.00743236098849724,0.00743236098849724,0.00743236098849724,0.0,0.0,0.0,0.0,False,0.0,0.0,0.00743236098849724
2014-11-24,0.0019900884253961,0.0019900884253961,0.0019900884253961,0.0,0.0,0.0,0.0,False,0.0,0.0,0.0019900884253961
2014-11-25,0.0009817526585841002,0.0009817526585841002,0.0009817526585841002,0.0,0.0,0.0,0.0,False,0.0,0.0,0.0009817526585841002
2014-11-26,0.0037551207260325013,0.0037551207260325013,0.0037551207260325013,0.0,0.0,0.0,0.0,False,0.0,0.0,0.0037551207260325013
2014-11-28,-0.003010633775354241,-0.003010633775354241,-0.003010633775354241,0.0,0.0,0.0,0.0,False,0.0,0.0,-0.003010633775354241
2014-12-01,-0.006018254642189002,-0.006023737183704473,-0.006018254642189002,-5.482541515470715e-06,0.0,0.00548254151547058,5.48254151547058e-06,True,0.00548254151547058,5.48254151547058e-06,-0.006023737183704473
2014-12-02,0.0005464814360554291,0.0005464814360554291,0.0005464814360554291,0.0,0.0,0.0,0.0,False,0.0,0.0,0.0005464814360554291
2014-12-03,0.0021456519513201044,0.0021456519513201044,0.0021456519513201044,0.0,0.0,0.0,0.0,False,0.0,0.0,0.0021456519513201044
2014-12-04,0.00045396092037229926,0.00045396092037229926,0.00045396092037229926,0.0,0.0,0.0,0.0,False,0.0,0.0,0.00045396092037229926
2014-12-05,-0.0010153553161631852,-0.0010153553161631852,-0.0010153553161631852,0.0,0.0,0.0,0.0,False,0.0,0.0,-0.0010153553161631852
2014-12-08,-0.0034469746863350216,-0.0034469746863350216,-0.0034469746863350216,0.0,0.0,0.0,0.0,False,0.0,0.0,-0.0034469746863350216
2014-12-09,3.921124610450563e-05,3.921124610450563e-05,3.921124610450563e-05,0.0,0.0,0.0,0.0,False,0.0,0.0,3.921124610450563e-05
2014-12-10,-0.0079996681527604,-0.0079996681527604,-0.0079996681527604,0.0,0.0,0.0,0.0,False,0.0,0.0,-0.0079996681527604
2014-12-11,0.0004309903123938188,0.0004309903123938188,0.0004309903123938188,0.0,0.0,0.0,0.0,False,0.0,0.0,0.0004309903123938188
2014-12-12,-0.0072743081331822276,-0.0072743081331822276,-0.0072743081331822276,0.0,0.0,0.0,0.0,False,0.0,0.0,-0.0072743081331822276
2014-12-15,-0.006829342235799382,-0.006829342235799382,-0.006829342235799382,0.0,0.0,0.0,0.0,False,0.0,0.0,-0.006829342235799382
2014-12-16,8.752856397363555e-05,8.752856397363555e-05,8.752856397363555e-05,0.0,0.0,0.0,0.0,False,0.0,0.0,8.752856397363555e-05
2014-12-17,0.009337333645043104,0.009337333645043104,0.009337333645043104,0.0,0.0,0.0,0.0,False,0.0,0.0,0.009337333645043104
2014-12-18,0.010092638562717032,0.010092638562717032,0.010092638562717032,0.0,0.0,0.0,0.0,False,0.0,0.0,0.010092638562717032
2014-12-19,0.003641585150247234,0.003641585150247234,0.003641585150247234,0.0,0.0,0.0,0.0,False,0.0,0.0,0.003641585150247234
2014-12-22,0.0043316362296909085,0.0043316362296909085,0.0043316362296909085,0.0,0.0,0.0,0.0,False,0.0,0.0,0.0043316362296909085
2014-12-23,-0.004712397543385444,-0.004712397543385444,-0.004712397543385444,0.0,0.0,0.0,0.0,False,0.0,0.0,-0.004712397543385444
2014-12-24,0.0019715613625549125,0.0019715613625549125,0.0019715613625549125,0.0,0.0,0.0,0.0,False,0.0,0.0,0.0019715613625549125
2014-12-26,0.0030267785799229013,0.0030267785799229013,0.0030267785799229013,0.0,0.0,0.0,0.0,False,0.0,0.0,0.0030267785799229013
2014-12-29,0.00032608731298736847,0.00032608731298736847,0.00032608731298736847,0.0,0.0,0.0,0.0,False,0.0,0.0,0.00032608731298736847
2014-12-30,-0.0026006673121372293,-0.0026006673121372293,-0.0026006673121372293,0.0,0.0,0.0,0.0,False,0.0,0.0,-0.0026006673121372293
2014-12-31,-0.0037230480258935664,-0.0037230480258935664,-0.0037230480258935664,0.0,0.0,0.0,0.0,False,0.0,0.0,-0.0037230480258935664
2015-01-02,-0.0003111927839571484,-0.0003193538393593691,-0.0003111927839571484,-8.161055402220699e-06,0.0,0.008161055402220698,8.161055402220699e-06,True,0.008161055402220698,8.161055402220699e-06,-0.0003193538393593691
2015-01-05,-0.008727770919780074,-0.008727770919780074,-0.008727770919780074,0.0,0.0,0.0,0.0,False,0.0,0.0,-0.008727770919780074
2015-01-06,-0.0028069106632001685,-0.0028069106632001685,-0.0028069106632001685,0.0,0.0,0.0,0.0,False,0.0,0.0,-0.0028069106632001685
2015-01-07,0.008072904698355154,0.008072904698355154,0.008072904698355154,0.0,0.0,0.0,0.0,False,0.0,0.0,0.008072904698355154
2015-01-08,0.0077381813841483635,0.0077381813841483635,0.0077381813841483635,0.0,0.0,0.0,0.0,False,0.0,0.0,0.0077381813841483635
2015-01-09,-0.0019570427556342817,-0.0019570427556342817,-0.0019570427556342817,0.0,0.0,0.0,0.0,False,0.0,0.0,-0.0019570427556342817
2015-01-12,-0.0023498043098828495,-0.0023498043098828495,-0.0023498043098828495,0.0,0.0,0.0,0.0,False,0.0,0.0,-0.0023498043098828495
2015-01-13,0.001138049894352092,0.001138049894352092,0.001138049894352092,0.0,0.0,0.0,0.0,False,0.0,0.0,0.001138049894352092
2015-01-14,-0.0013507724150016768,-0.0013507724150016768,-0.0013507724150016768,0.0,0.0,0.0,0.0,False,0.0,0.0,-0.0013507724150016768
2015-01-15,0.0010336422637852402,0.0010336422637852402,0.0010336422637852402,0.0,0.0,0.0,0.0,False,0.0,0.0,0.0010336422637852402
2015-01-16,0.004287022049277945,0.004287022049277945,0.004287022049277945,0.0,0.0,0.0,0.0,False,0.0,0.0,0.004287022049277945
2015-01-20,0.0023034562622012054,0.0023034562622012054,0.0023034562622012054,0.0,0.0,0.0,0.0,False,0.0,0.0,0.0023034562622012054
2015-01-21,0.0030469509757182407,0.0030469509757182407,0.0030469509757182407,0.0,0.0,0.0,0.0,False,0.0,0.0,0.0030469509757182407
2015-01-22,0.007074860634773883,0.007074860634773883,0.007074860634773883,0.0,0.0,0.0,0.0,False,0.0,0.0,0.007074860634773883
2015-01-23,-0.00036220178958755944,-0.00036220178958755944,-0.00036220178958755944,0.0,0.0,0.0,0.0,False,0.0,0.0,-0.00036220178958755944
2015-01-26,0.0025832887745488725,0.0025832887745488725,0.0025832887745488725,0.0,0.0,0.0,0.0,False,0.0,0.0,0.0025832887745488725
2015-01-27,-0.003974894151362166,-0.003974894151362166,-0.003974894151362166,0.0,0.0,0.0,0.0,False,0.0,0.0,-0.003974894151362166
2015-01-28,-0.004473575523559454,-0.004473575523559454,-0.004473575523559454,0.0,0.0,0.0,0.0,False,0.0,0.0,-0.004473575523559454
2015-01-29,0.003943783959280877,0.003943783959280877,0.003943783959280877,0.0,0.0,0.0,0.0,False,0.0,0.0,0.003943783959280877
2015-01-30,-0.005885527903752982,-0.005885527903752982,-0.005885527903752982,0.0,0.0,0.0,0.0,False,0.0,0.0,-0.005885527903752982
2015-02-02,0.007481130766657162,0.007465672717738089,0.007481130766657162,-1.5458048919073097e-05,0.0,0.015458048919073084,1.5458048919073084e-05,True,0.015458048919073084,1.5458048919073084e-05,0.007465672717738089
2015-02-03,0.005647175051389232,0.005647175051389232,0.005647175051389232,0.0,0.0,0.0,0.0,False,0.0,0.0,0.005647175051389232
2015-02-04,-0.0025011432210920257,-0.0025011432210920257,-0.0025011432210920257,0.0,0.0,0.0,0.0,False,0.0,0.0,-0.0025011432210920257
2015-02-05,0.004697317574373298,0.004697317574373298,0.004697317574373298,0.0,0.0,0.0,0.0,False,0.0,0.0,0.004697317574373298
2015-02-06,-0.009097161232572131,-0.009097161232572131,-0.009097161232572131,0.0,0.0,0.0,0.0,False,0.0,0.0,-0.009097161232572131
2015-02-09,-0.002735992532451648,-0.002735992532451648,-0.002735992532451648,0.0,0.0,0.0,0.0,False,0.0,0.0,-0.002735992532451648
2015-02-10,0.003469150547653401,0.003469150547653401,0.003469150547653401,0.0,0.0,0.0,0.0,False,0.0,0.0,0.003469150547653401
2015-02-11,-0.0013484440065317464,-0.0013484440065317464,-0.0013484440065317464,0.0,0.0,0.0,0.0,False,0.0,0.0,-0.0013484440065317464
2015-02-12,0.008357486956730976,0.008357486956730976,0.008357486956730976,0.0,0.0,0.0,0.0,False,0.0,0.0,0.008357486956730976
2015-02-13,0.0020670049177453744,0.0020670049177453744,0.0020670049177453744,0.0,0.0,0.0,0.0,False,0.0,0.0,0.0020670049177453744
2015-02-17,-0.0019281627341628013,-0.0019281627341628013,-0.0019281627341628013,0.0,0.0,0.0,0.0,False,0.0,0.0,-0.0019281627341628013
2015-02-18,0.00267201531645295,0.00267201531645295,0.00267201531645295,0.0,0.0,0.0,0.0,False,0.0,0.0,0.00267201531645295
2015-02-19,-0.0012574903499548472,-0.0012574903499548472,-0.0012574903499548472,0.0,0.0,0.0,0.0,False,0.0,0.0,-0.0012574903499548472
2015-02-20,0.0043758054398104675,0.0043758054398104675,0.0043758054398104675,0.0,0.0,0.0,0.0,False,0.0,0.0,0.0043758054398104675
2015-02-23,0.0002974360266540119,0.0002974360266540119,0.0002974360266540119,0.0,0.0,0.0,0.0,False,0.0,0.0,0.0002974360266540119
2015-02-24,0.0061677421379862886,0.0061677421379862886,0.0061677421379862886,0.0,0.0,0.0,0.0,False,0.0,0.0,0.0061677421379862886
2015-02-25,0.00021933054475901134,0.00021933054475901134,0.00021933054475901134,0.0,0.0,0.0,0.0,False,0.0,0.0,0.00021933054475901134
2015-02-26,-0.003119617457227703,-0.003119617457227703,-0.003119617457227703,0.0,0.0,0.0,0.0,False,0.0,0.0,-0.003119617457227703
2015-02-27,5.48033385503616e-05,5.48033385503616e-05,5.48033385503616e-05,0.0,0.0,0.0,0.0,False,0.0,0.0,5.48033385503616e-05
2015-03-02,-0.0013801460312637013,-0.0013992799917519855,-0.0013801460312637013,-1.913396048828413e-05,0.0,0.01913396048828423,1.913396048828423e-05,True,0.01913396048828423,1.913396048828423e-05,-0.0013992799917519855
2015-03-03,-0.003916999224452272,-0.003916999224452272,-0.003916999224452272,0.0,0.0,0.0,0.0,False,0.0,0.0,-0.003916999224452272
2015-03-04,-0.0030522710444827487,-0.0030522710444827487,-0.0030522710444827487,0.0,0.0,0.0,0.0,False,0.0,0.0,-0.0030522710444827487
2015-03-05,0.0009278220104746375,0.0009278220104746375,0.0009278220104746375,0.0,0.0,0.0,0.0,False,0.0,0.0,0.0009278220104746375
2015-03-06,-0.013157966688032138,-0.013157966688032138,-0.013157966688032138,0.0,0.0,0.0,0.0,False,0.0,0.0,-0.013157966688032138
2015-03-09,0.0033164238423734607,0.0033164238423734607,0.0033164238423734607,0.0,0.0,0.0,0.0,False,0.0,0.0,0.0033164238423734607
2015-03-10,-0.009174432965402633,-0.009174432965402633,-0.009174432965402633,0.0,0.0,0.0,0.0,False,0.0,0.0,-0.009174432965402633
2015-03-11,0.002219600141325146,0.002219600141325146,0.002219600141325146,0.0,0.0,0.0,0.0,False,0.0,0.0,0.002219600141325146
2015-03-12,0.007082493388474983,0.007082493388474983,0.007082493388474983,0.0,0.0,0.0,0.0,False,0.0,0.0,0.007082493388474983
2015-03-13,-0.0049474788644601735,-0.0049474788644601735,-0.0049474788644601735,0.0,0.0,0.0,0.0,False,0.0,0.0,-0.0049474788644601735
2015-03-16,0.008470198776666396,0.008470198776666396,0.008470198776666396,0.0,0.0,0.0,0.0,False,0.0,0.0,0.008470198776666396
2015-03-17,0.0010684149846100928,0.0010684149846100928,0.0010684149846100928,0.0,0.0,0.0,0.0,False,0.0,0.0,0.0010684149846100928
2015-03-18,0.014720554790568479,0.014720554790568479,0.014720554790568479,0.0,0.0,0.0,0.0,False,0.0,0.0,0.014720554790568479
2015-03-19,-0.0066510088274089755,-0.0066510088274089755,-0.0066510088274089755,0.0,0.0,0.0,0.0,False,0.0,0.0,-0.0066510088274089755
2015-03-20,0.009352954824983236,0.009352954824983236,0.009352954824983236,0.0,0.0,0.0,0.0,False,0.0,0.0,0.009352954824983236
2015-03-23,0.0009636134523725467,0.0009636134523725467,0.0009636134523725467,0.0,0.0,0.0,0.0,False,0.0,0.0,0.0009636134523725467
2015-03-24,-0.00030095042700932614,-0.00030095042700932614,-0.00030095042700932614,0.0,0.0,0.0,0.0,False,0.0,0.0,-0.00030095042700932614
2015-03-25,-0.009640509510439129,-0.009640509510439129,-0.009640509510439129,0.0,0.0,0.0,0.0,False,0.0,0.0,-0.009640509510439129
2015-03-26,-0.00586474579642385,-0.00586474579642385,-0.00586474579642385,0.0,0.0,0.0,0.0,False,0.0,0.0,-0.00586474579642385
2015-03-27,0.0036884015780240345,0.0036884015780240345,0.0036884015780240345,0.0,0.0,0.0,0.0,False,0.0,0.0,0.0036884015780240345
2015-03-30,0.006262733643652693,0.006262733643652693,0.006262733643652693,0.0,0.0,0.0,0.0,False,0.0,0.0,0.006262733643652693
2015-03-31,-0.004416192998383835,-0.004416192998383835,-0.004416192998383835,0.0,0.0,0.0,0.0,False,0.0,0.0,-0.004416192998383835
2015-04-01,0.003320200470155943,0.0033145244814567574,0.003320200470155943,-5.675988699185581e-06,0.0,0.005675988699185626,5.675988699185626e-06,True,0.005675988699185626,5.675988699185626e-06,0.0033145244814567574
2015-04-02,0.002631293312502763,0.002631293312502763,0.002631293312502763,0.0,0.0,0.0,0.0,False,0.0,0.0,0.002631293312502763
2015-04-06,0.005249837674456818,0.005249837674456818,0.005249837674456818,0.0,0.0,0.0,0.0,False,0.0,0.0,0.005249837674456818
2015-04-07,-0.0007182656807369512,-0.0007182656807369512,-0.0007182656807369512,0.0,0.0,0.0,0.0,False,0.0,0.0,-0.0007182656807369512
2015-04-08,0.0040088565459704935,0.0040088565459704935,0.0040088565459704935,0.0,0.0,0.0,0.0,False,0.0,0.0,0.0040088565459704935
2015-04-09,0.00017917290219661257,0.00017917290219661257,0.00017917290219661257,0.0,0.0,0.0,0.0,False,0.0,0.0,0.00017917290219661257
2015-04-10,0.002467642937073024,0.002467642937073024,0.002467642937073024,0.0,0.0,0.0,0.0,False,0.0,0.0,0.002467642937073024
2015-04-13,-0.002484146573337988,-0.002484146573337988,-0.002484146573337988,0.0,0.0,0.0,0.0,False,0.0,0.0,-0.002484146573337988
2015-04-14,0.0034277700405710857,0.0034277700405710857,0.0034277700405710857,0.0,0.0,0.0,0.0,False,0.0,0.0,0.0034277700405710857
2015-04-15,0.003276660839225551,0.003276660839225551,0.003276660839225551,0.0,0.0,0.0,0.0,False,0.0,0.0,0.003276660839225551
2015-04-16,0.0009445111187840126,0.0009445111187840126,0.0009445111187840126,0.0,0.0,0.0,0.0,False,0.0,0.0,0.0009445111187840126
2015-04-17,-0.00666272255673726,-0.00666272255673726,-0.00666272255673726,0.0,0.0,0.0,0.0,False,0.0,0.0,-0.00666272255673726
2015-04-20,0.0021097600654012222,0.0021097600654012222,0.0021097600654012222,0.0,0.0,0.0,0.0,False,0.0,0.0,0.0021097600654012222
2015-04-21,0.0008823323662163782,0.0008823323662163782,0.0008823323662163782,0.0,0.0,0.0,0.0,False,0.0,0.0,0.0008823323662163782
2015-04-22,0.00012147753388565502,0.00012147753388565502,0.00012147753388565502,0.0,0.0,0.0,0.0,False,0.0,0.0,0.00012147753388565502
2015-04-23,0.0035187308576548524,0.0035187308576548524,0.0035187308576548524,0.0,0.0,0.0,0.0,False,0.0,0.0,0.0035187308576548524
2015-04-24,0.003077675516711147,0.003077675516711147,0.003077675516711147,0.0,0.0,0.0,0.0,False,0.0,0.0,0.003077675516711147
2015-04-27,-0.0010413415297816832,-0.0010413415297816832,-0.0010413415297816832,0.0,0.0,0.0,0.0,False,0.0,0.0,-0.0010413415297816832
2015-04-28,-0.0008627842644984115,-0.0008627842644984115,-0.0008627842644984115,0.0,0.0,0.0,0.0,False,0.0,0.0,-0.0008627842644984115
2015-04-29,-0.006968915235251895,-0.006968915235251895,-0.006968915235251895,0.0,0.0,0.0,0.0,False,0.0,0.0,-0.006968915235251895
2015-04-30,-0.007153615826794439,-0.007153615826794439,-0.007153615826794439,0.0,0.0,0.0,0.0,False,0.0,0.0,-0.007153615826794439
2015-05-01,0.0032594516102188937,0.0032493490633944294,0.0032594516102188937,-1.0102546824464296e-05,0.0,0.010102546824464105,1.0102546824464104e-05,True,0.010102546824464105,1.0102546824464104e-05,0.0032493490633944294
2015-05-04,0.00011784815608911157,0.00011784815608911157,0.00011784815608911157,0.0,0.0,0.0,0.0,False,0.0,0.0,0.00011784815608911157
2015-05-05,-0.008104263338604792,-0.008104263338604792,-0.008104263338604792,0.0,0.0,0.0,0.0,False,0.0,0.0,-0.008104263338604792
2015-05-06,-0.004381231441556042,-0.004381231441556042,-0.004381231441556042,0.0,0.0,0.0,0.0,False,0.0,0.0,-0.004381231441556042
2015-05-07,0.002846315330709265,0.002846315330709265,0.002846315330709265,0.0,0.0,0.0,0.0,False,0.0,0.0,0.002846315330709265
2015-05-08,0.010859077348654394,0.010859077348654394,0.010859077348654394,0.0,0.0,0.0,0.0,False,0.0,0.0,0.010859077348654394
2015-05-11,-0.008320131753158396,-0.008320131753158396,-0.008320131753158396,0.0,0.0,0.0,0.0,False,0.0,0.0,-0.008320131753158396
2015-05-12,-0.0013603655958964451,-0.0013603655958964451,-0.0013603655958964451,0.0,0.0,0.0,0.0,False,0.0,0.0,-0.0013603655958964451
2015-05-13,0.0005943179299332213,0.0005943179299332213,0.0005943179299332213,0.0,0.0,0.0,0.0,False,0.0,0.0,0.0005943179299332213
2015-05-14,0.007830191131805976,0.007830191131805976,0.007830191131805976,0.0,0.0,0.0,0.0,False,0.0,0.0,0.007830191131805976
2015-05-15,0.004603360192142298,0.004603360192142298,0.004603360192142298,0.0,0.0,0.0,0.0,False,0.0,0.0,0.004603360192142298
2015-05-18,-0.0032857279454463068,-0.0032857279454463068,-0.0032857279454463068,0.0,0.0,0.0,0.0,False,0.0,0.0,-0.0032857279454463068
2015-05-19,-0.0026693520149060567,-0.0026693520149060567,-0.0026693520149060567,0.0,0.0,0.0,0.0,False,0.0,0.0,-0.0026693520149060567
2015-05-20,0.0007845840973537065,0.0007845840973537065,0.0007845840973537065,0.0,0.0,0.0,0.0,False,0.0,0.0,0.0007845840973537065
2015-05-21,0.0038228556570763144,0.0038228556570763144,0.0038228556570763144,0.0,0.0,0.0,0.0,False,0.0,0.0,0.0038228556570763144
2015-05-22,-0.0021363936722265274,-0.0021363936722265274,-0.0021363936722265274,0.0,0.0,0.0,0.0,False,0.0,0.0,-0.0021363936722265274
2015-05-26,-0.005399741624856137,-0.005399741624856137,-0.005399741624856137,0.0,0.0,0.0,0.0,False,0.0,0.0,-0.005399741624856137
2015-05-27,0.005146511301698135,0.005146511301698135,0.005146511301698135,0.0,0.0,0.0,0.0,False,0.0,0.0,0.005146511301698135
2015-05-28,-0.0021820437028198894,-0.0021820437028198894,-0.0021820437028198894,0.0,0.0,0.0,0.0,False,0.0,0.0,-0.0021820437028198894
2015-05-29,-0.004318247622956349,-0.004318247622956349,-0.004318247622956349,0.0,0.0,0.0,0.0,False,0.0,0.0,-0.004318247622956349
2015-06-01,-0.00228637162138941,-0.0022929242301053324,-0.00228637162138941,-6.552608715922233e-06,0.0,0.006552608715922208,6.552608715922209e-06,True,0.006552608715922208,6.552608715922209e-06,-0.0022929242301053324
2015-06-02,-0.001958807551743779,-0.001958807551743779,-0.001958807551743779,0.0,0.0,0.0,0.0,False,0.0,0.0,-0.001958807551743779
2015-06-03,-0.0018134404797264245,-0.0018134404797264245,-0.0018134404797264245,0.0,0.0,0.0,0.0,False,0.0,0.0,-0.0018134404797264245
2015-06-04,-0.003860273869365163,-0.003860273869365163,-0.003860273869365163,0.0,0.0,0.0,0.0,False,0.0,0.0,-0.003860273869365163
2015-06-05,-0.00518171577577073,-0.00518171577577073,-0.00518171577577073,0.0,0.0,0.0,0.0,False,0.0,0.0,-0.00518171577577073
2015-06-08,-0.0022008069343951433,-0.0022008069343951433,-0.0022008069343951433,0.0,0.0,0.0,0.0,False,0.0,0.0,-0.0022008069343951433
2015-06-09,-0.0033251526243956854,-0.0033251526243956854,-0.0033251526243956854,0.0,0.0,0.0,0.0,False,0.0,0.0,-0.0033251526243956854
2015-06-10,0.007260012125852913,0.007260012125852913,0.007260012125852913,0.0,0.0,0.0,0.0,False,0.0,0.0,0.007260012125852913
2015-06-11,0.004905619681741973,0.004905619681741973,0.004905619681741973,0.0,0.0,0.0,0.0,False,0.0,0.0,0.004905619681741973
2015-06-12,-0.004049406563692709,-0.004049406563692709,-0.004049406563692709,0.0,0.0,0.0,0.0,False,0.0,0.0,-0.004049406563692709
2015-06-15,-0.002951231463399928,-0.002951231463399928,-0.002951231463399928,0.0,0.0,0.0,0.0,False,0.0,0.0,-0.002951231463399928
2015-06-16,0.0035102665024391586,0.0035102665024391586,0.0035102665024391586,0.0,0.0,0.0,0.0,False,0.0,0.0,0.0035102665024391586
2015-06-17,0.00038112983071188114,0.00038112983071188114,0.00038112983071188114,0.0,0.0,0.0,0.0,False,0.0,0.0,0.00038112983071188114
2015-06-18,0.005430695877325662,0.005430695877325662,0.005430695877325662,0.0,0.0,0.0,0.0,False,0.0,0.0,0.005430695877325662
2015-06-19,-0.0001242289593612985,-0.0001242289593612985,-0.0001242289593612985,0.0,0.0,0.0,0.0,False,0.0,0.0,-0.0001242289593612985
2015-06-22,0.002306220820854278,0.002306220820854278,0.002306220820854278,0.0,0.0,0.0,0.0,False,0.0,0.0,0.002306220820854278
2015-06-23,0.00048691738749153995,0.00048691738749153995,0.00048691738749153995,0.0,0.0,0.0,0.0,False,0.0,0.0,0.00048691738749153995
2015-06-24,-0.0032647868257613564,-0.0032647868257613564,-0.0032647868257613564,0.0,0.0,0.0,0.0,False,0.0,0.0,-0.0032647868257613564
2015-06-25,-0.0022607406443060168,-0.0022607406443060168,-0.0022607406443060168,0.0,0.0,0.0,0.0,False,0.0,0.0,-0.0022607406443060168
2015-06-26,-0.003374273387839073,-0.003374273387839073,-0.003374273387839073,0.0,0.0,0.0,0.0,False,0.0,0.0,-0.003374273387839073
2015-06-29,-0.009722370055976096,-0.009722370055976096,-0.009722370055976096,0.0,0.0,0.0,0.0,False,0.0,0.0,-0.009722370055976096
2015-06-30,0.0005976247870301141,0.0005976247870301141,0.0005976247870301141,0.0,0.0,0.0,0.0,False,0.0,0.0,0.0005976247870301141
2015-07-01,0.0012448905948987733,0.0012416058526973667,0.0012448905948987733,-3.284742201406553e-06,0.0,0.0032847422014064716,3.2847422014064714e-06,True,0.0032847422014064716,3.2847422014064714e-06,0.0012416058526973667
2015-07-02,0.0014592079574465785,0.0014592079574465785,0.0014592079574465785,0.0,0.0,0.0,0.0,False,0.0,0.0,0.0014592079574465785
2015-07-06,-0.0037881476068963712,-0.0037881476068963712,-0.0037881476068963712,0.0,0.0,0.0,0.0,False,0.0,0.0,-0.0037881476068963712
2015-07-07,0.002168039319390232,0.002168039319390232,0.002168039319390232,0.0,0.0,0.0,0.0,False,0.0,0.0,0.002168039319390232
2015-07-08,-0.011141637244495203,-0.011141637244495203,-0.011141637244495203,0.0,0.0,0.0,0.0,False,0.0,0.0,-0.011141637244495203
2015-07-09,0.0014860287428478758,0.0014860287428478758,0.0014860287428478758,0.0,0.0,0.0,0.0,False,0.0,0.0,0.0014860287428478758
2015-07-10,0.008582604742878839,0.008582604742878839,0.008582604742878839,0.0,0.0,0.0,0.0,False,0.0,0.0,0.008582604742878839
2015-07-13,0.004111330971248642,0.004111330971248642,0.004111330971248642,0.0,0.0,0.0,0.0,False,0.0,0.0,0.004111330971248642
2015-07-14,0.003965964825483465,0.003965964825483465,0.003965964825483465,0.0,0.0,0.0,0.0,False,0.0,0.0,0.003965964825483465
2015-07-15,-0.0003682975755311636,-0.0003682975755311636,-0.0003682975755311636,0.0,0.0,0.0,0.0,False,0.0,0.0,-0.0003682975755311636
2015-07-16,0.0057584332664344,0.0057584332664344,0.0057584332664344,0.0,0.0,0.0,0.0,False,0.0,0.0,0.0057584332664344
2015-07-17,3.7763458175496875e-05,3.7763458175496875e-05,3.7763458175496875e-05,0.0,0.0,0.0,0.0,False,0.0,0.0,3.7763458175496875e-05
2015-07-20,-0.001289783047423959,-0.001289783047423959,-0.001289783047423959,0.0,0.0,0.0,0.0,False,0.0,0.0,-0.001289783047423959
2015-07-21,-0.0007381317430456484,-0.0007381317430456484,-0.0007381317430456484,0.0,0.0,0.0,0.0,False,0.0,0.0,-0.0007381317430456484
2015-07-22,-0.0021550638262130303,-0.0021550638262130303,-0.0021550638262130303,0.0,0.0,0.0,0.0,False,0.0,0.0,-0.0021550638262130303
2015-07-23,-0.001711001079963471,-0.001711001079963471,-0.001711001079963471,0.0,0.0,0.0,0.0,False,0.0,0.0,-0.001711001079963471
2015-07-24,-0.006713677795745945,-0.006713677795745945,-0.006713677795745945,0.0,0.0,0.0,0.0,False,0.0,0.0,-0.006713677795745945
2015-07-27,-0.0040858231698571975,-0.0040858231698571975,-0.0040858231698571975,0.0,0.0,0.0,0.0,False,0.0,0.0,-0.0040858231698571975
2015-07-28,0.005890590355927521,0.005890590355927521,0.005890590355927521,0.0,0.0,0.0,0.0,False,0.0,0.0,0.005890590355927521
2015-07-29,0.0030716920623418123,0.0030716920623418123,0.0030716920623418123,0.0,0.0,0.0,0.0,False,0.0,0.0,0.0030716920623418123
2015-07-30,-0.00013385298398886674,-0.00013385298398886674,-0.00013385298398886674,0.0,0.0,0.0,0.0,False,0.0,0.0,-0.00013385298398886674
2015-07-31,0.004034835875016596,0.004034835875016596,0.004034835875016596,0.0,0.0,0.0,0.0,False,0.0,0.0,0.004034835875016596
2015-08-03,-0.001838562642053948,-0.0018469527678643357,-0.001838562642053948,-8.390125810387762e-06,0.0,0.00839012581038778,8.39012581038778e-06,True,0.00839012581038778,8.39012581038778e-06,-0.0018469527678643357
2015-08-04,-0.002439371534596565,-0.002439371534596565,-0.002439371534596565,0.0,0.0,0.0,0.0,False,0.0,0.0,-0.002439371534596565
2015-08-05,0.0001825417116917045,0.0001825417116917045,0.0001825417116917045,0.0,0.0,0.0,0.0,False,0.0,0.0,0.0001825417116917045
2015-08-06,-0.003200224913898708,-0.003200224913898708,-0.003200224913898708,0.0,0.0,0.0,0.0,False,0.0,0.0,-0.003200224913898708
2015-08-07,0.0007401001853073223,0.0007401001853073223,0.0007401001853073223,0.0,0.0,0.0,0.0,False,0.0,0.0,0.0007401001853073223
2015-08-10,0.005752771771447772,0.005752771771447772,0.005752771771447772,0.0,0.0,0.0,0.0,False,0.0,0.0,0.005752771771447772
2015-08-11,-0.004896850508742064,-0.004896850508742064,-0.004896850508742064,0.0,0.0,0.0,0.0,False,0.0,0.0,-0.004896850508742064
2015-08-12,-0.002913935799023714,-0.002913935799023714,-0.002913935799023714,0.0,0.0,0.0,0.0,False,0.0,0.0,-0.002913935799023714
2015-08-13,-0.0020124835474564667,-0.0020124835474564667,-0.0020124835474564667,0.0,0.0,0.0,0.0,False,0.0,0.0,-0.0020124835474564667
2015-08-14,0.0018358807676499772,0.0018358807676499772,0.0018358807676499772,0.0,0.0,0.0,0.0,False,0.0,0.0,0.0018358807676499772
2015-08-17,0.0019372938848590817,0.0019372938848590817,0.0019372938848590817,0.0,0.0,0.0,0.0,False,0.0,0.0,0.0019372938848590817
2015-08-18,-0.004720921637211843,-0.004720921637211843,-0.004720921637211843,0.0,0.0,0.0,0.0,False,0.0,0.0,-0.004720921637211843
2015-08-19,-0.0029166525660143223,-0.0029166525660143223,-0.0029166525660143223,0.0,0.0,0.0,0.0,False,0.0,0.0,-0.0029166525660143223
2015-08-20,-0.011415492236860572,-0.011415492236860572,-0.011415492236860572,0.0,0.0,0.0,0.0,False,0.0,0.0,-0.011415492236860572
2015-08-21,-0.01472190765181502,-0.01472190765181502,-0.01472190765181502,0.0,0.0,0.0,0.0,False,0.0,0.0,-0.01472190765181502
2015-08-24,-0.023370218717647846,-0.023370218717647846,-0.023370218717647846,0.0,0.0,0.0,0.0,False,0.0,0.0,-0.023370218717647846
2015-08-25,-0.00413436758995105,-0.00413436758995105,-0.00413436758995105,0.0,0.0,0.0,0.0,False,0.0,0.0,-0.00413436758995105
2015-08-26,0.016164229622270095,0.016164229622270095,0.016164229622270095,0.0,0.0,0.0,0.0,False,0.0,0.0,0.016164229622270095
2015-08-27,0.014047133322979926,0.014047133322979926,0.014047133322979926,0.0,0.0,0.0,0.0,False,0.0,0.0,0.014047133322979926
2015-08-28,-0.0004820980078861078,-0.0004820980078861078,-0.0004820980078861078,0.0,0.0,0.0,0.0,False,0.0,0.0,-0.0004820980078861078
2015-08-31,-0.004621097331372153,-0.004621097331372153,-0.004621097331372153,0.0,0.0,0.0,0.0,False,0.0,0.0,-0.004621097331372153
2015-09-01,-0.017117997616350696,-0.017134409889506028,-0.017117997616350696,-1.6412273155332058e-05,0.0,0.016412273155330847,1.6412273155330848e-05,True,0.016412273155330847,1.6412273155330848e-05,-0.017134409889506028
2015-09-02,0.008887087610111862,0.008887087610111862,0.008887087610111862,0.0,0.0,0.0,0.0,False,0.0,0.0,0.008887087610111862
2015-09-03,0.0023404869031171814,0.0023404869031171814,0.0023404869031171814,0.0,0.0,0.0,0.0,False,0.0,0.0,0.0023404869031171814
2015-09-04,-0.009807535642776975,-0.009807535642776975,-0.009807535642776975,0.0,0.0,0.0,0.0,False,0.0,0.0,-0.009807535642776975
2015-09-08,0.013583022979333318,0.013583022979333318,0.013583022979333318,0.0,0.0,0.0,0.0,False,0.0,0.0,0.013583022979333318
2015-09-09,-0.0050573307235829345,-0.0050573307235829345,-0.0050573307235829345,0.0,0.0,0.0,0.0,False,0.0,0.0,-0.0050573307235829345
2015-09-10,0.002744082364457139,0.002744082364457139,0.002744082364457139,0.0,0.0,0.0,0.0,False,0.0,0.0,0.002744082364457139
2015-09-11,0.0029038951158705437,0.0029038951158705437,0.0029038951158705437,0.0,0.0,0.0,0.0,False,0.0,0.0,0.0029038951158705437
2015-09-14,-0.0023623005786302543,-0.0023623005786302543,-0.0023623005786302543,0.0,0.0,0.0,0.0,False,0.0,0.0,-0.0023623005786302543
2015-09-15,0.0025541018402978665,0.0025541018402978665,0.0025541018402978665,0.0,0.0,0.0,0.0,False,0.0,0.0,0.0025541018402978665
2015-09-16,0.007789200452740829,0.007789200452740829,0.007789200452740829,0.0,0.0,0.0,0.0,False,0.0,0.0,0.007789200452740829
2015-09-17,0.0028102206106762626,0.0028102206106762626,0.0028102206106762626,0.0,0.0,0.0,0.0,False,0.0,0.0,0.0028102206106762626
2015-09-18,-0.009081131251973176,-0.009081131251973176,-0.009081131251973176,0.0,0.0,0.0,0.0,False,0.0,0.0,-0.009081131251973176
2015-09-21,-0.0015445822725957455,-0.0015445822725957455,-0.0015445822725957455,0.0,0.0,0.0,0.0,False,0.0,0.0,-0.0015445822725957455
2015-09-22,-0.00768589998278347,-0.00768589998278347,-0.00768589998278347,0.0,0.0,0.0,0.0,False,0.0,0.0,-0.00768589998278347
2015-09-23,-0.003214251931632342,-0.003214251931632342,-0.003214251931632342,0.0,0.0,0.0,0.0,False,0.0,0.0,-0.003214251931632342
2015-09-24,-0.0013107636370658844,-0.0013107636370658844,-0.0013107636370658844,0.0,0.0,0.0,0.0,False,0.0,0.0,-0.0013107636370658844
2015-09-25,-0.0011171152640350392,-0.0011171152640350392,-0.0011171152640350392,0.0,0.0,0.0,0.0,False,0.0,0.0,-0.0011171152640350392
2015-09-28,-0.011511816866751644,-0.011511816866751644,-0.011511816866751644,0.0,0.0,0.0,0.0,False,0.0,0.0,-0.011511816866751644
2015-09-29,0.0011434514253540278,0.0011434514253540278,0.0011434514253540278,0.0,0.0,0.0,0.0,False,0.0,0.0,0.0011434514253540278
2015-09-30,0.01160387860040504,0.01160387860040504,0.01160387860040504,0.0,0.0,0.0,0.0,False,0.0,0.0,0.01160387860040504
2015-10-01,0.0020516443546599317,0.002039972146234241,0.0020516443546599317,-1.1672208425690667e-05,0.0,0.011672208425690497,1.1672208425690497e-05,True,0.011672208425690497,1.1672208425690497e-05,0.002039972146234241
2015-10-02,0.01238907238917957,0.01238907238917957,0.01238907238917957,0.0,0.0,0.0,0.0,False,0.0,0.0,0.01238907238917957
2015-10-05,0.009564098068455273,0.009564098068455273,0.009564098068455273,0.0,0.0,0.0,0.0,False,0.0,0.0,0.009564098068455273
2015-10-06,-0.0004882833229888862,-0.0004882833229888862,-0.0004882833229888862,0.0,0.0,0.0,0.0,False,0.0,0.0,-0.0004882833229888862
2015-10-07,0.007893519746649591,0.007893519746649591,0.007893519746649591,0.0,0.0,0.0,0.0,False,0.0,0.0,0.007893519746649591
2015-10-08,0.004042568791858025,0.004042568791858025,0.004042568791858025,0.0,0.0,0.0,0.0,False,0.0,0.0,0.004042568791858025
2015-10-09,0.0012392635322834122,0.0012392635322834122,0.0012392635322834122,0.0,0.0,0.0,0.0,False,0.0,0.0,0.0012392635322834122
2015-10-12,0.0007101414586730005,0.0007101414586730005,0.0007101414586730005,0.0,0.0,0.0,0.0,False,0.0,0.0,0.0007101414586730005
2015-10-13,-0.006109841640803202,-0.006109841640803202,-0.006109841640803202,0.0,0.0,0.0,0.0,False,0.0,0.0,-0.006109841640803202
2015-10-14,0.001213276022347663,0.001213276022347663,0.001213276022347663,0.0,0.0,0.0,0.0,False,0.0,0.0,0.001213276022347663
2015-10-15,0.010017171674392651,0.010017171674392651,0.010017171674392651,0.0,0.0,0.0,0.0,False,0.0,0.0,0.010017171674392651
2015-10-16,0.0011822934123357025,0.0011822934123357025,0.0011822934123357025,0.0,0.0,0.0,0.0,False,0.0,0.0,0.0011822934123357025
2015-10-19,-0.001594149181323161,-0.001594149181323161,-0.001594149181323161,0.0,0.0,0.0,0.0,False,0.0,0.0,-0.001594149181323161
2015-10-20,-0.0023447607207658285,-0.0023447607207658285,-0.0023447607207658285,0.0,0.0,0.0,0.0,False,0.0,0.0,-0.0023447607207658285
2015-10-21,-0.0024126996164882154,-0.0024126996164882154,-0.0024126996164882154,0.0,0.0,0.0,0.0,False,0.0,0.0,-0.0024126996164882154
2015-10-22,0.010036543981244022,0.010036543981244022,0.010036543981244022,0.0,0.0,0.0,0.0,False,0.0,0.0,0.010036543981244022
2015-10-23,0.003965646011841842,0.003965646011841842,0.003965646011841842,0.0,0.0,0.0,0.0,False,0.0,0.0,0.003965646011841842
2015-10-26,-0.0015620929061380142,-0.0015620929061380142,-0.0015620929061380142,0.0,0.0,0.0,0.0,False,0.0,0.0,-0.0015620929061380142
2015-10-27,-0.0030465402991508303,-0.0030465402991508303,-0.0030465402991508303,0.0,0.0,0.0,0.0,False,0.0,0.0,-0.0030465402991508303
2015-10-28,0.003013082070806853,0.003013082070806853,0.003013082070806853,0.0,0.0,0.0,0.0,False,0.0,0.0,0.003013082070806853
2015-10-29,-0.005740631310675042,-0.005740631310675042,-0.005740631310675042,0.0,0.0,0.0,0.0,False,0.0,0.0,-0.005740631310675042
2015-10-30,-0.00062864652353535,-0.00062864652353535,-0.00062864652353535,0.0,0.0,0.0,0.0,False,0.0,0.0,-0.00062864652353535
2015-11-02,0.006542746194813515,0.006525294320087391,0.006542746194813515,-1.7451874726123924e-05,0.0,0.017451874726124077,1.7451874726124077e-05,True,0.017451874726124077,1.7451874726124077e-05,0.006525294320087391
2015-11-03,0.0015141739103180776,0.0015141739103180776,0.0015141739103180776,0.0,0.0,0.0,0.0,False,0.0,0.0,0.0015141739103180776
2015-11-04,-0.002908621395646554,-0.002908621395646554,-0.002908621395646554,0.0,0.0,0.0,0.0,False,0.0,0.0,-0.002908621395646554
2015-11-05,-0.0005818495100611688,-0.0005818495100611688,-0.0005818495100611688,0.0,0.0,0.0,0.0,False,0.0,0.0,-0.0005818495100611688
2015-11-06,-0.004932569562917068,-0.004932569562917068,-0.004932569562917068,0.0,0.0,0.0,0.0,False,0.0,0.0,-0.004932569562917068
2015-11-09,-0.008363889134200332,-0.008363889134200332,-0.008363889134200332,0.0,0.0,0.0,0.0,False,0.0,0.0,-0.008363889134200332
2015-11-10,0.0012184732534640274,0.0012184732534640274,0.0012184732534640274,0.0,0.0,0.0,0.0,False,0.0,0.0,0.0012184732534640274
2015-11-11,-0.0008831083148784012,-0.0008831083148784012,-0.0008831083148784012,0.0,0.0,0.0,0.0,False,0.0,0.0,-0.0008831083148784012
2015-11-12,-0.007813578198915884,-0.007813578198915884,-0.007813578198915884,0.0,0.0,0.0,0.0,False,0.0,0.0,-0.007813578198915884
2015-11-13,-0.004866324937603381,-0.004866324937603381,-0.004866324937603381,0.0,0.0,0.0,0.0,False,0.0,0.0,-0.004866324937603381
2015-11-16,0.009005185456382816,0.009005185456382816,0.009005185456382816,0.0,0.0,0.0,0.0,False,0.0,0.0,0.009005185456382816
2015-11-17,-0.00012201190397067685,-0.00012201190397067685,-0.00012201190397067685,0.0,0.0,0.0,0.0,False,0.0,0.0,-0.00012201190397067685
2015-11-18,0.008102265754291245,0.008102265754291245,0.008102265754291245,0.0,0.0,0.0,0.0,False,0.0,0.0,0.008102265754291245
2015-11-19,0.0023843802370106157,0.0023843802370106157,0.0023843802370106157,0.0,0.0,0.0,0.0,False,0.0,0.0,0.0023843802370106157
2015-11-20,0.0016460958924997926,0.0016460958924997926,0.0016460958924997926,0.0,0.0,0.0,0.0,False,0.0,0.0,0.0016460958924997926
2015-11-23,-0.0015097726432314628,-0.0015097726432314628,-0.0015097726432314628,0.0,0.0,0.0,0.0,False,0.0,0.0,-0.0015097726432314628
2015-11-24,0.0015549617442425841,0.0015549617442425841,0.0015549617442425841,0.0,0.0,0.0,0.0,False,0.0,0.0,0.0015549617442425841
2015-11-25,0.00029373334359161644,0.00029373334359161644,0.00029373334359161644,0.0,0.0,0.0,0.0,False,0.0,0.0,0.00029373334359161644
2015-11-27,-0.0014051340032270735,-0.0014051340032270735,-0.0014051340032270735,0.0,0.0,0.0,0.0,False,0.0,0.0,-0.0014051340032270735
2015-11-30,-0.0011259907081871826,-0.0011259907081871826,-0.0011259907081871826,0.0,0.0,0.0,0.0,False,0.0,0.0,-0.0011259907081871826
2015-12-01,0.008406889211592295,0.008403161515305513,0.008406889211592295,-3.727696286781948e-06,0.0,0.0037276962867815663,3.7276962867815664e-06,True,0.0037276962867815663,3.7276962867815664e-06,0.008403161515305513
2015-12-02,-0.007296314649344754,-0.007296314649344754,-0.007296314649344754,0.0,0.0,0.0,0.0,False,0.0,0.0,-0.007296314649344754
2015-12-03,-0.011786097987117945,-0.011786097987117945,-0.011786097987117945,0.0,0.0,0.0,0.0,False,0.0,0.0,-0.011786097987117945
2015-12-04,0.010230366314291325,0.010230366314291325,0.010230366314291325,0.0,0.0,0.0,0.0,False,0.0,0.0,0.010230366314291325
2015-12-07,-0.0038010165623538553,-0.0038010165623538553,-0.0038010165623538553,0.0,0.0,0.0,0.0,False,0.0,0.0,-0.0038010165623538553
2015-12-08,-0.005652649263261403,-0.005652649263261403,-0.005652649263261403,0.0,0.0,0.0,0.0,False,0.0,0.0,-0.005652649263261403
2015-12-09,-0.004151343961847382,-0.004151343961847382,-0.004151343961847382,0.0,0.0,0.0,0.0,False,0.0,0.0,-0.004151343961847382
2015-12-10,-0.00042445563172385553,-0.00042445563172385553,-0.00042445563172385553,0.0,0.0,0.0,0.0,False,0.0,0.0,-0.00042445563172385553
2015-12-11,-0.009768776722772727,-0.009768776722772727,-0.009768776722772727,0.0,0.0,0.0,0.0,False,0.0,0.0,-0.009768776722772727
2015-12-14,-0.0004068467531753878,-0.0004068467531753878,-0.0004068467531753878,0.0,0.0,0.0,0.0,False,0.0,0.0,-0.0004068467531753878
2015-12-15,0.005228696726192279,0.005228696726192279,0.005228696726192279,0.0,0.0,0.0,0.0,False,0.0,0.0,0.005228696726192279
2015-12-16,0.009358001319437816,0.009358001319437816,0.009358001319437816,0.0,0.0,0.0,0.0,False,0.0,0.0,0.009358001319437816
2015-12-17,-0.0067206117454354,-0.0067206117454354,-0.0067206117454354,0.0,0.0,0.0,0.0,False,0.0,0.0,-0.0067206117454354
2015-12-18,-0.006952009998768476,-0.006952009998768476,-0.006952009998768476,0.0,0.0,0.0,0.0,False,0.0,0.0,-0.006952009998768476
2015-12-21,0.0044486570467710315,0.0044486570467710315,0.0044486570467710315,0.0,0.0,0.0,0.0,False,0.0,0.0,0.0044486570467710315
2015-12-22,0.003902857733429081,0.003902857733429081,0.003902857733429081,0.0,0.0,0.0,0.0,False,0.0,0.0,0.003902857733429081
2015-12-23,0.007479326568590412,0.007479326568590412,0.007479326568590412,0.0,0.0,0.0,0.0,False,0.0,0.0,0.007479326568590412
2015-12-24,0.00012916711468712933,0.00012916711468712933,0.00012916711468712933,0.0,0.0,0.0,0.0,False,0.0,0.0,0.00012916711468712933
2015-12-28,-0.0019511556682941448,-0.0019511556682941448,-0.0019511556682941448,0.0,0.0,0.0,0.0,False,0.0,0.0,-0.0019511556682941448
2015-12-29,0.0026105708565437175,0.0026105708565437175,0.0026105708565437175,0.0,0.0,0.0,0.0,False,0.0,0.0,0.0026105708565437175
2015-12-30,-0.005048975946964562,-0.005048975946964562,-0.005048975946964562,0.0,0.0,0.0,0.0,False,0.0,0.0,-0.005048975946964562
2015-12-31,-0.0052411658982035175,-0.0052411658982035175,-0.0052411658982035175,0.0,0.0,0.0,0.0,False,0.0,0.0,-0.0052411658982035175
2016-01-04,-0.009251448593565541,-0.00925605483593102,-0.009251448593565541,-4.6062423654791296e-06,0.0,0.004606242365478748,4.6062423654787476e-06,True,0.004606242365478748,4.6062423654787476e-06,-0.00925605483593102
2016-01-05,0.0004173055091517974,0.0004173055091517974,0.0004173055091517974,0.0,0.0,0.0,0.0,False,0.0,0.0,0.0004173055091517974
2016-01-06,-0.006350235844167792,-0.006350235844167792,-0.006350235844167792,0.0,0.0,0.0,0.0,False,0.0,0.0,-0.006350235844167792
2016-01-07,-0.013836279214302827,-0.013836279214302827,-0.013836279214302827,0.0,0.0,0.0,0.0,False,0.0,0.0,-0.013836279214302827
2016-01-08,-0.005961697885748452,-0.005961697885748452,-0.005961697885748452,0.0,0.0,0.0,0.0,False,0.0,0.0,-0.005961697885748452
2016-01-11,-0.0010919295028571194,-0.0010919295028571194,-0.0010919295028571194,0.0,0.0,0.0,0.0,False,0.0,0.0,-0.0010919295028571194
2016-01-12,0.005444029188112846,0.005444029188112846,0.005444029188112846,0.0,0.0,0.0,0.0,False,0.0,0.0,0.005444029188112846
2016-01-13,-0.010296598811218268,-0.010296598811218268,-0.010296598811218268,0.0,0.0,0.0,0.0,False,0.0,0.0,-0.010296598811218268
2016-01-14,0.006768836325142691,0.006768836325142691,0.006768836325142691,0.0,0.0,0.0,0.0,False,0.0,0.0,0.006768836325142691
2016-01-15,-0.014506104599892482,-0.014506104599892482,-0.014506104599892482,0.0,0.0,0.0,0.0,False,0.0,0.0,-0.014506104599892482
2016-01-19,0.0012888930173122616,0.0012888930173122616,0.0012888930173122616,0.0,0.0,0.0,0.0,False,0.0,0.0,0.0012888930173122616
2016-01-20,-0.0069890136708825904,-0.0069890136708825904,-0.0069890136708825904,0.0,0.0,0.0,0.0,False,0.0,0.0,-0.0069890136708825904
2016-01-21,0.0015465910392724591,0.0015465910392724591,0.0015465910392724591,0.0,0.0,0.0,0.0,False,0.0,0.0,0.0015465910392724591
2016-01-22,0.013865831371378853,0.013865831371378853,0.013865831371378853,0.0,0.0,0.0,0.0,False,0.0,0.0,0.013865831371378853
2016-01-25,-0.008164764283562208,-0.008164764283562208,-0.008164764283562208,0.0,0.0,0.0,0.0,False,0.0,0.0,-0.008164764283562208
2016-01-26,0.009439704736579995,0.009439704736579995,0.009439704736579995,0.0,0.0,0.0,0.0,False,0.0,0.0,0.009439704736579995
2016-01-27,-0.005336917049314079,-0.005336917049314079,-0.005336917049314079,0.0,0.0,0.0,0.0,False,0.0,0.0,-0.005336917049314079
2016-01-28,0.003950259298170377,0.003950259298170377,0.003950259298170377,0.0,0.0,0.0,0.0,False,0.0,0.0,0.003950259298170377
2016-01-29,0.016635440508470108,0.016635440508470108,0.016635440508470108,0.0,0.0,0.0,0.0,False,0.0,0.0,0.016635440508470108
2016-02-01,-0.0025397237175315114,-0.002558960443863945,-0.0025397237175315114,-1.92367263324336e-05,0.0,0.019236726332433708,1.9236726332433706e-05,True,0.019236726332433708,1.9236726332433706e-05,-0.002558960443863945
2016-02-02,-0.010583252438147648,-0.010583252438147648,-0.010583252438147648,0.0,0.0,0.0,0.0,False,0.0,0.0,-0.010583252438147648
2016-02-03,0.004812945998498951,0.004812945998498951,0.004812945998498951,0.0,0.0,0.0,0.0,False,0.0,0.0,0.004812945998498951
2016-02-04,0.0024028559641548486,0.0024028559641548486,0.0024028559641548486,0.0,0.0,0.0,0.0,False,0.0,0.0,0.0024028559641548486
2016-02-05,-0.010179835250682627,-0.010179835250682627,-0.010179835250682627,0.0,0.0,0.0,0.0,False,0.0,0.0,-0.010179835250682627
2016-02-08,-0.005459615619963987,-0.005459615619963987,-0.005459615619963987,0.0,0.0,0.0,0.0,False,0.0,0.0,-0.005459615619963987
2016-02-09,-0.003794257902723212,-0.003794257902723212,-0.003794257902723212,0.0,0.0,0.0,0.0,False,0.0,0.0,-0.003794257902723212
2016-02-10,0.0012859481369586567,0.0012859481369586567,0.0012859481369586567,0.0,0.0,0.0,0.0,False,0.0,0.0,0.0012859481369586567
2016-02-11,-0.006241305112844769,-0.006241305112844769,-0.006241305112844769,0.0,0.0,0.0,0.0,False,0.0,0.0,-0.006241305112844769
2016-02-12,0.007736154421972694,0.007736154421972694,0.007736154421972694,0.0,0.0,0.0,0.0,False,0.0,0.0,0.007736154421972694
2016-02-16,0.00932791938095937,0.00932791938095937,0.00932791938095937,0.0,0.0,0.0,0.0,False,0.0,0.0,0.00932791938095937
2016-02-17,0.009244590210210717,0.009244590210210717,0.009244590210210717,0.0,0.0,0.0,0.0,False,0.0,0.0,0.009244590210210717
2016-02-18,-2.8110885489511387e-05,-2.8110885489511387e-05,-2.8110885489511387e-05,0.0,0.0,0.0,0.0,False,0.0,0.0,-2.8110885489511387e-05
2016-02-19,-0.0005814286208816407,-0.0005814286208816407,-0.0005814286208816407,0.0,0.0,0.0,0.0,False,0.0,0.0,-0.0005814286208816407
2016-02-22,0.009069536497552044,0.009069536497552044,0.009069536497552044,0.0,0.0,0.0,0.0,False,0.0,0.0,0.009069536497552044
2016-02-23,-0.007878077310200416,-0.007878077310200416,-0.007878077310200416,0.0,0.0,0.0,0.0,False,0.0,0.0,-0.007878077310200416
2016-02-24,0.0011380126730462662,0.0011380126730462662,0.0011380126730462662,0.0,0.0,0.0,0.0,False,0.0,0.0,0.0011380126730462662
2016-02-25,0.007787469300341859,0.007787469300341859,0.007787469300341859,0.0,0.0,0.0,0.0,False,0.0,0.0,0.007787469300341859
2016-02-26,-0.003268035112586302,-0.003268035112586302,-0.003268035112586302,0.0,0.0,0.0,0.0,False,0.0,0.0,-0.003268035112586302
2016-02-29,-0.0019436666571052618,-0.0019436666571052618,-0.0019436666571052618,0.0,0.0,0.0,0.0,False,0.0,0.0,-0.0019436666571052618
2016-03-01,0.012344250259903728,0.012338122616583964,0.012344250259903728,-6.127643319763648e-06,0.0,0.006127643319763149,6.1276433197631484e-06,True,0.006127643319763149,6.1276433197631484e-06,0.012338122616583964
2016-03-02,0.00445769360952275,0.00445769360952275,0.00445769360952275,0.0,0.0,0.0,0.0,False,0.0,0.0,0.00445769360952275
2016-03-03,0.005476139437514998,0.005476139437514998,0.005476139437514998,0.0,0.0,0.0,0.0,False,0.0,0.0,0.005476139437514998
2016-03-04,0.003460606441938974,0.003460606441938974,0.003460606441938974,0.0,0.0,0.0,0.0,False,0.0,0.0,0.003460606441938974
2016-03-07,0.00020770400795961465,0.00020770400795961465,0.00020770400795961465,0.0,0.0,0.0,0.0,False,0.0,0.0,0.00020770400795961465
2016-03-08,-0.005435387370319656,-0.005435387370319656,-0.005435387370319656,0.0,0.0,0.0,0.0,False,0.0,0.0,-0.005435387370319656
2016-03-09,0.0017417545775635082,0.0017417545775635082,0.0017417545775635082,0.0,0.0,0.0,0.0,False,0.0,0.0,0.0017417545775635082
2016-03-10,-0.0005314462939169419,-0.0005314462939169419,-0.0005314462939169419,0.0,0.0,0.0,0.0,False,0.0,0.0,-0.0005314462939169419
2016-03-11,0.011542548531421924,0.011542548531421924,0.011542548531421924,0.0,0.0,0.0,0.0,False,0.0,0.0,0.011542548531421924
2016-03-14,-0.0007661688254928298,-0.0007661688254928298,-0.0007661688254928298,0.0,0.0,0.0,0.0,False,0.0,0.0,-0.0007661688254928298
2016-03-15,-0.004291178077545992,-0.004291178077545992,-0.004291178077545992,0.0,0.0,0.0,0.0,False,0.0,0.0,-0.004291178077545992
2016-03-16,0.007420151987253936,0.007420151987253936,0.007420151987253936,0.0,0.0,0.0,0.0,False,0.0,0.0,0.007420151987253936
2016-03-17,0.007072094949270131,0.007072094949270131,0.007072094949270131,0.0,0.0,0.0,0.0,False,0.0,0.0,0.007072094949270131
2016-03-18,0.0027200488718658314,0.0027200488718658314,0.0027200488718658314,0.0,0.0,0.0,0.0,False,0.0,0.0,0.0027200488718658314
2016-03-21,-0.0007829035779113632,-0.0007829035779113632,-0.0007829035779113632,0.0,0.0,0.0,0.0,False,0.0,0.0,-0.0007829035779113632
2016-03-22,-0.001429174878958875,-0.001429174878958875,-0.001429174878958875,0.0,0.0,0.0,0.0,False,0.0,0.0,-0.001429174878958875
2016-03-23,-0.004204362937370393,-0.004204362937370393,-0.004204362937370393,0.0,0.0,0.0,0.0,False,0.0,0.0,-0.004204362937370393
2016-03-24,-0.001497277088442167,-0.001497277088442167,-0.001497277088442167,0.0,0.0,0.0,0.0,False,0.0,0.0,-0.001497277088442167
2016-03-28,0.0019370962367768851,0.0019370962367768851,0.0019370962367768851,0.0,0.0,0.0,0.0,False,0.0,0.0,0.0019370962367768851
2016-03-29,0.009770351498627601,0.009770351498627601,0.009770351498627601,0.0,0.0,0.0,0.0,False,0.0,0.0,0.009770351498627601
2016-03-30,0.002648931431174864,0.002648931431174864,0.002648931431174864,0.0,0.0,0.0,0.0,False,0.0,0.0,0.002648931431174864
2016-03-31,-0.0005981664062936103,-0.0005981664062936103,-0.0005981664062936103,0.0,0.0,0.0,0.0,False,0.0,0.0,-0.0005981664062936103
2016-04-01,0.0009281267791032275,0.0009132420983730468,0.0009281267791032275,-1.4884680730180722e-05,0.0,0.014884680730180778,1.4884680730180776e-05,True,0.014884680730180778,1.4884680730180776e-05,0.0009132420983730468
2016-04-04,-0.0026284563174132636,-0.0026284563174132636,-0.0026284563174132636,0.0,0.0,0.0,0.0,False,0.0,0.0,-0.0026284563174132636
2016-04-05,-0.00659478996455015,-0.00659478996455015,-0.00659478996455015,0.0,0.0,0.0,0.0,False,0.0,0.0,-0.00659478996455015
2016-04-06,0.006463748177071109,0.006463748177071109,0.006463748177071109,0.0,0.0,0.0,0.0,False,0.0,0.0,0.006463748177071109
2016-04-07,-0.006337359798839766,-0.006337359798839766,-0.006337359798839766,0.0,0.0,0.0,0.0,False,0.0,0.0,-0.006337359798839766
2016-04-08,0.004507379638210949,0.004507379638210949,0.004507379638210949,0.0,0.0,0.0,0.0,False,0.0,0.0,0.004507379638210949
2016-04-11,0.00036685167994467507,0.00036685167994467507,0.00036685167994467507,0.0,0.0,0.0,0.0,False,0.0,0.0,0.00036685167994467507
2016-04-12,0.0052999491129781485,0.0052999491129781485,0.0052999491129781485,0.0,0.0,0.0,0.0,False,0.0,0.0,0.0052999491129781485
2016-04-13,0.00909979308206845,0.00909979308206845,0.00909979308206845,0.0,0.0,0.0,0.0,False,0.0,0.0,0.00909979308206845
2016-04-14,-0.0008519754522005244,-0.0008519754522005244,-0.0008519754522005244,0.0,0.0,0.0,0.0,False,0.0,0.0,-0.0008519754522005244
2016-04-15,0.000522094386416196,0.000522094386416196,0.000522094386416196,0.0,0.0,0.0,0.0,False,0.0,0.0,0.000522094386416196
2016-04-18,0.00399803112054544,0.00399803112054544,0.00399803112054544,0.0,0.0,0.0,0.0,False,0.0,0.0,0.00399803112054544
2016-04-19,0.004949688569083315,0.004949688569083315,0.004949688569083315,0.0,0.0,0.0,0.0,False,0.0,0.0,0.004949688569083315
2016-04-20,-0.0019161479019534475,-0.0019161479019534475,-0.0019161479019534475,0.0,0.0,0.0,0.0,False,0.0,0.0,-0.0019161479019534475
2016-04-21,-0.004479429120799937,-0.004479429120799937,-0.004479429120799937,0.0,0.0,0.0,0.0,False,0.0,0.0,-0.004479429120799937
2016-04-22,-0.00020535334849976293,-0.00020535334849976293,-0.00020535334849976293,0.0,0.0,0.0,0.0,False,0.0,0.0,-0.00020535334849976293
2016-04-25,-0.003056710787249002,-0.003056710787249002,-0.003056710787249002,0.0,0.0,0.0,0.0,False,0.0,0.0,-0.003056710787249002
2016-04-26,0.0018634803936569445,0.0018634803936569445,0.0018634803936569445,0.0,0.0,0.0,0.0,False,0.0,0.0,0.0018634803936569445
2016-04-27,0.004017620193090802,0.004017620193090802,0.004017620193090802,0.0,0.0,0.0,0.0,False,0.0,0.0,0.004017620193090802
2016-04-28,-0.005423694945867321,-0.005423694945867321,-0.005423694945867321,0.0,0.0,0.0,0.0,False,0.0,0.0,-0.005423694945867321
2016-04-29,-0.002940770267733745,-0.002940770267733745,-0.002940770267733745,0.0,0.0,0.0,0.0,False,0.0,0.0,-0.002940770267733745
2016-05-02,0.0027014410571219393,0.002697563069889791,0.0027014410571219393,-3.877987232148248e-06,0.0,0.003877987232148314,3.877987232148314e-06,True,0.003877987232148314,3.877987232148314e-06,0.002697563069889791
2016-05-03,-0.006681818855028642,-0.006681818855028642,-0.006681818855028642,0.0,0.0,0.0,0.0,False,0.0,0.0,-0.006681818855028642
2016-05-04,-0.005002079858297707,-0.005002079858297707,-0.005002079858297707,0.0,0.0,0.0,0.0,False,0.0,0.0,-0.005002079858297707
2016-05-05,0.0005976611883572795,0.0005976611883572795,0.0005976611883572795,0.0,0.0,0.0,0.0,False,0.0,0.0,0.0005976611883572795
2016-05-06,0.0009280907041012998,0.0009280907041012998,0.0009280907041012998,0.0,0.0,0.0,0.0,False,0.0,0.0,0.0009280907041012998
2016-05-09,-0.0007545350928889112,-0.0007545350928889112,-0.0007545350928889112,0.0,0.0,0.0,0.0,False,0.0,0.0,-0.0007545350928889112
2016-05-10,0.0084146587350568,0.0084146587350568,0.0084146587350568,0.0,0.0,0.0,0.0,False,0.0,0.0,0.0084146587350568
2016-05-11,-0.004210261517419996,-0.004210261517419996,-0.004210261517419996,0.0,0.0,0.0,0.0,False,0.0,0.0,-0.004210261517419996
2016-05-12,-0.0015855199877595806,-0.0015855199877595806,-0.0015855199877595806,0.0,0.0,0.0,0.0,False,0.0,0.0,-0.0015855199877595806
2016-05-13,-0.0046669310160469225,-0.0046669310160469225,-0.0046669310160469225,0.0,0.0,0.0,0.0,False,0.0,0.0,-0.0046669310160469225
2016-05-16,0.00481449919617121,0.00481449919617121,0.00481449919617121,0.0,0.0,0.0,0.0,False,0.0,0.0,0.00481449919617121
2016-05-17,-0.005370813756639009,-0.005370813756639009,-0.005370813756639009,0.0,0.0,0.0,0.0,False,0.0,0.0,-0.005370813756639009
2016-05-18,-0.0042035821454692425,-0.0042035821454692425,-0.0042035821454692425,0.0,0.0,0.0,0.0,False,0.0,0.0,-0.0042035821454692425
2016-05-19,-0.002620775111135641,-0.002620775111135641,-0.002620775111135641,0.0,0.0,0.0,0.0,False,0.0,0.0,-0.002620775111135641
2016-05-20,0.005183861100375568,0.005183861100375568,0.005183861100375568,0.0,0.0,0.0,0.0,False,0.0,0.0,0.005183861100375568
2016-05-23,-0.0008986188631061865,-0.0008986188631061865,-0.0008986188631061865,0.0,0.0,0.0,0.0,False,0.0,0.0,-0.0008986188631061865
2016-05-24,0.007266448087742645,0.007266448087742645,0.007266448087742645,0.0,0.0,0.0,0.0,False,0.0,0.0,0.007266448087742645
2016-05-25,0.005056722705711029,0.005056722705711029,0.005056722705711029,0.0,0.0,0.0,0.0,False,0.0,0.0,0.005056722705711029
2016-05-26,0.002386399712079077,0.002386399712079077,0.002386399712079077,0.0,0.0,0.0,0.0,False,0.0,0.0,0.002386399712079077
2016-05-27,0.001058039462649323,0.001058039462649323,0.001058039462649323,0.0,0.0,0.0,0.0,False,0.0,0.0,0.001058039462649323
2016-05-31,-0.0003860371503077247,-0.0003860371503077247,-0.0003860371503077247,0.0,0.0,0.0,0.0,False,0.0,0.0,-0.0003860371503077247
2016-06-01,0.001006096345321117,0.0010002159299158813,0.001006096345321117,-5.8804154052355916e-06,0.0,0.005880415405235508,5.8804154052355085e-06,True,0.005880415405235508,5.8804154052355085e-06,0.0010002159299158813
2016-06-02,0.00339868393498437,0.00339868393498437,0.00339868393498437,0.0,0.0,0.0,0.0,False,0.0,0.0,0.00339868393498437
2016-06-03,0.005079862070326227,0.005079862070326227,0.005079862070326227,0.0,0.0,0.0,0.0,False,0.0,0.0,0.005079862070326227
2016-06-06,0.002706557042171447,0.002706557042171447,0.002706557042171447,0.0,0.0,0.0,0.0,False,0.0,0.0,0.002706557042171447
2016-06-07,0.0032626498701433895,0.0032626498701433895,0.0032626498701433895,0.0,0.0,0.0,0.0,False,0.0,0.0,0.0032626498701433895
2016-06-08,0.0033896088019957603,0.0033896088019957603,0.0033896088019957603,0.0,0.0,0.0,0.0,False,0.0,0.0,0.0033896088019957603
2016-06-09,-0.0029174409759119826,-0.0029174409759119826,-0.0029174409759119826,0.0,0.0,0.0,0.0,False,0.0,0.0,-0.0029174409759119826
2016-06-10,-0.009302165069577895,-0.009302165069577895,-0.009302165069577895,0.0,0.0,0.0,0.0,False,0.0,0.0,-0.009302165069577895
2016-06-13,-0.005970668282716922,-0.005970668282716922,-0.005970668282716922,0.0,0.0,0.0,0.0,False,0.0,0.0,-0.005970668282716922
2016-06-14,-0.0038056869630979217,-0.0038056869630979217,-0.0038056869630979217,0.0,0.0,0.0,0.0,False,0.0,0.0,-0.0038056869630979217
2016-06-15,0.0030252740202528377,0.0030252740202528377,0.0030252740202528377,0.0,0.0,0.0,0.0,False,0.0,0.0,0.0030252740202528377
2016-06-16,0.001528267193748567,0.001528267193748567,0.001528267193748567,0.0,0.0,0.0,0.0,False,0.0,0.0,0.001528267193748567
2016-06-17,-0.0011104993061542593,-0.0011104993061542593,-0.0011104993061542593,0.0,0.0,0.0,0.0,False,0.0,0.0,-0.0011104993061542593
2016-06-20,0.006204522054773261,0.006204522054773261,0.006204522054773261,0.0,0.0,0.0,0.0,False,0.0,0.0,0.006204522054773261
2016-06-21,0.0018990603608040567,0.0018990603608040567,0.0018990603608040567,0.0,0.0,0.0,0.0,False,0.0,0.0,0.0018990603608040567
2016-06-22,0.00024721915868982465,0.00024721915868982465,0.00024721915868982465,0.0,0.0,0.0,0.0,False,0.0,0.0,0.00024721915868982465
2016-06-23,0.009694706966309762,0.009694706966309762,0.009694706966309762,0.0,0.0,0.0,0.0,False,0.0,0.0,0.009694706966309762
2016-06-24,-0.027072507617327535,-0.027072507617327535,-0.027072507617327535,0.0,0.0,0.0,0.0,False,0.0,0.0,-0.027072507617327535
2016-06-27,-0.007162508455036052,-0.007162508455036052,-0.007162508455036052,0.0,0.0,0.0,0.0,False,0.0,0.0,-0.007162508455036052
2016-06-28,0.013554336300290633,0.013554336300290633,0.013554336300290633,0.0,0.0,0.0,0.0,False,0.0,0.0,0.013554336300290633
2016-06-29,0.009943861830041738,0.009943861830041738,0.009943861830041738,0.0,0.0,0.0,0.0,False,0.0,0.0,0.009943861830041738
2016-06-30,0.00928076675003339,0.00928076675003339,0.00928076675003339,0.0,0.0,0.0,0.0,False,0.0,0.0,0.00928076675003339
2016-07-01,0.0037768114684519354,0.003766263952730534,0.0037768114684519354,-1.0547515721401422e-05,0.0,0.01054751572140128,1.054751572140128e-05,True,0.01054751572140128,1.054751572140128e-05,0.003766263952730534
2016-07-05,-0.005687243416924124,-0.005687243416924124,-0.005687243416924124,0.0,0.0,0.0,0.0,False,0.0,0.0,-0.005687243416924124
2016-07-06,0.002010303614532062,0.002010303614532062,0.002010303614532062,0.0,0.0,0.0,0.0,False,0.0,0.0,0.002010303614532062
2016-07-07,-0.0011792353065120731,-0.0011792353065120731,-0.0011792353065120731,0.0,0.0,0.0,0.0,False,0.0,0.0,-0.0011792353065120731
2016-07-08,0.011613156723554462,0.011613156723554462,0.011613156723554462,0.0,0.0,0.0,0.0,False,0.0,0.0,0.011613156723554462
2016-07-11,0.002861203047103059,0.002861203047103059,0.002861203047103059,0.0,0.0,0.0,0.0,False,0.0,0.0,0.002861203047103059
2016-07-12,0.0034431443562640317,0.0034431443562640317,0.0034431443562640317,0.0,0.0,0.0,0.0,False,0.0,0.0,0.0034431443562640317
2016-07-13,0.0010945320692442423,0.0010945320692442423,0.0010945320692442423,0.0,0.0,0.0,0.0,False,0.0,0.0,0.0010945320692442423
2016-07-14,0.002581709896298664,0.002581709896298664,0.002581709896298664,0.0,0.0,0.0,0.0,False,0.0,0.0,0.002581709896298664
2016-07-15,-0.002992628948578984,-0.002992628948578984,-0.002992628948578984,0.0,0.0,0.0,0.0,False,0.0,0.0,-0.002992628948578984
2016-07-18,0.002088953107817458,0.002088953107817458,0.002088953107817458,0.0,0.0,0.0,0.0,False,0.0,0.0,0.002088953107817458
2016-07-19,-0.001746208276262538,-0.001746208276262538,-0.001746208276262538,0.0,0.0,0.0,0.0,False,0.0,0.0,-0.001746208276262538
2016-07-20,0.0027440987720148114,0.0027440987720148114,0.0027440987720148114,0.0,0.0,0.0,0.0,False,0.0,0.0,0.0027440987720148114
2016-07-21,-0.0016124798954205832,-0.0016124798954205832,-0.0016124798954205832,0.0,0.0,0.0,0.0,False,0.0,0.0,-0.0016124798954205832
2016-07-22,0.002621824383279715,0.002621824383279715,0.002621824383279715,0.0,0.0,0.0,0.0,False,0.0,0.0,0.002621824383279715
2016-07-25,-0.002389188028686327,-0.002389188028686327,-0.002389188028686327,0.0,0.0,0.0,0.0,False,0.0,0.0,-0.002389188028686327
2016-07-26,0.0018768819827079354,0.0018768819827079354,0.0018768819827079354,0.0,0.0,0.0,0.0,False,0.0,0.0,0.0018768819827079354
2016-07-27,0.0027741036976353293,0.0027741036976353293,0.0027741036976353293,0.0,0.0,0.0,0.0,False,0.0,0.0,0.0027741036976353293
2016-07-28,-4.304964025470781e-05,-4.304964025470781e-05,-4.304964025470781e-05,0.0,0.0,0.0,0.0,False,0.0,0.0,-4.304964025470781e-05
2016-07-29,0.00461157426716206,0.00461157426716206,0.00461157426716206,0.0,0.0,0.0,0.0,False,0.0,0.0,0.00461157426716206
2016-08-01,-0.0034645980965138153,-0.003472377232341036,-0.0034645980965138153,-7.779135827220857e-06,0.0,0.007779135827220684,7.779135827220685e-06,True,0.007779135827220684,7.779135827220685e-06,-0.003472377232341036
2016-08-02,-0.005931298109294258,-0.005931298109294258,-0.005931298109294258,0.0,0.0,0.0,0.0,False,0.0,0.0,-0.005931298109294258
2016-08-03,0.0014276694134919493,0.0014276694134919493,0.0014276694134919493,0.0,0.0,0.0,0.0,False,0.0,0.0,0.0014276694134919493
2016-08-04,0.0032716151941525927,0.0032716151941525927,0.0032716151941525927,0.0,0.0,0.0,0.0,False,0.0,0.0,0.0032716151941525927
2016-08-05,0.0026489069331371174,0.0026489069331371174,0.0026489069331371174,0.0,0.0,0.0,0.0,False,0.0,0.0,0.0026489069331371174
2016-08-08,0.0009084211001751365,0.0009084211001751365,0.0009084211001751365,0.0,0.0,0.0,0.0,False,0.0,0.0,0.0009084211001751365
2016-08-09,0.004180658973693069,0.004180658973693069,0.004180658973693069,0.0,0.0,0.0,0.0,False,0.0,0.0,0.004180658973693069
2016-08-10,0.0005800771721320742,0.0005800771721320742,0.0005800771721320742,0.0,0.0,0.0,0.0,False,0.0,0.0,0.0005800771721320742
2016-08-11,0.0021422364081360953,0.0021422364081360953,0.0021422364081360953,0.0,0.0,0.0,0.0,False,0.0,0.0,0.0021422364081360953
2016-08-12,0.0008098230710985924,0.0008098230710985924,0.0008098230710985924,0.0,0.0,0.0,0.0,False,0.0,0.0,0.0008098230710985924
2016-08-15,0.0015192996875296497,0.0015192996875296497,0.0015192996875296497,0.0,0.0,0.0,0.0,False,0.0,0.0,0.0015192996875296497
2016-08-16,-0.0033832683744982016,-0.0033832683744982016,-0.0033832683744982016,0.0,0.0,0.0,0.0,False,0.0,0.0,-0.0033832683744982016
2016-08-17,0.0007248063021276658,0.0007248063021276658,0.0007248063021276658,0.0,0.0,0.0,0.0,False,0.0,0.0,0.0007248063021276658
2016-08-18,0.0035672515217855163,0.0035672515217855163,0.0035672515217855163,0.0,0.0,0.0,0.0,False,0.0,0.0,0.0035672515217855163
2016-08-19,-0.003507945750996994,-0.003507945750996994,-0.003507945750996994,0.0,0.0,0.0,0.0,False,0.0,0.0,-0.003507945750996994
2016-08-22,0.00024108615940672973,0.00024108615940672973,0.00024108615940672973,0.0,0.0,0.0,0.0,False,0.0,0.0,0.00024108615940672973
2016-08-23,0.0013922144625898314,0.0013922144625898314,0.0013922144625898314,0.0,0.0,0.0,0.0,False,0.0,0.0,0.0013922144625898314
2016-08-24,-0.00231852968308919,-0.00231852968308919,-0.00231852968308919,0.0,0.0,0.0,0.0,False,0.0,0.0,-0.00231852968308919
2016-08-25,-0.0012913329064000892,-0.0012913329064000892,-0.0012913329064000892,0.0,0.0,0.0,0.0,False,0.0,0.0,-0.0012913329064000892
2016-08-26,-0.003965673018191687,-0.003965673018191687,-0.003965673018191687,0.0,0.0,0.0,0.0,False,0.0,0.0,-0.003965673018191687
2016-08-29,0.005302515739643319,0.005302515739643319,0.005302515739643319,0.0,0.0,0.0,0.0,False,0.0,0.0,0.005302515739643319
2016-08-30,-0.0012819256699464457,-0.0012819256699464457,-0.0012819256699464457,0.0,0.0,0.0,0.0,False,0.0,0.0,-0.0012819256699464457
2016-08-31,-0.002798720621190221,-0.002798720621190221,-0.002798720621190221,0.0,0.0,0.0,0.0,False,0.0,0.0,-0.002798720621190221
2016-09-01,0.0022140725702174623,0.002211375541860094,0.0022140725702174623,-2.6970283573683924e-06,0.0,0.0026970283573682224,2.6970283573682226e-06,True,0.0026970283573682224,2.6970283573682226e-06,0.002211375541860094
2016-09-02,0.004021600367090504,0.004021600367090504,0.004021600367090504,0.0,0.0,0.0,0.0,False,0.0,0.0,0.004021600367090504
2016-09-06,0.005956090341759788,0.005956090341759788,0.005956090341759788,0.0,0.0,0.0,0.0,False,0.0,0.0,0.005956090341759788
2016-09-07,-9.606043082968714e-05,-9.606043082968714e-05,-9.606043082968714e-05,0.0,0.0,0.0,0.0,False,0.0,0.0,-9.606043082968714e-05
2016-09-08,-0.004120347688438537,-0.004120347688438537,-0.004120347688438537,0.0,0.0,0.0,0.0,False,0.0,0.0,-0.004120347688438537
2016-09-09,-0.01802603132840532,-0.01802603132840532,-0.01802603132840532,0.0,0.0,0.0,0.0,False,0.0,0.0,-0.01802603132840532
2016-09-12,0.007116101342040186,0.007116101342040186,0.007116101342040186,0.0,0.0,0.0,0.0,False,0.0,0.0,0.007116101342040186
2016-09-13,-0.012666242639525687,-0.012666242639525687,-0.012666242639525687,0.0,0.0,0.0,0.0,False,0.0,0.0,-0.012666242639525687
2016-09-14,0.0006195763574448917,0.0006195763574448917,0.0006195763574448917,0.0,0.0,0.0,0.0,False,0.0,0.0,0.0006195763574448917
2016-09-15,0.006548888034989271,0.006548888034989271,0.006548888034989271,0.0,0.0,0.0,0.0,False,0.0,0.0,0.006548888034989271
2016-09-16,-0.003089113317004747,-0.003089113317004747,-0.003089113317004747,0.0,0.0,0.0,0.0,False,0.0,0.0,-0.003089113317004747
2016-09-19,0.0014194900967925393,0.0014194900967925393,0.0014194900967925393,0.0,0.0,0.0,0.0,False,0.0,0.0,0.0014194900967925393
2016-09-20,0.0014395036998656467,0.0014395036998656467,0.0014395036998656467,0.0,0.0,0.0,0.0,False,0.0,0.0,0.0014395036998656467
2016-09-21,0.011053249617038872,0.011053249617038872,0.011053249617038872,0.0,0.0,0.0,0.0,False,0.0,0.0,0.011053249617038872
2016-09-22,0.006462080017243179,0.006462080017243179,0.006462080017243179,0.0,0.0,0.0,0.0,False,0.0,0.0,0.006462080017243179
2016-09-23,-0.004664994976617411,-0.004664994976617411,-0.004664994976617411,0.0,0.0,0.0,0.0,False,0.0,0.0,-0.004664994976617411
2016-09-26,-0.00471633793241337,-0.00471633793241337,-0.00471633793241337,0.0,0.0,0.0,0.0,False,0.0,0.0,-0.00471633793241337
2016-09-27,0.0052903084701708975,0.0052903084701708975,0.0052903084701708975,0.0,0.0,0.0,0.0,False,0.0,0.0,0.0052903084701708975
2016-09-28,0.003764872430120616,0.003764872430120616,0.003764872430120616,0.0,0.0,0.0,0.0,False,0.0,0.0,0.003764872430120616
2016-09-29,-0.006921940221994671,-0.006921940221994671,-0.006921940221994671,0.0,0.0,0.0,0.0,False,0.0,0.0,-0.006921940221994671
2016-09-30,0.0032004084302610153,0.0032004084302610153,0.0032004084302610153,0.0,0.0,0.0,0.0,False,0.0,0.0,0.0032004084302610153
2016-10-03,-0.001645053775964089,-0.0016488005790987875,-0.001645053775964089,-3.746803134698504e-06,0.0,0.003746803134698485,3.746803134698485e-06,True,0.003746803134698485,3.746803134698485e-06,-0.0016488005790987875
2016-10-04,-0.00511836146463396,-0.00511836146463396,-0.00511836146463396,0.0,0.0,0.0,0.0,False,0.0,0.0,-0.00511836146463396
2016-10-05,0.0028498423749867352,0.0028498423749867352,0.0028498423749867352,0.0,0.0,0.0,0.0,False,0.0,0.0,0.0028498423749867352
2016-10-06,-0.0012533830702818876,-0.0012533830702818876,-0.0012533830702818876,0.0,0.0,0.0,0.0,False,0.0,0.0,-0.0012533830702818876
2016-10-07,-0.001977022355918568,-0.001977022355918568,-0.001977022355918568,0.0,0.0,0.0,0.0,False,0.0,0.0,-0.001977022355918568
2016-10-10,0.002884922430884289,0.002884922430884289,0.002884922430884289,0.0,0.0,0.0,0.0,False,0.0,0.0,0.002884922430884289
2016-10-11,-0.009824443768643457,-0.009824443768643457,-0.009824443768643457,0.0,0.0,0.0,0.0,False,0.0,0.0,-0.009824443768643457
2016-10-12,7.520539236990472e-05,7.520539236990472e-05,7.520539236990472e-05,0.0,0.0,0.0,0.0,False,0.0,0.0,7.520539236990472e-05
2016-10-13,-0.00188289710199369,-0.00188289710199369,-0.00188289710199369,0.0,0.0,0.0,0.0,False,0.0,0.0,-0.00188289710199369
2016-10-14,-0.0016425671271006748,-0.0016425671271006748,-0.0016425671271006748,0.0,0.0,0.0,0.0,False,0.0,0.0,-0.0016425671271006748
2016-10-17,-0.0004038010853226248,-0.0004038010853226248,-0.0004038010853226248,0.0,0.0,0.0,0.0,False,0.0,0.0,-0.0004038010853226248
2016-10-18,0.0063338258419576516,0.0063338258419576516,0.0063338258419576516,0.0,0.0,0.0,0.0,False,0.0,0.0,0.0063338258419576516
2016-10-19,0.002368378484672194,0.002368378484672194,0.002368378484672194,0.0,0.0,0.0,0.0,False,0.0,0.0,0.002368378484672194
2016-10-20,-0.0009508025917725025,-0.0009508025917725025,-0.0009508025917725025,0.0,0.0,0.0,0.0,False,0.0,0.0,-0.0009508025917725025
2016-10-21,0.00013241767734967048,0.00013241767734967048,0.00013241767734967048,0.0,0.0,0.0,0.0,False,0.0,0.0,0.00013241767734967048
2016-10-24,0.001077817145753857,0.001077817145753857,0.001077817145753857,0.0,0.0,0.0,0.0,False,0.0,0.0,0.001077817145753857
2016-10-25,-0.0013902630322365943,-0.0013902630322365943,-0.0013902630322365943,0.0,0.0,0.0,0.0,False,0.0,0.0,-0.0013902630322365943
2016-10-26,-0.0042315314170672256,-0.0042315314170672256,-0.0042315314170672256,0.0,0.0,0.0,0.0,False,0.0,0.0,-0.0042315314170672256
2016-10-27,-0.004312978273961453,-0.004312978273961453,-0.004312978273961453,0.0,0.0,0.0,0.0,False,0.0,0.0,-0.004312978273961453
2016-10-28,-0.0017315266720811678,-0.0017315266720811678,-0.0017315266720811678,0.0,0.0,0.0,0.0,False,0.0,0.0,-0.0017315266720811678
2016-10-31,0.0014565403001666234,0.0014565403001666234,0.0014565403001666234,0.0,0.0,0.0,0.0,False,0.0,0.0,0.0014565403001666234
2016-11-01,-0.004419521513260705,-0.004422611857445932,-0.004419521513260705,-3.0903441852270577e-06,0.0,0.0030903441852266345,3.0903441852266346e-06,True,0.0030903441852266345,3.0903441852266346e-06,-0.004422611857445932
2016-11-02,-0.003591495710940574,-0.003591495710940574,-0.003591495710940574,0.0,0.0,0.0,0.0,False,0.0,0.0,-0.003591495710940574
2016-11-03,-0.0028503128520102564,-0.0028503128520102564,-0.0028503128520102564,0.0,0.0,0.0,0.0,False,0.0,0.0,-0.0028503128520102564
2016-11-04,-0.0009327565038478766,-0.0009327565038478766,-0.0009327565038478766,0.0,0.0,0.0,0.0,False,0.0,0.0,-0.0009327565038478766
2016-11-07,0.011987281306512217,0.011987281306512217,0.011987281306512217,0.0,0.0,0.0,0.0,False,0.0,0.0,0.011987281306512217
2016-11-08,0.0012990929254277073,0.0012990929254277073,0.0012990929254277073,0.0,0.0,0.0,0.0,False,0.0,0.0,0.0012990929254277073
2016-11-09,-0.005745009663789595,-0.005745009663789595,-0.005745009663789595,0.0,0.0,0.0,0.0,False,0.0,0.0,-0.005745009663789595
2016-11-10,-0.0036244015219746833,-0.0036244015219746833,-0.0036244015219746833,0.0,0.0,0.0,0.0,False,0.0,0.0,-0.0036244015219746833
2016-11-11,-0.0035367174843559356,-0.0035367174843559356,-0.0035367174843559356,0.0,0.0,0.0,0.0,False,0.0,0.0,-0.0035367174843559356
2016-11-14,-0.002677929209654381,-0.002677929209654381,-0.002677929209654381,0.0,0.0,0.0,0.0,False,0.0,0.0,-0.002677929209654381
2016-11-15,0.005819061161737124,0.005819061161737124,0.005819061161737124,0.0,0.0,0.0,0.0,False,0.0,0.0,0.005819061161737124
2016-11-16,-0.002124886122278938,-0.002124886122278938,-0.002124886122278938,0.0,0.0,0.0,0.0,False,0.0,0.0,-0.002124886122278938
2016-11-17,0.0006804220330902699,0.0006804220330902699,0.0006804220330902699,0.0,0.0,0.0,0.0,False,0.0,0.0,0.0006804220330902699
2016-11-18,-0.004291396681022445,-0.004291396681022445,-0.004291396681022445,0.0,0.0,0.0,0.0,False,0.0,0.0,-0.004291396681022445
2016-11-21,0.005248171862138343,0.005248171862138343,0.005248171862138343,0.0,0.0,0.0,0.0,False,0.0,0.0,0.005248171862138343
2016-11-22,0.0034741668166399504,0.0034741668166399504,0.0034741668166399504,0.0,0.0,0.0,0.0,False,0.0,0.0,0.0034741668166399504
2016-11-23,-0.0024411220268210046,-0.0024411220268210046,-0.0024411220268210046,0.0,0.0,0.0,0.0,False,0.0,0.0,-0.0024411220268210046
2016-11-25,0.0021762449079274857,0.0021762449079274857,0.0021762449079274857,0.0,0.0,0.0,0.0,False,0.0,0.0,0.0021762449079274857
2016-11-28,-0.0007355365098643391,-0.0007355365098643391,-0.0007355365098643391,0.0,0.0,0.0,0.0,False,0.0,0.0,-0.0007355365098643391
2016-11-29,0.0022542628792072343,0.0022542628792072343,0.0022542628792072343,0.0,0.0,0.0,0.0,False,0.0,0.0,0.0022542628792072343
2016-11-30,-0.003626516650449287,-0.003626516650449287,-0.003626516650449287,0.0,0.0,0.0,0.0,False,0.0,0.0,-0.003626516650449287
2016-12-01,-0.005241526010028597,-0.00526099734665424,-0.005241526010028597,-1.947133662564323e-05,0.0,0.01947133662564299,1.947133662564299e-05,True,0.01947133662564299,1.947133662564299e-05,-0.00526099734665424
2016-12-02,0.0025580753068118658,0.0025580753068118658,0.0025580753068118658,0.0,0.0,0.0,0.0,False,0.0,0.0,0.0025580753068118658
2016-12-05,0.005153178970056495,0.005153178970056495,0.005153178970056495,0.0,0.0,0.0,0.0,False,0.0,0.0,0.005153178970056495
2016-12-06,0.003083445669750482,0.003083445669750482,0.003083445669750482,0.0,0.0,0.0,0.0,False,0.0,0.0,0.003083445669750482
2016-12-07,0.010073213529948829,0.010073213529948829,0.010073213529948829,0.0,0.0,0.0,0.0,False,0.0,0.0,0.010073213529948829
2016-12-08,-8.89656307347088e-05,-8.89656307347088e-05,-8.89656307347088e-05,0.0,0.0,0.0,0.0,False,0.0,0.0,-8.89656307347088e-05
2016-12-09,-0.0001423480398399068,-0.0001423480398399068,-0.0001423480398399068,0.0,0.0,0.0,0.0,False,0.0,0.0,-0.0001423480398399068
2016-12-12,-0.002248489908678715,-0.002248489908678715,-0.002248489908678715,0.0,0.0,0.0,0.0,False,0.0,0.0,-0.002248489908678715
2016-12-13,0.005403046861689254,0.005403046861689254,0.005403046861689254,0.0,0.0,0.0,0.0,False,0.0,0.0,0.005403046861689254
2016-12-14,-0.011493115963827731,-0.011493115963827731,-0.011493115963827731,0.0,0.0,0.0,0.0,False,0.0,0.0,-0.011493115963827731
2016-12-15,0.001263469230258241,0.001263469230258241,0.001263469230258241,0.0,0.0,0.0,0.0,False,0.0,0.0,0.001263469230258241
2016-12-16,-0.001016421233290976,-0.001016421233290976,-0.001016421233290976,0.0,0.0,0.0,0.0,False,0.0,0.0,-0.001016421233290976
2016-12-19,0.002238566671247728,0.002238566671247728,0.002238566671247728,0.0,0.0,0.0,0.0,False,0.0,0.0,0.002238566671247728
2016-12-20,0.001727372864301463,0.001727372864301463,0.001727372864301463,0.0,0.0,0.0,0.0,False,0.0,0.0,0.001727372864301463
2016-12-21,-0.0005494621512135813,-0.0005494621512135813,-0.0005494621512135813,0.0,0.0,0.0,0.0,False,0.0,0.0,-0.0005494621512135813
2016-12-22,-0.00263366561209567,-0.00263366561209567,-0.00263366561209567,0.0,0.0,0.0,0.0,False,0.0,0.0,-0.00263366561209567
2016-12-23,0.0022022215268538573,0.0022022215268538573,0.0022022215268538573,0.0,0.0,0.0,0.0,False,0.0,0.0,0.0022022215268538573
2016-12-27,0.0005190066927718647,0.0005190066927718647,0.0005190066927718647,0.0,0.0,0.0,0.0,False,0.0,0.0,0.0005190066927718647
2016-12-28,-0.0012886054308269817,-0.0012886054308269817,-0.0012886054308269817,0.0,0.0,0.0,0.0,False,0.0,0.0,-0.0012886054308269817
2016-12-29,0.0033100684466576148,0.0033100684466576148,0.0033100684466576148,0.0,0.0,0.0,0.0,False,0.0,0.0,0.0033100684466576148
2016-12-30,-0.0005939551179861788,-0.0005939551179861788,-0.0005939551179861788,0.0,0.0,0.0,0.0,False,0.0,0.0,-0.0005939551179861788
2017-01-03,0.004925166376215184,0.004919709807369337,0.004925166376215184,-5.4565688458472e-06,0.0,0.005456568845847186,5.456568845847186e-06,True,0.005456568845847186,5.456568845847186e-06,0.004919709807369337
2017-01-04,0.006026909760250138,0.006026909760250138,0.006026909760250138,0.0,0.0,0.0,0.0,False,0.0,0.0,0.006026909760250138
2017-01-05,0.004426230922281974,0.004426230922281974,0.004426230922281974,0.0,0.0,0.0,0.0,False,0.0,0.0,0.004426230922281974
2017-01-06,-0.0021920690161824612,-0.0021920690161824612,-0.0021920690161824612,0.0,0.0,0.0,0.0,False,0.0,0.0,-0.0021920690161824612
2017-01-09,-0.00018879124670740158,-0.00018879124670740158,-0.00018879124670740158,0.0,0.0,0.0,0.0,False,0.0,0.0,-0.00018879124670740158
2017-01-10,0.0008741037513379562,0.0008741037513379562,0.0008741037513379562,0.0,0.0,0.0,0.0,False,0.0,0.0,0.0008741037513379562
2017-01-11,0.0035634454924045053,0.0035634454924045053,0.0035634454924045053,0.0,0.0,0.0,0.0,False,0.0,0.0,0.0035634454924045053
2017-01-12,-0.0004667437754827795,-0.0004667437754827795,-0.0004667437754827795,0.0,0.0,0.0,0.0,False,0.0,0.0,-0.0004667437754827795
2017-01-13,0.0005481926740335018,0.0005481926740335018,0.0005481926740335018,0.0,0.0,0.0,0.0,False,0.0,0.0,0.0005481926740335018
2017-01-17,-0.0001878194240461634,-0.0001878194240461634,-0.0001878194240461634,0.0,0.0,0.0,0.0,False,0.0,0.0,-0.0001878194240461634
2017-01-18,-0.003211313637941543,-0.003211313637941543,-0.003211313637941543,0.0,0.0,0.0,0.0,False,0.0,0.0,-0.003211313637941543
2017-01-19,-0.0038088712153441953,-0.0038088712153441953,-0.0038088712153441953,0.0,0.0,0.0,0.0,False,0.0,0.0,-0.0038088712153441953
2017-01-20,0.0026888716001746103,0.0026888716001746103,0.0026888716001746103,0.0,0.0,0.0,0.0,False,0.0,0.0,0.0026888716001746103
2017-01-23,0.003136188976477061,0.003136188976477061,0.003136188976477061,0.0,0.0,0.0,0.0,False,0.0,0.0,0.003136188976477061
2017-01-24,0.002158518409310176,0.002158518409310176,0.002158518409310176,0.0,0.0,0.0,0.0,False,0.0,0.0,0.002158518409310176
2017-01-25,0.0036316381204488943,0.0036316381204488943,0.0036316381204488943,0.0,0.0,0.0,0.0,False,0.0,0.0,0.0036316381204488943
2017-01-26,-0.0009709370303591126,-0.0009709370303591126,-0.0009709370303591126,0.0,0.0,0.0,0.0,False,0.0,0.0,-0.0009709370303591126
2017-01-27,-0.00021899735623560717,-0.00021899735623560717,-0.00021899735623560717,0.0,0.0,0.0,0.0,False,0.0,0.0,-0.00021899735623560717
2017-01-30,-0.004665976834852562,-0.004665976834852562,-0.004665976834852562,0.0,0.0,0.0,0.0,False,0.0,0.0,-0.004665976834852562
2017-01-31,0.0020269393597587403,0.0020269393597587403,0.0020269393597587403,0.0,0.0,0.0,0.0,False,0.0,0.0,0.0020269393597587403
2017-02-01,-0.0001306317476152674,-0.00013755673233938165,-0.0001306317476152674,-6.924984724114238e-06,0.0,0.006924984724114236,6.924984724114236e-06,True,0.006924984724114236,6.924984724114236e-06,-0.00013755673233938165
2017-02-02,0.0006699119830737765,0.0006699119830737765,0.0006699119830737765,0.0,0.0,0.0,0.0,False,0.0,0.0,0.0006699119830737765
2017-02-03,0.004347393760188766,0.004347393760188766,0.004347393760188766,0.0,0.0,0.0,0.0,False,0.0,0.0,0.004347393760188766
2017-02-06,-0.0005135447923234611,-0.0005135447923234611,-0.0005135447923234611,0.0,0.0,0.0,0.0,False,0.0,0.0,-0.0005135447923234611
2017-02-07,0.0001165985894707915,0.0001165985894707915,0.0001165985894707915,0.0,0.0,0.0,0.0,False,0.0,0.0,0.0001165985894707915
2017-02-08,0.003189727169520475,0.003189727169520475,0.003189727169520475,0.0,0.0,0.0,0.0,False,0.0,0.0,0.003189727169520475
2017-02-09,0.0011789494463755467,0.0011789494463755467,0.0011789494463755467,0.0,0.0,0.0,0.0,False,0.0,0.0,0.0011789494463755467
2017-02-10,0.0026492892418516515,0.0026492892418516515,0.0026492892418516515,0.0,0.0,0.0,0.0,False,0.0,0.0,0.0026492892418516515
2017-02-13,0.0021666558529169224,0.0021666558529169224,0.0021666558529169224,0.0,0.0,0.0,0.0,False,0.0,0.0,0.0021666558529169224
2017-02-14,-0.00016707132945703134,-0.00016707132945703134,-0.00016707132945703134,0.0,0.0,0.0,0.0,False,0.0,0.0,-0.00016707132945703134
2017-02-15,0.002563350067445732,0.002563350067445732,0.002563350067445732,0.0,0.0,0.0,0.0,False,0.0,0.0,0.002563350067445732
2017-02-16,0.0010473037758942944,0.0010473037758942944,0.0010473037758942944,0.0,0.0,0.0,0.0,False,0.0,0.0,0.0010473037758942944
2017-02-17,0.0008239602418821331,0.0008239602418821331,0.0008239602418821331,0.0,0.0,0.0,0.0,False,0.0,0.0,0.0008239602418821331
2017-02-21,0.0036912464074132104,0.0036912464074132104,0.0036912464074132104,0.0,0.0,0.0,0.0,False,0.0,0.0,0.0036912464074132104
2017-02-22,0.00033104189642247956,0.00033104189642247956,0.00033104189642247956,0.0,0.0,0.0,0.0,False,0.0,0.0,0.00033104189642247956
2017-02-23,0.0012976167920804391,0.0012976167920804391,0.0012976167920804391,0.0,0.0,0.0,0.0,False,0.0,0.0,0.0012976167920804391
2017-02-24,0.000275759139268532,0.000275759139268532,0.000275759139268532,0.0,0.0,0.0,0.0,False,0.0,0.0,0.000275759139268532
2017-02-27,-0.0006033164138742394,-0.0006033164138742394,-0.0006033164138742394,0.0,0.0,0.0,0.0,False,0.0,0.0,-0.0006033164138742394
2017-02-28,-0.0026044079343377647,-0.0026044079343377647,-0.0026044079343377647,0.0,0.0,0.0,0.0,False,0.0,0.0,-0.0026044079343377647
2017-03-01,0.005114582660177602,0.005109058473942546,0.005114582660177602,-5.524186235055829e-06,0.0,0.005524186235055694,5.524186235055694e-06,True,0.005524186235055694,5.524186235055694e-06,0.005109058473942546
2017-03-02,-0.006225830782218373,-0.006225830782218373,-0.006225830782218373,0.0,0.0,0.0,0.0,False,0.0,0.0,-0.006225830782218373
2017-03-03,0.002284175175151959,0.002284175175151959,0.002284175175151959,0.0,0.0,0.0,0.0,False,0.0,0.0,0.002284175175151959
2017-03-06,-0.0022012926927648603,-0.0022012926927648603,-0.0022012926927648603,0.0,0.0,0.0,0.0,False,0.0,0.0,-0.0022012926927648603
2017-03-07,-0.002815219995220967,-0.002815219995220967,-0.002815219995220967,0.0,0.0,0.0,0.0,False,0.0,0.0,-0.002815219995220967
2017-03-08,-0.0037773093424838225,-0.0037773093424838225,-0.0037773093424838225,0.0,0.0,0.0,0.0,False,0.0,0.0,-0.0037773093424838225
2017-03-09,-0.0017824999814969838,-0.0017824999814969838,-0.0017824999814969838,0.0,0.0,0.0,0.0,False,0.0,0.0,-0.0017824999814969838
2017-03-10,0.004641382880451055,0.004641382880451055,0.004641382880451055,0.0,0.0,0.0,0.0,False,0.0,0.0,0.004641382880451055
2017-03-13,0.0011724486703803714,0.0011724486703803714,0.0011724486703803714,0.0,0.0,0.0,0.0,False,0.0,0.0,0.0011724486703803714
2017-03-14,-0.002581332766343055,-0.002581332766343055,-0.002581332766343055,0.0,0.0,0.0,0.0,False,0.0,0.0,-0.002581332766343055
2017-03-15,0.01181275833802839,0.01181275833802839,0.01181275833802839,0.0,0.0,0.0,0.0,False,0.0,0.0,0.01181275833802839
2017-03-16,-0.00016495787144880838,-0.00016495787144880838,-0.00016495787144880838,0.0,0.0,0.0,0.0,False,0.0,0.0,-0.00016495787144880838
2017-03-17,0.0010539597187785182,0.0010539597187785182,0.0010539597187785182,0.0,0.0,0.0,0.0,False,0.0,0.0,0.0010539597187785182
2017-03-20,0.0013563453895628123,0.0013563453895628123,0.0013563453895628123,0.0,0.0,0.0,0.0,False,0.0,0.0,0.0013563453895628123
2017-03-21,-0.005655986032329727,-0.005655986032329727,-0.005655986032329727,0.0,0.0,0.0,0.0,False,0.0,0.0,-0.005655986032329727
2017-03-22,0.0021890261731188983,0.0021890261731188983,0.0021890261731188983,0.0,0.0,0.0,0.0,False,0.0,0.0,0.0021890261731188983
2017-03-23,-4.090517250451256e-05,-4.090517250451256e-05,-4.090517250451256e-05,0.0,0.0,0.0,0.0,False,0.0,0.0,-4.090517250451256e-05
2017-03-24,0.0009434879640364236,0.0009434879640364236,0.0009434879640364236,0.0,0.0,0.0,0.0,False,0.0,0.0,0.0009434879640364236
2017-03-27,0.0009246290921548641,0.0009246290921548641,0.0009246290921548641,0.0,0.0,0.0,0.0,False,0.0,0.0,0.0009246290921548641
2017-03-28,0.002236985574278187,0.002236985574278187,0.002236985574278187,0.0,0.0,0.0,0.0,False,0.0,0.0,0.002236985574278187
2017-03-29,0.0019552748762340848,0.0019552748762340848,0.0019552748762340848,0.0,0.0,0.0,0.0,False,0.0,0.0,0.0019552748762340848
2017-03-30,-0.0011229443473606306,-0.0011229443473606306,-0.0011229443473606306,0.0,0.0,0.0,0.0,False,0.0,0.0,-0.0011229443473606306
2017-03-31,-0.0008792005390185061,-0.0008792005390185061,-0.0008792005390185061,0.0,0.0,0.0,0.0,False,0.0,0.0,-0.0008792005390185061
2017-04-03,0.0014552024880432057,0.0014488008622685156,0.0014552024880432057,-6.4016257746901586e-06,0.0,0.0064016257746900875,6.4016257746900866e-06,True,0.0064016257746900875,6.4016257746900866e-06,0.0014488008622685156
2017-04-04,-0.0008173112397407133,-0.0008173112397407133,-0.0008173112397407133,0.0,0.0,0.0,0.0,False,0.0,0.0,-0.0008173112397407133
2017-04-05,-0.0018249375294959766,-0.0018249375294959766,-0.0018249375294959766,0.0,0.0,0.0,0.0,False,0.0,0.0,-0.0018249375294959766
2017-04-06,0.0010751061673601003,0.0010751061673601003,0.0010751061673601003,0.0,0.0,0.0,0.0,False,0.0,0.0,0.0010751061673601003
2017-04-07,-0.001781920993068928,-0.001781920993068928,-0.001781920993068928,0.0,0.0,0.0,0.0,False,0.0,0.0,-0.001781920993068928
2017-04-10,0.000587143672088347,0.000587143672088347,0.000587143672088347,0.0,0.0,0.0,0.0,False,0.0,0.0,0.000587143672088347
2017-04-11,0.0026181036943718596,0.0026181036943718596,0.0026181036943718596,0.0,0.0,0.0,0.0,False,0.0,0.0,0.0026181036943718596
2017-04-12,-0.00022322313948859075,-0.00022322313948859075,-0.00022322313948859075,0.0,0.0,0.0,0.0,False,0.0,0.0,-0.00022322313948859075
2017-04-13,-0.0027863518689653947,-0.0027863518689653947,-0.0027863518689653947,0.0,0.0,0.0,0.0,False,0.0,0.0,-0.0027863518689653947
2017-04-17,0.004382418475173603,0.004382418475173603,0.004382418475173603,0.0,0.0,0.0,0.0,False,0.0,0.0,0.004382418475173603
2017-04-18,-0.00010505812734188551,-0.00010505812734188551,-0.00010505812734188551,0.0,0.0,0.0,0.0,False,0.0,0.0,-0.00010505812734188551
2017-04-19,-0.002852774338259706,-0.002852774338259706,-0.002852774338259706,0.0,0.0,0.0,0.0,False,0.0,0.0,-0.002852774338259706
2017-04-20,0.004575500084719266,0.004575500084719266,0.004575500084719266,0.0,0.0,0.0,0.0,False,0.0,0.0,0.004575500084719266
2017-04-21,-0.0008722916446494043,-0.0008722916446494043,-0.0008722916446494043,0.0,0.0,0.0,0.0,False,0.0,0.0,-0.0008722916446494043
2017-04-24,0.008205043622832354,0.008205043622832354,0.008205043622832354,0.0,0.0,0.0,0.0,False,0.0,0.0,0.008205043622832354
2017-04-25,0.0019396946848694303,0.0019396946848694303,0.0019396946848694303,0.0,0.0,0.0,0.0,False,0.0,0.0,0.0019396946848694303
2017-04-26,0.00042995914212056054,0.00042995914212056054,0.00042995914212056054,0.0,0.0,0.0,0.0,False,0.0,0.0,0.00042995914212056054
2017-04-27,0.0005070112742619658,0.0005070112742619658,0.0005070112742619658,0.0,0.0,0.0,0.0,False,0.0,0.0,0.0005070112742619658
2017-04-28,-0.0008537721639968406,-0.0008537721639968406,-0.0008537721639968406,0.0,0.0,0.0,0.0,False,0.0,0.0,-0.0008537721639968406
2017-05-01,0.0009161169400235258,0.0009141235400614381,0.0009161169400235258,-1.9933999620876932e-06,0.0,0.001993399962087687,1.9933999620876873e-06,True,0.001993399962087687,1.9933999620876873e-06,0.0009141235400614381
2017-05-02,0.0024654497455695867,0.0024654497455695867,0.0024654497455695867,0.0,0.0,0.0,0.0,False,0.0,0.0,0.0024654497455695867
2017-05-03,-0.002103871996227198,-0.002103871996227198,-0.002103871996227198,0.0,0.0,0.0,0.0,False,0.0,0.0,-0.002103871996227198
2017-05-04,-0.00039120112426764466,-0.00039120112426764466,-0.00039120112426764466,0.0,0.0,0.0,0.0,False,0.0,0.0,-0.00039120112426764466
2017-05-05,0.004150541116809921,0.004150541116809921,0.004150541116809921,0.0,0.0,0.0,0.0,False,0.0,0.0,0.004150541116809921
2017-05-08,-0.002447958892228276,-0.002447958892228276,-0.002447958892228276,0.0,0.0,0.0,0.0,False,0.0,0.0,-0.002447958892228276
2017-05-09,0.00039290182054194166,0.00039290182054194166,0.00039290182054194166,0.0,0.0,0.0,0.0,False,0.0,0.0,0.00039290182054194166
2017-05-10,0.00182449148080798,0.00182449148080798,0.00182449148080798,0.0,0.0,0.0,0.0,False,0.0,0.0,0.00182449148080798
2017-05-11,-0.0008872483626429592,-0.0008872483626429592,-0.0008872483626429592,0.0,0.0,0.0,0.0,False,0.0,0.0,-0.0008872483626429592
2017-05-12,0.0026394013625800966,0.0026394013625800966,0.0026394013625800966,0.0,0.0,0.0,0.0,False,0.0,0.0,0.0026394013625800966
2017-05-15,0.003569830124657482,0.003569830124657482,0.003569830124657482,0.0,0.0,0.0,0.0,False,0.0,0.0,0.003569830124657482
2017-05-16,0.0014752895191610868,0.0014752895191610868,0.0014752895191610868,0.0,0.0,0.0,0.0,False,0.0,0.0,0.0014752895191610868
2017-05-17,-0.006923025221272387,-0.006923025221272387,-0.006923025221272387,0.0,0.0,0.0,0.0,False,0.0,0.0,-0.006923025221272387
2017-05-18,-8.944354020534381e-05,-8.944354020534381e-05,-8.944354020534381e-05,0.0,0.0,0.0,0.0,False,0.0,0.0,-8.944354020534381e-05
2017-05-19,0.006230425021916081,0.006230425021916081,0.006230425021916081,0.0,0.0,0.0,0.0,False,0.0,0.0,0.006230425021916081
2017-05-22,0.0016345782906440468,0.0016345782906440468,0.0016345782906440468,0.0,0.0,0.0,0.0,False,0.0,0.0,0.0016345782906440468
2017-05-23,-0.000376064021447228,-0.000376064021447228,-0.000376064021447228,0.0,0.0,0.0,0.0,False,0.0,0.0,-0.000376064021447228
2017-05-24,0.0021418483555596924,0.0021418483555596924,0.0021418483555596924,0.0,0.0,0.0,0.0,False,0.0,0.0,0.0021418483555596924
2017-05-25,0.0021423683013188175,0.0021423683013188175,0.0021423683013188175,0.0,0.0,0.0,0.0,False,0.0,0.0,0.0021423683013188175
2017-05-26,0.0001786756210807092,0.0001786756210807092,0.0001786756210807092,0.0,0.0,0.0,0.0,False,0.0,0.0,0.0001786756210807092
2017-05-30,-0.00025135180111777094,-0.00025135180111777094,-0.00025135180111777094,0.0,0.0,0.0,0.0,False,0.0,0.0,-0.00025135180111777094
2017-05-31,-0.0003334802770902655,-0.0003334802770902655,-0.0003334802770902655,0.0,0.0,0.0,0.0,False,0.0,0.0,-0.0003334802770902655
2017-06-01,0.005109523544836913,0.005105289677462051,0.005109523544836913,-4.233867374862227e-06,0.0,0.004233867374862407,4.233867374862407e-06,True,0.004233867374862407,4.233867374862407e-06,0.005105289677462051
2017-06-02,0.0056447152565791865,0.0056447152565791865,0.0056447152565791865,0.0,0.0,0.0,0.0,False,0.0,0.0,0.0056447152565791865
2017-06-05,-0.0025521491769674577,-0.0025521491769674577,-0.0025521491769674577,0.0,0.0,0.0,0.0,False,0.0,0.0,-0.0025521491769674577
2017-06-06,-5.311770022117427e-05,-5.311770022117427e-05,-5.311770022117427e-05,0.0,0.0,0.0,0.0,False,0.0,0.0,-5.311770022117427e-05
2017-06-07,-0.00026939966358039563,-0.00026939966358039563,-0.00026939966358039563,0.0,0.0,0.0,0.0,False,0.0,0.0,-0.00026939966358039563
2017-06-08,0.0004637584093249382,0.0004637584093249382,0.0004637584093249382,0.0,0.0,0.0,0.0,False,0.0,0.0,0.0004637584093249382
2017-06-09,-0.001933366950771534,-0.001933366950771534,-0.001933366950771534,0.0,0.0,0.0,0.0,False,0.0,0.0,-0.001933366950771534
2017-06-12,-0.0012559986144893595,-0.0012559986144893595,-0.0012559986144893595,0.0,0.0,0.0,0.0,False,0.0,0.0,-0.0012559986144893595
2017-06-13,0.0036128593900530957,0.0036128593900530957,0.0036128593900530957,0.0,0.0,0.0,0.0,False,0.0,0.0,0.0036128593900530957
2017-06-14,0.001995468127360511,0.001995468127360511,0.001995468127360511,0.0,0.0,0.0,0.0,False,0.0,0.0,0.001995468127360511
2017-06-15,-0.0042111372831312496,-0.0042111372831312496,-0.0042111372831312496,0.0,0.0,0.0,0.0,False,0.0,0.0,-0.0042111372831312496
2017-06-16,0.001706081076326884,0.001706081076326884,0.001706081076326884,0.0,0.0,0.0,0.0,False,0.0,0.0,0.001706081076326884
2017-06-19,0.0036616507740207613,0.0036616507740207613,0.0036616507740207613,0.0,0.0,0.0,0.0,False,0.0,0.0,0.0036616507740207613
2017-06-20,-0.0035803533983738015,-0.0035803533983738015,-0.0035803533983738015,0.0,0.0,0.0,0.0,False,0.0,0.0,-0.0035803533983738015
2017-06-21,-7.253017312307708e-06,-7.253017312307708e-06,-7.253017312307708e-06,0.0,0.0,0.0,0.0,False,0.0,0.0,-7.253017312307708e-06
2017-06-22,0.0009625925826716139,0.0009625925826716139,0.0009625925826716139,0.0,0.0,0.0,0.0,False,0.0,0.0,0.0009625925826716139
2017-06-23,0.0016999776235941842,0.0016999776235941842,0.0016999776235941842,0.0,0.0,0.0,0.0,False,0.0,0.0,0.0016999776235941842
2017-06-26,0.0021046607597721,0.0021046607597721,0.0021046607597721,0.0,0.0,0.0,0.0,False,0.0,0.0,0.0021046607597721
2017-06-27,-0.0062668488575208315,-0.0062668488575208315,-0.0062668488575208315,0.0,0.0,0.0,0.0,False,0.0,0.0,-0.0062668488575208315
2017-06-28,0.005348040521312696,0.005348040521312696,0.005348040521312696,0.0,0.0,0.0,0.0,False,0.0,0.0,0.005348040521312696
2017-06-29,-0.007319511601485012,-0.007319511601485012,-0.007319511601485012,0.0,0.0,0.0,0.0,False,0.0,0.0,-0.007319511601485012
2017-06-30,0.0003265768840828877,0.0003265768840828877,0.0003265768840828877,0.0,0.0,0.0,0.0,False,0.0,0.0,0.0003265768840828877
2017-07-03,0.00010315752229058674,0.00010078100712299136,0.00010315752229058674,-2.3765151675953834e-06,0.0,0.002376515167595381,2.3765151675953813e-06,True,0.002376515167595381,2.3765151675953813e-06,0.00010078100712299136
2017-07-05,0.0007324221250564027,0.0007324221250564027,0.0007324221250564027,0.0,0.0,0.0,0.0,False,0.0,0.0,0.0007324221250564027
2017-07-06,-0.006455263730148672,-0.006455263730148672,-0.006455263730148672,0.0,0.0,0.0,0.0,False,0.0,0.0,-0.006455263730148672
2017-07-07,0.0019028199804901418,0.0019028199804901418,0.0019028199804901418,0.0,0.0,0.0,0.0,False,0.0,0.0,0.0019028199804901418
2017-07-10,0.002007869540513169,0.002007869540513169,0.002007869540513169,0.0,0.0,0.0,0.0,False,0.0,0.0,0.002007869540513169
2017-07-11,0.0015015396872885252,0.0015015396872885252,0.0015015396872885252,0.0,0.0,0.0,0.0,False,0.0,0.0,0.0015015396872885252
2017-07-12,0.007382175770667706,0.007382175770667706,0.007382175770667706,0.0,0.0,0.0,0.0,False,0.0,0.0,0.007382175770667706
2017-07-13,0.0007097413597596519,0.0007097413597596519,0.0007097413597596519,0.0,0.0,0.0,0.0,False,0.0,0.0,0.0007097413597596519
2017-07-14,0.004518785117832408,0.004518785117832408,0.004518785117832408,0.0,0.0,0.0,0.0,False,0.0,0.0,0.004518785117832408
2017-07-17,-0.00018197769941486798,-0.00018197769941486798,-0.00018197769941486798,0.0,0.0,0.0,0.0,False,0.0,0.0,-0.00018197769941486798
2017-07-18,0.0022680066756997496,0.0022680066756997496,0.0022680066756997496,0.0,0.0,0.0,0.0,False,0.0,0.0,0.0022680066756997496
2017-07-19,0.003607216964763587,0.003607216964763587,0.003607216964763587,0.0,0.0,0.0,0.0,False,0.0,0.0,0.003607216964763587
2017-07-20,0.0009919854813982359,0.0009919854813982359,0.0009919854813982359,0.0,0.0,0.0,0.0,False,0.0,0.0,0.0009919854813982359
2017-07-21,-0.00025157746194649755,-0.00025157746194649755,-0.00025157746194649755,0.0,0.0,0.0,0.0,False,0.0,0.0,-0.00025157746194649755
2017-07-24,-0.0005943936048421387,-0.0005943936048421387,-0.0005943936048421387,0.0,0.0,0.0,0.0,False,0.0,0.0,-0.0005943936048421387
2017-07-25,-0.0015020412418186556,-0.0015020412418186556,-0.0015020412418186556,0.0,0.0,0.0,0.0,False,0.0,0.0,-0.0015020412418186556
2017-07-26,0.002712800083459149,0.002712800083459149,0.002712800083459149,0.0,0.0,0.0,0.0,False,0.0,0.0,0.002712800083459149
2017-07-27,-0.0024251394213711673,-0.0024251394213711673,-0.0024251394213711673,0.0,0.0,0.0,0.0,False,0.0,0.0,-0.0024251394213711673
2017-07-28,0.0006364283038130926,0.0006364283038130926,0.0006364283038130926,0.0,0.0,0.0,0.0,False,0.0,0.0,0.0006364283038130926
2017-07-31,0.00022129655031893146,0.00022129655031893146,0.00022129655031893146,0.0,0.0,0.0,0.0,False,0.0,0.0,0.00022129655031893146
2017-08-01,0.00328195446844256,0.0032759731292097707,0.00328195446844256,-5.981339232789384e-06,0.0,0.005981339232789311,5.981339232789311e-06,True,0.005981339232789311,5.981339232789311e-06,0.0032759731292097707
2017-08-02,-0.0006363377400672096,-0.0006363377400672096,-0.0006363377400672096,0.0,0.0,0.0,0.0,False,0.0,0.0,-0.0006363377400672096
2017-08-03,0.0002729945188749371,0.0002729945188749371,0.0002729945188749371,0.0,0.0,0.0,0.0,False,0.0,0.0,0.0002729945188749371
2017-08-04,-0.00020475355419131535,-0.00020475355419131535,-0.00020475355419131535,0.0,0.0,0.0,0.0,False,0.0,0.0,-0.00020475355419131535
2017-08-07,0.0015946185735757905,0.0015946185735757905,0.0015946185735757905,0.0,0.0,0.0,0.0,False,0.0,0.0,0.0015946185735757905
2017-08-08,-0.0027398224632423423,-0.0027398224632423423,-0.0027398224632423423,0.0,0.0,0.0,0.0,False,0.0,0.0,-0.0027398224632423423
2017-08-09,-0.0009305077158181666,-0.0009305077158181666,-0.0009305077158181666,0.0,0.0,0.0,0.0,False,0.0,0.0,-0.0009305077158181666
2017-08-10,-0.008498960015977525,-0.008498960015977525,-0.008498960015977525,0.0,0.0,0.0,0.0,False,0.0,0.0,-0.008498960015977525
2017-08-11,0.0009978023717196667,0.0009978023717196667,0.0009978023717196667,0.0,0.0,0.0,0.0,False,0.0,0.0,0.0009978023717196667
2017-08-14,0.004938457986745897,0.004938457986745897,0.004938457986745897,0.0,0.0,0.0,0.0,False,0.0,0.0,0.004938457986745897
2017-08-15,-0.0014278321506501059,-0.0014278321506501059,-0.0014278321506501059,0.0,0.0,0.0,0.0,False,0.0,0.0,-0.0014278321506501059
2017-08-16,0.0034104706229447267,0.0034104706229447267,0.0034104706229447267,0.0,0.0,0.0,0.0,False,0.0,0.0,0.0034104706229447267
2017-08-17,-0.007285553427831435,-0.007285553427831435,-0.007285553427831435,0.0,0.0,0.0,0.0,False,0.0,0.0,-0.007285553427831435
2017-08-18,0.0007137616580066349,0.0007137616580066349,0.0007137616580066349,0.0,0.0,0.0,0.0,False,0.0,0.0,0.0007137616580066349
2017-08-21,0.0009940080594879014,0.0009940080594879014,0.0009940080594879014,0.0,0.0,0.0,0.0,False,0.0,0.0,0.0009940080594879014
2017-08-22,0.004725334581741999,0.004725334581741999,0.004725334581741999,0.0,0.0,0.0,0.0,False,0.0,0.0,0.004725334581741999
2017-08-23,0.000967420385212506,0.000967420385212506,0.000967420385212506,0.0,0.0,0.0,0.0,False,0.0,0.0,0.000967420385212506
2017-08-24,-0.0013552205077409082,-0.0013552205077409082,-0.0013552205077409082,0.0,0.0,0.0,0.0,False,0.0,0.0,-0.0013552205077409082
2017-08-25,0.003208001035342511,0.003208001035342511,0.003208001035342511,0.0,0.0,0.0,0.0,False,0.0,0.0,0.003208001035342511
2017-08-28,6.970770200067782e-06,6.970770200067782e-06,6.970770200067782e-06,0.0,0.0,0.0,0.0,False,0.0,0.0,6.970770200067782e-06
2017-08-29,0.00030884122091451045,0.00030884122091451045,0.00030884122091451045,0.0,0.0,0.0,0.0,False,0.0,0.0,0.00030884122091451045
2017-08-30,0.00161485942598289,0.00161485942598289,0.00161485942598289,0.0,0.0,0.0,0.0,False,0.0,0.0,0.00161485942598289
2017-08-31,0.00429886502919441,0.00429886502919441,0.00429886502919441,0.0,0.0,0.0,0.0,False,0.0,0.0,0.00429886502919441
2017-09-01,8.049035159017907e-05,7.641079274192493e-05,8.049035159017907e-05,-4.079558848254144e-06,0.0,0.004079558848254141,4.079558848254141e-06,True,0.004079558848254141,4.079558848254141e-06,7.641079274192493e-05
2017-09-05,-0.0018634392720057046,-0.0018634392720057046,-0.0018634392720057046,0.0,0.0,0.0,0.0,False,0.0,0.0,-0.0018634392720057046
2017-09-06,0.0013683990134836918,0.0013683990134836918,0.0013683990134836918,0.0,0.0,0.0,0.0,False,0.0,0.0,0.0013683990134836918
2017-09-07,0.0037731360621121902,0.0037731360621121902,0.0037731360621121902,0.0,0.0,0.0,0.0,False,0.0,0.0,0.0037731360621121902
2017-09-08,-0.0016562784703849556,-0.0016562784703849556,-0.0016562784703849556,0.0,0.0,0.0,0.0,False,0.0,0.0,-0.0016562784703849556
2017-09-11,0.004022570037624463,0.004022570037624463,0.004022570037624463,0.0,0.0,0.0,0.0,False,0.0,0.0,0.004022570037624463
2017-09-12,0.0007767223068402128,0.0007767223068402128,0.0007767223068402128,0.0,0.0,0.0,0.0,False,0.0,0.0,0.0007767223068402128
2017-09-13,-0.0018087347879017775,-0.0018087347879017775,-0.0018087347879017775,0.0,0.0,0.0,0.0,False,0.0,0.0,-0.0018087347879017775
2017-09-14,0.001000190099884619,0.001000190099884619,0.001000190099884619,0.0,0.0,0.0,0.0,False,0.0,0.0,0.001000190099884619
2017-09-15,0.0017265194790368529,0.0017265194790368529,0.0017265194790368529,0.0,0.0,0.0,0.0,False,0.0,0.0,0.0017265194790368529
2017-09-18,0.0003375477477846597,0.0003375477477846597,0.0003375477477846597,0.0,0.0,0.0,0.0,False,0.0,0.0,0.0003375477477846597
2017-09-19,0.0009806667296194552,0.0009806667296194552,0.0009806667296194552,0.0,0.0,0.0,0.0,False,0.0,0.0,0.0009806667296194552
2017-09-20,-0.00106028983325105,-0.00106028983325105,-0.00106028983325105,0.0,0.0,0.0,0.0,False,0.0,0.0,-0.00106028983325105
2017-09-21,-0.0014588430357623653,-0.0014588430357623653,-0.0014588430357623653,0.0,0.0,0.0,0.0,False,0.0,0.0,-0.0014588430357623653
2017-09-22,0.0008549755626757868,0.0008549755626757868,0.0008549755626757868,0.0,0.0,0.0,0.0,False,0.0,0.0,0.0008549755626757868
2017-09-25,-0.001671955471382747,-0.001671955471382747,-0.001671955471382747,0.0,0.0,0.0,0.0,False,0.0,0.0,-0.001671955471382747
2017-09-26,-0.0005350305414728591,-0.0005350305414728591,-0.0005350305414728591,0.0,0.0,0.0,0.0,False,0.0,0.0,-0.0005350305414728591
2017-09-27,-0.0003928750246720217,-0.0003928750246720217,-0.0003928750246720217,0.0,0.0,0.0,0.0,False,0.0,0.0,-0.0003928750246720217
2017-09-28,0.0008787752655172259,0.0008787752655172259,0.0008787752655172259,0.0,0.0,0.0,0.0,False,0.0,0.0,0.0008787752655172259
2017-09-29,0.003219978645443812,0.003219978645443812,0.003219978645443812,0.0,0.0,0.0,0.0,False,0.0,0.0,0.003219978645443812
2017-10-02,0.001627789458993517,0.001619409955648794,0.001627789458993517,-8.379503344722872e-06,0.0,0.008379503344722903,8.379503344722902e-06,True,0.008379503344722903,8.379503344722902e-06,0.001619409955648794
2017-10-03,0.0035038680705436528,0.0035038680705436528,0.0035038680705436528,0.0,0.0,0.0,0.0,False,0.0,0.0,0.0035038680705436528
2017-10-04,-0.00024872167389612806,-0.00024872167389612806,-0.00024872167389612806,0.0,0.0,0.0,0.0,False,0.0,0.0,-0.00024872167389612806
2017-10-05,0.0019845580844869604,0.0019845580844869604,0.0019845580844869604,0.0,0.0,0.0,0.0,False,0.0,0.0,0.0019845580844869604
2017-10-06,-0.001538560331750456,-0.001538560331750456,-0.001538560331750456,0.0,0.0,0.0,0.0,False,0.0,0.0,-0.001538560331750456
2017-10-09,-0.0002262381647918356,-0.0002262381647918356,-0.0002262381647918356,0.0,0.0,0.0,0.0,False,0.0,0.0,-0.0002262381647918356
2017-10-10,0.0036095237822904207,0.0036095237822904207,0.0036095237822904207,0.0,0.0,0.0,0.0,False,0.0,0.0,0.0036095237822904207
2017-10-11,0.0015158129116614523,0.0015158129116614523,0.0015158129116614523,0.0,0.0,0.0,0.0,False,0.0,0.0,0.0015158129116614523
2017-10-12,-0.00022648995785522875,-0.00022648995785522875,-0.00022648995785522875,0.0,0.0,0.0,0.0,False,0.0,0.0,-0.00022648995785522875
2017-10-13,0.0036026904851842482,0.0036026904851842482,0.0036026904851842482,0.0,0.0,0.0,0.0,False,0.0,0.0,0.0036026904851842482
2017-10-16,-0.0003945078925409229,-0.0003945078925409229,-0.0003945078925409229,0.0,0.0,0.0,0.0,False,0.0,0.0,-0.0003945078925409229
2017-10-17,-0.000884074417019941,-0.000884074417019941,-0.000884074417019941,0.0,0.0,0.0,0.0,False,0.0,0.0,-0.000884074417019941
2017-10-18,0.0001554164328782954,0.0001554164328782954,0.0001554164328782954,0.0,0.0,0.0,0.0,False,0.0,0.0,0.0001554164328782954
2017-10-19,-0.0006237311590387427,-0.0006237311590387427,-0.0006237311590387427,0.0,0.0,0.0,0.0,False,0.0,0.0,-0.0006237311590387427
2017-10-20,0.000217841411681131,0.000217841411681131,0.000217841411681131,0.0,0.0,0.0,0.0,False,0.0,0.0,0.000217841411681131
2017-10-23,-0.0022733572995950048,-0.0022733572995950048,-0.0022733572995950048,0.0,0.0,0.0,0.0,False,0.0,0.0,-0.0022733572995950048
2017-10-24,-0.00039637191033783454,-0.00039637191033783454,-0.00039637191033783454,0.0,0.0,0.0,0.0,False,0.0,0.0,-0.00039637191033783454
2017-10-25,-0.003494630406292051,-0.003494630406292051,-0.003494630406292051,0.0,0.0,0.0,0.0,False,0.0,0.0,-0.003494630406292051
2017-10-26,-0.0006516480175061943,-0.0006516480175061943,-0.0006516480175061943,0.0,0.0,0.0,0.0,False,0.0,0.0,-0.0006516480175061943
2017-10-27,0.006046034999107138,0.006046034999107138,0.006046034999107138,0.0,0.0,0.0,0.0,False,0.0,0.0,0.006046034999107138
2017-10-30,-0.00028812215375362943,-0.00028812215375362943,-0.00028812215375362943,0.0,0.0,0.0,0.0,False,0.0,0.0,-0.00028812215375362943
2017-10-31,0.0020773501445516727,0.0020773501445516727,0.0020773501445516727,0.0,0.0,0.0,0.0,False,0.0,0.0,0.0020773501445516727
2017-11-01,0.0013150189126938717,0.0013094420990753435,0.0013150189126938717,-5.576813618528211e-06,0.0,0.005576813618528267,5.576813618528267e-06,True,0.005576813618528267,5.576813618528267e-06,0.0013094420990753435
2017-11-02,0.0013050788765513787,0.0013050788765513787,0.0013050788765513787,0.0,0.0,0.0,0.0,False,0.0,0.0,0.0013050788765513787
2017-11-03,0.0008435982739016988,0.0008435982739016988,0.0008435982739016988,0.0,0.0,0.0,0.0,False,0.0,0.0,0.0008435982739016988
2017-11-06,0.0023262230621327678,0.0023262230621327678,0.0023262230621327678,0.0,0.0,0.0,0.0,False,0.0,0.0,0.0023262230621327678
2017-11-07,-0.0018391824171052216,-0.0018391824171052216,-0.0018391824171052216,0.0,0.0,0.0,0.0,False,0.0,0.0,-0.0018391824171052216
2017-11-08,0.0009904969148063344,0.0009904969148063344,0.0009904969148063344,0.0,0.0,0.0,0.0,False,0.0,0.0,0.0009904969148063344
2017-11-09,-0.003360157679811106,-0.003360157679811106,-0.003360157679811106,0.0,0.0,0.0,0.0,False,0.0,0.0,-0.003360157679811106
2017-11-10,-0.003606376962818541,-0.003606376962818541,-0.003606376962818541,0.0,0.0,0.0,0.0,False,0.0,0.0,-0.003606376962818541
2017-11-13,-0.000513483437139706,-0.000513483437139706,-0.000513483437139706,0.0,0.0,0.0,0.0,False,0.0,0.0,-0.000513483437139706
2017-11-14,-0.0009554306978026186,-0.0009554306978026186,-0.0009554306978026186,0.0,0.0,0.0,0.0,False,0.0,0.0,-0.0009554306978026186
2017-11-15,-0.0010347718929540279,-0.0010347718929540279,-0.0010347718929540279,0.0,0.0,0.0,0.0,False,0.0,0.0,-0.0010347718929540279
2017-11-16,0.0053961679391466115,0.0053961679391466115,0.0053961679391466115,0.0,0.0,0.0,0.0,False,0.0,0.0,0.0053961679391466115
2017-11-17,0.00012425995887106799,0.00012425995887106799,0.00012425995887106799,0.0,0.0,0.0,0.0,False,0.0,0.0,0.00012425995887106799
2017-11-20,0.0013745461679387644,0.0013745461679387644,0.0013745461679387644,0.0,0.0,0.0,0.0,False,0.0,0.0,0.0013745461679387644
2017-11-21,0.005657843027209291,0.005657843027209291,0.005657843027209291,0.0,0.0,0.0,0.0,False,0.0,0.0,0.005657843027209291
2017-11-22,0.0017099152176841283,0.0017099152176841283,0.0017099152176841283,0.0,0.0,0.0,0.0,False,0.0,0.0,0.0017099152176841283
2017-11-24,0.0012352726231053641,0.0012352726231053641,0.0012352726231053641,0.0,0.0,0.0,0.0,False,0.0,0.0,0.0012352726231053641
2017-11-27,-0.002720490316035072,-0.002720490316035072,-0.002720490316035072,0.0,0.0,0.0,0.0,False,0.0,0.0,-0.002720490316035072
2017-11-28,0.005761713328424921,0.005761713328424921,0.005761713328424921,0.0,0.0,0.0,0.0,False,0.0,0.0,0.005761713328424921
2017-11-29,-0.003925330403366279,-0.003925330403366279,-0.003925330403366279,0.0,0.0,0.0,0.0,False,0.0,0.0,-0.003925330403366279
2017-11-30,0.0008518644204651938,0.0008518644204651938,0.0008518644204651938,0.0,0.0,0.0,0.0,False,0.0,0.0,0.0008518644204651938
2017-12-01,-0.00011340278954784515,-0.00012014976184368931,-0.00011340278954784515,-6.746972295844158e-06,0.0,0.006746972295844162,6.7469722958441614e-06,True,0.006746972295844162,6.7469722958441614e-06,-0.00012014976184368931
2017-12-04,-0.0007212629333803696,-0.0007212629333803696,-0.0007212629333803696,0.0,0.0,0.0,0.0,False,0.0,0.0,-0.0007212629333803696
2017-12-05,-0.001266692179098714,-0.001266692179098714,-0.001266692179098714,0.0,0.0,0.0,0.0,False,0.0,0.0,-0.001266692179098714
2017-12-06,-0.0009410239582561525,-0.0009410239582561525,-0.0009410239582561525,0.0,0.0,0.0,0.0,False,0.0,0.0,-0.0009410239582561525
2017-12-07,0.0008915890567341824,0.0008915890567341824,0.0008915890567341824,0.0,0.0,0.0,0.0,False,0.0,0.0,0.0008915890567341824
2017-12-08,0.0032893279980823224,0.0032893279980823224,0.0032893279980823224,0.0,0.0,0.0,0.0,False,0.0,0.0,0.0032893279980823224
2017-12-11,0.0016436227843809126,0.0016436227843809126,0.0016436227843809126,0.0,0.0,0.0,0.0,False,0.0,0.0,0.0016436227843809126
2017-12-12,-0.00040238602855831583,-0.00040238602855831583,-0.00040238602855831583,0.0,0.0,0.0,0.0,False,0.0,0.0,-0.00040238602855831583
2017-12-13,0.0037397511490262878,0.0037397511490262878,0.0037397511490262878,0.0,0.0,0.0,0.0,False,0.0,0.0,0.0037397511490262878
2017-12-14,-0.0029201030889955248,-0.0029201030889955248,-0.0029201030889955248,0.0,0.0,0.0,0.0,False,0.0,0.0,-0.0029201030889955248
2017-12-15,0.003729126591400876,0.003729126591400876,0.003729126591400876,0.0,0.0,0.0,0.0,False,0.0,0.0,0.003729126591400876
2017-12-18,0.004096641853973284,0.004096641853973284,0.004096641853973284,0.0,0.0,0.0,0.0,False,0.0,0.0,0.004096641853973284
2017-12-19,-0.004948136291079686,-0.004948136291079686,-0.004948136291079686,0.0,0.0,0.0,0.0,False,0.0,0.0,-0.004948136291079686
2017-12-20,-0.0017215267424579364,-0.0017215267424579364,-0.0017215267424579364,0.0,0.0,0.0,0.0,False,0.0,0.0,-0.0017215267424579364
2017-12-21,0.002868096808311289,0.002868096808311289,0.002868096808311289,0.0,0.0,0.0,0.0,False,0.0,0.0,0.002868096808311289
2017-12-22,0.0013238021660310247,0.0013238021660310247,0.0013238021660310247,0.0,0.0,0.0,0.0,False,0.0,0.0,0.0013238021660310247
2017-12-26,-4.1622747824587956e-05,-4.1622747824587956e-05,-4.1622747824587956e-05,0.0,0.0,0.0,0.0,False,0.0,0.0,-4.1622747824587956e-05
2017-12-27,0.002964332099214875,0.002964332099214875,0.002964332099214875,0.0,0.0,0.0,0.0,False,0.0,0.0,0.002964332099214875
2017-12-28,0.0012082928120689426,0.0012082928120689426,0.0012082928120689426,0.0,0.0,0.0,0.0,False,0.0,0.0,0.0012082928120689426
2017-12-29,-0.00036414903759507443,-0.00036414903759507443,-0.00036414903759507443,0.0,0.0,0.0,0.0,False,0.0,0.0,-0.00036414903759507443
