date,gross,net,benchmark,active,gross_active,turnover,cost,rebalance,benchmark_turnover,benchmark_cost,benchmark_net
2011-01-03,0.006127140582963908,0.0054271405829449,0.005758296757441179,-0.0003311561744962785,0.00036884382552272894,0.280000000007603,0.0007000000000190075,True,0.0,0.0,0.005758296757441179
2011-01-04,-0.0019375428668500488,-0.0019375428668500488,-0.00020089233104540923,-0.0017366505358046395,-0.0017366505358046395,0.0,0.0,False,0.0,0.0,-0.00020089233104540923
2011-01-05,-0.0010041064851728917,-0.0010041064851728917,-0.0030702972421233383,0.0020661907569504466,0.0020661907569504466,0.0,0.0,False,0.0,0.0,-0.0030702972421233383
2011-01-06,0.00025064512139197186,0.00025064512139197186,-0.0021675064486189983,0.00241815157001097,0.00241815157001097,0.0,0.0,False,0.0,0.0,-0.0021675064486189983
2011-01-07,0.0011299915270602946,0.0011299915270602946,-5.727830696466334e-05,0.001187269834024958,0.001187269834024958,0.0,0.0,False,0.0,0.0,-5.727830696466334e-05
2011-01-10,0.001919283580191864,0.001919283580191864,-0.00016957081203450346,0.0020888543922263675,0.0020888543922263675,0.0,0.0,False,0.0,0.0,-0.00016957081203450346
2011-01-11,0.0006464602469251255,0.0006464602469251255,0.002198163937179108,-0.0015517036902539826,-0.0015517036902539826,0.0,0.0,False,0.0,0.0,0.002198163937179108
2011-01-12,0.0036920797940889747,0.0036920797940889747,0.007372694293567227,-0.003680614499478252,-0.003680614499478252,0.0,0.0,False,0.0,0.0,0.007372694293567227
2011-01-13,0.002159647989950718,0.002159647989950718,0.0014255008444584221,0.0007341471454922958,0.0007341471454922958,0.0,0.0,False,0.0,0.0,0.0014255008444584221
2011-01-14,0.002046150197584768,0.002046150197584768,0.0022118698363226075,-0.00016571963873783947,-0.00016571963873783947,0.0,0.0,False,0.0,0.0,0.0022118698363226075
2011-01-18,-0.0002711436832117423,-0.0002711436832117423,0.000611217060078578,-0.0008823607432903204,-0.0008823607432903204,0.0,0.0,False,0.0,0.0,0.000611217060078578
2011-01-19,-0.007344064090838288,-0.007344064090838288,-0.0053593850235490875,-0.0019846790672892007,-0.0019846790672892007,0.0,0.0,False,0.0,0.0,-0.0053593850235490875
2011-01-20,-0.005867456035436766,-0.005867456035436766,-0.00616354755412692,0.0002960915186901534,0.0002960915186901534,0.0,0.0,False,0.0,0.0,-0.00616354755412692
2011-01-21,0.000567219952644013,0.000567219952644013,0.0014169000727246727,-0.0008496801200806596,-0.0008496801200806596,0.0,0.0,False,0.0,0.0,0.0014169000727246727
2011-01-24,0.0033751804572530984,0.0033751804572530984,0.004579098788427395,-0.0012039183311742963,-0.0012039183311742963,0.0,0.0,False,0.0,0.0,0.004579098788427395
2011-01-25,0.0027763151556835187,0.0027763151556835187,0.001545140120536434,0.0012311750351470846,0.0012311750351470846,0.0,0.0,False,0.0,0.0,0.001545140120536434
2011-01-26,0.0014547872544792377,0.0014547872544792377,0.0010121975605132346,0.0004425896939660031,0.0004425896939660031,0.0,0.0,False,0.0,0.0,0.0010121975605132346
2011-01-27,0.0027456001085389425,0.0027456001085389425,0.0021251190151424936,0.000620481093396449,0.000620481093396449,0.0,0.0,False,0.0,0.0,0.0021251190151424936
2011-01-28,-0.008885540744216176,-0.008885540744216176,-0.011696506406382366,0.0028109656621661903,0.0028109656621661903,0.0,0.0,False,0.0,0.0,-0.011696506406382366
2011-01-31,0.0020402904104906854,0.0020402904104906854,0.003377293916578691,-0.0013370035060880055,-0.0013370035060880055,0.0,0.0,False,0.0,0.0,0.003377293916578691
2011-02-01,0.012088618168686876,0.011389130048565984,0.010562427146867864,0.0008267029016981193,0.0015261910218190115,0.27979524804835704,0.0006994881201208927,True,0.00803601025340903,2.0090025633522573e-05,0.010542337121234343
2011-02-02,-0.002339661174598261,-0.002339661174598261,-0.002390682854599901,5.102168000164012e-05,5.102168000164012e-05,0.0,0.0,False,0.0,0.0,-0.002390682854599901
2011-02-03,0.0021464603546625036,0.0021464603546625036,-0.0011473888466842796,0.003293849201346783,0.003293849201346783,0.0,0.0,False,0.0,0.0,-0.0011473888466842796
2011-02-04,0.0006003807739237469,0.0006003807739237469,-0.0012876129650682367,0.0018879937389919836,0.0018879937389919836,0.0,0.0,False,0.0,0.0,-0.0012876129650682367
2011-02-07,0.005048786946338535,0.005048786946338535,0.003343671822138998,0.001705115124199537,0.001705115124199537,0.0,0.0,False,0.0,0.0,0.003343671822138998
2011-02-08,0.003565312621767878,0.003565312621767878,0.0004742017560123206,0.0030911108657555573,0.0030911108657555573,0.0,0.0,False,0.0,0.0,0.0004742017560123206
2011-02-09,-0.0017224565621131132,-0.0017224565621131132,-0.0012156840271915252,-0.0005067725349215881,-0.0005067725349215881,0.0,0.0,False,0.0,0.0,-0.0012156840271915252
2011-02-10,0.00010580346103368618,0.00010580346103368618,-0.0035402823413720206,0.003646085802405707,0.003646085802405707,0.0,0.0,False,0.0,0.0,-0.0035402823413720206
2011-02-11,0.006077786072886079,0.006077786072886079,0.006069183010295021,8.60306259105846e-06,8.60306259105846e-06,0.0,0.0,False,0.0,0.0,0.006069183010295021
2011-02-14,0.0027139045454483007,0.0027139045454483007,0.0009994484342230165,0.0017144561112252842,0.0017144561112252842,0.0,0.0,False,0.0,0.0,0.0009994484342230165
2011-02-15,-0.0016026892901234635,-0.0016026892901234635,-0.0005298812711746168,-0.0010728080189488466,-0.0010728080189488466,0.0,0.0,False,0.0,0.0,-0.0005298812711746168
2011-02-16,0.004233186186677064,0.004233186186677064,0.004385997253691326,-0.00015281106701426142,-0.00015281106701426142,0.0,0.0,False,0.0,0.0,0.004385997253691326
2011-02-17,0.004316601274784325,0.004316601274784325,0.003214436309302626,0.0011021649654816995,0.0011021649654816995,0.0,0.0,False,0.0,0.0,0.003214436309302626
2011-02-18,0.0018047814113296427,0.0018047814113296427,0.0018420629759062152,-3.728156457657246e-05,-3.728156457657246e-05,0.0,0.0,False,0.0,0.0,0.0018420629759062152
2011-02-22,-0.01333325298383951,-0.01333325298383951,-0.012057036031715065,-0.0012762169521244454,-0.0012762169521244454,0.0,0.0,False,0.0,0.0,-0.012057036031715065
2011-02-23,-0.006115321363573121,-0.006115321363573121,-0.0029621380594878036,-0.0031531833040853176,-0.0031531833040853176,0.0,0.0,False,0.0,0.0,-0.0029621380594878036
2011-02-24,0.0013084958342900466,0.0013084958342900466,0.0014735189767978761,-0.00016502314250782957,-0.00016502314250782957,0.0,0.0,False,0.0,0.0,0.0014735189767978761
2011-02-25,0.011755749027278384,0.011755749027278384,0.009035327021988906,0.0027204220052894773,0.0027204220052894773,0.0,0.0,False,0.0,0.0,0.009035327021988906
2011-02-28,0.003339012135110202,0.003339012135110202,0.004260715637368405,-0.0009217035022582028,-0.0009217035022582028,0.0,0.0,False,0.0,0.0,0.004260715637368405
2011-03-01,-0.009431655514312125,-0.01012934166733673,-0.008751366247647918,-0.0013779754196888115,-0.0006802892666642069,0.2790744612098418,0.0006976861530246045,True,0.008100208428085846,2.0250521070214613e-05,-0.008771616768718132
2011-03-02,0.0011222896856001973,0.0011222896856001973,0.00035188846518890125,0.0007704012204112961,0.0007704012204112961,0.0,0.0,False,0.0,0.0,0.00035188846518890125
2011-03-03,0.010238902034977165,0.010238902034977165,0.007693005119420092,0.0025458969155570726,0.0025458969155570726,0.0,0.0,False,0.0,0.0,0.007693005119420092
2011-03-04,-0.0033401389319560955,-0.0033401389319560955,-0.0013389854575861534,-0.002001153474369942,-0.002001153474369942,0.0,0.0,False,0.0,0.0,-0.0013389854575861534
2011-03-07,-0.005728694041351668,-0.005728694041351668,-0.007239174222174585,0.0015104801808229172,0.0015104801808229172,0.0,0.0,False,0.0,0.0,-0.007239174222174585
2011-03-08,0.005186934751019076,0.005186934751019076,0.0042865026037027035,0.0009004321473163723,0.0009004321473163723,0.0,0.0,False,0.0,0.0,0.0042865026037027035
2011-03-09,-0.0012829888700005598,-0.0012829888700005598,0.0020307102941144856,-0.003313699164115045,-0.003313699164115045,0.0,0.0,False,0.0,0.0,0.0020307102941144856
2011-03-10,-0.011960823987372235,-0.011960823987372235,-0.01042201664404365,-0.0015388073433285857,-0.0015388073433285857,0.0,0.0,False,0.0,0.0,-0.01042201664404365
2011-03-11,0.0026942656468115543,0.0026942656468115543,0.0023207171279878472,0.0003735485188237071,0.0003735485188237071,0.0,0.0,False,0.0,0.0,0.0023207171279878472
2011-03-14,-0.0039713884573977405,-0.0039713884573977405,-0.0034792684957921385,-0.0004921199616056021,-0.0004921199616056021,0.0,0.0,False,0.0,0.0,-0.0034792684957921385
2011-03-15,-0.00730473227576338,-0.00730473227576338,-0.007087014873216858,-0.00021771740254652224,-0.00021771740254652224,0.0,0.0,False,0.0,0.0,-0.007087014873216858
2011-03-16,-0.0093214871679957,-0.0093214871679957,-0.009202188423994447,-0.00011929874400125329,-0.00011929874400125329,0.0,0.0,False,0.0,0.0,-0.009202188423994447
2011-03-17,0.008581321634553883,0.008581321634553883,0.008708020795910416,-0.00012669916135653325,-0.00012669916135653325,0.0,0.0,False,0.0,0.0,0.008708020795910416
2011-03-18,0.004983613802056807,0.004983613802056807,0.003971012680260399,0.0010126011217964082,0.0010126011217964082,0.0,0.0,False,0.0,0.0,0.003971012680260399
2011-03-21,0.010666889537559798,0.010666889537559798,0.00932073297677883,0.001346156560780968,0.001346156560780968,0.0,0.0,False,0.0,0.0,0.00932073297677883
2011-03-22,-0.0014529923628979146,-0.0014529923628979146,-0.0008444702585422202,-0.0006085221043556943,-0.0006085221043556943,0.0,0.0,False,0.0,0.0,-0.0008444702585422202
2011-03-23,0.0011616835949971867,0.0011616835949971867,0.0020934882875003136,-0.0009318046925031269,-0.0009318046925031269,0.0,0.0,False,0.0,0.0,0.0020934882875003136
2011-03-24,0.004276519606522192,0.004276519606522192,0.004378878875946695,-0.00010235926942450246,-0.00010235926942450246,0.0,0.0,False,0.0,0.0,0.004378878875946695
2011-03-25,0.0022401764431693536,0.0022401764431693536,-0.0012670216051336803,0.003507198048303034,0.003507198048303034,0.0,0.0,False,0.0,0.0,-0.0012670216051336803
2011-03-28,-0.0010857471422421941,-0.0010857471422421941,-0.0012467984861808381,0.000161051343938644,0.000161051343938644,0.0,0.0,False,0.0,0.0,-0.0012467984861808381
2011-03-29,0.0033886731888489617,0.0033886731888489617,0.002715904973520161,0.0006727682153288006,0.0006727682153288006,0.0,0.0,False,0.0,0.0,0.002715904973520161
2011-03-30,0.005596018676733221,0.005596018676733221,0.007391127789615369,-0.0017951091128821477,-0.0017951091128821477,0.0,0.0,False,0.0,0.0,0.007391127789615369
2011-03-31,-0.0004020068668703713,-0.0004020068668703713,-0.0011164814786528289,0.0007144746117824576,0.0007144746117824576,0.0,0.0,False,0.0,0.0,-0.0011164814786528289
2011-04-01,0.0015718207339394607,0.001285415654336316,0.0058907793712313136,-0.004605363716894998,-0.0043189586372918524,0.11456203184125784,0.0002864050796031446,True,0.007095628043848615,1.773907010962154e-05,0.005873040301121692
2011-04-04,0.003319007109871023,0.003319007109871023,0.0022664011902377825,0.0010526059196332405,0.0010526059196332405,0.0,0.0,False,0.0,0.0,0.0022664011902377825
2011-04-05,0.0018791240830140026,0.0018791240830140026,-0.0014714427613003482,0.0033505668443143508,0.0033505668443143508,0.0,0.0,False,0.0,0.0,-0.0014714427613003482
2011-04-06,0.0022707125002805945,0.0022707125002805945,0.0007597121696745775,0.0015110003306060171,0.0015110003306060171,0.0,0.0,False,0.0,0.0,0.0007597121696745775
2011-04-07,-0.0014994856861501918,-0.0014994856861501918,-0.002206854603755485,0.0007073689176052933,0.0007073689176052933,0.0,0.0,False,0.0,0.0,-0.002206854603755485
2011-04-08,-0.00217752818979454,-0.00217752818979454,-0.0011397323047210653,-0.0010377958850734748,-0.0010377958850734748,0.0,0.0,False,0.0,0.0,-0.0011397323047210653
2011-04-11,-0.0034592987041817715,-0.0034592987041817715,-0.0025358100983877857,-0.0009234886057939858,-0.0009234886057939858,0.0,0.0,False,0.0,0.0,-0.0025358100983877857
2011-04-12,-0.006270770576396649,-0.006270770576396649,-0.004036653145429448,-0.002234117430967201,-0.002234117430967201,0.0,0.0,False,0.0,0.0,-0.004036653145429448
2011-04-13,0.0021521122431400123,0.0021521122431400123,0.0026722042665950395,-0.0005200920234550272,-0.0005200920234550272,0.0,0.0,False,0.0,0.0,0.0026722042665950395
2011-04-14,0.0006744059017025966,0.0006744059017025966,0.0003517742306681928,0.0003226316710344038,0.0003226316710344038,0.0,0.0,False,0.0,0.0,0.0003517742306681928
2011-04-15,0.0044694280594437105,0.0044694280594437105,0.004440473339534422,2.895471990928874e-05,2.895471990928874e-05,0.0,0.0,False,0.0,0.0,0.004440473339534422
2011-04-18,-0.007099717526421483,-0.007099717526421483,-0.008953009116936764,0.0018532915905152807,0.0018532915905152807,0.0,0.0,False,0.0,0.0,-0.008953009116936764
2011-04-19,0.0033648236331857233,0.0033648236331857233,0.005042231072182674,-0.0016774074389969509,-0.0016774074389969509,0.0,0.0,False,0.0,0.0,0.005042231072182674
2011-04-20,0.009657162385364123,0.009657162385364123,0.010165717565109856,-0.000508555179745733,-0.000508555179745733,0.0,0.0,False,0.0,0.0,0.010165717565109856
2011-04-21,0.003982131578711504,0.003982131578711504,0.004011360059651236,-2.9228480939731682e-05,-2.9228480939731682e-05,0.0,0.0,False,0.0,0.0,0.004011360059651236
2011-04-25,-0.0008165521341150167,-0.0008165521341150167,-0.00016635505167334006,-0.0006501970824416767,-0.0006501970824416767,0.0,0.0,False,0.0,0.0,-0.00016635505167334006
2011-04-26,0.005294919644999847,0.005294919644999847,0.007138067680889591,-0.0018431480358897436,-0.0018431480358897436,0.0,0.0,False,0.0,0.0,0.007138067680889591
2011-04-27,0.00518215349046579,0.00518215349046579,0.0026962067048651485,0.002485946785600641,0.002485946785600641,0.0,0.0,False,0.0,0.0,0.0026962067048651485
2011-04-28,0.002596994549567666,0.002596994549567666,0.0030325479030402316,-0.00043555335347256544,-0.00043555335347256544,0.0,0.0,False,0.0,0.0,0.0030325479030402316
2011-04-29,0.003915972212746564,0.003915972212746564,0.0015908104445503553,0.002325161768196208,0.002325161768196208,0.0,0.0,False,0.0,0.0,0.0015908104445503553
2011-05-02,-0.0036283342947334763,-0.0036414935326781303,0.00031204997824870736,-0.003953543510926838,-0.003940384272982184,0.0052636951778615325,1.3159237944653832e-05,True,0.003855802784934366,9.639506962335915e-06,0.00030241047128637145
2011-05-03,-0.0035300985360419276,-0.0035300985360419276,-0.004404503350778707,0.0008744048147367794,0.0008744048147367794,0.0,0.0,False,0.0,0.0,-0.004404503350778707
2011-05-04,-0.005679154376649838,-0.005679154376649838,-0.004572707143054163,-0.001106447233595675,-0.001106447233595675,0.0,0.0,False,0.0,0.0,-0.004572707143054163
2011-05-05,-0.007716924342471744,-0.007716924342471744,-0.0047984737928831915,-0.002918450549588552,-0.002918450549588552,0.0,0.0,False,0.0,0.0,-0.0047984737928831915
2011-05-06,0.005299863381890566,0.005299863381890566,0.002781863668616383,0.002517999713274183,0.002517999713274183,0.0,0.0,False,0.0,0.0,0.002781863668616383
2011-05-09,0.0049394475030394335,0.0049394475030394335,0.003354229344822629,0.0015852181582168045,0.0015852181582168045,0.0,0.0,False,0.0,0.0,0.003354229344822629
2011-05-10,0.006265331064876679,0.006265331064876679,0.003884932956545043,0.0023803981083316363,0.0023803981083316363,0.0,0.0,False,0.0,0.0,0.003884932956545043
2011-05-11,-0.0078798305371418,-0.0078798305371418,-0.007969168285732273,8.933774859047269e-05,8.933774859047269e-05,0.0,0.0,False,0.0,0.0,-0.007969168285732273
2011-05-12,0.003304760372226858,0.003304760372226858,0.001484352568956813,0.0018204078032700451,0.0018204078032700451,0.0,0.0,False,0.0,0.0,0.001484352568956813
2011-05-13,-0.006770958561890356,-0.006770958561890356,-0.005705996641623594,-0.0010649619202667618,-0.0010649619202667618,0.0,0.0,False,0.0,0.0,-0.005705996641623594
2011-05-16,-0.003824516085456558,-0.003824516085456558,-0.001795407795694905,-0.002029108289761653,-0.002029108289761653,0.0,0.0,False,0.0,0.0,-0.001795407795694905
2011-05-17,-0.00023435736646537685,-0.00023435736646537685,0.0017662727497161535,-0.0020006301161815303,-0.0020006301161815303,0.0,0.0,False,0.0,0.0,0.0017662727497161535
2011-05-18,0.006306600262975171,0.006306600262975171,0.003562777363642012,0.002743822899333159,0.002743822899333159,0.0,0.0,False,0.0,0.0,0.003562777363642012
2011-05-19,0.001133741871009644,0.001133741871009644,0.0014827780065718617,-0.00034903613556221775,-0.00034903613556221775,0.0,0.0,False,0.0,0.0,0.0014827780065718617
2011-05-20,-0.003127716002772532,-0.003127716002772532,-0.005171587020117806,0.0020438710173452737,0.0020438710173452737,0.0,0.0,False,0.0,0.0,-0.005171587020117806
2011-05-23,-0.00836342715868061,-0.00836342715868061,-0.009259425396258694,0.0008959982375780842,0.0008959982375780842,0.0,0.0,False,0.0,0.0,-0.009259425396258694
2011-05-24,-0.0010863244249216559,-0.0010863244249216559,0.0018989419726229374,-0.002985266397544593,-0.002985266397544593,0.0,0.0,False,0.0,0.0,0.0018989419726229374
2011-05-25,0.0029853637589644807,0.0029853637589644807,0.0021873224100274037,0.0007980413489370769,0.0007980413489370769,0.0,0.0,False,0.0,0.0,0.0021873224100274037
2011-05-26,0.0033393346983678156,0.0033393346983678156,0.006850864409588325,-0.0035115297112205093,-0.0035115297112205093,0.0,0.0,False,0.0,0.0,0.006850864409588325
2011-05-27,0.004436048496666739,0.004436048496666739,0.003664394056973127,0.0007716544396936119,0.0007716544396936119,0.0,0.0,False,0.0,0.0,0.003664394056973127
2011-05-31,0.006773194064861322,0.006773194064861322,0.008799251962052066,-0.002026057897190744,-0.002026057897190744,0.0,0.0,False,0.0,0.0,0.008799251962052066
2011-06-01,-0.018028795946050218,-0.018480207872452636,-0.010619257905147866,-0.00786094996730477,-0.007409538040902351,0.18056477056096693,0.0004514119264024173,True,0.00939822239913135,2.3495555997828376e-05,-0.010642753461145694
2011-06-02,0.00026513184297643144,0.00026513184297643144,-0.002209926218659382,0.0024750580616358132,0.0024750580616358132,0.0,0.0,False,0.0,0.0,-0.002209926218659382
2011-06-03,-0.006508490951209476,-0.006508490951209476,-0.002678187424268135,-0.0038303035269413414,-0.0038303035269413414,0.0,0.0,False,0.0,0.0,-0.002678187424268135
2011-06-06,-0.008806830186986359,-0.008806830186986359,-0.008236365910487759,-0.0005704642764985998,-0.0005704642764985998,0.0,0.0,False,0.0,0.0,-0.008236365910487759
2011-06-07,0.0014312985527776267,0.0014312985527776267,0.0032171502762132946,-0.001785851723435668,-0.001785851723435668,0.0,0.0,False,0.0,0.0,0.0032171502762132946
2011-06-08,-0.006771732817781611,-0.006771732817781611,-0.003462198219461957,-0.0033095345983196536,-0.0033095345983196536,0.0,0.0,False,0.0,0.0,-0.003462198219461957
2011-06-09,0.00536262092837926,0.00536262092837926,0.0033503112611029287,0.0020123096672763313,0.0020123096672763313,0.0,0.0,False,0.0,0.0,0.0033503112611029287
2011-06-10,-0.013201565982581015,-0.013201565982581015,-0.009602974559693146,-0.0035985914228878688,-0.0035985914228878688,0.0,0.0,False,0.0,0.0,-0.009602974559693146
2011-06-13,-0.0011421094475618046,-0.0011421094475618046,-0.00039453307174626244,-0.0007475763758155421,-0.0007475763758155421,0.0,0.0,False,0.0,0.0,-0.00039453307174626244
2011-06-14,0.012321617000281164,0.012321617000281164,0.0059454837985093295,0.0063761332017718345,0.0063761332017718345,0.0,0.0,False,0.0,0.0,0.0059454837985093295
2011-06-15,-0.01570220562706454,-0.01570220562706454,-0.009162837659046214,-0.006539367968018326,-0.006539367968018326,0.0,0.0,False,0.0,0.0,-0.009162837659046214
2011-06-16,-0.005952303970753786,-0.005952303970753786,3.0406902654448928e-05,-0.005982710873408235,-0.005982710873408235,0.0,0.0,False,0.0,0.0,3.0406902654448928e-05
2011-06-17,0.0067315389692958385,0.0067315389692958385,0.0020979296920376153,0.004633609277258224,0.004633609277258224,0.0,0.0,False,0.0,0.0,0.0020979296920376153
2011-06-20,0.005134206110563627,0.005134206110563627,0.001385144358279927,0.0037490617522837003,0.0037490617522837003,0.0,0.0,False,0.0,0.0,0.001385144358279927
2011-06-21,0.013554243531946349,0.013554243531946349,0.009471035215856712,0.004083208316089637,0.004083208316089637,0.0,0.0,False,0.0,0.0,0.009471035215856712
2011-06-22,-0.007298826245390253,-0.007298826245390253,-0.0044072260633894415,-0.0028916001820008114,-0.0028916001820008114,0.0,0.0,False,0.0,0.0,-0.0044072260633894415
2011-06-23,-0.000172070027189602,-0.000172070027189602,-0.00017120444609853598,-8.655810910660118e-07,-8.655810910660118e-07,0.0,0.0,False,0.0,0.0,-0.00017120444609853598
2011-06-24,-0.008037827249589308,-0.008037827249589308,-0.0044875532051203895,-0.003550274044468919,-0.003550274044468919,0.0,0.0,False,0.0,0.0,-0.0044875532051203895
2011-06-27,0.005386663735234294,0.005386663735234294,0.0032840337032478033,0.002102630031986491,0.002102630031986491,0.0,0.0,False,0.0,0.0,0.0032840337032478033
2011-06-28,0.009948286456983774,0.009948286456983774,0.0042858487931425725,0.005662437663841202,0.005662437663841202,0.0,0.0,False,0.0,0.0,0.0042858487931425725
2011-06-29,0.010167071492109204,0.010167071492109204,0.004347565848599917,0.005819505643509287,0.005819505643509287,0.0,0.0,False,0.0,0.0,0.004347565848599917
2011-06-30,0.009170920015744958,0.009170920015744958,0.005887852876428207,0.0032830671393167515,0.0032830671393167515,0.0,0.0,False,0.0,0.0,0.005887852876428207
2011-07-01,0.012256013458821947,0.01170120727954373,0.007462897958582964,0.004238309320960766,0.004793115500238983,0.22192247171128668,0.0005548061792782166,True,0.0025033962979100627,6.258490744775157e-06,0.007456639467838189
2011-07-05,0.0014165634201908173,0.0014165634201908173,0.0008261854184368176,0.0005903780017539996,0.0005903780017539996,0.0,0.0,False,0.0,0.0,0.0008261854184368176
2011-07-06,0.00224879027393589,0.00224879027393589,-0.00012356582011547945,0.0023723560940513695,0.0023723560940513695,0.0,0.0,False,0.0,0.0,-0.00012356582011547945
2011-07-07,0.009774579253188148,0.009774579253188148,0.0056841874765859455,0.004090391776602202,0.004090391776602202,0.0,0.0,False,0.0,0.0,0.0056841874765859455
2011-07-08,-0.00496642574134029,-0.00496642574134029,-0.0016869626358060198,-0.0032794631055342704,-0.0032794631055342704,0.0,0.0,False,0.0,0.0,-0.0016869626358060198
2011-07-11,-0.01629440815030369,-0.01629440815030369,-0.010999801062217873,-0.005294607088085816,-0.005294607088085816,0.0,0.0,False,0.0,0.0,-0.010999801062217873
2011-07-12,-0.0034603619555847445,-0.0034603619555847445,-0.002945584485052768,-0.0005147774705319763,-0.0005147774705319763,0.0,0.0,False,0.0,0.0,-0.002945584485052768
2011-07-13,0.0048828597117421555,0.0048828597117421555,0.006041905916301467,-0.0011590462045593117,-0.0011590462045593117,0.0,0.0,False,0.0,0.0,0.006041905916301467
2011-07-14,-0.007424007106556116,-0.007424007106556116,-0.008019123971126602,0.0005951168645704861,0.0005951168645704861,0.0,0.0,False,0.0,0.0,-0.008019123971126602
2011-07-15,0.0045906040287401004,0.0045906040287401004,0.004450069586479125,0.00014053444226097556,0.00014053444226097556,0.0,0.0,False,0.0,0.0,0.004450069586479125
2011-07-18,-0.008061179079330839,-0.008061179079330839,-0.007745463708428084,-0.00031571537090275496,-0.00031571537090275496,0.0,0.0,False,0.0,0.0,-0.007745463708428084
2011-07-19,0.01413947213383146,0.01413947213383146,0.012141965390597316,0.001997506743234144,0.001997506743234144,0.0,0.0,False,0.0,0.0,0.012141965390597316
2011-07-20,0.0003087604152943378,0.0003087604152943378,-0.00022293445181539872,0.0005316948671097365,0.0005316948671097365,0.0,0.0,False,0.0,0.0,-0.00022293445181539872
2011-07-21,0.009349100737226413,0.009349100737226413,0.007545279397726274,0.0018038213395001387,0.0018038213395001387,0.0,0.0,False,0.0,0.0,0.007545279397726274
2011-07-22,0.0014201056923051412,0.0014201056923051412,0.0021052608384846926,-0.0006851551461795513,-0.0006851551461795513,0.0,0.0,False,0.0,0.0,0.0021052608384846926
2011-07-25,-0.007398042842600007,-0.007398042842600007,-0.005319184444887543,-0.002078858397712464,-0.002078858397712464,0.0,0.0,False,0.0,0.0,-0.005319184444887543
2011-07-26,-0.002345987721722267,-0.002345987721722267,0.0015759848066674179,-0.003921972528389685,-0.003921972528389685,0.0,0.0,False,0.0,0.0,0.0015759848066674179
2011-07-27,-0.019590911410115604,-0.019590911410115604,-0.013738446644646296,-0.005852464765469308,-0.005852464765469308,0.0,0.0,False,0.0,0.0,-0.013738446644646296
2011-07-28,-0.0008417251316764694,-0.0008417251316764694,-0.00029130003266005433,-0.0005504250990164151,-0.0005504250990164151,0.0,0.0,False,0.0,0.0,-0.00029130003266005433
2011-07-29,-0.0023660586909618232,-0.0023660586909618232,0.0035718183748862055,-0.005937877065848029,-0.005937877065848029,0.0,0.0,False,0.0,0.0,0.0035718183748862055
2011-08-01,-0.00301911192463884,-0.003263644652503914,-0.0019017134586351903,-0.0013619311938687238,-0.0011173984660036496,0.09781309114602971,0.00024453272786507425,True,0.012236424965378839,3.05910624134471e-05,-0.0019323045210486375
2011-08-02,-0.023347345527340444,-0.023347345527340444,-0.011564134355900715,-0.011783211171439729,-0.011783211171439729,0.0,0.0,False,0.0,0.0,-0.011564134355900715
2011-08-03,0.003948150777412611,0.003948150777412611,0.0026473929010459372,0.0013007578763666737,0.0013007578763666737,0.0,0.0,False,0.0,0.0,0.0026473929010459372
2011-08-04,-0.045739537174284535,-0.045739537174284535,-0.026923399256446483,-0.018816137917838052,-0.018816137917838052,0.0,0.0,False,0.0,0.0,-0.026923399256446483
2011-08-05,-0.006672041894530976,-0.006672041894530976,-0.005460737852006653,-0.0012113040425243233,-0.0012113040425243233,0.0,0.0,False,0.0,0.0,-0.005460737852006653
2011-08-08,-0.06511015493005484,-0.06511015493005484,-0.037985266434347686,-0.027124888495707156,-0.027124888495707156,0.0,0.0,False,0.0,0.0,-0.037985266434347686
2011-08-09,0.04772741035140775,0.04772741035140775,0.033610405270609,0.014117005080798745,0.014117005080798745,0.0,0.0,False,0.0,0.0,0.033610405270609
2011-08-10,-0.03692222861317421,-0.03692222861317421,-0.022280465711794886,-0.014641762901379321,-0.014641762901379321,0.0,0.0,False,0.0,0.0,-0.022280465711794886
2011-08-11,0.03769951720347764,0.03769951720347764,0.01657216513076376,0.02112735207271388,0.02112735207271388,0.0,0.0,False,0.0,0.0,0.01657216513076376
2011-08-12,0.002866625802560339,0.002866625802560339,0.008231018737006076,-0.005364392934445737,-0.005364392934445737,0.0,0.0,False,0.0,0.0,0.008231018737006076
2011-08-15,0.02191101067877882,0.02191101067877882,0.011716318798060277,0.010194691880718542,0.010194691880718542,0.0,0.0,False,0.0,0.0,0.011716318798060277
2011-08-16,-0.011088149912973418,-0.011088149912973418,-0.003739442390718422,-0.007348707522254996,-0.007348707522254996,0.0,0.0,False,0.0,0.0,-0.003739442390718422
2011-08-17,0.0038677758939154225,0.0038677758939154225,0.004637171564010918,-0.0007693956700954951,-0.0007693956700954951,0.0,0.0,False,0.0,0.0,0.004637171564010918
2011-08-18,-0.03760385358344619,-0.03760385358344619,-0.023750770334881044,-0.013853083248565143,-0.013853083248565143,0.0,0.0,False,0.0,0.0,-0.023750770334881044
2011-08-19,-0.014207952724431844,-0.014207952724431844,-0.0083390491545431,-0.005868903569888744,-0.005868903569888744,0.0,0.0,False,0.0,0.0,-0.0083390491545431
2011-08-22,-0.0004544329957199097,-0.0004544329957199097,-0.00031585620435806204,-0.00013857679136184764,-0.00013857679136184764,0.0,0.0,False,0.0,0.0,-0.00031585620435806204
2011-08-23,0.029287704440282863,0.029287704440282863,0.01535065921094745,0.013937045229335414,0.013937045229335414,0.0,0.0,False,0.0,0.0,0.01535065921094745
2011-08-24,0.008225375077119469,0.008225375077119469,-0.002084113459434134,0.010309488536553602,0.010309488536553602,0.0,0.0,False,0.0,0.0,-0.002084113459434134
2011-08-25,-0.015955691031257116,-0.015955691031257116,-0.007866221463452207,-0.00808946956780491,-0.00808946956780491,0.0,0.0,False,0.0,0.0,-0.007866221463452207
2011-08-26,0.016103243338671993,0.016103243338671993,0.010319885838877054,0.005783357499794939,0.005783357499794939,0.0,0.0,False,0.0,0.0,0.010319885838877054
2011-08-29,0.028753931246990133,0.028753931246990133,0.014924240431710822,0.013829690815279311,0.013829690815279311,0.0,0.0,False,0.0,0.0,0.014924240431710822
2011-08-30,0.0034335489792776054,0.0034335489792776054,0.0035861133816183994,-0.00015256440234079393,-0.00015256440234079393,0.0,0.0,False,0.0,0.0,0.0035861133816183994
2011-08-31,0.0049633428209554875,0.0049633428209554875,0.0044256857102163575,0.0005376571107391301,0.0005376571107391301,0.0,0.0,False,0.0,0.0,0.0044256857102163575
2011-09-01,-0.009001615286981736,-0.009226615280941926,-0.003836704289468606,-0.0053899109914733205,-0.00516491099751313,0.08999999758407598,0.00022499999396018996,True,0.026889836835948717,6.722459208987179e-05,-0.0039039288815584778
2011-09-02,-0.016542270034238846,-0.016542270034238846,-0.01055247718241656,-0.005989792851822285,-0.005989792851822285,0.0,0.0,False,0.0,0.0,-0.01055247718241656
2011-09-06,-0.007191516626748761,-0.007191516626748761,-0.006394313572490415,-0.0007972030542583459,-0.0007972030542583459,0.0,0.0,False,0.0,0.0,-0.006394313572490415
2011-09-07,0.01719357871801384,0.01719357871801384,0.015408423347531643,0.001785155370482197,0.001785155370482197,0.0,0.0,False,0.0,0.0,0.015408423347531643
2011-09-08,-0.004614446191453329,-0.004614446191453329,-0.007734005879632596,0.003119559688179267,0.003119559688179267,0.0,0.0,False,0.0,0.0,-0.007734005879632596
2011-09-09,-0.01956638435296939,-0.01956638435296939,-0.01573704781399373,-0.0038293365389756584,-0.0038293365389756584,0.0,0.0,False,0.0,0.0,-0.01573704781399373
2011-09-12,-0.0006714621672701657,-0.0006714621672701657,-2.7292538670183432e-05,-0.0006441696285999822,-0.0006441696285999822,0.0,0.0,False,0.0,0.0,-2.7292538670183432e-05
2011-09-13,0.010461438223700645,0.010461438223700645,0.003697017258903766,0.006764420964796879,0.006764420964796879,0.0,0.0,False,0.0,0.0,0.003697017258903766
2011-09-14,0.010518065789037138,0.010518065789037138,0.007349693241613366,0.003168372547423772,0.003168372547423772,0.0,0.0,False,0.0,0.0,0.007349693241613366
2011-09-15,0.010085800224755918,0.010085800224755918,0.007400810622516307,0.002684989602239611,0.002684989602239611,0.0,0.0,False,0.0,0.0,0.007400810622516307
2011-09-16,0.003099706009002399,0.003099706009002399,0.002859018525372155,0.00024068748363024377,0.00024068748363024377,0.0,0.0,False,0.0,0.0,0.002859018525372155
2011-09-19,-0.00967011815640171,-0.00967011815640171,-0.007162550530684742,-0.0025075676257169674,-0.0025075676257169674,0.0,0.0,False,0.0,0.0,-0.007162550530684742
2011-09-20,-0.0023191237244237738,-0.0023191237244237738,-0.0006595693148923705,-0.0016595544095314033,-0.0016595544095314033,0.0,0.0,False,0.0,0.0,-0.0006595693148923705
2011-09-21,-0.022996522838059242,-0.022996522838059242,-0.015266874337352937,-0.007729648500706305,-0.007729648500706305,0.0,0.0,False,0.0,0.0,-0.015266874337352937
2011-09-22,-0.02462428671488414,-0.02462428671488414,-0.017367411148564972,-0.007256875566319168,-0.007256875566319168,0.0,0.0,False,0.0,0.0,-0.017367411148564972
2011-09-23,0.00034096235393078897,0.00034096235393078897,0.002172985161739527,-0.0018320228078087379,-0.0018320228078087379,0.0,0.0,False,0.0,0.0,0.002172985161739527
2011-09-26,0.01275431951827833,0.01275431951827833,0.009894028198190699,0.002860291320087631,0.002860291320087631,0.0,0.0,False,0.0,0.0,0.009894028198190699
2011-09-27,0.011020717240024132,0.011020717240024132,0.007825797030960775,0.0031949202090633573,0.0031949202090633573,0.0,0.0,False,0.0,0.0,0.007825797030960775
2011-09-28,-0.022278242282356163,-0.022278242282356163,-0.013686471137629715,-0.008591771144726448,-0.008591771144726448,0.0,0.0,False,0.0,0.0,-0.013686471137629715
2011-09-29,0.00701953687147676,0.00701953687147676,0.007382958501635994,-0.0003634216301592339,-0.0003634216301592339,0.0,0.0,False,0.0,0.0,0.007382958501635994
2011-09-30,-0.0223395319371859,-0.0223395319371859,-0.014677188726937875,-0.007662343210248026,-0.007662343210248026,0.0,0.0,False,0.0,0.0,-0.014677188726937875
2011-10-03,-0.015512431124862142,-0.016207098602886844,-0.013668491157405475,-0.002538607445481369,-0.0018439399674566662,0.2778669912098817,0.0006946674780247042,True,0.03276811308942956,8.19202827235739e-05,-0.01375041144012905
2011-10-04,0.013433168527724424,0.013433168527724424,0.010451137332773478,0.0029820311949509456,0.0029820311949509456,0.0,0.0,False,0.0,0.0,0.010451137332773478
2011-10-05,0.010062718091588504,0.010062718091588504,0.010253064014107246,-0.0001903459225187417,-0.0001903459225187417,0.0,0.0,False,0.0,0.0,0.010253064014107246
2011-10-06,0.01056191310327885,0.01056191310327885,0.011034435525719892,-0.00047252242244104174,-0.00047252242244104174,0.0,0.0,False,0.0,0.0,0.011034435525719892
2011-10-07,-0.008393141327158864,-0.008393141327158864,-0.007066475285214891,-0.0013266660419439733,-0.0013266660419439733,0.0,0.0,False,0.0,0.0,-0.007066475285214891
2011-10-10,0.02110363346691757,0.02110363346691757,0.020297831394906946,0.0008058020720106245,0.0008058020720106245,0.0,0.0,False,0.0,0.0,0.020297831394906946
2011-10-11,0.00032387755708160825,0.00032387755708160825,0.001306114510734323,-0.0009822369536527148,-0.0009822369536527148,0.0,0.0,False,0.0,0.0,0.001306114510734323
2011-10-12,0.008157403699583031,0.008157403699583031,0.007530716790654634,0.0006266869089283974,0.0006266869089283974,0.0,0.0,False,0.0,0.0,0.007530716790654634
2011-10-13,-0.0008771080819846582,-0.0008771080819846582,-0.00021934454476788229,-0.000657763537216776,-0.000657763537216776,0.0,0.0,False,0.0,0.0,-0.00021934454476788229
2011-10-14,0.009634053948219617,0.009634053948219617,0.008534033353178056,0.0011000205950415613,0.0011000205950415613,0.0,0.0,False,0.0,0.0,0.008534033353178056
2011-10-17,-0.011499657795993146,-0.011499657795993146,-0.012850168533603717,0.0013505107376105708,0.0013505107376105708,0.0,0.0,False,0.0,0.0,-0.012850168533603717
2011-10-18,0.011370828292294032,0.011370828292294032,0.012423593147163398,-0.0010527648548693657,-0.0010527648548693657,0.0,0.0,False,0.0,0.0,0.012423593147163398
2011-10-19,-0.00862754027061139,-0.00862754027061139,-0.008866966404572556,0.000239426133961166,0.000239426133961166,0.0,0.0,False,0.0,0.0,-0.008866966404572556
2011-10-20,0.0014653303929311658,0.0014653303929311658,-0.0005320275225277906,0.0019973579154589564,0.0019973579154589564,0.0,0.0,False,0.0,0.0,-0.0005320275225277906
2011-10-21,0.012485698980858256,0.012485698980858256,0.01335311934292251,-0.0008674203620642543,-0.0008674203620642543,0.0,0.0,False,0.0,0.0,0.01335311934292251
2011-10-24,0.013989064117276753,0.013989064117276753,0.012685508025596696,0.0013035560916800568,0.0013035560916800568,0.0,0.0,False,0.0,0.0,0.012685508025596696
2011-10-25,-0.009544232659156196,-0.009544232659156196,-0.008991030225279157,-0.0005532024338770394,-0.0005532024338770394,0.0,0.0,False,0.0,0.0,-0.008991030225279157
2011-10-26,0.006182266941915127,0.006182266941915127,0.0058511808688219485,0.0003310860730931786,0.0003310860730931786,0.0,0.0,False,0.0,0.0,0.0058511808688219485
2011-10-27,0.021491245407373207,0.021491245407373207,0.025015038719867398,-0.003523793312494191,-0.003523793312494191,0.0,0.0,False,0.0,0.0,0.025015038719867398
2011-10-28,0.00015016068439488634,0.00015016068439488634,-0.0001639243156598127,0.00031408500005469906,0.00031408500005469906,0.0,0.0,False,0.0,0.0,-0.0001639243156598127
2011-10-31,-0.012499283580830294,-0.012499283580830294,-0.01702219817540271,0.004522914594572415,0.004522914594572415,0.0,0.0,False,0.0,0.0,-0.01702219817540271
2011-11-01,-0.0065407294729790694,-0.007134980892955493,-0.012435709892045604,0.00530072899909011,0.005894980419066534,0.2377005679905696,0.000594251419976424,True,0.02694193838285549,6.735484595713872e-05,-0.012503064738002742
2011-11-02,0.006746713856905042,0.006746713856905042,0.009710065799251082,-0.00296335194234604,-0.00296335194234604,0.0,0.0,False,0.0,0.0,0.009710065799251082
2011-11-03,0.006614089618139703,0.006614089618139703,0.009812563130446598,-0.003198473512306895,-0.003198473512306895,0.0,0.0,False,0.0,0.0,0.009812563130446598
2011-11-04,-0.0017155569072865666,-0.0017155569072865666,-0.0036541083951877515,0.001938551487901185,0.001938551487901185,0.0,0.0,False,0.0,0.0,-0.0036541083951877515
2011-11-07,0.003137900208503223,0.003137900208503223,0.003189061603381404,-5.116139487818102e-05,-5.116139487818102e-05,0.0,0.0,False,0.0,0.0,0.003189061603381404
2011-11-08,0.003436525690276925,0.003436525690276925,0.005090033608189517,-0.0016535079179125917,-0.0016535079179125917,0.0,0.0,False,0.0,0.0,0.005090033608189517
2011-11-09,-0.014749523552550083,-0.014749523552550083,-0.024762112700511513,0.01001258914796143,0.01001258914796143,0.0,0.0,False,0.0,0.0,-0.024762112700511513
2011-11-10,0.0005226748650936303,0.0005226748650936303,0.003001283283648108,-0.0024786084185544777,-0.0024786084185544777,0.0,0.0,False,0.0,0.0,0.003001283283648108
2011-11-11,0.008191233413784568,0.008191233413784568,0.011466108409800597,-0.003274874996016029,-0.003274874996016029,0.0,0.0,False,0.0,0.0,0.011466108409800597
2011-11-14,-0.0011982214962891339,-0.0011982214962891339,-0.005543754603830378,0.004345533107541244,0.004345533107541244,0.0,0.0,False,0.0,0.0,-0.005543754603830378
2011-11-15,0.0030586749252757214,0.0030586749252757214,0.001846191365399275,0.0012124835598764465,0.0012124835598764465,0.0,0.0,False,0.0,0.0,0.001846191365399275
2011-11-16,-0.005548002134725856,-0.005548002134725856,-0.010343939877449974,0.004795937742724118,0.004795937742724118,0.0,0.0,False,0.0,0.0,-0.010343939877449974
2011-11-17,-0.005869920135551064,-0.005869920135551064,-0.009889263501921059,0.004019343366369995,0.004019343366369995,0.0,0.0,False,0.0,0.0,-0.009889263501921059
2011-11-18,-0.0017707830700273426,-0.0017707830700273426,-1.6741909703250684e-06,-0.0017691088790570174,-0.0017691088790570174,0.0,0.0,False,0.0,0.0,-1.6741909703250684e-06
2011-11-21,-0.008395899724287108,-0.008395899724287108,-0.013367994848390866,0.004972095124103758,0.004972095124103758,0.0,0.0,False,0.0,0.0,-0.013367994848390866
2011-11-22,0.0001230041686841298,0.0001230041686841298,-0.0008149264262045393,0.0009379305948886692,0.0009379305948886692,0.0,0.0,False,0.0,0.0,-0.0008149264262045393
2011-11-23,-0.009543142607739967,-0.009543142607739967,-0.01458439294761586,0.005041250339875894,0.005041250339875894,0.0,0.0,False,0.0,0.0,-0.01458439294761586
2011-11-25,-0.00706558364228539,-0.00706558364228539,-0.00498650915002029,-0.0020790744922651004,-0.0020790744922651004,0.0,0.0,False,0.0,0.0,-0.00498650915002029
2011-11-28,0.016722168104550465,0.016722168104550465,0.021352278704332685,-0.00463011059978222,-0.00463011059978222,0.0,0.0,False,0.0,0.0,0.021352278704332685
2011-11-29,-0.001227529405198246,-0.001227529405198246,8.406144501977891e-05,-0.001311590850218025,-0.001311590850218025,0.0,0.0,False,0.0,0.0,8.406144501977891e-05
2011-11-30,0.0185306931405106,0.0185306931405106,0.02707000261804747,-0.00853930947753687,-0.00853930947753687,0.0,0.0,False,0.0,0.0,0.02707000261804747
2011-12-01,-0.0011445309737853,-0.0018256515284314637,-0.0019559047320410637,0.00013025320360959998,0.0008113737582557637,0.2724482218584655,0.0006811205546461638,True,0.0063326590037958465,1.5831647509489614e-05,-0.0019717363795505533
2011-12-02,0.0028980883047578783,0.0028980883047578783,0.0024778652750999442,0.00042022302965793405,0.00042022302965793405,0.0,0.0,False,0.0,0.0,0.0024778652750999442
2011-12-05,0.00633895812561978,0.00633895812561978,0.008347849720991212,-0.0020088915953714323,-0.0020088915953714323,0.0,0.0,False,0.0,0.0,0.008347849720991212
2011-12-06,-0.0008457701887145401,-0.0008457701887145401,-0.0037176745077548076,0.0028719043190402675,0.0028719043190402675,0.0,0.0,False,0.0,0.0,-0.0037176745077548076
2011-12-07,0.003798491414548856,0.003798491414548856,0.004493672466028351,-0.0006951810514794952,-0.0006951810514794952,0.0,0.0,False,0.0,0.0,0.004493672466028351
2011-12-08,-0.013920899430575801,-0.013920899430575801,-0.015512333136505036,0.001591433705929235,0.001591433705929235,0.0,0.0,False,0.0,0.0,-0.015512333136505036
2011-12-09,0.008571146806480988,0.008571146806480988,0.009138415708381501,-0.0005672689019005136,-0.0005672689019005136,0.0,0.0,False,0.0,0.0,0.009138415708381501
2011-12-12,-0.009056088059180456,-0.009056088059180456,-0.011905889940194935,0.002849801881014479,0.002849801881014479,0.0,0.0,False,0.0,0.0,-0.011905889940194935
2011-12-13,-0.0067643963330297026,-0.0067643963330297026,-0.00479022342979174,-0.0019741729032379625,-0.0019741729032379625,0.0,0.0,False,0.0,0.0,-0.00479022342979174
2011-12-14,-0.007371324547877867,-0.007371324547877867,-0.004803959708622588,-0.002567364839255279,-0.002567364839255279,0.0,0.0,False,0.0,0.0,-0.004803959708622588
2011-12-15,0.002466741778395667,0.002466741778395667,0.0027362012235108875,-0.0002694594451152204,-0.0002694594451152204,0.0,0.0,False,0.0,0.0,0.0027362012235108875
2011-12-16,0.0053618103516693775,0.0053618103516693775,0.0034225927089467476,0.00193921764272263,0.00193921764272263,0.0,0.0,False,0.0,0.0,0.0034225927089467476
2011-12-19,-0.005144698076127826,-0.005144698076127826,-0.0059050204320808975,0.0007603223559530716,0.0007603223559530716,0.0,0.0,False,0.0,0.0,-0.0059050204320808975
2011-12-20,0.015524368822211991,0.015524368822211991,0.01652305634289365,-0.0009986875206816574,-0.0009986875206816574,0.0,0.0,False,0.0,0.0,0.01652305634289365
2011-12-21,-0.00013951345765486254,-0.00013951345765486254,-0.001710590444643463,0.0015710769869886005,0.0015710769869886005,0.0,0.0,False,0.0,0.0,-0.001710590444643463
2011-12-22,0.004757530105929308,0.004757530105929308,0.006832978061587169,-0.0020754479556578612,-0.0020754479556578612,0.0,0.0,False,0.0,0.0,0.006832978061587169
2011-12-23,0.002428013244933252,0.002428013244933252,0.0024035620985125845,2.4451146420667678e-05,2.4451146420667678e-05,0.0,0.0,False,0.0,0.0,0.0024035620985125845
2011-12-27,0.0007666201588346819,0.0007666201588346819,-0.00025558749699585603,0.001022207655830538,0.001022207655830538,0.0,0.0,False,0.0,0.0,-0.00025558749699585603
2011-12-28,-0.007847631859855268,-0.007847631859855268,-0.006656454172802726,-0.0011911776870525415,-0.0011911776870525415,0.0,0.0,False,0.0,0.0,-0.006656454172802726
2011-12-29,0.005125983068986975,0.005125983068986975,0.007615313580277028,-0.0024893305112900534,-0.0024893305112900534,0.0,0.0,False,0.0,0.0,0.007615313580277028
2011-12-30,-0.00010739382170517624,-0.00010739382170517624,0.0005493300200002436,-0.0006567238417054199,-0.0006567238417054199,0.0,0.0,False,0.0,0.0,0.0005493300200002436
2012-01-03,0.009955582864088798,0.00925993918749477,0.010615532859231941,-0.0013555936717371715,-0.0006599499951431432,0.27825747063761114,0.0006956436765940278,True,0.009245407031349882,2.3113517578374704e-05,0.010592419341653567
2012-01-04,-0.0009861083930710942,-0.0009861083930710942,-0.002355469443620351,0.001369361050549257,0.001369361050549257,0.0,0.0,False,0.0,0.0,-0.002355469443620351
2012-01-05,-0.0008855886806026742,-0.0008855886806026742,-0.0022976529472545698,0.0014120642666518956,0.0014120642666518956,0.0,0.0,False,0.0,0.0,-0.0022976529472545698
2012-01-06,-0.001841353999770824,-0.001841353999770824,-0.0025132152518639126,0.0006718612520930885,0.0006718612520930885,0.0,0.0,False,0.0,0.0,-0.0025132152518639126
2012-01-09,0.0010548622458321107,0.0010548622458321107,0.0023474566552333332,-0.0012925944094012225,-0.0012925944094012225,0.0,0.0,False,0.0,0.0,0.0023474566552333332
2012-01-10,0.0061838701616593935,0.0061838701616593935,0.00778125778793205,-0.0015973876262726566,-0.0015973876262726566,0.0,0.0,False,0.0,0.0,0.00778125778793205
2012-01-11,0.0023044725041509256,0.0023044725041509256,0.0017064313793152004,0.0005980411248357252,0.0005980411248357252,0.0,0.0,False,0.0,0.0,0.0017064313793152004
2012-01-12,0.0013221919200426078,0.0013221919200426078,0.0017834216680045474,-0.00046122974796193963,-0.00046122974796193963,0.0,0.0,False,0.0,0.0,0.0017834216680045474
2012-01-13,-0.0024706950093653294,-0.0024706950093653294,-0.002499459633733942,2.87646243686125e-05,2.87646243686125e-05,0.0,0.0,False,0.0,0.0,-0.002499459633733942
2012-01-17,0.004398814194213626,0.004398814194213626,0.0057369291437692985,-0.0013381149495556724,-0.0013381149495556724,0.0,0.0,False,0.0,0.0,0.0057369291437692985
2012-01-18,0.006048405223672243,0.006048405223672243,0.007851406569516958,-0.001803001345844715,-0.001803001345844715,0.0,0.0,False,0.0,0.0,0.007851406569516958
2012-01-19,0.001564637678894573,0.001564637678894573,0.0028377838936531176,-0.0012731462147585447,-0.0012731462147585447,0.0,0.0,False,0.0,0.0,0.0028377838936531176
2012-01-20,0.0013622792944190379,0.0013622792944190379,0.00031688219758863913,0.0010453970968303987,0.0010453970968303987,0.0,0.0,False,0.0,0.0,0.00031688219758863913
2012-01-23,-0.0005045267941370016,-0.0005045267941370016,-0.0001798687113140629,-0.00032465808282293874,-0.00032465808282293874,0.0,0.0,False,0.0,0.0,-0.0001798687113140629
2012-01-24,-0.0013648675524789247,-0.0013648675524789247,7.847783802831089e-05,-0.0014433453905072354,-0.0014433453905072354,0.0,0.0,False,0.0,0.0,7.847783802831089e-05
2012-01-25,0.009006487144240762,0.009006487144240762,0.007080467136103684,0.0019260200081370783,0.0019260200081370783,0.0,0.0,False,0.0,0.0,0.007080467136103684
2012-01-26,0.0008848078589573111,0.0008848078589573111,0.0007784870886672046,0.00010632077029010657,0.00010632077029010657,0.0,0.0,False,0.0,0.0,0.0007784870886672046
2012-01-27,0.002210139929745881,0.002210139929745881,0.001979444352786976,0.00023069557695890464,0.00023069557695890464,0.0,0.0,False,0.0,0.0,0.001979444352786976
2012-01-30,-0.002567831864136082,-0.002567831864136082,-0.0037666766540959402,0.001198844789959858,0.001198844789959858,0.0,0.0,False,0.0,0.0,-0.0037666766540959402
2012-01-31,0.0028336971461980693,0.0028336971461980693,0.0032453573948535274,-0.0004116602486554581,-0.0004116602486554581,0.0,0.0,False,0.0,0.0,0.0032453573948535274
2012-02-01,0.004446756023048604,0.003805870452212353,0.007600154184699731,-0.003794283732487378,-0.0031533981616511265,0.25635422833450056,0.0006408855708362513,True,0.01122446361498804,2.80611590374701e-05,0.007572093025662261
2012-02-02,0.00204062241604741,0.00204062241604741,0.001930185081858573,0.00011043733418883688,0.00011043733418883688,0.0,0.0,False,0.0,0.0,0.001930185081858573
2012-02-03,0.0037492306054064013,0.0037492306054064013,0.006541726080929788,-0.002792495475523387,-0.002792495475523387,0.0,0.0,False,0.0,0.0,0.006541726080929788
2012-02-06,0.0011578016633976512,0.0011578016633976512,-0.0005785286398423802,0.0017363303032400315,0.0017363303032400315,0.0,0.0,False,0.0,0.0,-0.0005785286398423802
2012-02-07,-0.0025983380471453297,-0.0025983380471453297,-0.0002580037412968859,-0.0023403343058484437,-0.0023403343058484437,0.0,0.0,False,0.0,0.0,-0.0002580037412968859
2012-02-08,0.001699335331829854,0.001699335331829854,0.0025584584517778348,-0.0008591231199479808,-0.0008591231199479808,0.0,0.0,False,0.0,0.0,0.0025584584517778348
2012-02-09,-0.0019596272860430354,-0.0019596272860430354,-0.0007933440086770404,-0.001166283277365995,-0.001166283277365995,0.0,0.0,False,0.0,0.0,-0.0007933440086770404
2012-02-10,-0.0019105376813077892,-0.0019105376813077892,-0.006564367957611455,0.004653830276303666,0.004653830276303666,0.0,0.0,False,0.0,0.0,-0.006564367957611455
2012-02-13,0.00481190188557836,0.00481190188557836,0.006744594320174795,-0.001932692434596435,-0.001932692434596435,0.0,0.0,False,0.0,0.0,0.006744594320174795
2012-02-14,2.7309311148888602e-05,2.7309311148888602e-05,-0.0018092181041403223,0.001836527415289211,0.001836527415289211,0.0,0.0,False,0.0,0.0,-0.0018092181041403223
2012-02-15,-0.002984311552363633,-0.002984311552363633,-0.001532091241897177,-0.001452220310466456,-0.001452220310466456,0.0,0.0,False,0.0,0.0,-0.001532091241897177
2012-02-16,0.004655522154469358,0.004655522154469358,0.005981923887578814,-0.0013264017331094564,-0.0013264017331094564,0.0,0.0,False,0.0,0.0,0.005981923887578814
2012-02-17,0.0004721487919514806,0.0004721487919514806,0.001219944535222162,-0.0007477957432706814,-0.0007477957432706814,0.0,0.0,False,0.0,0.0,0.001219944535222162
2012-02-21,-0.0032340880274721994,-0.0032340880274721994,-0.0020684716757396666,-0.0011656163517325328,-0.0011656163517325328,0.0,0.0,False,0.0,0.0,-0.0020684716757396666
2012-02-22,0.00025687122806210993,0.00025687122806210993,0.0006069964365171443,-0.0003501252084550344,-0.0003501252084550344,0.0,0.0,False,0.0,0.0,0.0006069964365171443
2012-02-23,0.004582393556600627,0.004582393556600627,0.00366476707133055,0.0009176264852700771,0.0009176264852700771,0.0,0.0,False,0.0,0.0,0.00366476707133055
2012-02-24,0.0013299134652610671,0.0013299134652610671,0.003088554217031695,-0.0017586407517706279,-0.0017586407517706279,0.0,0.0,False,0.0,0.0,0.003088554217031695
2012-02-27,0.0024081640481180633,0.0024081640481180633,0.00022720105919623028,0.002180962988921833,0.002180962988921833,0.0,0.0,False,0.0,0.0,0.00022720105919623028
2012-02-28,0.0006361729889067726,0.0006361729889067726,0.003994801784234453,-0.0033586287953276802,-0.0033586287953276802,0.0,0.0,False,0.0,0.0,0.003994801784234453
2012-02-29,-0.005696179650961922,-0.005696179650961922,-0.004947908836538648,-0.0007482708144232741,-0.0007482708144232741,0.0,0.0,False,0.0,0.0,-0.004947908836538648
2012-03-01,0.0005356269031374921,0.0005046906733697019,0.0029893702063194744,-0.0024846795329497725,-0.0024537433031819825,0.012374491907116066,3.0936229767790165e-05,True,0.011079333096650754,2.7698332741626886e-05,0.0029616718735778476
2012-03-02,-0.0012157062038075845,-0.0012157062038075845,-0.001996936943310274,0.0007812307395026895,0.0007812307395026895,0.0,0.0,False,0.0,0.0,-0.001996936943310274
2012-03-05,-0.002765633716473078,-0.002765633716473078,-0.00476449751464369,0.001998863798170612,0.001998863798170612,0.0,0.0,False,0.0,0.0,-0.00476449751464369
2012-03-06,-0.005798848932436939,-0.005798848932436939,-0.012293242203372039,0.0064943932709351,0.0064943932709351,0.0,0.0,False,0.0,0.0,-0.012293242203372039
2012-03-07,0.0026389293004394562,0.0026389293004394562,0.004773160210994309,-0.002134230910554853,-0.002134230910554853,0.0,0.0,False,0.0,0.0,0.004773160210994309
2012-03-08,0.003570115917554924,0.003570115917554924,0.007800807160139799,-0.004230691242584875,-0.004230691242584875,0.0,0.0,False,0.0,0.0,0.007800807160139799
2012-03-09,0.0034029647347275085,0.0034029647347275085,0.0011670446608431034,0.0022359200738844053,0.0022359200738844053,0.0,0.0,False,0.0,0.0,0.0011670446608431034
2012-03-12,-0.0005012779191883732,-0.0005012779191883732,-0.0019079751413175637,0.0014066972221291906,0.0014066972221291906,0.0,0.0,False,0.0,0.0,-0.0019079751413175637
2012-03-13,0.005313229521876984,0.005313229521876984,0.008835267442402542,-0.003522037920525558,-0.003522037920525558,0.0,0.0,False,0.0,0.0,0.008835267442402542
2012-03-14,-0.00845673453602214,-0.00845673453602214,-0.008889411989765325,0.00043267745374318475,0.00043267745374318475,0.0,0.0,False,0.0,0.0,-0.008889411989765325
2012-03-15,0.0033702191913183507,0.0033702191913183507,0.004129877874906984,-0.0007596586835886335,-0.0007596586835886335,0.0,0.0,False,0.0,0.0,0.004129877874906984
2012-03-16,0.0005012290759638042,0.0005012290759638042,0.0015680937848826983,-0.0010668647089188941,-0.0010668647089188941,0.0,0.0,False,0.0,0.0,0.0015680937848826983
2012-03-19,-0.0004082206003506614,-0.0004082206003506614,8.091765976570757e-05,-0.000489138260116369,-0.000489138260116369,0.0,0.0,False,0.0,0.0,8.091765976570757e-05
2012-03-20,-0.0020528706205346775,-0.0020528706205346775,-0.004690491407935297,0.0026376207874006198,0.0026376207874006198,0.0,0.0,False,0.0,0.0,-0.004690491407935297
2012-03-21,0.002297544289876453,0.002297544289876453,0.0008665796507719347,0.0014309646391045183,0.0014309646391045183,0.0,0.0,False,0.0,0.0,0.0008665796507719347
2012-03-22,-0.0035351297123893495,-0.0035351297123893495,-0.005100727693905271,0.0015655979815159217,0.0015655979815159217,0.0,0.0,False,0.0,0.0,-0.005100727693905271
2012-03-23,0.00488486960904156,0.00488486960904156,0.004576463415274831,0.000308406193766729,0.000308406193766729,0.0,0.0,False,0.0,0.0,0.004576463415274831
2012-03-26,0.007674785272065377,0.007674785272065377,0.008858366601556207,-0.00118358132949083,-0.00118358132949083,0.0,0.0,False,0.0,0.0,0.008858366601556207
2012-03-27,0.0005989982160585353,0.0005989982160585353,-0.00024062551547489688,0.0008396237315334322,0.0008396237315334322,0.0,0.0,False,0.0,0.0,-0.00024062551547489688
2012-03-28,-0.0035471340603582305,-0.0035471340603582305,-0.005196256957849812,0.0016491228974915817,0.0016491228974915817,0.0,0.0,False,0.0,0.0,-0.005196256957849812
2012-03-29,0.0010927303251418935,0.0010927303251418935,-0.0002731170500729183,0.0013658473752148118,0.0013658473752148118,0.0,0.0,False,0.0,0.0,-0.0002731170500729183
2012-03-30,-0.002346761057150938,-0.002346761057150938,0.0009987760497843598,-0.0033455371069352974,-0.0033455371069352974,0.0,0.0,False,0.0,0.0,0.0009987760497843598
2012-04-02,0.0057300504325252,0.005481740462807685,0.007075496275955628,-0.0015937558131479427,-0.0013454458434304277,0.09932398788700587,0.00024830996971751467,True,0.01102323991151868,2.7558099778796702e-05,0.007047938176176831
2012-04-03,-0.006403229754718322,-0.006403229754718322,-0.008523538428092283,0.0021203086733739603,0.0021203086733739603,0.0,0.0,False,0.0,0.0,-0.008523538428092283
2012-04-04,-0.00401987021540502,-0.00401987021540502,-0.00697212402465527,0.0029522538092502494,0.0029522538092502494,0.0,0.0,False,0.0,0.0,-0.00697212402465527
2012-04-05,0.0009274518131125104,0.0009274518131125104,0.0008030047947875532,0.0001244470183249572,0.0001244470183249572,0.0,0.0,False,0.0,0.0,0.0008030047947875532
2012-04-09,-0.0019897597154309877,-0.0019897597154309877,-0.0020532479870569477,6.348827162596e-05,6.348827162596e-05,0.0,0.0,False,0.0,0.0,-0.0020532479870569477
2012-04-10,-0.007885637436027985,-0.007885637436027985,-0.009731061247950805,0.0018454238119228195,0.0018454238119228195,0.0,0.0,False,0.0,0.0,-0.009731061247950805
2012-04-11,0.0033873736880322644,0.0033873736880322644,0.004539929186861656,-0.0011525554988293918,-0.0011525554988293918,0.0,0.0,False,0.0,0.0,0.004539929186861656
2012-04-12,0.006061994732100078,0.006061994732100078,0.009196889636519694,-0.0031348949044196165,-0.0031348949044196165,0.0,0.0,False,0.0,0.0,0.009196889636519694
2012-04-13,-0.0033563548196981785,-0.0033563548196981785,-0.005720319000002301,0.0023639641803041224,0.0023639641803041224,0.0,0.0,False,0.0,0.0,-0.005720319000002301
2012-04-16,-7.527683306255496e-05,-7.527683306255496e-05,0.00030555260293844034,-0.0003808294360009953,-0.0003808294360009953,0.0,0.0,False,0.0,0.0,0.00030555260293844034
2012-04-17,0.007131376457193398,0.007131376457193398,0.008478008811188624,-0.0013466323539952259,-0.0013466323539952259,0.0,0.0,False,0.0,0.0,0.008478008811188624
2012-04-18,-0.0016591570410546073,-0.0016591570410546073,-0.002073056721932351,0.00041389968087774363,0.00041389968087774363,0.0,0.0,False,0.0,0.0,-0.002073056721932351
2012-04-19,-0.002602332353340718,-0.002602332353340718,-0.003119949467584086,0.000517617114243368,0.000517617114243368,0.0,0.0,False,0.0,0.0,-0.003119949467584086
2012-04-20,0.0014649675088318104,0.0014649675088318104,0.002848593965503801,-0.0013836264566719906,-0.0013836264566719906,0.0,0.0,False,0.0,0.0,0.002848593965503801
2012-04-23,-0.004305359087076192,-0.004305359087076192,-0.007175374034634717,0.0028700149475585253,0.0028700149475585253,0.0,0.0,False,0.0,0.0,-0.007175374034634717
2012-04-24,0.0012901185714053864,0.0012901185714053864,0.0016801532623454498,-0.00039003469094006345,-0.00039003469094006345,0.0,0.0,False,0.0,0.0,0.0016801532623454498
2012-04-25,0.0069149604964305715,0.0069149604964305715,0.007425691765333873,-0.0005107312689033019,-0.0005107312689033019,0.0,0.0,False,0.0,0.0,0.007425691765333873
2012-04-26,0.005373186174454767,0.005373186174454767,0.005285857698295428,8.732847615933875e-05,8.732847615933875e-05,0.0,0.0,False,0.0,0.0,0.005285857698295428
2012-04-27,0.0023743820327274305,0.0023743820327274305,0.002092679087476492,0.0002817029452509387,0.0002817029452509387,0.0,0.0,False,0.0,0.0,0.002092679087476492
2012-04-30,-0.002807009971783077,-0.002807009971783077,-0.0026063988093878087,-0.00020061116239526808,-0.00020061116239526808,0.0,0.0,False,0.0,0.0,-0.0026063988093878087
2012-05-01,0.0014235514124634767,0.001198221494580345,0.0022833216316882287,-0.0010851001371078837,-0.000859770219224752,0.0901319671532527,0.00022532991788313175,True,0.008473918524125351,2.1184796310313376e-05,0.0022621368353779154
2012-05-02,0.0006167625636413984,0.0006167625636413984,-0.0009048832521327778,0.0015216458157741761,0.0015216458157741761,0.0,0.0,False,0.0,0.0,-0.0009048832521327778
2012-05-03,-0.004817051377548736,-0.004817051377548736,-0.005004971624436865,0.00018792024688812827,0.00018792024688812827,0.0,0.0,False,0.0,0.0,-0.005004971624436865
2012-05-04,-0.007343584423442665,-0.007343584423442665,-0.008451500505520536,0.001107916082077871,0.001107916082077871,0.0,0.0,False,0.0,0.0,-0.008451500505520536
2012-05-07,0.0009814462200022555,0.0009814462200022555,0.0019932883915249645,-0.001011842171522709,-0.001011842171522709,0.0,0.0,False,0.0,0.0,0.0019932883915249645
2012-05-08,-0.00031287014353383643,-0.00031287014353383643,-0.003975380981079583,0.003662510837545746,0.003662510837545746,0.0,0.0,False,0.0,0.0,-0.003975380981079583
2012-05-09,-0.003097312849276652,-0.003097312849276652,-0.005068152436657468,0.001970839587380816,0.001970839587380816,0.0,0.0,False,0.0,0.0,-0.005068152436657468
2012-05-10,0.00045486460323739095,0.00045486460323739095,0.001134781298472795,-0.000679916695235404,-0.000679916695235404,0.0,0.0,False,0.0,0.0,0.001134781298472795
2012-05-11,0.0001406324141552629,0.0001406324141552629,-0.0016217294194171734,0.0017623618335724364,0.0017623618335724364,0.0,0.0,False,0.0,0.0,-0.0016217294194171734
2012-05-14,-0.004624704098463916,-0.004624704098463916,-0.007250047297056162,0.0026253431985922455,0.0026253431985922455,0.0,0.0,False,0.0,0.0,-0.007250047297056162
2012-05-15,-0.0024553527268979915,-0.0024553527268979915,-0.004344452353051555,0.0018890996261535639,0.0018890996261535639,0.0,0.0,False,0.0,0.0,-0.004344452353051555
2012-05-16,-0.002097738455182269,-0.002097738455182269,-0.0038474813846065044,0.0017497429294242354,0.0017497429294242354,0.0,0.0,False,0.0,0.0,-0.0038474813846065044
2012-05-17,-0.009221758041344702,-0.009221758041344702,-0.007922368430735145,-0.0012993896106095575,-0.0012993896106095575,0.0,0.0,False,0.0,0.0,-0.007922368430735145
2012-05-18,-0.005401493393896577,-0.005401493393896577,-0.005605284176460182,0.00020379078256360476,0.00020379078256360476,0.0,0.0,False,0.0,0.0,-0.005605284176460182
2012-05-21,0.00889208377669349,0.00889208377669349,0.01097765655496233,-0.002085572778268841,-0.002085572778268841,0.0,0.0,False,0.0,0.0,0.01097765655496233
2012-05-22,-0.0015463696423621332,-0.0015463696423621332,-0.0027673088774977806,0.0012209392351356474,0.0012209392351356474,0.0,0.0,False,0.0,0.0,-0.0027673088774977806
2012-05-23,0.002452742088392983,0.002452742088392983,-2.662395271365518e-05,0.0024793660411066383,0.0024793660411066383,0.0,0.0,False,0.0,0.0,-2.662395271365518e-05
2012-05-24,0.0004331040075090436,0.0004331040075090436,-0.0013519895492553043,0.001785093556764348,0.001785093556764348,0.0,0.0,False,0.0,0.0,-0.0013519895492553043
2012-05-25,0.00017121703080670504,0.00017121703080670504,-0.000724895129273308,0.0008961121600800131,0.0008961121600800131,0.0,0.0,False,0.0,0.0,-0.000724895129273308
2012-05-29,0.0064455367305921215,0.0064455367305921215,0.008546315638497837,-0.002100778907905715,-0.002100778907905715,0.0,0.0,False,0.0,0.0,0.008546315638497837
2012-05-30,-0.005106577134049028,-0.005106577134049028,-0.006677040044030802,0.0015704629099817739,0.0015704629099817739,0.0,0.0,False,0.0,0.0,-0.006677040044030802
2012-05-31,0.0017589634876005913,0.0017589634876005913,0.002847320061317469,-0.0010883565737168776,-0.0010883565737168776,0.0,0.0,False,0.0,0.0,0.002847320061317469
2012-06-01,-0.009977327354886305,-0.010029033382524994,-0.011710605579772698,0.0016815721972477035,0.001733278224886392,0.0206824110554753,5.170602763868824e-05,True,0.027344933916253603,6.836233479063401e-05,-0.011778967914563331
2012-06-04,-0.003820432196370336,-0.003820432196370336,-0.0013270229546700457,-0.0024934092417002902,-0.0024934092417002902,0.0,0.0,False,0.0,0.0,-0.0013270229546700457
2012-06-05,0.003265996979776893,0.003265996979776893,0.0025382031484238858,0.0007277938313530073,0.0007277938313530073,0.0,0.0,False,0.0,0.0,0.0025382031484238858
2012-06-06,0.009308462409844377,0.009308462409844377,0.012216306461696184,-0.0029078440518518073,-0.0029078440518518073,0.0,0.0,False,0.0,0.0,0.012216306461696184
2012-06-07,0.00025967030535960006,0.00025967030535960006,0.0015446676397473246,-0.0012849973343877245,-0.0012849973343877245,0.0,0.0,False,0.0,0.0,0.0015446676397473246
2012-06-08,0.006004166955564981,0.006004166955564981,0.002376700733198424,0.0036274662223665572,0.0036274662223665572,0.0,0.0,False,0.0,0.0,0.002376700733198424
2012-06-11,-0.0073771524009028444,-0.0073771524009028444,-0.007135761442824653,-0.00024139095807819162,-0.00024139095807819162,0.0,0.0,False,0.0,0.0,-0.007135761442824653
2012-06-12,0.003961839315692302,0.003961839315692302,0.006703126901649419,-0.0027412875859571173,-0.0027412875859571173,0.0,0.0,False,0.0,0.0,0.006703126901649419
2012-06-13,-0.0019119809006404916,-0.0019119809006404916,-0.0020285324700759265,0.0001165515694354349,0.0001165515694354349,0.0,0.0,False,0.0,0.0,-0.0020285324700759265
2012-06-14,0.004563249838701227,0.004563249838701227,0.004813981831767149,-0.0002507319930659226,-0.0002507319930659226,0.0,0.0,False,0.0,0.0,0.004813981831767149
2012-06-15,0.007893189348913036,0.007893189348913036,0.009549538531974999,-0.0016563491830619628,-0.0016563491830619628,0.0,0.0,False,0.0,0.0,0.009549538531974999
2012-06-18,0.0007058185565708603,0.0007058185565708603,0.0005653020545713715,0.0001405165019994889,0.0001405165019994889,0.0,0.0,False,0.0,0.0,0.0005653020545713715
2012-06-19,0.005123099612342225,0.005123099612342225,0.006515270749824955,-0.0013921711374827294,-0.0013921711374827294,0.0,0.0,False,0.0,0.0,0.006515270749824955
2012-06-20,-0.0012508025196690479,-0.0012508025196690479,-0.00011315128871683321,-0.0011376512309522148,-0.0011376512309522148,0.0,0.0,False,0.0,0.0,-0.00011315128871683321
2012-06-21,-0.01105802587648082,-0.01105802587648082,-0.014934963526752196,0.003876937650271377,0.003876937650271377,0.0,0.0,False,0.0,0.0,-0.014934963526752196
2012-06-22,0.0032316511126784233,0.0032316511126784233,0.002877654025194753,0.0003539970874836705,0.0003539970874836705,0.0,0.0,False,0.0,0.0,0.002877654025194753
2012-06-25,-0.006205959268659499,-0.006205959268659499,-0.008757837320335624,0.002551878051676125,0.002551878051676125,0.0,0.0,False,0.0,0.0,-0.008757837320335624
2012-06-26,0.0020457728659150076,0.0020457728659150076,0.003070203226446055,-0.0010244303605310475,-0.0010244303605310475,0.0,0.0,False,0.0,0.0,0.003070203226446055
2012-06-27,0.00645097969586472,0.00645097969586472,0.006160921761887544,0.0002900579339771758,0.0002900579339771758,0.0,0.0,False,0.0,0.0,0.006160921761887544
2012-06-28,-9.37458642879365e-05,-9.37458642879365e-05,-0.00011848789967355041,2.4742035385613915e-05,2.4742035385613915e-05,0.0,0.0,False,0.0,0.0,-0.00011848789967355041
2012-06-29,0.012214640064748985,0.012214640064748985,0.017301368113661543,-0.0050867280489125585,-0.0050867280489125585,0.0,0.0,False,0.0,0.0,0.017301368113661543
2012-07-02,0.005271561321157427,0.005031980284362062,0.004712824221143963,0.0003191560632180984,0.0005587371000134638,0.09583241471814598,0.00023958103679536493,True,0.011978050349057377,2.994512587264344e-05,0.00468287909527132
2012-07-03,0.0036493692259976377,0.0036493692259976377,0.005232043605736999,-0.0015826743797393615,-0.0015826743797393615,0.0,0.0,False,0.0,0.0,0.005232043605736999
2012-07-05,-0.0004708427497077224,-0.0004708427497077224,-0.0038022117739178315,0.003331369024210109,0.003331369024210109,0.0,0.0,False,0.0,0.0,-0.0038022117739178315
2012-07-06,-0.0035506594704192936,-0.0035506594704192936,-0.00509985652472031,0.001549197054301016,0.001549197054301016,0.0,0.0,False,0.0,0.0,-0.00509985652472031
2012-07-09,8.969607270168886e-06,8.969607270168886e-06,-0.00015025424524673958,0.00015922385251690847,0.00015922385251690847,0.0,0.0,False,0.0,0.0,-0.00015025424524673958
2012-07-10,-0.004674862014785916,-0.004674862014785916,-0.0050872301016256045,0.00041236808683968885,0.00041236808683968885,0.0,0.0,False,0.0,0.0,-0.0050872301016256045
2012-07-11,-0.0005774282066882234,-0.0005774282066882234,0.0009743916613532135,-0.001551819868041437,-0.001551819868041437,0.0,0.0,False,0.0,0.0,0.0009743916613532135
2012-07-12,-0.000686092952042225,-0.000686092952042225,-0.0031233388722907663,0.002437245920248541,0.002437245920248541,0.0,0.0,False,0.0,0.0,-0.0031233388722907663
2012-07-13,0.007495001337311157,0.007495001337311157,0.009298313439344896,-0.0018033121020337396,-0.0018033121020337396,0.0,0.0,False,0.0,0.0,0.009298313439344896
2012-07-16,-0.0002909297832706377,-0.0002909297832706377,-5.848686882706285e-05,-0.00023244291444357484,-0.00023244291444357484,0.0,0.0,False,0.0,0.0,-5.848686882706285e-05
2012-07-17,0.0020328999433867263,0.0020328999433867263,0.003013323653999942,-0.0009804237106132156,-0.0009804237106132156,0.0,0.0,False,0.0,0.0,0.003013323653999942
2012-07-18,0.004689928421962513,0.004689928421962513,0.00450022880389178,0.00018969961807073325,0.00018969961807073325,0.0,0.0,False,0.0,0.0,0.00450022880389178
2012-07-19,0.00011256721224295536,0.00011256721224295536,0.0027364830406911805,-0.002623915828448225,-0.002623915828448225,0.0,0.0,False,0.0,0.0,0.0027364830406911805
2012-07-20,-0.0037387930484492184,-0.0037387930484492184,-0.00681259042726316,0.0030737973788139417,0.0030737973788139417,0.0,0.0,False,0.0,0.0,-0.00681259042726316
2012-07-23,-0.005909300591354394,-0.005909300591354394,-0.009262599674427937,0.0033532990830735425,0.0033532990830735425,0.0,0.0,False,0.0,0.0,-0.009262599674427937
2012-07-24,-0.004112366776437551,-0.004112366776437551,-0.0041361955500067975,2.3828773569246897e-05,2.3828773569246897e-05,0.0,0.0,False,0.0,0.0,-0.0041361955500067975
2012-07-25,0.0008897501504207815,0.0008897501504207815,0.0019397607282866383,-0.0010500105778658568,-0.0010500105778658568,0.0,0.0,False,0.0,0.0,0.0019397607282866383
2012-07-26,0.006133270540161401,0.006133270540161401,0.011028473084277051,-0.00489520254411565,-0.00489520254411565,0.0,0.0,False,0.0,0.0,0.011028473084277051
2012-07-27,0.006865907111026764,0.006865907111026764,0.009334291474168265,-0.002468384363141501,-0.002468384363141501,0.0,0.0,False,0.0,0.0,0.009334291474168265
2012-07-30,0.0009513757093720367,0.0009513757093720367,0.00048545506915665814,0.0004659206402153785,0.0004659206402153785,0.0,0.0,False,0.0,0.0,0.00048545506915665814
2012-07-31,-0.002508903903126516,-0.002508903903126516,-0.0026766657253715805,0.00016776182224506435,0.00016776182224506435,0.0,0.0,False,0.0,0.0,-0.0026766657253715805
2012-08-01,-0.004372421138246129,-0.004382978340177198,-0.0020227321187618053,-0.002360246221415393,-0.002349689019484324,0.0042228807724274155,1.0557201931068538e-05,True,0.0047472521472635525,1.1868130368158882e-05,-0.002034600249129964
2012-08-02,-0.002068256008378526,-0.002068256008378526,-0.004675505194481946,0.0026072491861034203,0.0026072491861034203,0.0,0.0,False,0.0,0.0,-0.004675505194481946
2012-08-03,0.008514881913389784,0.008514881913389784,0.013054042248831138,-0.004539160335441354,-0.004539160335441354,0.0,0.0,False,0.0,0.0,0.013054042248831138
2012-08-06,0.00233709915071972,0.00233709915071972,0.0030237659669938,-0.0006866668162740799,-0.0006866668162740799,0.0,0.0,False,0.0,0.0,0.0030237659669938
2012-08-07,0.0006886450513909864,0.0006886450513909864,0.001085546160542087,-0.00039690110915110055,-0.00039690110915110055,0.0,0.0,False,0.0,0.0,0.001085546160542087
2012-08-08,-0.0006843301861952981,-0.0006843301861952981,-0.0005416283907459713,-0.0001427017954493268,-0.0001427017954493268,0.0,0.0,False,0.0,0.0,-0.0005416283907459713
2012-08-09,0.0007284525932344165,0.0007284525932344165,0.0007404067617001359,-1.1954168465719349e-05,-1.1954168465719349e-05,0.0,0.0,False,0.0,0.0,0.0007404067617001359
2012-08-10,0.0013937042343609893,0.0013937042343609893,0.0022871929228567463,-0.0008934886884957569,-0.0008934886884957569,0.0,0.0,False,0.0,0.0,0.0022871929228567463
2012-08-13,-0.0009511464346260599,-0.0009511464346260599,-0.002394315465371128,0.0014431690307450682,0.0014431690307450682,0.0,0.0,False,0.0,0.0,-0.002394315465371128
2012-08-14,-0.0026477148773938475,-0.0026477148773938475,-0.0020201103857583145,-0.000627604491635533,-0.000627604491635533,0.0,0.0,False,0.0,0.0,-0.0020201103857583145
2012-08-15,-0.0005427715321643337,-0.0005427715321643337,-0.002146693299131202,0.0016039217669668682,0.0016039217669668682,0.0,0.0,False,0.0,0.0,-0.002146693299131202
2012-08-16,0.003111688088469176,0.003111688088469176,0.004327422859557323,-0.0012157347710881469,-0.0012157347710881469,0.0,0.0,False,0.0,0.0,0.004327422859557323
2012-08-17,0.0022371733604619423,0.0022371733604619423,0.0011293583302839725,0.0011078150301779698,0.0011078150301779698,0.0,0.0,False,0.0,0.0,0.0011293583302839725
2012-08-20,0.00023047404607877398,0.00023047404607877398,0.00028818426274700756,-5.771021666823358e-05,-5.771021666823358e-05,0.0,0.0,False,0.0,0.0,0.00028818426274700756
2012-08-21,-0.0006693860426482432,-0.0006693860426482432,0.000394934577842292,-0.0010643206204905354,-0.0010643206204905354,0.0,0.0,False,0.0,0.0,0.000394934577842292
2012-08-22,0.0027855469003364775,0.0027855469003364775,0.0028625161401473,-7.696923981082232e-05,-7.696923981082232e-05,0.0,0.0,False,0.0,0.0,0.0028625161401473
2012-08-23,-0.003364787401299991,-0.003364787401299991,-0.004014038450684106,0.0006492510493841148,0.0006492510493841148,0.0,0.0,False,0.0,0.0,-0.004014038450684106
2012-08-24,0.0025825585108265933,0.0025825585108265933,0.0017807858798944308,0.0008017726309321625,0.0008017726309321625,0.0,0.0,False,0.0,0.0,0.0017807858798944308
2012-08-27,0.0016232049519270249,0.0016232049519270249,0.00023884664792182635,0.0013843583040051986,0.0013843583040051986,0.0,0.0,False,0.0,0.0,0.00023884664792182635
2012-08-28,0.0007170979611436256,0.0007170979611436256,-2.3061956026681108e-05,0.0007401599171703067,0.0007401599171703067,0.0,0.0,False,0.0,0.0,-2.3061956026681108e-05
2012-08-29,0.00027281796848393396,0.00027281796848393396,-0.0012014442360106215,0.0014742622044945555,0.0014742622044945555,0.0,0.0,False,0.0,0.0,-0.0012014442360106215
2012-08-30,-0.0035166832991046296,-0.0035166832991046296,-0.005491046754438418,0.0019743634553337887,0.0019743634553337887,0.0,0.0,False,0.0,0.0,-0.005491046754438418
2012-08-31,0.005536998876118687,0.005536998876118687,0.006921322943574455,-0.0013843240674557685,-0.0013843240674557685,0.0,0.0,False,0.0,0.0,0.006921322943574455
2012-09-04,0.0005397997285604232,-0.00010259089603025353,-0.001844622999131057,0.0017420321031008034,0.00238442272769148,0.2569562498362707,0.0006423906245906768,True,0.007227000584314799,1.8067501460786996e-05,-0.001862690500591844
2012-09-05,-0.00035933828141265474,-0.00035933828141265474,-0.001408092263055482,0.0010487539816428273,0.0010487539816428273,0.0,0.0,False,0.0,0.0,-0.001408092263055482
2012-09-06,0.007137619600313245,0.007137619600313245,0.010075151133250724,-0.002937531532937479,-0.002937531532937479,0.0,0.0,False,0.0,0.0,0.010075151133250724
2012-09-07,0.00323208887344529,0.00323208887344529,0.006507955494264072,-0.0032758666208187815,-0.0032758666208187815,0.0,0.0,False,0.0,0.0,0.006507955494264072
2012-09-10,-0.0026346783514227486,-0.0026346783514227486,-0.0042678864119337166,0.001633208060510968,0.001633208060510968,0.0,0.0,False,0.0,0.0,-0.0042678864119337166
2012-09-11,0.0011784234365632964,0.0011784234365632964,0.0033483651009827637,-0.0021699416644194672,-0.0021699416644194672,0.0,0.0,False,0.0,0.0,0.0033483651009827637
2012-09-12,0.00033164461085496966,0.00033164461085496966,0.0008727696620375773,-0.0005411250511826077,-0.0005411250511826077,0.0,0.0,False,0.0,0.0,0.0008727696620375773
2012-09-13,0.009515671138967438,0.009515671138967438,0.011568812126811956,-0.002053140987844518,-0.002053140987844518,0.0,0.0,False,0.0,0.0,0.011568812126811956
2012-09-14,-0.0009068072042667632,-0.0009068072042667632,0.0006553664756379417,-0.0015621736799047048,-0.0015621736799047048,0.0,0.0,False,0.0,0.0,0.0006553664756379417
2012-09-17,-0.0001417975501690615,-0.0001417975501690615,-0.0018049177060045992,0.0016631201558355378,0.0016631201558355378,0.0,0.0,False,0.0,0.0,-0.0018049177060045992
2012-09-18,0.0006609134874227605,0.0006609134874227605,0.00014350016564616914,0.0005174133217765914,0.0005174133217765914,0.0,0.0,False,0.0,0.0,0.00014350016564616914
2012-09-19,0.0009627463966641645,0.0009627463966641645,0.001723370546842131,-0.0007606241501779664,-0.0007606241501779664,0.0,0.0,False,0.0,0.0,0.001723370546842131
2012-09-20,-0.0008403648536228869,-0.0008403648536228869,-0.001719046755148213,0.000878681901525326,0.000878681901525326,0.0,0.0,False,0.0,0.0,-0.001719046755148213
2012-09-21,0.001324121923551786,0.001324121923551786,0.0011269627794028084,0.0001971591441489776,0.0001971591441489776,0.0,0.0,False,0.0,0.0,0.0011269627794028084
2012-09-24,-3.0600279777909185e-05,-3.0600279777909185e-05,-0.00025204791381175135,0.00022144763403384216,0.00022144763403384216,0.0,0.0,False,0.0,0.0,-0.00025204791381175135
2012-09-25,-0.0047113205574361786,-0.0047113205574361786,-0.005113868703258074,0.0004025481458218953,0.0004025481458218953,0.0,0.0,False,0.0,0.0,-0.005113868703258074
2012-09-26,-0.001199919267660056,-0.001199919267660056,-0.0022948124916822785,0.0010948932240222224,0.0010948932240222224,0.0,0.0,False,0.0,0.0,-0.0022948124916822785
2012-09-27,0.004396282460518627,0.004396282460518627,0.006006155142179593,-0.0016098726816609656,-0.0016098726816609656,0.0,0.0,False,0.0,0.0,0.006006155142179593
2012-09-28,-0.002011702857804241,-0.002011702857804241,-0.005067497280329725,0.0030557944225254844,0.0030557944225254844,0.0,0.0,False,0.0,0.0,-0.005067497280329725
2012-10-01,0.0010352914674422542,0.0003352914875261432,0.004125593897281121,-0.003790302409754978,-0.0030903024298388673,0.27999999196644443,0.000699999979916111,True,0.007461413343264736,1.8653533358161838e-05,0.004106940363922959
2012-10-02,0.001893295584880027,0.001893295584880027,0.0009956110631127969,0.0008976845217672301,0.0008976845217672301,0.0,0.0,False,0.0,0.0,0.0009956110631127969
2012-10-03,0.0017635522357520629,0.0017635522357520629,0.00010292823755925879,0.001660623998192804,0.001660623998192804,0.0,0.0,False,0.0,0.0,0.00010292823755925879
2012-10-04,0.0042076517852059885,0.0042076517852059885,0.0038260032538549077,0.0003816485313510808,0.0003816485313510808,0.0,0.0,False,0.0,0.0,0.0038260032538549077
2012-10-05,-0.00048413496850173844,-0.00048413496850173844,-0.0016073326800501136,0.0011231977115483752,0.0011231977115483752,0.0,0.0,False,0.0,0.0,-0.0016073326800501136
2012-10-08,-0.0021234210616990113,-0.0021234210616990113,-0.001694625270533131,-0.00042879579116588025,-0.00042879579116588025,0.0,0.0,False,0.0,0.0,-0.001694625270533131
2012-10-09,-0.005987738810636712,-0.005987738810636712,-0.006840493388941851,0.0008527545783051397,0.0008527545783051397,0.0,0.0,False,0.0,0.0,-0.006840493388941851
2012-10-10,-0.002199725868622769,-0.002199725868622769,-0.0019275465497905772,-0.00027217931883219155,-0.00027217931883219155,0.0,0.0,False,0.0,0.0,-0.0019275465497905772
2012-10-11,0.002431715841701261,0.002431715841701261,0.003259796961031847,-0.0008280811193305863,-0.0008280811193305863,0.0,0.0,False,0.0,0.0,0.003259796961031847
2012-10-12,-0.00217158155283305,-0.00217158155283305,-0.0015485142556704128,-0.0006230672971626371,-0.0006230672971626371,0.0,0.0,False,0.0,0.0,-0.0015485142556704128
2012-10-15,0.006060983491416747,0.006060983491416747,0.005274886559445977,0.0007860969319707705,0.0007860969319707705,0.0,0.0,False,0.0,0.0,0.005274886559445977
2012-10-16,0.005812590601316415,0.005812590601316415,0.005216472864721265,0.0005961177365951505,0.0005961177365951505,0.0,0.0,False,0.0,0.0,0.005216472864721265
2012-10-17,0.002784684154962817,0.002784684154962817,0.0020400271314677037,0.0007446570234951131,0.0007446570234951131,0.0,0.0,False,0.0,0.0,0.0020400271314677037
2012-10-18,-0.0013618084873143277,-0.0013618084873143277,-0.0028538567388732713,0.0014920482515589435,0.0014920482515589435,0.0,0.0,False,0.0,0.0,-0.0028538567388732713
2012-10-19,-0.010380825532820485,-0.010380825532820485,-0.007917046689075594,-0.0024637788437448915,-0.0024637788437448915,0.0,0.0,False,0.0,0.0,-0.007917046689075594
2012-10-22,-0.0009061007931514427,-0.0009061007931514427,0.0007351762875898095,-0.0016412770807412522,-0.0016412770807412522,0.0,0.0,False,0.0,0.0,0.0007351762875898095
2012-10-23,-0.006897762357023284,-0.006897762357023284,-0.007877248380778757,0.0009794860237554732,0.0009794860237554732,0.0,0.0,False,0.0,0.0,-0.007877248380778757
2012-10-24,-0.0022148832008945904,-0.0022148832008945904,-0.002118636424155766,-9.624677673882422e-05,-9.624677673882422e-05,0.0,0.0,False,0.0,0.0,-0.002118636424155766
2012-10-25,0.0010949618790118687,0.0010949618790118687,0.0016586620955039379,-0.0005637002164920692,-0.0005637002164920692,0.0,0.0,False,0.0,0.0,0.0016586620955039379
2012-10-26,-0.001144117729252814,-0.001144117729252814,0.001323508501571668,-0.002467626230824482,-0.002467626230824482,0.0,0.0,False,0.0,0.0,0.001323508501571668
2012-10-31,0.0027074026949310717,0.0027074026949310717,0.0016173343829703189,0.0010900683119607528,0.0010900683119607528,0.0,0.0,False,0.0,0.0,0.0016173343829703189
2012-11-01,0.004473067925248547,0.003990848864038598,0.005592906422870003,-0.0016020575588314052,-0.001119838497621456,0.1928876244839798,0.00048221906120994953,True,0.005067175140127427,1.2667937850318567e-05,0.0055802384850196845
2012-11-02,-0.005330312731551552,-0.005330312731551552,-0.0056128960664454915,0.0002825833348939393,0.0002825833348939393,0.0,0.0,False,0.0,0.0,-0.0056128960664454915
2012-11-05,0.0017301210590604742,0.0017301210590604742,0.0019039390421412596,-0.00017381798308078534,-0.00017381798308078534,0.0,0.0,False,0.0,0.0,0.0019039390421412596
2012-11-06,0.002461049035674832,0.002461049035674832,0.0028547768298875717,-0.0003937277942127398,-0.0003937277942127398,0.0,0.0,False,0.0,0.0,0.0028547768298875717
2012-11-07,-0.010325601796912602,-0.010325601796912602,-0.009131536450366058,-0.0011940653465465443,-0.0011940653465465443,0.0,0.0,False,0.0,0.0,-0.009131536450366058
2012-11-08,-0.006880585527152427,-0.006880585527152427,-0.005399124779016761,-0.0014814607481356658,-0.0014814607481356658,0.0,0.0,False,0.0,0.0,-0.005399124779016761
2012-11-09,-0.00011353390816211769,-0.00011353390816211769,0.00032193976517761824,-0.00043547367333973593,-0.00043547367333973593,0.0,0.0,False,0.0,0.0,0.00032193976517761824
2012-11-12,-0.00023556870569445786,-0.00023556870569445786,0.0005903966429462869,-0.0008259653486407448,-0.0008259653486407448,0.0,0.0,False,0.0,0.0,0.0005903966429462869
2012-11-13,-0.0018556909609330095,-0.0018556909609330095,-0.0024710986068225598,0.0006154076458895503,0.0006154076458895503,0.0,0.0,False,0.0,0.0,-0.0024710986068225598
2012-11-14,-0.008785354586839529,-0.008785354586839529,-0.007590134339891405,-0.0011952202469481237,-0.0011952202469481237,0.0,0.0,False,0.0,0.0,-0.007590134339891405
2012-11-15,-0.0023198353037922276,-0.0023198353037922276,-0.00041125246499048516,-0.0019085828388017425,-0.0019085828388017425,0.0,0.0,False,0.0,0.0,-0.00041125246499048516
2012-11-16,0.0037357491426104777,0.0037357491426104777,0.0021980937972047726,0.001537655345405705,0.001537655345405705,0.0,0.0,False,0.0,0.0,0.0021980937972047726
2012-11-19,0.01167898602137261,0.01167898602137261,0.011719189621875237,-4.0203600502625864e-05,-4.0203600502625864e-05,0.0,0.0,False,0.0,0.0,0.011719189621875237
2012-11-20,-0.0003620802835540528,-0.0003620802835540528,-0.0015755295850353546,0.0012134493014813019,0.0012134493014813019,0.0,0.0,False,0.0,0.0,-0.0015755295850353546
2012-11-21,0.0012087519390184185,0.0012087519390184185,0.0006557728154933133,0.0005529791235251052,0.0005529791235251052,0.0,0.0,False,0.0,0.0,0.0006557728154933133
2012-11-23,0.006970743966076637,0.006970743966076637,0.009325831177337453,-0.0023550872112608166,-0.0023550872112608166,0.0,0.0,False,0.0,0.0,0.009325831177337453
2012-11-26,0.0006098425281926514,0.0006098425281926514,-2.4111825150517304e-05,0.0006339543533431687,0.0006339543533431687,0.0,0.0,False,0.0,0.0,-2.4111825150517304e-05
2012-11-27,-0.0019357188345630093,-0.0019357188345630093,-0.002441096365432132,0.0005053775308691225,0.0005053775308691225,0.0,0.0,False,0.0,0.0,-0.002441096365432132
2012-11-28,0.004248823894824905,0.004248823894824905,0.00462664485696961,-0.0003778209621447051,-0.0003778209621447051,0.0,0.0,False,0.0,0.0,0.00462664485696961
2012-11-29,0.004298433159637865,0.004298433159637865,0.004316206627683197,-1.7773468045331232e-05,-1.7773468045331232e-05,0.0,0.0,False,0.0,0.0,0.004316206627683197
2012-11-30,-0.00010898235470306622,-0.00010898235470306622,-7.327337557534936e-05,-3.570897912771686e-05,-3.570897912771686e-05,0.0,0.0,False,0.0,0.0,-7.327337557534936e-05
2012-12-03,-0.0008019015453467947,-0.0014971156463395709,-0.0012560851137884575,-0.00024103053255111338,0.0004541835684416628,0.2780856403971105,0.0006952141009927762,True,0.0036545015754961135,9.136253938740284e-06,-0.0012652213677271978
2012-12-04,1.884721634592943e-05,1.884721634592943e-05,0.0010829483975490833,-0.0010641011812031538,-0.0010641011812031538,0.0,0.0,False,0.0,0.0,0.0010829483975490833
2012-12-05,0.0013670741874296482,0.0013670741874296482,0.0022113605855288423,-0.0008442863980991941,-0.0008442863980991941,0.0,0.0,False,0.0,0.0,0.0022113605855288423
2012-12-06,0.0016340599880976733,0.0016340599880976733,0.002347035248008699,-0.0007129752599110257,-0.0007129752599110257,0.0,0.0,False,0.0,0.0,0.002347035248008699
2012-12-07,0.00012986216056865105,0.00012986216056865105,-8.366216960234603e-05,0.00021352433017099708,0.00021352433017099708,0.0,0.0,False,0.0,0.0,-8.366216960234603e-05
2012-12-10,0.0012836851570984839,0.0012836851570984839,0.0016171123645788857,-0.00033342720748040186,-0.00033342720748040186,0.0,0.0,False,0.0,0.0,0.0016171123645788857
2012-12-11,0.0029163943130440908,0.0029163943130440908,0.002637310751947565,0.00027908356109652586,0.00027908356109652586,0.0,0.0,False,0.0,0.0,0.002637310751947565
2012-12-12,-0.001375002068636085,-0.001375002068636085,-0.0012075603963570976,-0.00016744167227898741,-0.00016744167227898741,0.0,0.0,False,0.0,0.0,-0.0012075603963570976
2012-12-13,-0.004223189243720499,-0.004223189243720499,-0.0036551410571138265,-0.0005680481866066726,-0.0005680481866066726,0.0,0.0,False,0.0,0.0,-0.0036551410571138265
2012-12-14,-0.0012484246043952209,-0.0012484246043952209,0.0007696114612105122,-0.002018036065605733,-0.002018036065605733,0.0,0.0,False,0.0,0.0,0.0007696114612105122
2012-12-17,0.005798232557026014,0.005798232557026014,0.0028356287441836845,0.0029626038128423298,0.0029626038128423298,0.0,0.0,False,0.0,0.0,0.0028356287441836845
2012-12-18,0.005345595884455709,0.005345595884455709,0.004720372109643373,0.0006252237748123361,0.0006252237748123361,0.0,0.0,False,0.0,0.0,0.004720372109643373
2012-12-19,-0.0010799173313996672,-0.0010799173313996672,-0.0006383652357682797,-0.00044155209563138747,-0.00044155209563138747,0.0,0.0,False,0.0,0.0,-0.0006383652357682797
2012-12-20,0.0036776710862805578,0.0036776710862805578,0.003922050408558881,-0.00024437932227832325,-0.00024437932227832325,0.0,0.0,False,0.0,0.0,0.003922050408558881
2012-12-21,-0.0036865674072542112,-0.0036865674072542112,-0.003781948592946906,9.538118569269458e-05,9.538118569269458e-05,0.0,0.0,False,0.0,0.0,-0.003781948592946906
2012-12-24,-0.002616045640118456,-0.002616045640118456,-0.0021811728113825587,-0.0004348728287358974,-0.0004348728287358974,0.0,0.0,False,0.0,0.0,-0.0021811728113825587
2012-12-26,-0.0018163323907267575,-0.0018163323907267575,-0.0005571581958235292,-0.0012591741949032282,-0.0012591741949032282,0.0,0.0,False,0.0,0.0,-0.0005571581958235292
2012-12-27,0.0008200221756572756,0.0008200221756572756,0.001898689134017726,-0.0010786669583604503,-0.0010786669583604503,0.0,0.0,False,0.0,0.0,0.001898689134017726
2012-12-28,-0.004528130864146155,-0.004528130864146155,-0.003764947484564813,-0.0007631833795813418,-0.0007631833795813418,0.0,0.0,False,0.0,0.0,-0.003764947484564813
2012-12-31,0.008171347608773579,0.008171347608773579,0.00731542120788888,0.0008559264008846995,0.0008559264008846995,0.0,0.0,False,0.0,0.0,0.00731542120788888
2013-01-02,0.013577031505600396,0.013165059305432554,0.012209976682508849,0.0009550826229237051,0.0013670548230915475,0.16478888006713716,0.00041197220016784295,True,0.010758174065818384,2.689543516454596e-05,0.012183081247344303
2013-01-03,-0.004667712675279332,-0.004667712675279332,-0.005455945630987609,0.0007882329557082771,0.0007882329557082771,0.0,0.0,False,0.0,0.0,-0.005455945630987609
2013-01-04,0.0022849133351494394,0.0022849133351494394,0.002884636911961965,-0.0005997235768125256,-0.0005997235768125256,0.0,0.0,False,0.0,0.0,0.002884636911961965
2013-01-07,-0.0009772293717092296,-0.0009772293717092296,-0.0020645417624902654,0.0010873123907810358,0.0010873123907810358,0.0,0.0,False,0.0,0.0,-0.0020645417624902654
2013-01-08,-0.0017021180456798558,-0.0017021180456798558,-0.0017114942315592685,9.376185879412732e-06,9.376185879412732e-06,0.0,0.0,False,0.0,0.0,-0.0017114942315592685
2013-01-09,0.0018641061007431642,0.0018641061007431642,0.002225859399875768,-0.0003617532991326039,-0.0003617532991326039,0.0,0.0,False,0.0,0.0,0.002225859399875768
2013-01-10,0.005263938795286651,0.005263938795286651,0.004690817843436777,0.000573120951849874,0.000573120951849874,0.0,0.0,False,0.0,0.0,0.004690817843436777
2013-01-11,0.0011860172764937022,0.0011860172764937022,0.0007401046844488383,0.0004459125920448639,0.0004459125920448639,0.0,0.0,False,0.0,0.0,0.0007401046844488383
2013-01-14,-0.0009225247124691599,-0.0009225247124691599,-7.505333861846942e-05,-0.0008474713738506905,-0.0008474713738506905,0.0,0.0,False,0.0,0.0,-7.505333861846942e-05
2013-01-15,-0.0002623299982822318,-0.0002623299982822318,0.0003521732530993931,-0.0006145032513816249,-0.0006145032513816249,0.0,0.0,False,0.0,0.0,0.0003521732530993931
2013-01-16,-0.00106057968493671,-0.00106057968493671,-0.0006524926717537522,-0.0004080870131829579,-0.0004080870131829579,0.0,0.0,False,0.0,0.0,-0.0006524926717537522
2013-01-17,0.003508644198678265,0.003508644198678265,0.0025841269650549014,0.0009245172336233634,0.0009245172336233634,0.0,0.0,False,0.0,0.0,0.0025841269650549014
2013-01-18,0.0011632440807572831,0.0011632440807572831,0.001966142103684393,-0.0008028980229271097,-0.0008028980229271097,0.0,0.0,False,0.0,0.0,0.001966142103684393
2013-01-22,0.00209997436389383,0.00209997436389383,0.0022092462467571523,-0.00010927188286332214,-0.00010927188286332214,0.0,0.0,False,0.0,0.0,0.0022092462467571523
2013-01-23,0.0006755506587889661,0.0006755506587889661,-0.00011142541556185214,0.0007869760743508182,0.0007869760743508182,0.0,0.0,False,0.0,0.0,-0.00011142541556185214
2013-01-24,0.0006939209018130057,0.0006939209018130057,-8.310312283484186e-05,0.0007770240246478475,0.0007770240246478475,0.0,0.0,False,0.0,0.0,-8.310312283484186e-05
2013-01-25,0.002152063959634958,0.002152063959634958,0.000783438884972142,0.001368625074662816,0.001368625074662816,0.0,0.0,False,0.0,0.0,0.000783438884972142
2013-01-28,-0.0015828869963370915,-0.0015828869963370915,-0.0024672831910477057,0.0008843961947106141,0.0008843961947106141,0.0,0.0,False,0.0,0.0,-0.0024672831910477057
2013-01-29,0.001518969735396379,0.001518969735396379,0.0024869724048540457,-0.0009680026694576667,-0.0009680026694576667,0.0,0.0,False,0.0,0.0,0.0024869724048540457
2013-01-30,-0.0033738853037034795,-0.0033738853037034795,-0.002611559358141367,-0.0007623259455621124,-0.0007623259455621124,0.0,0.0,False,0.0,0.0,-0.002611559358141367
2013-01-31,-0.0016672860030073166,-0.0016672860030073166,-0.0002760646513290469,-0.0013912213516782696,-0.0013912213516782696,0.0,0.0,False,0.0,0.0,-0.0002760646513290469
2013-02-01,0.0039910101628274006,0.0034890949714169095,0.0036602430056504984,-0.00017114803423358893,0.0003307671571769022,0.20076607656419646,0.0005019151914104912,True,0.014979261898450235,3.7448154746125586e-05,0.003622794850904373
2013-02-04,-0.007546483608714981,-0.007546483608714981,-0.005762148943338644,-0.0017843346653763368,-0.0017843346653763368,0.0,0.0,False,0.0,0.0,-0.005762148943338644
2013-02-05,0.0028363743719642966,0.0028363743719642966,0.002814583204445318,2.179116751897846e-05,2.179116751897846e-05,0.0,0.0,False,0.0,0.0,0.002814583204445318
2013-02-06,0.0007596777603741871,0.0007596777603741871,0.001693193066672624,-0.0009335153062984369,-0.0009335153062984369,0.0,0.0,False,0.0,0.0,0.001693193066672624
2013-02-07,-0.003215122787166419,-0.003215122787166419,-0.00263102546908412,-0.0005840973180822988,-0.0005840973180822988,0.0,0.0,False,0.0,0.0,-0.00263102546908412
2013-02-08,0.003900615607705805,0.003900615607705805,0.004377218492269648,-0.0004766028845638432,-0.0004766028845638432,0.0,0.0,False,0.0,0.0,0.004377218492269648
2013-02-11,-0.0005793074181147275,-0.0005793074181147275,-0.0006329053670580203,5.359794894329282e-05,5.359794894329282e-05,0.0,0.0,False,0.0,0.0,-0.0006329053670580203
2013-02-12,0.0021162127863035623,0.0021162127863035623,0.0012462178976110788,0.0008699948886924836,0.0008699948886924836,0.0,0.0,False,0.0,0.0,0.0012462178976110788
2013-02-13,0.00035589566339987806,0.00035589566339987806,-0.00013031034455146084,0.0004862060079513389,0.0004862060079513389,0.0,0.0,False,0.0,0.0,-0.00013031034455146084
2013-02-14,-0.0008368166098457651,-0.0008368166098457651,0.0012578506266410269,-0.002094667236486792,-0.002094667236486792,0.0,0.0,False,0.0,0.0,0.0012578506266410269
2013-02-15,-0.0012126049507244093,-0.0012126049507244093,-0.0014756278006789933,0.00026302284995458405,0.00026302284995458405,0.0,0.0,False,0.0,0.0,-0.0014756278006789933
2013-02-19,0.005357452936188975,0.005357452936188975,0.004070868819943579,0.0012865841162453956,0.0012865841162453956,0.0,0.0,False,0.0,0.0,0.004070868819943579
2013-02-20,-0.0050012385023214785,-0.0050012385023214785,-0.00625594198224104,0.0012547034799195618,0.0012547034799195618,0.0,0.0,False,0.0,0.0,-0.00625594198224104
2013-02-21,-0.005491901028051898,-0.005491901028051898,-0.004993039262783934,-0.0004988617652679642,-0.0004988617652679642,0.0,0.0,False,0.0,0.0,-0.004993039262783934
2013-02-22,0.007110395472081429,0.007110395472081429,0.0064879907044562615,0.0006224047676251674,0.0006224047676251674,0.0,0.0,False,0.0,0.0,0.0064879907044562615
2013-02-25,-0.009721435309352284,-0.009721435309352284,-0.008330444804017782,-0.0013909905053345016,-0.0013909905053345016,0.0,0.0,False,0.0,0.0,-0.008330444804017782
2013-02-26,0.0040999141121931554,0.0040999141121931554,0.0031054794927906507,0.0009944346194025048,0.0009944346194025048,0.0,0.0,False,0.0,0.0,0.0031054794927906507
2013-02-27,0.006496201694797734,0.006496201694797734,0.006948976191843327,-0.0004527744970455926,-0.0004527744970455926,0.0,0.0,False,0.0,0.0,0.006948976191843327
2013-02-28,-0.0006174406177060348,-0.0006174406177060348,-0.0006803426611700946,6.290204346405981e-05,6.290204346405981e-05,0.0,0.0,False,0.0,0.0,-0.0006803426611700946
2013-03-01,0.0008219427465704025,0.0002857722017162315,0.0022520338155872345,-0.001966261613871003,-0.001430091069016832,0.2144682179416684,0.000536170544854171,True,0.005345125750626692,1.3362814376566728e-05,0.0022386710012106677
2013-03-04,0.00228834657900916,0.00228834657900916,0.000583132345794274,0.0017052142332148862,0.0017052142332148862,0.0,0.0,False,0.0,0.0,0.000583132345794274
2013-03-05,0.005393364927086557,0.005393364927086557,0.005380046990509379,1.3317936577178328e-05,1.3317936577178328e-05,0.0,0.0,False,0.0,0.0,0.005380046990509379
2013-03-06,0.00048629505436580995,0.00048629505436580995,-0.00010385968788292595,0.0005901547422487359,0.0005901547422487359,0.0,0.0,False,0.0,0.0,-0.00010385968788292595
2013-03-07,0.0013739223979862935,0.0013739223979862935,-0.0001206285972768576,0.001494550995263151,0.001494550995263151,0.0,0.0,False,0.0,0.0,-0.0001206285972768576
2013-03-08,0.0013849679934963657,0.0013849679934963657,0.0009425047582549522,0.0004424632352414134,0.0004424632352414134,0.0,0.0,False,0.0,0.0,0.0009425047582549522
2013-03-11,0.001555396964674037,0.001555396964674037,0.0012873212811131364,0.0002680756835609006,0.0002680756835609006,0.0,0.0,False,0.0,0.0,0.0012873212811131364
2013-03-12,-0.002015672232644317,-0.002015672232644317,-0.001519011347606812,-0.000496660885037505,-0.000496660885037505,0.0,0.0,False,0.0,0.0,-0.001519011347606812
2013-03-13,-0.0003582981255514582,-0.0003582981255514582,-0.0009004513896386433,0.0005421532640871851,0.0005421532640871851,0.0,0.0,False,0.0,0.0,-0.0009004513896386433
2013-03-14,0.005705595750319524,0.005705595750319524,0.0040119208678628514,0.0016936748824566729,0.0016936748824566729,0.0,0.0,False,0.0,0.0,0.0040119208678628514
2013-03-15,0.0006416540969398334,0.0006416540969398334,8.835303096076694e-05,0.0005533010659790665,0.0005533010659790665,0.0,0.0,False,0.0,0.0,8.835303096076694e-05
2013-03-18,-0.004389703975837208,-0.004389703975837208,-0.0033789937014463874,-0.0010107102743908206,-0.0010107102743908206,0.0,0.0,False,0.0,0.0,-0.0033789937014463874
2013-03-19,-0.0018057172744714116,-0.0018057172744714116,-0.0008862541729627039,-0.0009194631015087077,-0.0009194631015087077,0.0,0.0,False,0.0,0.0,-0.0008862541729627039
2013-03-20,0.00401602763100257,0.00401602763100257,0.0023346587673789125,0.0016813688636236573,0.0016813688636236573,0.0,0.0,False,0.0,0.0,0.0023346587673789125
2013-03-21,-0.0050753881953638485,-0.0050753881953638485,-0.0042986821178965405,-0.000776706077467308,-0.000776706077467308,0.0,0.0,False,0.0,0.0,-0.0042986821178965405
2013-03-22,0.004089216969439647,0.004089216969439647,0.004409558267591191,-0.0003203412981515434,-0.0003203412981515434,0.0,0.0,False,0.0,0.0,0.004409558267591191
2013-03-25,-0.005582382985405582,-0.005582382985405582,-0.0031265955742800482,-0.002455787411125534,-0.002455787411125534,0.0,0.0,False,0.0,0.0,-0.0031265955742800482
2013-03-26,0.0042319544630409125,0.0042319544630409125,0.005300579927708246,-0.0010686254646673334,-0.0010686254646673334,0.0,0.0,False,0.0,0.0,0.005300579927708246
2013-03-27,-0.0018284764800365607,-0.0018284764800365607,0.0014462929764318972,-0.003274769456468458,-0.003274769456468458,0.0,0.0,False,0.0,0.0,0.0014462929764318972
2013-03-28,0.00271701830770001,0.00271701830770001,0.0012184307115035726,0.0014985875961964373,0.0014985875961964373,0.0,0.0,False,0.0,0.0,0.0012184307115035726
2013-04-01,-0.00486077084967144,-0.004869875842607848,-0.0042518478544184835,-0.0006180279881893647,-0.0006089229952529569,0.003641997174563181,9.104992936407952e-06,True,0.008361571040453434,2.0903927601133586e-05,-0.0042727517820196174
2013-04-02,0.004192462393075943,0.004192462393075943,0.0021916626457603758,0.0020007997473155677,0.0020007997473155677,0.0,0.0,False,0.0,0.0,0.0021916626457603758
2013-04-03,-0.0028041754874149616,-0.0028041754874149616,-0.0038337968398366087,0.001029621352421647,0.001029621352421647,0.0,0.0,False,0.0,0.0,-0.0038337968398366087
2013-04-04,0.004363608896418734,0.004363608896418734,0.004899568329205673,-0.000535959432786939,-0.000535959432786939,0.0,0.0,False,0.0,0.0,0.004899568329205673
2013-04-05,-0.0015463342351326953,-0.0015463342351326953,-0.0002237044995105149,-0.0013226297356221804,-0.0013226297356221804,0.0,0.0,False,0.0,0.0,-0.0002237044995105149
2013-04-08,0.0029515860699908655,0.0029515860699908655,0.002249504312221204,0.0007020817577696615,0.0007020817577696615,0.0,0.0,False,0.0,0.0,0.002249504312221204
2013-04-09,0.0030496050220004322,0.0030496050220004322,0.0024787368922212028,0.0005708681297792294,0.0005708681297792294,0.0,0.0,False,0.0,0.0,0.0024787368922212028
2013-04-10,0.007875014573095983,0.007875014573095983,0.005762320278955575,0.0021126942941404082,0.0021126942941404082,0.0,0.0,False,0.0,0.0,0.005762320278955575
2013-04-11,0.003352041139083539,0.003352041139083539,0.00275019379048498,0.0006018473485985588,0.0006018473485985588,0.0,0.0,False,0.0,0.0,0.00275019379048498
2013-04-12,-0.000466005233615846,-0.000466005233615846,-0.00021243283344169698,-0.000253572400174149,-0.000253572400174149,0.0,0.0,False,0.0,0.0,-0.00021243283344169698
2013-04-15,-0.012815835920919756,-0.012815835920919756,-0.013221759888541844,0.00040592396762208736,0.00040592396762208736,0.0,0.0,False,0.0,0.0,-0.013221759888541844
2013-04-16,0.009461101171471186,0.009461101171471186,0.00803932810405767,0.0014217730674135152,0.0014217730674135152,0.0,0.0,False,0.0,0.0,0.00803932810405767
2013-04-17,-0.009976233611496743,-0.009976233611496743,-0.008978817970716722,-0.0009974156407800208,-0.0009974156407800208,0.0,0.0,False,0.0,0.0,-0.008978817970716722
2013-04-18,-0.0024948923817755394,-0.0024948923817755394,-0.002207966416932251,-0.00028692596484328854,-0.00028692596484328854,0.0,0.0,False,0.0,0.0,-0.002207966416932251
2013-04-19,0.004183981528501786,0.004183981528501786,0.005740135699308104,-0.0015561541708063176,-0.0015561541708063176,0.0,0.0,False,0.0,0.0,0.005740135699308104
2013-04-22,0.0030434200829075903,0.0030434200829075903,0.002760069913793555,0.0002833501691140352,0.0002833501691140352,0.0,0.0,False,0.0,0.0,0.002760069913793555
2013-04-23,0.008121892315943706,0.008121892315943706,0.006313204277851312,0.001808688038092394,0.001808688038092394,0.0,0.0,False,0.0,0.0,0.006313204277851312
2013-04-24,0.0037910856174844746,0.0037910856174844746,0.0026143174529787106,0.001176768164505764,0.001176768164505764,0.0,0.0,False,0.0,0.0,0.0026143174529787106
2013-04-25,0.003369832444349825,0.003369832444349825,0.0026793927198581436,0.0006904397244916812,0.0006904397244916812,0.0,0.0,False,0.0,0.0,0.0026793927198581436
2013-04-26,0.00014008087315304179,0.00014008087315304179,7.61035424825309e-05,6.397733067051088e-05,6.397733067051088e-05,0.0,0.0,False,0.0,0.0,7.61035424825309e-05
2013-04-29,0.006227208106153661,0.006227208106153661,0.0050651580587800825,0.0011620500473735786,0.0011620500473735786,0.0,0.0,False,0.0,0.0,0.0050651580587800825
2013-04-30,0.0016899874372453471,0.0016899874372453471,0.0023190827343190024,-0.0006290952970736553,-0.0006290952970736553,0.0,0.0,False,0.0,0.0,0.0023190827343190024
2013-05-01,-0.008593147652643527,-0.009293079049450781,-0.0039889242407374625,-0.005304154808713319,-0.004604223411906064,0.2799725587229019,0.0006999313968072547,True,0.005154728219674016,1.2886820549185041e-05,-0.004001811061286648
2013-05-02,0.008307492928067699,0.008307492928067699,0.004736760630277236,0.0035707322977904625,0.0035707322977904625,0.0,0.0,False,0.0,0.0,0.004736760630277236
2013-05-03,0.006151495011727236,0.006151495011727236,0.0022558183470299032,0.003895676664697333,0.003895676664697333,0.0,0.0,False,0.0,0.0,0.0022558183470299032
2013-05-06,0.0022956280446589762,0.0022956280446589762,0.0006328053985359587,0.0016628226461230175,0.0016628226461230175,0.0,0.0,False,0.0,0.0,0.0006328053985359587
2013-05-07,0.002854956743873668,0.002854956743873668,0.0023266458719191315,0.0005283108719545365,0.0005283108719545365,0.0,0.0,False,0.0,0.0,0.0023266458719191315
2013-05-08,0.003680415134921987,0.003680415134921987,0.004349048132531173,-0.000668632997609186,-0.000668632997609186,0.0,0.0,False,0.0,0.0,0.004349048132531173
2013-05-09,-0.003426010959757333,-0.003426010959757333,-0.0037011537422305075,0.0002751427824731747,0.0002751427824731747,0.0,0.0,False,0.0,0.0,-0.0037011537422305075
2013-05-10,0.0002044527651458347,0.0002044527651458347,-0.0016450672714035494,0.001849520036549384,0.001849520036549384,0.0,0.0,False,0.0,0.0,-0.0016450672714035494
2013-05-13,-0.0018729957859530554,-0.0018729957859530554,-0.001882636568893004,9.640782939948547e-06,9.640782939948547e-06,0.0,0.0,False,0.0,0.0,-0.001882636568893004
2013-05-14,0.005441951055411513,0.005441951055411513,0.0028708441158650645,0.002571106939546448,0.002571106939546448,0.0,0.0,False,0.0,0.0,0.0028708441158650645
2013-05-15,0.002288541216615218,0.002288541216615218,0.003783135032555577,-0.0014945938159403593,-0.0014945938159403593,0.0,0.0,False,0.0,0.0,0.003783135032555577
2013-05-16,-0.0005474921489868863,-0.0005474921489868863,-0.0008648067122952832,0.00031731456330839685,0.00031731456330839685,0.0,0.0,False,0.0,0.0,-0.0008648067122952832
2013-05-17,0.0046819887975426445,0.0046819887975426445,0.0027280286435414905,0.001953960154001154,0.001953960154001154,0.0,0.0,False,0.0,0.0,0.0027280286435414905
2013-05-20,0.0010552897551891773,0.0010552897551891773,0.0007819295961229386,0.00027336015906623875,0.00027336015906623875,0.0,0.0,False,0.0,0.0,0.0007819295961229386
2013-05-21,0.0015934720579147367,0.0015934720579147367,0.001988094099399681,-0.00039462204148494424,-0.00039462204148494424,0.0,0.0,False,0.0,0.0,0.001988094099399681
2013-05-22,-0.009290070017523869,-0.009290070017523869,-0.0090751379977312,-0.00021493201979266852,-0.00021493201979266852,0.0,0.0,False,0.0,0.0,-0.0090751379977312
2013-05-23,-0.0019799415795434096,-0.0019799415795434096,-0.00316588417253943,0.0011859425929960205,0.0011859425929960205,0.0,0.0,False,0.0,0.0,-0.00316588417253943
2013-05-24,-0.0015669211989320256,-0.0015669211989320256,-0.0023910803898281063,0.0008241591908960807,0.0008241591908960807,0.0,0.0,False,0.0,0.0,-0.0023910803898281063
2013-05-28,0.0022938453758962855,0.0022938453758962855,-0.0014692922104406825,0.0037631375863369683,0.0037631375863369683,0.0,0.0,False,0.0,0.0,-0.0014692922104406825
2013-05-29,-0.005860411346330755,-0.005860411346330755,-0.003950231763146551,-0.0019101795831842037,-0.0019101795831842037,0.0,0.0,False,0.0,0.0,-0.003950231763146551
2013-05-30,0.0036783338987463068,0.0036783338987463068,0.002179553540510879,0.0014987803582354278,0.0014987803582354278,0.0,0.0,False,0.0,0.0,0.002179553540510879
2013-05-31,-0.012134939678968833,-0.012134939678968833,-0.011147665567650544,-0.0009872741113182894,-0.0009872741113182894,0.0,0.0,False,0.0,0.0,-0.011147665567650544
2013-06-03,0.0016472378780328582,0.0009440056510552525,0.004341808712463063,-0.0033978030614078107,-0.002694570834430205,0.2812928907910423,0.0007032322269776057,True,0.014414609238257964,3.603652309564491e-05,0.004305772189367419
2013-06-04,-0.0002539235057964886,-0.0002539235057964886,-0.004221990631657389,0.0039680671258609,0.0039680671258609,0.0,0.0,False,0.0,0.0,-0.004221990631657389
2013-06-05,-0.013241727800580343,-0.013241727800580343,-0.008567964703066725,-0.004673763097513618,-0.004673763097513618,0.0,0.0,False,0.0,0.0,-0.008567964703066725
2013-06-06,0.006881517828671114,0.006881517828671114,0.005753790573678825,0.0011277272549922888,0.0011277272549922888,0.0,0.0,False,0.0,0.0,0.005753790573678825
2013-06-07,0.006380099231638534,0.006380099231638534,0.0026294049352407816,0.0037506942963977524,0.0037506942963977524,0.0,0.0,False,0.0,0.0,0.0026294049352407816
2013-06-10,-0.0008016485096121449,-0.0008016485096121449,-0.002069018109533668,0.001267369599921523,0.001267369599921523,0.0,0.0,False,0.0,0.0,-0.002069018109533668
2013-06-11,-0.008448592830718287,-0.008448592830718287,-0.006574079862328042,-0.0018745129683902448,-0.0018745129683902448,0.0,0.0,False,0.0,0.0,-0.006574079862328042
2013-06-12,-0.002123130030408905,-0.002123130030408905,-0.0059744421644816,0.003851312134072695,0.003851312134072695,0.0,0.0,False,0.0,0.0,-0.0059744421644816
2013-06-13,0.013402281519929785,0.013402281519929785,0.01373414378614917,-0.00033186226621938555,-0.00033186226621938555,0.0,0.0,False,0.0,0.0,0.01373414378614917
2013-06-14,-0.004440691949610835,-0.004440691949610835,-0.005416856443910403,0.0009761644942995673,0.0009761644942995673,0.0,0.0,False,0.0,0.0,-0.005416856443910403
2013-06-17,0.005942255913118695,0.005942255913118695,0.004737186963985081,0.0012050689491336138,0.0012050689491336138,0.0,0.0,False,0.0,0.0,0.004737186963985081
2013-06-18,0.004434677508759057,0.004434677508759057,0.0040916235530151735,0.0003430539557438836,0.0003430539557438836,0.0,0.0,False,0.0,0.0,0.0040916235530151735
2013-06-19,-0.015992045021004396,-0.015992045021004396,-0.01598069370870195,-1.1351312302447514e-05,-1.1351312302447514e-05,0.0,0.0,False,0.0,0.0,-0.01598069370870195
2013-06-20,-0.02224918759233763,-0.02224918759233763,-0.022482155858884863,0.00023296826654723227,0.00023296826654723227,0.0,0.0,False,0.0,0.0,-0.022482155858884863
2013-06-21,-0.0016597179504657762,-0.0016597179504657762,-0.0012816526912225927,-0.00037806525924318347,-0.00037806525924318347,0.0,0.0,False,0.0,0.0,-0.0012816526912225927
2013-06-24,-0.012698242763295661,-0.012698242763295661,-0.010054275905192754,-0.0026439668581029075,-0.0026439668581029075,0.0,0.0,False,0.0,0.0,-0.010054275905192754
2013-06-25,0.011523538210402811,0.011523538210402811,0.0071205563165120545,0.004402981893890757,0.004402981893890757,0.0,0.0,False,0.0,0.0,0.0071205563165120545
2013-06-26,0.00704802838791057,0.00704802838791057,0.007609893995527398,-0.0005618656076168283,-0.0005618656076168283,0.0,0.0,False,0.0,0.0,0.007609893995527398
2013-06-27,0.0074747786434948595,0.0074747786434948595,0.008932280917055193,-0.0014575022735603335,-0.0014575022735603335,0.0,0.0,False,0.0,0.0,0.008932280917055193
2013-06-28,-0.003878357662996367,-0.003878357662996367,-0.0012633714162829223,-0.0026149862467134445,-0.0026149862467134445,0.0,0.0,False,0.0,0.0,-0.0012633714162829223
2013-07-01,0.006539268796005388,0.006083233507816667,0.0048626345821756066,0.0012205989256410602,0.0016766342138297818,0.1824141152754888,0.00045603528818872194,True,0.0045886460259711714,1.1471615064927928e-05,0.004851162967110679
2013-07-02,-0.002154866345119095,-0.002154866345119095,-0.002333584071374296,0.00017871772625520106,0.00017871772625520106,0.0,0.0,False,0.0,0.0,-0.002333584071374296
2013-07-03,0.00031021257571091604,0.00031021257571091604,-0.0015956825331905533,0.0019058951089014693,0.0019058951089014693,0.0,0.0,False,0.0,0.0,-0.0015956825331905533
2013-07-05,0.0017164229454137026,0.0017164229454137026,-0.002909199518981882,0.004625622464395585,0.004625622464395585,0.0,0.0,False,0.0,0.0,-0.002909199518981882
2013-07-08,0.007671106771838125,0.007671106771838125,0.005868448233112698,0.0018026585387254275,0.0018026585387254275,0.0,0.0,False,0.0,0.0,0.005868448233112698
2013-07-09,0.004595294723860953,0.004595294723860953,0.005292709929109749,-0.0006974152052487961,-0.0006974152052487961,0.0,0.0,False,0.0,0.0,0.005292709929109749
2013-07-10,0.0014429348435830462,0.0014429348435830462,-0.0017382786282403098,0.003181213471823356,0.003181213471823356,0.0,0.0,False,0.0,0.0,-0.0017382786282403098
2013-07-11,0.017314308360903037,0.017314308360903037,0.017751894997707927,-0.0004375866368048903,-0.0004375866368048903,0.0,0.0,False,0.0,0.0,0.017751894997707927
2013-07-12,-0.0026374485279871745,-0.0026374485279871745,-0.00245717378997224,-0.00018027473801493455,-0.00018027473801493455,0.0,0.0,False,0.0,0.0,-0.00245717378997224
2013-07-15,0.005021877524557715,0.005021877524557715,0.005397847298741364,-0.0003759697741836489,-0.0003759697741836489,0.0,0.0,False,0.0,0.0,0.005397847298741364
2013-07-16,-0.00218504397651235,-0.00218504397651235,-0.0010657076286542133,-0.0011193363478581367,-0.0011193363478581367,0.0,0.0,False,0.0,0.0,-0.0010657076286542133
2013-07-17,0.003728526552827439,0.003728526552827439,0.003851804494333106,-0.00012327794150566703,-0.00012327794150566703,0.0,0.0,False,0.0,0.0,0.003851804494333106
2013-07-18,0.0049231122945661236,0.0049231122945661236,-4.644564526396313e-05,0.0049695579398300865,0.0049695579398300865,0.0,0.0,False,0.0,0.0,-4.644564526396313e-05
2013-07-19,0.0009307629182684035,0.0009307629182684035,0.002838457782958787,-0.0019076948646903837,-0.0019076948646903837,0.0,0.0,False,0.0,0.0,0.002838457782958787
2013-07-22,0.003005012885086213,0.003005012885086213,0.002931782401276145,7.323048381006805e-05,7.323048381006805e-05,0.0,0.0,False,0.0,0.0,0.002931782401276145
2013-07-23,-0.000669240214731664,-0.000669240214731664,6.37413599174567e-05,-0.0007329815746491207,-0.0007329815746491207,0.0,0.0,False,0.0,0.0,6.37413599174567e-05
2013-07-24,-0.0038803196436884755,-0.0038803196436884755,-0.00539960459709796,0.0015192849534094847,0.0015192849534094847,0.0,0.0,False,0.0,0.0,-0.00539960459709796
2013-07-25,0.000960591611690668,0.000960591611690668,0.002190630085213874,-0.001230038473523206,-0.001230038473523206,0.0,0.0,False,0.0,0.0,0.002190630085213874
2013-07-26,-0.001531368610069477,-0.001531368610069477,-0.000459535664611348,-0.001071832945458129,-0.001071832945458129,0.0,0.0,False,0.0,0.0,-0.000459535664611348
2013-07-29,-0.004921449186983092,-0.004921449186983092,-0.005020403297786568,9.895411080347583e-05,9.895411080347583e-05,0.0,0.0,False,0.0,0.0,-0.005020403297786568
2013-07-30,0.0002310779820402869,0.0002310779820402869,-0.0002436328543020961,0.000474710836342383,0.000474710836342383,0.0,0.0,False,0.0,0.0,-0.0002436328543020961
2013-07-31,0.0015744140320946582,0.0015744140320946582,0.00040226620661022044,0.0011721478254844379,0.0011721478254844379,0.0,0.0,False,0.0,0.0,0.00040226620661022044
2013-08-01,0.0018865935361470475,0.0014337747707227075,0.004081913077348426,-0.0026481383066257183,-0.0021953195412013782,0.18112750616973602,0.0004528187654243401,True,0.012644633087101901,3.161158271775475e-05,0.004050301494630671
2013-08-02,0.00516853593695007,0.00516853593695007,0.0047209371239122205,0.0004475988130378493,0.0004475988130378493,0.0,0.0,False,0.0,0.0,0.0047209371239122205
2013-08-05,-0.002813602248675396,-0.002813602248675396,-0.0027853113935660573,-2.8290855109338632e-05,-2.8290855109338632e-05,0.0,0.0,False,0.0,0.0,-0.0027853113935660573
2013-08-06,-0.0022851361700569443,-0.0022851361700569443,-0.0034255732005996015,0.0011404370305426572,0.0011404370305426572,0.0,0.0,False,0.0,0.0,-0.0034255732005996015
2013-08-07,-0.0014828992547409679,-0.0014828992547409679,-0.0016556234836143495,0.00017272422887338159,0.00017272422887338159,0.0,0.0,False,0.0,0.0,-0.0016556234836143495
2013-08-08,0.0036693667887148576,0.0036693667887148576,0.005313574698589101,-0.0016442079098742436,-0.0016442079098742436,0.0,0.0,False,0.0,0.0,0.005313574698589101
2013-08-09,-0.0005783458458587087,-0.0005783458458587087,-0.000227635681099782,-0.00035071016475892667,-0.00035071016475892667,0.0,0.0,False,0.0,0.0,-0.000227635681099782
2013-08-12,-0.0014395180301098073,-0.0014395180301098073,-0.0003735436736063448,-0.0010659743565034625,-0.0010659743565034625,0.0,0.0,False,0.0,0.0,-0.0003735436736063448
2013-08-13,-0.0004449343360520164,-0.0004449343360520164,-0.0011499215468454606,0.0007049872107934441,0.0007049872107934441,0.0,0.0,False,0.0,0.0,-0.0011499215468454606
2013-08-14,-0.002127046494443805,-0.002127046494443805,-0.001329248553815664,-0.000797797940628141,-0.000797797940628141,0.0,0.0,False,0.0,0.0,-0.001329248553815664
2013-08-15,-0.009090585802716685,-0.009090585802716685,-0.010378067687799473,0.0012874818850827884,0.0012874818850827884,0.0,0.0,False,0.0,0.0,-0.010378067687799473
2013-08-16,-0.0028036551994550453,-0.0028036551994550453,-0.003477834861975888,0.0006741796625208429,0.0006741796625208429,0.0,0.0,False,0.0,0.0,-0.003477834861975888
2013-08-19,-0.00606197915205087,-0.00606197915205087,-0.007517578772181293,0.0014555996201304237,0.0014555996201304237,0.0,0.0,False,0.0,0.0,-0.007517578772181293
2013-08-20,0.004903496401079001,0.004903496401079001,0.004158410698189773,0.0007450857028892281,0.0007450857028892281,0.0,0.0,False,0.0,0.0,0.004158410698189773
2013-08-21,-0.006630944804679408,-0.006630944804679408,-0.008979076767694973,0.0023481319630155647,0.0023481319630155647,0.0,0.0,False,0.0,0.0,-0.008979076767694973
2013-08-22,0.006261064832615305,0.006261064832615305,0.007637840720158032,-0.001376775887542727,-0.001376775887542727,0.0,0.0,False,0.0,0.0,0.007637840720158032
2013-08-23,0.0052189534684385745,0.0052189534684385745,0.006295473224346727,-0.0010765197559081527,-0.0010765197559081527,0.0,0.0,False,0.0,0.0,0.006295473224346727
2013-08-26,-0.0018625825165171455,-0.0018625825165171455,-0.0023778938284727455,0.0005153113119556001,0.0005153113119556001,0.0,0.0,False,0.0,0.0,-0.0023778938284727455
2013-08-27,-0.007983364027214071,-0.007983364027214071,-0.008490650442410926,0.0005072864151968552,0.0005072864151968552,0.0,0.0,False,0.0,0.0,-0.008490650442410926
2013-08-28,0.0009950295065515235,0.0009950295065515235,-2.042726433721699e-05,0.0010154567708887405,0.0010154567708887405,0.0,0.0,False,0.0,0.0,-2.042726433721699e-05
2013-08-29,0.0013217996762771743,0.0013217996762771743,0.002246646509841518,-0.0009248468335643439,-0.0009248468335643439,0.0,0.0,False,0.0,0.0,0.002246646509841518
2013-08-30,-0.003592988530969263,-0.003592988530969263,-0.0032748340099267243,-0.0003181545210425387,-0.0003181545210425387,0.0,0.0,False,0.0,0.0,-0.0032748340099267243
2013-09-03,0.0032176574264485905,0.0025180271643638983,0.0027851374048703803,-0.000267110240506482,0.0004325200215782102,0.27985210483387696,0.0006996302620846924,True,0.0037174041981988017,9.293510495497004e-06,0.0027758438943748832
2013-09-04,0.0061332607209487675,0.0061332607209487675,0.0047680884268427775,0.00136517229410599,0.00136517229410599,0.0,0.0,False,0.0,0.0,0.0047680884268427775
2013-09-05,-0.0011215097510658117,-0.0011215097510658117,-0.0018647539733988383,0.0007432442223330267,0.0007432442223330267,0.0,0.0,False,0.0,0.0,-0.0018647539733988383
2013-09-06,0.002062436938905341,0.002062436938905341,0.004275088941096435,-0.002212652002191094,-0.002212652002191094,0.0,0.0,False,0.0,0.0,0.004275088941096435
2013-09-09,0.009265587609729236,0.009265587609729236,0.009293581966560304,-2.79943568310681e-05,-2.79943568310681e-05,0.0,0.0,False,0.0,0.0,0.009293581966560304
2013-09-10,0.0061738195938226105,0.0061738195938226105,0.0033950377075990233,0.0027787818862235873,0.0027787818862235873,0.0,0.0,False,0.0,0.0,0.0033950377075990233
2013-09-11,0.002280998154052126,0.002280998154052126,0.003669213402173513,-0.001388215248121387,-0.001388215248121387,0.0,0.0,False,0.0,0.0,0.003669213402173513
2013-09-12,-0.003676382463337062,-0.003676382463337062,-0.0034448747963392663,-0.0002315076669977957,-0.0002315076669977957,0.0,0.0,False,0.0,0.0,-0.0034448747963392663
2013-09-13,0.0025811148017855674,0.0025811148017855674,0.002925580791137879,-0.0003444659893523114,-0.0003444659893523114,0.0,0.0,False,0.0,0.0,0.002925580791137879
2013-09-16,0.004288421297032658,0.004288421297032658,0.004530780769528657,-0.00024235947249599907,-0.00024235947249599907,0.0,0.0,False,0.0,0.0,0.004530780769528657
2013-09-17,0.005304219237773477,0.005304219237773477,0.0028876090078681672,0.0024166102299053097,0.0024166102299053097,0.0,0.0,False,0.0,0.0,0.0028876090078681672
2013-09-18,0.012017270710360788,0.012017270710360788,0.01766113599901998,-0.005643865288659192,-0.005643865288659192,0.0,0.0,False,0.0,0.0,0.01766113599901998
2013-09-19,-0.002493320812301314,-0.002493320812301314,-0.0037332281165986516,0.0012399073042973375,0.0012399073042973375,0.0,0.0,False,0.0,0.0,-0.0037332281165986516
2013-09-20,-0.004077911086994587,-0.004077911086994587,-0.005278919055922267,0.0012010079689276799,0.0012010079689276799,0.0,0.0,False,0.0,0.0,-0.005278919055922267
2013-09-23,-0.0009103410947692465,-0.0009103410947692465,0.0008707462939125873,-0.0017810873886818339,-0.0017810873886818339,0.0,0.0,False,0.0,0.0,0.0008707462939125873
2013-09-24,-6.0499936306132986e-05,-6.0499936306132986e-05,-9.356348292800202e-05,3.306354662186903e-05,3.306354662186903e-05,0.0,0.0,False,0.0,0.0,-9.356348292800202e-05
2013-09-25,-0.0013929354819909555,-0.0013929354819909555,-0.0005158241181904943,-0.0008771113638004612,-0.0008771113638004612,0.0,0.0,False,0.0,0.0,-0.0005158241181904943
2013-09-26,0.0027850732448795306,0.0027850732448795306,0.0013975003171234474,0.0013875729277560832,0.0013875729277560832,0.0,0.0,False,0.0,0.0,0.0013975003171234474
2013-09-27,-0.0034042356685905443,-0.0034042356685905443,-0.003127654830866325,-0.0002765808377242192,-0.0002765808377242192,0.0,0.0,False,0.0,0.0,-0.003127654830866325
2013-09-30,-0.0030320553049297113,-0.0030320553049297113,-0.00395280876704855,0.0009207534621188387,0.0009207534621188387,0.0,0.0,False,0.0,0.0,-0.00395280876704855
2013-10-01,0.0075602064282722535,0.007122951358842315,0.0049947329156374235,0.0021282184432048915,0.00256547351263483,0.17490202777197547,0.00043725506942993863,True,0.010748769317719762,2.6871923294299404e-05,0.0049678609923431245
2013-10-02,-0.0012855356818292957,-0.0012855356818292957,0.0007098183436907337,-0.001995354025520029,-0.001995354025520029,0.0,0.0,False,0.0,0.0,0.0007098183436907337
2013-10-03,-0.00589228901205263,-0.00589228901205263,-0.0043826551195540586,-0.0015096338924985714,-0.0015096338924985714,0.0,0.0,False,0.0,0.0,-0.0043826551195540586
2013-10-04,0.005125539587684925,0.005125539587684925,0.003540906675330624,0.0015846329123543014,0.0015846329123543014,0.0,0.0,False,0.0,0.0,0.003540906675330624
2013-10-07,-0.007210306173359342,-0.007210306173359342,-0.004959866448402312,-0.00225043972495703,-0.00225043972495703,0.0,0.0,False,0.0,0.0,-0.004959866448402312
2013-10-08,-0.008771580211853414,-0.008771580211853414,-0.006528572635527718,-0.0022430075763256964,-0.0022430075763256964,0.0,0.0,False,0.0,0.0,-0.006528572635527718
2013-10-09,-0.0005994870671208404,-0.0005994870671208404,0.0003431755693057425,-0.0009426626364265828,-0.0009426626364265828,0.0,0.0,False,0.0,0.0,0.0003431755693057425
2013-10-10,0.015884107983005068,0.015884107983005068,0.012547960209461901,0.0033361477735431664,0.0033361477735431664,0.0,0.0,False,0.0,0.0,0.012547960209461901
2013-10-11,0.0070003672156501665,0.0070003672156501665,0.004386260676141053,0.0026141065395091133,0.0026141065395091133,0.0,0.0,False,0.0,0.0,0.004386260676141053
2013-10-14,0.0032958022151349984,0.0032958022151349984,0.0010555602757632242,0.0022402419393717744,0.0022402419393717744,0.0,0.0,False,0.0,0.0,0.0010555602757632242
2013-10-15,-0.005426858281623379,-0.005426858281623379,-0.004387008524135921,-0.001039849757487458,-0.001039849757487458,0.0,0.0,False,0.0,0.0,-0.004387008524135921
2013-10-16,0.010377259127599335,0.010377259127599335,0.009442620580686066,0.0009346385469132697,0.0009346385469132697,0.0,0.0,False,0.0,0.0,0.009442620580686066
2013-10-17,0.006639484376746132,0.006639484376746132,0.007757331889550985,-0.0011178475128048532,-0.0011178475128048532,0.0,0.0,False,0.0,0.0,0.007757331889550985
2013-10-18,0.0063376111476132905,0.0063376111476132905,0.003920952982753287,0.0024166581648600036,0.0024166581648600036,0.0,0.0,False,0.0,0.0,0.003920952982753287
2013-10-21,-0.0013695922872057273,-0.0013695922872057273,-0.0006973031758882196,-0.0006722891113175077,-0.0006722891113175077,0.0,0.0,False,0.0,0.0,-0.0006973031758882196
2013-10-22,0.003929886523450285,0.003929886523450285,0.00720234358352664,-0.003272457060076355,-0.003272457060076355,0.0,0.0,False,0.0,0.0,0.00720234358352664
2013-10-23,-0.0023445583640945827,-0.0023445583640945827,-0.005016009154189926,0.002671450790095343,0.002671450790095343,0.0,0.0,False,0.0,0.0,-0.005016009154189926
2013-10-24,0.002777711300644494,0.002777711300644494,0.0013630282723228904,0.0014146830283216037,0.0014146830283216037,0.0,0.0,False,0.0,0.0,0.0013630282723228904
2013-10-25,0.001974361619516595,0.001974361619516595,0.0019854053091833907,-1.1043689666795538e-05,-1.1043689666795538e-05,0.0,0.0,False,0.0,0.0,0.0019854053091833907
2013-10-28,0.0003758825070910275,0.0003758825070910275,0.0005866847462903925,-0.00021080223919936502,-0.00021080223919936502,0.0,0.0,False,0.0,0.0,0.0005866847462903925
2013-10-29,0.003280267625849701,0.003280267625849701,0.0029530710647096966,0.00032719656114000434,0.00032719656114000434,0.0,0.0,False,0.0,0.0,0.0029530710647096966
2013-10-30,-0.007063104010348052,-0.007063104010348052,-0.004413985119752701,-0.0026491188905953507,-0.0026491188905953507,0.0,0.0,False,0.0,0.0,-0.004413985119752701
2013-10-31,-0.0024852138022545033,-0.0024852138022545033,-0.0033714985043001044,0.0008862847020456011,0.0008862847020456011,0.0,0.0,False,0.0,0.0,-0.0033714985043001044
2013-11-01,-0.0025029879526820495,-0.0030322093593426287,-0.002235275214817733,-0.0007969341445248955,-0.00026771273786431633,0.21168856266423158,0.000529221406660579,True,0.00672665361435567,1.6816634035889176e-05,-0.0022520918488536223
2013-11-04,0.0054599353905463366,0.0054599353905463366,0.003454762030709964,0.0020051733598363724,0.0020051733598363724,0.0,0.0,False,0.0,0.0,0.003454762030709964
2013-11-05,-0.003286986222054738,-0.003286986222054738,-0.006573332799536447,0.003286346577481709,0.003286346577481709,0.0,0.0,False,0.0,0.0,-0.006573332799536447
2013-11-06,0.000752241284224506,0.000752241284224506,0.003742085598273171,-0.002989844314048665,-0.002989844314048665,0.0,0.0,False,0.0,0.0,0.003742085598273171
2013-11-07,-0.007339313124253252,-0.007339313124253252,-0.007594114960105489,0.00025480183585223706,0.00025480183585223706,0.0,0.0,False,0.0,0.0,-0.007594114960105489
2013-11-08,0.006270356024480127,0.006270356024480127,0.0006871421539581201,0.005583213870522007,0.005583213870522007,0.0,0.0,False,0.0,0.0,0.0006871421539581201
2013-11-11,-0.0008782395077033164,-0.0008782395077033164,-0.000588317159334305,-0.00028992234836901145,-0.00028992234836901145,0.0,0.0,False,0.0,0.0,-0.000588317159334305
2013-11-12,-0.0006524270162290766,-0.0006524270162290766,-0.0014528030806378845,0.0008003760644088079,0.0008003760644088079,0.0,0.0,False,0.0,0.0,-0.0014528030806378845
2013-11-13,0.0065636231538850195,0.0065636231538850195,0.0049349102414690095,0.00162871291241601,0.00162871291241601,0.0,0.0,False,0.0,0.0,0.0049349102414690095
2013-11-14,0.0021331338178660346,0.0021331338178660346,0.0058021505525059774,-0.003669016734639943,-0.003669016734639943,0.0,0.0,False,0.0,0.0,0.0058021505525059774
2013-11-15,0.0024580745418381483,0.0024580745418381483,0.00453197187341289,-0.0020738973315747415,-0.0020738973315747415,0.0,0.0,False,0.0,0.0,0.00453197187341289
2013-11-18,-0.0035666662018256543,-0.0035666662018256543,0.001119111261501683,-0.004685777463327337,-0.004685777463327337,0.0,0.0,False,0.0,0.0,0.001119111261501683
2013-11-19,-0.003187087831491251,-0.003187087831491251,-0.0035916111588971938,0.0004045233274059426,0.0004045233274059426,0.0,0.0,False,0.0,0.0,-0.0035916111588971938
2013-11-20,-0.0017368041810263061,-0.0017368041810263061,-0.005935631964724806,0.004198827783698501,0.004198827783698501,0.0,0.0,False,0.0,0.0,-0.005935631964724806
2013-11-21,0.008949211327384875,0.008949211327384875,0.004759241061024228,0.0041899702663606465,0.0041899702663606465,0.0,0.0,False,0.0,0.0,0.004759241061024228
2013-11-22,0.003211130035015534,0.003211130035015534,0.0044577718180031835,-0.0012466417829876497,-0.0012466417829876497,0.0,0.0,False,0.0,0.0,0.0044577718180031835
2013-11-25,0.0009097539075996714,0.0009097539075996714,-0.0014058239331065734,0.0023155778407062447,0.0023155778407062447,0.0,0.0,False,0.0,0.0,-0.0014058239331065734
2013-11-26,0.003226057034768945,0.003226057034768945,0.0016995625022858387,0.0015264945324831064,0.0015264945324831064,0.0,0.0,False,0.0,0.0,0.0016995625022858387
2013-11-27,0.0018496203127556163,0.0018496203127556163,0.0015248896330986466,0.00032473067965696966,0.00032473067965696966,0.0,0.0,False,0.0,0.0,0.0015248896330986466
2013-11-29,0.00037074744005842415,0.00037074744005842415,0.0009042812806465412,-0.000533533840588117,-0.000533533840588117,0.0,0.0,False,0.0,0.0,0.0009042812806465412
2013-12-02,-0.0035795834868430736,-0.00427939744310703,-0.006451641884192133,0.0021722444410851027,0.0028720583973490593,0.2799255825055827,0.0006998139562639567,True,0.007963890474373611,1.990972618593403e-05,-0.0064715516103780665
2013-12-03,-0.0034762632552403144,-0.0034762632552403144,-0.001998258298486508,-0.0014780049567538066,-0.0014780049567538066,0.0,0.0,False,0.0,0.0,-0.001998258298486508
2013-12-04,-0.001977976224185979,-0.001977976224185979,-0.0029679008042968018,0.0009899245801108228,0.0009899245801108228,0.0,0.0,False,0.0,0.0,-0.0029679008042968018
2013-12-05,-0.0021442855657028753,-0.0021442855657028753,-0.0036804095777321476,0.0015361240120292724,0.0015361240120292724,0.0,0.0,False,0.0,0.0,-0.0036804095777321476
2013-12-06,0.007612886567151249,0.007612886567151249,0.008513933078978679,-0.0009010465118274302,-0.0009010465118274302,0.0,0.0,False,0.0,0.0,0.008513933078978679
2013-12-09,0.0020287042697007592,0.0020287042697007592,0.0013157273224964773,0.000712976947204282,0.000712976947204282,0.0,0.0,False,0.0,0.0,0.0013157273224964773
2013-12-10,-0.0033227838797108725,-0.0033227838797108725,5.8146126111841316e-05,-0.0033809300058227137,-0.0033809300058227137,0.0,0.0,False,0.0,0.0,5.8146126111841316e-05
2013-12-11,-0.009262544374318803,-0.009262544374318803,-0.009369684967724331,0.0001071405934055282,0.0001071405934055282,0.0,0.0,False,0.0,0.0,-0.009369684967724331
2013-12-12,-0.0019727122735435504,-0.0019727122735435504,-0.0035630188231699986,0.0015903065496264482,0.0015903065496264482,0.0,0.0,False,0.0,0.0,-0.0035630188231699986
2013-12-13,0.0011690685977534167,0.0011690685977534167,0.0012357029719745822,-6.663437422116543e-05,-6.663437422116543e-05,0.0,0.0,False,0.0,0.0,0.0012357029719745822
2013-12-16,0.005594695469948821,0.005594695469948821,0.004000880885355234,0.0015938145845935878,0.0015938145845935878,0.0,0.0,False,0.0,0.0,0.004000880885355234
2013-12-17,-0.0017480158848942298,-0.0017480158848942298,-0.0012177511172426219,-0.000530264767651608,-0.000530264767651608,0.0,0.0,False,0.0,0.0,-0.0012177511172426219
2013-12-18,0.010818554616680577,0.010818554616680577,0.00906855616627494,0.0017499984504056373,0.0017499984504056373,0.0,0.0,False,0.0,0.0,0.00906855616627494
2013-12-19,-0.002362106513172175,-0.002362106513172175,-0.0036465972613555445,0.0012844907481833695,0.0012844907481833695,0.0,0.0,False,0.0,0.0,-0.0036465972613555445
2013-12-20,0.006325100014087528,0.006325100014087528,0.005397074912388629,0.0009280251016988992,0.0009280251016988992,0.0,0.0,False,0.0,0.0,0.005397074912388629
2013-12-23,0.005442647535244451,0.005442647535244451,0.003292529819913578,0.002150117715330873,0.002150117715330873,0.0,0.0,False,0.0,0.0,0.003292529819913578
2013-12-24,0.0015767198241973357,0.0015767198241973357,0.0005236691834759448,0.001053050640721391,0.001053050640721391,0.0,0.0,False,0.0,0.0,0.0005236691834759448
2013-12-26,0.002603800342992676,0.002603800342992676,0.0010743561959033743,0.0015294441470893015,0.0015294441470893015,0.0,0.0,False,0.0,0.0,0.0010743561959033743
2013-12-27,0.000256308685395837,0.000256308685395837,0.0018380262884528128,-0.0015817176030569757,-0.0015817176030569757,0.0,0.0,False,0.0,0.0,0.0018380262884528128
2013-12-30,0.00047537260877600937,0.00047537260877600937,0.002297360463159863,-0.0018219878543838536,-0.0018219878543838536,0.0,0.0,False,0.0,0.0,0.002297360463159863
2013-12-31,0.0027200380898995988,0.0027200380898995988,0.0013124599213670857,0.001407578168532513,0.001407578168532513,0.0,0.0,False,0.0,0.0,0.0013124599213670857
2014-01-02,-0.0039349936342708116,-0.004295862211914401,-0.008701508622183707,0.004405646410269306,0.004766514987912896,0.14434743105743586,0.0003608685776435896,True,0.008567939290206956,2.141984822551739e-05,-0.008722928470409225
2014-01-03,0.0005522280815055301,0.0005522280815055301,0.00029660139981752833,0.00025562668168800174,0.00025562668168800174,0.0,0.0,False,0.0,0.0,0.00029660139981752833
2014-01-06,-0.001149606108864441,-0.001149606108864441,-0.001258818191481647,0.00010921208261720607,0.00010921208261720607,0.0,0.0,False,0.0,0.0,-0.001258818191481647
2014-01-07,0.0036825925318478923,0.0036825925318478923,0.003833908187884754,-0.00015131565603686194,-0.00015131565603686194,0.0,0.0,False,0.0,0.0,0.003833908187884754
2014-01-08,-0.0006339702812530961,-0.0006339702812530961,-0.0020060980740913086,0.0013721277928382125,0.0013721277928382125,0.0,0.0,False,0.0,0.0,-0.0020060980740913086
2014-01-09,0.001165069326333713,0.001165069326333713,0.0007598874330041422,0.0004051818933295708,0.0004051818933295708,0.0,0.0,False,0.0,0.0,0.0007598874330041422
2014-01-10,0.00406306749772234,0.00406306749772234,0.007286228841929239,-0.0032231613442068987,-0.0032231613442068987,0.0,0.0,False,0.0,0.0,0.007286228841929239
2014-01-13,-0.006777078791034204,-0.006777078791034204,-0.005980012178156404,-0.0007970666128777996,-0.0007970666128777996,0.0,0.0,False,0.0,0.0,-0.005980012178156404
2014-01-14,0.005702757645589869,0.005702757645589869,0.004615481365418076,0.0010872762801717928,0.0010872762801717928,0.0,0.0,False,0.0,0.0,0.004615481365418076
2014-01-15,0.0036488267088906155,0.0036488267088906155,0.0023900180523087743,0.0012588086565818411,0.0012588086565818411,0.0,0.0,False,0.0,0.0,0.0023900180523087743
2014-01-16,-1.626988890456309e-05,-1.626988890456309e-05,0.0003395689391400203,-0.0003558388280445834,-0.0003558388280445834,0.0,0.0,False,0.0,0.0,0.0003395689391400203
2014-01-17,-0.0016227750156109226,-0.0016227750156109226,-0.0014976370630816367,-0.0001251379525292859,-0.0001251379525292859,0.0,0.0,False,0.0,0.0,-0.0014976370630816367
2014-01-21,0.0022668767432067532,0.0022668767432067532,0.0013554589181356339,0.0009114178250711194,0.0009114178250711194,0.0,0.0,False,0.0,0.0,0.0013554589181356339
2014-01-22,0.00012232826090293302,0.00012232826090293302,0.0006581072140742913,-0.0005357789531713582,-0.0005357789531713582,0.0,0.0,False,0.0,0.0,0.0006581072140742913
2014-01-23,-0.0034262192471679843,-0.0034262192471679843,-0.00348299210078614,5.6772853618155834e-05,5.6772853618155834e-05,0.0,0.0,False,0.0,0.0,-0.00348299210078614
2014-01-24,-0.013220730075837673,-0.013220730075837673,-0.013137066739480393,-8.366333635728002e-05,-8.366333635728002e-05,0.0,0.0,False,0.0,0.0,-0.013137066739480393
2014-01-27,-0.0045648224633730375,-0.0045648224633730375,-0.004526684189693353,-3.813827367968488e-05,-3.813827367968488e-05,0.0,0.0,False,0.0,0.0,-0.004526684189693353
2014-01-28,0.005480066469233271,0.005480066469233271,0.005326576658105667,0.00015348981112760403,0.00015348981112760403,0.0,0.0,False,0.0,0.0,0.005326576658105667
2014-01-29,-0.005951018865648933,-0.005951018865648933,-0.004813304397063223,-0.0011377144685857108,-0.0011377144685857108,0.0,0.0,False,0.0,0.0,-0.004813304397063223
2014-01-30,0.006421720686116824,0.006421720686116824,0.005169672620249712,0.0012520480658671116,0.0012520480658671116,0.0,0.0,False,0.0,0.0,0.005169672620249712
2014-01-31,-0.0027266797607065664,-0.0027266797607065664,-0.002803795360950448,7.71156002438815e-05,7.71156002438815e-05,0.0,0.0,False,0.0,0.0,-0.002803795360950448
2014-02-03,-0.017090990292639927,-0.01746909699957915,-0.011546267778214497,-0.0059228292213646516,-0.0055447225144254295,0.15124268277568934,0.0003781067069392233,True,0.01892966835032686,4.7324170875817154e-05,-0.011593591949090314
2014-02-04,0.005551233960961766,0.005551233960961766,0.004262136675609049,0.0012890972853527166,0.0012890972853527166,0.0,0.0,False,0.0,0.0,0.004262136675609049
2014-02-05,-0.0015903942098460285,-0.0015903942098460285,-0.002480177623967984,0.0008897834141219556,0.0008897834141219556,0.0,0.0,False,0.0,0.0,-0.002480177623967984
2014-02-06,0.009325322075594113,0.009325322075594113,0.008336659636011606,0.000988662439582507,0.000988662439582507,0.0,0.0,False,0.0,0.0,0.008336659636011606
2014-02-07,0.009691617008000523,0.009691617008000523,0.007861808645917427,0.0018298083620830966,0.0018298083620830966,0.0,0.0,False,0.0,0.0,0.007861808645917427
2014-02-10,0.00096414411836714,0.00096414411836714,-0.0006540827734359404,0.0016182268918030803,0.0016182268918030803,0.0,0.0,False,0.0,0.0,-0.0006540827734359404
2014-02-11,0.007898369902769384,0.007898369902769384,0.006842822300384817,0.0010555476023845671,0.0010555476023845671,0.0,0.0,False,0.0,0.0,0.006842822300384817
2014-02-12,0.0005329363654530357,0.0005329363654530357,-0.000537403778988263,0.0010703401444412987,0.0010703401444412987,0.0,0.0,False,0.0,0.0,-0.000537403778988263
2014-02-13,0.005524670384546369,0.005524670384546369,0.00458044365114822,0.0009442267333981489,0.0009442267333981489,0.0,0.0,False,0.0,0.0,0.00458044365114822
2014-02-14,0.00319363354658621,0.00319363354658621,0.0037314883166825238,-0.0005378547700963139,-0.0005378547700963139,0.0,0.0,False,0.0,0.0,0.0037314883166825238
2014-02-18,0.0038279511483630796,0.0038279511483630796,0.0021436849115799234,0.0016842662367831563,0.0016842662367831563,0.0,0.0,False,0.0,0.0,0.0021436849115799234
2014-02-19,-0.0059050042736109205,-0.0059050042736109205,-0.0050034846789256075,-0.0009015195946853131,-0.0009015195946853131,0.0,0.0,False,0.0,0.0,-0.0050034846789256075
2014-02-20,0.0055559139423112264,0.0055559139423112264,0.002698653689642631,0.0028572602526685956,0.0028572602526685956,0.0,0.0,False,0.0,0.0,0.002698653689642631
2014-02-21,0.0007017212447012087,0.0007017212447012087,0.001459975076247675,-0.0007582538315464662,-0.0007582538315464662,0.0,0.0,False,0.0,0.0,0.001459975076247675
2014-02-24,0.005098832068157626,0.005098832068157626,0.003152358232118505,0.0019464738360391205,0.0019464738360391205,0.0,0.0,False,0.0,0.0,0.003152358232118505
2014-02-25,0.00018835893101656654,0.00018835893101656654,8.512865336324075e-05,0.00010323027765332579,0.00010323027765332579,0.0,0.0,False,0.0,0.0,8.512865336324075e-05
2014-02-26,0.001372398517690149,0.001372398517690149,0.0011870660085939939,0.00018533250909615506,0.00018533250909615506,0.0,0.0,False,0.0,0.0,0.0011870660085939939
2014-02-27,0.0039229718522442395,0.0039229718522442395,0.005033136054581435,-0.001110164202337196,-0.001110164202337196,0.0,0.0,False,0.0,0.0,0.005033136054581435
2014-02-28,0.0007001806187901759,0.0007001806187901759,-9.769389679830103e-05,0.0007978745155884769,0.0007978745155884769,0.0,0.0,False,0.0,0.0,-9.769389679830103e-05
2014-03-03,-0.003274801053501678,-0.00363892486920704,-0.005612579416215001,0.001973654547007961,0.0023377783627133233,0.14564952628214492,0.0003641238157053623,True,0.009532381287120088,2.383095321780022e-05,-0.005636410369432802
2014-03-04,0.009424319125015816,0.009424319125015816,0.006949938145418101,0.0024743809795977146,0.0024743809795977146,0.0,0.0,False,0.0,0.0,0.006949938145418101
2014-03-05,-0.0004748141702561517,-0.0004748141702561517,0.0004303694729807793,-0.000905183643236931,-0.000905183643236931,0.0,0.0,False,0.0,0.0,0.0004303694729807793
2014-03-06,-0.0001562276364457824,-0.0001562276364457824,0.001855965552231294,-0.0020121931886770764,-0.0020121931886770764,0.0,0.0,False,0.0,0.0,0.001855965552231294
2014-03-07,-0.0017311298381153927,-0.0017311298381153927,-0.0036967470677419885,0.0019656172296265957,0.0019656172296265957,0.0,0.0,False,0.0,0.0,-0.0036967470677419885
2014-03-10,-0.0009076072058848086,-0.0009076072058848086,-0.0018949709120000286,0.00098736370611522,0.00098736370611522,0.0,0.0,False,0.0,0.0,-0.0018949709120000286
2014-03-11,-0.0037472882259910224,-0.0037472882259910224,-0.003860164783300965,0.00011287655730994259,0.00011287655730994259,0.0,0.0,False,0.0,0.0,-0.003860164783300965
2014-03-12,0.001669280859040348,0.001669280859040348,0.0015392267771826595,0.00013005408185768849,0.00013005408185768849,0.0,0.0,False,0.0,0.0,0.0015392267771826595
2014-03-13,-0.006241733970858692,-0.006241733970858692,-0.0061562313248256385,-8.550264603305376e-05,-8.550264603305376e-05,0.0,0.0,False,0.0,0.0,-0.0061562313248256385
2014-03-14,-0.0007287713852874903,-0.0007287713852874903,-0.0005516940537178154,-0.0001770773315696749,-0.0001770773315696749,0.0,0.0,False,0.0,0.0,-0.0005516940537178154
2014-03-17,0.004173974358987675,0.004173974358987675,0.004605959569792694,-0.0004319852108050186,-0.0004319852108050186,0.0,0.0,False,0.0,0.0,0.004605959569792694
2014-03-18,0.006321685681257782,0.006321685681257782,0.006323632497059661,-1.946815801879241e-06,-1.946815801879241e-06,0.0,0.0,False,0.0,0.0,0.006323632497059661
2014-03-19,-0.0057002235484311554,-0.0057002235484311554,-0.009193353282924114,0.003493129734492959,0.003493129734492959,0.0,0.0,False,0.0,0.0,-0.009193353282924114
2014-03-20,0.0036479925363497503,0.0036479925363497503,0.0018723846601156073,0.001775607876234143,0.001775607876234143,0.0,0.0,False,0.0,0.0,0.0018723846601156073
2014-03-21,-0.001856129811521768,-0.001856129811521768,0.0003349855049199177,-0.0021911153164416858,-0.0021911153164416858,0.0,0.0,False,0.0,0.0,0.0003349855049199177
2014-03-24,-0.0029161175281820226,-0.0029161175281820226,0.00023799278466473902,-0.0031541103128467614,-0.0031541103128467614,0.0,0.0,False,0.0,0.0,0.00023799278466473902
2014-03-25,0.0023804650294251065,0.0023804650294251065,0.003900400497693994,-0.0015199354682688877,-0.0015199354682688877,0.0,0.0,False,0.0,0.0,0.003900400497693994
2014-03-26,-0.004974757082599915,-0.004974757082599915,-0.0011103930836266877,-0.003864363998973228,-0.003864363998973228,0.0,0.0,False,0.0,0.0,-0.0011103930836266877
2014-03-27,-0.0016232987844522913,-0.0016232987844522913,0.0017911185212313924,-0.0034144173056836835,-0.0034144173056836835,0.0,0.0,False,0.0,0.0,0.0017911185212313924
2014-03-28,0.0020665679758102955,0.0020665679758102955,0.0022464285368212185,-0.00017986056101092305,-0.00017986056101092305,0.0,0.0,False,0.0,0.0,0.0022464285368212185
2014-03-31,0.006203030957169325,0.006203030957169325,0.004655090577371547,0.0015479403797977777,0.0015479403797977777,0.0,0.0,False,0.0,0.0,0.004655090577371547
2014-04-01,0.0072440031476229605,0.006763544770808866,0.003563050905472759,0.003200493865336107,0.0036809522421502013,0.19218335072563758,0.00048045837681409394,True,0.004683445775489823,1.1708614438724557e-05,0.0035513422910340344
2014-04-02,0.0022163161092908987,0.0022163161092908987,0.0003652316709963864,0.0018510844382945122,0.0018510844382945122,0.0,0.0,False,0.0,0.0,0.0003652316709963864
2014-04-03,-0.003825749743063945,-0.003825749743063945,-0.0010900659062561117,-0.002735683836807833,-0.002735683836807833,0.0,0.0,False,0.0,0.0,-0.0010900659062561117
2014-04-04,-0.010849855809806557,-0.010849855809806557,-0.003325701827384373,-0.007524153982422184,-0.007524153982422184,0.0,0.0,False,0.0,0.0,-0.003325701827384373
2014-04-07,-0.009122119608478045,-0.009122119608478045,-0.0031678996513139763,-0.005954219957164069,-0.005954219957164069,0.0,0.0,False,0.0,0.0,-0.0031678996513139763
2014-04-08,0.004480228429341531,0.004480228429341531,0.003446426459630729,0.001033801969710802,0.001033801969710802,0.0,0.0,False,0.0,0.0,0.003446426459630729
2014-04-09,0.008772011544089523,0.008772011544089523,0.00642000151839127,0.0023520100256982533,0.0023520100256982533,0.0,0.0,False,0.0,0.0,0.00642000151839127
2014-04-10,-0.017229888279585107,-0.017229888279585107,-0.009915911864669117,-0.00731397641491599,-0.00731397641491599,0.0,0.0,False,0.0,0.0,-0.009915911864669117
2014-04-11,-0.00896596865366623,-0.00896596865366623,-0.0032931138725910748,-0.005672854781075156,-0.005672854781075156,0.0,0.0,False,0.0,0.0,-0.0032931138725910748
2014-04-14,0.0044661415309981325,0.0044661415309981325,0.0027300585352308497,0.0017360829957672828,0.0017360829957672828,0.0,0.0,False,0.0,0.0,0.0027300585352308497
2014-04-15,0.0037740983135649154,0.0037740983135649154,0.00092394498485353,0.0028501533287113856,0.0028501533287113856,0.0,0.0,False,0.0,0.0,0.00092394498485353
2014-04-16,0.007058448307275321,0.007058448307275321,0.0065505702610035785,0.0005078780462717423,0.0005078780462717423,0.0,0.0,False,0.0,0.0,0.0065505702610035785
2014-04-17,0.0017132312730819767,0.0017132312730819767,-0.00021156331177077988,0.0019247945848527566,0.0019247945848527566,0.0,0.0,False,0.0,0.0,-0.00021156331177077988
2014-04-21,0.002665379586692278,0.002665379586692278,0.0009595554955619162,0.0017058240911303618,0.0017058240911303618,0.0,0.0,False,0.0,0.0,0.0009595554955619162
2014-04-22,0.0052983515923280015,0.0052983515923280015,0.002382508528052138,0.0029158430642758637,0.0029158430642758637,0.0,0.0,False,0.0,0.0,0.002382508528052138
2014-04-23,-0.0027677115009399817,-0.0027677115009399817,-0.0009617716147866626,-0.001805939886153319,-0.001805939886153319,0.0,0.0,False,0.0,0.0,-0.0009617716147866626
2014-04-24,-0.0001893851418464065,-0.0001893851418464065,0.0006198660995108784,-0.0008092512413572849,-0.0008092512413572849,0.0,0.0,False,0.0,0.0,0.0006198660995108784
2014-04-25,-0.008648013670217437,-0.008648013670217437,-0.005078614757352348,-0.0035693989128650887,-0.0035693989128650887,0.0,0.0,False,0.0,0.0,-0.005078614757352348
2014-04-28,-0.0010994005561870556,-0.0010994005561870556,0.0008991885670720389,-0.0019985891232590946,-0.0019985891232590946,0.0,0.0,False,0.0,0.0,0.0008991885670720389
2014-04-29,0.0028025880073718626,0.0028025880073718626,0.0035770830633900896,-0.000774495056018227,-0.000774495056018227,0.0,0.0,False,0.0,0.0,0.0035770830633900896
2014-04-30,0.0030888354385813287,0.0030888354385813287,0.002777162754768362,0.00031167268381296657,0.00031167268381296657,0.0,0.0,False,0.0,0.0,0.002777162754768362
2014-05-01,-0.00045456064874066314,-0.00047922347320359765,0.002293226384160413,-0.0027724498573640107,-0.002747787032901076,0.009865129785173803,2.4662824462934506e-05,True,0.00270233609534851,6.755840238371274e-06,0.0022864705439220416
2014-05-02,0.0006715705936216576,0.0006715705936216576,0.0008466676429838702,-0.0001750970493622126,-0.0001750970493622126,0.0,0.0,False,0.0,0.0,0.0008466676429838702
2014-05-05,-1.3201710115239734e-05,-1.3201710115239734e-05,-0.0009585561704772059,0.0009453544603619661,0.0009453544603619661,0.0,0.0,False,0.0,0.0,-0.0009585561704772059
2014-05-06,-0.008225353547734128,-0.008225353547734128,-0.0025309656488941928,-0.005694387898839935,-0.005694387898839935,0.0,0.0,False,0.0,0.0,-0.0025309656488941928
2014-05-07,0.002513433732279463,0.002513433732279463,0.002494151576546355,1.9282155733108073e-05,1.9282155733108073e-05,0.0,0.0,False,0.0,0.0,0.002494151576546355
2014-05-08,-0.003884019236937155,-0.003884019236937155,-0.0009949421901858865,-0.0028890770467512685,-0.0028890770467512685,0.0,0.0,False,0.0,0.0,-0.0009949421901858865
2014-05-09,0.003943911182045911,0.003943911182045911,1.9158411594695604e-05,0.003924752770451215,0.003924752770451215,0.0,0.0,False,0.0,0.0,1.9158411594695604e-05
2014-05-12,0.011163343544243044,0.011163343544243044,0.005592872933871411,0.005570470610371633,0.005570470610371633,0.0,0.0,False,0.0,0.0,0.005592872933871411
2014-05-13,-0.0025939221590664495,-0.0025939221590664495,0.00214847137680057,-0.004742393535867019,-0.004742393535867019,0.0,0.0,False,0.0,0.0,0.00214847137680057
2014-05-14,-0.006883603643358766,-0.006883603643358766,0.000412772586384104,-0.00729637622974287,-0.00729637622974287,0.0,0.0,False,0.0,0.0,0.000412772586384104
2014-05-15,-0.005314019638974154,-0.005314019638974154,-0.003174063486625329,-0.0021399561523488247,-0.0021399561523488247,0.0,0.0,False,0.0,0.0,-0.003174063486625329
2014-05-16,0.00393663866988132,0.00393663866988132,0.0022607242291554277,0.0016759144407258921,0.0016759144407258921,0.0,0.0,False,0.0,0.0,0.0022607242291554277
2014-05-19,0.0053377600892313345,0.0053377600892313345,0.0005405413024550328,0.004797218786776302,0.004797218786776302,0.0,0.0,False,0.0,0.0,0.0005405413024550328
2014-05-20,-0.007625547373119893,-0.007625547373119893,-0.0037077502592776116,-0.003917797113842282,-0.003917797113842282,0.0,0.0,False,0.0,0.0,-0.0037077502592776116
2014-05-21,0.004262669479964741,0.004262669479964741,0.00380460039801276,0.000458069081951981,0.000458069081951981,0.0,0.0,False,0.0,0.0,0.00380460039801276
2014-05-22,0.004572245143143739,0.004572245143143739,0.001810505717063763,0.002761739426079976,0.002761739426079976,0.0,0.0,False,0.0,0.0,0.001810505717063763
2014-05-23,0.005098668335983665,0.005098668335983665,0.002769947692261294,0.0023287206437223712,0.0023287206437223712,0.0,0.0,False,0.0,0.0,0.002769947692261294
2014-05-27,0.007186275552614016,0.007186275552614016,0.0036055715938550378,0.003580703958758978,0.003580703958758978,0.0,0.0,False,0.0,0.0,0.0036055715938550378
2014-05-28,-0.0019294020698311948,-0.0019294020698311948,0.002051394899779404,-0.003980796969610598,-0.003980796969610598,0.0,0.0,False,0.0,0.0,0.002051394899779404
2014-05-29,0.003064994465841985,0.003064994465841985,0.001946190252475985,0.001118804213366,0.001118804213366,0.0,0.0,False,0.0,0.0,0.001946190252475985
2014-05-30,-0.0007169343091222977,-0.0007169343091222977,-0.0012659215926771284,0.0005489872835548308,0.0005489872835548308,0.0,0.0,False,0.0,0.0,-0.0012659215926771284
2014-06-02,-0.0016822970686649705,-0.0023789932144043847,-0.0014395323318723953,-0.0009394608825319894,-0.00024276473679257522,0.2786784582957657,0.0006966961457394143,True,0.0022986925835692257,5.746731458923064e-06,-0.0014452790633313183
2014-06-03,-0.0011682818723450106,-0.0011682818723450106,-0.0023737990036422473,0.0012055171312972367,0.0012055171312972367,0.0,0.0,False,0.0,0.0,-0.0023737990036422473
2014-06-04,0.0008842598734991622,0.0008842598734991622,-4.791164394943065e-05,0.0009321715174485928,0.0009321715174485928,0.0,0.0,False,0.0,0.0,-4.791164394943065e-05
2014-06-05,0.005519247362710252,0.005519247362710252,0.005749669015127697,-0.00023042165241744447,-0.00023042165241744447,0.0,0.0,False,0.0,0.0,0.005749669015127697
2014-06-06,0.0041384392334945334,0.0041384392334945334,0.0039203514972461564,0.000218087736248377,0.000218087736248377,0.0,0.0,False,0.0,0.0,0.0039203514972461564
2014-06-09,0.001014632844890456,0.001014632844890456,0.00032483866124529207,0.0006897941836451638,0.0006897941836451638,0.0,0.0,False,0.0,0.0,0.00032483866124529207
2014-06-10,-0.0007376719665333567,-0.0007376719665333567,-0.0006540597295786213,-8.36122369547354e-05,-8.36122369547354e-05,0.0,0.0,False,0.0,0.0,-0.0006540597295786213
2014-06-11,-0.0018847771527170341,-0.0018847771527170341,-0.0019387530992267508,5.3975946509716684e-05,5.3975946509716684e-05,0.0,0.0,False,0.0,0.0,-0.0019387530992267508
2014-06-12,-0.0026756695553758537,-0.0026756695553758537,-0.001225478936862904,-0.0014501906185129497,-0.0014501906185129497,0.0,0.0,False,0.0,0.0,-0.001225478936862904
2014-06-13,0.0016377083447025025,0.0016377083447025025,0.0007236956673485323,0.0009140126773539702,0.0009140126773539702,0.0,0.0,False,0.0,0.0,0.0007236956673485323
2014-06-16,0.00046111750921716847,0.00046111750921716847,0.0001801373394898096,0.00028098016972735886,0.00028098016972735886,0.0,0.0,False,0.0,0.0,0.0001801373394898096
2014-06-17,0.0006860190945424381,0.0006860190945424381,-0.0006011132955856492,0.0012871323901280872,0.0012871323901280872,0.0,0.0,False,0.0,0.0,-0.0006011132955856492
2014-06-18,0.006217354336095278,0.006217354336095278,0.00725596589749609,-0.0010386115614008122,-0.0010386115614008122,0.0,0.0,False,0.0,0.0,0.00725596589749609
2014-06-19,0.0003862003653904056,0.0003862003653904056,-0.0010311221643515857,0.0014173225297419913,0.0014173225297419913,0.0,0.0,False,0.0,0.0,-0.0010311221643515857
2014-06-20,0.001392005688300623,0.001392005688300623,0.0012019914168484515,0.00019001427145217157,0.00019001427145217157,0.0,0.0,False,0.0,0.0,0.0012019914168484515
2014-06-23,-0.0005402300655949317,-0.0005402300655949317,-0.0011079171825522803,0.0005676871169573486,0.0005676871169573486,0.0,0.0,False,0.0,0.0,-0.0011079171825522803
2014-06-24,-0.003167519437591318,-0.003167519437591318,-0.0014546761399093402,-0.0017128432976819777,-0.0017128432976819777,0.0,0.0,False,0.0,0.0,-0.0014546761399093402
2014-06-25,0.00281044756558498,0.00281044756558498,0.0024308092171423695,0.00037963834844261055,0.00037963834844261055,0.0,0.0,False,0.0,0.0,0.0024308092171423695
2014-06-26,-0.00041732353071578386,-0.00041732353071578386,0.0009461754285541508,-0.0013634989592699346,-0.0013634989592699346,0.0,0.0,False,0.0,0.0,0.0009461754285541508
2014-06-27,0.0011927934230179101,0.0011927934230179101,0.0011574514315021208,3.5341991515789326e-05,3.5341991515789326e-05,0.0,0.0,False,0.0,0.0,0.0011574514315021208
2014-06-30,-0.00023531156839997526,-0.00023531156839997526,3.897427777922477e-05,-0.00027428584617920004,-0.00027428584617920004,0.0,0.0,False,0.0,0.0,3.897427777922477e-05
2014-07-01,0.003712273530679572,0.003056251804301605,0.0031292761828426107,-7.302437854100549e-05,0.0005829973478369615,0.2624086905511868,0.0006560217263779671,True,0.0057336348080480465,1.4334087020120117e-05,0.0031149420958224905
2014-07-02,0.0004604128555402852,0.0004604128555402852,-0.0009149404378739389,0.001375353293414224,0.001375353293414224,0.0,0.0,False,0.0,0.0,-0.0009149404378739389
2014-07-03,0.0008587229823165079,0.0008587229823165079,0.0019610720689060487,-0.001102349086589541,-0.001102349086589541,0.0,0.0,False,0.0,0.0,0.0019610720689060487
2014-07-07,-0.003332656308952347,-0.003332656308952347,-0.0020630220885153416,-0.0012696342204370054,-0.0012696342204370054,0.0,0.0,False,0.0,0.0,-0.0020630220885153416
2014-07-08,-0.004143597510485727,-0.004143597510485727,-0.002571445719558102,-0.0015721517909276254,-0.0015721517909276254,0.0,0.0,False,0.0,0.0,-0.002571445719558102
2014-07-09,0.0018203234458390623,0.0018203234458390623,0.0027924467836701063,-0.000972123337831044,-0.000972123337831044,0.0,0.0,False,0.0,0.0,0.0027924467836701063
2014-07-10,-0.005663355849797406,-0.005663355849797406,-0.0035864753748136935,-0.0020768804749837127,-0.0020768804749837127,0.0,0.0,False,0.0,0.0,-0.0035864753748136935
2014-07-11,0.0014581020053123094,0.0014581020053123094,0.0014381247754247759,1.9977229887533504e-05,1.9977229887533504e-05,0.0,0.0,False,0.0,0.0,0.0014381247754247759
2014-07-14,0.0029912232548994122,0.0029912232548994122,0.002673030995096864,0.0003181922598025481,0.0003181922598025481,0.0,0.0,False,0.0,0.0,0.002673030995096864
2014-07-15,-0.0018847825893488538,-0.0018847825893488538,-0.0019252219780968157,4.043938874796196e-05,4.043938874796196e-05,0.0,0.0,False,0.0,0.0,-0.0019252219780968157
2014-07-16,0.0025350574491210765,0.0025350574491210765,0.003069344824897614,-0.0005342873757765375,-0.0005342873757765375,0.0,0.0,False,0.0,0.0,0.003069344824897614
2014-07-17,-0.008238592644069564,-0.008238592644069564,-0.005638595963204271,-0.002599996680865293,-0.002599996680865293,0.0,0.0,False,0.0,0.0,-0.005638595963204271
2014-07-18,0.005674422021615908,0.005674422021615908,0.0057786145821832,-0.00010419256056729172,-0.00010419256056729172,0.0,0.0,False,0.0,0.0,0.0057786145821832
2014-07-21,-0.0021850438821955573,-0.0021850438821955573,-0.0006505401383966326,-0.0015345037437989248,-0.0015345037437989248,0.0,0.0,False,0.0,0.0,-0.0006505401383966326
2014-07-22,0.0028488669181214636,0.0028488669181214636,0.003788607261739389,-0.0009397403436179255,-0.0009397403436179255,0.0,0.0,False,0.0,0.0,0.003788607261739389
2014-07-23,0.001913999655513907,0.001913999655513907,0.0012152390540094466,0.0006987606015044605,0.0006987606015044605,0.0,0.0,False,0.0,0.0,0.0012152390540094466
2014-07-24,0.0009099236775724485,0.0009099236775724485,-0.0010444550651842832,0.0019543787427567317,0.0019543787427567317,0.0,0.0,False,0.0,0.0,-0.0010444550651842832
2014-07-25,-0.0022594837395382614,-0.0022594837395382614,-0.0009382997381343518,-0.0013211840014039095,-0.0013211840014039095,0.0,0.0,False,0.0,0.0,-0.0009382997381343518
2014-07-28,-0.0010818936774439965,-0.0010818936774439965,0.00014051902982988252,-0.001222412707273879,-0.001222412707273879,0.0,0.0,False,0.0,0.0,0.00014051902982988252
2014-07-29,-0.0017783412731831613,-0.0017783412731831613,-0.0014986890199660922,-0.0002796522532170691,-0.0002796522532170691,0.0,0.0,False,0.0,0.0,-0.0014986890199660922
2014-07-30,-0.0025805885766475483,-0.0025805885766475483,-0.003292284805812718,0.0007116962291651699,0.0007116962291651699,0.0,0.0,False,0.0,0.0,-0.003292284805812718
2014-07-31,-0.012289253915079415,-0.012289253915079415,-0.01194748337051837,-0.0003417705445610455,-0.0003417705445610455,0.0,0.0,False,0.0,0.0,-0.01194748337051837
2014-08-01,-0.0033771071338749427,-0.003732227608878847,0.0007025271074395546,-0.004434754716318401,-0.004079634241314497,0.14204819000156177,0.00035512047500390443,True,0.005930526634328529,1.4826316585821323e-05,0.0006877007908537333
2014-08-04,0.005941457134422564,0.005941457134422564,0.004253860838641007,0.0016875962957815568,0.0016875962957815568,0.0,0.0,False,0.0,0.0,0.004253860838641007
2014-08-05,-0.008075026364279017,-0.008075026364279017,-0.006071248846573649,-0.002003777517705368,-0.002003777517705368,0.0,0.0,False,0.0,0.0,-0.006071248846573649
2014-08-06,8.299415050847924e-05,8.299415050847924e-05,-0.0008562409197856771,0.0009392350702941563,0.0009392350702941563,0.0,0.0,False,0.0,0.0,-0.0008562409197856771
2014-08-07,-0.004213766471125001,-0.004213766471125001,-0.0016669106162797256,-0.002546855854845275,-0.002546855854845275,0.0,0.0,False,0.0,0.0,-0.0016669106162797256
2014-08-08,0.0066217168144145685,0.0066217168144145685,0.005362243312914019,0.001259473501500549,0.001259473501500549,0.0,0.0,False,0.0,0.0,0.005362243312914019
2014-08-11,0.003863337607194374,0.003863337607194374,0.003148744213917286,0.0007145933932770879,0.0007145933932770879,0.0,0.0,False,0.0,0.0,0.003148744213917286
2014-08-12,-0.0007607236920138531,-0.0007607236920138531,-0.0014588455664412505,0.0006981218744273975,0.0006981218744273975,0.0,0.0,False,0.0,0.0,-0.0014588455664412505
2014-08-13,0.005017707695208931,0.005017707695208931,0.005089731930867095,-7.202423565816438e-05,-7.202423565816438e-05,0.0,0.0,False,0.0,0.0,0.005089731930867095
2014-08-14,0.003941583255030162,0.003941583255030162,0.0034071584728666273,0.0005344247821635348,0.0005344247821635348,0.0,0.0,False,0.0,0.0,0.0034071584728666273
2014-08-15,0.0002837625058223539,0.0002837625058223539,0.001299161462814578,-0.001015398956992224,-0.001015398956992224,0.0,0.0,False,0.0,0.0,0.001299161462814578
2014-08-18,0.0057968039721753226,0.0057968039721753226,0.003692733967173143,0.0021040700050021796,0.0021040700050021796,0.0,0.0,False,0.0,0.0,0.003692733967173143
2014-08-19,0.002308837957346068,0.002308837957346068,0.002110435488420787,0.00019840246892528128,0.00019840246892528128,0.0,0.0,False,0.0,0.0,0.002110435488420787
2014-08-20,-8.026706856516849e-06,-8.026706856516849e-06,-0.0010827855207687388,0.001074758813912222,0.001074758813912222,0.0,0.0,False,0.0,0.0,-0.0010827855207687388
2014-08-21,0.002340537896343416,0.002340537896343416,0.0024007233062326378,-6.018540988922188e-05,-6.018540988922188e-05,0.0,0.0,False,0.0,0.0,0.0024007233062326378
2014-08-22,-0.0029763678857292076,-0.0029763678857292076,-0.0009564043754578962,-0.0020199635102713114,-0.0020199635102713114,0.0,0.0,False,0.0,0.0,-0.0009564043754578962
2014-08-25,0.004522477878440704,0.004522477878440704,0.004044950610214638,0.0004775272682260665,0.0004775272682260665,0.0,0.0,False,0.0,0.0,0.004044950610214638
2014-08-26,0.0005100019845775934,0.0005100019845775934,0.0011805642215303139,-0.0006705622369527204,-0.0006705622369527204,0.0,0.0,False,0.0,0.0,0.0011805642215303139
2014-08-27,0.00021364295179919816,0.00021364295179919816,0.0017757710518139275,-0.0015621281000147294,-0.0015621281000147294,0.0,0.0,False,0.0,0.0,0.0017757710518139275
2014-08-28,-0.0022281900505334603,-0.0022281900505334603,-0.0012361796006929325,-0.0009920104498405279,-0.0009920104498405279,0.0,0.0,False,0.0,0.0,-0.0012361796006929325
2014-08-29,0.0009813165591585034,0.0009813165591585034,0.0010919303332770848,-0.00011061377411858138,-0.00011061377411858138,0.0,0.0,False,0.0,0.0,0.0010919303332770848
2014-09-02,0.0008759765801461456,0.0007807417664115328,-0.002591854104049224,0.003372595870460757,0.0034678306841953695,0.03809392549384511,9.523481373461278e-05,True,0.006044293980772705,1.5110734951931764e-05,-0.0026069648390011557
2014-09-03,0.00148513626316067,0.00148513626316067,0.002650959364222622,-0.001165823101061952,-0.001165823101061952,0.0,0.0,False,0.0,0.0,0.002650959364222622
2014-09-04,-0.0031868877240595703,-0.0031868877240595703,-0.00398097020184279,0.0007940824777832199,0.0007940824777832199,0.0,0.0,False,0.0,0.0,-0.00398097020184279
2014-09-05,0.0012145679359248283,0.0012145679359248283,0.00239097985534347,-0.001176411919418642,-0.001176411919418642,0.0,0.0,False,0.0,0.0,0.00239097985534347
2014-09-08,-0.004901845334407499,-0.004901845334407499,-0.0039397447671846945,-0.0009621005672228048,-0.0009621005672228048,0.0,0.0,False,0.0,0.0,-0.0039397447671846945
2014-09-09,-0.004589951698973851,-0.004589951698973851,-0.005083506153934835,0.000493554454960984,0.000493554454960984,0.0,0.0,False,0.0,0.0,-0.005083506153934835
2014-09-10,0.0034277683678167466,0.0034277683678167466,0.0008131521635653253,0.0026146162042514215,0.0026146162042514215,0.0,0.0,False,0.0,0.0,0.0008131521635653253
2014-09-11,-0.0015603980047320003,-0.0015603980047320003,-0.001365952376271893,-0.00019444562846010743,-0.00019444562846010743,0.0,0.0,False,0.0,0.0,-0.001365952376271893
2014-09-12,-0.0028381699896051805,-0.0028381699896051805,-0.005548594948611908,0.0027104249590067277,0.0027104249590067277,0.0,0.0,False,0.0,0.0,-0.005548594948611908
2014-09-15,-0.001566516171686755,-0.001566516171686755,-0.0011145725816227722,-0.0004519435900639829,-0.0004519435900639829,0.0,0.0,False,0.0,0.0,-0.0011145725816227722
2014-09-16,0.004692754310850886,0.004692754310850886,0.004070190730697662,0.0006225635801532245,0.0006225635801532245,0.0,0.0,False,0.0,0.0,0.004070190730697662
2014-09-17,-0.001024434636014004,-0.001024434636014004,-0.00248647060510359,0.001462035969089586,0.001462035969089586,0.0,0.0,False,0.0,0.0,-0.00248647060510359
2014-09-18,0.0046242761421208456,0.0046242761421208456,0.003516014359191175,0.0011082617829296705,0.0011082617829296705,0.0,0.0,False,0.0,0.0,0.003516014359191175
2014-09-19,-0.0010554891625924752,-0.0010554891625924752,-0.00022550700803608244,-0.0008299821545563928,-0.0008299821545563928,0.0,0.0,False,0.0,0.0,-0.00022550700803608244
2014-09-22,-0.004742428625482521,-0.004742428625482521,-0.0045734474437979095,-0.00016898118168461127,-0.00016898118168461127,0.0,0.0,False,0.0,0.0,-0.0045734474437979095
2014-09-23,-0.006438267276660513,-0.006438267276660513,-0.0030283141492402858,-0.0034099531274202274,-0.0034099531274202274,0.0,0.0,False,0.0,0.0,-0.0030283141492402858
2014-09-24,0.0034986135954582723,0.0034986135954582723,0.0037598876112777684,-0.00026127401581949603,-0.00026127401581949603,0.0,0.0,False,0.0,0.0,0.0037598876112777684
2014-09-25,-0.012753291552544363,-0.012753291552544363,-0.008063892807383802,-0.004689398745160561,-0.004689398745160561,0.0,0.0,False,0.0,0.0,-0.008063892807383802
2014-09-26,0.003971620811903984,0.003971620811903984,0.0030566079547517393,0.0009150128571522444,0.0009150128571522444,0.0,0.0,False,0.0,0.0,0.0030566079547517393
2014-09-29,-0.004482068516432677,-0.004482068516432677,-0.002941333448692979,-0.0015407350677396976,-0.0015407350677396976,0.0,0.0,False,0.0,0.0,-0.002941333448692979
2014-09-30,0.0008232508746858693,0.0008232508746858693,-0.001900153627444323,0.002723404502130192,0.002723404502130192,0.0,0.0,False,0.0,0.0,-0.001900153627444323
2014-10-01,-0.006488921080048657,-0.0071918983186316995,-0.0050377164199138956,-0.002154181898717804,-0.0014512046601347613,0.2811908954332171,0.0007029772385830429,True,0.008877771206000296,2.2194428015000742e-05,-0.005059910847928896
2014-10-02,0.00031359883630888055,0.00031359883630888055,-0.001609099865692383,0.0019226987020012636,0.0019226987020012636,0.0,0.0,False,0.0,0.0,-0.001609099865692383
2014-10-03,0.0065113764261272395,0.0065113764261272395,0.005099493017234994,0.0014118834088922456,0.0014118834088922456,0.0,0.0,False,0.0,0.0,0.005099493017234994
2014-10-06,0.0018504892199942816,0.0018504892199942816,0.0018933789715696258,-4.2889751575344226e-05,-4.2889751575344226e-05,0.0,0.0,False,0.0,0.0,0.0018933789715696258
2014-10-07,-0.008865996906123046,-0.008865996906123046,-0.006411736344080798,-0.0024542605620422476,-0.0024542605620422476,0.0,0.0,False,0.0,0.0,-0.006411736344080798
2014-10-08,0.012408551402213093,0.012408551402213093,0.011443112701746555,0.000965438700466538,0.000965438700466538,0.0,0.0,False,0.0,0.0,0.011443112701746555
2014-10-09,-0.013775067425749195,-0.013775067425749195,-0.013959211256542267,0.00018414383079307269,0.00018414383079307269,0.0,0.0,False,0.0,0.0,-0.013959211256542267
2014-10-10,-0.00931124276083076,-0.00931124276083076,-0.0068891505144513905,-0.00242209224637937,-0.00242209224637937,0.0,0.0,False,0.0,0.0,-0.0068891505144513905
2014-10-13,-0.0060106839746886425,-0.0060106839746886425,-0.0024235602292227696,-0.003587123745465873,-0.003587123745465873,0.0,0.0,False,0.0,0.0,-0.0024235602292227696
2014-10-14,0.004020498679516668,0.004020498679516668,0.003073023018184774,0.0009474756613318939,0.0009474756613318939,0.0,0.0,False,0.0,0.0,0.003073023018184774
2014-10-15,-0.004113546722070982,-0.004113546722070982,-0.0018820868314421365,-0.0022314598906288457,-0.0022314598906288457,0.0,0.0,False,0.0,0.0,-0.0018820868314421365
2014-10-16,-2.962892233756252e-05,-2.962892233756252e-05,-0.0031894654234527987,0.003159836501115236,0.003159836501115236,0.0,0.0,False,0.0,0.0,-0.0031894654234527987
2014-10-17,0.008954344340700367,0.008954344340700367,0.006047356757557359,0.0029069875831430076,0.0029069875831430076,0.0,0.0,False,0.0,0.0,0.006047356757557359
2014-10-20,0.007857050009672645,0.007857050009672645,0.005375496641643583,0.002481553368029062,0.002481553368029062,0.0,0.0,False,0.0,0.0,0.005375496641643583
2014-10-21,0.01125593094875659,0.01125593094875659,0.007674831589366925,0.0035810993593896646,0.0035810993593896646,0.0,0.0,False,0.0,0.0,0.007674831589366925
2014-10-22,-0.005693369783281614,-0.005693369783281614,-0.0047879383026836414,-0.0009054314805979728,-0.0009054314805979728,0.0,0.0,False,0.0,0.0,-0.0047879383026836414
2014-10-23,0.004993800237619034,0.004993800237619034,0.004068647517403627,0.0009251527202154075,0.0009251527202154075,0.0,0.0,False,0.0,0.0,0.004068647517403627
2014-10-24,0.004499133971004311,0.004499133971004311,0.004161082956308362,0.00033805101469594825,0.00033805101469594825,0.0,0.0,False,0.0,0.0,0.004161082956308362
2014-10-27,-0.002005821860731224,-0.002005821860731224,-0.0015253553235237828,-0.000480466537207441,-0.000480466537207441,0.0,0.0,False,0.0,0.0,-0.0015253553235237828
2014-10-28,0.007405877136308097,0.007405877136308097,0.0077020400506563474,-0.00029616291434825075,-0.00029616291434825075,0.0,0.0,False,0.0,0.0,0.0077020400506563474
2014-10-29,-0.0018180253407334317,-0.0018180253407334317,-0.002378953648766,0.0005609283080325685,0.0005609283080325685,0.0,0.0,False,0.0,0.0,-0.002378953648766
2014-10-30,0.004095615975232507,0.004095615975232507,0.004697425629840219,-0.0006018096546077118,-0.0006018096546077118,0.0,0.0,False,0.0,0.0,0.004697425629840219
2014-10-31,0.007016138695827718,0.007016138695827718,0.006829635097588294,0.00018650359823942433,0.00018650359823942433,0.0,0.0,False,0.0,0.0,0.006829635097588294
2014-11-03,-0.0012623114924343042,-0.0019589778276167293,-0.00241311995387844,0.00045414212626171055,0.0011508084614441356,0.27866653407297004,0.0006966663351824251,True,0.004602882623748989,1.1507206559372473e-05,-0.0024246271604378123
2014-11-04,-0.002417130907422035,-0.002417130907422035,-0.0016759025290757465,-0.0007412283783462886,-0.0007412283783462886,0.0,0.0,False,0.0,0.0,-0.0016759025290757465
2014-11-05,0.001961727742319869,0.001961727742319869,0.0010960463866473914,0.0008656813556724777,0.0008656813556724777,0.0,0.0,False,0.0,0.0,0.0010960463866473914
2014-11-06,0.0003017570297519721,0.0003017570297519721,-0.0019818626416291934,0.0022836196713811657,0.0022836196713811657,0.0,0.0,False,0.0,0.0,-0.0019818626416291934
2014-11-07,0.0023341097451085023,0.0023341097451085023,0.0038612821151416715,-0.0015271723700331693,-0.0015271723700331693,0.0,0.0,False,0.0,0.0,0.0038612821151416715
2014-11-10,0.0005356311953846342,0.0005356311953846342,8.00352651128091e-05,0.0004555959302718251,0.0004555959302718251,0.0,0.0,False,0.0,0.0,8.00352651128091e-05
2014-11-11,0.0017695022006245995,0.0017695022006245995,0.0011694180060407096,0.0006000841945838899,0.0006000841945838899,0.0,0.0,False,0.0,0.0,0.0011694180060407096
2014-11-12,-0.0024581099515840997,-0.0024581099515840997,-0.0016870156166991451,-0.0007710943348849546,-0.0007710943348849546,0.0,0.0,False,0.0,0.0,-0.0016870156166991451
2014-11-13,-4.7303448912711316e-05,-4.7303448912711316e-05,0.0006348515198918749,-0.0006821549688045862,-0.0006821549688045862,0.0,0.0,False,0.0,0.0,0.0006348515198918749
2014-11-14,-0.00043467167945210685,-0.00043467167945210685,0.0018565146544012273,-0.002291186333853334,-0.002291186333853334,0.0,0.0,False,0.0,0.0,0.0018565146544012273
2014-11-17,-0.0010626869665054579,-0.0010626869665054579,-0.0025585464575815725,0.0014958594910761147,0.0014958594910761147,0.0,0.0,False,0.0,0.0,-0.0025585464575815725
2014-11-18,0.0035795756426883754,0.0035795756426883754,0.0046847381403814356,-0.0011051624976930602,-0.0011051624976930602,0.0,0.0,False,0.0,0.0,0.0046847381403814356
2014-11-19,-0.0025276022654707178,-0.0025276022654707178,-0.003154151308329924,0.0006265490428592063,0.0006265490428592063,0.0,0.0,False,0.0,0.0,-0.003154151308329924
2014-11-20,0.0007252052468465953,0.0007252052468465953,0.0012217242850911503,-0.000496519038244555,-0.000496519038244555,0.0,0.0,False,0.0,0.0,0.0012217242850911503
2014-11-21,0.0056286371787348695,0.0056286371787348695,0.00743236098849724,-0.0018037238097623701,-0.0018037238097623701,0.0,0.0,False,0.0,0.0,0.00743236098849724
2014-11-24,0.0023273589139355287,0.0023273589139355287,0.0019900884253961,0.0003372704885394287,0.0003372704885394287,0.0,0.0,False,0.0,0.0,0.0019900884253961
2014-11-25,0.001521376425533275,0.001521376425533275,0.0009817526585841002,0.0005396237669491747,0.0005396237669491747,0.0,0.0,False,0.0,0.0,0.0009817526585841002
2014-11-26,0.002737260574307159,0.002737260574307159,0.0037551207260325013,-0.0010178601517253421,-0.0010178601517253421,0.0,0.0,False,0.0,0.0,0.0037551207260325013
2014-11-28,-0.0033733931099467944,-0.0033733931099467944,-0.003010633775354241,-0.0003627593345925536,-0.0003627593345925536,0.0,0.0,False,0.0,0.0,-0.003010633775354241
2014-12-01,-0.004138609808088523,-0.004688257236446913,-0.006018254642189002,0.0013299974057420895,0.0018796448341004794,0.21985897134335608,0.0005496474283583902,True,0.00548254151547058,1.3706353788676451e-05,-0.006031960995977679
2014-12-02,-0.0002634107823841076,-0.0002634107823841076,0.0005464814360554291,-0.0008098922184395366,-0.0008098922184395366,0.0,0.0,False,0.0,0.0,0.0005464814360554291
2014-12-03,0.0015619063182579435,0.0015619063182579435,0.0021456519513201044,-0.000583745633062161,-0.000583745633062161,0.0,0.0,False,0.0,0.0,0.0021456519513201044
2014-12-04,0.0001303023367538603,0.0001303023367538603,0.00045396092037229926,-0.00032365858361843895,-0.00032365858361843895,0.0,0.0,False,0.0,0.0,0.00045396092037229926
2014-12-05,-0.001290097735686563,-0.001290097735686563,-0.0010153553161631852,-0.00027474241952337775,-0.00027474241952337775,0.0,0.0,False,0.0,0.0,-0.0010153553161631852
2014-12-08,-0.0016557378964363679,-0.0016557378964363679,-0.0034469746863350216,0.0017912367898986537,0.0017912367898986537,0.0,0.0,False,0.0,0.0,-0.0034469746863350216
2014-12-09,-0.0002809438524918417,-0.0002809438524918417,3.921124610450563e-05,-0.0003201550985963473,-0.0003201550985963473,0.0,0.0,False,0.0,0.0,3.921124610450563e-05
2014-12-10,-0.007116875505290979,-0.007116875505290979,-0.0079996681527604,0.0008827926474694204,0.0008827926474694204,0.0,0.0,False,0.0,0.0,-0.0079996681527604
2014-12-11,0.0009639278816506421,0.0009639278816506421,0.0004309903123938188,0.0005329375692568234,0.0005329375692568234,0.0,0.0,False,0.0,0.0,0.0004309903123938188
2014-12-12,-0.006954450040540652,-0.006954450040540652,-0.0072743081331822276,0.00031985809264157596,0.00031985809264157596,0.0,0.0,False,0.0,0.0,-0.0072743081331822276
2014-12-15,-0.004640835354183499,-0.004640835354183499,-0.006829342235799382,0.0021885068816158834,0.0021885068816158834,0.0,0.0,False,0.0,0.0,-0.006829342235799382
2014-12-16,-0.0010561921537108232,-0.0010561921537108232,8.752856397363555e-05,-0.0011437207176844587,-0.0011437207176844587,0.0,0.0,False,0.0,0.0,8.752856397363555e-05
2014-12-17,0.00765722011343173,0.00765722011343173,0.009337333645043104,-0.0016801135316113734,-0.0016801135316113734,0.0,0.0,False,0.0,0.0,0.009337333645043104
2014-12-18,0.010900016878684752,0.010900016878684752,0.010092638562717032,0.00080737831596772,0.00080737831596772,0.0,0.0,False,0.0,0.0,0.010092638562717032
2014-12-19,0.0020664347248811753,0.0020664347248811753,0.003641585150247234,-0.0015751504253660588,-0.0015751504253660588,0.0,0.0,False,0.0,0.0,0.003641585150247234
2014-12-22,0.003496534480032825,0.003496534480032825,0.0043316362296909085,-0.0008351017496580834,-0.0008351017496580834,0.0,0.0,False,0.0,0.0,0.0043316362296909085
2014-12-23,-0.0038545024754097178,-0.0038545024754097178,-0.004712397543385444,0.0008578950679757266,0.0008578950679757266,0.0,0.0,False,0.0,0.0,-0.004712397543385444
2014-12-24,0.0019703398263001643,0.0019703398263001643,0.0019715613625549125,-1.2215362547481068e-06,-1.2215362547481068e-06,0.0,0.0,False,0.0,0.0,0.0019715613625549125
2014-12-26,0.0019961401658592478,0.0019961401658592478,0.0030267785799229013,-0.0010306384140636535,-0.0010306384140636535,0.0,0.0,False,0.0,0.0,0.0030267785799229013
2014-12-29,0.0004898811570337865,0.0004898811570337865,0.00032608731298736847,0.00016379384404641807,0.00016379384404641807,0.0,0.0,False,0.0,0.0,0.00032608731298736847
2014-12-30,-0.0028900818796424956,-0.0028900818796424956,-0.0026006673121372293,-0.0002894145675052663,-0.0002894145675052663,0.0,0.0,False,0.0,0.0,-0.0026006673121372293
2014-12-31,-0.004077805151358826,-0.004077805151358826,-0.0037230480258935664,-0.0003547571254652595,-0.0003547571254652595,0.0,0.0,False,0.0,0.0,-0.0037230480258935664
2015-01-02,0.001072975964881056,0.0010597724170990227,-0.0003111927839571484,0.001370965201056171,0.0013841687488382044,0.005281419112813357,1.3203547782033392e-05,True,0.008161055402220698,2.0402638505551744e-05,-0.00033159542246270014
2015-01-05,-0.007774931521878544,-0.007774931521878544,-0.008727770919780074,0.0009528393979015299,0.0009528393979015299,0.0,0.0,False,0.0,0.0,-0.008727770919780074
2015-01-06,-0.0026278149207438588,-0.0026278149207438588,-0.0028069106632001685,0.00017909574245630975,0.00017909574245630975,0.0,0.0,False,0.0,0.0,-0.0028069106632001685
2015-01-07,0.006452127335276118,0.006452127335276118,0.008072904698355154,-0.001620777363079036,-0.001620777363079036,0.0,0.0,False,0.0,0.0,0.008072904698355154
2015-01-08,0.00651177413664418,0.00651177413664418,0.0077381813841483635,-0.0012264072475041835,-0.0012264072475041835,0.0,0.0,False,0.0,0.0,0.0077381813841483635
2015-01-09,-0.0019273608832336194,-0.0019273608832336194,-0.0019570427556342817,2.968187240066228e-05,2.968187240066228e-05,0.0,0.0,False,0.0,0.0,-0.0019570427556342817
2015-01-12,-0.0019136410669022953,-0.0019136410669022953,-0.0023498043098828495,0.0004361632429805541,0.0004361632429805541,0.0,0.0,False,0.0,0.0,-0.0023498043098828495
2015-01-13,0.0002730236443997557,0.0002730236443997557,0.001138049894352092,-0.0008650262499523365,-0.0008650262499523365,0.0,0.0,False,0.0,0.0,0.001138049894352092
2015-01-14,-0.0012484155826224506,-0.0012484155826224506,-0.0013507724150016768,0.00010235683237922615,0.00010235683237922615,0.0,0.0,False,0.0,0.0,-0.0013507724150016768
2015-01-15,0.0009421130957476408,0.0009421130957476408,0.0010336422637852402,-9.152916803759938e-05,-9.152916803759938e-05,0.0,0.0,False,0.0,0.0,0.0010336422637852402
2015-01-16,0.0034339285202385633,0.0034339285202385633,0.004287022049277945,-0.0008530935290393818,-0.0008530935290393818,0.0,0.0,False,0.0,0.0,0.004287022049277945
2015-01-20,0.0024277532260167474,0.0024277532260167474,0.0023034562622012054,0.000124296963815542,0.000124296963815542,0.0,0.0,False,0.0,0.0,0.0023034562622012054
2015-01-21,0.0021537909239338344,0.0021537909239338344,0.0030469509757182407,-0.0008931600517844062,-0.0008931600517844062,0.0,0.0,False,0.0,0.0,0.0030469509757182407
2015-01-22,0.0051750799024216886,0.0051750799024216886,0.007074860634773883,-0.0018997807323521947,-0.0018997807323521947,0.0,0.0,False,0.0,0.0,0.007074860634773883
2015-01-23,0.00017212578070109174,0.00017212578070109174,-0.00036220178958755944,0.0005343275702886512,0.0005343275702886512,0.0,0.0,False,0.0,0.0,-0.00036220178958755944
2015-01-26,0.0025744576516642846,0.0025744576516642846,0.0025832887745488725,-8.831122884587865e-06,-8.831122884587865e-06,0.0,0.0,False,0.0,0.0,0.0025832887745488725
2015-01-27,-0.003855439034571462,-0.003855439034571462,-0.003974894151362166,0.00011945511679070436,0.00011945511679070436,0.0,0.0,False,0.0,0.0,-0.003974894151362166
2015-01-28,-0.003291972664037791,-0.003291972664037791,-0.004473575523559454,0.001181602859521663,0.001181602859521663,0.0,0.0,False,0.0,0.0,-0.004473575523559454
2015-01-29,0.003960594365799476,0.003960594365799476,0.003943783959280877,1.681040651859908e-05,1.681040651859908e-05,0.0,0.0,False,0.0,0.0,0.003943783959280877
2015-01-30,-0.0026411649727500833,-0.0026411649727500833,-0.005885527903752982,0.0032443629310028987,0.0032443629310028987,0.0,0.0,False,0.0,0.0,-0.005885527903752982
2015-02-02,0.005824284660886901,0.005165132668008764,0.007481130766657162,-0.002315998098648398,-0.0016568461057702615,0.2636607971512545,0.0006591519928781363,True,0.015458048919073084,3.864512229768271e-05,0.007442485644359479
2015-02-03,0.005507906375106338,0.005507906375106338,0.005647175051389232,-0.00013926867628289395,-0.00013926867628289395,0.0,0.0,False,0.0,0.0,0.005647175051389232
2015-02-04,-0.0017682167477586443,-0.0017682167477586443,-0.0025011432210920257,0.0007329264733333815,0.0007329264733333815,0.0,0.0,False,0.0,0.0,-0.0025011432210920257
2015-02-05,0.005473873900060393,0.005473873900060393,0.004697317574373298,0.0007765563256870948,0.0007765563256870948,0.0,0.0,False,0.0,0.0,0.004697317574373298
2015-02-06,-0.007890979182694706,-0.007890979182694706,-0.009097161232572131,0.0012061820498774252,0.0012061820498774252,0.0,0.0,False,0.0,0.0,-0.009097161232572131
2015-02-09,-0.0033247079276848,-0.0033247079276848,-0.002735992532451648,-0.0005887153952331523,-0.0005887153952331523,0.0,0.0,False,0.0,0.0,-0.002735992532451648
2015-02-10,0.0040847161583960675,0.0040847161583960675,0.003469150547653401,0.0006155656107426663,0.0006155656107426663,0.0,0.0,False,0.0,0.0,0.003469150547653401
2015-02-11,-7.537752546839762e-05,-7.537752546839762e-05,-0.0013484440065317464,0.0012730664810633487,0.0012730664810633487,0.0,0.0,False,0.0,0.0,-0.0013484440065317464
2015-02-12,0.007263054062288501,0.007263054062288501,0.008357486956730976,-0.0010944328944424752,-0.0010944328944424752,0.0,0.0,False,0.0,0.0,0.008357486956730976
2015-02-13,0.00038361623337637414,0.00038361623337637414,0.0020670049177453744,-0.0016833886843690003,-0.0016833886843690003,0.0,0.0,False,0.0,0.0,0.0020670049177453744
2015-02-17,-0.001028687754113586,-0.001028687754113586,-0.0019281627341628013,0.0008994749800492153,0.0008994749800492153,0.0,0.0,False,0.0,0.0,-0.0019281627341628013
2015-02-18,0.0024502196152286046,0.0024502196152286046,0.00267201531645295,-0.0002217957012243454,-0.0002217957012243454,0.0,0.0,False,0.0,0.0,0.00267201531645295
2015-02-19,-0.0023026422010959608,-0.0023026422010959608,-0.0012574903499548472,-0.0010451518511411136,-0.0010451518511411136,0.0,0.0,False,0.0,0.0,-0.0012574903499548472
2015-02-20,0.003935009195213556,0.003935009195213556,0.0043758054398104675,-0.00044079624459691154,-0.00044079624459691154,0.0,0.0,False,0.0,0.0,0.0043758054398104675
2015-02-23,0.0021634821375416946,0.0021634821375416946,0.0002974360266540119,0.0018660461108876828,0.0018660461108876828,0.0,0.0,False,0.0,0.0,0.0002974360266540119
2015-02-24,0.002044345198197025,0.002044345198197025,0.0061677421379862886,-0.004123396939789263,-0.004123396939789263,0.0,0.0,False,0.0,0.0,0.0061677421379862886
2015-02-25,0.00024989053615384816,0.00024989053615384816,0.00021933054475901134,3.055999139483682e-05,3.055999139483682e-05,0.0,0.0,False,0.0,0.0,0.00021933054475901134
2015-02-26,-0.0028563532567333315,-0.0028563532567333315,-0.003119617457227703,0.00026326420049437157,0.00026326420049437157,0.0,0.0,False,0.0,0.0,-0.003119617457227703
2015-02-27,-0.0005101602638795978,-0.0005101602638795978,5.48033385503616e-05,-0.0005649636024299594,-0.0005649636024299594,0.0,0.0,False,0.0,0.0,5.48033385503616e-05
2015-03-02,-0.0010658752054394187,-0.001515762054512648,-0.0013801460312637013,-0.00013561602324894668,0.0003142708258242826,0.17995473962929173,0.0004498868490732293,True,0.01913396048828423,4.7834901220710577e-05,-0.0014279809324844119
2015-03-03,-0.0031886158763581186,-0.0031886158763581186,-0.003916999224452272,0.0007283833480941533,0.0007283833480941533,0.0,0.0,False,0.0,0.0,-0.003916999224452272
2015-03-04,-0.004270799573289,-0.004270799573289,-0.0030522710444827487,-0.0012185285288062514,-0.0012185285288062514,0.0,0.0,False,0.0,0.0,-0.0030522710444827487
2015-03-05,0.0008654455625917291,0.0008654455625917291,0.0009278220104746375,-6.237644788290833e-05,-6.237644788290833e-05,0.0,0.0,False,0.0,0.0,0.0009278220104746375
2015-03-06,-0.014767285951045785,-0.014767285951045785,-0.013157966688032138,-0.001609319263013647,-0.001609319263013647,0.0,0.0,False,0.0,0.0,-0.013157966688032138
2015-03-09,0.0032862242703931626,0.0032862242703931626,0.0033164238423734607,-3.0199571980298046e-05,-3.0199571980298046e-05,0.0,0.0,False,0.0,0.0,0.0033164238423734607
2015-03-10,-0.008339333301157832,-0.008339333301157832,-0.009174432965402633,0.0008350996642448004,0.0008350996642448004,0.0,0.0,False,0.0,0.0,-0.009174432965402633
2015-03-11,0.0023666475506025925,0.0023666475506025925,0.002219600141325146,0.00014704740927744655,0.00014704740927744655,0.0,0.0,False,0.0,0.0,0.002219600141325146
2015-03-12,0.0066510739328080664,0.0066510739328080664,0.007082493388474983,-0.00043141945566691625,-0.00043141945566691625,0.0,0.0,False,0.0,0.0,0.007082493388474983
2015-03-13,-0.005165867435394578,-0.005165867435394578,-0.0049474788644601735,-0.0002183885709344047,-0.0002183885709344047,0.0,0.0,False,0.0,0.0,-0.0049474788644601735
2015-03-16,0.008123127456434703,0.008123127456434703,0.008470198776666396,-0.00034707132023169274,-0.00034707132023169274,0.0,0.0,False,0.0,0.0,0.008470198776666396
2015-03-17,0.0015039839529938262,0.0015039839529938262,0.0010684149846100928,0.00043556896838373334,0.00043556896838373334,0.0,0.0,False,0.0,0.0,0.0010684149846100928
2015-03-18,0.014958140602972108,0.014958140602972108,0.014720554790568479,0.00023758581240362897,0.00023758581240362897,0.0,0.0,False,0.0,0.0,0.014720554790568479
2015-03-19,-0.006330481971700263,-0.006330481971700263,-0.0066510088274089755,0.0003205268557087129,0.0003205268557087129,0.0,0.0,False,0.0,0.0,-0.0066510088274089755
2015-03-20,0.008959423394251558,0.008959423394251558,0.009352954824983236,-0.00039353143073167854,-0.00039353143073167854,0.0,0.0,False,0.0,0.0,0.009352954824983236
2015-03-23,0.00048799165197727795,0.00048799165197727795,0.0009636134523725467,-0.0004756218003952688,-0.0004756218003952688,0.0,0.0,False,0.0,0.0,0.0009636134523725467
2015-03-24,-0.001341623464646814,-0.001341623464646814,-0.00030095042700932614,-0.001040673037637488,-0.001040673037637488,0.0,0.0,False,0.0,0.0,-0.00030095042700932614
2015-03-25,-0.010649411072042527,-0.010649411072042527,-0.009640509510439129,-0.0010089015616033987,-0.0010089015616033987,0.0,0.0,False,0.0,0.0,-0.009640509510439129
2015-03-26,-0.00538475436529141,-0.00538475436529141,-0.00586474579642385,0.00047999143113243957,0.00047999143113243957,0.0,0.0,False,0.0,0.0,-0.00586474579642385
2015-03-27,0.0030840320148225802,0.0030840320148225802,0.0036884015780240345,-0.0006043695632014542,-0.0006043695632014542,0.0,0.0,False,0.0,0.0,0.0036884015780240345
2015-03-30,0.009076905521122822,0.009076905521122822,0.006262733643652693,0.0028141718774701285,0.0028141718774701285,0.0,0.0,False,0.0,0.0,0.006262733643652693
2015-03-31,-0.0034432727553577046,-0.0034432727553577046,-0.004416192998383835,0.0009729202430261304,0.0009729202430261304,0.0,0.0,False,0.0,0.0,-0.004416192998383835
2015-04-01,0.0021587101342265967,0.001889392279108009,0.003320200470155943,-0.001430808191047934,-0.0011614903359293462,0.10772714204743514,0.00026931785511858785,True,0.005675988699185626,1.4189971747964064e-05,0.003306010498407979
2015-04-02,0.0030135689934914682,0.0030135689934914682,0.002631293312502763,0.00038227568098870516,0.00038227568098870516,0.0,0.0,False,0.0,0.0,0.002631293312502763
2015-04-06,0.005185457190669197,0.005185457190669197,0.005249837674456818,-6.438048378762124e-05,-6.438048378762124e-05,0.0,0.0,False,0.0,0.0,0.005249837674456818
2015-04-07,2.5985675311208445e-05,2.5985675311208445e-05,-0.0007182656807369512,0.0007442513560481597,0.0007442513560481597,0.0,0.0,False,0.0,0.0,-0.0007182656807369512
2015-04-08,0.0044065682165530485,0.0044065682165530485,0.0040088565459704935,0.000397711670582555,0.000397711670582555,0.0,0.0,False,0.0,0.0,0.0040088565459704935
2015-04-09,0.0011178104057334682,0.0011178104057334682,0.00017917290219661257,0.0009386375035368556,0.0009386375035368556,0.0,0.0,False,0.0,0.0,0.00017917290219661257
2015-04-10,0.0027074946228208777,0.0027074946228208777,0.002467642937073024,0.0002398516857478536,0.0002398516857478536,0.0,0.0,False,0.0,0.0,0.002467642937073024
2015-04-13,-0.0027351257583127855,-0.0027351257583127855,-0.002484146573337988,-0.00025097918497479733,-0.00025097918497479733,0.0,0.0,False,0.0,0.0,-0.002484146573337988
2015-04-14,0.0023791608850121993,0.0023791608850121993,0.0034277700405710857,-0.0010486091555588863,-0.0010486091555588863,0.0,0.0,False,0.0,0.0,0.0034277700405710857
2015-04-15,0.003352053492693634,0.003352053492693634,0.003276660839225551,7.539265346808311e-05,7.539265346808311e-05,0.0,0.0,False,0.0,0.0,0.003276660839225551
2015-04-16,0.0008588768466119131,0.0008588768466119131,0.0009445111187840126,-8.563427217209943e-05,-8.563427217209943e-05,0.0,0.0,False,0.0,0.0,0.0009445111187840126
2015-04-17,-0.006223988371040875,-0.006223988371040875,-0.00666272255673726,0.000438734185696385,0.000438734185696385,0.0,0.0,False,0.0,0.0,-0.00666272255673726
2015-04-20,0.002322267443129613,0.002322267443129613,0.0021097600654012222,0.0002125073777283909,0.0002125073777283909,0.0,0.0,False,0.0,0.0,0.0021097600654012222
2015-04-21,0.0004244790072813608,0.0004244790072813608,0.0008823323662163782,-0.0004578533589350174,-0.0004578533589350174,0.0,0.0,False,0.0,0.0,0.0008823323662163782
2015-04-22,0.0008966209459159906,0.0008966209459159906,0.00012147753388565502,0.0007751434120303356,0.0007751434120303356,0.0,0.0,False,0.0,0.0,0.00012147753388565502
2015-04-23,0.0031155868268515317,0.0031155868268515317,0.0035187308576548524,-0.00040314403080332064,-0.00040314403080332064,0.0,0.0,False,0.0,0.0,0.0035187308576548524
2015-04-24,0.002385007113694274,0.002385007113694274,0.003077675516711147,-0.0006926684030168734,-0.0006926684030168734,0.0,0.0,False,0.0,0.0,0.003077675516711147
2015-04-27,-0.0011173105014600161,-0.0011173105014600161,-0.0010413415297816832,-7.596897167833289e-05,-7.596897167833289e-05,0.0,0.0,False,0.0,0.0,-0.0010413415297816832
2015-04-28,-0.0009945411383771472,-0.0009945411383771472,-0.0008627842644984115,-0.00013175687387873578,-0.00013175687387873578,0.0,0.0,False,0.0,0.0,-0.0008627842644984115
2015-04-29,-0.006738858556934057,-0.006738858556934057,-0.006968915235251895,0.00023005667831783785,0.00023005667831783785,0.0,0.0,False,0.0,0.0,-0.006968915235251895
2015-04-30,-0.0058954985051158605,-0.0058954985051158605,-0.007153615826794439,0.0012581173216785783,0.0012581173216785783,0.0,0.0,False,0.0,0.0,-0.007153615826794439
2015-05-01,0.0021413488708903693,0.0014877713124597574,0.0032594516102188937,-0.0017716802977591362,-0.0011181027393285243,0.2614310233722447,0.0006535775584306118,True,0.010102546824464105,2.5256367061160262e-05,0.0032341952431577336
2015-05-04,0.00020013068836775616,0.00020013068836775616,0.00011784815608911157,8.228253227864459e-05,8.228253227864459e-05,0.0,0.0,False,0.0,0.0,0.00011784815608911157
2015-05-05,-0.006926666800248355,-0.006926666800248355,-0.008104263338604792,0.001177596538356437,0.001177596538356437,0.0,0.0,False,0.0,0.0,-0.008104263338604792
2015-05-06,-0.0030795887421174823,-0.0030795887421174823,-0.004381231441556042,0.0013016426994385596,0.0013016426994385596,0.0,0.0,False,0.0,0.0,-0.004381231441556042
2015-05-07,0.00399638695911991,0.00399638695911991,0.002846315330709265,0.0011500716284106446,0.0011500716284106446,0.0,0.0,False,0.0,0.0,0.002846315330709265
2015-05-08,0.008355052693330324,0.008355052693330324,0.010859077348654394,-0.00250402465532407,-0.00250402465532407,0.0,0.0,False,0.0,0.0,0.010859077348654394
2015-05-11,-0.006451429333690902,-0.006451429333690902,-0.008320131753158396,0.0018687024194674945,0.0018687024194674945,0.0,0.0,False,0.0,0.0,-0.008320131753158396
2015-05-12,-0.0017227564567866122,-0.0017227564567866122,-0.0013603655958964451,-0.0003623908608901671,-0.0003623908608901671,0.0,0.0,False,0.0,0.0,-0.0013603655958964451
2015-05-13,-0.0004427891834458076,-0.0004427891834458076,0.0005943179299332213,-0.0010371071133790288,-0.0010371071133790288,0.0,0.0,False,0.0,0.0,0.0005943179299332213
2015-05-14,0.0070620065707317405,0.0070620065707317405,0.007830191131805976,-0.0007681845610742356,-0.0007681845610742356,0.0,0.0,False,0.0,0.0,0.007830191131805976
2015-05-15,0.0035831269999095656,0.0035831269999095656,0.004603360192142298,-0.001020233192232732,-0.001020233192232732,0.0,0.0,False,0.0,0.0,0.004603360192142298
2015-05-18,-0.0006317529336205116,-0.0006317529336205116,-0.0032857279454463068,0.002653975011825795,0.002653975011825795,0.0,0.0,False,0.0,0.0,-0.0032857279454463068
2015-05-19,-0.002772903362255992,-0.002772903362255992,-0.0026693520149060567,-0.00010355134734993518,-0.00010355134734993518,0.0,0.0,False,0.0,0.0,-0.0026693520149060567
2015-05-20,0.0007689173685720627,0.0007689173685720627,0.0007845840973537065,-1.5666728781643874e-05,-1.5666728781643874e-05,0.0,0.0,False,0.0,0.0,0.0007845840973537065
2015-05-21,0.003315018256976168,0.003315018256976168,0.0038228556570763144,-0.0005078374001001463,-0.0005078374001001463,0.0,0.0,False,0.0,0.0,0.0038228556570763144
2015-05-22,-0.0021167106844910033,-0.0021167106844910033,-0.0021363936722265274,1.9682987735524047e-05,1.9682987735524047e-05,0.0,0.0,False,0.0,0.0,-0.0021363936722265274
2015-05-26,-0.0030001092435073366,-0.0030001092435073366,-0.005399741624856137,0.0023996323813488003,0.0023996323813488003,0.0,0.0,False,0.0,0.0,-0.005399741624856137
2015-05-27,0.005596770615109709,0.005596770615109709,0.005146511301698135,0.0004502593134115742,0.0004502593134115742,0.0,0.0,False,0.0,0.0,0.005146511301698135
2015-05-28,-0.0011104410717030664,-0.0011104410717030664,-0.0021820437028198894,0.001071602631116823,0.001071602631116823,0.0,0.0,False,0.0,0.0,-0.0021820437028198894
2015-05-29,-0.002960920518527584,-0.002960920518527584,-0.004318247622956349,0.0013573271044287649,0.0013573271044287649,0.0,0.0,False,0.0,0.0,-0.004318247622956349
2015-06-01,-0.0013433857091236586,-0.001361708557757424,-0.00228637162138941,0.0009246630636319862,0.0009429859122657516,0.007329139453506146,1.8322848633765364e-05,True,0.006552608715922208,1.638152178980552e-05,-0.0023027531431792157
2015-06-02,-0.0028230407566721765,-0.0028230407566721765,-0.001958807551743779,-0.0008642332049283974,-0.0008642332049283974,0.0,0.0,False,0.0,0.0,-0.001958807551743779
2015-06-03,-0.0009135940007527611,-0.0009135940007527611,-0.0018134404797264245,0.0008998464789736634,0.0008998464789736634,0.0,0.0,False,0.0,0.0,-0.0018134404797264245
2015-06-04,-0.0021611437215922993,-0.0021611437215922993,-0.003860273869365163,0.001699130147772864,0.001699130147772864,0.0,0.0,False,0.0,0.0,-0.003860273869365163
2015-06-05,-0.0022325637105207827,-0.0022325637105207827,-0.00518171577577073,0.002949152065249947,0.002949152065249947,0.0,0.0,False,0.0,0.0,-0.00518171577577073
2015-06-08,-0.002921810874157011,-0.002921810874157011,-0.0022008069343951433,-0.0007210039397618677,-0.0007210039397618677,0.0,0.0,False,0.0,0.0,-0.0022008069343951433
2015-06-09,-0.0025410263506168177,-0.0025410263506168177,-0.0033251526243956854,0.0007841262737788676,0.0007841262737788676,0.0,0.0,False,0.0,0.0,-0.0033251526243956854
2015-06-10,0.0047536756183680605,0.0047536756183680605,0.007260012125852913,-0.0025063365074848524,-0.0025063365074848524,0.0,0.0,False,0.0,0.0,0.007260012125852913
2015-06-11,0.005685169139678924,0.005685169139678924,0.004905619681741973,0.0007795494579369514,0.0007795494579369514,0.0,0.0,False,0.0,0.0,0.004905619681741973
2015-06-12,-0.0038475112518489025,-0.0038475112518489025,-0.004049406563692709,0.00020189531184380653,0.00020189531184380653,0.0,0.0,False,0.0,0.0,-0.004049406563692709
2015-06-15,-0.0017134561769392665,-0.0017134561769392665,-0.002951231463399928,0.0012377752864606616,0.0012377752864606616,0.0,0.0,False,0.0,0.0,-0.002951231463399928
2015-06-16,0.004490220865220018,0.004490220865220018,0.0035102665024391586,0.000979954362780859,0.000979954362780859,0.0,0.0,False,0.0,0.0,0.0035102665024391586
2015-06-17,0.0003800518823567239,0.0003800518823567239,0.00038112983071188114,-1.0779483551572521e-06,-1.0779483551572521e-06,0.0,0.0,False,0.0,0.0,0.00038112983071188114
2015-06-18,0.005128363920064597,0.005128363920064597,0.005430695877325662,-0.000302331957261065,-0.000302331957261065,0.0,0.0,False,0.0,0.0,0.005430695877325662
2015-06-19,0.0009306900961212521,0.0009306900961212521,-0.0001242289593612985,0.0010549190554825505,0.0010549190554825505,0.0,0.0,False,0.0,0.0,-0.0001242289593612985
2015-06-22,-0.0009696085804602906,-0.0009696085804602906,0.002306220820854278,-0.0032758294013145684,-0.0032758294013145684,0.0,0.0,False,0.0,0.0,0.002306220820854278
2015-06-23,-0.0006058352820807577,-0.0006058352820807577,0.00048691738749153995,-0.0010927526695722976,-0.0010927526695722976,0.0,0.0,False,0.0,0.0,0.00048691738749153995
2015-06-24,-0.0026153270206203286,-0.0026153270206203286,-0.0032647868257613564,0.0006494598051410279,0.0006494598051410279,0.0,0.0,False,0.0,0.0,-0.0032647868257613564
2015-06-25,-0.0020819794539298137,-0.0020819794539298137,-0.0022607406443060168,0.00017876119037620302,0.00017876119037620302,0.0,0.0,False,0.0,0.0,-0.0022607406443060168
2015-06-26,-0.0027651619172403344,-0.0027651619172403344,-0.003374273387839073,0.0006091114705987387,0.0006091114705987387,0.0,0.0,False,0.0,0.0,-0.003374273387839073
2015-06-29,-0.006944273601851905,-0.006944273601851905,-0.009722370055976096,0.0027780964541241912,0.0027780964541241912,0.0,0.0,False,0.0,0.0,-0.009722370055976096
2015-06-30,0.0004245818337362517,0.0004245818337362517,0.0005976247870301141,-0.0001730429532938624,-0.0001730429532938624,0.0,0.0,False,0.0,0.0,0.0005976247870301141
2015-07-01,0.001285006096423367,0.0005852117396446806,0.0012448905948987733,-0.0006596788552540927,4.011550152459363e-05,0.2799177427114745,0.0006997943567786863,True,0.0032847422014064716,8.211855503516178e-06,0.001236678739395257
2015-07-02,0.0002534408419169146,0.0002534408419169146,0.0014592079574465785,-0.001205767115529664,-0.001205767115529664,0.0,0.0,False,0.0,0.0,0.0014592079574465785
2015-07-06,0.001362078073016964,0.001362078073016964,-0.0037881476068963712,0.005150225679913335,0.005150225679913335,0.0,0.0,False,0.0,0.0,-0.0037881476068963712
2015-07-07,0.0036143651463085764,0.0036143651463085764,0.002168039319390232,0.0014463258269183446,0.0014463258269183446,0.0,0.0,False,0.0,0.0,0.002168039319390232
2015-07-08,-0.007256773306722336,-0.007256773306722336,-0.011141637244495203,0.003884863937772867,0.003884863937772867,0.0,0.0,False,0.0,0.0,-0.011141637244495203
2015-07-09,-0.001460268168935764,-0.001460268168935764,0.0014860287428478758,-0.00294629691178364,-0.00294629691178364,0.0,0.0,False,0.0,0.0,0.0014860287428478758
2015-07-10,0.004271088512195901,0.004271088512195901,0.008582604742878839,-0.004311516230682938,-0.004311516230682938,0.0,0.0,False,0.0,0.0,0.008582604742878839
2015-07-13,0.004705466597187553,0.004705466597187553,0.004111330971248642,0.0005941356259389109,0.0005941356259389109,0.0,0.0,False,0.0,0.0,0.004111330971248642
2015-07-14,0.0034893972854152105,0.0034893972854152105,0.003965964825483465,-0.00047656754006825466,-0.00047656754006825466,0.0,0.0,False,0.0,0.0,0.003965964825483465
2015-07-15,0.0004947688583616602,0.0004947688583616602,-0.0003682975755311636,0.0008630664338928238,0.0008630664338928238,0.0,0.0,False,0.0,0.0,-0.0003682975755311636
2015-07-16,0.0038837034630846345,0.0038837034630846345,0.0057584332664344,-0.0018747298033497655,-0.0018747298033497655,0.0,0.0,False,0.0,0.0,0.0057584332664344
2015-07-17,-0.0005492406464634318,-0.0005492406464634318,3.7763458175496875e-05,-0.0005870041046389287,-0.0005870041046389287,0.0,0.0,False,0.0,0.0,3.7763458175496875e-05
2015-07-20,-0.0018826397923505831,-0.0018826397923505831,-0.001289783047423959,-0.0005928567449266242,-0.0005928567449266242,0.0,0.0,False,0.0,0.0,-0.001289783047423959
2015-07-21,-0.0012396528130885843,-0.0012396528130885843,-0.0007381317430456484,-0.0005015210700429359,-0.0005015210700429359,0.0,0.0,False,0.0,0.0,-0.0007381317430456484
2015-07-22,-8.734328299962136e-05,-8.734328299962136e-05,-0.0021550638262130303,0.002067720543213409,0.002067720543213409,0.0,0.0,False,0.0,0.0,-0.0021550638262130303
2015-07-23,-0.002221646000340538,-0.002221646000340538,-0.001711001079963471,-0.0005106449203770669,-0.0005106449203770669,0.0,0.0,False,0.0,0.0,-0.001711001079963471
2015-07-24,-0.006142244487343794,-0.006142244487343794,-0.006713677795745945,0.0005714333084021516,0.0005714333084021516,0.0,0.0,False,0.0,0.0,-0.006713677795745945
2015-07-27,-0.002528765148297807,-0.002528765148297807,-0.0040858231698571975,0.0015570580215593906,0.0015570580215593906,0.0,0.0,False,0.0,0.0,-0.0040858231698571975
2015-07-28,0.00504535352708204,0.00504535352708204,0.005890590355927521,-0.000845236828845481,-0.000845236828845481,0.0,0.0,False,0.0,0.0,0.005890590355927521
2015-07-29,0.0028069622157585123,0.0028069622157585123,0.0030716920623418123,-0.0002647298465833,-0.0002647298465833,0.0,0.0,False,0.0,0.0,0.0030716920623418123
2015-07-30,0.0012026754632429254,0.0012026754632429254,-0.00013385298398886674,0.0013365284472317922,0.0013365284472317922,0.0,0.0,False,0.0,0.0,-0.00013385298398886674
2015-07-31,0.002514343488243029,0.002514343488243029,0.004034835875016596,-0.0015204923867735672,-0.0015204923867735672,0.0,0.0,False,0.0,0.0,0.004034835875016596
2015-08-03,-0.0012369215032641118,-0.001725058057232244,-0.001838562642053948,0.00011350458482170403,0.0006016411387898362,0.19525462158725282,0.00048813655396813207,True,0.00839012581038778,2.097531452596945e-05,-0.0018595379565799174
2015-08-04,-0.003187898867747164,-0.003187898867747164,-0.002439371534596565,-0.0007485273331505988,-0.0007485273331505988,0.0,0.0,False,0.0,0.0,-0.002439371534596565
2015-08-05,-0.00036197208042917646,-0.00036197208042917646,0.0001825417116917045,-0.000544513792120881,-0.000544513792120881,0.0,0.0,False,0.0,0.0,0.0001825417116917045
2015-08-06,-0.005050229818006764,-0.005050229818006764,-0.003200224913898708,-0.001850004904108056,-0.001850004904108056,0.0,0.0,False,0.0,0.0,-0.003200224913898708
2015-08-07,-0.001306902640045309,-0.001306902640045309,0.0007401001853073223,-0.0020470028253526313,-0.0020470028253526313,0.0,0.0,False,0.0,0.0,0.0007401001853073223
2015-08-10,0.00454038449656159,0.00454038449656159,0.005752771771447772,-0.001212387274886182,-0.001212387274886182,0.0,0.0,False,0.0,0.0,0.005752771771447772
2015-08-11,-0.002267925864503589,-0.002267925864503589,-0.004896850508742064,0.0026289246442384746,0.0026289246442384746,0.0,0.0,False,0.0,0.0,-0.004896850508742064
2015-08-12,-0.0008057992319414716,-0.0008057992319414716,-0.002913935799023714,0.0021081365670822423,0.0021081365670822423,0.0,0.0,False,0.0,0.0,-0.002913935799023714
2015-08-13,-0.002581185884936235,-0.002581185884936235,-0.0020124835474564667,-0.0005687023374797684,-0.0005687023374797684,0.0,0.0,False,0.0,0.0,-0.0020124835474564667
2015-08-14,0.0025391648620639606,0.0025391648620639606,0.0018358807676499772,0.0007032840944139833,0.0007032840944139833,0.0,0.0,False,0.0,0.0,0.0018358807676499772
2015-08-17,0.005359892510545751,0.005359892510545751,0.0019372938848590817,0.00342259862568667,0.00342259862568667,0.0,0.0,False,0.0,0.0,0.0019372938848590817
2015-08-18,-0.004119967240671223,-0.004119967240671223,-0.004720921637211843,0.0006009543965406197,0.0006009543965406197,0.0,0.0,False,0.0,0.0,-0.004720921637211843
2015-08-19,-0.0025081573947956307,-0.0025081573947956307,-0.0029166525660143223,0.0004084951712186916,0.0004084951712186916,0.0,0.0,False,0.0,0.0,-0.0029166525660143223
2015-08-20,-0.011443813209702742,-0.011443813209702742,-0.011415492236860572,-2.832097284216975e-05,-2.832097284216975e-05,0.0,0.0,False,0.0,0.0,-0.011415492236860572
2015-08-21,-0.007574766519664968,-0.007574766519664968,-0.01472190765181502,0.007147141132150051,0.007147141132150051,0.0,0.0,False,0.0,0.0,-0.01472190765181502
2015-08-24,-0.019938886205395794,-0.019938886205395794,-0.023370218717647846,0.003431332512252052,0.003431332512252052,0.0,0.0,False,0.0,0.0,-0.023370218717647846
2015-08-25,-0.006496605188222087,-0.006496605188222087,-0.00413436758995105,-0.0023622375982710374,-0.0023622375982710374,0.0,0.0,False,0.0,0.0,-0.00413436758995105
2015-08-26,0.012577252119016636,0.012577252119016636,0.016164229622270095,-0.0035869775032534596,-0.0035869775032534596,0.0,0.0,False,0.0,0.0,0.016164229622270095
2015-08-27,0.010294661585171803,0.010294661585171803,0.014047133322979926,-0.003752471737808122,-0.003752471737808122,0.0,0.0,False,0.0,0.0,0.014047133322979926
2015-08-28,0.0035879178861381224,0.0035879178861381224,-0.0004820980078861078,0.00407001589402423,0.00407001589402423,0.0,0.0,False,0.0,0.0,-0.0004820980078861078
2015-08-31,-0.0033680169253779615,-0.0033680169253779615,-0.004621097331372153,0.0012530804059941916,0.0012530804059941916,0.0,0.0,False,0.0,0.0,-0.004621097331372153
2015-09-01,-0.013176582787953662,-0.013214995318199894,-0.017117997616350696,0.003903002298150802,0.003941414828397034,0.015365012098492593,3.841253024623148e-05,True,0.016412273155330847,4.103068288832712e-05,-0.017159028299239022
2015-09-02,0.008477753890091538,0.008477753890091538,0.008887087610111862,-0.0004093337200203242,-0.0004093337200203242,0.0,0.0,False,0.0,0.0,0.008887087610111862
2015-09-03,0.0008074513038727071,0.0008074513038727071,0.0023404869031171814,-0.0015330355992444742,-0.0015330355992444742,0.0,0.0,False,0.0,0.0,0.0023404869031171814
2015-09-04,-0.0039032168017460378,-0.0039032168017460378,-0.009807535642776975,0.005904318841030937,0.005904318841030937,0.0,0.0,False,0.0,0.0,-0.009807535642776975
2015-09-08,0.010502691636537081,0.010502691636537081,0.013583022979333318,-0.0030803313427962362,-0.0030803313427962362,0.0,0.0,False,0.0,0.0,0.013583022979333318
2015-09-09,-0.006021711984929206,-0.006021711984929206,-0.0050573307235829345,-0.0009643812613462713,-0.0009643812613462713,0.0,0.0,False,0.0,0.0,-0.0050573307235829345
2015-09-10,0.0017533088442760125,0.0017533088442760125,0.002744082364457139,-0.0009907735201811266,-0.0009907735201811266,0.0,0.0,False,0.0,0.0,0.002744082364457139
2015-09-11,0.003297827074465634,0.003297827074465634,0.0029038951158705437,0.00039393195859509017,0.00039393195859509017,0.0,0.0,False,0.0,0.0,0.0029038951158705437
2015-09-14,-0.002023062907012496,-0.002023062907012496,-0.0023623005786302543,0.0003392376716177584,0.0003392376716177584,0.0,0.0,False,0.0,0.0,-0.0023623005786302543
2015-09-15,0.002703178039436765,0.002703178039436765,0.0025541018402978665,0.00014907619913889867,0.00014907619913889867,0.0,0.0,False,0.0,0.0,0.0025541018402978665
2015-09-16,0.004112704881648971,0.004112704881648971,0.007789200452740829,-0.003676495571091858,-0.003676495571091858,0.0,0.0,False,0.0,0.0,0.007789200452740829
2015-09-17,0.004244907557311276,0.004244907557311276,0.0028102206106762626,0.0014346869466350136,0.0014346869466350136,0.0,0.0,False,0.0,0.0,0.0028102206106762626
2015-09-18,-0.005926678513164997,-0.005926678513164997,-0.009081131251973176,0.003154452738808179,0.003154452738808179,0.0,0.0,False,0.0,0.0,-0.009081131251973176
2015-09-21,-0.002255632292553997,-0.002255632292553997,-0.0015445822725957455,-0.0007110500199582516,-0.0007110500199582516,0.0,0.0,False,0.0,0.0,-0.0015445822725957455
2015-09-22,-0.00601201530260696,-0.00601201530260696,-0.00768589998278347,0.0016738846801765102,0.0016738846801765102,0.0,0.0,False,0.0,0.0,-0.00768589998278347
2015-09-23,-0.0018706676890277575,-0.0018706676890277575,-0.003214251931632342,0.0013435842426045845,0.0013435842426045845,0.0,0.0,False,0.0,0.0,-0.003214251931632342
2015-09-24,-0.0010345888172285382,-0.0010345888172285382,-0.0013107636370658844,0.00027617481983734614,0.00027617481983734614,0.0,0.0,False,0.0,0.0,-0.0013107636370658844
2015-09-25,-0.006126251848724864,-0.006126251848724864,-0.0011171152640350392,-0.005009136584689825,-0.005009136584689825,0.0,0.0,False,0.0,0.0,-0.0011171152640350392
2015-09-28,-0.012787739138490673,-0.012787739138490673,-0.011511816866751644,-0.0012759222717390294,-0.0012759222717390294,0.0,0.0,False,0.0,0.0,-0.011511816866751644
2015-09-29,-0.0010013947807885448,-0.0010013947807885448,0.0011434514253540278,-0.0021448462061425724,-0.0021448462061425724,0.0,0.0,False,0.0,0.0,0.0011434514253540278
2015-09-30,0.008749227715396619,0.008749227715396619,0.01160387860040504,-0.002854650885008421,-0.002854650885008421,0.0,0.0,False,0.0,0.0,0.01160387860040504
2015-10-01,-0.0008170743666442207,-0.0009869688839446553,0.0020516443546599317,-0.003038613238604587,-0.0028687187213041524,0.06795780692017385,0.00016989451730043464,True,0.011672208425690497,2.918052106422624e-05,0.0020224638335957054
2015-10-02,0.009421297697926921,0.009421297697926921,0.01238907238917957,-0.0029677746912526483,-0.0029677746912526483,0.0,0.0,False,0.0,0.0,0.01238907238917957
2015-10-05,0.010986594872500907,0.010986594872500907,0.009564098068455273,0.0014224968040456344,0.0014224968040456344,0.0,0.0,False,0.0,0.0,0.009564098068455273
2015-10-06,-0.001545577262782656,-0.001545577262782656,-0.0004882833229888862,-0.0010572939397937697,-0.0010572939397937697,0.0,0.0,False,0.0,0.0,-0.0004882833229888862
2015-10-07,0.008158364904948711,0.008158364904948711,0.007893519746649591,0.00026484515829912,0.00026484515829912,0.0,0.0,False,0.0,0.0,0.007893519746649591
2015-10-08,0.00436984940283476,0.00436984940283476,0.004042568791858025,0.0003272806109767346,0.0003272806109767346,0.0,0.0,False,0.0,0.0,0.004042568791858025
2015-10-09,0.0010181019105376561,0.0010181019105376561,0.0012392635322834122,-0.0002211616217457561,-0.0002211616217457561,0.0,0.0,False,0.0,0.0,0.0012392635322834122
2015-10-12,0.0004972556773486945,0.0004972556773486945,0.0007101414586730005,-0.00021288578132430593,-0.00021288578132430593,0.0,0.0,False,0.0,0.0,0.0007101414586730005
2015-10-13,-0.005944199520479408,-0.005944199520479408,-0.006109841640803202,0.00016564212032379403,0.00016564212032379403,0.0,0.0,False,0.0,0.0,-0.006109841640803202
2015-10-14,-0.002509382978332953,-0.002509382978332953,0.001213276022347663,-0.003722659000680616,-0.003722659000680616,0.0,0.0,False,0.0,0.0,0.001213276022347663
2015-10-15,0.010104099319846816,0.010104099319846816,0.010017171674392651,8.69276454541646e-05,8.69276454541646e-05,0.0,0.0,False,0.0,0.0,0.010017171674392651
2015-10-16,0.0006321775780196384,0.0006321775780196384,0.0011822934123357025,-0.0005501158343160642,-0.0005501158343160642,0.0,0.0,False,0.0,0.0,0.0011822934123357025
2015-10-19,0.000980382470728095,0.000980382470728095,-0.001594149181323161,0.002574531652051256,0.002574531652051256,0.0,0.0,False,0.0,0.0,-0.001594149181323161
2015-10-20,-0.0017350028891122287,-0.0017350028891122287,-0.0023447607207658285,0.0006097578316535998,0.0006097578316535998,0.0,0.0,False,0.0,0.0,-0.0023447607207658285
2015-10-21,-0.005457417759098871,-0.005457417759098871,-0.0024126996164882154,-0.003044718142610656,-0.003044718142610656,0.0,0.0,False,0.0,0.0,-0.0024126996164882154
2015-10-22,0.0062824393903160225,0.0062824393903160225,0.010036543981244022,-0.0037541045909279995,-0.0037541045909279995,0.0,0.0,False,0.0,0.0,0.010036543981244022
2015-10-23,0.0038895917222584613,0.0038895917222584613,0.003965646011841842,-7.605428958338102e-05,-7.605428958338102e-05,0.0,0.0,False,0.0,0.0,0.003965646011841842
2015-10-26,-0.002117666180152679,-0.002117666180152679,-0.0015620929061380142,-0.0005555732740146649,-0.0005555732740146649,0.0,0.0,False,0.0,0.0,-0.0015620929061380142
2015-10-27,-0.0038280422666854066,-0.0038280422666854066,-0.0030465402991508303,-0.0007815019675345763,-0.0007815019675345763,0.0,0.0,False,0.0,0.0,-0.0030465402991508303
2015-10-28,0.010818857345290969,0.010818857345290969,0.003013082070806853,0.007805775274484116,0.007805775274484116,0.0,0.0,False,0.0,0.0,0.003013082070806853
2015-10-29,-0.0063450587203366035,-0.0063450587203366035,-0.005740631310675042,-0.0006044274096615619,-0.0006044274096615619,0.0,0.0,False,0.0,0.0,-0.005740631310675042
2015-10-30,-0.0015411481563842376,-0.0015411481563842376,-0.00062864652353535,-0.0009125016328488876,-0.0009125016328488876,0.0,0.0,False,0.0,0.0,-0.00062864652353535
2015-11-02,0.007495300560085874,0.007108688763563745,0.006542746194813515,0.0005659425687502308,0.0009525543652723597,0.15464471860885162,0.00038661179652212905,True,0.017451874726124077,4.362968681531019e-05,0.006499116507998204
2015-11-03,0.0013858595527414318,0.0013858595527414318,0.0015141739103180776,-0.00012831435757664584,-0.00012831435757664584,0.0,0.0,False,0.0,0.0,0.0015141739103180776
2015-11-04,-0.0012012087412265656,-0.0012012087412265656,-0.002908621395646554,0.0017074126544199882,0.0017074126544199882,0.0,0.0,False,0.0,0.0,-0.002908621395646554
2015-11-05,-9.557319332355042e-05,-9.557319332355042e-05,-0.0005818495100611688,0.0004862763167376184,0.0004862763167376184,0.0,0.0,False,0.0,0.0,-0.0005818495100611688
2015-11-06,-0.0008555076533699542,-0.0008555076533699542,-0.004932569562917068,0.004077061909547115,0.004077061909547115,0.0,0.0,False,0.0,0.0,-0.004932569562917068
2015-11-09,-0.0065094065514738845,-0.0065094065514738845,-0.008363889134200332,0.001854482582726448,0.001854482582726448,0.0,0.0,False,0.0,0.0,-0.008363889134200332
2015-11-10,0.002430085682465149,0.002430085682465149,0.0012184732534640274,0.0012116124290011215,0.0012116124290011215,0.0,0.0,False,0.0,0.0,0.0012184732534640274
2015-11-11,-0.003881903161698767,-0.003881903161698767,-0.0008831083148784012,-0.002998794846820366,-0.002998794846820366,0.0,0.0,False,0.0,0.0,-0.0008831083148784012
2015-11-12,-0.008847821330264552,-0.008847821330264552,-0.007813578198915884,-0.0010342431313486687,-0.0010342431313486687,0.0,0.0,False,0.0,0.0,-0.007813578198915884
2015-11-13,-0.0026257282359818724,-0.0026257282359818724,-0.004866324937603381,0.002240596701621509,0.002240596701621509,0.0,0.0,False,0.0,0.0,-0.004866324937603381
2015-11-16,0.005952916809663257,0.005952916809663257,0.009005185456382816,-0.0030522686467195585,-0.0030522686467195585,0.0,0.0,False,0.0,0.0,0.009005185456382816
2015-11-17,-0.0013882168744306232,-0.0013882168744306232,-0.00012201190397067685,-0.0012662049704599463,-0.0012662049704599463,0.0,0.0,False,0.0,0.0,-0.00012201190397067685
2015-11-18,0.008327160495010151,0.008327160495010151,0.008102265754291245,0.00022489474071890614,0.00022489474071890614,0.0,0.0,False,0.0,0.0,0.008102265754291245
2015-11-19,-0.0004345560035172115,-0.0004345560035172115,0.0023843802370106157,-0.002818936240527827,-0.002818936240527827,0.0,0.0,False,0.0,0.0,0.0023843802370106157
2015-11-20,0.0023560904582672036,0.0023560904582672036,0.0016460958924997926,0.000709994565767411,0.000709994565767411,0.0,0.0,False,0.0,0.0,0.0016460958924997926
2015-11-23,0.0020278174001284346,0.0020278174001284346,-0.0015097726432314628,0.0035375900433598974,0.0035375900433598974,0.0,0.0,False,0.0,0.0,-0.0015097726432314628
2015-11-24,0.0031387406036956452,0.0031387406036956452,0.0015549617442425841,0.0015837788594530611,0.0015837788594530611,0.0,0.0,False,0.0,0.0,0.0015549617442425841
2015-11-25,0.00301067776505273,0.00301067776505273,0.00029373334359161644,0.0027169444214611136,0.0027169444214611136,0.0,0.0,False,0.0,0.0,0.00029373334359161644
2015-11-27,0.0019167858400583055,0.0019167858400583055,-0.0014051340032270735,0.003321919843285379,0.003321919843285379,0.0,0.0,False,0.0,0.0,-0.0014051340032270735
2015-11-30,-0.002028843271548746,-0.002028843271548746,-0.0011259907081871826,-0.0009028525633615633,-0.0009028525633615633,0.0,0.0,False,0.0,0.0,-0.0011259907081871826
2015-12-01,0.007664175122279258,0.00696620974359115,0.008406889211592295,-0.001440679468001145,-0.0007427140893130364,0.2791861514752436,0.0006979653786881091,True,0.0037276962867815663,9.319240716953916e-06,0.00839756997087534
2015-12-02,-0.006605440993255823,-0.006605440993255823,-0.007296314649344754,0.0006908736560889313,0.0006908736560889313,0.0,0.0,False,0.0,0.0,-0.007296314649344754
2015-12-03,-0.012050155823397735,-0.012050155823397735,-0.011786097987117945,-0.00026405783627979004,-0.00026405783627979004,0.0,0.0,False,0.0,0.0,-0.011786097987117945
2015-12-04,0.010296089874819435,0.010296089874819435,0.010230366314291325,6.572356052811021e-05,6.572356052811021e-05,0.0,0.0,False,0.0,0.0,0.010230366314291325
2015-12-07,-0.0023916756150136114,-0.0023916756150136114,-0.0038010165623538553,0.0014093409473402438,0.0014093409473402438,0.0,0.0,False,0.0,0.0,-0.0038010165623538553
2015-12-08,-0.0040384234853093484,-0.0040384234853093484,-0.005652649263261403,0.0016142257779520547,0.0016142257779520547,0.0,0.0,False,0.0,0.0,-0.005652649263261403
2015-12-09,-0.0033952689117490403,-0.0033952689117490403,-0.004151343961847382,0.0007560750500983419,0.0007560750500983419,0.0,0.0,False,0.0,0.0,-0.004151343961847382
2015-12-10,4.3758656156441976e-05,4.3758656156441976e-05,-0.00042445563172385553,0.0004682142878802975,0.0004682142878802975,0.0,0.0,False,0.0,0.0,-0.00042445563172385553
2015-12-11,-0.006898711518350347,-0.006898711518350347,-0.009768776722772727,0.00287006520442238,0.00287006520442238,0.0,0.0,False,0.0,0.0,-0.009768776722772727
2015-12-14,-0.0023011866304336395,-0.0023011866304336395,-0.0004068467531753878,-0.0018943398772582518,-0.0018943398772582518,0.0,0.0,False,0.0,0.0,-0.0004068467531753878
2015-12-15,0.004150229775717478,0.004150229775717478,0.005228696726192279,-0.0010784669504748006,-0.0010784669504748006,0.0,0.0,False,0.0,0.0,0.005228696726192279
2015-12-16,0.0069533797267421985,0.0069533797267421985,0.009358001319437816,-0.0024046215926956174,-0.0024046215926956174,0.0,0.0,False,0.0,0.0,0.009358001319437816
2015-12-17,-0.005602212542729232,-0.005602212542729232,-0.0067206117454354,0.0011183992027061678,0.0011183992027061678,0.0,0.0,False,0.0,0.0,-0.0067206117454354
2015-12-18,-0.006906425580024104,-0.006906425580024104,-0.006952009998768476,4.5584418744372066e-05,4.5584418744372066e-05,0.0,0.0,False,0.0,0.0,-0.006952009998768476
2015-12-21,0.0040261125178662005,0.0040261125178662005,0.0044486570467710315,-0.0004225445289048309,-0.0004225445289048309,0.0,0.0,False,0.0,0.0,0.0044486570467710315
2015-12-22,0.0032377027286600683,0.0032377027286600683,0.003902857733429081,-0.0006651550047690126,-0.0006651550047690126,0.0,0.0,False,0.0,0.0,0.003902857733429081
2015-12-23,0.005971590327714682,0.005971590327714682,0.007479326568590412,-0.00150773624087573,-0.00150773624087573,0.0,0.0,False,0.0,0.0,0.007479326568590412
2015-12-24,0.0005013623014266259,0.0005013623014266259,0.00012916711468712933,0.0003721951867394966,0.0003721951867394966,0.0,0.0,False,0.0,0.0,0.00012916711468712933
2015-12-28,-0.0014310681458348823,-0.0014310681458348823,-0.0019511556682941448,0.0005200875224592625,0.0005200875224592625,0.0,0.0,False,0.0,0.0,-0.0019511556682941448
2015-12-29,0.002764862860451646,0.002764862860451646,0.0026105708565437175,0.00015429200390792855,0.00015429200390792855,0.0,0.0,False,0.0,0.0,0.0026105708565437175
2015-12-30,-0.003595729072482921,-0.003595729072482921,-0.005048975946964562,0.0014532468744816412,0.0014532468744816412,0.0,0.0,False,0.0,0.0,-0.005048975946964562
2015-12-31,-0.004932709102329587,-0.004932709102329587,-0.0052411658982035175,0.0003084567958739305,0.0003084567958739305,0.0,0.0,False,0.0,0.0,-0.0052411658982035175
2016-01-04,-0.006463660499259374,-0.006474169963115405,-0.009251448593565541,0.002777278630450136,0.0027877880943061673,0.004203785542412572,1.050946385603143e-05,True,0.004606242365478748,1.1515605913696868e-05,-0.009262964199479237
2016-01-05,0.0005667924934644139,0.0005667924934644139,0.0004173055091517974,0.00014948698431261644,0.00014948698431261644,0.0,0.0,False,0.0,0.0,0.0004173055091517974
2016-01-06,-0.004214030974145473,-0.004214030974145473,-0.006350235844167792,0.002136204870022319,0.002136204870022319,0.0,0.0,False,0.0,0.0,-0.006350235844167792
2016-01-07,-0.011028931870713807,-0.011028931870713807,-0.013836279214302827,0.00280734734358902,0.00280734734358902,0.0,0.0,False,0.0,0.0,-0.013836279214302827
2016-01-08,-0.004904556978049676,-0.004904556978049676,-0.005961697885748452,0.0010571409076987762,0.0010571409076987762,0.0,0.0,False,0.0,0.0,-0.005961697885748452
2016-01-11,-0.001199907952702615,-0.001199907952702615,-0.0010919295028571194,-0.0001079784498454956,-0.0001079784498454956,0.0,0.0,False,0.0,0.0,-0.0010919295028571194
2016-01-12,0.005308713553024497,0.005308713553024497,0.005444029188112846,-0.00013531563508834867,-0.00013531563508834867,0.0,0.0,False,0.0,0.0,0.005444029188112846
2016-01-13,-0.01005232409277384,-0.01005232409277384,-0.010296598811218268,0.00024427471844442813,0.00024427471844442813,0.0,0.0,False,0.0,0.0,-0.010296598811218268
2016-01-14,0.006019549582003799,0.006019549582003799,0.006768836325142691,-0.0007492867431388916,-0.0007492867431388916,0.0,0.0,False,0.0,0.0,0.006768836325142691
2016-01-15,-0.010006500833417779,-0.010006500833417779,-0.014506104599892482,0.004499603766474703,0.004499603766474703,0.0,0.0,False,0.0,0.0,-0.014506104599892482
2016-01-19,-0.0007412033638463048,-0.0007412033638463048,0.0012888930173122616,-0.0020300963811585664,-0.0020300963811585664,0.0,0.0,False,0.0,0.0,0.0012888930173122616
2016-01-20,-0.003972075254603841,-0.003972075254603841,-0.0069890136708825904,0.0030169384162787496,0.0030169384162787496,0.0,0.0,False,0.0,0.0,-0.0069890136708825904
2016-01-21,0.0009945328965207767,0.0009945328965207767,0.0015465910392724591,-0.0005520581427516825,-0.0005520581427516825,0.0,0.0,False,0.0,0.0,0.0015465910392724591
2016-01-22,0.010167507599113598,0.010167507599113598,0.013865831371378853,-0.003698323772265255,-0.003698323772265255,0.0,0.0,False,0.0,0.0,0.013865831371378853
2016-01-25,-0.0065968050469604345,-0.0065968050469604345,-0.008164764283562208,0.0015679592366017736,0.0015679592366017736,0.0,0.0,False,0.0,0.0,-0.008164764283562208
2016-01-26,0.00804062558246985,0.00804062558246985,0.009439704736579995,-0.0013990791541101458,-0.0013990791541101458,0.0,0.0,False,0.0,0.0,0.009439704736579995
2016-01-27,-0.005204712677970459,-0.005204712677970459,-0.005336917049314079,0.00013220437134362027,0.00013220437134362027,0.0,0.0,False,0.0,0.0,-0.005336917049314079
2016-01-28,0.0026307334371807787,0.0026307334371807787,0.003950259298170377,-0.001319525860989598,-0.001319525860989598,0.0,0.0,False,0.0,0.0,0.003950259298170377
2016-01-29,0.014486415223669197,0.014486415223669197,0.016635440508470108,-0.002149025284800911,-0.002149025284800911,0.0,0.0,False,0.0,0.0,0.016635440508470108
2016-02-01,-0.001620478135581751,-0.0017809985917362362,-0.0025397237175315114,0.0007587251257952753,0.0009192455819497605,0.06420818246179405,0.0001605204561544851,True,0.019236726332433708,4.809181583108427e-05,-0.0025878155333625957
2016-02-02,-0.007270559838075142,-0.007270559838075142,-0.010583252438147648,0.0033126926000725063,0.0033126926000725063,0.0,0.0,False,0.0,0.0,-0.010583252438147648
2016-02-03,0.0025158366317846277,0.0025158366317846277,0.004812945998498951,-0.0022971093667143233,-0.0022971093667143233,0.0,0.0,False,0.0,0.0,0.004812945998498951
2016-02-04,0.0017010012236362193,0.0017010012236362193,0.0024028559641548486,-0.0007018547405186293,-0.0007018547405186293,0.0,0.0,False,0.0,0.0,0.0024028559641548486
2016-02-05,-0.008861634935130359,-0.008861634935130359,-0.010179835250682627,0.0013182003155522686,0.0013182003155522686,0.0,0.0,False,0.0,0.0,-0.010179835250682627
2016-02-08,-0.004103808283789661,-0.004103808283789661,-0.005459615619963987,0.0013558073361743268,0.0013558073361743268,0.0,0.0,False,0.0,0.0,-0.005459615619963987
2016-02-09,-0.002102070446641338,-0.002102070446641338,-0.003794257902723212,0.001692187456081874,0.001692187456081874,0.0,0.0,False,0.0,0.0,-0.003794257902723212
2016-02-10,0.0008169475950514046,0.0008169475950514046,0.0012859481369586567,-0.00046900054190725216,-0.00046900054190725216,0.0,0.0,False,0.0,0.0,0.0012859481369586567
2016-02-11,-0.004453855534130048,-0.004453855534130048,-0.006241305112844769,0.001787449578714721,0.001787449578714721,0.0,0.0,False,0.0,0.0,-0.006241305112844769
2016-02-12,0.006054253659814801,0.006054253659814801,0.007736154421972694,-0.0016819007621578933,-0.0016819007621578933,0.0,0.0,False,0.0,0.0,0.007736154421972694
2016-02-16,0.007209852394823158,0.007209852394823158,0.00932791938095937,-0.0021180669861362127,-0.0021180669861362127,0.0,0.0,False,0.0,0.0,0.00932791938095937
2016-02-17,0.007395395627903199,0.007395395627903199,0.009244590210210717,-0.0018491945823075184,-0.0018491945823075184,0.0,0.0,False,0.0,0.0,0.009244590210210717
2016-02-18,0.0005441636812542474,0.0005441636812542474,-2.8110885489511387e-05,0.0005722745667437588,0.0005722745667437588,0.0,0.0,False,0.0,0.0,-2.8110885489511387e-05
2016-02-19,-0.0003186777007084694,-0.0003186777007084694,-0.0005814286208816407,0.00026275092017317135,0.00026275092017317135,0.0,0.0,False,0.0,0.0,-0.0005814286208816407
2016-02-22,0.006727086282631811,0.006727086282631811,0.009069536497552044,-0.002342450214920233,-0.002342450214920233,0.0,0.0,False,0.0,0.0,0.009069536497552044
2016-02-23,-0.005860559055507038,-0.005860559055507038,-0.007878077310200416,0.0020175182546933786,0.0020175182546933786,0.0,0.0,False,0.0,0.0,-0.007878077310200416
2016-02-24,0.0014310527513570408,0.0014310527513570408,0.0011380126730462662,0.0002930400783107746,0.0002930400783107746,0.0,0.0,False,0.0,0.0,0.0011380126730462662
2016-02-25,0.00787485930590233,0.00787485930590233,0.007787469300341859,8.739000556047018e-05,8.739000556047018e-05,0.0,0.0,False,0.0,0.0,0.007787469300341859
2016-02-26,-0.0028068282144015386,-0.0028068282144015386,-0.003268035112586302,0.0004612068981847636,0.0004612068981847636,0.0,0.0,False,0.0,0.0,-0.003268035112586302
2016-02-29,-0.0029712681829615695,-0.0029712681829615695,-0.0019436666571052618,-0.0010276015258563077,-0.0010276015258563077,0.0,0.0,False,0.0,0.0,-0.0019436666571052618
2016-03-01,0.008990088552716059,0.008847537088425044,0.012344250259903728,-0.003496713171478684,-0.003354161707187669,0.05702058571640563,0.00014255146429101407,True,0.006127643319763149,1.531910829940787e-05,0.01232893115160432
2016-03-02,0.002480457525482244,0.002480457525482244,0.00445769360952275,-0.0019772360840405066,-0.0019772360840405066,0.0,0.0,False,0.0,0.0,0.00445769360952275
2016-03-03,0.004240654417706421,0.004240654417706421,0.005476139437514998,-0.0012354850198085772,-0.0012354850198085772,0.0,0.0,False,0.0,0.0,0.005476139437514998
2016-03-04,0.001319833656753471,0.001319833656753471,0.003460606441938974,-0.002140772785185503,-0.002140772785185503,0.0,0.0,False,0.0,0.0,0.003460606441938974
2016-03-07,-0.0005186218635700009,-0.0005186218635700009,0.00020770400795961465,-0.0007263258715296155,-0.0007263258715296155,0.0,0.0,False,0.0,0.0,0.00020770400795961465
2016-03-08,-0.002778854029492325,-0.002778854029492325,-0.005435387370319656,0.0026565333408273308,0.0026565333408273308,0.0,0.0,False,0.0,0.0,-0.005435387370319656
2016-03-09,0.0008281345792794039,0.0008281345792794039,0.0017417545775635082,-0.0009136199982841043,-0.0009136199982841043,0.0,0.0,False,0.0,0.0,0.0017417545775635082
2016-03-10,-0.000700533217374801,-0.000700533217374801,-0.0005314462939169419,-0.00016908692345785916,-0.00016908692345785916,0.0,0.0,False,0.0,0.0,-0.0005314462939169419
2016-03-11,0.00980666543002904,0.00980666543002904,0.011542548531421924,-0.0017358831013928842,-0.0017358831013928842,0.0,0.0,False,0.0,0.0,0.011542548531421924
2016-03-14,-0.00018425286970400996,-0.00018425286970400996,-0.0007661688254928298,0.0005819159557888198,0.0005819159557888198,0.0,0.0,False,0.0,0.0,-0.0007661688254928298
2016-03-15,-0.002532115937055358,-0.002532115937055358,-0.004291178077545992,0.001759062140490634,0.001759062140490634,0.0,0.0,False,0.0,0.0,-0.004291178077545992
2016-03-16,0.0060764247767545005,0.0060764247767545005,0.007420151987253936,-0.0013437272104994359,-0.0013437272104994359,0.0,0.0,False,0.0,0.0,0.007420151987253936
2016-03-17,0.004395550936481054,0.004395550936481054,0.007072094949270131,-0.0026765440127890774,-0.0026765440127890774,0.0,0.0,False,0.0,0.0,0.007072094949270131
2016-03-18,0.0018335668654407213,0.0018335668654407213,0.0027200488718658314,-0.0008864820064251101,-0.0008864820064251101,0.0,0.0,False,0.0,0.0,0.0027200488718658314
2016-03-21,-0.0009663381217703167,-0.0009663381217703167,-0.0007829035779113632,-0.00018343454385895343,-0.00018343454385895343,0.0,0.0,False,0.0,0.0,-0.0007829035779113632
2016-03-22,-0.0014893325527392883,-0.0014893325527392883,-0.001429174878958875,-6.0157673780413326e-05,-6.0157673780413326e-05,0.0,0.0,False,0.0,0.0,-0.001429174878958875
2016-03-23,-0.0019421017628261056,-0.0019421017628261056,-0.004204362937370393,0.0022622611745442872,0.0022622611745442872,0.0,0.0,False,0.0,0.0,-0.004204362937370393
2016-03-24,-0.0018681643941231597,-0.0018681643941231597,-0.001497277088442167,-0.00037088730568099275,-0.00037088730568099275,0.0,0.0,False,0.0,0.0,-0.001497277088442167
2016-03-28,0.00195786900655152,0.00195786900655152,0.0019370962367768851,2.0772769774634724e-05,2.0772769774634724e-05,0.0,0.0,False,0.0,0.0,0.0019370962367768851
2016-03-29,0.008046960998221447,0.008046960998221447,0.009770351498627601,-0.001723390500406154,-0.001723390500406154,0.0,0.0,False,0.0,0.0,0.009770351498627601
2016-03-30,0.002295315263589487,0.002295315263589487,0.002648931431174864,-0.00035361616758537674,-0.00035361616758537674,0.0,0.0,False,0.0,0.0,0.002648931431174864
2016-03-31,-0.0009897266158664275,-0.0009897266158664275,-0.0005981664062936103,-0.0003915602095728172,-0.0003915602095728172,0.0,0.0,False,0.0,0.0,-0.0005981664062936103
2016-04-01,0.0010262232403014054,0.0009323415197863759,0.0009281267791032275,4.214740683148384e-06,9.809646119817795e-05,0.037552688206011826,9.388172051502956e-05,True,0.014884680730180778,3.721170182545194e-05,0.0008909150772777756
2016-04-04,-0.0010509417892948228,-0.0010509417892948228,-0.0026284563174132636,0.0015775145281184408,0.0015775145281184408,0.0,0.0,False,0.0,0.0,-0.0026284563174132636
2016-04-05,-0.004768648451792948,-0.004768648451792948,-0.00659478996455015,0.001826141512757202,0.001826141512757202,0.0,0.0,False,0.0,0.0,-0.00659478996455015
2016-04-06,0.005462496519228228,0.005462496519228228,0.006463748177071109,-0.0010012516578428807,-0.0010012516578428807,0.0,0.0,False,0.0,0.0,0.006463748177071109
2016-04-07,-0.004309778285895603,-0.004309778285895603,-0.006337359798839766,0.0020275815129441625,0.0020275815129441625,0.0,0.0,False,0.0,0.0,-0.006337359798839766
2016-04-08,0.003055790209285088,0.003055790209285088,0.004507379638210949,-0.001451589428925861,-0.001451589428925861,0.0,0.0,False,0.0,0.0,0.004507379638210949
2016-04-11,-0.0008095696455836058,-0.0008095696455836058,0.00036685167994467507,-0.001176421325528281,-0.001176421325528281,0.0,0.0,False,0.0,0.0,0.00036685167994467507
2016-04-12,0.003639323173557564,0.003639323173557564,0.0052999491129781485,-0.0016606259394205845,-0.0016606259394205845,0.0,0.0,False,0.0,0.0,0.0052999491129781485
2016-04-13,0.0068131204513728815,0.0068131204513728815,0.00909979308206845,-0.002286672630695568,-0.002286672630695568,0.0,0.0,False,0.0,0.0,0.00909979308206845
2016-04-14,-0.0003682984680359429,-0.0003682984680359429,-0.0008519754522005244,0.0004836769841645815,0.0004836769841645815,0.0,0.0,False,0.0,0.0,-0.0008519754522005244
2016-04-15,0.0008759431230153363,0.0008759431230153363,0.000522094386416196,0.00035384873659914033,0.00035384873659914033,0.0,0.0,False,0.0,0.0,0.000522094386416196
2016-04-18,0.0036552063720062585,0.0036552063720062585,0.00399803112054544,-0.0003428247485391814,-0.0003428247485391814,0.0,0.0,False,0.0,0.0,0.00399803112054544
2016-04-19,0.0036193211306713613,0.0036193211306713613,0.004949688569083315,-0.0013303674384119537,-0.0013303674384119537,0.0,0.0,False,0.0,0.0,0.004949688569083315
2016-04-20,-0.001660458695816992,-0.001660458695816992,-0.0019161479019534475,0.0002556892061364555,0.0002556892061364555,0.0,0.0,False,0.0,0.0,-0.0019161479019534475
2016-04-21,-0.003509744562177683,-0.003509744562177683,-0.004479429120799937,0.0009696845586222541,0.0009696845586222541,0.0,0.0,False,0.0,0.0,-0.004479429120799937
2016-04-22,-0.00014187514873234008,-0.00014187514873234008,-0.00020535334849976293,6.347819976742285e-05,6.347819976742285e-05,0.0,0.0,False,0.0,0.0,-0.00020535334849976293
2016-04-25,-0.0021400237728814893,-0.0021400237728814893,-0.003056710787249002,0.0009166870143675126,0.0009166870143675126,0.0,0.0,False,0.0,0.0,-0.003056710787249002
2016-04-26,0.0003226265216455385,0.0003226265216455385,0.0018634803936569445,-0.001540853872011406,-0.001540853872011406,0.0,0.0,False,0.0,0.0,0.0018634803936569445
2016-04-27,0.0036135905668979434,0.0036135905668979434,0.004017620193090802,-0.00040402962619285904,-0.00040402962619285904,0.0,0.0,False,0.0,0.0,0.004017620193090802
2016-04-28,-0.004111229092170402,-0.004111229092170402,-0.005423694945867321,0.0013124658536969192,0.0013124658536969192,0.0,0.0,False,0.0,0.0,-0.005423694945867321
2016-04-29,-0.0025571815458827443,-0.0025571815458827443,-0.002940770267733745,0.00038358872185100066,0.00038358872185100066,0.0,0.0,False,0.0,0.0,-0.002940770267733745
2016-05-02,0.003090890922047208,0.0030815471851171465,0.0027014410571219393,0.00038010612799520716,0.0003894498649252686,0.0037374947720245984,9.343736930061495e-06,True,0.003877987232148314,9.694968080370784e-06,0.0026917460890415685
2016-05-03,-0.003399879186594992,-0.003399879186594992,-0.006681818855028642,0.00328193966843365,0.00328193966843365,0.0,0.0,False,0.0,0.0,-0.006681818855028642
2016-05-04,-0.003382439551578633,-0.003382439551578633,-0.005002079858297707,0.0016196403067190736,0.0016196403067190736,0.0,0.0,False,0.0,0.0,-0.005002079858297707
2016-05-05,0.0008426448623318812,0.0008426448623318812,0.0005976611883572795,0.00024498367397460166,0.00024498367397460166,0.0,0.0,False,0.0,0.0,0.0005976611883572795
2016-05-06,0.0005801883271395535,0.0005801883271395535,0.0009280907041012998,-0.0003479023769617463,-0.0003479023769617463,0.0,0.0,False,0.0,0.0,0.0009280907041012998
2016-05-09,0.0004899190903126926,0.0004899190903126926,-0.0007545350928889112,0.0012444541832016037,0.0012444541832016037,0.0,0.0,False,0.0,0.0,-0.0007545350928889112
2016-05-10,0.006769847682503613,0.006769847682503613,0.0084146587350568,-0.001644811052553187,-0.001644811052553187,0.0,0.0,False,0.0,0.0,0.0084146587350568
2016-05-11,-0.0039640540573956514,-0.0039640540573956514,-0.004210261517419996,0.00024620746002434416,0.00024620746002434416,0.0,0.0,False,0.0,0.0,-0.004210261517419996
2016-05-12,-0.0011992432163931309,-0.0011992432163931309,-0.0015855199877595806,0.00038627677136644973,0.00038627677136644973,0.0,0.0,False,0.0,0.0,-0.0015855199877595806
2016-05-13,-0.0030748269037223948,-0.0030748269037223948,-0.0046669310160469225,0.0015921041123245277,0.0015921041123245277,0.0,0.0,False,0.0,0.0,-0.0046669310160469225
2016-05-16,0.0035591601672324284,0.0035591601672324284,0.00481449919617121,-0.0012553390289387818,-0.0012553390289387818,0.0,0.0,False,0.0,0.0,0.00481449919617121
2016-05-17,-0.004947671277352384,-0.004947671277352384,-0.005370813756639009,0.00042314247928662476,0.00042314247928662476,0.0,0.0,False,0.0,0.0,-0.005370813756639009
2016-05-18,-0.003887227681231395,-0.003887227681231395,-0.0042035821454692425,0.0003163544642378474,0.0003163544642378474,0.0,0.0,False,0.0,0.0,-0.0042035821454692425
2016-05-19,-0.0016642620769256656,-0.0016642620769256656,-0.002620775111135641,0.0009565130342099755,0.0009565130342099755,0.0,0.0,False,0.0,0.0,-0.002620775111135641
2016-05-20,0.0038309102923790345,0.0038309102923790345,0.005183861100375568,-0.0013529508079965333,-0.0013529508079965333,0.0,0.0,False,0.0,0.0,0.005183861100375568
2016-05-23,-0.0007771633134494646,-0.0007771633134494646,-0.0008986188631061865,0.00012145554965672185,0.00012145554965672185,0.0,0.0,False,0.0,0.0,-0.0008986188631061865
2016-05-24,0.006021296158893385,0.006021296158893385,0.007266448087742645,-0.0012451519288492596,-0.0012451519288492596,0.0,0.0,False,0.0,0.0,0.007266448087742645
2016-05-25,0.0041528407252194475,0.0041528407252194475,0.005056722705711029,-0.0009038819804915816,-0.0009038819804915816,0.0,0.0,False,0.0,0.0,0.005056722705711029
2016-05-26,0.0020141086109019117,0.0020141086109019117,0.002386399712079077,-0.00037229110117716546,-0.00037229110117716546,0.0,0.0,False,0.0,0.0,0.002386399712079077
2016-05-27,0.0005852486933761229,0.0005852486933761229,0.001058039462649323,-0.0004727907692732,-0.0004727907692732,0.0,0.0,False,0.0,0.0,0.001058039462649323
2016-05-31,-0.0007815122404229524,-0.0007815122404229524,-0.0003860371503077247,-0.00039547509011522773,-0.00039547509011522773,0.0,0.0,False,0.0,0.0,-0.0003860371503077247
2016-06-01,0.0005635333281053394,0.0005511470842407802,0.001006096345321117,-0.00045494926108033667,-0.0004425630172157775,0.004954497545823685,1.2386243864559212e-05,True,0.005880415405235508,1.470103851308877e-05,0.0009913953068080282
2016-06-02,0.0024336684117225137,0.0024336684117225137,0.00339868393498437,-0.0009650155232618562,-0.0009650155232618562,0.0,0.0,False,0.0,0.0,0.00339868393498437
2016-06-03,0.0043635000589833895,0.0043635000589833895,0.005079862070326227,-0.0007163620113428372,-0.0007163620113428372,0.0,0.0,False,0.0,0.0,0.005079862070326227
2016-06-06,0.0014132086523764471,0.0014132086523764471,0.002706557042171447,-0.0012933483897949998,-0.0012933483897949998,0.0,0.0,False,0.0,0.0,0.002706557042171447
2016-06-07,0.002431131682951842,0.002431131682951842,0.0032626498701433895,-0.0008315181871915477,-0.0008315181871915477,0.0,0.0,False,0.0,0.0,0.0032626498701433895
2016-06-08,0.0023460303719776204,0.0023460303719776204,0.0033896088019957603,-0.0010435784300181399,-0.0010435784300181399,0.0,0.0,False,0.0,0.0,0.0033896088019957603
2016-06-09,-0.0017182141270514067,-0.0017182141270514067,-0.0029174409759119826,0.0011992268488605759,0.0011992268488605759,0.0,0.0,False,0.0,0.0,-0.0029174409759119826
2016-06-10,-0.006556232998825749,-0.006556232998825749,-0.009302165069577895,0.002745932070752146,0.002745932070752146,0.0,0.0,False,0.0,0.0,-0.009302165069577895
2016-06-13,-0.004471788801182364,-0.004471788801182364,-0.005970668282716922,0.0014988794815345577,0.0014988794815345577,0.0,0.0,False,0.0,0.0,-0.005970668282716922
2016-06-14,-0.0035635378427639913,-0.0035635378427639913,-0.0038056869630979217,0.00024214912033393042,0.00024214912033393042,0.0,0.0,False,0.0,0.0,-0.0038056869630979217
2016-06-15,0.0021545621219078628,0.0021545621219078628,0.0030252740202528377,-0.0008707118983449749,-0.0008707118983449749,0.0,0.0,False,0.0,0.0,0.0030252740202528377
2016-06-16,0.001958959798236832,0.001958959798236832,0.001528267193748567,0.0004306926044882649,0.0004306926044882649,0.0,0.0,False,0.0,0.0,0.001528267193748567
2016-06-17,-0.0014226949292010485,-0.0014226949292010485,-0.0011104993061542593,-0.0003121956230467892,-0.0003121956230467892,0.0,0.0,False,0.0,0.0,-0.0011104993061542593
2016-06-20,0.00436442676944943,0.00436442676944943,0.006204522054773261,-0.0018400952853238313,-0.0018400952853238313,0.0,0.0,False,0.0,0.0,0.006204522054773261
2016-06-21,0.0013470896239027312,0.0013470896239027312,0.0018990603608040567,-0.0005519707369013255,-0.0005519707369013255,0.0,0.0,False,0.0,0.0,0.0018990603608040567
2016-06-22,0.00029255841723902436,0.00029255841723902436,0.00024721915868982465,4.533925854919972e-05,4.533925854919972e-05,0.0,0.0,False,0.0,0.0,0.00024721915868982465
2016-06-23,0.007096648999905356,0.007096648999905356,0.009694706966309762,-0.002598057966404406,-0.002598057966404406,0.0,0.0,False,0.0,0.0,0.009694706966309762
2016-06-24,-0.020976684694855127,-0.020976684694855127,-0.027072507617327535,0.006095822922472408,0.006095822922472408,0.0,0.0,False,0.0,0.0,-0.027072507617327535
2016-06-27,-0.005340515039259544,-0.005340515039259544,-0.007162508455036052,0.0018219934157765079,0.0018219934157765079,0.0,0.0,False,0.0,0.0,-0.007162508455036052
2016-06-28,0.010782361142239372,0.010782361142239372,0.013554336300290633,-0.0027719751580512608,-0.0027719751580512608,0.0,0.0,False,0.0,0.0,0.013554336300290633
2016-06-29,0.007086744730850903,0.007086744730850903,0.009943861830041738,-0.0028571170991908354,-0.0028571170991908354,0.0,0.0,False,0.0,0.0,0.009943861830041738
2016-06-30,0.008293752015057094,0.008293752015057094,0.00928076675003339,-0.0009870147349762964,-0.0009870147349762964,0.0,0.0,False,0.0,0.0,0.00928076675003339
2016-07-01,0.0029787616953068667,0.0025692318245798314,0.0037768114684519354,-0.001207579643872104,-0.0007980497731450687,0.16381194829081402,0.000409529870727035,True,0.01054751572140128,2.6368789303503198e-05,0.003750442679148432
2016-07-05,-0.0024890971430157277,-0.0024890971430157277,-0.005687243416924124,0.0031981462739083966,0.0031981462739083966,0.0,0.0,False,0.0,0.0,-0.005687243416924124
2016-07-06,0.0035589495804727307,0.0035589495804727307,0.002010303614532062,0.0015486459659406686,0.0015486459659406686,0.0,0.0,False,0.0,0.0,0.002010303614532062
2016-07-07,-0.00031373113169126074,-0.00031373113169126074,-0.0011792353065120731,0.0008655041748208124,0.0008655041748208124,0.0,0.0,False,0.0,0.0,-0.0011792353065120731
2016-07-08,0.010389704829126023,0.010389704829126023,0.011613156723554462,-0.0012234518944284397,-0.0012234518944284397,0.0,0.0,False,0.0,0.0,0.011613156723554462
2016-07-11,0.000917497676639019,0.000917497676639019,0.002861203047103059,-0.00194370537046404,-0.00194370537046404,0.0,0.0,False,0.0,0.0,0.002861203047103059
2016-07-12,0.0018935583765394878,0.0018935583765394878,0.0034431443562640317,-0.001549585979724544,-0.001549585979724544,0.0,0.0,False,0.0,0.0,0.0034431443562640317
2016-07-13,0.0007365086014125839,0.0007365086014125839,0.0010945320692442423,-0.00035802346783165846,-0.00035802346783165846,0.0,0.0,False,0.0,0.0,0.0010945320692442423
2016-07-14,0.0003750024696318454,0.0003750024696318454,0.002581709896298664,-0.0022067074266668187,-0.0022067074266668187,0.0,0.0,False,0.0,0.0,0.002581709896298664
2016-07-15,-0.001861115746151398,-0.001861115746151398,-0.002992628948578984,0.0011315132024275858,0.0011315132024275858,0.0,0.0,False,0.0,0.0,-0.002992628948578984
2016-07-18,0.0011391461272783978,0.0011391461272783978,0.002088953107817458,-0.00094980698053906,-0.00094980698053906,0.0,0.0,False,0.0,0.0,0.002088953107817458
2016-07-19,-2.9200733268942478e-05,-2.9200733268942478e-05,-0.001746208276262538,0.0017170075429935954,0.0017170075429935954,0.0,0.0,False,0.0,0.0,-0.001746208276262538
2016-07-20,0.0018142640619371667,0.0018142640619371667,0.0027440987720148114,-0.0009298347100776447,-0.0009298347100776447,0.0,0.0,False,0.0,0.0,0.0027440987720148114
2016-07-21,-0.0012146856182305669,-0.0012146856182305669,-0.0016124798954205832,0.0003977942771900163,0.0003977942771900163,0.0,0.0,False,0.0,0.0,-0.0016124798954205832
2016-07-22,0.0024635942997567654,0.0024635942997567654,0.002621824383279715,-0.0001582300835229495,-0.0001582300835229495,0.0,0.0,False,0.0,0.0,0.002621824383279715
2016-07-25,-0.0015638135191045448,-0.0015638135191045448,-0.002389188028686327,0.0008253745095817824,0.0008253745095817824,0.0,0.0,False,0.0,0.0,-0.002389188028686327
2016-07-26,0.001029708498683715,0.001029708498683715,0.0018768819827079354,-0.0008471734840242203,-0.0008471734840242203,0.0,0.0,False,0.0,0.0,0.0018768819827079354
2016-07-27,0.0021214294144366783,0.0021214294144366783,0.0027741036976353293,-0.000652674283198651,-0.000652674283198651,0.0,0.0,False,0.0,0.0,0.0027741036976353293
2016-07-28,2.327731810740114e-05,2.327731810740114e-05,-4.304964025470781e-05,6.632695836210895e-05,6.632695836210895e-05,0.0,0.0,False,0.0,0.0,-4.304964025470781e-05
2016-07-29,0.002708693951686679,0.002708693951686679,0.00461157426716206,-0.001902880315475381,-0.001902880315475381,0.0,0.0,False,0.0,0.0,0.00461157426716206
2016-08-01,-0.002170981399305886,-0.002194408977441325,-0.0034645980965138153,0.0012701891190724903,0.0012936166972079294,0.009371031254175752,2.342757813543938e-05,True,0.007779135827220684,1.944783956805171e-05,-0.0034840459360818673
2016-08-02,-0.006118644522405953,-0.006118644522405953,-0.005931298109294258,-0.00018734641311169472,-0.00018734641311169472,0.0,0.0,False,0.0,0.0,-0.005931298109294258
2016-08-03,0.0026900609413005477,0.0026900609413005477,0.0014276694134919493,0.0012623915278085983,0.0012623915278085983,0.0,0.0,False,0.0,0.0,0.0014276694134919493
2016-08-04,0.0019604685396043264,0.0019604685396043264,0.0032716151941525927,-0.0013111466545482663,-0.0013111466545482663,0.0,0.0,False,0.0,0.0,0.0032716151941525927
2016-08-05,0.0024344407224486803,0.0024344407224486803,0.0026489069331371174,-0.00021446621068843714,-0.00021446621068843714,0.0,0.0,False,0.0,0.0,0.0026489069331371174
2016-08-08,-0.00037989177601076654,-0.00037989177601076654,0.0009084211001751365,-0.0012883128761859031,-0.0012883128761859031,0.0,0.0,False,0.0,0.0,0.0009084211001751365
2016-08-09,0.002449909868960501,0.002449909868960501,0.004180658973693069,-0.0017307491047325683,-0.0017307491047325683,0.0,0.0,False,0.0,0.0,0.004180658973693069
2016-08-10,-0.0007061590443855742,-0.0007061590443855742,0.0005800771721320742,-0.0012862362165176485,-0.0012862362165176485,0.0,0.0,False,0.0,0.0,0.0005800771721320742
2016-08-11,0.0002624954623946684,0.0002624954623946684,0.0021422364081360953,-0.001879740945741427,-0.001879740945741427,0.0,0.0,False,0.0,0.0,0.0021422364081360953
2016-08-12,0.0017295680651343082,0.0017295680651343082,0.0008098230710985924,0.0009197449940357158,0.0009197449940357158,0.0,0.0,False,0.0,0.0,0.0008098230710985924
2016-08-15,0.001158621919951177,0.001158621919951177,0.0015192996875296497,-0.0003606777675784728,-0.0003606777675784728,0.0,0.0,False,0.0,0.0,0.0015192996875296497
2016-08-16,-0.003968435620553135,-0.003968435620553135,-0.0033832683744982016,-0.0005851672460549335,-0.0005851672460549335,0.0,0.0,False,0.0,0.0,-0.0033832683744982016
2016-08-17,0.0011335754015729946,0.0011335754015729946,0.0007248063021276658,0.00040876909944532883,0.00040876909944532883,0.0,0.0,False,0.0,0.0,0.0007248063021276658
2016-08-18,0.0029401808593179455,0.0029401808593179455,0.0035672515217855163,-0.0006270706624675708,-0.0006270706624675708,0.0,0.0,False,0.0,0.0,0.0035672515217855163
2016-08-19,-0.00210402393635233,-0.00210402393635233,-0.003507945750996994,0.001403921814644664,0.001403921814644664,0.0,0.0,False,0.0,0.0,-0.003507945750996994
2016-08-22,0.0016072863145923165,0.0016072863145923165,0.00024108615940672973,0.0013662001551855867,0.0013662001551855867,0.0,0.0,False,0.0,0.0,0.00024108615940672973
2016-08-23,0.0019726363003398154,0.0019726363003398154,0.0013922144625898314,0.000580421837749984,0.000580421837749984,0.0,0.0,False,0.0,0.0,0.0013922144625898314
2016-08-24,-0.0033397545818792222,-0.0033397545818792222,-0.00231852968308919,-0.0010212248987900322,-0.0010212248987900322,0.0,0.0,False,0.0,0.0,-0.00231852968308919
2016-08-25,-0.0006149682975614432,-0.0006149682975614432,-0.0012913329064000892,0.000676364608838646,0.000676364608838646,0.0,0.0,False,0.0,0.0,-0.0012913329064000892
2016-08-26,-0.002760548747585991,-0.002760548747585991,-0.003965673018191687,0.001205124270605696,0.001205124270605696,0.0,0.0,False,0.0,0.0,-0.003965673018191687
2016-08-29,0.004804542983413032,0.004804542983413032,0.005302515739643319,-0.0004979727562302869,-0.0004979727562302869,0.0,0.0,False,0.0,0.0,0.005302515739643319
2016-08-30,-0.0004918154168508078,-0.0004918154168508078,-0.0012819256699464457,0.0007901102530956379,0.0007901102530956379,0.0,0.0,False,0.0,0.0,-0.0012819256699464457
2016-08-31,-0.0023754236116570525,-0.0023754236116570525,-0.002798720621190221,0.0004232970095331685,0.0004232970095331685,0.0,0.0,False,0.0,0.0,-0.002798720621190221
2016-09-01,0.000538523026987279,8.852302721367117e-05,0.0022140725702174623,-0.0021255495430037913,-0.0016755495432301832,0.17999999990944313,0.00044999999977360784,True,0.0026970283573682224,6.742570893420556e-06,0.0022073299993240415
2016-09-02,0.004134930143394526,0.004134930143394526,0.004021600367090504,0.00011332977630402162,0.00011332977630402162,0.0,0.0,False,0.0,0.0,0.004021600367090504
2016-09-06,0.004712320796109134,0.004712320796109134,0.005956090341759788,-0.0012437695456506536,-0.0012437695456506536,0.0,0.0,False,0.0,0.0,0.005956090341759788
2016-09-07,0.0010900385504595488,0.0010900385504595488,-9.606043082968714e-05,0.0011860989812892359,0.0011860989812892359,0.0,0.0,False,0.0,0.0,-9.606043082968714e-05
2016-09-08,-0.004527305102372848,-0.004527305102372848,-0.004120347688438537,-0.00040695741393431076,-0.00040695741393431076,0.0,0.0,False,0.0,0.0,-0.004120347688438537
2016-09-09,-0.01943968134886295,-0.01943968134886295,-0.01802603132840532,-0.0014136500204576276,-0.0014136500204576276,0.0,0.0,False,0.0,0.0,-0.01802603132840532
2016-09-12,0.008311148995411495,0.008311148995411495,0.007116101342040186,0.0011950476533713096,0.0011950476533713096,0.0,0.0,False,0.0,0.0,0.007116101342040186
2016-09-13,-0.012030851498131209,-0.012030851498131209,-0.012666242639525687,0.0006353911413944785,0.0006353911413944785,0.0,0.0,False,0.0,0.0,-0.012666242639525687
2016-09-14,0.0009638542126205716,0.0009638542126205716,0.0006195763574448917,0.00034427785517568,0.00034427785517568,0.0,0.0,False,0.0,0.0,0.0006195763574448917
2016-09-15,0.005265331891961727,0.005265331891961727,0.006548888034989271,-0.0012835561430275437,-0.0012835561430275437,0.0,0.0,False,0.0,0.0,0.006548888034989271
2016-09-16,-0.001431029306957351,-0.001431029306957351,-0.003089113317004747,0.0016580840100473963,0.0016580840100473963,0.0,0.0,False,0.0,0.0,-0.003089113317004747
2016-09-19,0.001781996297808659,0.001781996297808659,0.0014194900967925393,0.0003625062010161196,0.0003625062010161196,0.0,0.0,False,0.0,0.0,0.0014194900967925393
2016-09-20,-0.0002685678487376889,-0.0002685678487376889,0.0014395036998656467,-0.0017080715486033357,-0.0017080715486033357,0.0,0.0,False,0.0,0.0,0.0014395036998656467
2016-09-21,0.00972150497528967,0.00972150497528967,0.011053249617038872,-0.0013317446417492017,-0.0013317446417492017,0.0,0.0,False,0.0,0.0,0.011053249617038872
2016-09-22,0.007392035819189513,0.007392035819189513,0.006462080017243179,0.0009299558019463337,0.0009299558019463337,0.0,0.0,False,0.0,0.0,0.006462080017243179
2016-09-23,-0.002763000932115672,-0.002763000932115672,-0.004664994976617411,0.0019019940445017388,0.0019019940445017388,0.0,0.0,False,0.0,0.0,-0.004664994976617411
2016-09-26,-0.003591279090773814,-0.003591279090773814,-0.00471633793241337,0.0011250588416395558,0.0011250588416395558,0.0,0.0,False,0.0,0.0,-0.00471633793241337
2016-09-27,0.001808271374551619,0.001808271374551619,0.0052903084701708975,-0.0034820370956192784,-0.0034820370956192784,0.0,0.0,False,0.0,0.0,0.0052903084701708975
2016-09-28,0.003427927626804405,0.003427927626804405,0.003764872430120616,-0.0003369448033162109,-0.0003369448033162109,0.0,0.0,False,0.0,0.0,0.003764872430120616
2016-09-29,-0.006774008222158838,-0.006774008222158838,-0.006921940221994671,0.00014793199983583263,0.00014793199983583263,0.0,0.0,False,0.0,0.0,-0.006921940221994671
2016-09-30,0.002791217624435933,0.002791217624435933,0.0032004084302610153,-0.00040919080582508226,-0.00040919080582508226,0.0,0.0,False,0.0,0.0,0.0032004084302610153
2016-10-03,-0.004181289043200765,-0.004827179707591586,-0.001645053775964089,-0.003182125931627497,-0.0025362352672366763,0.2583562657563283,0.0006458906643908208,True,0.003746803134698485,9.367007836746213e-06,-0.0016544207838008352
2016-10-04,-0.006001058634141776,-0.006001058634141776,-0.00511836146463396,-0.0008826971695078158,-0.0008826971695078158,0.0,0.0,False,0.0,0.0,-0.00511836146463396
2016-10-05,0.0001280212227396391,0.0001280212227396391,0.0028498423749867352,-0.002721821152247096,-0.002721821152247096,0.0,0.0,False,0.0,0.0,0.0028498423749867352
2016-10-06,-0.00013962485564796397,-0.00013962485564796397,-0.0012533830702818876,0.0011137582146339235,0.0011137582146339235,0.0,0.0,False,0.0,0.0,-0.0012533830702818876
2016-10-07,-0.0017771211984238101,-0.0017771211984238101,-0.001977022355918568,0.00019990115749475806,0.00019990115749475806,0.0,0.0,False,0.0,0.0,-0.001977022355918568
2016-10-10,0.003994946266222637,0.003994946266222637,0.002884922430884289,0.0011100238353383479,0.0011100238353383479,0.0,0.0,False,0.0,0.0,0.002884922430884289
2016-10-11,-0.009438834522615404,-0.009438834522615404,-0.009824443768643457,0.0003856092460280524,0.0003856092460280524,0.0,0.0,False,0.0,0.0,-0.009824443768643457
2016-10-12,0.001834565620396782,0.001834565620396782,7.520539236990472e-05,0.0017593602280268773,0.0017593602280268773,0.0,0.0,False,0.0,0.0,7.520539236990472e-05
2016-10-13,-0.0007337765630923089,-0.0007337765630923089,-0.00188289710199369,0.0011491205389013812,0.0011491205389013812,0.0,0.0,False,0.0,0.0,-0.00188289710199369
2016-10-14,-0.003194048776179334,-0.003194048776179334,-0.0016425671271006748,-0.0015514816490786593,-0.0015514816490786593,0.0,0.0,False,0.0,0.0,-0.0016425671271006748
2016-10-17,0.0002595162345734761,0.0002595162345734761,-0.0004038010853226248,0.0006633173198961009,0.0006633173198961009,0.0,0.0,False,0.0,0.0,-0.0004038010853226248
2016-10-18,0.004692020743175522,0.004692020743175522,0.0063338258419576516,-0.0016418050987821297,-0.0016418050987821297,0.0,0.0,False,0.0,0.0,0.0063338258419576516
2016-10-19,0.0022952956201448384,0.0022952956201448384,0.002368378484672194,-7.308286452735544e-05,-7.308286452735544e-05,0.0,0.0,False,0.0,0.0,0.002368378484672194
2016-10-20,-0.0013882366145703696,-0.0013882366145703696,-0.0009508025917725025,-0.0004374340227978671,-0.0004374340227978671,0.0,0.0,False,0.0,0.0,-0.0009508025917725025
2016-10-21,3.558577940047993e-05,3.558577940047993e-05,0.00013241767734967048,-9.683189794919056e-05,-9.683189794919056e-05,0.0,0.0,False,0.0,0.0,0.00013241767734967048
2016-10-24,0.0014731715923806937,0.0014731715923806937,0.001077817145753857,0.00039535444662683675,0.00039535444662683675,0.0,0.0,False,0.0,0.0,0.001077817145753857
2016-10-25,-0.0026537923402678164,-0.0026537923402678164,-0.0013902630322365943,-0.001263529308031222,-0.001263529308031222,0.0,0.0,False,0.0,0.0,-0.0013902630322365943
2016-10-26,-0.005231009250712151,-0.005231009250712151,-0.0042315314170672256,-0.0009994778336449251,-0.0009994778336449251,0.0,0.0,False,0.0,0.0,-0.0042315314170672256
2016-10-27,-0.00716226087804986,-0.00716226087804986,-0.004312978273961453,-0.0028492826040884076,-0.0028492826040884076,0.0,0.0,False,0.0,0.0,-0.004312978273961453
2016-10-28,-0.001800386797770686,-0.001800386797770686,-0.0017315266720811678,-6.886012568951827e-05,-6.886012568951827e-05,0.0,0.0,False,0.0,0.0,-0.0017315266720811678
2016-10-31,0.002661942240789989,0.002661942240789989,0.0014565403001666234,0.0012054019406233657,0.0012054019406233657,0.0,0.0,False,0.0,0.0,0.0014565403001666234
2016-11-01,-0.0046762573968869145,-0.0053753188011561245,-0.004419521513260705,-0.0009557972878954197,-0.00025673588362620965,0.2796245617076839,0.0006990614042692097,True,0.0030903441852266345,7.725860463066586e-06,-0.004427247373723771
2016-11-02,-0.002452753355893734,-0.002452753355893734,-0.003591495710940574,0.00113874235504684,0.00113874235504684,0.0,0.0,False,0.0,0.0,-0.003591495710940574
2016-11-03,-0.005210395756460499,-0.005210395756460499,-0.0028503128520102564,-0.0023600829044502425,-0.0023600829044502425,0.0,0.0,False,0.0,0.0,-0.0028503128520102564
2016-11-04,0.004068086319937663,0.004068086319937663,-0.0009327565038478766,0.005000842823785539,0.005000842823785539,0.0,0.0,False,0.0,0.0,-0.0009327565038478766
2016-11-07,0.008574839186846667,0.008574839186846667,0.011987281306512217,-0.00341244211966555,-0.00341244211966555,0.0,0.0,False,0.0,0.0,0.011987281306512217
2016-11-08,0.000314371047762422,0.000314371047762422,0.0012990929254277073,-0.0009847218776652853,-0.0009847218776652853,0.0,0.0,False,0.0,0.0,0.0012990929254277073
2016-11-09,-0.007443947736603318,-0.007443947736603318,-0.005745009663789595,-0.0016989380728137226,-0.0016989380728137226,0.0,0.0,False,0.0,0.0,-0.005745009663789595
2016-11-10,-0.0011801540515073948,-0.0011801540515073948,-0.0036244015219746833,0.0024442474704672885,0.0024442474704672885,0.0,0.0,False,0.0,0.0,-0.0036244015219746833
2016-11-11,0.0006338539936385911,0.0006338539936385911,-0.0035367174843559356,0.004170571477994526,0.004170571477994526,0.0,0.0,False,0.0,0.0,-0.0035367174843559356
2016-11-14,5.175436151770433e-05,5.175436151770433e-05,-0.002677929209654381,0.0027296835711720854,0.0027296835711720854,0.0,0.0,False,0.0,0.0,-0.002677929209654381
2016-11-15,0.005343871603423115,0.005343871603423115,0.005819061161737124,-0.00047518955831400873,-0.00047518955831400873,0.0,0.0,False,0.0,0.0,0.005819061161737124
2016-11-16,0.002280958282168345,0.002280958282168345,-0.002124886122278938,0.004405844404447284,0.004405844404447284,0.0,0.0,False,0.0,0.0,-0.002124886122278938
2016-11-17,-0.0026483814864197443,-0.0026483814864197443,0.0006804220330902699,-0.003328803519510014,-0.003328803519510014,0.0,0.0,False,0.0,0.0,0.0006804220330902699
2016-11-18,-0.0016491244094024016,-0.0016491244094024016,-0.004291396681022445,0.0026422722716200435,0.0026422722716200435,0.0,0.0,False,0.0,0.0,-0.004291396681022445
2016-11-21,0.004467908627834681,0.004467908627834681,0.005248171862138343,-0.0007802632343036613,-0.0007802632343036613,0.0,0.0,False,0.0,0.0,0.005248171862138343
2016-11-22,0.0026371684865901324,0.0026371684865901324,0.0034741668166399504,-0.000836998330049818,-0.000836998330049818,0.0,0.0,False,0.0,0.0,0.0034741668166399504
2016-11-23,-0.0004345180389251747,-0.0004345180389251747,-0.0024411220268210046,0.00200660398789583,0.00200660398789583,0.0,0.0,False,0.0,0.0,-0.0024411220268210046
2016-11-25,0.0023991511175292537,0.0023991511175292537,0.0021762449079274857,0.00022290620960176795,0.00022290620960176795,0.0,0.0,False,0.0,0.0,0.0021762449079274857
2016-11-28,-0.0011224764539150048,-0.0011224764539150048,-0.0007355365098643391,-0.00038693994405066576,-0.00038693994405066576,0.0,0.0,False,0.0,0.0,-0.0007355365098643391
2016-11-29,0.0020908798343460358,0.0020908798343460358,0.0022542628792072343,-0.00016338304486119854,-0.00016338304486119854,0.0,0.0,False,0.0,0.0,0.0022542628792072343
2016-11-30,-0.007226740716579054,-0.007226740716579054,-0.003626516650449287,-0.0036002240661297666,-0.0036002240661297666,0.0,0.0,False,0.0,0.0,-0.003626516650449287
2016-12-01,-0.006635636239467699,-0.007334244900720736,-0.005241526010028597,-0.0020927188906921393,-0.0013941102294391019,0.27944346450121516,0.0006986086612530379,True,0.01947133662564299,4.867834156410748e-05,-0.005290204351592704
2016-12-02,0.0032492708064715057,0.0032492708064715057,0.0025580753068118658,0.00069119549965964,0.00069119549965964,0.0,0.0,False,0.0,0.0,0.0025580753068118658
2016-12-05,0.0031076729248363548,0.0031076729248363548,0.005153178970056495,-0.00204550604522014,-0.00204550604522014,0.0,0.0,False,0.0,0.0,0.005153178970056495
2016-12-06,0.001705358025631354,0.001705358025631354,0.003083445669750482,-0.0013780876441191279,-0.0013780876441191279,0.0,0.0,False,0.0,0.0,0.003083445669750482
2016-12-07,0.010206452983298784,0.010206452983298784,0.010073213529948829,0.00013323945334995507,0.00013323945334995507,0.0,0.0,False,0.0,0.0,0.010073213529948829
2016-12-08,-0.0018686814129405312,-0.0018686814129405312,-8.89656307347088e-05,-0.0017797157822058225,-0.0017797157822058225,0.0,0.0,False,0.0,0.0,-8.89656307347088e-05
2016-12-09,-0.002942618264198282,-0.002942618264198282,-0.0001423480398399068,-0.0028002702243583753,-0.0028002702243583753,0.0,0.0,False,0.0,0.0,-0.0001423480398399068
2016-12-12,-0.0009414732001067768,-0.0009414732001067768,-0.002248489908678715,0.0013070167085719381,0.0013070167085719381,0.0,0.0,False,0.0,0.0,-0.002248489908678715
2016-12-13,0.005033915008329017,0.005033915008329017,0.005403046861689254,-0.0003691318533602366,-0.0003691318533602366,0.0,0.0,False,0.0,0.0,0.005403046861689254
2016-12-14,-0.012543079105686373,-0.012543079105686373,-0.011493115963827731,-0.0010499631418586421,-0.0010499631418586421,0.0,0.0,False,0.0,0.0,-0.011493115963827731
2016-12-15,0.001717731322865286,0.001717731322865286,0.001263469230258241,0.00045426209260704506,0.00045426209260704506,0.0,0.0,False,0.0,0.0,0.001263469230258241
2016-12-16,-0.001474671486008591,-0.001474671486008591,-0.001016421233290976,-0.00045825025271761495,-0.00045825025271761495,0.0,0.0,False,0.0,0.0,-0.001016421233290976
2016-12-19,0.003265134133924154,0.003265134133924154,0.002238566671247728,0.0010265674626764262,0.0010265674626764262,0.0,0.0,False,0.0,0.0,0.002238566671247728
2016-12-20,0.00013498152437942178,0.00013498152437942178,0.001727372864301463,-0.0015923913399220413,-0.0015923913399220413,0.0,0.0,False,0.0,0.0,0.001727372864301463
2016-12-21,-9.965925628885243e-05,-9.965925628885243e-05,-0.0005494621512135813,0.00044980289492472885,0.00044980289492472885,0.0,0.0,False,0.0,0.0,-0.0005494621512135813
2016-12-22,-0.0030551622512741813,-0.0030551622512741813,-0.00263366561209567,-0.00042149663917851127,-0.00042149663917851127,0.0,0.0,False,0.0,0.0,-0.00263366561209567
2016-12-23,0.0024316929649119377,0.0024316929649119377,0.0022022215268538573,0.00022947143805808045,0.00022947143805808045,0.0,0.0,False,0.0,0.0,0.0022022215268538573
2016-12-27,0.0010731463977560664,0.0010731463977560664,0.0005190066927718647,0.0005541397049842017,0.0005541397049842017,0.0,0.0,False,0.0,0.0,0.0005190066927718647
2016-12-28,0.0006536516079924588,0.0006536516079924588,-0.0012886054308269817,0.0019422570388194405,0.0019422570388194405,0.0,0.0,False,0.0,0.0,-0.0012886054308269817
2016-12-29,0.005128164599592599,0.005128164599592599,0.0033100684466576148,0.001818096152934984,0.001818096152934984,0.0,0.0,False,0.0,0.0,0.0033100684466576148
2016-12-30,-0.0023684629272745037,-0.0023684629272745037,-0.0005939551179861788,-0.001774507809288325,-0.001774507809288325,0.0,0.0,False,0.0,0.0,-0.0005939551179861788
2017-01-03,0.005865623776345899,0.005164785267015107,0.004925166376215184,0.000239618890799923,0.0009404574001307155,0.2803354037323169,0.0007008385093307922,True,0.005456568845847186,1.3641422114617966e-05,0.004911524954100566
2017-01-04,0.006017230183352524,0.006017230183352524,0.006026909760250138,-9.679576897613298e-06,-9.679576897613298e-06,0.0,0.0,False,0.0,0.0,0.006026909760250138
2017-01-05,0.0020198214562528703,0.0020198214562528703,0.004426230922281974,-0.0024064094660291033,-0.0024064094660291033,0.0,0.0,False,0.0,0.0,0.004426230922281974
2017-01-06,-0.001078707391864462,-0.001078707391864462,-0.0021920690161824612,0.0011133616243179992,0.0011133616243179992,0.0,0.0,False,0.0,0.0,-0.0021920690161824612
2017-01-09,-0.0006266282373149953,-0.0006266282373149953,-0.00018879124670740158,-0.0004378369906075937,-0.0004378369906075937,0.0,0.0,False,0.0,0.0,-0.00018879124670740158
2017-01-10,0.0014781353117457878,0.0014781353117457878,0.0008741037513379562,0.0006040315604078316,0.0006040315604078316,0.0,0.0,False,0.0,0.0,0.0008741037513379562
2017-01-11,0.0029188862478563673,0.0029188862478563673,0.0035634454924045053,-0.0006445592445481381,-0.0006445592445481381,0.0,0.0,False,0.0,0.0,0.0035634454924045053
2017-01-12,-0.0006148474071174004,-0.0006148474071174004,-0.0004667437754827795,-0.00014810363163462092,-0.00014810363163462092,0.0,0.0,False,0.0,0.0,-0.0004667437754827795
2017-01-13,0.0011307334865253728,0.0011307334865253728,0.0005481926740335018,0.000582540812491871,0.000582540812491871,0.0,0.0,False,0.0,0.0,0.0005481926740335018
2017-01-17,-0.00029975060201740825,-0.00029975060201740825,-0.0001878194240461634,-0.00011193117797124485,-0.00011193117797124485,0.0,0.0,False,0.0,0.0,-0.0001878194240461634
2017-01-18,-0.0013553428583361303,-0.0013553428583361303,-0.003211313637941543,0.0018559707796054125,0.0018559707796054125,0.0,0.0,False,0.0,0.0,-0.003211313637941543
2017-01-19,-0.0035132191960835124,-0.0035132191960835124,-0.0038088712153441953,0.0002956520192606829,0.0002956520192606829,0.0,0.0,False,0.0,0.0,-0.0038088712153441953
2017-01-20,0.0027769285658351805,0.0027769285658351805,0.0026888716001746103,8.805696566057016e-05,8.805696566057016e-05,0.0,0.0,False,0.0,0.0,0.0026888716001746103
2017-01-23,0.0016744628282460187,0.0016744628282460187,0.003136188976477061,-0.0014617261482310422,-0.0014617261482310422,0.0,0.0,False,0.0,0.0,0.003136188976477061
2017-01-24,0.0030153450505179813,0.0030153450505179813,0.002158518409310176,0.0008568266412078054,0.0008568266412078054,0.0,0.0,False,0.0,0.0,0.002158518409310176
2017-01-25,0.004005907510034887,0.004005907510034887,0.0036316381204488943,0.0003742693895859928,0.0003742693895859928,0.0,0.0,False,0.0,0.0,0.0036316381204488943
2017-01-26,-0.0017575764912734968,-0.0017575764912734968,-0.0009709370303591126,-0.0007866394609143841,-0.0007866394609143841,0.0,0.0,False,0.0,0.0,-0.0009709370303591126
2017-01-27,-0.00010728280927836206,-0.00010728280927836206,-0.00021899735623560717,0.0001117145469572451,0.0001117145469572451,0.0,0.0,False,0.0,0.0,-0.00021899735623560717
2017-01-30,-0.003990705628005249,-0.003990705628005249,-0.004665976834852562,0.0006752712068473126,0.0006752712068473126,0.0,0.0,False,0.0,0.0,-0.004665976834852562
2017-01-31,0.0019733708539928355,0.0019733708539928355,0.0020269393597587403,-5.356850576590478e-05,-5.356850576590478e-05,0.0,0.0,False,0.0,0.0,0.0020269393597587403
2017-02-01,0.0011673557783744497,0.0005826027953756741,-0.0001306317476152674,0.0007132345429909415,0.001297987525989717,0.23390119319951025,0.0005847529829987756,True,0.006924984724114236,1.731246181028559e-05,-0.000147944209425553
2017-02-02,6.557328626682915e-05,6.557328626682915e-05,0.0006699119830737765,-0.0006043386968069474,-0.0006043386968069474,0.0,0.0,False,0.0,0.0,0.0006699119830737765
2017-02-03,0.005604967890823126,0.005604967890823126,0.004347393760188766,0.0012575741306343601,0.0012575741306343601,0.0,0.0,False,0.0,0.0,0.004347393760188766
2017-02-06,-0.0016371808782704163,-0.0016371808782704163,-0.0005135447923234611,-0.0011236360859469552,-0.0011236360859469552,0.0,0.0,False,0.0,0.0,-0.0005135447923234611
2017-02-07,-0.0009734767098889875,-0.0009734767098889875,0.0001165985894707915,-0.001090075299359779,-0.001090075299359779,0.0,0.0,False,0.0,0.0,0.0001165985894707915
2017-02-08,0.0009056356740934611,0.0009056356740934611,0.003189727169520475,-0.002284091495427014,-0.002284091495427014,0.0,0.0,False,0.0,0.0,0.003189727169520475
2017-02-09,0.0042391905742818325,0.0042391905742818325,0.0011789494463755467,0.003060241127906286,0.003060241127906286,0.0,0.0,False,0.0,0.0,0.0011789494463755467
2017-02-10,0.002809497967819798,0.002809497967819798,0.0026492892418516515,0.0001602087259681465,0.0001602087259681465,0.0,0.0,False,0.0,0.0,0.0026492892418516515
2017-02-13,0.0027933309449581075,0.0027933309449581075,0.0021666558529169224,0.0006266750920411852,0.0006266750920411852,0.0,0.0,False,0.0,0.0,0.0021666558529169224
2017-02-14,0.0018536445501457675,0.0018536445501457675,-0.00016707132945703134,0.0020207158796027988,0.0020207158796027988,0.0,0.0,False,0.0,0.0,-0.00016707132945703134
2017-02-15,0.0028237842235395933,0.0028237842235395933,0.002563350067445732,0.0002604341560938613,0.0002604341560938613,0.0,0.0,False,0.0,0.0,0.002563350067445732
2017-02-16,-0.0006433231526693178,-0.0006433231526693178,0.0010473037758942944,-0.0016906269285636123,-0.0016906269285636123,0.0,0.0,False,0.0,0.0,0.0010473037758942944
2017-02-17,0.0011616313982289557,0.0011616313982289557,0.0008239602418821331,0.00033767115634682253,0.00033767115634682253,0.0,0.0,False,0.0,0.0,0.0008239602418821331
2017-02-21,0.004577173062906717,0.004577173062906717,0.0036912464074132104,0.0008859266554935063,0.0008859266554935063,0.0,0.0,False,0.0,0.0,0.0036912464074132104
2017-02-22,-0.0007686072217943629,-0.0007686072217943629,0.00033104189642247956,-0.0010996491182168424,-0.0010996491182168424,0.0,0.0,False,0.0,0.0,0.00033104189642247956
2017-02-23,-5.388295876037068e-05,-5.388295876037068e-05,0.0012976167920804391,-0.0013514997508408098,-0.0013514997508408098,0.0,0.0,False,0.0,0.0,0.0012976167920804391
2017-02-24,0.0013108811824773807,0.0013108811824773807,0.000275759139268532,0.0010351220432088487,0.0010351220432088487,0.0,0.0,False,0.0,0.0,0.000275759139268532
2017-02-27,0.002217723264460182,0.002217723264460182,-0.0006033164138742394,0.0028210396783344216,0.0028210396783344216,0.0,0.0,False,0.0,0.0,-0.0006033164138742394
2017-02-28,-0.003625683827478037,-0.003625683827478037,-0.0026044079343377647,-0.0010212758931402721,-0.0010212758931402721,0.0,0.0,False,0.0,0.0,-0.0026044079343377647
2017-03-01,0.006661089659123041,0.005963549280280361,0.005114582660177602,0.0008489666201027587,0.001546506998945439,0.2790161515370721,0.0006975403788426802,True,0.005524186235055694,1.3810465587639235e-05,0.005100772194589963
2017-03-02,-0.004630935697676459,-0.004630935697676459,-0.006225830782218373,0.001594895084541914,0.001594895084541914,0.0,0.0,False,0.0,0.0,-0.006225830782218373
2017-03-03,0.0020916156906313167,0.0020916156906313167,0.002284175175151959,-0.0001925594845206425,-0.0001925594845206425,0.0,0.0,False,0.0,0.0,0.002284175175151959
2017-03-06,-0.0029256472471915125,-0.0029256472471915125,-0.0022012926927648603,-0.0007243545544266521,-0.0007243545544266521,0.0,0.0,False,0.0,0.0,-0.0022012926927648603
2017-03-07,-0.004610227238538246,-0.004610227238538246,-0.002815219995220967,-0.001795007243317279,-0.001795007243317279,0.0,0.0,False,0.0,0.0,-0.002815219995220967
2017-03-08,-0.0041892754395404675,-0.0041892754395404675,-0.0037773093424838225,-0.000411966097056645,-0.000411966097056645,0.0,0.0,False,0.0,0.0,-0.0037773093424838225
2017-03-09,-0.0003011607666392833,-0.0003011607666392833,-0.0017824999814969838,0.0014813392148577006,0.0014813392148577006,0.0,0.0,False,0.0,0.0,-0.0017824999814969838
2017-03-10,0.0034075989350600354,0.0034075989350600354,0.004641382880451055,-0.0012337839453910198,-0.0012337839453910198,0.0,0.0,False,0.0,0.0,0.004641382880451055
2017-03-13,0.0014138122283602658,0.0014138122283602658,0.0011724486703803714,0.00024136355797989436,0.00024136355797989436,0.0,0.0,False,0.0,0.0,0.0011724486703803714
2017-03-14,-0.003989517356863344,-0.003989517356863344,-0.002581332766343055,-0.0014081845905202892,-0.0014081845905202892,0.0,0.0,False,0.0,0.0,-0.002581332766343055
2017-03-15,0.012016025380980556,0.012016025380980556,0.01181275833802839,0.00020326704295216616,0.00020326704295216616,0.0,0.0,False,0.0,0.0,0.01181275833802839
2017-03-16,-0.0002892105396631215,-0.0002892105396631215,-0.00016495787144880838,-0.00012425266821431314,-0.00012425266821431314,0.0,0.0,False,0.0,0.0,-0.00016495787144880838
2017-03-17,0.0007450505205830692,0.0007450505205830692,0.0010539597187785182,-0.000308909198195449,-0.000308909198195449,0.0,0.0,False,0.0,0.0,0.0010539597187785182
2017-03-20,-0.0012109416821062236,-0.0012109416821062236,0.0013563453895628123,-0.002567287071669036,-0.002567287071669036,0.0,0.0,False,0.0,0.0,0.0013563453895628123
2017-03-21,-0.006432948786624773,-0.006432948786624773,-0.005655986032329727,-0.0007769627542950465,-0.0007769627542950465,0.0,0.0,False,0.0,0.0,-0.005655986032329727
2017-03-22,0.001787461513681924,0.001787461513681924,0.0021890261731188983,-0.0004015646594369743,-0.0004015646594369743,0.0,0.0,False,0.0,0.0,0.0021890261731188983
2017-03-23,0.0004162683569984855,0.0004162683569984855,-4.090517250451256e-05,0.00045717352950299804,0.00045717352950299804,0.0,0.0,False,0.0,0.0,-4.090517250451256e-05
2017-03-24,0.0019422562869108504,0.0019422562869108504,0.0009434879640364236,0.0009987683228744268,0.0009987683228744268,0.0,0.0,False,0.0,0.0,0.0009434879640364236
2017-03-27,0.00042359031073738743,0.00042359031073738743,0.0009246290921548641,-0.0005010387814174766,-0.0005010387814174766,0.0,0.0,False,0.0,0.0,0.0009246290921548641
2017-03-28,0.00468616544332698,0.00468616544332698,0.002236985574278187,0.002449179869048793,0.002449179869048793,0.0,0.0,False,0.0,0.0,0.002236985574278187
2017-03-29,0.0013711323189190073,0.0013711323189190073,0.0019552748762340848,-0.0005841425573150775,-0.0005841425573150775,0.0,0.0,False,0.0,0.0,0.0019552748762340848
2017-03-30,0.0010078985218496244,0.0010078985218496244,-0.0011229443473606306,0.002130842869210255,0.002130842869210255,0.0,0.0,False,0.0,0.0,-0.0011229443473606306
2017-03-31,-0.0009338141175529589,-0.0009338141175529589,-0.0008792005390185061,-5.461357853445289e-05,-5.461357853445289e-05,0.0,0.0,False,0.0,0.0,-0.0008792005390185061
2017-04-03,-0.0018890950776682925,-0.0025894000267704022,0.0014552024880432057,-0.004044602514813608,-0.003344297565711498,0.2801219796408439,0.0007003049491021097,True,0.0064016257746900875,1.6004064436725217e-05,0.0014391984236064804
2017-04-04,-0.00020490925650024677,-0.00020490925650024677,-0.0008173112397407133,0.0006124019832404665,0.0006124019832404665,0.0,0.0,False,0.0,0.0,-0.0008173112397407133
2017-04-05,-0.002971911723287377,-0.002971911723287377,-0.0018249375294959766,-0.0011469741937914003,-0.0011469741937914003,0.0,0.0,False,0.0,0.0,-0.0018249375294959766
2017-04-06,0.003028763356285777,0.003028763356285777,0.0010751061673601003,0.001953657188925677,0.001953657188925677,0.0,0.0,False,0.0,0.0,0.0010751061673601003
2017-04-07,-0.0009262648806107443,-0.0009262648806107443,-0.001781920993068928,0.0008556561124581838,0.0008556561124581838,0.0,0.0,False,0.0,0.0,-0.001781920993068928
2017-04-10,0.0012952855772544144,0.0012952855772544144,0.000587143672088347,0.0007081419051660673,0.0007081419051660673,0.0,0.0,False,0.0,0.0,0.000587143672088347
2017-04-11,0.0008203826465603162,0.0008203826465603162,0.0026181036943718596,-0.0017977210478115433,-0.0017977210478115433,0.0,0.0,False,0.0,0.0,0.0026181036943718596
2017-04-12,-0.003022396452490337,-0.003022396452490337,-0.00022322313948859075,-0.0027991733130017463,-0.0027991733130017463,0.0,0.0,False,0.0,0.0,-0.00022322313948859075
2017-04-13,-0.004327601027670023,-0.004327601027670023,-0.0027863518689653947,-0.0015412491587046282,-0.0015412491587046282,0.0,0.0,False,0.0,0.0,-0.0027863518689653947
2017-04-17,0.005737568431949081,0.005737568431949081,0.004382418475173603,0.0013551499567754782,0.0013551499567754782,0.0,0.0,False,0.0,0.0,0.004382418475173603
2017-04-18,-0.0002873017356830363,-0.0002873017356830363,-0.00010505812734188551,-0.0001822436083411508,-0.0001822436083411508,0.0,0.0,False,0.0,0.0,-0.00010505812734188551
2017-04-19,-0.0008379332278574214,-0.0008379332278574214,-0.002852774338259706,0.0020148411104022844,0.0020148411104022844,0.0,0.0,False,0.0,0.0,-0.002852774338259706
2017-04-20,0.005855709647624951,0.005855709647624951,0.004575500084719266,0.0012802095629056848,0.0012802095629056848,0.0,0.0,False,0.0,0.0,0.004575500084719266
2017-04-21,-0.0017517272475670114,-0.0017517272475670114,-0.0008722916446494043,-0.0008794356029176071,-0.0008794356029176071,0.0,0.0,False,0.0,0.0,-0.0008722916446494043
2017-04-24,0.0073575569336086005,0.0073575569336086005,0.008205043622832354,-0.0008474866892237533,-0.0008474866892237533,0.0,0.0,False,0.0,0.0,0.008205043622832354
2017-04-25,0.0037185788321997216,0.0037185788321997216,0.0019396946848694303,0.0017788841473302913,0.0017788841473302913,0.0,0.0,False,0.0,0.0,0.0019396946848694303
2017-04-26,0.0006213560578387546,0.0006213560578387546,0.00042995914212056054,0.00019139691571819407,0.00019139691571819407,0.0,0.0,False,0.0,0.0,0.00042995914212056054
2017-04-27,0.0006128963878543565,0.0006128963878543565,0.0005070112742619658,0.00010588511359239071,0.00010588511359239071,0.0,0.0,False,0.0,0.0,0.0005070112742619658
2017-04-28,-0.0029113019187166646,-0.0029113019187166646,-0.0008537721639968406,-0.002057529754719824,-0.002057529754719824,0.0,0.0,False,0.0,0.0,-0.0008537721639968406
2017-05-01,0.0015461949867938423,0.0011356874996429037,0.0009161169400235258,0.00021957055961937784,0.0006300780467703164,0.16420299486037543,0.00041050748715093857,True,0.001993399962087687,4.983499905219218e-06,0.0009111334401183067
2017-05-02,0.0018202539014253126,0.0018202539014253126,0.0024654497455695867,-0.0006451958441442741,-0.0006451958441442741,0.0,0.0,False,0.0,0.0,0.0024654497455695867
2017-05-03,-0.001252325969442416,-0.001252325969442416,-0.002103871996227198,0.0008515460267847822,0.0008515460267847822,0.0,0.0,False,0.0,0.0,-0.002103871996227198
2017-05-04,-0.00352407914029975,-0.00352407914029975,-0.00039120112426764466,-0.0031328780160321053,-0.0031328780160321053,0.0,0.0,False,0.0,0.0,-0.00039120112426764466
2017-05-05,0.003350139237586356,0.003350139237586356,0.004150541116809921,-0.0008004018792235647,-0.0008004018792235647,0.0,0.0,False,0.0,0.0,0.004150541116809921
2017-05-08,5.2225431734649044e-05,5.2225431734649044e-05,-0.002447958892228276,0.002500184323962925,0.002500184323962925,0.0,0.0,False,0.0,0.0,-0.002447958892228276
2017-05-09,0.0014949242054471494,0.0014949242054471494,0.00039290182054194166,0.0011020223849052078,0.0011020223849052078,0.0,0.0,False,0.0,0.0,0.00039290182054194166
2017-05-10,0.003402975095013014,0.003402975095013014,0.00182449148080798,0.001578483614205034,0.001578483614205034,0.0,0.0,False,0.0,0.0,0.00182449148080798
2017-05-11,-0.0002482745868312827,-0.0002482745868312827,-0.0008872483626429592,0.0006389737758116764,0.0006389737758116764,0.0,0.0,False,0.0,0.0,-0.0008872483626429592
2017-05-12,0.0006744321618579215,0.0006744321618579215,0.0026394013625800966,-0.001964969200722175,-0.001964969200722175,0.0,0.0,False,0.0,0.0,0.0026394013625800966
2017-05-15,0.004372206003529069,0.004372206003529069,0.003569830124657482,0.0008023758788715876,0.0008023758788715876,0.0,0.0,False,0.0,0.0,0.003569830124657482
2017-05-16,0.0005488696436848112,0.0005488696436848112,0.0014752895191610868,-0.0009264198754762756,-0.0009264198754762756,0.0,0.0,False,0.0,0.0,0.0014752895191610868
2017-05-17,-0.009673906664419595,-0.009673906664419595,-0.006923025221272387,-0.0027508814431472083,-0.0027508814431472083,0.0,0.0,False,0.0,0.0,-0.006923025221272387
2017-05-18,-0.0009416743125705335,-0.0009416743125705335,-8.944354020534381e-05,-0.0008522307723651896,-0.0008522307723651896,0.0,0.0,False,0.0,0.0,-8.944354020534381e-05
2017-05-19,0.006409852969695377,0.006409852969695377,0.006230425021916081,0.00017942794777929538,0.00017942794777929538,0.0,0.0,False,0.0,0.0,0.006230425021916081
2017-05-22,0.0028745539506484234,0.0028745539506484234,0.0016345782906440468,0.0012399756600043766,0.0012399756600043766,0.0,0.0,False,0.0,0.0,0.0016345782906440468
2017-05-23,0.0004575408813726199,0.0004575408813726199,-0.000376064021447228,0.0008336049028198479,0.0008336049028198479,0.0,0.0,False,0.0,0.0,-0.000376064021447228
2017-05-24,0.0022592384934876255,0.0022592384934876255,0.0021418483555596924,0.00011739013792793317,0.00011739013792793317,0.0,0.0,False,0.0,0.0,0.0021418483555596924
2017-05-25,0.002238673535962043,0.002238673535962043,0.0021423683013188175,9.630523464322551e-05,9.630523464322551e-05,0.0,0.0,False,0.0,0.0,0.0021423683013188175
2017-05-26,0.0008182010926045681,0.0008182010926045681,0.0001786756210807092,0.0006395254715238589,0.0006395254715238589,0.0,0.0,False,0.0,0.0,0.0001786756210807092
2017-05-30,-0.0004897948749156371,-0.0004897948749156371,-0.00025135180111777094,-0.00023844307379786617,-0.00023844307379786617,0.0,0.0,False,0.0,0.0,-0.00025135180111777094
2017-05-31,-0.0012214109423684426,-0.0012214109423684426,-0.0003334802770902655,-0.0008879306652781772,-0.0008879306652781772,0.0,0.0,False,0.0,0.0,-0.0003334802770902655
2017-06-01,0.00915847580066157,0.008460292168447533,0.005109523544836913,0.0033507686236106202,0.004048952255824656,0.27927345288561434,0.0006981836322140358,True,0.004233867374862407,1.0584668437156018e-05,0.0050989388763997565
2017-06-02,0.003279171054974642,0.003279171054974642,0.0056447152565791865,-0.0023655442016045445,-0.0023655442016045445,0.0,0.0,False,0.0,0.0,0.0056447152565791865
2017-06-05,-0.0023825857625909587,-0.0023825857625909587,-0.0025521491769674577,0.000169563414376499,0.000169563414376499,0.0,0.0,False,0.0,0.0,-0.0025521491769674577
2017-06-06,-0.0018653860819119118,-0.0018653860819119118,-5.311770022117427e-05,-0.0018122683816907375,-0.0018122683816907375,0.0,0.0,False,0.0,0.0,-5.311770022117427e-05
2017-06-07,0.0001732395858878312,0.0001732395858878312,-0.00026939966358039563,0.0004426392494682268,0.0004426392494682268,0.0,0.0,False,0.0,0.0,-0.00026939966358039563
2017-06-08,0.004242455130142232,0.004242455130142232,0.0004637584093249382,0.0037786967208172937,0.0037786967208172937,0.0,0.0,False,0.0,0.0,0.0004637584093249382
2017-06-09,0.0011889724081753058,0.0011889724081753058,-0.001933366950771534,0.0031223393589468397,0.0031223393589468397,0.0,0.0,False,0.0,0.0,-0.001933366950771534
2017-06-12,5.905916412448354e-05,5.905916412448354e-05,-0.0012559986144893595,0.001315057778613843,0.001315057778613843,0.0,0.0,False,0.0,0.0,-0.0012559986144893595
2017-06-13,0.003796475907097781,0.003796475907097781,0.0036128593900530957,0.00018361651704468544,0.00018361651704468544,0.0,0.0,False,0.0,0.0,0.0036128593900530957
2017-06-14,-0.0019301407411974848,-0.0019301407411974848,0.001995468127360511,-0.003925608868557995,-0.003925608868557995,0.0,0.0,False,0.0,0.0,0.001995468127360511
2017-06-15,-0.0034941050091474852,-0.0034941050091474852,-0.0042111372831312496,0.0007170322739837643,0.0007170322739837643,0.0,0.0,False,0.0,0.0,-0.0042111372831312496
2017-06-16,-0.0011962457742238919,-0.0011962457742238919,0.001706081076326884,-0.002902326850550776,-0.002902326850550776,0.0,0.0,False,0.0,0.0,0.001706081076326884
2017-06-19,0.00603460374719994,0.00603460374719994,0.0036616507740207613,0.002372952973179179,0.002372952973179179,0.0,0.0,False,0.0,0.0,0.0036616507740207613
2017-06-20,-0.006382193412406866,-0.006382193412406866,-0.0035803533983738015,-0.0028018400140330645,-0.0028018400140330645,0.0,0.0,False,0.0,0.0,-0.0035803533983738015
2017-06-21,-0.0027809466779174646,-0.0027809466779174646,-7.253017312307708e-06,-0.0027736936606051568,-0.0027736936606051568,0.0,0.0,False,0.0,0.0,-7.253017312307708e-06
2017-06-22,0.0018740721042566698,0.0018740721042566698,0.0009625925826716139,0.0009114795215850558,0.0009114795215850558,0.0,0.0,False,0.0,0.0,0.0009625925826716139
2017-06-23,0.0037172524274389305,0.0037172524274389305,0.0016999776235941842,0.0020172748038447463,0.0020172748038447463,0.0,0.0,False,0.0,0.0,0.0016999776235941842
2017-06-26,0.0010819195278627626,0.0010819195278627626,0.0021046607597721,-0.0010227412319093372,-0.0010227412319093372,0.0,0.0,False,0.0,0.0,0.0021046607597721
2017-06-27,-0.006497829768527451,-0.006497829768527451,-0.0062668488575208315,-0.00023098091100661952,-0.00023098091100661952,0.0,0.0,False,0.0,0.0,-0.0062668488575208315
2017-06-28,0.008881756525919965,0.008881756525919965,0.005348040521312696,0.0035337160046072687,0.0035337160046072687,0.0,0.0,False,0.0,0.0,0.005348040521312696
2017-06-29,-0.005672337887661194,-0.005672337887661194,-0.007319511601485012,0.0016471737138238178,0.0016471737138238178,0.0,0.0,False,0.0,0.0,-0.007319511601485012
2017-06-30,0.001010463196925968,0.001010463196925968,0.0003265768840828877,0.0006838863128430803,0.0006838863128430803,0.0,0.0,False,0.0,0.0,0.0003265768840828877
2017-07-03,3.750261626508312e-05,-0.0006606750482812042,0.00010315752229058674,-0.000763832570571791,-6.565490602550362e-05,0.27927106581851496,0.0006981776645462874,True,0.002376515167595381,5.9412879189884525e-06,9.721623437159829e-05
2017-07-05,0.0006161693738321282,0.0006161693738321282,0.0007324221250564027,-0.00011625275122427448,-0.00011625275122427448,0.0,0.0,False,0.0,0.0,0.0007324221250564027
2017-07-06,-0.005343122523140481,-0.005343122523140481,-0.006455263730148672,0.0011121412070081906,0.0011121412070081906,0.0,0.0,False,0.0,0.0,-0.006455263730148672
2017-07-07,0.0019747661419278755,0.0019747661419278755,0.0019028199804901418,7.194616143773366e-05,7.194616143773366e-05,0.0,0.0,False,0.0,0.0,0.0019028199804901418
2017-07-10,0.0014398662369353023,0.0014398662369353023,0.002007869540513169,-0.0005680033035778669,-0.0005680033035778669,0.0,0.0,False,0.0,0.0,0.002007869540513169
2017-07-11,8.189175707983467e-05,8.189175707983467e-05,0.0015015396872885252,-0.0014196479302086905,-0.0014196479302086905,0.0,0.0,False,0.0,0.0,0.0015015396872885252
2017-07-12,0.007089959169042244,0.007089959169042244,0.007382175770667706,-0.00029221660162546265,-0.00029221660162546265,0.0,0.0,False,0.0,0.0,0.007382175770667706
2017-07-13,0.0014532753401986336,0.0014532753401986336,0.0007097413597596519,0.0007435339804389816,0.0007435339804389816,0.0,0.0,False,0.0,0.0,0.0007097413597596519
2017-07-14,0.004426979348895504,0.004426979348895504,0.004518785117832408,-9.180576893690409e-05,-9.180576893690409e-05,0.0,0.0,False,0.0,0.0,0.004518785117832408
2017-07-17,-0.00032865222480399586,-0.00032865222480399586,-0.00018197769941486798,-0.00014667452538912789,-0.00014667452538912789,0.0,0.0,False,0.0,0.0,-0.00018197769941486798
2017-07-18,0.0008016144124861325,0.0008016144124861325,0.0022680066756997496,-0.001466392263213617,-0.001466392263213617,0.0,0.0,False,0.0,0.0,0.0022680066756997496
2017-07-19,0.0035516165002791233,0.0035516165002791233,0.003607216964763587,-5.5600464484463746e-05,-5.5600464484463746e-05,0.0,0.0,False,0.0,0.0,0.003607216964763587
2017-07-20,0.001373733674714142,0.001373733674714142,0.0009919854813982359,0.00038174819331590615,0.00038174819331590615,0.0,0.0,False,0.0,0.0,0.0009919854813982359
2017-07-21,-0.0013971496952266105,-0.0013971496952266105,-0.00025157746194649755,-0.001145572233280113,-0.001145572233280113,0.0,0.0,False,0.0,0.0,-0.00025157746194649755
2017-07-24,-0.0005172724970144864,-0.0005172724970144864,-0.0005943936048421387,7.712110782765239e-05,7.712110782765239e-05,0.0,0.0,False,0.0,0.0,-0.0005943936048421387
2017-07-25,0.001021023033049182,0.001021023033049182,-0.0015020412418186556,0.0025230642748678375,0.0025230642748678375,0.0,0.0,False,0.0,0.0,-0.0015020412418186556
2017-07-26,0.002159062289081698,0.002159062289081698,0.002712800083459149,-0.0005537377943774509,-0.0005537377943774509,0.0,0.0,False,0.0,0.0,0.002712800083459149
2017-07-27,-0.0013054670111644208,-0.0013054670111644208,-0.0024251394213711673,0.0011196724102067466,0.0011196724102067466,0.0,0.0,False,0.0,0.0,-0.0024251394213711673
2017-07-28,2.040480105470844e-05,2.040480105470844e-05,0.0006364283038130926,-0.0006160235027583841,-0.0006160235027583841,0.0,0.0,False,0.0,0.0,0.0006364283038130926
2017-07-31,0.00028778045539226753,0.00028778045539226753,0.00022129655031893146,6.648390507333607e-05,6.648390507333607e-05,0.0,0.0,False,0.0,0.0,0.00022129655031893146
2017-08-01,0.0025203083991237347,0.002310685668610247,0.00328195446844256,-0.0009712687998323132,-0.0007616460693188254,0.08384909220539521,0.00020962273051348802,True,0.005981339232789311,1.4953348081973278e-05,0.003267001120360587
2017-08-02,0.00010055872968075555,0.00010055872968075555,-0.0006363377400672096,0.0007368964697479651,0.0007368964697479651,0.0,0.0,False,0.0,0.0,-0.0006363377400672096
2017-08-03,-0.0010573311799711048,-0.0010573311799711048,0.0002729945188749371,-0.0013303256988460418,-0.0013303256988460418,0.0,0.0,False,0.0,0.0,0.0002729945188749371
2017-08-04,0.00038693202176021666,0.00038693202176021666,-0.00020475355419131535,0.000591685575951532,0.000591685575951532,0.0,0.0,False,0.0,0.0,-0.00020475355419131535
2017-08-07,0.0005995700337599096,0.0005995700337599096,0.0015946185735757905,-0.000995048539815881,-0.000995048539815881,0.0,0.0,False,0.0,0.0,0.0015946185735757905
2017-08-08,-0.0038901024219613837,-0.0038901024219613837,-0.0027398224632423423,-0.0011502799587190414,-0.0011502799587190414,0.0,0.0,False,0.0,0.0,-0.0027398224632423423
2017-08-09,-0.001484116944235663,-0.001484116944235663,-0.0009305077158181666,-0.0005536092284174963,-0.0005536092284174963,0.0,0.0,False,0.0,0.0,-0.0009305077158181666
2017-08-10,-0.009507758050345747,-0.009507758050345747,-0.008498960015977525,-0.0010087980343682218,-0.0010087980343682218,0.0,0.0,False,0.0,0.0,-0.008498960015977525
2017-08-11,0.0010848336922581734,0.0010848336922581734,0.0009978023717196667,8.703132053850676e-05,8.703132053850676e-05,0.0,0.0,False,0.0,0.0,0.0009978023717196667
2017-08-14,0.006377266121696315,0.006377266121696315,0.004938457986745897,0.0014388081349504178,0.0014388081349504178,0.0,0.0,False,0.0,0.0,0.004938457986745897
2017-08-15,-0.00020692699963955352,-0.00020692699963955352,-0.0014278321506501059,0.0012209051510105524,0.0012209051510105524,0.0,0.0,False,0.0,0.0,-0.0014278321506501059
2017-08-16,0.0019620883059840825,0.0019620883059840825,0.0034104706229447267,-0.0014483823169606442,-0.0014483823169606442,0.0,0.0,False,0.0,0.0,0.0034104706229447267
2017-08-17,-0.009080152264124015,-0.009080152264124015,-0.007285553427831435,-0.00179459883629258,-0.00179459883629258,0.0,0.0,False,0.0,0.0,-0.007285553427831435
2017-08-18,0.0003160764323620034,0.0003160764323620034,0.0007137616580066349,-0.0003976852256446315,-0.0003976852256446315,0.0,0.0,False,0.0,0.0,0.0007137616580066349
2017-08-21,0.0007841200514119564,0.0007841200514119564,0.0009940080594879014,-0.00020988800807594495,-0.00020988800807594495,0.0,0.0,False,0.0,0.0,0.0009940080594879014
2017-08-22,0.005715216837177417,0.005715216837177417,0.004725334581741999,0.0009898822554354186,0.0009898822554354186,0.0,0.0,False,0.0,0.0,0.004725334581741999
2017-08-23,-0.0006552501171689612,-0.0006552501171689612,0.000967420385212506,-0.0016226705023814673,-0.0016226705023814673,0.0,0.0,False,0.0,0.0,0.000967420385212506
2017-08-24,-0.0009255574855191455,-0.0009255574855191455,-0.0013552205077409082,0.0004296630222217627,0.0004296630222217627,0.0,0.0,False,0.0,0.0,-0.0013552205077409082
2017-08-25,0.002741265002044765,0.002741265002044765,0.003208001035342511,-0.0004667360332977458,-0.0004667360332977458,0.0,0.0,False,0.0,0.0,0.003208001035342511
2017-08-28,5.3868883388011165e-05,5.3868883388011165e-05,6.970770200067782e-06,4.6898113187943383e-05,4.6898113187943383e-05,0.0,0.0,False,0.0,0.0,6.970770200067782e-06
2017-08-29,-0.0005813127582700724,-0.0005813127582700724,0.00030884122091451045,-0.0008901539791845829,-0.0008901539791845829,0.0,0.0,False,0.0,0.0,0.00030884122091451045
2017-08-30,0.00250705926813228,0.00250705926813228,0.00161485942598289,0.0008921998421493901,0.0008921998421493901,0.0,0.0,False,0.0,0.0,0.00161485942598289
2017-08-31,0.004520813991422432,0.004520813991422432,0.00429886502919441,0.00022194896222802254,0.00022194896222802254,0.0,0.0,False,0.0,0.0,0.00429886502919441
2017-09-01,0.0012523768827613678,0.0007750637437651338,8.049035159017907e-05,0.0006945733921749547,0.0011718865311711887,0.1909252555984936,0.000477313138996234,True,0.004079558848254141,1.0198897120635352e-05,7.029145446954373e-05
2017-09-05,-0.005298723969036135,-0.005298723969036135,-0.0018634392720057046,-0.0034352846970304306,-0.0034352846970304306,0.0,0.0,False,0.0,0.0,-0.0018634392720057046
2017-09-06,0.002937046841744224,0.002937046841744224,0.0013683990134836918,0.001568647828260532,0.001568647828260532,0.0,0.0,False,0.0,0.0,0.0013683990134836918
2017-09-07,0.0028841648296744466,0.0028841648296744466,0.0037731360621121902,-0.0008889712324377437,-0.0008889712324377437,0.0,0.0,False,0.0,0.0,0.0037731360621121902
2017-09-08,-0.0014076625065513122,-0.0014076625065513122,-0.0016562784703849556,0.0002486159638336433,0.0002486159638336433,0.0,0.0,False,0.0,0.0,-0.0016562784703849556
2017-09-11,0.007069350965932972,0.007069350965932972,0.004022570037624463,0.003046780928308509,0.003046780928308509,0.0,0.0,False,0.0,0.0,0.004022570037624463
2017-09-12,0.002534261756132424,0.002534261756132424,0.0007767223068402128,0.001757539449292211,0.001757539449292211,0.0,0.0,False,0.0,0.0,0.0007767223068402128
2017-09-13,-0.0016547334237827453,-0.0016547334237827453,-0.0018087347879017775,0.0001540013641190322,0.0001540013641190322,0.0,0.0,False,0.0,0.0,-0.0018087347879017775
2017-09-14,0.000998541556144382,0.000998541556144382,0.001000190099884619,-1.6485437402370077e-06,-1.6485437402370077e-06,0.0,0.0,False,0.0,0.0,0.001000190099884619
2017-09-15,0.001029744500092358,0.001029744500092358,0.0017265194790368529,-0.000696774978944495,-0.000696774978944495,0.0,0.0,False,0.0,0.0,0.0017265194790368529
2017-09-18,0.0009480784958403289,0.0009480784958403289,0.0003375477477846597,0.0006105307480556691,0.0006105307480556691,0.0,0.0,False,0.0,0.0,0.0003375477477846597
2017-09-19,0.002309463004983054,0.002309463004983054,0.0009806667296194552,0.001328796275363599,0.001328796275363599,0.0,0.0,False,0.0,0.0,0.0009806667296194552
2017-09-20,-0.0007052240533188909,-0.0007052240533188909,-0.00106028983325105,0.0003550657799321591,0.0003550657799321591,0.0,0.0,False,0.0,0.0,-0.00106028983325105
2017-09-21,-0.001959506279240236,-0.001959506279240236,-0.0014588430357623653,-0.0005006632434778708,-0.0005006632434778708,0.0,0.0,False,0.0,0.0,-0.0014588430357623653
2017-09-22,0.0015000048162081634,0.0015000048162081634,0.0008549755626757868,0.0006450292535323766,0.0006450292535323766,0.0,0.0,False,0.0,0.0,0.0008549755626757868
2017-09-25,-0.002432678347607253,-0.002432678347607253,-0.001671955471382747,-0.0007607228762245061,-0.0007607228762245061,0.0,0.0,False,0.0,0.0,-0.001671955471382747
2017-09-26,-0.00016417568283968022,-0.00016417568283968022,-0.0005350305414728591,0.0003708548586331789,0.0003708548586331789,0.0,0.0,False,0.0,0.0,-0.0005350305414728591
2017-09-27,0.0015863017785934682,0.0015863017785934682,-0.0003928750246720217,0.0019791768032654897,0.0019791768032654897,0.0,0.0,False,0.0,0.0,-0.0003928750246720217
2017-09-28,0.001292324169735172,0.001292324169735172,0.0008787752655172259,0.0004135489042179461,0.0004135489042179461,0.0,0.0,False,0.0,0.0,0.0008787752655172259
2017-09-29,0.003634227990942239,0.003634227990942239,0.003219978645443812,0.00041424934549842696,0.00041424934549842696,0.0,0.0,False,0.0,0.0,0.003219978645443812
2017-10-02,0.0008165523895409406,0.0008075943272491398,0.001627789458993517,-0.0008201951317443771,-0.0008112370694525763,0.0035832249167203267,8.958062291800817e-06,True,0.008379503344722903,2.0948758361807257e-05,0.0016068407006317098
2017-10-03,0.0024521255578747025,0.0024521255578747025,0.0035038680705436528,-0.0010517425126689503,-0.0010517425126689503,0.0,0.0,False,0.0,0.0,0.0035038680705436528
2017-10-04,-0.0006606236410922392,-0.0006606236410922392,-0.00024872167389612806,-0.0004119019671961112,-0.0004119019671961112,0.0,0.0,False,0.0,0.0,-0.00024872167389612806
2017-10-05,0.0020172028561058143,0.0020172028561058143,0.0019845580844869604,3.264477161885396e-05,3.264477161885396e-05,0.0,0.0,False,0.0,0.0,0.0019845580844869604
2017-10-06,-0.0011116547273117652,-0.0011116547273117652,-0.001538560331750456,0.0004269056044386907,0.0004269056044386907,0.0,0.0,False,0.0,0.0,-0.001538560331750456
2017-10-09,-0.0003583030139967231,-0.0003583030139967231,-0.0002262381647918356,-0.00013206484920488747,-0.00013206484920488747,0.0,0.0,False,0.0,0.0,-0.0002262381647918356
2017-10-10,0.004385757804813271,0.004385757804813271,0.0036095237822904207,0.0007762340225228506,0.0007762340225228506,0.0,0.0,False,0.0,0.0,0.0036095237822904207
2017-10-11,0.0009824732183460751,0.0009824732183460751,0.0015158129116614523,-0.0005333396933153772,-0.0005333396933153772,0.0,0.0,False,0.0,0.0,0.0015158129116614523
2017-10-12,-0.0011464716223726083,-0.0011464716223726083,-0.00022648995785522875,-0.0009199816645173795,-0.0009199816645173795,0.0,0.0,False,0.0,0.0,-0.00022648995785522875
2017-10-13,0.0023511829654038175,0.0023511829654038175,0.0036026904851842482,-0.0012515075197804307,-0.0012515075197804307,0.0,0.0,False,0.0,0.0,0.0036026904851842482
2017-10-16,0.0003450063093267916,0.0003450063093267916,-0.0003945078925409229,0.0007395142018677145,0.0007395142018677145,0.0,0.0,False,0.0,0.0,-0.0003945078925409229
2017-10-17,-0.0001882983792495435,-0.0001882983792495435,-0.000884074417019941,0.0006957760377703975,0.0006957760377703975,0.0,0.0,False,0.0,0.0,-0.000884074417019941
2017-10-18,0.001660483616656017,0.001660483616656017,0.0001554164328782954,0.0015050671837777215,0.0015050671837777215,0.0,0.0,False,0.0,0.0,0.0001554164328782954
2017-10-19,-0.00043396318861182103,-0.00043396318861182103,-0.0006237311590387427,0.00018976797042692163,0.00018976797042692163,0.0,0.0,False,0.0,0.0,-0.0006237311590387427
2017-10-20,0.001416879305094677,0.001416879305094677,0.000217841411681131,0.0011990378934135459,0.0011990378934135459,0.0,0.0,False,0.0,0.0,0.000217841411681131
2017-10-23,-0.0023270432130162015,-0.0023270432130162015,-0.0022733572995950048,-5.3685913421196683e-05,-5.3685913421196683e-05,0.0,0.0,False,0.0,0.0,-0.0022733572995950048
2017-10-24,0.0010884319761254686,0.0010884319761254686,-0.00039637191033783454,0.0014848038864633032,0.0014848038864633032,0.0,0.0,False,0.0,0.0,-0.00039637191033783454
2017-10-25,-0.0038429477324588286,-0.0038429477324588286,-0.003494630406292051,-0.0003483173261667775,-0.0003483173261667775,0.0,0.0,False,0.0,0.0,-0.003494630406292051
2017-10-26,-9.206067104284215e-05,-9.206067104284215e-05,-0.0006516480175061943,0.0005595873464633522,0.0005595873464633522,0.0,0.0,False,0.0,0.0,-0.0006516480175061943
2017-10-27,0.004232800348597916,0.004232800348597916,0.006046034999107138,-0.0018132346505092215,-0.0018132346505092215,0.0,0.0,False,0.0,0.0,0.006046034999107138
2017-10-30,-0.00040323349925358614,-0.00040323349925358614,-0.00028812215375362943,-0.0001151113454999567,-0.0001151113454999567,0.0,0.0,False,0.0,0.0,-0.00028812215375362943
2017-10-31,0.0020165522009537224,0.0020165522009537224,0.0020773501445516727,-6.079794359795023e-05,-6.079794359795023e-05,0.0,0.0,False,0.0,0.0,0.0020773501445516727
2017-11-01,-0.000633407757905534,-0.001334954798930967,0.0013150189126938717,-0.002649973711624839,-0.0019484266705994057,0.28061881641017317,0.0007015470410254329,True,0.005576813618528267,1.3942034046320667e-05,0.001301076878647551
2017-11-02,0.001245576973583418,0.001245576973583418,0.0013050788765513787,-5.95019029679606e-05,-5.95019029679606e-05,0.0,0.0,False,0.0,0.0,0.0013050788765513787
2017-11-03,-0.0003628174872721314,-0.0003628174872721314,0.0008435982739016988,-0.0012064157611738303,-0.0012064157611738303,0.0,0.0,False,0.0,0.0,0.0008435982739016988
2017-11-06,0.0007689890897332804,0.0007689890897332804,0.0023262230621327678,-0.0015572339723994874,-0.0015572339723994874,0.0,0.0,False,0.0,0.0,0.0023262230621327678
2017-11-07,-0.00405408981940338,-0.00405408981940338,-0.0018391824171052216,-0.002214907402298158,-0.002214907402298158,0.0,0.0,False,0.0,0.0,-0.0018391824171052216
2017-11-08,-0.0003566463208321024,-0.0003566463208321024,0.0009904969148063344,-0.0013471432356384368,-0.0013471432356384368,0.0,0.0,False,0.0,0.0,0.0009904969148063344
2017-11-09,-0.004667072442022715,-0.004667072442022715,-0.003360157679811106,-0.0013069147622116087,-0.0013069147622116087,0.0,0.0,False,0.0,0.0,-0.003360157679811106
2017-11-10,-0.0011166530953385428,-0.0011166530953385428,-0.003606376962818541,0.0024897238674799985,0.0024897238674799985,0.0,0.0,False,0.0,0.0,-0.003606376962818541
2017-11-13,-0.0016289076883234254,-0.0016289076883234254,-0.000513483437139706,-0.0011154242511837195,-0.0011154242511837195,0.0,0.0,False,0.0,0.0,-0.000513483437139706
2017-11-14,-0.002130130364608547,-0.002130130364608547,-0.0009554306978026186,-0.0011746996668059284,-0.0011746996668059284,0.0,0.0,False,0.0,0.0,-0.0009554306978026186
2017-11-15,-0.0017387158269295995,-0.0017387158269295995,-0.0010347718929540279,-0.0007039439339755716,-0.0007039439339755716,0.0,0.0,False,0.0,0.0,-0.0010347718929540279
2017-11-16,0.00825502661962061,0.00825502661962061,0.0053961679391466115,0.002858858680473999,0.002858858680473999,0.0,0.0,False,0.0,0.0,0.0053961679391466115
2017-11-17,-0.000775119053624795,-0.000775119053624795,0.00012425995887106799,-0.000899379012495863,-0.000899379012495863,0.0,0.0,False,0.0,0.0,0.00012425995887106799
2017-11-20,0.001873969449870748,0.001873969449870748,0.0013745461679387644,0.0004994232819319835,0.0004994232819319835,0.0,0.0,False,0.0,0.0,0.0013745461679387644
2017-11-21,0.0054018025166590825,0.0054018025166590825,0.005657843027209291,-0.0002560405105502088,-0.0002560405105502088,0.0,0.0,False,0.0,0.0,0.005657843027209291
2017-11-22,0.0018520756880573178,0.0018520756880573178,0.0017099152176841283,0.00014216047037318952,0.00014216047037318952,0.0,0.0,False,0.0,0.0,0.0017099152176841283
2017-11-24,0.0030456532155477504,0.0030456532155477504,0.0012352726231053641,0.0018103805924423863,0.0018103805924423863,0.0,0.0,False,0.0,0.0,0.0012352726231053641
2017-11-27,-0.003679085543891303,-0.003679085543891303,-0.002720490316035072,-0.0009585952278562309,-0.0009585952278562309,0.0,0.0,False,0.0,0.0,-0.002720490316035072
2017-11-28,0.005681346141629379,0.005681346141629379,0.005761713328424921,-8.036718679554217e-05,-8.036718679554217e-05,0.0,0.0,False,0.0,0.0,0.005761713328424921
2017-11-29,-0.0019364365106811392,-0.0019364365106811392,-0.003925330403366279,0.0019888938926851396,0.0019888938926851396,0.0,0.0,False,0.0,0.0,-0.003925330403366279
2017-11-30,0.0007329899901463434,0.0007329899901463434,0.0008518644204651938,-0.00011887443031885047,-0.00011887443031885047,0.0,0.0,False,0.0,0.0,0.0008518644204651938
2017-12-01,-0.001409408818517877,-0.0017593428222341168,-0.00011340278954784515,-0.0016459400326862717,-0.0012960060289700318,0.13997360148649599,0.00034993400371624,True,0.006746972295844162,1.6867430739610405e-05,-0.00013027022028745555
2017-12-04,-0.0013420409696863105,-0.0013420409696863105,-0.0007212629333803696,-0.0006207780363059409,-0.0006207780363059409,0.0,0.0,False,0.0,0.0,-0.0007212629333803696
2017-12-05,-0.001258555042634662,-0.001258555042634662,-0.001266692179098714,8.137136464051939e-06,8.137136464051939e-06,0.0,0.0,False,0.0,0.0,-0.001266692179098714
2017-12-06,-0.0007245524511353075,-0.0007245524511353075,-0.0009410239582561525,0.00021647150712084497,0.00021647150712084497,0.0,0.0,False,0.0,0.0,-0.0009410239582561525
2017-12-07,0.0012869148574531587,0.0012869148574531587,0.0008915890567341824,0.00039532580071897634,0.00039532580071897634,0.0,0.0,False,0.0,0.0,0.0008915890567341824
2017-12-08,0.002912345990452827,0.002912345990452827,0.0032893279980823224,-0.0003769820076294952,-0.0003769820076294952,0.0,0.0,False,0.0,0.0,0.0032893279980823224
2017-12-11,0.0015674502019552613,0.0015674502019552613,0.0016436227843809126,-7.617258242565133e-05,-7.617258242565133e-05,0.0,0.0,False,0.0,0.0,0.0016436227843809126
2017-12-12,0.00046736142800232554,0.00046736142800232554,-0.00040238602855831583,0.0008697474565606414,0.0008697474565606414,0.0,0.0,False,0.0,0.0,-0.00040238602855831583
2017-12-13,0.002015733315159376,0.002015733315159376,0.0037397511490262878,-0.0017240178338669117,-0.0017240178338669117,0.0,0.0,False,0.0,0.0,0.0037397511490262878
2017-12-14,-0.003059210926848392,-0.003059210926848392,-0.0029201030889955248,-0.00013910783785286724,-0.00013910783785286724,0.0,0.0,False,0.0,0.0,-0.0029201030889955248
2017-12-15,0.0014730206018771423,0.0014730206018771423,0.003729126591400876,-0.0022561059895237334,-0.0022561059895237334,0.0,0.0,False,0.0,0.0,0.003729126591400876
2017-12-18,0.00510092746696489,0.00510092746696489,0.004096641853973284,0.001004285612991606,0.001004285612991606,0.0,0.0,False,0.0,0.0,0.004096641853973284
2017-12-19,-0.003340079408525619,-0.003340079408525619,-0.004948136291079686,0.0016080568825540672,0.0016080568825540672,0.0,0.0,False,0.0,0.0,-0.004948136291079686
2017-12-20,-0.000779684091444303,-0.000779684091444303,-0.0017215267424579364,0.0009418426510136334,0.0009418426510136334,0.0,0.0,False,0.0,0.0,-0.0017215267424579364
2017-12-21,0.0023320468575901694,0.0023320468575901694,0.002868096808311289,-0.0005360499507211197,-0.0005360499507211197,0.0,0.0,False,0.0,0.0,0.002868096808311289
2017-12-22,0.0012855718441327976,0.0012855718441327976,0.0013238021660310247,-3.823032189822703e-05,-3.823032189822703e-05,0.0,0.0,False,0.0,0.0,0.0013238021660310247
2017-12-26,0.00041119724067837954,0.00041119724067837954,-4.1622747824587956e-05,0.0004528199885029675,0.0004528199885029675,0.0,0.0,False,0.0,0.0,-4.1622747824587956e-05
2017-12-27,0.0016653897516737508,0.0016653897516737508,0.002964332099214875,-0.0012989423475411243,-0.0012989423475411243,0.0,0.0,False,0.0,0.0,0.002964332099214875
2017-12-28,0.0002789182414758745,0.0002789182414758745,0.0012082928120689426,-0.0009293745705930681,-0.0009293745705930681,0.0,0.0,False,0.0,0.0,0.0012082928120689426
2017-12-29,0.0003456676475905077,0.0003456676475905077,-0.00036414903759507443,0.0007098166851855821,0.0007098166851855821,0.0,0.0,False,0.0,0.0,-0.00036414903759507443
