date,SYN000,SYN001,SYN002,SYN003,SYN004,SYN005,SYN006,SYN007,SYN008,SYN009,SYN010,SYN011,SYN012,SYN013,SYN014,SYN015,SYN016,SYN017,SYN018,SYN019,SYN020,SYN021,SYN022,SYN023,SYN024,SYN025,SYN026,SYN027,SYN028,SYN029,SYN030,SYN031,SYN032,SYN033,SYN034,SYN035,SYN036,SYN037,SYN038,SYN039
2018-12-20,0.07999999999995519,3.5890846562584566e-13,0.07999999999996778,0.025000000000023212,8.251871317643312e-14,1.3703153509482205e-13,0.02500000000011924,0.025000000000125547,0.024999999999966372,0.02499999999965746,0.024999999999919528,0.024999999999686398,0.024999999999432282,2.4788026496317084e-13,0.024999999999939678,0.025000000000172128,0.025000000000146995,6.538267703042003e-14,0.025000000000021283,0.049999999998330734,2.4570677761212725e-13,0.024999999999936115,0.024999999891731267,0.02500000000058094,0.025000000000085298,2.749446030040929e-13,0.025000000000018167,0.02500000000003043,0.02500000000001222,1.600349793908957e-14,0.07999999999985624,1.689733878803162e-10,0.025000000000094946,3.542357572455976e-14,0.07999999999988507,0.024999999999931632,7.166463462550815e-12,0.02499999993312804,0.07999999999961453,2.7692681533596005e-14
2018-12-21,0.08064273634966776,3.6090872244514413e-13,0.08014293244645201,0.02505557615418226,8.174197533523051e-14,1.3261166618034422e-13,0.025004128880348024,0.024397447692677432,0.02566663631733185,0.025514118968617407,0.02497413477516574,0.024455358878444484,0.025127246742014143,2.5731658824119574e-13,0.025071724979746045,0.025198731449837527,0.024850196504553397,6.412658635751032e-14,0.025302144011255318,0.04859092911006455,2.523299063484916e-13,0.02506058739575994,0.02535678883697154,0.02510181301843362,0.024829153659497234,2.79708680338804e-13,0.024626583105287602,0.02495485908886935,0.025483200866330734,1.6002323483870312e-14,0.07949723729786572,1.6873895643101173e-10,0.024560075217574376,3.632321825660924e-14,0.08017165107445931,0.024986061880189182,7.093353745417744e-12,0.025562359499549266,0.07981558562151367,2.7089108411187566e-14
2018-12-24,0.08036391815570634,3.5927300399510354e-13,0.0801472685439396,0.025314036289180147,8.150200409123435e-14,1.3299551544327937e-13,0.02504950359796891,0.024746261043340833,0.02594709150055009,0.025180624533658526,0.024958323085727582,0.023810276469381466,0.0248906464252449,2.6224770072215836e-13,0.02513364730009698,0.02510687025630291,0.02497197720642417,6.489045925992317e-14,0.025740964085199547,0.04873916844222554,2.502636210846501e-13,0.024411923111385066,0.02552547403156623,0.025447679329791993,0.024705605725494104,2.759388160846256e-13,0.02491719957698514,0.02474352623776414,0.025603393045636528,1.592959125646747e-14,0.07934059447432308,1.6508526208471e-10,0.02459643271532443,3.6130941880297957e-14,0.07952533493090838,0.02505772320971578,7.023142121381901e-12,0.0257328174779419,0.08029171902460185,2.6285200043703147e-14
2018-12-25,0.08146381723943932,3.6017695902203273e-13,0.08001053750847063,0.025340104888288143,8.266019275117477e-14,1.3287696271418876e-13,0.0251190746983516,0.02473151806442604,0.02569241380012764,0.02449107795791538,0.02495425134244264,0.0241649878227068,0.02495490495731487,2.571268351717513e-13,0.025259075309902613,0.024954786352361463,0.02463966707817233,6.569422601748591e-14,0.025389220498180102,0.04965042026072614,2.5307375994687604e-13,0.02432141177597466,0.025591866544246087,0.026204067465948937,0.024704634520904954,2.7600515313757283e-13,0.02577806239627647,0.02467372514191939,0.02567387899076291,1.562782706698516e-14,0.077732550194517,1.6402814162047687e-10,0.024508515687660534,3.6070626620104655e-14,0.07830793180628812,0.025113192091575375,6.952696091905772e-12,0.025845455022414986,0.08072885041019885,2.5968571160418327e-14
2018-12-26,0.07994548325803598,3.646514072584225e-13,0.07991029511435147,0.025414736341236848,8.367119938271504e-14,1.322645995963447e-13,0.024852820738212964,0.024311545154548926,0.025673539464961644,0.024583623185028474,0.025365869225981528,0.023942618898136373,0.02519495584798162,2.57154842139342e-13,0.024887868938155203,0.02463343797947272,0.024356784299322323,6.38380842111996e-14,0.025887955333458133,0.0495739312134821,2.5137177833119767e-13,0.024613120594747073,0.024921386963277687,0.026196897602019195,0.024889311629092952,2.7363332187266933e-13,0.026346618779678282,0.024666323931137962,0.0262397021603424,1.5818142399260653e-14,0.07744715039694214,1.6155519097470942e-10,0.02427533985346013,3.5721055444415605e-14,0.07771215727086962,0.02500036950726259,7.0252650245377466e-12,0.025827674730863757,0.08332848141785647,2.4988114636319678e-14
2018-12-27,0.07843810017545058,3.6271734757721573e-13,0.08123630394927919,0.02549745238078329,8.228505638225697e-14,1.3138968360823137e-13,0.024634000266809744,0.02411923453519588,0.026454518355180718,0.02453414072838998,0.025350673498150712,0.023854861237826555,0.025298147319522426,2.555228265091029e-13,0.024880325747063285,0.024627121625514326,0.024516110211094174,6.518904019642902e-14,0.02573543608319923,0.0503711800215048,2.521130987050706e-13,0.024422542761416036,0.02517567293062614,0.026514996490959678,0.024994344135192862,2.7463063118760696e-13,0.02603042072258041,0.025316722656536294,0.025615742323203815,1.5994952879107392e-14,0.07755590762051211,1.6326162288594314e-10,0.024182943250864408,3.6453567368702594e-14,0.0778667177747435,0.02466032850358504,6.9228050602596835e-12,0.02601443151832322,0.08210162300480515,2.577047947960988e-14
2018-12-28,0.07919852971097341,3.70743576250821e-13,0.08168611417611471,0.02534047113956293,8.157798465781665e-14,1.262439296440708e-13,0.024556724271228677,0.024418523098543376,0.026077602534818965,0.024529372079503915,0.02503187114257104,0.023973973880562275,0.025539682085403914,2.494148853484948e-13,0.024625313205570095,0.024760097282527108,0.02463444061828655,6.45628614284534e-14,0.025999618710936517,0.04959430275641306,2.541620268107658e-13,0.02439391704653294,0.02525233832048036,0.025524536212576922,0.025000748094730598,2.767689185212961e-13,0.026011818639601954,0.0255009407720478,0.025973107103931994,1.5820859293764416e-14,0.07780894597123342,1.6032099027218728e-10,0.024064578533299533,3.6607747858824654e-14,0.07764260585642949,0.02473308798732811,6.886791047129631e-12,0.025673696265847534,0.0824530423342337,2.5501747982501247e-14
2018-12-31,0.07873419192080813,3.7376872007538765e-13,0.08143403027456492,0.02512514802523896,8.328098888200076e-14,1.2617220036513142e-13,0.024219378831877025,0.023689057232678827,0.02642754514381324,0.024465047633168632,0.024661571217345832,0.024042800213749223,0.02569621390766037,2.471218062546267e-13,0.025078581138426276,0.025218901834711312,0.024728301635996534,6.556820903477003e-14,0.026094323304520783,0.0497618559684295,2.552214677082524e-13,0.024397579469371353,0.02464991838607301,0.025272019480959373,0.02500293233937038,2.7916411914710046e-13,0.025922292662070936,0.025240019238084065,0.02631494842584364,1.573307517928082e-14,0.07764642654247379,1.6181227252229285e-10,0.02428474084853846,3.625521873869606e-14,0.07849608503362944,0.02467002155424102,6.841895733764809e-12,0.025631796180057956,0.08309427138613473,2.5860039321487412e-14
2019-01-01,0.07999999999951074,7.743128678258496e-13,0.07999999999955003,0.07098734568682624,0.0,1.5742105932149048e-12,0.07999999999725922,0.02331415802417347,0.0251966923235313,6.008012498580382e-13,8.419673986189576e-13,1.033108503983096e-12,1.7003720104260382e-12,0.0,7.766586759058584e-12,0.07999999999722042,0.07999999999641813,0.0,0.02618757601420566,0.07999999999861346,0.0,2.606050712046833e-12,1.0103633569266799e-12,0.006678943426838486,0.025284610423016583,1.6424654325421706e-13,5.069858733866567e-13,2.0707628201337873e-12,0.022350674004318394,0.0,0.07999999999948108,8.946586233597895e-11,0.07999999998893459,0.0,0.07999999999926029,5.4810939439970896e-12,4.358719214485533e-12,1.4938969936291715e-12,0.07999999999939275,0.0
2019-01-02,0.07935695502198378,7.708060531704869e-13,0.08066848664262173,0.07100088269441586,0.0,1.5770178119771037e-12,0.07878953846469454,0.023009359104439117,0.025086300480516553,5.914642866148645e-13,8.397034978789303e-13,1.0500399488639648e-12,1.7031519865255764e-12,0.0,7.676840377588665e-12,0.08096202614945967,0.08078248228735052,0.0,0.025852236450237723,0.08002821814587624,0.0,2.6066653982978768e-12,1.003772247995703e-12,0.0066473988575542825,0.025071004043868587,1.6158027614091379e-13,5.155573382048593e-13,2.0962947905111156e-12,0.022262448688969993,0.0,0.08033787844639695,9.326705026713425e-11,0.08122747595234736,0.0,0.07970970266295262,5.462341570746825e-12,4.430189199363694e-12,1.5123259666548949e-12,0.07920760578104988,0.0
2019-01-03,0.08015219805267908,7.501998884591277e-13,0.08012174059092707,0.07029847145215994,0.0,1.5387594367301912e-12,0.07853788232910168,0.0231108983374481,0.024966723473029397,6.028761422465484e-13,8.401959086508196e-13,1.0451879130744857e-12,1.6736097859852926e-12,0.0,7.708521953364998e-12,0.08127084562405167,0.08084467373395615,0.0,0.025805382075439132,0.07989560888113743,0.0,2.582687539574597e-12,1.001548259681998e-12,0.006521092882193793,0.02510978104756398,1.5900435058634846e-13,5.130127796017612e-13,2.0565403305695713e-12,0.022178232186845278,0.0,0.08094114260678925,9.448876006595235e-11,0.08214464465831274,0.0,0.07982334082609392,5.490876682536456e-12,4.394096431181945e-12,1.5080679624668709e-12,0.07827734111591755,0.0
2019-01-04,0.07895481466369662,7.365062502238319e-13,0.08036828606963703,0.07077151206457122,0.0,1.6047041977611686e-12,0.0778074038604952,0.02325906899392462,0.02540922663583466,6.18139652894172e-13,8.529801771322907e-13,1.05316013379997e-12,1.6780929533136026e-12,0.0,7.885004036519972e-12,0.08122800511458858,0.08068644817502336,0.0,0.026161346921702612,0.08094715425570741,0.0,2.5710586747044237e-12,9.741542319647558e-13,0.006777499587678896,0.025403114417906183,1.572864447747469e-13,5.182575708257357e-13,2.1019749910054996e-12,0.02213245720074085,0.0,0.08156161804581537,9.233555241728347e-11,0.08146881514170785,0.0,0.08056345542486239,5.475777905778731e-12,4.354094878307081e-12,1.5317358355520962e-12,0.07649977330165876,0.0
2019-01-07,0.08174780648057854,7.433662974198309e-13,0.08116311086972204,0.07063431336586527,0.0,1.6076734090186061e-12,0.07707070878118137,0.02383545466538861,0.02473982887573441,6.22769877790648e-13,8.60985083309396e-13,1.04010263693128e-12,1.6868673366228668e-12,0.0,7.906333307648827e-12,0.08204387883840986,0.0797702308768431,0.0,0.025691194624201497,0.08041693809382369,0.0,2.5122213799943537e-12,9.940146916228901e-13,0.006748373579503202,0.025540383796444292,1.5637971687394723e-13,5.055425655841203e-13,2.140858747269825e-12,0.02193048959670411,0.0,0.08229580263425118,9.197913424039916e-11,0.08059843656093935,0.0,0.08030750470672351,5.578474709488771e-12,4.228640675806855e-12,1.5492878253054868e-12,0.07546554352957335,0.0
2019-01-08,0.0826387986120625,7.22207972300737e-13,0.0811175030780022,0.0710118904341938,0.0,1.5936334694528837e-12,0.07706498513392619,0.023814059346769865,0.024539205458644638,6.343701651151612e-13,8.479806274241707e-13,1.0274827748517034e-12,1.7092373245331159e-12,0.0,8.049173055833791e-12,0.08228021201215724,0.07967381087012516,0.0,0.025617683621230663,0.07992922562233358,0.0,2.518035558491797e-12,9.80662335848606e-13,0.006618552296702891,0.0258281547126501,1.550931165489075e-13,5.046481305158671e-13,2.1379051137819754e-12,0.021844979648960386,0.0,0.08261322008302538,9.091552669379945e-11,0.0803692048289792,0.0,0.07998887075995041,5.5758790307649296e-12,4.280533099580021e-12,1.5649353756188559e-12,0.07504964335706847,0.0
2019-01-09,0.08067065308976998,7.3753819518965e-13,0.08158144849882908,0.07171239151339098,0.0,1.5982816245929749e-12,0.07804246076428763,0.023603497941242727,0.024249996661207036,6.338858968025593e-13,8.640481848549884e-13,1.0181580074582682e-12,1.6867488060925818e-12,0.0,8.104076331841084e-12,0.0818075160521026,0.08013070826122771,0.0,0.025769941852156333,0.08026517538526923,0.0,2.575983961572555e-12,9.79755018632334e-13,0.006673285952705018,0.02621328483978289,1.564841407992592e-13,4.999079276457528e-13,2.1016514490803727e-12,0.021659295352978773,0.0,0.08294399646034536,9.49583089783599e-11,0.0805219026489916,0.0,0.07935617530478212,5.630308088048283e-12,4.285532727237431e-12,1.525488300718167e-12,0.07479826929357465,0.0
2019-01-10,0.08087291029734511,7.443865068526455e-13,0.08124334667913326,0.0714735299597794,0.0,1.595639112773011e-12,0.07824114633089017,0.023531718986265823,0.023952896117795015,6.403942896655792e-13,8.737875397207227e-13,1.0405165047202921e-12,1.7311259323522533e-12,0.0,8.156107273861212e-12,0.0828994402137165,0.08106307518346223,0.0,0.025764323119869398,0.07931518353803389,0.0,2.598765195206766e-12,1.0049858662374716e-12,0.006760595675599809,0.026175305921062247,1.6076185927545232e-13,4.890112711113825e-13,2.1468685297188857e-12,0.021237294275891824,0.0,0.08399776407691364,9.776971317431888e-11,0.08029723533318134,0.0,0.07933881321538283,5.6656050531485185e-12,4.223363469794368e-12,1.5288238880538543e-12,0.0738354209453075,0.0
2019-01-11,0.0797753433751382,7.607913028366553e-13,0.08095598201387048,0.07112353444530843,0.0,1.5454244621759254e-12,0.07796208674443793,0.023682153344598673,0.023945945094785294,6.376261301556099e-13,8.451472123103663e-13,1.0441975239404032e-12,1.7382685027530828e-12,0.0,8.13128371254223e-12,0.08120941466420001,0.08107243691504884,0.0,0.025873581362217717,0.07930469520445742,0.0,2.604582085145785e-12,9.942680031871342e-13,0.006645677564240603,0.026174853301326913,1.5687074114506996e-13,4.863089490412627e-13,2.1844319006800185e-12,0.021405528577479623,0.0,0.08450011685690474,9.61339566544631e-11,0.08291727640884106,0.0,0.08040326025577747,5.7180280930559695e-12,4.12654991427945e-12,1.5555424774100483e-12,0.07304811374270309,0.0
2019-01-14,0.08035859596013248,7.480392579483879e-13,0.08042147189128601,0.07081929439224759,0.0,1.5749311333845035e-12,0.07780440405332889,0.02335903680164642,0.024163808349024235,6.21354366043707e-13,8.346723417308956e-13,1.0342414067600496e-12,1.7383246666260761e-12,0.0,8.122052788095617e-12,0.08127878780876291,0.08030566356450027,0.0,0.025773688706480124,0.07924955819453249,0.0,2.6085117226156648e-12,9.750124292813601e-13,0.00675999163732505,0.026239951648805753,1.5940557119369087e-13,4.84966946483038e-13,2.152936716187242e-12,0.022358212678670775,0.0,0.08532038652530191,9.626546461994263e-11,0.08201562239540489,0.0,0.0796159928035132,5.746765419327338e-12,4.121750659000681e-12,1.596817060175896e-12,0.07415553246025161,0.0
2019-01-15,0.08098127702113969,7.638167593449987e-13,0.07954572816892486,0.07021624936765176,0.0,1.5878466754990396e-12,0.07810948318148261,0.02301319247042337,0.024450449000850517,6.171216350568597e-13,8.306518834693231e-13,1.0338238251329262e-12,1.7657487359400718e-12,0.0,8.170726901484092e-12,0.081752844335187,0.08044542802991095,0.0,0.02574975649554854,0.07890208213337584,0.0,2.601068017032394e-12,9.669502950873923e-13,0.006841817050918081,0.02621977835883437,1.6028825369424058e-13,4.799407211280513e-13,2.198943237357655e-12,0.0229623418959597,0.0,0.08581123889451642,9.611527866322728e-11,0.0812596795705567,0.0,0.07984396330685258,5.669369243692919e-12,4.127031485453467e-12,1.588778968094973e-12,0.07389469058918957,0.0
2019-01-16,0.08039664848475227,7.827924697516566e-13,0.0793652742348772,0.07043120028889732,0.0,1.5775938359903567e-12,0.07951994530713997,0.02239543685006733,0.025019300910394383,6.216373599467158e-13,8.568476453945953e-13,1.0409001879091822e-12,1.72876205220004e-12,0.0,8.230053261866239e-12,0.08151965104221885,0.08179608099204987,0.0,0.025259576954392435,0.07952127933964284,0.0,2.5986152142925704e-12,9.542886242504623e-13,0.006843334592603292,0.026598040466597726,1.6218947148354449e-13,4.956452418557588e-13,2.2029659370904627e-12,0.022931541109645993,0.0,0.08423928022698153,9.673458332192108e-11,0.0804739693790506,0.0,0.07960527978605679,5.681832444337719e-12,4.220532013729625e-12,1.5993287115864326e-12,0.07408415990514293,0.0
2019-01-17,0.08093898293435271,7.888745560960138e-13,0.07923353177161935,0.0693527704913529,0.0,1.5726578983399564e-12,0.07995434458612458,0.02260041784784234,0.025173041701042034,6.053039605807452e-13,8.759100456311061e-13,1.040239513201845e-12,1.722443112089396e-12,0.0,8.28279574574681e-12,0.08261066097252381,0.08176843350439823,0.0,0.02481494959244181,0.08002924975553741,0.0,2.598421407866058e-12,9.999879944056506e-13,0.006825991934805737,0.026646558942405914,1.607807400446145e-13,4.88712485969227e-13,2.227063051800159e-12,0.02263682957020893,0.0,0.085092163925321,1.0318587824178676e-10,0.08018581568439168,0.0,0.07888064735057872,5.790501676877772e-12,4.247799424694594e-12,1.5848653597454395e-12,0.07325560929888043,0.0
2019-01-18,0.0822589497231342,7.724601986932648e-13,0.07945494815292518,0.06978550974731389,0.0,1.5776596192736628e-12,0.08015220894161565,0.02242493384654029,0.024734247098785384,6.023438036465776e-13,8.937410752342433e-13,1.048314328086546e-12,1.7492065506126983e-12,0.0,8.367785822467719e-12,0.08251644342821565,0.08171627858845167,0.0,0.02502785580209731,0.07993728754164527,0.0,2.6249066626692195e-12,1.0290637286912604e-12,0.006738869548521289,0.026426737081965062,1.6396777431258329e-13,4.77388968447405e-13,2.2030816213764583e-12,0.022433263103285177,0.0,0.08414787884286282,1.0308405372982926e-10,0.0809111441292494,0.0,0.07984352569786367,5.809326763934101e-12,4.282414708498809e-12,1.5622856717045057e-12,0.07148991858927996,0.0
2019-01-21,0.08319192320733636,7.58921863550162e-13,0.07934574021024884,0.06891545650470635,0.0,1.5682598543872464e-12,0.07946486439698704,0.022098769199829935,0.02411458878095022,5.84489026458986e-13,8.927451850692399e-13,1.0414927011686996e-12,1.764847716913928e-12,0.0,8.411668145681188e-12,0.08251624882842672,0.08087245383220672,0.0,0.024824690493975562,0.0797144598350327,0.0,2.6424969953923814e-12,1.0262765053310562e-12,0.006757386343391141,0.0262704921962777,1.6409834153802537e-13,4.686291974176659e-13,2.2065449772213273e-12,0.023372845784509624,0.0,0.08630255631951696,1.0345207389355717e-10,0.07971147301780211,0.0,0.08077573049413131,5.8060006692978956e-12,4.207161080684767e-12,1.5476602362353667e-12,0.07175032041812718,0.0
2019-01-22,0.08346288085263055,7.808813379183366e-13,0.07864534103922208,0.06914365946628262,0.0,1.559752503410083e-12,0.08056872784355257,0.021756543590831724,0.02328465679232073,5.852658490586968e-13,8.91843539267972e-13,1.0269758990889084e-12,1.7299762562996853e-12,0.0,8.430414323099067e-12,0.0828757217151616,0.08219607496069398,0.0,0.025204204757882806,0.0782210665674962,0.0,2.67773298337294e-12,1.0346722819375117e-12,0.006870071714475889,0.02605255208118987,1.6586473235244752e-13,4.763645577783242e-13,2.2195559331615802e-12,0.02324065313340583,0.0,0.08611652324323613,1.0362815443053031e-10,0.07833812319314207,0.0,0.08045903463104308,5.801709920871446e-12,4.180622244355138e-12,1.5137212095406943e-12,0.07356416428072857,0.0
2019-01-23,0.08372101412140645,7.625688972058935e-13,0.0791695136162527,0.06886115865702566,0.0,1.5500017766162617e-12,0.08085177553656722,0.021043487728694993,0.0228960093893262,5.846036093746942e-13,8.89608202018327e-13,1.051914815760999e-12,1.7196399336793223e-12,0.0,8.583948771952536e-12,0.08327428890376302,0.08160267883492309,0.0,0.02523913344634487,0.08000480833607503,0.0,2.7075419795650498e-12,1.0765948169552793e-12,0.006916405882630262,0.02591104747004468,1.6587023354776005e-13,4.829654925076993e-13,2.2071712651984777e-12,0.023646021782350982,0.0,0.08645221590152247,1.0276097811261886e-10,0.0782827845191523,0.0,0.07961031895455972,5.779234332776359e-12,4.108717751648073e-12,1.5004287021030293e-12,0.07251733678342825,0.0
2019-01-24,0.08486809440117271,7.642646627170847e-13,0.07822271883776245,0.06842502952030668,0.0,1.5467324872661939e-12,0.0808221421631928,0.021179162480256725,0.0229363594972397,5.985545183364831e-13,8.932287374884893e-13,1.047227723860754e-12,1.7302214647978638e-12,0.0,8.594603767408592e-12,0.08335977301220496,0.0812265448420222,0.0,0.02517366322415067,0.07913603800031652,0.0,2.650979054030913e-12,1.0591355589802059e-12,0.006835829314630379,0.026222021842209058,1.6460432561988553e-13,4.750551128397745e-13,2.2099924721447512e-12,0.023422569923105444,0.0,0.08543102399648762,1.0266450995946252e-10,0.08077337684112988,0.0,0.08021949521748103,5.6826358402123496e-12,4.058793988295635e-12,1.5067954603087378e-12,0.0717461567506835,0.0
2019-01-25,0.0854673352623745,7.468062185494869e-13,0.07899649720590633,0.06766152827573585,0.0,1.5518261450325424e-12,0.0810937703534001,0.021004000402501593,0.022951599006521203,5.962966931198419e-13,9.028724464301093e-13,1.0579249876884746e-12,1.7232861652767244e-12,0.0,8.658095049603386e-12,0.08420085664648395,0.08112232612489705,0.0,0.02497669477068783,0.07718494671897747,0.0,2.636165125024233e-12,1.0584429407536991e-12,0.006876432982642493,0.025764556786918375,1.6433156409453392e-13,4.8405948680398e-13,2.2428444460547e-12,0.023544623371324656,0.0,0.08490507343755838,9.881084742616752e-11,0.08162616526708322,0.0,0.07959358264380889,5.67354739639207e-12,4.022624115936794e-12,1.5600271341733649e-12,0.07303001061128782,0.0
2019-01-28,0.08472767348922723,7.641500291407814e-13,0.07918730620679001,0.06721432905096883,0.0,1.5791171838848758e-12,0.08072635232427808,0.02101593881187147,0.0229965675979632,5.89424256238592e-13,9.029859026164513e-13,1.0407367455772345e-12,1.7429626373000396e-12,0.0,8.711536308221417e-12,0.08398979517253279,0.08028641688718727,0.0,0.02493001085905451,0.07759382794311136,0.0,2.5842985856869318e-12,1.056003865707389e-12,0.006797451788710777,0.02601935862459396,1.6422797224895565e-13,4.824345669554916e-13,2.218098162541207e-12,0.024163885108416838,0.0,0.08522239309642793,9.895189748541815e-11,0.0810967954279514,0.0,0.07887450533951808,5.673463346366752e-12,3.963127580563256e-12,1.589271380889447e-12,0.07515739213938218,0.0
2019-01-29,0.08321087086278126,7.666637558652502e-13,0.0788674737319733,0.06678222068590303,0.0,1.5680395187529874e-12,0.08007576034432412,0.020783666705666143,0.022708039684057,6.030628055499879e-13,9.022257617878175e-13,1.0351199038880975e-12,1.6998679480187766e-12,0.0,8.7285412997015e-12,0.08463877880092589,0.07984590319193785,0.0,0.02451737097376099,0.08060055799549393,0.0,2.593422765837691e-12,1.0904957327024225e-12,0.006799647070461778,0.026488069070216565,1.6294174038570568e-13,4.837566540492918e-13,2.208626352567275e-12,0.02392324436539972,0.0,0.08421479187426577,9.896454837460037e-11,0.08092965538494536,0.0,0.07930961767429368,5.656107067907207e-12,3.9755908789592836e-12,1.5985711341864215e-12,0.07630433145155575,0.0
2019-01-30,0.0823374529209082,7.561989197054161e-13,0.07861936294876345,0.06745183628963901,0.0,1.550179175569133e-12,0.07904247017559059,0.02087509201708009,0.022539201194395498,6.083440368295056e-13,8.77162337254308e-13,1.0323694916282142e-12,1.7113151197812006e-12,0.0,8.670103923084048e-12,0.0851031003647136,0.07916421003022102,0.0,0.024615135558093516,0.07973876553482818,0.0,2.5390006161827393e-12,1.0688714448496458e-12,0.0070035584364715586,0.026383710368337667,1.6275857662500696e-13,4.796563804800541e-13,2.2132370464306905e-12,0.02425333510779294,0.0,0.08370828788613154,9.783917465795668e-11,0.080494102954707,0.0,0.08079251597252952,5.581146910266086e-12,3.829178827991056e-12,1.6080143461781826e-12,0.07787786210926971,0.0
2019-01-31,0.08394996708160937,7.613071824113031e-13,0.07965031820996608,0.06776940469357938,0.0,1.535478490230825e-12,0.07822757412336141,0.020955881444484317,0.02245686352490288,6.090951937605318e-13,9.064570367123265e-13,1.0197139126979463e-12,1.7265113234360935e-12,0.0,8.617772030932658e-12,0.08488531479170185,0.07787037577529927,0.0,0.024445948366789125,0.07908574200618632,0.0,2.5251972137478365e-12,1.0646671943235863e-12,0.006901048174806858,0.026166110918552515,1.6367042947788228e-13,4.786530099302964e-13,2.215603172043534e-12,0.023681140284293155,0.0,0.08484548856460335,9.688859162058703e-11,0.08087162139888825,0.0,0.08048708541667492,5.5608516445137e-12,3.7370369061969724e-12,1.6428452157492738e-12,0.07775011509484732,0.0
2019-02-01,0.07999999997871143,0.0,0.07999999999510918,0.0799999999679498,0.0,0.0,0.07999999996373143,0.0,0.0799999999858157,0.0,0.0,0.07999999996682168,0.0,0.0,0.07999999998164958,5.30615210465366e-11,0.07999999999472225,2.237827787221039e-12,2.7461582038244327e-11,0.07999999997976587,0.0,0.0,0.0,0.0,0.0,0.0,4.426986529837485e-14,0.0,0.0,0.0,0.0799999999881609,4.344795184389268e-12,0.0799999999862284,0.0,0.07999999998717289,0.0,0.04000000013701101,0.0,0.0,0.0
2019-02-04,0.08118357159127217,0.0,0.08081900969701261,0.07963255427477622,0.0,0.0,0.07973243267871201,0.0,0.07994502249593188,0.0,0.0,0.0789854816578264,0.0,0.0,0.08124473697564426,5.339020177433537e-11,0.07907972537761228,2.2652926549591084e-12,2.7587605511057947e-11,0.07980119205375573,0.0,0.0,0.0,0.0,0.0,0.0,4.3956920476215994e-14,0.0,0.0,0.0,0.07953452109255618,4.25233115759017e-12,0.08097766199511937,0.0,0.08005227614557267,0.0,0.03901181387666897,0.0,0.0,0.0
2019-02-05,0.0811170289021376,0.0,0.08083016982673574,0.07920636499087477,0.0,0.0,0.08077234486595675,0.0,0.07866747408960868,0.0,0.0,0.08016218288557511,0.0,0.0,0.07937832108306851,5.346395314046621e-11,0.07961806327350654,2.2407396956091034e-12,2.7236745525170207e-11,0.07984913674024893,0.0,0.0,0.0,0.0,0.0,0.0,4.4583353005599776e-14,0.0,0.0,0.0,0.07986060946649039,4.1929223637396614e-12,0.08130480720937498,0.0,0.07925903012389375,0.0,0.03997446645534952,0.0,0.0,0.0
2019-02-06,0.08020368451439208,0.0,0.0803913621138629,0.07953941312710455,0.0,0.0,0.08029624673308279,0.0,0.07818906473247515,0.0,0.0,0.08009253121949997,0.0,0.0,0.08017558508590435,5.387323451821546e-11,0.07892284507892973,2.1778031740807298e-12,2.733581727230472e-11,0.07938189613272228,0.0,0.0,0.0,0.0,0.0,0.0,4.437750379149736e-14,0.0,0.0,0.0,0.08158872422917676,4.162932865509505e-12,0.08112870593393814,0.0,0.08007491452022235,0.0,0.04001502649109494,0.0,0.0,0.0
2019-02-07,0.07874157319728987,0.0,0.08035042870279423,0.07991518728720341,0.0,0.0,0.08084322166222858,0.0,0.07923636511230382,0.0,0.0,0.080661911380221,0.0,0.0,0.07994816746160756,5.364326043385565e-11,0.07910115283486456,2.1206280334366527e-12,2.7476239154641288e-11,0.07909205646214126,0.0,0.0,0.0,0.0,0.0,0.0,4.496582223959645e-14,0.0,0.0,0.0,0.08121100258658662,4.1061018373498464e-12,0.08180287597281416,0.0,0.07933350998022616,0.0,0.039762547272327704,0.0,0.0,0.0
2019-02-08,0.08043190679430541,0.0,0.08046532844738453,0.07919241480386782,0.0,0.0,0.08079242527764104,0.0,0.08100000508671056,0.0,0.0,0.08108360174446741,0.0,0.0,0.07860709049927596,5.362487572343112e-11,0.07914952933482354,2.1268910978321117e-12,2.748807383720891e-11,0.07745675050353949,0.0,0.0,0.0,0.0,0.0,0.0,4.5575359919707316e-14,0.0,0.0,0.0,0.08106132037564151,4.043272790395483e-12,0.08098652919989176,0.0,0.079575221014153,0.0,0.040197876830969384,0.0,0.0,0.0
2019-02-11,0.08185087376791574,0.0,0.0803832343777556,0.07942737768515179,0.0,0.0,0.0795827135795428,0.0,0.07983613867369271,0.0,0.0,0.08027033816901336,0.0,0.0,0.07893766874571075,5.331937351516451e-11,0.07945168467214872,2.1873231886682927e-12,2.7188702312197637e-11,0.07749742532921784,0.0,0.0,0.0,0.0,0.0,0.0,4.5482625470574576e-14,0.0,0.0,0.0,0.08124859272532758,3.983130478222744e-12,0.0818720262106822,0.0,0.08056159635785373,0.0,0.03908032961926327,0.0,0.0,0.0
2019-02-12,0.08157409291609877,0.0,0.08093996647818455,0.07866179952036646,0.0,0.0,0.07925902884392912,0.0,0.079541141764866,0.0,0.0,0.0802348898678113,0.0,0.0,0.07835561645998582,5.2527792405062375e-11,0.07950542705610832,2.2293373585196687e-12,2.6409943571178034e-11,0.07760598382198051,0.0,0.0,0.0,0.0,0.0,0.0,4.539909582110182e-14,0.0,0.0,0.0,0.08140623366395246,4.070880450223438e-12,0.08242816832726105,0.0,0.08083886919527658,0.0,0.039648781998895724,0.0,0.0,0.0
2019-02-13,0.08114428392913858,0.0,0.08186666859854616,0.07748556935533006,0.0,0.0,0.0785370793096332,0.0,0.07992285285941937,0.0,0.0,0.08041868394111336,0.0,0.0,0.07887092804723402,5.2303803611285414e-11,0.0797293281091724,2.209658494796803e-12,2.614835904128832e-11,0.07726777994626054,0.0,0.0,0.0,0.0,0.0,0.0,4.4969995904107113e-14,0.0,0.0,0.0,0.08152466777593383,3.941507733534553e-12,0.0823667870636969,0.0,0.08152263775961711,0.0,0.03934273322025615,0.0,0.0,0.0
2019-02-14,0.08236657633169288,0.0,0.08107970262140031,0.07692881377584573,0.0,0.0,0.07931269126268985,0.0,0.07884211894168465,0.0,0.0,0.08068576202230607,0.0,0.0,0.0800853199491341,5.226817253876298e-11,0.08079836718176646,2.135621454338983e-12,2.6104267661595417e-11,0.07611530110767326,0.0,0.0,0.0,0.0,0.0,0.0,4.557173222295565e-14,0.0,0.0,0.0,0.08103346006155063,4.011496249683176e-12,0.08259561333581732,0.0,0.08099038353528988,0.0,0.03916588978858367,0.0,0.0,0.0
2019-02-15,0.08313252567584009,0.0,0.08179014108474296,0.07749357574085484,0.0,0.0,0.0796765620322223,0.0,0.07728709483633177,0.0,0.0,0.08124344128506232,0.0,0.0,0.07946482104060185,5.2444496793976335e-11,0.08113575885379411,2.1045830967015766e-12,2.598370476557634e-11,0.07531288583705979,0.0,0.0,0.0,0.0,0.0,0.0,4.4996601996519385e-14,0.0,0.0,0.0,0.08193998969170216,3.975129700529556e-12,0.08177662280304838,0.0,0.08050029082727969,0.0,0.03924629020690664,0.0,0.0,0.0
2019-02-18,0.08491556358905997,0.0,0.0822774920447616,0.07644627920958179,0.0,0.0,0.07818131822552718,0.0,0.07730520363765579,0.0,0.0,0.08119379796234114,0.0,0.0,0.08069376385251992,5.161204191183471e-11,0.08035888646641794,2.058975393366923e-12,2.586523445710756e-11,0.076995651440725,0.0,0.0,0.0,0.0,0.0,0.0,4.4335596224071883e-14,0.0,0.0,0.0,0.08044726503529895,3.914805524075257e-12,0.08196337655567515,0.0,0.08062017444561774,0.0,0.038601227451322245,0.0,0.0,0.0
2019-02-19,0.08658122113745881,0.0,0.08256131997079201,0.07724656578020624,0.0,0.0,0.0776278293488752,0.0,0.07576381945642391,0.0,0.0,0.07992985808021279,0.0,0.0,0.07963631498877125,5.162469566812471e-11,0.08062780174518086,1.9891206778324852e-12,2.5697588740762462e-11,0.07717702669951858,0.0,0.0,0.0,0.0,0.0,0.0,4.434454421522554e-14,0.0,0.0,0.0,0.08222672073594539,3.8074993596535565e-12,0.08101624472146866,0.0,0.0805967327518427,0.0,0.03900854450014013,0.0,0.0,0.0
2019-02-20,0.08541552354987271,0.0,0.08440793682514054,0.07680183117166,0.0,0.0,0.07709017525854728,0.0,0.07604934463690859,0.0,0.0,0.07828025588393543,0.0,0.0,0.07911215958431135,5.20846252596397e-11,0.08102972601795617,1.996955274575102e-12,2.581898503758712e-11,0.07784882988515308,0.0,0.0,0.0,0.0,0.0,0.0,4.4759916937777e-14,0.0,0.0,0.0,0.08350481650807814,3.909534463477288e-12,0.07959183039976331,0.0,0.08191205670299267,0.0,0.03895551349182554,0.0,0.0,0.0
2019-02-21,0.08378249518209878,0.0,0.08552507700926328,0.07651565141958845,0.0,0.0,0.07762356196774606,0.0,0.0757897530437492,0.0,0.0,0.07958042390336255,0.0,0.0,0.07911485054507432,5.2023865482121684e-11,0.0818896456591077,2.038891368811902e-12,2.5515272942432528e-11,0.07536909542972414,0.0,0.0,0.0,0.0,0.0,0.0,4.636584268086012e-14,0.0,0.0,0.0,0.08374148383222028,3.91325911409495e-12,0.08026691009600084,0.0,0.0821089573906002,0.0,0.038692094437926185,0.0,0.0,0.0
2019-02-22,0.0830421913368485,0.0,0.08556873565694523,0.07674013680492117,0.0,0.0,0.0762332639055379,0.0,0.07610490434320076,0.0,0.0,0.07927791228547908,0.0,0.0,0.07946031419476657,5.229125455004254e-11,0.08182869195677914,2.0760853804998092e-12,2.564115666539562e-11,0.07686995674013822,0.0,0.0,0.0,0.0,0.0,0.0,4.6129226616558823e-14,0.0,0.0,0.0,0.08426538356577173,3.970363784661311e-12,0.08120481104651324,0.0,0.08132339679263385,0.0,0.03808030128643936,0.0,0.0,0.0
2019-02-25,0.08500046594726196,0.0,0.08496158854627904,0.076909280028165,0.0,0.0,0.07584674032785488,0.0,0.07509030137871918,0.0,0.0,0.07884483650733326,0.0,0.0,0.08011234761225831,5.282310776237987e-11,0.08207917864959283,2.0196647445165824e-12,2.570917991227412e-11,0.07614178289586081,0.0,0.0,0.0,0.0,0.0,0.0,4.5429186441966987e-14,0.0,0.0,0.0,0.08478185760940195,3.989881858929623e-12,0.08164728297271656,0.0,0.08106573891846079,0.0,0.03751859852150787,0.0,0.0,0.0
2019-02-26,0.08614580067919825,0.0,0.085542115900271,0.07724857204523318,0.0,0.0,0.07606262469849301,0.0,0.07500350026163151,0.0,0.0,0.07812770476612707,0.0,0.0,0.07987144643725551,5.3323290055877617e-11,0.08143765951446337,2.008830342666442e-12,2.6381901461586026e-11,0.07765627619607593,0.0,0.0,0.0,0.0,0.0,0.0,4.528527167405923e-14,0.0,0.0,0.0,0.08543457291123065,3.910086195149283e-12,0.07908025452037477,0.0,0.0806780990976794,0.0,0.03771137288629664,0.0,0.0,0.0
2019-02-27,0.08462573459506452,0.0,0.08573911825598918,0.07731030311803061,0.0,0.0,0.07673333146868613,0.0,0.07516308663270618,0.0,0.0,0.07923516729420096,0.0,0.0,0.07836816083832074,5.2668747553468556e-11,0.08219819640342875,1.982763273536362e-12,2.6227684797123794e-11,0.07757220611051997,0.0,0.0,0.0,0.0,0.0,0.0,4.4307026491699856e-14,0.0,0.0,0.0,0.08495922669244091,3.9707201518278445e-12,0.0798429587598234,0.0,0.0803187612102423,0.0,0.03793374853565173,0.0,0.0,0.0
2019-02-28,0.08485372833417774,0.0,0.0845853708094774,0.0763948837801856,0.0,0.0,0.07687470439543555,0.0,0.0752222340578315,0.0,0.0,0.07963511059257605,0.0,0.0,0.07962846912103462,5.3131864765979514e-11,0.08155463759099031,1.9597784218802244e-12,2.5813002823301608e-11,0.07900519416040486,0.0,0.0,0.0,0.0,0.0,0.0,4.5316614019222414e-14,0.0,0.0,0.0,0.08530566229202614,3.932005710567616e-12,0.07836407888820884,0.0,0.08113045156949082,0.0,0.037445474323278174,0.0,0.0,0.0
2019-03-01,0.07999999997618379,0.0,0.0799999999922729,0.07999999999319489,0.0,0.0,0.0770301142997752,0.0,0.020000000031355814,0.0,0.0,0.07999999984607283,5.2003642589288645e-12,0.0,0.07999999999826611,0.07999999378989016,0.0799999999926821,0.0,0.0,0.07999999998236156,0.0,1.992021990624793e-13,0.0,0.0,1.162690714584383e-11,0.0,0.0,0.0,5.0190074066207526e-12,0.0,0.07999999999416975,0.02296989209774196,0.07999999998697753,0.0,0.07999999999701,0.0,0.0,0.0,0.0,0.0
2019-03-04,0.07956642192813482,0.0,0.08035783333526307,0.07943823098420863,0.0,0.0,0.07742294461961227,0.0,0.01955806717352248,0.0,0.0,0.07899821588766297,5.290275111512257e-12,0.0,0.08067967202298507,0.07953845361895888,0.0790921794859321,0.0,0.0,0.08280935555587488,0.0,1.9723291890367435e-13,0.0,0.0,1.1769904276000745e-11,0.0,0.0,0.0,5.128910985586449e-12,0.0,0.07921590424343403,0.02201019700093604,0.08027347644377932,0.0,0.08103904767730928,0.0,0.0,0.0,0.0,0.0
2019-03-05,0.08055097419058108,0.0,0.08037157345994718,0.07924102786773381,0.0,0.0,0.07679577326337991,0.0,0.019889935902313808,0.0,0.0,0.08077534309797918,5.4222889453111345e-12,0.0,0.08037886176612827,0.07789736222001349,0.0790443865961679,0.0,0.0,0.08057941803912634,0.0,1.984594395265959e-13,0.0,0.0,1.178039897558606e-11,0.0,0.0,0.0,5.142480283186879e-12,0.0,0.07902570243442761,0.022204468481340747,0.08211254060672092,0.0,0.08113263205159624,0.0,0.0,0.0,0.0,0.0
2019-03-06,0.08275034421759463,0.0,0.0802671648264213,0.07907416870734542,0.0,0.0,0.07658810344580881,0.0,0.0200581416510227,0.0,0.0,0.0795248116565852,5.339618568250776e-12,0.0,0.08161002756451748,0.07746251031438732,0.07838930988336874,0.0,0.0,0.08075897793333202,0.0,1.980319732268425e-13,0.0,0.0,1.178504816061352e-11,0.0,0.0,0.0,5.166752834533614e-12,0.0,0.07854420490358031,0.022181934376595134,0.08122511133574438,0.0,0.08156518916120727,0.0,0.0,0.0,0.0,0.0
2019-03-07,0.08287999362261896,0.0,0.08039308266513426,0.0798555027791789,0.0,0.0,0.07609868129487825,0.0,0.020156136337262154,0.0,0.0,0.07947428216516239,5.340947330864189e-12,0.0,0.08136734597436666,0.07742521524137565,0.07823923541854294,0.0,0.0,0.08101075468030779,0.0,1.982222541752234e-13,0.0,0.0,1.1933060833736037e-11,0.0,0.0,0.0,5.1533869759405245e-12,0.0,0.0779057418508562,0.021549402368325296,0.08185206126907825,0.0,0.08179256431028685,0.0,0.0,0.0,0.0,0.0
2019-03-08,0.08327691295359288,0.0,0.08157655619916444,0.0807592737646715,0.0,0.0,0.07692302821423029,0.0,0.019677387565102074,0.0,0.0,0.07918578141793832,5.4713632355957556e-12,0.0,0.08063339868216386,0.0771664024021824,0.07831806891076741,0.0,0.0,0.07942308063978896,0.0,2.004937047429786e-13,0.0,0.0,1.1844245979586667e-11,0.0,0.0,0.0,5.233411440863807e-12,0.0,0.07704216630032373,0.022109003394393215,0.08286770336202988,0.0,0.08104123617090173,0.0,0.0,0.0,0.0,0.0
2019-03-11,0.08115933108007146,0.0,0.08162314177631515,0.07973956947713327,0.0,0.0,0.07686534209501582,0.0,0.020282213524335214,0.0,0.0,0.0780649326416998,5.306251675525962e-12,0.0,0.07994155101329953,0.07719240882449384,0.07862883267589263,0.0,0.0,0.08088631286438563,0.0,1.9883469950489038e-13,0.0,0.0,1.1913942085075057e-11,0.0,0.0,0.0,5.30331829486399e-12,0.0,0.07875312604086415,0.02198862533138049,0.08375200223796701,0.0,0.08112261039442387,0.0,0.0,0.0,0.0,0.0
2019-03-12,0.08021477624287553,0.0,0.08127681930416973,0.08090774453657629,0.0,0.0,0.07796670578038961,0.0,0.020444435464346624,0.0,0.0,0.07758772412307911,5.264466399255895e-12,0.0,0.0799542364445373,0.07662323183120077,0.07883432903707172,0.0,0.0,0.07801905327429531,0.0,1.9647734211433553e-13,0.0,0.0,1.180138332475665e-11,0.0,0.0,0.0,5.295987489434744e-12,0.0,0.07943347354803036,0.022435189024067125,0.08437865295395039,0.0,0.08192362841285195,0.0,0.0,0.0,0.0,0.0
2019-03-13,0.08177570632063626,0.0,0.08200282901638664,0.08121753174587563,0.0,0.0,0.07755701408684454,0.0,0.020698732741901142,0.0,0.0,0.07629845058308664,5.439686080807822e-12,0.0,0.08004934615170621,0.07689201668576787,0.07906884682301597,0.0,0.0,0.07690655212919864,0.0,1.947820161363329e-13,0.0,0.0,1.174068825607345e-11,0.0,0.0,0.0,5.3528963727769815e-12,0.0,0.08096598342457065,0.022155446940887825,0.0831084585827417,0.0,0.08130308474465242,0.0,0.0,0.0,0.0,0.0
2019-03-14,0.08289705846365215,0.0,0.08086120782991264,0.0804571675686895,0.0,0.0,0.07852127473563728,0.0,0.020192029839426962,0.0,0.0,0.07666967955070395,5.522227435623779e-12,0.0,0.0800693635057107,0.07608564682156095,0.07985774079808881,0.0,0.0,0.07692004831087608,0.0,1.9463915255478552e-13,0.0,0.0,1.1778679243230697e-11,0.0,0.0,0.0,5.346480216354184e-12,0.0,0.08103381097771055,0.022845262804184936,0.08320298288513955,0.0,0.08038672588586407,0.0,0.0,0.0,0.0,0.0
2019-03-15,0.08351890478139903,0.0,0.08114734858614008,0.07953054219517286,0.0,0.0,0.07925063009108961,0.0,0.02065105302637419,0.0,0.0,0.07590929746981855,5.5926460092890534e-12,0.0,0.0803810884785744,0.07551865042068916,0.08024611613866463,0.0,0.0,0.07772667831296658,0.0,1.9397943570284978e-13,0.0,0.0,1.1790383894111032e-11,0.0,0.0,0.0,5.318992445228747e-12,0.0,0.08136793698169643,0.02259732595453107,0.08206653054756008,0.0,0.08008789699242759,0.0,0.0,0.0,0.0,0.0
2019-03-18,0.0834372725306013,0.0,0.08191843453783149,0.07887125651416084,0.0,0.0,0.07982052534248237,0.0,0.020423134681030304,0.0,0.0,0.07624673698140973,5.6012792474280666e-12,0.0,0.07948712308325492,0.07530796077945812,0.08035363090081107,0.0,0.0,0.07782659628193397,0.0,1.9035385965589017e-13,0.0,0.0,1.1755288755350052e-11,0.0,0.0,0.0,5.236421344264475e-12,0.0,0.0814567594522716,0.0225982733964565,0.08209624580102029,0.0,0.08015604969449452,0.0,0.0,0.0,0.0,0.0
2019-03-19,0.08377334199051974,0.0,0.08077761382022078,0.07884461244985862,0.0,0.0,0.08001271546294056,0.0,0.020599392847707485,0.0,0.0,0.07767322721936042,5.588652845131376e-12,0.0,0.07858958012127526,0.07573570439273031,0.08006885177876337,0.0,0.0,0.07851670558405988,0.0,1.939731175379257e-13,0.0,0.0,1.1694324498142531e-11,0.0,0.0,0.0,5.3139657457714695e-12,0.0,0.08185770747429087,0.022097116501100876,0.08193879174253375,0.0,0.07951463859184753,0.0,0.0,0.0,0.0,0.0
2019-03-20,0.08351185892149615,0.0,0.08068233716313744,0.07895020259774488,0.0,0.0,0.0795872662147158,0.0,0.020619217226500987,0.0,0.0,0.07764448558873467,5.672908693130995e-12,0.0,0.07814759720961137,0.07568895047426627,0.08007265576602951,0.0,0.0,0.07993778630293287,0.0,1.87803347896658e-13,0.0,0.0,1.1589981059661285e-11,0.0,0.0,0.0,5.285535850943464e-12,0.0,0.08096832791393797,0.02183613572963916,0.08308184454315151,0.0,0.07927133432536555,0.0,0.0,0.0,0.0,0.0
2019-03-21,0.08558428344048759,0.0,0.08117737504591802,0.07729471010117474,0.0,0.0,0.07923886874012358,0.0,0.0198282811647691,0.0,0.0,0.07671557675560138,5.7878215841303376e-12,0.0,0.07794700325857624,0.07615129346029288,0.08018127037840421,0.0,0.0,0.07907532407305705,0.0,1.8402095569688532e-13,0.0,0.0,1.1597155709921988e-11,0.0,0.0,0.0,5.338034203639836e-12,0.0,0.08064419802907138,0.021862417196854517,0.08441890041043959,0.0,0.07988049792232314,0.0,0.0,0.0,0.0,0.0
2019-03-22,0.08578639001508466,0.0,0.0810500789294054,0.0759028844651949,0.0,0.0,0.07994112967290647,0.0,0.019873795327728393,0.0,0.0,0.0764613738061143,5.7710083931093896e-12,0.0,0.07804805471343502,0.07536108962593109,0.08066985679922745,0.0,0.0,0.07972838739402985,0.0,1.855791701260349e-13,0.0,0.0,1.1418555026880789e-11,0.0,0.0,0.0,5.282420281436924e-12,0.0,0.08067125520878812,0.022088920370191424,0.08467097943910475,0.0,0.07974580421020111,0.0,0.0,0.0,0.0,0.0
2019-03-25,0.08583260254916726,0.0,0.08076102646700384,0.07561513593996749,0.0,0.0,0.07961897888181113,0.0,0.01929641978251221,0.0,0.0,0.07739217822197557,5.5822408189225444e-12,0.0,0.07662604960554484,0.074841433955138,0.08084679280002419,0.0,0.0,0.08047316461001089,0.0,1.8527644906983128e-13,0.0,0.0,1.128351757869e-11,0.0,0.0,0.0,5.1643316248925055e-12,0.0,0.08176794858573638,0.02226880165599451,0.08485620052042826,0.0,0.0798032664024705,0.0,0.0,0.0,0.0,0.0
2019-03-26,0.08583620223409598,0.0,0.07984658552448488,0.07537801573394987,0.0,0.0,0.07933398658563605,0.0,0.019081768061346545,0.0,0.0,0.07692802003365377,5.6685200185033955e-12,0.0,0.0781728036691368,0.07498530296015742,0.08026275825972495,0.0,0.0,0.08071383799620323,0.0,1.8391935170948187e-13,0.0,0.0,1.1371485931421275e-11,0.0,0.0,0.0,5.154588660412269e-12,0.0,0.0818540548651946,0.02197846240634847,0.0851950899779603,0.0,0.08043311166972908,0.0,0.0,0.0,0.0,0.0
2019-03-27,0.08641432029218912,0.0,0.07882264982157766,0.07597744515508892,0.0,0.0,0.07993765343484172,0.0,0.019395739790884953,0.0,0.0,0.07569117051577007,5.641190616783456e-12,0.0,0.07838171365558115,0.07605170868857468,0.07966755804076028,0.0,0.0,0.07938395847955193,0.0,1.8142432937119252e-13,0.0,0.0,1.1359530932684359e-11,0.0,0.0,0.0,5.208940435908098e-12,0.0,0.08226510524655979,0.02237564512765344,0.08572714918435058,0.0,0.07990818254422508,0.0,0.0,0.0,0.0,0.0
2019-03-28,0.08629601834418828,0.0,0.07850273183052103,0.07617898323829733,0.0,0.0,0.08046695998396947,0.0,0.019433225522268494,0.0,0.0,0.07577781282572542,5.578611812097381e-12,0.0,0.07843862773057309,0.07603444838043684,0.0794315422644789,0.0,0.0,0.0791541167730888,0.0,1.8047292502216937e-13,0.0,0.0,1.1363541186381662e-11,0.0,0.0,0.0,5.228955322636957e-12,0.0,0.08259668315505443,0.022490884126937918,0.08497627410649096,0.0,0.08022169169561791,0.0,0.0,0.0,0.0,0.0
2019-03-29,0.08690082320732698,0.0,0.07796195706325143,0.07609413744895967,0.0,0.0,0.08037075931136835,0.0,0.019952273614207993,0.0,0.0,0.07518837904558208,5.613905234604993e-12,0.0,0.07842747376436361,0.07695760533785571,0.07959543270450736,0.0,0.0,0.07772289354159974,0.0,1.8371665323528875e-13,0.0,0.0,1.1313128181424141e-11,0.0,0.0,0.0,5.315153209044118e-12,0.0,0.08284253554680038,0.022532277196643618,0.08584698424285282,0.0,0.0796064679522549,0.0,0.0,0.0,0.0,0.0
2019-04-01,0.07999999999395041,0.0,0.0800000000014091,0.08000000000094003,0.0,0.0,1.2403109050599634e-10,0.0,3.8145417122561306e-12,1.2020899699031679e-12,0.0,0.07999999999898788,8.729088001189068e-12,0.0,0.08000000000120223,0.08000000000137598,0.0799999999992366,0.0,0.019999999542956788,0.07999999990151371,0.0,0.0,0.0,4.2414838302354004e-10,0.06000000011670327,0.0,1.2699719290484377e-13,0.03999999967321189,0.0,0.0,0.07999999999741104,4.370689964855016e-12,0.07999999998950422,0.0,0.07999999998764662,0.0,2.7110554299347666e-12,2.067144757861677e-10,1.8101826959938857e-11,0.0
2019-04-02,0.07903598469389132,0.0,0.07948411427518894,0.0799951696490125,0.0,0.0,1.24311410533578e-10,0.0,3.746730926477651e-12,1.2214867852355352e-12,0.0,0.07902163865053739,8.787086887000008e-12,0.0,0.07998307208617446,0.08056291836817092,0.0806633012589487,0.0,0.020088768993955487,0.07943976640288133,0.0,0.0,0.0,4.202970782784464e-10,0.06095899155273413,0.0,1.2657605746311363e-13,0.03958400642296265,0.0,0.0,0.08121202228406704,4.426294686296802e-12,0.0796278562817011,0.0,0.0803423882863904,0.0,2.7535507403001293e-12,2.0962361956349758e-10,1.8089728480435244e-11,0.0
2019-04-03,0.07917360846480871,0.0,0.07995411477855252,0.07897776420133594,0.0,0.0,1.250605128951232e-10,0.0,3.752631054520849e-12,1.221847981231243e-12,0.0,0.07650540251018345,8.839283124775276e-12,0.0,0.08057325640872677,0.08043478129936073,0.08037160329289494,0.0,0.019984854087009344,0.08223419525897681,0.0,0.0,0.0,4.306290239178267e-10,0.061742033455672,0.0,1.2579271205676232e-13,0.04040255079937375,0.0,0.0,0.08048573822760673,4.454022412228716e-12,0.07887513274300458,0.0,0.08028496366574282,0.0,2.782113868121472e-12,2.1214240103053916e-10,1.7743296817456727e-11,0.0
2019-04-04,0.07959876291495573,0.0,0.07903781207394998,0.08007811589190887,0.0,0.0,1.2328263865790252e-10,0.0,3.76801102530925e-12,1.2523686836128678e-12,0.0,0.07673083562076184,8.771000285759514e-12,0.0,0.08064223240423496,0.079769076592123,0.08042779286859898,0.0,0.020001792243588112,0.08402542279277805,0.0,0.0,0.0,4.2500412386179203e-10,0.06162611218777453,0.0,1.2461040723761333e-13,0.039698001992659215,0.0,0.0,0.07991786488435432,4.475250270812667e-12,0.07807265101442772,0.0,0.08037352571686884,0.0,2.7929321256721423e-12,2.139584812086522e-10,1.7586461794765307e-11,0.0
2019-04-05,0.07886404888433957,0.0,0.08020147561530522,0.08034586492725518,0.0,0.0,1.259255014464464e-10,0.0,3.889773498650974e-12,1.2537849392472974e-12,0.0,0.07705757806939371,8.802551362851027e-12,0.0,0.0800509377411924,0.07961566749118909,0.08140569308655689,0.0,0.020072268639842503,0.08164089850881683,0.0,0.0,0.0,4.3640433827331316e-10,0.06182146705938825,0.0,1.256070556717102e-13,0.04026351418464537,0.0,0.0,0.07978225463267051,4.407500076116021e-12,0.0789465652412429,0.0,0.07993176510582888,0.0,2.770225674631785e-12,2.1114497790681218e-10,1.7608431821230887e-11,0.0
2019-04-08,0.0785037369739838,0.0,0.07959813604408957,0.07983686751492701,0.0,0.0,1.2542033907182982e-10,0.0,3.8192478887470405e-12,1.285801664957547e-12,0.0,0.07804029876640052,8.785864311757497e-12,0.0,0.0810318826112551,0.08016663273974871,0.08024404973177258,0.0,0.02009782750304208,0.08163989837796604,0.0,0.0,0.0,4.3536418955069683e-10,0.06232243889518409,0.0,1.2642160473976687e-13,0.040333997528987156,0.0,0.0,0.07879780528304298,4.389968750822714e-12,0.07786895665699936,0.0,0.08151747056333414,0.0,2.8244344819168763e-12,2.0985513914775992e-10,1.739548374414553e-11,0.0
2019-04-09,0.07704074872931357,0.0,0.07974886682642673,0.07920852357057794,0.0,0.0,1.2423308776704745e-10,0.0,3.830374858209816e-12,1.2778854468863933e-12,0.0,0.0782811549791914,8.603953451480882e-12,0.0,0.08087767734983319,0.07972077343299391,0.08070282057551852,0.0,0.02007984488208224,0.0821649534290997,0.0,0.0,0.0,4.4014510843379556e-10,0.06196437409545068,0.0,1.2324257128194453e-13,0.040171339089206046,0.0,0.0,0.07971762447938688,4.441781483682001e-12,0.07897695608503778,0.0,0.08134434166577886,0.0,2.8321380032370652e-12,2.073298532992339e-10,1.7285157995428938e-11,0.0
2019-04-10,0.07853058000342479,0.0,0.07944892834505649,0.07923671577549006,0.0,0.0,1.2580138022361648e-10,0.0,3.880512637924966e-12,1.237782763087917e-12,0.0,0.07964053024187191,8.669034472248464e-12,0.0,0.07937370739602374,0.079625766655183,0.08146115278271002,0.0,0.02025121560775508,0.08149789557862609,0.0,0.0,0.0,4.387842164771407e-10,0.06113942713520559,0.0,1.2422551682894043e-13,0.03967663266207161,0.0,0.0,0.08030795313172302,4.5349398546926566e-12,0.07926157530699764,0.0,0.08054791856676237,0.0,2.8102690145289154e-12,2.0795743204169542e-10,1.729887373216216e-11,0.0
2019-04-11,0.07943922066117255,0.0,0.07936134709141822,0.0798240628009801,0.0,0.0,1.2603340385011625e-10,0.0,3.956336746225141e-12,1.22723181099053e-12,0.0,0.07884976851512292,8.716706933876952e-12,0.0,0.08018471018259998,0.07981453270542958,0.08091996366970429,0.0,0.020248935218452238,0.08015679748990136,0.0,0.0,0.0,4.418206598326688e-10,0.06086786053657004,0.0,1.2133573236816737e-13,0.03958876049168516,0.0,0.0,0.07998213338202517,4.484335161166218e-12,0.0793546293644434,0.0,0.08140727707905221,0.0,2.7962397146614456e-12,2.0484053296951413e-10,1.744603689435564e-11,0.0
2019-04-12,0.07960897527116419,0.0,0.0799069416405131,0.07924508041532441,0.0,0.0,1.2557921135601557e-10,0.0,3.883832783963936e-12,1.2451827795110023e-12,0.0,0.07924129365271912,8.772936912984947e-12,0.0,0.0810353072597354,0.08026474809653904,0.08072859793372855,0.0,0.020045250639770838,0.079074795331021,0.0,0.0,0.0,4.379512356200261e-10,0.06114834190436649,0.0,1.2330687656699393e-13,0.039294982359041955,0.0,0.0,0.08080874933535154,4.495127668706624e-12,0.07792496261137705,0.0,0.08167197274345032,0.0,2.75838903185739e-12,2.0374936571366125e-10,1.7338391567888836e-11,0.0
2019-04-15,0.08066192557933873,0.0,0.07956927059625908,0.07956028244020423,0.0,0.0,1.2542267570377743e-10,0.0,3.911910616956072e-12,1.2399393333227325e-12,0.0,0.08085349628842249,8.834811768623707e-12,0.0,0.08043634936914067,0.0803249641276166,0.08106258476374922,0.0,0.020073119815506586,0.07727763822216224,0.0,0.0,0.0,4.429768892147434e-10,0.06065507623775721,0.0,1.2405101432975832e-13,0.04022254727268646,0.0,0.0,0.08039505248697226,4.732829469156101e-12,0.07749294653408521,0.0,0.0814147454568566,0.0,2.7822027188896354e-12,2.0247324509389736e-10,1.6743811776819687e-11,0.0
2019-04-16,0.08047227978013521,0.0,0.08004003749882832,0.07940937358473317,0.0,0.0,1.258230269913954e-10,0.0,3.891597925077627e-12,1.2595880178773153e-12,0.0,0.08090204250318056,8.696354418201507e-12,0.0,0.08047872335821975,0.08010926676189516,0.08163469181286405,0.0,0.020033821833238912,0.07663443482449396,0.0,0.0,0.0,4.432121670900079e-10,0.06108260232844778,0.0,1.2596847758316295e-13,0.04084371323055149,0.0,0.0,0.07993904872413939,4.743474299095206e-12,0.07744126283319544,0.0,0.08097870011682895,0.0,2.7769225407439403e-12,2.022983834932193e-10,1.642025096840792e-11,0.0
2019-04-17,0.08088085483621608,0.0,0.08051079616288659,0.07940720511675511,0.0,0.0,1.2619868341941297e-10,0.0,3.888112127047099e-12,1.2677127484090031e-12,0.0,0.08158652707738338,8.639914007207867e-12,0.0,0.08025277785162226,0.0805353393702807,0.08174468958256588,0.0,0.020177990077858504,0.07593617052673662,0.0,0.0,0.0,4.27154324135951e-10,0.061233101564254495,0.0,1.275288838615113e-13,0.03995315174909634,0.0,0.0,0.0790089407747936,4.814406869630465e-12,0.0778534943620193,0.0,0.08091896015794706,0.0,2.7879320164506544e-12,1.9809042018461321e-10,1.6614842469316735e-11,0.0
2019-04-18,0.08204679224957204,0.0,0.08165729617890702,0.07959749190175612,0.0,0.0,1.249190227170633e-10,0.0,3.7584860931908134e-12,1.2581127135731771e-12,0.0,0.08098985522669876,8.518805141360446e-12,0.0,0.0793507822863669,0.08051221623826628,0.0811855848581992,0.0,0.020502414941581996,0.0756719012051428,0.0,0.0,0.0,4.2826752583911243e-10,0.06063103935806034,0.0,1.2677232294751093e-13,0.039594028912930075,0.0,0.0,0.07870191963761373,4.7749051582145605e-12,0.07972168412904626,0.0,0.0798369920874602,0.0,2.7771442330139047e-12,1.9735649354683045e-10,1.66408081692047e-11,0.0
2019-04-19,0.08359922986969273,0.0,0.08145764325925337,0.0778269306970406,0.0,0.0,1.2442729052898151e-10,0.0,3.757571393578038e-12,1.2616479821506915e-12,0.0,0.08087457784160842,8.68476574773818e-12,0.0,0.08165794015255629,0.0809107040114927,0.08177289569445854,0.0,0.020546440078217355,0.07647022349200215,0.0,0.0,0.0,4.2494985459132386e-10,0.06063481012015535,0.0,1.2573681294198766e-13,0.03920591686593759,0.0,0.0,0.07715905610197239,4.747004415061152e-12,0.07745540019880245,0.0,0.08042823083186405,0.0,2.7598925225566685e-12,1.977168840227648e-10,1.6515190995983955e-11,0.0
2019-04-22,0.08297282109867,0.0,0.08197653174138103,0.07725062517673953,0.0,0.0,1.2394159379155898e-10,0.0,3.761060102174247e-12,1.265935588529132e-12,0.0,0.08185854747274274,8.597497916523705e-12,0.0,0.08138462644424393,0.08090370672419625,0.08182808504643882,0.0,0.020526292377308474,0.07635863848760945,0.0,0.0,0.0,4.120747874591073e-10,0.061115297743631725,0.0,1.2725411805749265e-13,0.03899048905194003,0.0,0.0,0.07636283400179993,4.817621059726083e-12,0.07878135624864305,0.0,0.07969014761653218,0.0,2.8089459319268873e-12,1.9383380341141533e-10,1.689421591178951e-11,0.0
2019-04-23,0.08529945867084764,0.0,0.08165007312693164,0.07749342318753148,0.0,0.0,1.2392160069143538e-10,0.0,3.721763206985435e-12,1.287323270023714e-12,0.0,0.08233654544114236,8.699490714855034e-12,0.0,0.08149589000984063,0.08138129113747831,0.08178034465419422,0.0,0.02077192750713949,0.07437813501505167,0.0,0.0,0.0,4.127796564348877e-10,0.06115225889510304,0.0,1.265123020025588e-13,0.03909604547020294,0.0,0.0,0.07588520230324611,4.7417723630564596e-12,0.07802849592838706,0.0,0.07925090788538013,0.0,2.8200810630687804e-12,1.9250021827809835e-10,1.6924794761485046e-11,0.0
2019-04-24,0.08472353461701244,0.0,0.08273409036759327,0.07792459752970286,0.0,0.0,1.2331266119836206e-10,0.0,3.804973102021723e-12,1.2740387759602016e-12,0.0,0.08308462538892802,8.838512669900488e-12,0.0,0.08210880599748097,0.08107027360778238,0.08061252430981504,0.0,0.020999585652150068,0.07444335420938185,0.0,0.0,0.0,4.191483852769378e-10,0.06018582923399307,0.0,1.2626428064343062e-13,0.03894809850088115,0.0,0.0,0.07596941924179115,4.709574026252748e-12,0.07814667329059134,0.0,0.0790485872827982,0.0,2.8590081566647203e-12,1.8892497491320731e-10,1.7099643398414765e-11,0.0
2019-04-25,0.08504982868038509,0.0,0.08207109694249548,0.07832736930240991,0.0,0.0,1.2356776061525884e-10,0.0,3.749074583586479e-12,1.2713457089427461e-12,0.0,0.08240075528554261,8.838410822404263e-12,0.0,0.08119654266431206,0.0816764763479167,0.080635663888697,0.0,0.020807665945099866,0.0739469627062901,0.0,0.0,0.0,4.145645254194247e-10,0.059913773691590747,0.0,1.276334568700816e-13,0.039549605206761596,0.0,0.0,0.07636959216261942,4.853852702221976e-12,0.07922750854582268,0.0,0.07882715786968665,0.0,2.8605772457174634e-12,1.8376547809391422e-10,1.6771342575980084e-11,0.0
2019-04-26,0.08323619415578613,0.0,0.08298948716642658,0.07818534654230218,0.0,0.0,1.2331240076411714e-10,0.0,3.685460994127086e-12,1.2585360300663754e-12,0.0,0.08250485184554969,8.914376334451794e-12,0.0,0.08111791053521218,0.08159436203034945,0.08046064488982044,0.0,0.02074036695224021,0.0739059712452921,0.0,0.0,0.0,4.171293456906686e-10,0.06012038206501106,0.0,1.258633042656452e-13,0.04034110918633457,0.0,0.0,0.07640338561442458,4.729789824223511e-12,0.07950665910328365,0.0,0.07889332790514007,0.0,2.871714104249055e-12,1.8403516388478916e-10,1.676442214227108e-11,0.0
2019-04-29,0.08507493283260475,0.0,0.08262664367209781,0.07836938582033377,0.0,0.0,1.2317671319637644e-10,0.0,3.641836474741446e-12,1.2332475071220006e-12,0.0,0.08203006520378249,8.942915571021848e-12,0.0,0.08159728898295451,0.0817781779635982,0.08026252030647911,0.0,0.02068517765778151,0.07336377284692519,0.0,0.0,0.0,4.133953257441049e-10,0.060730590377938085,0.0,1.2708414172923216e-13,0.04032814873556645,0.0,0.0,0.07536410733640449,4.7254838580343746e-12,0.07874237425144189,0.0,0.07904681325598752,0.0,2.843434883652557e-12,1.813726567330865e-10,1.6645452894137898e-11,0.0
2019-04-30,0.08330695375412796,0.0,0.08290688100518309,0.07794402428458025,0.0,0.0,1.2543908890867282e-10,0.0,3.64501399361307e-12,1.2248250631332753e-12,0.0,0.08189658520245258,8.959055259807387e-12,0.0,0.08272973746471339,0.08222933461916385,0.08078693513190437,0.0,0.020663921534404172,0.0737061166313002,0.0,0.0,0.0,4.1817688539723423e-10,0.06145992133704558,0.0,1.3005368032881074e-13,0.03960394491900128,0.0,0.0,0.07564639520644403,4.66355736077096e-12,0.07743991692258148,0.0,0.07967933122798253,0.0,2.8699079797169307e-12,1.7712869002445373e-10,1.6878102216169414e-11,0.0
2019-05-01,0.026608934646247577,9.990630128575334e-13,0.07999999999291797,0.0782812733922096,0.0,3.4092188264849726e-12,4.27339341428432e-11,0.0,0.0,0.07999999998586611,0.0,0.01999999997584278,0.07999999993548684,0.0,0.07999999999666352,0.07999999998892383,0.07999999999581668,0.0,0.0,0.060646397481234765,0.0,0.0,0.0,1.8530298815433747e-10,1.6544307849425748e-11,0.0,9.863559598051345e-15,1.1404288424597075e-11,0.07999999959949512,0.0,0.07999999999850668,0.0,0.07999999999694578,0.0,0.07935360251480876,0.0,0.0,3.112988684305216e-11,0.01510979220750034,0.0
2019-05-02,0.026503271303509688,9.88457166150475e-13,0.08075417447553786,0.0784567968897056,0.0,3.3573632845923568e-12,4.324084850913264e-11,0.0,0.0,0.08036533695818444,0.0,0.019780506676081114,0.08191774705798835,0.0,0.07931362120913185,0.07956668153501219,0.08072128926351786,0.0,0.0,0.06057547209888186,0.0,0.0,0.0,1.858886737908641e-10,1.6738186842672114e-11,0.0,9.99937159457854e-15,1.1776348690306606e-11,0.08068297771851896,0.0,0.07958739835513536,0.0,0.0781032982379038,0.0,0.07853092190548472,0.0,0.0,3.133334015251961e-11,0.01514050602207304,0.0
2019-05-03,0.0265995050828482,9.901240354689159e-13,0.08008330816776535,0.07910019458047515,0.0,3.253549855970069e-12,4.3470301927219395e-11,0.0,0.0,0.08044435015646455,0.0,0.01993458441732355,0.08295317428639896,0.0,0.07814560505004746,0.0780689631377394,0.08122043583361854,0.0,0.0,0.06090852701721991,0.0,0.0,0.0,1.8408515251645518e-10,1.6589437328961328e-11,0.0,1.0166411445808501e-14,1.1932445485978682e-11,0.08077082213275848,0.0,0.07970522577515511,0.0,0.0781386045999656,0.0,0.07884783332331896,0.0,0.0,3.1293406846853175e-11,0.015078866147276038,0.0
2019-05-06,0.026607087850081965,9.848216881653014e-13,0.07973901205604332,0.07953293101264003,0.0,3.2349728572334044e-12,4.345085158435657e-11,0.0,0.0,0.08067716820282217,0.0,0.02004365037446957,0.0826323039340359,0.0,0.0785549472081788,0.0779296643886221,0.08154448855455591,0.0,0.0,0.060683172035301686,0.0,0.0,0.0,1.8196897939497236e-10,1.647218589788893e-11,0.0,1.0293869063154466e-14,1.184621415472987e-11,0.07957392834970203,0.0,0.07805892438508152,0.0,0.07983164397619852,0.0,0.07959029704454325,0.0,0.0,3.1374584069345324e-11,0.015000780338380117,0.0
2019-05-07,0.026487484682427637,9.67409321503704e-13,0.07922097334331354,0.07996058474209225,0.0,3.1967066043242442e-12,4.3411430616969914e-11,0.0,0.0,0.08090368544332834,0.0,0.01970060587907471,0.08384174594103609,0.0,0.0776846122533048,0.07848572341383989,0.08104868431657584,0.0,0.0,0.06057328252074327,0.0,0.0,0.0,1.8594833186846415e-10,1.6234295443330987e-11,0.0,1.0199756952287083e-14,1.1969940644346925e-11,0.08073759092816124,0.0,0.07897601900645093,0.0,0.07868218753549261,0.0,0.07896511370412257,0.0,0.0,3.094617040363828e-11,0.014731705997351621,0.0
2019-05-08,0.026788775168681743,9.686693069112489e-13,0.0793806452192844,0.08059034014382677,0.0,3.1845782499946802e-12,4.399511840271111e-11,0.0,0.0,0.08010285056428286,0.0,0.02005211550691832,0.08444863906346907,0.0,0.07710313318794067,0.0786247894130741,0.08210155533505219,0.0,0.0,0.05955893511875308,0.0,0.0,0.0,1.8547354947685415e-10,1.6121280131814495e-11,0.0,1.0344271233924137e-14,1.1927033281543044e-11,0.08050935221741536,0.0,0.07892707877612702,0.0,0.08013425424826705,0.0,0.07698367631074772,0.0,0.0,3.100900006713094e-11,0.01469385943346985,0.0
2019-05-09,0.026880463558214638,9.811827706967882e-13,0.07870065133009739,0.08027245821275199,0.0,3.1422342596690903e-12,4.430724367495783e-11,0.0,0.0,0.07919455962216758,0.0,0.02004916762916394,0.08469251714618845,0.0,0.07743011933788095,0.07862879772345811,0.08299608284115069,0.0,0.0,0.05924293408259797,0.0,0.0,0.0,1.8428813142569346e-10,1.5890063522236874e-11,0.0,1.0466434040087278e-14,1.1850101941647858e-11,0.08087059861826894,0.0,0.07830431425618739,0.0,0.0807530216548479,0.0,0.07725876742775449,0.0,0.0,3.0544421841788065e-11,0.014725546268255566,0.0
2019-05-10,0.027131464578389615,9.856934803847043e-13,0.07789623894196165,0.08021083456974527,0.0,3.157378482829732e-12,4.426194727740576e-11,0.0,0.0,0.08081215706813155,0.0,0.02023620767107589,0.08298462042920976,0.0,0.07911531682773155,0.07877510877781028,0.08379843914490416,0.0,0.0,0.05995993956019345,0.0,0.0,0.0,1.861877528241037e-10,1.6074345834322878e-11,0.0,1.0480049923464764e-14,1.1740963612310714e-11,0.07889467995462326,0.0,0.07895021714452516,0.0,0.0789015192940683,0.0,0.077603952848309,0.0,0.0,3.0614347970604335e-11,0.014729302896288016,0.0
2019-05-13,0.027353363773822525,9.857143487012058e-13,0.0772650207199882,0.0809261998509852,0.0,3.1429352249677327e-12,4.432099170091027e-11,0.0,0.0,0.08051013624915784,0.0,0.020071365486495494,0.08286804254627157,0.0,0.07923821684759555,0.07775300955841233,0.08357956280368692,0.0,0.0,0.06072469221294669,0.0,0.0,0.0,1.88618072613601e-10,1.6013117072522085e-11,0.0,1.0463134018220881e-14,1.1835972483497662e-11,0.08159212001130219,0.0,0.07707070766784682,0.0,0.07875830788822687,0.0,0.07757329846961704,0.0,0.0,3.002444751419494e-11,0.014715955618692805,0.0
2019-05-14,0.027477231623337397,9.90922098563579e-13,0.07709410771203598,0.08257835149925397,0.0,3.107663231306878e-12,4.493177462962676e-11,0.0,0.0,0.08191838583212994,0.0,0.01974111927461285,0.08291640688051906,0.0,0.07966539256644611,0.07821537874391435,0.08333068899558654,0.0,0.0,0.05994434700464515,0.0,0.0,0.0,1.907863147311784e-10,1.603889643515453e-11,0.0,1.0626224690599119e-14,1.1798902014535465e-11,0.08115884399148761,0.0,0.07763092440720615,0.0,0.07683154817610123,0.0,0.07667763142110118,0.0,0.0,3.0193261348912935e-11,0.01481964157376397,0.0
2019-05-15,0.027751022512122227,1.001050485954343e-12,0.07778024589277842,0.0831927048868437,0.0,3.157461698334676e-12,4.489445603587609e-11,0.0,0.0,0.08413343693193866,0.0,0.019454284304418888,0.08247212309671441,0.0,0.07833140449396878,0.07771015069260714,0.08314915186456213,0.0,0.0,0.060252903563373504,0.0,0.0,0.0,1.9193727509114088e-10,1.6093293827209946e-11,0.0,1.0480356226927987e-14,1.167694554233945e-11,0.07998252893881612,0.0,0.07850087483813768,0.0,0.07612634878605677,0.0,0.07633732100341797,0.0,0.0,3.049641939150452e-11,0.014825497894976015,0.0
2019-05-16,0.027402926689915754,1.0320067664163481e-12,0.07743608194357582,0.08380755641416238,0.0,3.1604192815484504e-12,4.505515178518655e-11,0.0,0.0,0.08377655971492869,0.0,0.01904695992936094,0.08163828388941272,0.0,0.07728119752901096,0.0779435875774471,0.08253411911848474,0.0,0.0,0.06170532567479711,0.0,0.0,0.0,1.9446869592092567e-10,1.594393564678266e-11,0.0,1.0485347507857056e-14,1.1598368195467e-11,0.08033165401966881,0.0,0.07820261760615957,0.0,0.07706621226693901,0.0,0.0764527358052178,0.0,0.0,3.01435042742003e-11,0.015374181519505772,0.0
2019-05-17,0.026979115984036534,1.0199935326552811e-12,0.07637216793468168,0.083553743658438,0.0,3.1589059937157163e-12,4.5039757369431427e-11,0.0,0.0,0.08445727065423288,0.0,0.018991513942173185,0.08200867724159394,0.0,0.07756764651162573,0.07815982285050166,0.08183366399420104,0.0,0.0,0.06109410238206279,0.0,0.0,0.0,1.9768765730918748e-10,1.5972476816971177e-11,0.0,1.0418773419046813e-14,1.1536682486711664e-11,0.07919601062612304,0.0,0.07775587603442033,0.0,0.07940007453271117,0.0,0.07727020859868439,0.0,0.0,3.041310461896127e-11,0.015360104749674443,0.0
2019-05-20,0.026894770808644764,1.0139971988591959e-12,0.07690730517350647,0.08283188972353651,0.0,3.1678616008951252e-12,4.502868619191393e-11,0.0,0.0,0.08525442946404693,0.0,0.019038739460275164,0.08386934281095407,0.0,0.07871437525221885,0.07733282817853408,0.08198457616827001,0.0,0.0,0.059747155377070676,0.0,0.0,0.0,1.998496931347664e-10,1.6037352215587165e-11,0.0,1.0499718048700877e-14,1.1717099305816715e-11,0.07855906246302145,0.0,0.07715933507746611,0.0,0.07859453016845873,0.0,0.07750541668470934,0.0,0.0,3.145819977667251e-11,0.015606242881003351,0.0
2019-05-21,0.026598991445696975,1.0104827770251622e-12,0.07654848761768869,0.08293883794239253,0.0,3.138272673034347e-12,4.427153406858544e-11,0.0,0.0,0.08543990248438851,0.0,0.01885671297321007,0.0827890694493658,0.0,0.07860299481693592,0.07793415414018012,0.08132782044122763,0.0,0.0,0.06013993195380848,0.0,0.0,0.0,1.982079734608322e-10,1.6161645358833465e-11,0.0,1.048341598139685e-14,1.1807650680587506e-11,0.07802902597711003,0.0,0.07728952071156242,0.0,0.07886529157028205,0.0,0.07882653369720427,0.0,0.0,3.1621084705254806e-11,0.015812724472717272,0.0
2019-05-22,0.02609262956410951,1.0261909614980608e-12,0.07683164782354347,0.08295319958674771,0.0,3.1485360824840062e-12,4.39991613276432e-11,0.0,0.0,0.08628308627549405,0.0,0.018717165646611664,0.0845517534765751,0.0,0.07882038943356326,0.07747522841954478,0.08183024723236644,0.0,0.0,0.05958716819312562,0.0,0.0,0.0,1.987128875212535e-10,1.5991886993865666e-11,0.0,1.041306143793512e-14,1.1805448319889902e-11,0.07787826110979354,0.0,0.07721043605406762,0.0,0.07832911637007768,0.0,0.07808252137277148,0.0,0.0,3.127318264310332e-11,0.015357149135640201,0.0
2019-05-23,0.02533256862849924,1.0201818784349372e-12,0.07664775036485334,0.08224283488926946,0.0,3.1864761044321607e-12,4.371184768326247e-11,0.0,0.0,0.08702967917177727,0.0,0.01904573753812282,0.08451306991673639,0.0,0.07890370211036644,0.07774126083700758,0.08263583420107846,0.0,0.0,0.05937212338580489,0.0,0.0,0.0,1.959120816142399e-10,1.591728876017843e-11,0.0,1.020212715749325e-14,1.1822031436831659e-11,0.0782258837919064,0.0,0.07711010253149526,0.0,0.07891938160398816,0.0,0.07710436853747338,0.0,0.0,3.139697629725528e-11,0.01517570218864375,0.0
2019-05-24,0.024824999778448535,1.0176775763692438e-12,0.07669933776511201,0.08204384926316834,0.0,3.0683144724202313e-12,4.3738048447786424e-11,0.0,0.0,0.08752420799190468,0.0,0.01904141636702408,0.08605256663432567,0.0,0.07874574105127947,0.0785902874485409,0.08212651647800517,0.0,0.0,0.058772240567304235,0.0,0.0,0.0,1.9477578211351504e-10,1.5808149985037815e-11,0.0,1.0202571401046225e-14,1.1881098204955921e-11,0.07719172178932775,0.0,0.076094667098727,0.0,0.0806378057135505,0.0,0.07639912998835356,0.0,0.0,3.1366038648515724e-11,0.015255511763262827,0.0
2019-05-27,0.024795901287811808,9.976133174152521e-13,0.0762439799856952,0.08129880529349566,0.0,3.105977122368235e-12,4.352307478203461e-11,0.0,0.0,0.08782793012243653,0.0,0.018811349121744717,0.0854246869149285,0.0,0.0794331203473109,0.07779952310186473,0.08266903373555405,0.0,0.0,0.05890406324488649,0.0,0.0,0.0,1.9305810673059601e-10,1.5605851903753763e-11,0.0,1.0202817696607549e-14,1.2074070996184469e-11,0.07574819675250707,0.0,0.07573516991223699,0.0,0.08319153104230721,0.0,0.0770529711534437,0.0,0.0,3.169790155820465e-11,0.015063737683703612,0.0
2019-05-28,0.02486654165639909,9.944205901252556e-13,0.07667462935861862,0.08172423779596741,0.0,2.981899067551459e-12,4.367292134407231e-11,0.0,0.0,0.08803581481107539,0.0,0.018921866519272246,0.08493185362024788,0.0,0.07892456481124603,0.07702730139845987,0.08244371855635323,0.0,0.0,0.0605340665454706,0.0,0.0,0.0,1.9226329950174616e-10,1.5619688094203795e-11,0.0,1.005540681847163e-14,1.2120568319634666e-11,0.0748834332161512,0.0,0.07516943156717748,0.0,0.0834467613958437,0.0,0.07695408480828085,0.0,0.0,3.1290327069366957e-11,0.015461693640483077,0.0
2019-05-29,0.024690168615755712,9.830724116967738e-13,0.07622370099679467,0.08107220840275418,0.0,2.9817892958153853e-12,4.348215910325683e-11,0.0,0.0,0.08756061340501675,0.0,0.018615116953288373,0.08468643114938285,0.0,0.07991915849818892,0.07827456677349083,0.08153083360587639,0.0,0.0,0.06128551435532896,0.0,0.0,0.0,1.9279117637771543e-10,1.5501387285258027e-11,0.0,1.009796736149677e-14,1.2018593838285958e-11,0.07520819889745645,0.0,0.07567870692936556,0.0,0.08232974973319383,0.0,0.07740224874367671,0.0,0.0,3.178555184408844e-11,0.015522782640875846,0.0
2019-05-30,0.02507240064204914,9.835215366900198e-13,0.0752772030731595,0.08131048861950287,0.0,3.025670805232556e-12,4.3782117203162205e-11,0.0,0.0,0.08645278995757819,0.0,0.01868484075749329,0.08309986833597784,0.0,0.08039523948420836,0.0788418573649158,0.08183534557741197,0.0,0.0,0.06199510739670329,0.0,0.0,0.0,1.942091042206459e-10,1.5562004778725964e-11,0.0,1.01030310717001e-14,1.1829022957446922e-11,0.07627677844525853,0.0,0.07556142363967702,0.0,0.08144584873610149,0.0,0.07791046307129207,0.0,0.0,3.232893507016071e-11,0.015840344596940073,0.0
2019-05-31,0.025085819589890146,9.835963260141217e-13,0.07474497776258461,0.08178725979535262,0.0,3.015814827030741e-12,4.365473198649475e-11,0.0,0.0,0.08783149640756995,0.0,0.018934451473213234,0.08076290648476252,0.0,0.08040238431520709,0.07868551486970797,0.08194658702328995,0.0,0.0,0.06200496249433741,0.0,0.0,0.0,1.9217148000014504e-10,1.557310490046852e-11,0.0,1.0068674821377474e-14,1.1924857211739745e-11,0.07671520246313415,0.0,0.07633452791456362,0.0,0.08030581905578248,0.0,0.07844185967271051,0.0,0.0,3.204131270308252e-11,0.01601623037851868,0.0
2019-06-03,0.07999999999772305,0.0,0.07999999999813218,0.019999999919321144,0.0,0.0,0.03275100941602506,0.0,0.0,0.0799999999965592,0.0,0.07999999999808763,0.031532909686320595,0.0,0.07999999999836106,0.07851853249668861,0.079999999997658,0.0,2.852449789161226e-12,0.0,0.0,0.0,0.0,8.421387598121574e-11,0.07999999999604904,0.0,0.05719754838227262,6.293100632013507e-12,0.07999999999674648,0.0,0.07999999999823162,0.0,9.865067031533895e-12,0.0,0.06000000000547558,0.0,0.0,1.2041192193003913e-11,1.0823237360147489e-12,0.0
2019-06-04,0.0791407718735088,0.0,0.08087073785895103,0.02019189558282574,0.0,0.0,0.03277060327105608,0.0,0.0,0.08119144701713019,0.0,0.07925402169729404,0.03297661415233857,0.0,0.0788532527099949,0.07828835013564098,0.07919732046362082,0.0,2.8863299514334675e-12,0.0,0.0,0.0,0.0,8.807569502945047e-11,0.08004250646845386,0.0,0.05640402846678307,6.192846413339735e-12,0.0805030016868259,0.0,0.08018268473687672,0.0,9.820937770978152e-12,0.0,0.06013276375852978,0.0,0.0,1.2095115946900978e-11,1.0983756066629537e-12,0.0
2019-06-05,0.07986394919856388,0.0,0.08065560133580028,0.020200669734460767,0.0,0.0,0.032704920119497646,0.0,0.0,0.08329609562208237,0.0,0.07874379449528307,0.03278734529289583,0.0,0.07928592841483133,0.07791934740393996,0.07751795154009952,0.0,2.830664586892038e-12,0.0,0.0,0.0,0.0,8.649213642985532e-11,0.07956556063525767,0.0,0.05667447518756296,6.081505804176555e-12,0.08096660168418722,0.0,0.07979816531751807,0.0,9.848184257360082e-12,0.0,0.060019593899581614,0.0,0.0,1.2132165960612607e-11,1.0528666945399079e-12,0.0
2019-06-06,0.08043338829707221,0.0,0.08060725716239295,0.020238487599632548,0.0,0.0,0.032614682282948906,0.0,0.0,0.08233289016976973,0.0,0.07860778923933462,0.03318353799199534,0.0,0.07883098272857895,0.07832407343156308,0.07767952462677671,0.0,2.8583394655155138e-12,0.0,0.0,0.0,0.0,8.596179114674673e-11,0.07926789368042024,0.0,0.05633324117510978,6.009604989193352e-12,0.0812940306564011,0.0,0.08016401463199405,0.0,9.991397052879944e-12,0.0,0.06008820620810024,0.0,0.0,1.2027425604243354e-11,1.060779152753038e-12,0.0
2019-06-07,0.08115338843384308,0.0,0.08095569196796622,0.019947405297683025,0.0,0.0,0.03281316331985738,0.0,0.0,0.08260664114261612,0.0,0.07801414913464373,0.033182367518500566,0.0,0.07931478012656878,0.07812372729302923,0.07879683743996792,0.0,2.8102955230252065e-12,0.0,0.0,0.0,0.0,8.628185150487062e-11,0.07846401647140416,0.0,0.05766463578183777,6.010674849274276e-12,0.07994778462916768,0.0,0.07896796628335484,0.0,9.793476330788987e-12,0.0,0.0600474450414821,0.0,0.0,1.2122005929752766e-11,1.0588045743711641e-12,0.0
2019-06-10,0.08058162829129893,0.0,0.08163552569556774,0.020060517133074315,0.0,0.0,0.03319881730765875,0.0,0.0,0.08117838616093818,0.0,0.0772676102615744,0.033772617778304884,0.0,0.07905110450506547,0.07824460491322033,0.07820407797069517,0.0,2.832323095444442e-12,0.0,0.0,0.0,0.0,8.61299996067406e-11,0.07964441406872784,0.0,0.0566655765175916,6.086722381141698e-12,0.07992315237781772,0.0,0.07952379736509808,0.0,1.0026282614638308e-11,0.0,0.06104816953503102,0.0,0.0,1.2197423493465652e-11,1.0624543537320387e-12,0.0
2019-06-11,0.08097633096984562,0.0,0.08279721822992155,0.02005738964990652,0.0,0.0,0.03323884293439828,0.0,0.0,0.0818344284382328,0.0,0.07569279620133455,0.03307452146548215,0.0,0.07704184244874054,0.07924020859894139,0.07789432467236317,0.0,2.8151088006186566e-12,0.0,0.0,0.0,0.0,8.80675092914365e-11,0.07901240279791856,0.0,0.05670609515327744,6.104139535612525e-12,0.08053781021525974,0.0,0.08066480790627407,0.0,9.944932884127358e-12,0.0,0.0612309801980822,0.0,0.0,1.2017095313358412e-11,1.072173577256903e-12,0.0
2019-06-12,0.08062332225878371,0.0,0.08399959058256135,0.02010372750095695,0.0,0.0,0.033331313682598396,0.0,0.0,0.08274348959511067,0.0,0.07521392754500571,0.033580440805068994,0.0,0.07555377074394856,0.0793251888215783,0.07793827705055889,0.0,2.786459492335728e-12,0.0,0.0,0.0,0.0,8.856627371442564e-11,0.07855901636602478,0.0,0.057289522363937535,6.075196825663507e-12,0.08019313555430789,0.0,0.08133550176262924,0.0,9.694258848017756e-12,0.0,0.06020977524672428,0.0,0.0,1.1997492062305071e-11,1.084526469171634e-12,0.0
2019-06-13,0.08016687742891347,0.0,0.08511658673652042,0.020219910258952794,0.0,0.0,0.033346272837520965,0.0,0.0,0.08233310841810955,0.0,0.07409906207124232,0.03372170094692756,0.0,0.07515032867354828,0.0796481418195049,0.07792365139264174,0.0,2.7895172136194383e-12,0.0,0.0,0.0,0.0,9.103596598480513e-11,0.07874817921074355,0.0,0.05723945412159177,6.179981899688913e-12,0.08116514791204656,0.0,0.08120678469505113,0.0,9.861031006299708e-12,0.0,0.05991479335335605,0.0,0.0,1.233025568401505e-11,1.1316282444804957e-12,0.0
2019-06-14,0.07935653849275745,0.0,0.08567016863718467,0.02048971209504223,0.0,0.0,0.033099691960524834,0.0,0.0,0.08307475643186457,0.0,0.07437879375915607,0.032786662885796396,0.0,0.07611435684657952,0.07969454830743586,0.07744423889923101,0.0,2.8364061182996967e-12,0.0,0.0,0.0,0.0,9.161139830988623e-11,0.07911147429130747,0.0,0.056426446047387425,6.276108533600377e-12,0.08197330094913177,0.0,0.08020934957838448,0.0,9.850943725609873e-12,0.0,0.060169960694098974,0.0,0.0,1.2393185938844703e-11,1.1486355008888824e-12,0.0
2019-06-17,0.07749533883571545,0.0,0.08495736311646716,0.02040109702065599,0.0,0.0,0.03375454900912909,0.0,0.0,0.08282163557838898,0.0,0.07552224348300253,0.03154058978921191,0.0,0.07702345576184713,0.0794475392958076,0.07830226516675376,0.0,2.8230358620957895e-12,0.0,0.0,0.0,0.0,9.214484226190422e-11,0.0800968775103629,0.0,0.05643627215603088,6.328124912637078e-12,0.08120848420561409,0.0,0.08042794489717993,0.0,9.653370949376905e-12,0.0,0.06056434404923496,0.0,0.0,1.2528805305911518e-11,1.1188774780907041e-12,0.0
2019-06-18,0.0791094879451791,0.0,0.08410269767422375,0.02007587213673042,0.0,0.0,0.03363059559109506,0.0,0.0,0.08356747164395223,0.0,0.0766325910145754,0.03202322932219396,0.0,0.07624654696577042,0.07955620457066609,0.07754009184783546,0.0,2.7574071562346348e-12,0.0,0.0,0.0,0.0,9.173009889246703e-11,0.0787910334738742,0.0,0.057140168425631195,6.287064725682467e-12,0.08015544488913424,0.0,0.08113913361965948,0.0,9.731910178966848e-12,0.0,0.06028943075538587,0.0,0.0,1.2469738167131433e-11,1.116433037546228e-12,0.0
2019-06-19,0.08010281955094134,0.0,0.08348668219744156,0.02024898570910153,0.0,0.0,0.03357431477660734,0.0,0.0,0.08389096325951777,0.0,0.0749231178732059,0.0317115639875695,0.0,0.0771608437228754,0.0801142620428824,0.07779428485747872,0.0,2.7723772555094296e-12,0.0,0.0,0.0,0.0,9.208740633317228e-11,0.07894970418203119,0.0,0.055777979852547815,6.194612024852387e-12,0.08125203880319991,0.0,0.08060581172344353,0.0,9.551249979415927e-12,0.0,0.06040662733699149,0.0,0.0,1.2435049292698766e-11,1.1235292099682571e-12,0.0
2019-06-20,0.08027983212578886,0.0,0.08388208246390762,0.020281014200540876,0.0,0.0,0.03376202856290308,0.0,0.0,0.08472551077214377,0.0,0.07322579867783403,0.03159479208713556,0.0,0.07664981754055455,0.08062067647242845,0.07719960926130608,0.0,2.7640458290891235e-12,0.0,0.0,0.0,0.0,9.179295864433821e-11,0.0787251287711677,0.0,0.0556056511966722,6.201215015663803e-12,0.08205741581304234,0.0,0.08142784702194121,0.0,9.408534463355542e-12,0.0,0.05996279490886909,0.0,0.0,1.2485150279165298e-11,1.1122538798161703e-12,0.0
2019-06-21,0.08074175762520258,0.0,0.08424122628193653,0.020298267041797418,0.0,0.0,0.033130255738260825,0.0,0.0,0.08707239438306445,0.0,0.07164148725712773,0.03205255770501405,0.0,0.07662313962107092,0.0801331083520123,0.07743639667427046,0.0,2.7604409551531838e-12,0.0,0.0,0.0,0.0,9.254093685649939e-11,0.07803432799161243,0.0,0.05538795282097492,6.232673730949071e-12,0.08198158047985646,0.0,0.08162753725748399,0.0,9.630805424767981e-12,0.0,0.05959801064527382,0.0,0.0,1.2768281850843635e-11,1.1074898285530084e-12,0.0
2019-06-24,0.08053315549160131,0.0,0.08301691672138274,0.020280033796355474,0.0,0.0,0.033446450771525214,0.0,0.0,0.08815062549433002,0.0,0.07222102114547295,0.03201508209158968,0.0,0.07605259246918088,0.08015934374365791,0.07845069905052576,0.0,2.7222577018346285e-12,0.0,0.0,0.0,0.0,9.424828999656646e-11,0.07842836812218669,0.0,0.05603289540830688,6.177433872716761e-12,0.07997317291943688,0.0,0.08209933344789047,0.0,9.616507586000778e-12,0.0,0.05914030919968734,0.0,0.0,1.3012534089482878e-11,1.0922907665394408e-12,0.0
2019-06-25,0.08048970640492943,0.0,0.08233793188078647,0.020393169106297453,0.0,0.0,0.03372557681202551,0.0,0.0,0.088289057025645,0.0,0.07212446741355033,0.031477786515532694,0.0,0.07594819178323259,0.08111117594217754,0.07878296252010361,0.0,2.7392921819465967e-12,0.0,0.0,0.0,0.0,9.505402576072841e-11,0.07845958465690182,0.0,0.056465964397473166,6.179332992836043e-12,0.0783729940193185,0.0,0.08269645266333484,0.0,9.391087608726418e-12,0.0,0.05932497873122345,0.0,0.0,1.3022518726227675e-11,1.080819810938087e-12,0.0
2019-06-26,0.0812939345557714,0.0,0.08352670133452283,0.020774025814261993,0.0,0.0,0.033971708884759914,0.0,0.0,0.0876383178755055,0.0,0.07382646990157134,0.03170455308610286,0.0,0.07534719828731866,0.08073418008904307,0.07825390041651398,0.0,2.7598640955384797e-12,0.0,0.0,0.0,0.0,9.638346740864296e-11,0.07769114007680629,0.0,0.05622265707812281,6.260654769887815e-12,0.07728454353651894,0.0,0.08241966029579455,0.0,9.252646726155171e-12,0.0,0.05931100863845057,0.0,0.0,1.319869344852351e-11,1.0794257759167162e-12,0.0
2019-06-27,0.08132875144892363,0.0,0.08391428851946019,0.020920374174383576,0.0,0.0,0.033478801142985445,0.0,0.0,0.08592462176114417,0.0,0.07462370242950883,0.0315581781617998,0.0,0.0761012543661069,0.08073812001651538,0.078266956224587,0.0,2.7628750617349117e-12,0.0,0.0,0.0,0.0,9.554084171482929e-11,0.07790470937151199,0.0,0.05602683091721157,6.2657889927816814e-12,0.07731429184842628,0.0,0.08275388069820071,0.0,9.437860106288452e-12,0.0,0.0591452387912436,0.0,0.0,1.2904270068009037e-11,1.0786095351271548e-12,0.0
2019-06-28,0.08177246264479246,0.0,0.08348187042165699,0.020794598251837146,0.0,0.0,0.03319401716947708,0.0,0.0,0.08827300224354513,0.0,0.07381317424553041,0.030733164645865545,0.0,0.07659553257618587,0.08138582510691693,0.07763480168486309,0.0,2.7816401622237374e-12,0.0,0.0,0.0,0.0,9.770466316157004e-11,0.077971984354428,0.0,0.05707219119375746,6.192496976909415e-12,0.07548089655685805,0.0,0.08305480240169955,0.0,9.237079619762818e-12,0.0,0.05874167637261816,0.0,0.0,1.2976158061338424e-11,1.0754912501979904e-12,0.0
2019-07-01,0.07999999999604715,7.827357885527148e-13,0.07999999999683215,3.5710772551462765e-12,0.0,0.0,0.03314155301944132,0.0,0.0,0.0018200129086583191,0.0,0.07999999999759926,5.354870597153209e-12,0.0,0.07999999999812628,0.07999999999679416,0.0799999999975827,0.0,0.07999999999451017,0.0,0.0,0.0,0.0,3.0833003897686186e-11,0.07772723914418818,0.0,1.3922015620991496e-12,3.2995564388482794e-12,0.01999999997802942,0.06045274795317111,0.07999999999535796,0.0,0.07999999999679547,0.0,0.07999999998981333,0.006858446985130724,2.0737272562617277e-12,3.6158637877083167e-12,9.9912780120313e-13,0.0
2019-07-02,0.08123770674310608,7.827530856664174e-13,0.0800213306100863,3.5782305485629794e-12,0.0,0.0,0.0329035394624497,0.0,0.0,0.0018144430065656217,0.0,0.08071299353246908,5.406866260956177e-12,0.0,0.08068781199325067,0.0794256734197551,0.07951399815381732,0.0,0.08019733158921127,0.0,0.0,0.0,0.0,3.023042406997611e-11,0.0768122782868515,0.0,1.386383204400764e-12,3.359675239556882e-12,0.01991366882012579,0.06023892178358179,0.07989382035363071,0.0,0.08081254399191472,0.0,0.0790290781709012,0.006784860030740121,2.082507602536659e-12,3.702117505364372e-12,1.0139914924257386e-12,0.0
2019-07-03,0.08134248264251479,7.683470993870369e-13,0.07992945041000998,3.607353805796584e-12,0.0,0.0,0.03255581351702357,0.0,0.0,0.0017830497325065427,0.0,0.0813341195712845,5.422096816537603e-12,0.0,0.08297426388812046,0.0782291752704672,0.07793307218632717,0.0,0.07956581653040848,0.0,0.0,0.0,0.0,3.0016120566874085e-11,0.07743852506749709,0.0,1.3945246899204335e-12,3.3523591012504486e-12,0.020511233754077925,0.05999539094967001,0.08027689194871371,0.0,0.07897595702026537,0.0,0.08039924210128707,0.006755515358402161,2.0954414074460297e-12,3.757881567062389e-12,1.0098222628455748e-12,0.0
2019-07-04,0.08027194745691575,7.635737716830672e-13,0.08001990154337593,3.5610857192734113e-12,0.0,0.0,0.03251579195631056,0.0,0.0,0.0017559200620452789,0.0,0.08058876171899629,5.457077897774027e-12,0.0,0.08343889741257436,0.07768955021091134,0.07814990081021413,0.0,0.07965943599074844,0.0,0.0,0.0,0.0,2.989655074717306e-11,0.07803310651007961,0.0,1.3846500563371478e-12,3.3547879313632635e-12,0.020723096475179403,0.05894740914989752,0.07960899869943158,0.0,0.08185344135577738,0.0,0.08007813832430262,0.006665702271942665,2.090293704905971e-12,3.805778584097802e-12,9.83387726374548e-13,0.0
2019-07-05,0.08075702672378166,7.739277587997714e-13,0.07930001458205169,3.5826394139764126e-12,0.0,0.0,0.0327696008021754,0.0,0.0,0.0017078597495747772,0.0,0.08089640335251433,5.4598728418725465e-12,0.0,0.08245977295449614,0.07857587551010535,0.07918627092650805,0.0,0.08022242510691842,0.0,0.0,0.0,0.0,3.044253005595597e-11,0.07769969015298625,0.0,1.3754131597593724e-12,3.3530698947428026e-12,0.02119992421304277,0.05990379736780554,0.07820451309028847,0.0,0.08194321300732244,0.0,0.07847933005176122,0.006694282356876739,2.1200070527030173e-12,3.729850119415052e-12,9.534687124526092e-13,0.0
2019-07-08,0.08042884393409463,7.917490994687247e-13,0.07912000400471932,3.5657780407489157e-12,0.0,0.0,0.03278423944252115,0.0,0.0,0.001712075902953591,0.0,0.08192892696098954,5.47990542449217e-12,0.0,0.08113973046068491,0.07833015845731223,0.07996889773086055,0.0,0.08008374370955731,0.0,0.0,0.0,0.0,3.068350776977871e-11,0.07778638898990552,0.0,1.3531152050994409e-12,3.352827180683346e-12,0.021078990740291046,0.06112529172040189,0.0779341157568139,0.0,0.08136312544059739,0.0,0.07852220393218781,0.0066932627640763215,2.131645279270057e-12,3.730138806257149e-12,9.442925017979583e-13,0.0
2019-07-09,0.07900777182560147,7.729630048226411e-13,0.07884083057983271,3.540000825451819e-12,0.0,0.0,0.032860607200898284,0.0,0.0,0.0017036199123140342,0.0,0.0822033869530663,5.443494687106403e-12,0.0,0.08123895958620106,0.07722482740243322,0.0802676892161304,0.0,0.07994561820033583,0.0,0.0,0.0,0.0,3.045208517242619e-11,0.07746244379081003,0.0,1.330894350134549e-12,3.376805810288332e-12,0.021218923665077417,0.06217601316116069,0.07833400219070509,0.0,0.08221922330007998,0.0,0.078524316179803,0.006771766783875295,2.1304686288438513e-12,3.692846996902191e-12,9.356427916829706e-13,0.0
2019-07-10,0.07863292170681457,7.741359718146999e-13,0.07863890819490554,3.54815774626048e-12,0.0,0.0,0.032811416998451234,0.0,0.0,0.0017096430784187219,0.0,0.08297231979721308,5.497548371329156e-12,0.0,0.07974181284558132,0.07715730067165057,0.08097536011743495,0.0,0.08052908227607491,0.0,0.0,0.0,0.0,3.043404364230109e-11,0.07772200206799433,0.0,1.3607000077709215e-12,3.448089582127999e-12,0.02085302209725846,0.06221893139702315,0.0794776577145061,0.0,0.08206650303377831,0.0,0.07767786152561909,0.0068152564254522294,2.106658528290831e-12,3.731837565305777e-12,9.222494086693307e-13,0.0
2019-07-11,0.07856346984429062,7.753729071092537e-13,0.07873768634828389,3.5343805899010105e-12,0.0,0.0,0.03283716725273854,0.0,0.0,0.0017145973657417893,0.0,0.08279520790158054,5.518822501480743e-12,0.0,0.07983233672596175,0.07627848454166708,0.08112123245991393,0.0,0.08119032240412799,0.0,0.0,0.0,0.0,3.051780310039987e-11,0.0778354693026491,0.0,1.3757522234258451e-12,3.423803493883823e-12,0.020569612708334663,0.06134029139861989,0.0798171159435531,0.0,0.0834602444724889,0.0,0.07713630546011051,0.00677045581803349,2.099062097764543e-12,3.757098518829974e-12,9.022521060583576e-13,0.0
2019-07-12,0.07781397560671857,7.660496823137901e-13,0.07932808446672646,3.4670592846602615e-12,0.0,0.0,0.0325249887081115,0.0,0.0,0.0017668090937314675,0.0,0.0841095704161716,5.4712303031492455e-12,0.0,0.08000503468900703,0.07686300015088475,0.07983432732979288,0.0,0.0802667441521743,0.0,0.0,0.0,0.0,2.9873960473899425e-11,0.07788612186650999,0.0,1.3670359779432802e-12,3.3934315344465053e-12,0.020684643262361004,0.061487224100757694,0.07983798782288792,0.0,0.08384572073617985,0.0,0.07703475248422216,0.006711015062689929,2.0872993411155966e-12,3.769361363002691e-12,8.775798613124578e-13,0.0
2019-07-15,0.07757813424688774,7.529811109355019e-13,0.07952429666380814,3.503329697036724e-12,0.0,0.0,0.032278236267106436,0.0,0.0,0.0017727579959484663,0.0,0.08252393327038073,5.477873058005016e-12,0.0,0.08016341619401426,0.077423451451569,0.07908345479193925,0.0,0.08140106102520683,0.0,0.0,0.0,0.0,3.0235513907348694e-11,0.07852005523555633,0.0,1.3429925403710795e-12,3.4253766957778656e-12,0.020911035529872713,0.05939264729962096,0.08002352184992666,0.0,0.08539263542776764,0.0,0.07727328943566292,0.0067380732633034205,2.0424063775359503e-12,3.745197943225075e-12,9.029841246436277e-13,0.0
2019-07-16,0.07874817866091757,7.621846672940863e-13,0.07887737019743014,3.484461559979215e-12,0.0,0.0,0.032366917257784955,0.0,0.0,0.0017196294896370241,0.0,0.08295115704165637,5.618321135645308e-12,0.0,0.07935686809686326,0.07755533136789555,0.07979451821632558,0.0,0.08143898878384322,0.0,0.0,0.0,0.0,2.950125488996892e-11,0.07776180566287903,0.0,1.3491552250067244e-12,3.368538531853271e-12,0.02056073685277063,0.060009115387200995,0.07997541602421923,0.0,0.08552321129865138,0.0,0.07663638369092324,0.006724371920186751,2.04080143378554e-12,3.786294862273537e-12,9.042151614288856e-13,0.0
2019-07-17,0.07872107224209433,7.816059193730246e-13,0.07886793476229668,3.46504875386831e-12,0.0,0.0,0.032709220467753555,0.0,0.0,0.001676637043773377,0.0,0.08329876635609058,5.4874992263307076e-12,0.0,0.07911143792180184,0.07700443201685658,0.07931483084688792,0.0,0.08146215978524707,0.0,0.0,0.0,0.0,2.908730335626118e-11,0.07808985647601868,0.0,1.3354996943132908e-12,3.406203557785782e-12,0.020663326049938088,0.06043192523049937,0.07965172865678675,0.0,0.0851878838668482,0.0,0.07709574757527235,0.006713040651537386,2.025851476690851e-12,3.8259615069319275e-12,8.824065133465605e-13,0.0
2019-07-18,0.07756928570775123,7.738613720688338e-13,0.08016969226407814,3.4190079886950712e-12,0.0,0.0,0.03262578204842989,0.0,0.0,0.0016918395054114645,0.0,0.08315422269847679,5.545409571847091e-12,0.0,0.07911736551612836,0.0771959716998609,0.07948989457953692,0.0,0.08076782496913174,0.0,0.0,0.0,0.0,2.8779973452442424e-11,0.07802565725764392,0.0,1.3884912862784285e-12,3.332511185809437e-12,0.02068418217561444,0.060488918660842085,0.07953158923870261,0.0,0.08563803695312251,0.0,0.07710140513435453,0.006748331540918516,2.0363564013457004e-12,3.847280047656348e-12,8.732307170742894e-13,0.0
2019-07-19,0.07750642348633209,7.74495174265008e-13,0.07938318675905999,3.4417140784907133e-12,0.0,0.0,0.03219634365145183,0.0,0.0,0.0016643404467214917,0.0,0.08347195743930956,5.527119007452352e-12,0.0,0.07818568460327317,0.07681109226901099,0.07798487117273765,0.0,0.08218558862721212,0.0,0.0,0.0,0.0,2.9006539887666835e-11,0.07773322822386396,0.0,1.3483388231303077e-12,3.3091718241633993e-12,0.02113891062659976,0.06100994112158684,0.08054304007211044,0.0,0.08601371729958643,0.0,0.07733714943509543,0.006834524715839835,2.0257291675488334e-12,3.903023358907356e-12,8.725244856843524e-13,0.0
2019-07-22,0.07638569292281149,7.704087819046319e-13,0.07968515700126978,3.479107548186139e-12,0.0,0.0,0.03208583062433175,0.0,0.0,0.0016248714950353733,0.0,0.0818517907285336,5.476520856578301e-12,0.0,0.0782660964075826,0.07613000864542276,0.07864659755647536,0.0,0.08388751378288775,0.0,0.0,0.0,0.0,2.8981622868230092e-11,0.07872620237537054,0.0,1.33744386841101e-12,3.323996781379511e-12,0.021805861706859667,0.06080543862607497,0.08226284222933791,0.0,0.08345133589664262,0.0,0.07765260552509476,0.006732154426112853,2.028914700341361e-12,3.889756669805381e-12,8.686988449951935e-13,0.0
2019-07-23,0.07728668878068165,7.503677819648616e-13,0.08010230990248879,3.4647842325540546e-12,0.0,0.0,0.03215165569915454,0.0,0.0,0.0016676659999145052,0.0,0.08024321188460806,5.491644251564171e-12,0.0,0.07935450287165381,0.0761637814773365,0.07824425270365296,0.0,0.08312512072777167,0.0,0.0,0.0,0.0,2.8998403535796244e-11,0.07860741940653568,0.0,1.3568102306812383e-12,3.2926440732662043e-12,0.022348882629043543,0.060163419134478424,0.08197608466660267,0.0,0.08376161776125096,0.0,0.07803605658742142,0.006767329717253303,2.070649315330342e-12,3.8757040725367204e-12,8.507223436102039e-13,0.0
2019-07-24,0.0775372850419452,7.567266094860858e-13,0.07977115773061919,3.444028579068274e-12,0.0,0.0,0.03223815882028847,0.0,0.0,0.0017211591382753602,0.0,0.0806382840357233,5.517100954530726e-12,0.0,0.07973803857806012,0.07657934288306016,0.07887618538484754,0.0,0.08321661736826909,0.0,0.0,0.0,0.0,2.8647579226275047e-11,0.07829615910190481,0.0,1.3744336170623774e-12,3.2991347820844104e-12,0.02211486039305392,0.060079948675207544,0.080755099864479,0.0,0.0834155226336819,0.0,0.07815601885627764,0.006866161444496715,2.073389474287935e-12,3.85791153489712e-12,8.399393243341302e-13,0.0
2019-07-25,0.07619609062958504,7.423091537942595e-13,0.0788675164796898,3.427559696528824e-12,0.0,0.0,0.032315066777194125,0.0,0.0,0.0017520745663530165,0.0,0.08110423432037507,5.493144005724598e-12,0.0,0.08015852207835698,0.07718860264972575,0.07900089440678801,0.0,0.0831584321299848,0.0,0.0,0.0,0.0,2.890642990310129e-11,0.07779417284497836,0.0,1.366314924448892e-12,3.2249657606766913e-12,0.02168160735662471,0.060412054064669915,0.08058167467818658,0.0,0.08406248099267519,0.0,0.07883446976057255,0.006892106214313782,2.0784881943270158e-12,3.871438366426913e-12,8.159524400998231e-13,0.0
2019-07-26,0.07782682725563878,7.385706978590046e-13,0.08035437851212195,3.3870233680589172e-12,0.0,0.0,0.03244502180350508,0.0,0.0,0.0017549186812187486,0.0,0.08143644717946152,5.5037502636227216e-12,0.0,0.07758087469951136,0.07756307392615656,0.07931507968293366,0.0,0.08354893636981481,0.0,0.0,0.0,0.0,2.9156303261954314e-11,0.07788040119483654,0.0,1.3557475242303138e-12,3.2423159800391637e-12,0.022069989646175604,0.060424180058122626,0.08004605923481706,0.0,0.08352067896239926,0.0,0.07716960629607557,0.007063526447145526,2.0496248180861246e-12,3.8371929772304495e-12,7.950732248211641e-13,0.0
2019-07-29,0.07807299547450625,7.232189265861963e-13,0.0801460060258331,3.3832119701880973e-12,0.0,0.0,0.03163991199251576,0.0,0.0,0.0017732961256028174,0.0,0.07923039048826823,5.523969080261635e-12,0.0,0.07967327228451836,0.07810617495904483,0.07918572138315755,0.0,0.08326748039357998,0.0,0.0,0.0,0.0,2.968621851014683e-11,0.07715929286622618,0.0,1.3134781548276629e-12,3.2579030079649453e-12,0.02232529677262285,0.06137450227499008,0.08082945638287974,0.0,0.08375205306024228,0.0,0.07644209094780591,0.007022058517668252,2.0667614078684255e-12,3.794649486696506e-12,7.887162614846419e-13,0.0
2019-07-30,0.07801691452400213,7.293696728315395e-13,0.0801068076529683,3.387001143699801e-12,0.0,0.0,0.03143168301474661,0.0,0.0,0.0017359241170266041,0.0,0.07927997128510322,5.48114363383434e-12,0.0,0.08085675309205043,0.07766239787585405,0.07952482328615756,0.0,0.08299756476099289,0.0,0.0,0.0,0.0,2.922127661793734e-11,0.0776045537396143,0.0,1.2907124761059214e-12,3.1867284916976044e-12,0.02247979525047731,0.06176965052721869,0.07991405268155038,0.0,0.08373885758614974,0.0,0.0758347246798858,0.0070455258762527105,2.0823830808236835e-12,3.7930418772808734e-12,7.77855881698667e-13,0.0
2019-07-31,0.07746589800166044,7.318321834119984e-13,0.08082443433629558,3.4154805520220913e-12,0.0,0.0,0.031178753510214853,0.0,0.0,0.001726869147032269,0.0,0.08089033682215284,5.585294362426083e-12,0.0,0.08217714716989807,0.07610123318034676,0.07896232022463397,0.0,0.08322132010018006,0.0,0.0,0.0,0.0,2.952450478088869e-11,0.07749090507135938,0.0,1.2907347656880995e-12,3.2029053259972642e-12,0.022319058402724707,0.06147995030293048,0.07850254021557104,0.0,0.08609526018669834,0.0,0.07457424039089038,0.00698973288697405,2.0969761522976852e-12,3.800586605477283e-12,7.887147218886923e-13,0.0
2019-08-01,0.07999999999845923,1.1642517759783933e-12,0.079999999998877,0.0799999999734283,0.0,6.224209855134923e-14,0.07780646801487906,0.0,0.0,0.0017347677314887365,0.0,1.2033114356769277e-11,5.339051051426372e-12,3.34579175163684e-11,0.08000000000088772,0.07523661738602716,0.07946945503873967,1.2490364790890295e-12,3.830599845166299e-11,3.02977235167445e-12,0.0,0.0,0.0,2.1246547974758566e-11,0.057447844507917185,0.0,1.0763931218624965e-11,0.07999999998931107,2.0099705499667808e-11,0.059842255371795085,0.07999999999788138,0.0,4.319618061937266e-13,2.0868294067240212e-11,0.07999999997483251,0.006900295745981424,9.473510458612083e-13,0.06156229619992267,0.019999999897793688,2.7788470743402144e-12
2019-08-02,0.08097178526832913,1.178291603119815e-12,0.08004879709242768,0.07892481759196951,0.0,6.179934046788078e-14,0.07813974204742401,0.0,0.0,0.0017549454874095812,0.0,1.2185636163379221e-11,5.3516626506540185e-12,3.250055109445611e-11,0.08071319207327664,0.07535867152925192,0.07929046768464455,1.2737032400768168e-12,3.7885662568927214e-11,3.0176982194787424e-12,0.0,0.0,0.0,2.0716756941974743e-11,0.05722146074079873,0.0,1.0838471777109261e-11,0.07899262449310905,1.936730735161698e-11,0.060262761947379055,0.07953751381626736,0.0,4.38534363014947e-13,2.0671665349754267e-11,0.08106717197351027,0.00690283017050444,9.58517832838655e-13,0.060988364201330164,0.01982485371317698,2.7446089040210406e-12
2019-08-05,0.08002731139048155,1.1786196497963884e-12,0.07873762745384183,0.07914576655068217,0.0,6.196101366879565e-14,0.07770212249536995,0.0,0.0,0.0018057175031528834,0.0,1.2193620829260222e-11,5.2949642523258856e-12,3.2793244140817925e-11,0.08114418249727538,0.07455617185141576,0.07977786661166814,1.2578577158411472e-12,3.750949972169007e-11,3.0190647021647334e-12,0.0,0.0,0.0,2.11606482171701e-11,0.05731212763866386,0.0,1.074412089556933e-11,0.07931251816956089,1.9253190141116238e-11,0.06044604638029946,0.08046840593072951,0.0,4.4377456577483485e-13,2.028890719960323e-11,0.08195988816475709,0.006925029532567415,9.587784094994118e-13,0.0604866838117906,0.020192533848771663,2.813444244908258e-12
2019-08-06,0.08078941225504828,1.1777243016450866e-12,0.07986378452129098,0.07955229100340765,0.0,6.161663135483225e-14,0.07747659553165222,0.0,0.0,0.0018050402959405392,0.0,1.2311730549769725e-11,5.291472174682183e-12,3.291896158809622e-11,0.08226035372416118,0.0749018004487312,0.07906769846327298,1.2548516623082401e-12,3.867330367988115e-11,3.0795380871869983e-12,0.0,0.0,0.0,2.1133551551607786e-11,0.05734035663769187,0.0,1.0776531966056742e-11,0.07874679271676925,1.9295833497673625e-11,0.060545685374651305,0.07922996404204725,0.0,4.3720431693774155e-13,2.014588761438113e-11,0.08172776511691542,0.006992232261747617,9.528346888391406e-13,0.05958398667168998,0.020116240764722296,2.7489216803972825e-12
2019-08-07,0.08087314206986909,1.168521679959836e-12,0.07960944356611618,0.07944818824711501,0.0,6.1126425467778e-14,0.07656458752666309,0.0,0.0,0.0018168434366933022,0.0,1.230319739688483e-11,5.184188446789753e-12,3.261860904466909e-11,0.0834151789343751,0.07418769620459457,0.07897628687851561,1.2190208130694947e-12,3.8026283002439856e-11,3.0263965563468556e-12,0.0,0.0,0.0,2.1424088835732778e-11,0.05785411160459602,0.0,1.0589913905411363e-11,0.07887605754398067,1.963403120674315e-11,0.059843999546689904,0.0800810765424943,0.0,4.3680836937689996e-13,2.005113767463405e-11,0.08185399971043009,0.006979531003863637,9.364902068543276e-13,0.05955789427806319,0.020061962736462866,2.797464478753531e-12
2019-08-08,0.08252923127092078,1.1679342274035743e-12,0.07855478357684233,0.07930116858980038,0.0,6.257368558555358e-14,0.07685114451591747,0.0,0.0,0.0018312179155375674,0.0,1.2231688854997848e-11,5.082707829577465e-12,3.279273806032031e-11,0.083789429182496,0.07504020822598952,0.0786672013745167,1.1564408636637373e-12,3.8066091961971e-11,2.997434451095153e-12,0.0,0.0,0.0,2.137428266027457e-11,0.057409968044516216,0.0,1.0461338361688688e-11,0.07961274088899867,1.9625185968082775e-11,0.05736846587256336,0.08189664040151345,0.0,4.382852765587323e-13,2.0023507292083605e-11,0.08130944282074548,0.007004379750252188,9.422882363574855e-13,0.058788697824966596,0.02004527957521619,2.784397561715238e-12
2019-08-09,0.08159823240011543,1.1319630689165566e-12,0.07872328977502983,0.0810663125753484,0.0,6.248564181806897e-14,0.07614021729194127,0.0,0.0,0.0018498186443953787,0.0,1.2054128740670484e-11,5.077321371444105e-12,3.293561071268239e-11,0.08423163360623477,0.07472119077149193,0.07825257761097476,1.1687660380617122e-12,3.840021272469976e-11,3.034327284349235e-12,0.0,0.0,0.0,2.1684678314417864e-11,0.05762208126885371,0.0,1.0591801591843764e-11,0.07967738170701408,1.977942737518434e-11,0.05687370581803526,0.08079351253084739,0.0,4.442856430524731e-13,1.9995179237256652e-11,0.08179775721417572,0.006938461194633563,9.43963389329498e-13,0.05969022302134763,0.02002360439941275,2.8436923805563464e-12
2019-08-12,0.08096741395046943,1.1378522633277674e-12,0.07889071181038648,0.08191640183385049,0.0,6.260904348498558e-14,0.07812436408596568,0.0,0.0,0.0018365427445926625,0.0,1.1954689641862364e-11,5.199434031685065e-12,3.356116225323879e-11,0.08320199229984587,0.07437190514828626,0.07872921029954293,1.1773672977414485e-12,3.865647306078065e-11,3.0255463191202545e-12,0.0,0.0,0.0,2.1652486877964834e-11,0.05632690412716139,0.0,1.1007965318795315e-11,0.08057160232874312,1.9730735799526424e-11,0.05649067489619385,0.0809294281999557,0.0,4.401781882532079e-13,2.0223852978000505e-11,0.08219832454894772,0.006876349696560335,9.70062106476166e-13,0.05923395236300913,0.01933422149482985,2.858415350476847e-12
2019-08-13,0.08190764616861224,1.1556803443945453e-12,0.07928843041750525,0.0822455315552273,0.0,6.28527210586994e-14,0.07839563643400682,0.0,0.0,0.0017951828737034293,0.0,1.1679277379819071e-11,5.084019147850647e-12,3.356273277515321e-11,0.08257185444159765,0.07491680265024493,0.07785315576389779,1.2049530587060697e-12,3.8339360177844206e-11,2.971617709676455e-12,0.0,0.0,0.0,2.155585994195769e-11,0.055981280101541055,0.0,1.0892010943259439e-11,0.08074902873623552,1.9647307437101152e-11,0.05657833585884866,0.08216206050931252,0.0,4.274168564279813e-13,2.0262666620277978e-11,0.08087261004599886,0.006944094682442263,9.69798834902819e-13,0.05861948734101179,0.019118862249099058,2.899020878166045e-12
2019-08-14,0.08118953991495156,1.1868484496108998e-12,0.07857130024457695,0.08278149475329889,0.0,6.295148565629624e-14,0.07878572480805167,0.0,0.0,0.0018269894654794577,0.0,1.1653359386378037e-11,5.147561040203332e-12,3.4480809710257646e-11,0.08377522204163719,0.07443551873858878,0.07710229172006373,1.2080990213510318e-12,3.894530211939238e-11,2.9072332904140585e-12,0.0,0.0,0.0,2.1791809807682754e-11,0.056637245349686303,0.0,1.072822955577845e-11,0.08139099776912083,1.9537861254681202e-11,0.057848245920496574,0.08073925931159313,0.0,4.256690394398862e-13,2.0588589463587784e-11,0.0821657834741898,0.006871789898186084,9.730979886690776e-13,0.05699593338649357,0.018882663031057182,2.8905901427451823e-12
2019-08-15,0.08146057931195744,1.2120715407155907e-12,0.07945076644674205,0.08277199876080092,0.0,6.357145517717065e-14,0.07922376263470222,0.0,0.0,0.00182130908820504,0.0,1.1650470559551847e-11,5.125363135784843e-12,3.4343416927254625e-11,0.08274339948995815,0.07453315341481359,0.07753517262797849,1.2448662590782678e-12,3.912831298363555e-11,2.8879236020721938e-12,0.0,0.0,0.0,2.1769108945269296e-11,0.05592230265142284,0.0,1.0749052299160763e-11,0.08199389268891641,1.914529081084816e-11,0.05797227747389142,0.08050763808097487,0.0,4.2204066340231023e-13,2.0404133810488686e-11,0.0821354966417395,0.006915242464115609,9.892120393073135e-13,0.056151375824731245,0.018861632227126814,2.788245562714072e-12
2019-08-16,0.08114642595430974,1.2238303095469176e-12,0.08010209204799731,0.08249590266588895,0.0,6.33109148123348e-14,0.07857102101120603,0.0,0.0,0.0017879092213639405,0.0,1.154692926339814e-11,5.197038431204721e-12,3.4704843655560925e-11,0.08218417964512549,0.07339875759824578,0.07800827374617228,1.2703478640071965e-12,3.9188577525697424e-11,2.8698380725283737e-12,0.0,0.0,0.0,2.236796981641674e-11,0.05567547438038597,0.0,1.0739193254703365e-11,0.08206774182516743,1.9093161031459793e-11,0.05880764652065322,0.08076230791858845,0.0,4.2519089522137537e-13,2.0459713739622684e-11,0.08211963976359275,0.006965812842905298,9.85565178969319e-13,0.056793061855867265,0.019113752829618604,2.7756678399669385e-12
2019-08-19,0.08102101913437673,1.2266662056963733e-12,0.07936094563555747,0.08216999721798697,0.0,6.255919862926684e-14,0.07921387681860696,0.0,0.0,0.0017884394723391632,0.0,1.169690327969186e-11,5.133373374648869e-12,3.4096029878486586e-11,0.08251345537763595,0.07287814430520341,0.07833899961474758,1.2533275536495773e-12,3.9726717044465636e-11,2.8807032907260083e-12,0.0,0.0,0.0,2.2563743897561543e-11,0.05582483280544044,0.0,1.0898052049267314e-11,0.08275379532354758,1.935901111187544e-11,0.059074947918929595,0.07974288259634493,0.0,4.3878212530191925e-13,2.026113716659803e-11,0.08182704431996275,0.0068685870023724995,9.829612518310279e-13,0.05785670380777259,0.018766328475837625,2.757434511978715e-12
2019-08-20,0.08118092558183261,1.2446596351718891e-12,0.07975065522402995,0.08265441691191618,0.0,6.228493472299444e-14,0.07958500444086036,0.0,0.0,0.0018152375439456992,0.0,1.1848761443010542e-11,5.071280523085152e-12,3.4464893560805705e-11,0.08318670290164648,0.07262700606844841,0.07852632895036189,1.262120030912603e-12,3.922444485844183e-11,2.8712462931285676e-12,0.0,0.0,0.0,2.255618546555654e-11,0.056079579370131936,0.0,1.0972036334266795e-11,0.08356104757616616,1.953418757119843e-11,0.059217289994744265,0.07781329688202414,0.0,4.338649323230202e-13,1.983228739365289e-11,0.08134123115838608,0.007008667918612468,9.893700383487756e-13,0.0571523980902377,0.018500211213530203,2.7574841077465877e-12
2019-08-21,0.08215515258939986,1.247020558565741e-12,0.07855010429613085,0.08202611781120121,0.0,6.347014181901767e-14,0.07949390892660259,0.0,0.0,0.0018373205100047987,0.0,1.1941509537201195e-11,5.063027640747143e-12,3.4652282246949024e-11,0.08434250103341986,0.072822318213688,0.07767246039756429,1.2552883987449306e-12,3.894591135390973e-11,2.893455967672106e-12,0.0,0.0,0.0,2.256144537791302e-11,0.05702139780917743,0.0,1.1019119092285213e-11,0.08288678147012193,1.9490037038329754e-11,0.05970639034582605,0.0777222596069374,0.0,4.396975153501959e-13,1.9742932398588873e-11,0.08236905901319741,0.007064376831336748,9.998371350791556e-13,0.05599839668423796,0.018331454288042063,2.796162145475374e-12
2019-08-22,0.08322837664918581,1.2849844315023622e-12,0.07859924472293303,0.08095719804488173,0.0,6.258726759672032e-14,0.07887201072507828,0.0,0.0,0.0018646071427112715,0.0,1.1838691522379855e-11,4.957620206347952e-12,3.4854906754713584e-11,0.0851496268317639,0.07279465558555451,0.07628208010785076,1.2412762857961774e-12,3.8773170302958564e-11,2.9045526795901534e-12,0.0,0.0,0.0,2.2569465794106097e-11,0.05710167102022874,0.0,1.1038856785761369e-11,0.08318703204390925,1.9481392200781543e-11,0.06010855432757131,0.07750173723794512,0.0,4.406814979193863e-13,1.9714429975416887e-11,0.08423229383410946,0.007000428408455003,1.0319200045268423e-12,0.054843493174603936,0.01827698997026055,2.7625528093397785e-12
2019-08-23,0.08256700831445435,1.305052898703245e-12,0.07816848263674439,0.0814697130302435,0.0,6.032110998892326e-14,0.07946828598318424,0.0,0.0,0.001839175726956215,0.0,1.1697838664674039e-11,4.968164287019212e-12,3.5464044495863404e-11,0.08613422286133146,0.07303500101200021,0.07630030508646028,1.236050689147607e-12,3.869147560082472e-11,2.859669618168082e-12,0.0,0.0,0.0,2.224486646037672e-11,0.057364403416793094,0.0,1.1194586930410107e-11,0.08191352266325466,1.928995406919124e-11,0.060771333401559414,0.07666551571497834,0.0,4.3112836479586677e-13,1.9999324784297747e-11,0.08394887374728854,0.0069060940811304355,1.023046640090805e-12,0.054836314698623025,0.01861174745178748,2.7446835162801504e-12
2019-08-26,0.08334044013386298,1.314821550653913e-12,0.0791737110988981,0.08068500016048355,0.0,5.993984882510543e-14,0.07964618606759497,0.0,0.0,0.001836155094318732,0.0,1.173291972915473e-11,5.012250956316214e-12,3.489361712894936e-11,0.08575986984386776,0.07230163497790884,0.07640957667250871,1.232662037894194e-12,3.8919257248509294e-11,2.85269665656616e-12,0.0,0.0,0.0,2.1712885272062686e-11,0.05676924868498463,0.0,1.1095557215197951e-11,0.08235023384681953,1.9213806429171927e-11,0.06078538059228442,0.0765221506363391,0.0,4.234349257958704e-13,1.9956757279731044e-11,0.08270130089026005,0.006851152455082004,1.0293906241699562e-12,0.05579020552380994,0.01907775314881419,2.71234052158876e-12
2019-08-27,0.08273173365170466,1.3111053085530946e-12,0.07975117438351124,0.08105696505378422,0.0,6.006388625596789e-14,0.07935557584926212,0.0,0.0,0.0018173103893081076,0.0,1.1727268397142123e-11,4.931347977351353e-12,3.5320668736659173e-11,0.08622855063249107,0.07228626984910423,0.076056916258195,1.2414783408840978e-12,3.8994715221558214e-11,2.901601440382178e-12,0.0,0.0,0.0,2.19394836940409e-11,0.05695470816341813,0.0,1.0863216310799456e-11,0.08267089187478834,1.940276101521592e-11,0.05998057954779264,0.07770135957122892,0.0,4.1127626786068654e-13,2.001569458242339e-11,0.08192253033822856,0.0067758722092231775,1.0230006902074207e-12,0.05540034882463148,0.01930921323047381,2.710385571362402e-12
2019-08-28,0.08340930839266082,1.3172917211095912e-12,0.08010627087462881,0.0798839961636249,0.0,5.977322807362771e-14,0.07957804916378738,0.0,0.0,0.0018096121414790702,0.0,1.1535794822192361e-11,4.9544801532401846e-12,3.553823064657517e-11,0.08678263666280948,0.07288646029639649,0.07656266227684749,1.2480702425985956e-12,3.8473935709521816e-11,2.9208901453621754e-12,0.0,0.0,0.0,2.1382276644908027e-11,0.05691154884703425,0.0,1.0801580352693767e-11,0.0805793735735892,1.9455884620349734e-11,0.06099755002325473,0.07732822122314334,0.0,4.1843585051267544e-13,1.9932392697368668e-11,0.08192147833043073,0.006722795556939943,1.0309725143159753e-12,0.05527619480236181,0.019243841499208166,2.7331386243382174e-12
2019-08-29,0.08259244686501352,1.3239885344824882e-12,0.08000495824483113,0.08002755614281985,0.0,5.918227170332821e-14,0.08004153674046748,0.0,0.0,0.001800515760536036,0.0,1.1489754439808494e-11,4.925620188255132e-12,3.576534819028119e-11,0.08772139294002176,0.0726085389680094,0.07598632703740696,1.2302330029735239e-12,3.878240120122557e-11,2.9160725077494787e-12,0.0,0.0,0.0,2.187555294810828e-11,0.05783115050015865,0.0,1.0770544458663411e-11,0.08144111876535398,1.9242861964194512e-11,0.05964044393311634,0.07658508971178271,0.0,4.145318627751797e-13,2.0106845130682872e-11,0.08233515977066345,0.006701262543828964,1.0062573116257778e-12,0.05549286439125703,0.019189637512012997,2.8102203929269962e-12
2019-08-30,0.08391053452283527,1.3031484344305275e-12,0.08030515799981909,0.08090642431015979,0.0,5.921541191057091e-14,0.08000999900244196,0.0,0.0,0.0017557120812612356,0.0,1.1262958125423039e-11,4.810016076949584e-12,3.578367385121824e-11,0.08866062961672826,0.0726935196287925,0.07552345808101342,1.2420542525608407e-12,3.8753125234464574e-11,2.8654204707941998e-12,0.0,0.0,0.0,2.2605028942284358e-11,0.056929528897439366,0.0,1.0627581379918736e-11,0.08036563376257976,1.92353025404766e-11,0.058850455178257814,0.07667539891654786,0.0,4.1667390109997216e-13,2.0270656453065713e-11,0.08244702173497634,0.006673848640655093,9.819343529638967e-13,0.05483013711269849,0.01946254034074795,2.828689808132156e-12
2019-09-02,0.07060703866707123,0.0,0.07999999999422877,0.019999999339679022,0.0,0.0,0.04288173266664741,0.0,0.0,0.0017810425257327456,0.0,0.015337224814053706,0.07999999999425825,4.6255996386486495e-12,0.07999999999806115,0.07250014979674753,0.07999999999392664,2.0860882776503895e-12,6.745109579251881e-10,0.0,0.0,0.0,0.0,1.0405219525859471e-12,1.7185204033138867e-11,0.0,0.0,0.060000000010902325,0.07999999997116104,0.07999999998904452,0.07689281154099178,0.0,0.0,8.827530234328187e-12,4.7458871885731385e-12,0.07999999999353061,0.0,0.0799999999909415,0.0,0.0
2019-09-03,0.0698362870101643,0.0,0.08010854459233001,0.020134639489821946,0.0,0.0,0.042532884933799316,0.0,0.0,0.0017169048522898875,0.0,0.015142350559879824,0.07978452747513119,4.569519189339942e-12,0.08114727293800132,0.07346446794060038,0.08045170034276013,2.073854598147063e-12,6.80615685965823e-10,0.0,0.0,0.0,0.0,1.0333750272994382e-12,1.704004966678125e-11,0.0,0.0,0.05933160416240275,0.08063847005713631,0.07878615130164046,0.07762630509693776,0.0,0.0,9.106786205891209e-12,4.740767221954381e-12,0.08168838570303948,0.0,0.07760950282488482,0.0,0.0
2019-09-04,0.06907940155039563,0.0,0.08100162341467958,0.0199179742557343,0.0,0.0,0.04272978539596358,0.0,0.0,0.0017335293921444843,0.0,0.01530104081180331,0.08117357959205879,4.5702412696468785e-12,0.0797370961866919,0.07399576917103681,0.08071670061517756,2.0870832291097664e-12,6.846554923363916e-10,0.0,0.0,0.0,0.0,1.0441039835175416e-12,1.700796699460326e-11,0.0,0.0,0.05937066871517164,0.08097403763870639,0.07807467686789239,0.07609518972368225,0.0,0.0,9.127908002711095e-12,4.7083444048801764e-12,0.08105850346139057,0.0,0.07904042248426962,0.0,0.0
2019-09-05,0.06832999621435983,0.0,0.08231144343589802,0.019843372378400757,0.0,0.0,0.04250501421198609,0.0,0.0,0.0017447513576061056,0.0,0.015369261273952878,0.08212236556400435,4.633142364918021e-12,0.07924690246474998,0.07366922461845106,0.08087931660117978,2.090092910299395e-12,6.913887361826351e-10,0.0,0.0,0.0,0.0,1.042699709161913e-12,1.710696993744184e-11,0.0,0.0,0.059116642485654285,0.07956418982945261,0.07855766842767949,0.07626475102260026,0.0,0.0,9.011806008597089e-12,4.704907878844819e-12,0.08035518947995489,0.0,0.08011990990409124,0.0,0.0
2019-09-06,0.06995101255476309,0.0,0.08124733428772885,0.019950763654552204,0.0,0.0,0.04173154008859158,0.0,0.0,0.0017161256938785642,0.0,0.015384539250495774,0.08275442167754125,4.562751532772571e-12,0.07931999095436926,0.07302519619135195,0.08058075782409257,2.128667972389221e-12,6.823621233856086e-10,0.0,0.0,0.0,0.0,1.0306557816727805e-12,1.701474704624058e-11,0.0,0.0,0.05773640114052442,0.0828438372247836,0.07853174740920496,0.07500598507136108,0.0,0.0,9.111393852934919e-12,4.720803667010596e-12,0.07998711611792694,0.0,0.08023323013790266,0.0,0.0
2019-09-09,0.0692079243549616,0.0,0.08115738278806203,0.019885936080244967,0.0,0.0,0.04138938994674672,0.0,0.0,0.0017123590309873807,0.0,0.015382690914874668,0.08197462605535934,4.601029423160779e-12,0.07920659011655008,0.07301797562020129,0.0803608732305783,2.1579520633609816e-12,6.796651069753755e-10,0.0,0.0,0.0,0.0,1.031854987985302e-12,1.6861057213540627e-11,0.0,0.0,0.05861705098867401,0.0837501386146915,0.07854038553989634,0.07490409862219848,0.0,0.0,9.164058631011369e-12,4.749204809825452e-12,0.0795593567634874,0.0,0.08133322061425555,0.0,0.0
2019-09-10,0.07047337231649162,0.0,0.08024242369998831,0.019742335254510766,0.0,0.0,0.0416547452406355,0.0,0.0,0.0017090529039486993,0.0,0.015712639669490033,0.08130695360923902,4.57636051849507e-12,0.07858622543876649,0.07253619405731257,0.07983602924158542,2.12710278000067e-12,6.718481330821005e-10,0.0,0.0,0.0,0.0,1.0513079107794889e-12,1.6712950855956898e-11,0.0,0.0,0.058415691359951644,0.08525196503712511,0.08025709904528973,0.07527474913845168,0.0,0.0,9.08878806888613e-12,4.8057171416829665e-12,0.07926968503191958,0.0,0.07973083824508342,0.0,0.0
2019-09-11,0.07027449385676858,0.0,0.07926229740801459,0.01968096840412821,0.0,0.0,0.041972286889510484,0.0,0.0,0.0016738814411674857,0.0,0.015902914952861783,0.08004225466901638,4.58054639900258e-12,0.0799724449454807,0.07323933173698849,0.07980838511413164,2.0487774691281444e-12,6.649551981084454e-10,0.0,0.0,0.0,0.0,1.0854161964072782e-12,1.684504382969186e-11,0.0,0.0,0.05888807758477632,0.08492865334136142,0.08163465335564958,0.07414588336013933,0.0,0.0,9.028312646779697e-12,4.844601759042473e-12,0.07979627631613043,0.0,0.07877719592048658,0.0,0.0
2019-09-12,0.07123683101646336,0.0,0.07904039026586651,0.01992725680585147,0.0,0.0,0.04244222408990265,0.0,0.0,0.0016143500875006646,0.0,0.01571537046376922,0.08068215928994829,4.621740441105339e-12,0.08097174332211796,0.07377725054165528,0.07989556179684805,2.0356561224495562e-12,6.639048140686823e-10,0.0,0.0,0.0,0.0,1.0571627402706862e-12,1.6751075216538485e-11,0.0,0.0,0.05908596475601794,0.08156201275033584,0.08204386657550783,0.07418041831012681,0.0,0.0,9.149487189765267e-12,4.81967740635423e-12,0.07996077870929647,0.0,0.07786382051645203,0.0,0.0
2019-09-13,0.07104471582949297,0.0,0.07926749949797324,0.019769829918838525,0.0,0.0,0.04224071396700833,0.0,0.0,0.0016241300680759749,0.0,0.015848599912945755,0.08044637080612717,4.591443890403265e-12,0.08106112052440524,0.07370275401421372,0.07972539292361477,2.0752507796671636e-12,6.641213366328159e-10,0.0,0.0,0.0,0.0,1.0932838384411463e-12,1.6714761230685452e-11,0.0,0.0,0.05879134098531251,0.08073579964269871,0.08289000850281286,0.07250496064217493,0.0,0.0,9.289743793287688e-12,4.87877891712607e-12,0.07990405612331765,0.0,0.08044270593822302,0.0,0.0
2019-09-16,0.06991150849879624,0.0,0.07890758973054439,0.019692794355500063,0.0,0.0,0.042220631608710535,0.0,0.0,0.0016762577337047578,0.0,0.015730070573467897,0.07984236506221408,4.734481744456492e-12,0.08112345556275202,0.07452062566459429,0.07999621227832578,2.146195288207714e-12,6.596874341243839e-10,0.0,0.0,0.0,0.0,1.1109146026538668e-12,1.6819623395701206e-11,0.0,0.0,0.05922994776603188,0.08098981508415051,0.0825077715220981,0.07269460955045397,0.0,0.0,9.203411024166347e-12,4.890984088430351e-12,0.08047155666573749,0.0,0.08048478764432501,0.0,0.0
2019-09-17,0.06926328783759067,0.0,0.07813290933626814,0.01959593630242824,0.0,0.0,0.04259540768257946,0.0,0.0,0.0016550466011492093,0.0,0.015457380702043352,0.07971355763687368,4.6402043247919225e-12,0.08276427646378193,0.07516525121039117,0.07998298681492619,2.155804565449248e-12,6.556998165364269e-10,0.0,0.0,0.0,0.0,1.1131090235404882e-12,1.6918178496339467e-11,0.0,0.0,0.05841139447373321,0.07931476424877962,0.08103743019675656,0.07282510483344636,0.0,0.0,9.175570303907415e-12,4.840798802953197e-12,0.08206752795971589,0.0,0.08201773700499285,0.0,0.0
2019-09-18,0.0707785079861882,0.0,0.07794247953374053,0.01944940757309043,0.0,0.0,0.04209600174821955,0.0,0.0,0.0016287095090144587,0.0,0.015556877541161467,0.07968178607953931,4.5591346665694144e-12,0.08172933485140357,0.07512823901041658,0.07892257931139951,2.0723034790556483e-12,6.386068640037134e-10,0.0,0.0,0.0,0.0,1.0781925165561826e-12,1.673646223530474e-11,0.0,0.0,0.05849025100489834,0.07966195781432224,0.08277044428653516,0.0725119880570062,0.0,0.0,8.947192455948033e-12,4.818618051850023e-12,0.08257554186073228,0.0,0.08107589315551335,0.0,0.0
2019-09-19,0.06885917213595227,0.0,0.07917891673905449,0.01946178741455439,0.0,0.0,0.042152772768377304,0.0,0.0,0.001620079093389907,0.0,0.015491436608869117,0.08140498703041513,4.482223720905643e-12,0.08129713310441852,0.07461663384110394,0.07839988991083721,2.1076153746750445e-12,6.407897197338774e-10,0.0,0.0,0.0,0.0,1.0580417563261505e-12,1.6434811942724483e-11,0.0,0.0,0.06028909590849472,0.07998636445546321,0.08020145594178896,0.07319120141840664,0.0,0.0,8.784611374897376e-12,4.73228205287819e-12,0.08226834657297209,0.0,0.08158072637751272,0.0,0.0
2019-09-20,0.06966399960336361,0.0,0.07902182648006292,0.01923722888041023,0.0,0.0,0.04177367750368655,0.0,0.0,0.0016333133919907072,0.0,0.015447020221828837,0.08124887990059962,4.5059088831237605e-12,0.08189417810747301,0.07451606830761817,0.07827922942275027,2.142786866704972e-12,6.403337347596404e-10,0.0,0.0,0.0,0.0,1.0649890133991152e-12,1.6307280512313026e-11,0.0,0.0,0.06166407707780342,0.07926461167224598,0.07823408553739541,0.07461424784329736,0.0,0.0,8.757070214444558e-12,4.6817629072000726e-12,0.08206837222710713,0.0,0.08143918314457303,0.0,0.0
2019-09-23,0.06869081555473171,0.0,0.07943620330982111,0.019260993325859125,0.0,0.0,0.0419659708836123,0.0,0.0,0.0016394160051694492,0.0,0.01570703003226048,0.07999432863584506,4.4612987604247546e-12,0.0821311315040043,0.074850746018747,0.07805751695474736,2.1832546972746607e-12,6.48656885926331e-10,0.0,0.0,0.0,0.0,1.0594659636476822e-12,1.6475813126084912e-11,0.0,0.0,0.06213044099476083,0.07958382662717685,0.079207865885195,0.07600377155995001,0.0,0.0,8.690027068877821e-12,4.640659224200248e-12,0.08041455988781065,0.0,0.08092538213414117,0.0,0.0
2019-09-24,0.0683003052691114,0.0,0.0786573472352005,0.019145423849665673,0.0,0.0,0.04251780198862219,0.0,0.0,0.0016846066338422321,0.0,0.015947416728402913,0.07900321157583136,4.4882541895280905e-12,0.0834825083347725,0.07486369057732639,0.07827291507475288,2.2179559410902608e-12,6.507064796924685e-10,0.0,0.0,0.0,0.0,1.0592857817570074e-12,1.6672293752852555e-11,0.0,0.0,0.06200946074507132,0.0790068220268318,0.07994584826696445,0.07480185990258004,0.0,0.0,8.558103703832864e-12,4.626531685377657e-12,0.0810639940333872,0.0,0.08129678706930799,0.0,0.0
2019-09-25,0.06944202119512116,0.0,0.07851898572070273,0.018924174440757707,0.0,0.0,0.04243369586128706,0.0,0.0,0.0016812599197545777,0.0,0.01620663523932885,0.07942217735595583,4.544077900236725e-12,0.08483452675673157,0.07558067194692589,0.07783164199116252,2.161528146145645e-12,6.569895982195572e-10,0.0,0.0,0.0,0.0,1.0682598239622262e-12,1.6677140977855918e-11,0.0,0.0,0.06195528587433826,0.0805212789119642,0.0777064159013988,0.0746934306675177,0.0,0.0,8.686875946510434e-12,4.64549793761376e-12,0.08092423967393553,0.0,0.07932355784834437,0.0,0.0
2019-09-26,0.06908378248368634,0.0,0.07922525148598798,0.01898102293390606,0.0,0.0,0.04259692188415193,0.0,0.0,0.001697294997075393,0.0,0.01624767606471108,0.07966788161306168,4.530936285420842e-12,0.08309757136397251,0.0758301362259659,0.07842148581755372,2.097792785408331e-12,6.482082953509733e-10,0.0,0.0,0.0,0.0,1.0761555270243034e-12,1.6437627440537395e-11,0.0,0.0,0.062030889119305745,0.07910910498381503,0.07794040381521102,0.07520087007910423,0.0,0.0,8.558820699933947e-12,4.607899765708759e-12,0.08063771036391101,0.0,0.08023199608306253,0.0,0.0
2019-09-27,0.06668739566566775,0.0,0.08078309991546638,0.018890226019148273,0.0,0.0,0.04313589802180649,0.0,0.0,0.0016694050528909712,0.0,0.016288780245964817,0.07949531382447673,4.529009086265969e-12,0.0820598810610076,0.07716693096127937,0.07919645119362216,2.1062415750572683e-12,6.4794974586858e-10,0.0,0.0,0.0,0.0,1.0651389646902388e-12,1.6604164243187177e-11,0.0,0.0,0.0621273910474283,0.07929991136921397,0.07730575256573,0.07531391124596774,0.0,0.0,8.527907405257049e-12,4.572819988502974e-12,0.08019915099239716,0.0,0.08038050013257687,0.0,0.0
2019-09-30,0.06648165360031123,0.0,0.08038658104383706,0.018982024859477187,0.0,0.0,0.044038734500406726,0.0,0.0,0.0016299495226319118,0.0,0.016094808037607156,0.07997830423179358,4.614206875063517e-12,0.0819993238227908,0.07740326650485113,0.07979530997042425,2.0995422800446166e-12,6.48668745468953e-10,0.0,0.0,0.0,0.0,1.0917951020225877e-12,1.6635000936208393e-11,0.0,0.0,0.06127991256522583,0.07919876025705497,0.07496060031719516,0.07628549348068905,0.0,0.0,8.499424083308589e-12,4.5307543626213604e-12,0.08189316904434757,0.0,0.07959210755521648,0.0,0.0
2019-10-01,0.07999999999209027,0.0,0.07999999998997628,0.019999999798577108,0.0,0.0,0.044671423986839646,0.0,0.0,0.0015905987576167074,0.0,0.0,0.07999999998528697,4.119778708444588e-11,0.07999999999514308,0.03455155130739008,0.07999999996171789,0.0,0.07999999995189297,0.0,0.0,0.0,0.0,0.0,0.03918642635754531,0.0,0.0,4.620287334628464e-11,3.059127392588358e-10,0.07999999998968012,4.2763819405472036e-11,0.0,0.07999999982048744,6.158284037967962e-13,0.07999999982936075,0.0799999999965406,0.0,0.059999999843161865,0.0,0.0
2019-10-02,0.08032597526575283,0.0,0.08012946745626341,0.019946901319564454,0.0,0.0,0.04467942169884683,0.0,0.0,0.0015823400442032318,0.0,0.0,0.07919997898529524,4.0842263471048914e-11,0.07936275253616851,0.03409131585811077,0.08043724811286311,0.0,0.0792818360762661,0.0,0.0,0.0,0.0,0.0,0.03918542992118448,0.0,0.0,4.5731265882626535e-11,3.0478849562445514e-10,0.08031843281026879,4.3148079852700314e-11,0.0,0.08025398697673819,6.147635175244532e-13,0.08121876201361923,0.07965797015263684,0.0,0.060328180337093175,0.0,0.0
2019-10-03,0.08227010921538977,0.0,0.08030543072769597,0.01983478968187785,0.0,0.0,0.045058829918175725,0.0,0.0,0.0015492580573648398,0.0,0.0,0.07890565427058562,4.006016320797369e-11,0.07847661415046063,0.034331134750140976,0.0810517070066691,0.0,0.08088517831161983,0.0,0.0,0.0,0.0,0.0,0.038762041493025756,0.0,0.0,4.546933498687368e-11,3.080754371231604e-10,0.07910106318831986,4.2702828093103976e-11,0.0,0.08012438771648378,6.139136817829135e-13,0.08050777589708995,0.0791298108242026,0.0,0.059706214353976224,0.0,0.0
2019-10-04,0.08195234679344589,0.0,0.08111096907849709,0.019968346536425076,0.0,0.0,0.0452019672107585,0.0,0.0,0.0015727628072249903,0.0,0.0,0.07970511333719531,4.032805780098275e-11,0.07864577292426318,0.03453150411871002,0.08148453587789224,0.0,0.08039372081661599,0.0,0.0,0.0,0.0,0.0,0.038708081905913995,0.0,0.0,4.518726482645078e-11,3.033109604694488e-10,0.07832460353086548,4.256985028902097e-11,0.0,0.08121613255651781,6.228491544176274e-13,0.08064721548479384,0.07870928167633028,0.0,0.05782764491253146,0.0,0.0
2019-10-07,0.08346999359785001,0.0,0.08104274571555592,0.01946933958600485,0.0,0.0,0.045408395557580236,0.0,0.0,0.0015750932064977066,0.0,0.0,0.0810823917440769,3.9592008440506884e-11,0.07885160959908122,0.03412928602454456,0.08166546567864447,0.0,0.07973488035252145,0.0,0.0,0.0,0.0,0.0,0.038785929855617865,0.0,0.0,4.448365647651519e-11,3.012263549647846e-10,0.0783357940631291,4.3830171825842855e-11,0.0,0.08171871540010182,6.152264411119941e-13,0.07984118583854574,0.07851159133130545,0.0,0.05637758201919542,0.0,0.0
2019-10-08,0.08501293222742852,0.0,0.08045328772758516,0.019448757741056696,0.0,0.0,0.04481831221780519,0.0,0.0,0.0015614603418787512,0.0,0.0,0.08068152027795675,3.9757123706552735e-11,0.078198979431857,0.03460874756277609,0.08140785691051808,0.0,0.07894998478815944,0.0,0.0,0.0,0.0,0.0,0.03884274278511878,0.0,0.0,4.3635263078090893e-11,2.987375451003659e-10,0.07691543818115587,4.3809177152715e-11,0.0,0.08390282355349724,6.002760592902762e-13,0.08000752126909867,0.07889135250975561,0.0,0.056298282047813036,0.0,0.0
2019-10-09,0.08434634176175812,0.0,0.08046064105000131,0.019186242845723244,0.0,0.0,0.044228113873748906,0.0,0.0,0.0015440032126864123,0.0,0.0,0.08269375534717334,3.9745156568283234e-11,0.0785598335403055,0.03427310561923277,0.08092210344558061,0.0,0.07761897118037582,0.0,0.0,0.0,0.0,0.0,0.03860923109400625,0.0,0.0,4.436431159925535e-11,3.0158755301627376e-10,0.07631830722364225,4.3480474092594065e-11,0.0,0.08368356657955758,5.994119623554891e-13,0.0803467685402061,0.08023357275225462,0.0,0.05697544150397052,0.0,0.0
2019-10-10,0.08327784841014314,0.0,0.08126570047610865,0.019271044998843613,0.0,0.0,0.044066799265392184,0.0,0.0,0.0015368232368009659,0.0,0.0,0.08170366863964909,3.942631263764613e-11,0.0783878008401702,0.03427012403915943,0.08119046409816799,0.0,0.07839797540019969,0.0,0.0,0.0,0.0,0.0,0.0391955776654426,0.0,0.0,4.337484440110846e-11,3.013829036766324e-10,0.07605451799023479,4.330970705710541e-11,0.0,0.08285828015453955,5.968500904682486e-13,0.0806598669467248,0.07985180937491977,0.0,0.05801169803541321,0.0,0.0
2019-10-11,0.08169015069002475,0.0,0.08028951119804356,0.019371849237881395,0.0,0.0,0.044298007261313825,0.0,0.0,0.0015753236664793095,0.0,0.0,0.08231873393385866,3.976683106437889e-11,0.07923491715499782,0.034483713143205884,0.08110521171826969,0.0,0.07809529678794216,0.0,0.0,0.0,0.0,0.0,0.03902350125971607,0.0,0.0,4.320825347708505e-11,2.874793498362889e-10,0.07710823620742133,4.340606489824861e-11,0.0,0.08331514192093242,5.930731328371599e-13,0.08097811874281792,0.07881636230054456,0.0,0.05829592436209737,0.0,0.0
2019-10-14,0.08067165014649684,0.0,0.07956944033821549,0.01916220395686304,0.0,0.0,0.04452354453316187,0.0,0.0,0.0016089343384641695,0.0,0.0,0.08176057890578313,3.9591219433006667e-11,0.08033916785548739,0.0345243805986692,0.08154570391217852,0.0,0.07750722306009979,0.0,0.0,0.0,0.0,0.0,0.039230964632630455,0.0,0.0,4.2791226471623086e-11,2.8501736365140274e-10,0.0784382166914868,4.325898890074367e-11,0.0,0.08193293351842844,5.905670429085736e-13,0.08198273055290459,0.07863845898721668,0.0,0.058563867560664555,0.0,0.0
2019-10-15,0.0818754205980898,0.0,0.07964393940397362,0.019164864467167787,0.0,0.0,0.04377941215204104,0.0,0.0,0.0016362752260778853,0.0,0.0,0.081358533928673,3.98457170871605e-11,0.0796729097048522,0.03386506442033413,0.08014771171826275,0.0,0.07745110234450356,0.0,0.0,0.0,0.0,0.0,0.039843249512080146,0.0,0.0,4.309927351623764e-11,2.866386624749833e-10,0.0786532440219467,4.292040037515716e-11,0.0,0.08363460326259554,5.859949841503501e-13,0.08152940472191947,0.078300179617493,0.0,0.05944408448689962,0.0,0.0
2019-10-16,0.08347787087085118,0.0,0.07937060982002088,0.018816301661843084,0.0,0.0,0.04337956687687383,0.0,0.0,0.0016322401152644747,0.0,0.0,0.08307055088664529,3.9123764893632016e-11,0.07896665086340926,0.03378798256219141,0.08033341412350474,0.0,0.0772777422394411,0.0,0.0,0.0,0.0,0.0,0.0397808204275954,0.0,0.0,4.3195346111247913e-11,2.8616860669146554e-10,0.07841051749676461,4.280515643058781e-11,0.0,0.08339154754298037,5.854577979213531e-13,0.0805795696421547,0.07849741339953023,0.0,0.059227201059051444,0.0,0.0
2019-10-17,0.08382403079232886,0.0,0.07866616189423656,0.018626450036565333,0.0,0.0,0.04370504036386815,0.0,0.0,0.001636214462607913,0.0,0.0,0.08578343586524419,3.876896901657297e-11,0.07789643248385024,0.03407143614161938,0.08037708438351698,0.0,0.07568149514546724,0.0,0.0,0.0,0.0,0.0,0.039316444385527734,0.0,0.0,4.3539208871089654e-11,2.8476663913008487e-10,0.07896252439526144,4.258663140856083e-11,0.0,0.0838647393825165,5.805012764376695e-13,0.0810237324603182,0.0775576129548092,0.0,0.0590071644420205,0.0,0.0
2019-10-18,0.08435102696082684,0.0,0.07734637361408436,0.018548896856500866,0.0,0.0,0.04432888096393923,0.0,0.0,0.0016204955322595281,0.0,0.0,0.08593012740745119,3.850189414807601e-11,0.07723412461926352,0.0343301380051673,0.0806156690125483,0.0,0.07470935241572371,0.0,0.0,0.0,0.0,0.0,0.03930179281483488,0.0,0.0,4.322946693790675e-11,2.887652674927459e-10,0.07749507795372801,4.34275204038217e-11,0.0,0.08396474251772827,5.917427790940102e-13,0.08028792064560593,0.07983287687086629,0.0,0.06010250339495632,0.0,0.0
2019-10-21,0.08287343640313777,0.0,0.07735902720785512,0.018462961684934744,0.0,0.0,0.04463053377493824,0.0,0.0,0.0016004669258122058,0.0,0.0,0.08514208964471172,3.773622996420208e-11,0.0781397229615189,0.03443953380080674,0.08094670423829789,0.0,0.0750727343923652,0.0,0.0,0.0,0.0,0.0,0.0390279295750021,0.0,0.0,4.302887914445734e-11,2.780548170821469e-10,0.07758115699086153,4.387005185646598e-11,0.0,0.08505938162126145,5.937017056164482e-13,0.08012445063732443,0.07996229484906081,0.0,0.059577574888827985,0.0,0.0
2019-10-22,0.08236496003877662,0.0,0.07700366998369519,0.018363135098780566,0.0,0.0,0.0443315591885073,0.0,0.0,0.0016412101417771332,0.0,0.0,0.0860666036883411,3.674187598547669e-11,0.07801051744403102,0.03443952579474984,0.08096032698259759,0.0,0.07495272045163093,0.0,0.0,0.0,0.0,0.0,0.039614216311389394,0.0,0.0,4.30270714925338e-11,2.793397870942477e-10,0.07758282123150033,4.368522225201144e-11,0.0,0.08485644108483144,5.988979045714928e-13,0.08001383984036868,0.07999699273746777,0.0,0.05980145957816274,0.0,0.0
2019-10-23,0.08292139214644241,0.0,0.07657694554706382,0.0182128647058627,0.0,0.0,0.045496825847454334,0.0,0.0,0.001628861080862768,0.0,0.0,0.08688450473637402,3.616428840365669e-11,0.07825915697604678,0.0344960461850974,0.08184114278211267,0.0,0.0747236229915814,0.0,0.0,0.0,0.0,0.0,0.039904236449287804,0.0,0.0,4.284926032538567e-11,2.788499695945991e-10,0.07563330547805955,4.368307213846313e-11,0.0,0.08253773459088039,6.076368499184084e-13,0.08033822736511331,0.08149575742669861,0.0,0.059049375288908336,0.0,0.0
2019-10-24,0.08328470425131197,0.0,0.07584924921074225,0.018304210209720315,0.0,0.0,0.045468812243873384,0.0,0.0,0.0015960970520087034,0.0,0.0,0.08723685506392881,3.628648389475541e-11,0.0772796749995435,0.03509872478944803,0.08209319193167432,0.0,0.07503834734164194,0.0,0.0,0.0,0.0,0.0,0.04018006155423237,0.0,0.0,4.334227207888344e-11,2.813482374755978e-10,0.07499571786413477,4.39328546250304e-11,0.0,0.0822918366796658,6.019783624740728e-13,0.0801077765919579,0.08174111521109131,0.0,0.05943362459951334,0.0,0.0
2019-10-25,0.08390419732261628,0.0,0.07640232557674283,0.018445809017173617,0.0,0.0,0.04577227081060809,0.0,0.0,0.0015762915697935685,0.0,0.0,0.08903539913691713,3.635879947607966e-11,0.07589167561674721,0.03538466015737446,0.08175475432706598,0.0,0.07555669305584045,0.0,0.0,0.0,0.0,0.0,0.039840667836111315,0.0,0.0,4.396709066177889e-11,2.820761782109484e-10,0.0740964040432264,4.418395058242936e-11,0.0,0.08339950886066584,6.147320983250209e-13,0.08005706816636898,0.0811124508415352,0.0,0.05776982325401241,0.0,0.0
2019-10-28,0.08279867685991354,0.0,0.0764855528787672,0.018315988493678693,0.0,0.0,0.04555027886293696,0.0,0.0,0.0015454432020030465,0.0,0.0,0.08897552395451272,3.7171482123207914e-11,0.0764919025794071,0.035402197852354655,0.0814314552963297,0.0,0.07551169106642688,0.0,0.0,0.0,0.0,0.0,0.040488146792632795,0.0,0.0,4.4078223373505715e-11,2.7766823611806775e-10,0.07442646087300973,4.395251885567157e-11,0.0,0.0818805721445453,6.199520049037696e-13,0.08122834545579266,0.08115720700509588,0.0,0.05831055627910319,0.0,0.0
2019-10-29,0.08170777599953231,0.0,0.07635175338604037,0.0182278889418799,0.0,0.0,0.045941126981726824,0.0,0.0,0.0015336732193858063,0.0,0.0,0.09107820564342499,3.727771925971495e-11,0.07625937758428389,0.03539238151411639,0.08221154381687286,0.0,0.07525554766204695,0.0,0.0,0.0,0.0,0.0,0.04018788921107219,0.0,0.0,4.389439746354138e-11,2.7685391370499674e-10,0.074498434361022,4.400838231915879e-11,0.0,0.08108079629580016,6.256982915687492e-13,0.08140044207960667,0.08108969631704534,0.0,0.05778346658348363,0.0,0.0
2019-10-30,0.08172873915466987,0.0,0.07729174256090666,0.01825335678440148,0.0,0.0,0.045541723741805804,0.0,0.0,0.0015290165514550466,0.0,0.0,0.09190637862723207,3.768251591358019e-11,0.07666083903513438,0.035061957729464355,0.08231129934186529,0.0,0.07458781481932637,0.0,0.0,0.0,0.0,0.0,0.039994628883459046,0.0,0.0,4.4256562080799574e-11,2.762410553894383e-10,0.07360828741124374,4.406120022553834e-11,0.0,0.08162007696600312,6.181777438501689e-13,0.08081150282790661,0.08156195359808927,0.0,0.05753068156417777,0.0,0.0
2019-10-31,0.08102311763707172,0.0,0.07808564614527849,0.01834202008381303,0.0,0.0,0.04558365722939183,0.0,0.0,0.0015245194913970084,0.0,0.0,0.09338338395127095,3.8142747773315134e-11,0.07777157556200531,0.03472573363532973,0.0823565368965412,0.0,0.07395750424855403,0.0,0.0,0.0,0.0,0.0,0.039450390618069923,0.0,0.0,4.440762239805224e-11,2.7218229076914123e-10,0.0730151196240793,4.39849285303727e-11,0.0,0.08252124691208829,6.182251782982324e-13,0.079313333603117,0.0814880487572952,0.0,0.057458165205361456,0.0,0.0
2019-11-01,0.07999999993377188,4.1370806389654296e-12,0.07999999999224391,0.018201390172363573,0.0,0.0,0.07999999991243291,0.0,0.0,0.03177280423631561,0.0,4.377246993076205e-12,2.7735587165751347e-11,0.0704882187152237,0.07999999999235219,0.07999999992456035,0.0799999999663308,0.0,0.07999999998666361,0.0,0.0,0.0,0.0,1.1745935234810464e-11,5.02413076810512e-10,0.0,0.0,0.079999999925281,6.69627081195926e-12,0.0799999999913223,0.0,0.0,0.0,0.0,0.07953758625033927,0.07999999999229343,0.0,4.514002023400917e-10,0.0,0.0
2019-11-04,0.07874441045966193,4.174617069209906e-12,0.08001775534064316,0.018319102263744266,0.0,0.0,0.08071957081791788,0.0,0.0,0.03183331355945176,0.0,4.359441839427486e-12,2.7505788218332354e-11,0.07134495552011272,0.07868302595842865,0.07916892650807826,0.08028469375782861,0.0,0.08126118974632579,0.0,0.0,0.0,0.0,1.2157038665121083e-11,5.033689760518382e-10,0.0,0.0,0.07908639358509904,6.8886891568303245e-12,0.08055336573401999,0.0,0.0,0.0,0.0,0.0797931484109599,0.0801901473309869,0.0,4.4828660145938324e-10,0.0,0.0
2019-11-05,0.07758201358972527,4.1277587199809514e-12,0.07986473625163341,0.018642431552064253,0.0,0.0,0.0806780641699321,0.0,0.0,0.032266464190371956,0.0,4.2356578228257595e-12,2.7173395323990477e-11,0.07226643375860836,0.07922770791462913,0.0794856054751105,0.08017229255748823,0.0,0.08099063892526116,0.0,0.0,0.0,0.0,1.2292522690041055e-11,5.10444005781285e-10,0.0,0.0,0.07867765605775996,7.048961087517145e-12,0.07909990220386684,0.0,0.0,0.0,0.0,0.080667494305502,0.08037855802644045,0.0,4.5628406092774995e-10,0.0,0.0
2019-11-06,0.0764295407697974,4.146234161329733e-12,0.07893844250810307,0.018992051696864652,0.0,0.0,0.08076884721453038,0.0,0.0,0.03184941456457387,0.0,4.30046072898186e-12,2.6620660238517805e-11,0.07091249921541633,0.07964467030209804,0.08003198239395015,0.08015671352363733,0.0,0.08010211836518251,0.0,0.0,0.0,0.0,1.2449315163774003e-11,5.154106997469317e-10,0.0,0.0,0.07782845359944786,7.030364439396865e-12,0.07995281423804698,0.0,0.0,0.0,0.0,0.08254874884732417,0.08184370173670745,0.0,4.543620646446886e-10,0.0,0.0
2019-11-07,0.07745946378228276,4.3003160190999846e-12,0.07896272137533214,0.019027972619864077,0.0,0.0,0.08044067769479644,0.0,0.0,0.03117293102832716,0.0,4.249620267281635e-12,2.686129194679904e-11,0.0695093285239733,0.0793029075501808,0.0801832032485786,0.08079131812226766,0.0,0.08113156234609067,0.0,0.0,0.0,0.0,1.2509263621604247e-11,5.15993257647346e-10,0.0,0.0,0.0775516228398731,6.991940301273322e-12,0.08036758243479036,0.0,0.0,0.0,0.0,0.08272351833040244,0.0813751890834996,0.0,4.4883512461601746e-10,0.0,0.0
2019-11-08,0.0776967793276905,4.3490086024296155e-12,0.07837461419565597,0.01908035026632792,0.0,0.0,0.08087489489584843,0.0,0.0,0.030524019374173872,0.0,4.26012257913619e-12,2.7223641165197868e-11,0.06997966692840836,0.07958779238311041,0.07989043008815115,0.08050952851763098,0.0,0.08117587953506494,0.0,0.0,0.0,0.0,1.2629063283964354e-11,5.197084522787159e-10,0.0,0.0,0.07649181696636856,7.044970552074998e-12,0.08153230848882125,0.0,0.0,0.0,0.0,0.08370132758615623,0.08058059043029236,0.0,4.410837915498798e-10,0.0,0.0
2019-11-11,0.07973625476988229,4.3853501251881284e-12,0.07867848928810424,0.019230841036954563,0.0,0.0,0.08026867226174873,0.0,0.0,0.030610375870756105,0.0,4.2175442015736055e-12,2.6636833172471144e-11,0.06950631754888524,0.07861174185407334,0.08033133144209323,0.0797792842950563,0.0,0.08062415089691417,0.0,0.0,0.0,0.0,1.250509978023922e-11,5.204487713711322e-10,0.0,0.0,0.07512377787187977,7.107891830145602e-12,0.08301912782222573,0.0,0.0,0.0,0.0,0.08406739711296751,0.08041223690484671,0.0,4.4831046876361945e-10,0.0,0.0
2019-11-12,0.07814612233418919,4.489085034380009e-12,0.07893950340372186,0.019237491809067416,0.0,0.0,0.08076727989315749,0.0,0.0,0.03050936371379611,0.0,4.153947215958815e-12,2.6552579284717293e-11,0.07058072734350611,0.07857519922314024,0.07956872236292503,0.08019220571887484,0.0,0.0815941492234833,0.0,0.0,0.0,0.0,1.2285732391642362e-11,5.222948779404719e-10,0.0,0.0,0.07472668636927708,6.873499969193551e-12,0.08256388035041831,0.0,0.0,0.0,0.0,0.084515519104307,0.0800831481225041,0.0,4.5098215338886094e-10,0.0,0.0
2019-11-13,0.07596574090207749,4.554466768415681e-12,0.07940158487280932,0.019361087505878734,0.0,0.0,0.0803489247824621,0.0,0.0,0.030477959021067296,0.0,4.184272531317605e-12,2.6803333671411765e-11,0.07108873207018646,0.07757953538075184,0.08013352001150965,0.08009966557544387,0.0,0.0821753691910943,0.0,0.0,0.0,0.0,1.238259091867612e-11,5.212943659905694e-10,0.0,0.0,0.07634360061923605,6.6984326659879336e-12,0.08236958793001961,0.0,0.0,0.0,0.0,0.08552948141733499,0.0791252096968592,0.0,4.473516711710171e-10,0.0,0.0
2019-11-14,0.07617191641905234,4.642435548043438e-12,0.0793504231365196,0.019427012574980848,0.0,0.0,0.08102691637728744,0.0,0.0,0.03062186206786801,0.0,4.168655078632621e-12,2.6933167890559763e-11,0.07032269167307274,0.0765781655895064,0.07968183243003807,0.07998548958080531,0.0,0.08131371595476374,0.0,0.0,0.0,0.0,1.2053603699716774e-11,5.222581456504328e-10,0.0,0.0,0.07675619285869571,6.642158536882423e-12,0.08466849937859867,0.0,0.0,0.0,0.0,0.08606964555241017,0.07802563538587955,0.0,4.43823277914905e-10,0.0,0.0
2019-11-15,0.07382115895754002,4.730716656126637e-12,0.080156596106025,0.01947367345906105,0.0,0.0,0.0820649706489109,0.0,0.0,0.030735397999425016,0.0,4.147679399969086e-12,2.7271902321621337e-11,0.0688973526563595,0.07638116711283408,0.07911738063676432,0.08086991389485809,0.0,0.08162602772829088,0.0,0.0,0.0,0.0,1.1986069574192785e-11,5.295719127791286e-10,0.0,0.0,0.07672193007129902,6.569309334606924e-12,0.085697679445427,0.0,0.0,0.0,0.0,0.0873944014109747,0.07704234883748604,0.0,4.5046676330889294e-10,0.0,0.0
2019-11-18,0.07574363893133669,4.690359040873432e-12,0.08020680511581431,0.01950882029518231,0.0,0.0,0.08177065164886356,0.0,0.0,0.030740985717473124,0.0,4.226462972935136e-12,2.7113002646143555e-11,0.06738003275805271,0.07564339485332748,0.07988851704223747,0.08165762942780526,0.0,0.08046567185380896,0.0,0.0,0.0,0.0,1.194879285102056e-11,5.325072806070162e-10,0.0,0.0,0.07685543545395096,6.5163650634037485e-12,0.08515894725996823,0.0,0.0,0.0,0.0,0.08758753558216338,0.07739193302171385,0.0,4.5129944579640416e-10,0.0,0.0
2019-11-19,0.07580375563603493,4.6411978703370105e-12,0.08043823997510757,0.01960082773461708,0.0,0.0,0.08118664177405896,0.0,0.0,0.030741304169586477,0.0,4.205996924583638e-12,2.7231165455008096e-11,0.06703846011087268,0.07627399242127601,0.08032354583257624,0.0814487457783466,0.0,0.08186844903822699,0.0,0.0,0.0,0.0,1.1753654939207178e-11,5.318412617792281e-10,0.0,0.0,0.07549496010601486,6.553933295644006e-12,0.08541258670310241,0.0,0.0,0.0,0.0,0.0866726684949309,0.07769582119429719,0.0,4.447239979720251e-10,0.0,0.0
2019-11-20,0.07527961682712167,4.696798295874007e-12,0.08067776887009197,0.019653990038640795,0.0,0.0,0.08124602687627534,0.0,0.0,0.03028096118965953,0.0,4.21748774682642e-12,2.763045163240947e-11,0.06682352245810826,0.07614909939703585,0.08138694646703355,0.08121759100440244,0.0,0.08209196641063095,0.0,0.0,0.0,0.0,1.1898343427995575e-11,5.319584800870611e-10,0.0,0.0,0.07575992743839123,6.6994744337127456e-12,0.08519219698753248,0.0,0.0,0.0,0.0,0.0857927328282341,0.07844765217610877,0.0,4.4363200837869023e-10,0.0,0.0
2019-11-21,0.07489153459144282,4.731892075580106e-12,0.08084788127617895,0.019664511739478554,0.0,0.0,0.0812407319516291,0.0,0.0,0.030363918123395225,0.0,4.291384212483164e-12,2.7713703292019044e-11,0.06690293182120391,0.07693704768064914,0.08219882643168967,0.08126984892305872,0.0,0.0808859405607451,0.0,0.0,0.0,0.0,1.1907608915744126e-11,5.367481739698485e-10,0.0,0.0,0.07446251016661379,6.600732352636896e-12,0.08413789162311375,0.0,0.0,0.0,0.0,0.08690133726686071,0.07929508680010014,0.0,4.518469228299022e-10,0.0,0.0
2019-11-22,0.07548735622248337,4.848569954059639e-12,0.08016383758977201,0.01967812185752156,0.0,0.0,0.08093906852268344,0.0,0.0,0.03069663164777206,0.0,4.283806867684808e-12,2.8148271667491626e-11,0.06688273377904952,0.07586688755324605,0.08244457313368049,0.08237373311447657,0.0,0.08095359179819021,0.0,0.0,0.0,0.0,1.1913301865807003e-11,5.365938679364359e-10,0.0,0.0,0.0740694999335787,6.686371844758047e-12,0.08372375367085709,0.0,0.0,0.0,0.0,0.08724321744884142,0.07947699268765546,0.0,4.477179395652312e-10,0.0,0.0
2019-11-25,0.07630287052064322,4.835457457848079e-12,0.0801365896902613,0.019456964335424824,0.0,0.0,0.08169206293010078,0.0,0.0,0.030936326664721726,0.0,4.32491974200868e-12,2.7590424743759746e-11,0.06595556135341336,0.07464664293483948,0.08295050757520928,0.08212514668410784,0.0,0.08096523608354955,0.0,0.0,0.0,0.0,1.1942298114336353e-11,5.310147952385078e-10,0.0,0.0,0.0750474458807434,6.722310181710839e-12,0.08339779762302797,0.0,0.0,0.0,0.0,0.08739699605330396,0.07898985063332924,0.0,4.508939804833073e-10,0.0,0.0
2019-11-26,0.07642710787386614,4.7521456071422724e-12,0.07920477540696436,0.01934727177346547,0.0,0.0,0.08230641773638646,0.0,0.0,0.030625383791749113,0.0,4.271017225556255e-12,2.6899357150490913e-11,0.06511174885468446,0.07426521854130168,0.08326488441404836,0.08204530779502055,0.0,0.08148806642614358,0.0,0.0,0.0,0.0,1.1969462811943404e-11,5.327719108605079e-10,0.0,0.0,0.0755741250750889,6.5338401721683524e-12,0.08477049561141932,0.0,0.0,0.0,0.0,0.08649428288689634,0.07907491277924446,0.0,4.4652325815900555e-10,0.0,0.0
2019-11-27,0.07695988504225827,4.697288976023796e-12,0.07916221931954842,0.01927738552689938,0.0,0.0,0.0832268490527591,0.0,0.0,0.030825939058416747,0.0,4.3519166688053304e-12,2.6925946138228343e-11,0.06536198527575363,0.074321767332647,0.082942607908852,0.08176323286505391,0.0,0.08117619259042165,0.0,0.0,0.0,0.0,1.2185949955036761e-11,5.268199165719767e-10,0.0,0.0,0.07517266152291892,6.6205782093929305e-12,0.08519891791014336,0.0,0.0,0.0,0.0,0.08526580412406906,0.07934455145192283,0.0,4.3673441747157387e-10,0.0,0.0
2019-11-28,0.07722779596581758,4.611954053074041e-12,0.0802186632277178,0.01917255104322797,0.0,0.0,0.08291710630110243,0.0,0.0,0.030692866176420253,0.0,4.354973779245458e-12,2.787667214619278e-11,0.0644545234099389,0.0741811622127767,0.0822802017945668,0.08187204253929459,0.0,0.08055254178786703,0.0,0.0,0.0,0.0,1.2524125322912335e-11,5.277016910813811e-10,0.0,0.0,0.07532434985895997,6.4339576872624365e-12,0.08623700311428388,0.0,0.0,0.0,0.0,0.08542020196364067,0.07944898958989954,0.0,4.3098283622265624e-10,0.0,0.0
2019-11-29,0.07619462842218988,4.611420994458258e-12,0.08009496881924513,0.01932234511193346,0.0,0.0,0.08276249973972713,0.0,0.0,0.030913704554706146,0.0,4.332160237021492e-12,2.7079860775182923e-11,0.06529818649467575,0.07486810326942404,0.08099274919621499,0.08211614841043398,0.0,0.08011179870379477,0.0,0.0,0.0,0.0,1.286929981301615e-11,5.318409334082877e-10,0.0,0.0,0.07541639036831989,6.366226273787363e-12,0.08656616436762413,0.0,0.0,0.0,0.0,0.08614720270092131,0.07919510882851295,0.0,4.251768231041636e-10,0.0,0.0
2019-12-02,0.06000000006683544,0.0,0.07999999999808255,1.5280288030114668e-12,0.0,0.0,0.0799999999522036,0.0,0.0,0.07999999999409974,0.0,0.03999999942642932,0.07999999999763889,0.07999999999701751,0.07999999999847328,0.07999999993994536,0.07999999999641091,0.0,0.020000000002331274,0.0,0.0,0.0,0.0,1.621264557032115e-12,5.763134316540363e-10,0.0,1.7745391945872653e-12,0.07999999999683785,0.0,9.940904144589053e-12,0.0799999999895147,0.0,0.0,0.0,0.0,0.07999999999835739,0.0,5.464387948099488e-11,0.0,0.0
2019-12-03,0.06115059495971197,0.0,0.08002411051285782,1.539983671905091e-12,0.0,0.0,0.07928322650161808,0.0,0.0,0.08137632643693601,0.0,0.03956147878420881,0.08020453993965476,0.0810066742903184,0.07985591319592177,0.07896153531715605,0.07893280061198166,0.0,0.019856276321057027,0.0,0.0,0.0,0.0,1.5923348170252702e-12,5.725121940666886e-10,0.0,1.775435599181282e-12,0.08117042648424694,0.0,1.0071719421875767e-11,0.07827390869798821,0.0,0.0,0.0,0.0,0.08034218730433391,0.0,5.451678056776465e-11,0.0,0.0
2019-12-04,0.06116216232525523,0.0,0.08044792872144596,1.5459856138509671e-12,0.0,0.0,0.08010648344064163,0.0,0.0,0.08126375451450063,0.0,0.039633886240793295,0.08018217527231197,0.07889396047642976,0.0803310302868566,0.07968452173762156,0.07971791460509603,0.0,0.019765869808226658,0.0,0.0,0.0,0.0,1.5681549542676384e-12,5.72633884422372e-10,0.0,1.764110562855707e-12,0.0797043720975178,0.0,1.0142961601060585e-11,0.07864586660601912,0.0,0.0,0.0,0.0,0.08046007322609336,0.0,5.3535238933583395e-11,0.0,0.0
2019-12-05,0.06159715550226152,0.0,0.08046613084209772,1.548029494765165e-12,0.0,0.0,0.07983907021145613,0.0,0.0,0.08230075541409768,0.0,0.039194838030178196,0.07866348505419811,0.08003781402611641,0.08044868407853135,0.07951781632563124,0.07812001658122539,0.0,0.019729347515513328,0.0,0.0,0.0,0.0,1.6242973590474654e-12,5.748872681023041e-10,0.0,1.7611017411856038e-12,0.08022442315435102,0.0,1.0010376984269988e-11,0.07892403542612443,0.0,0.0,0.0,0.0,0.0809364271947578,0.0,5.3628539826002303e-11,0.0,0.0
2019-12-06,0.061626400339903,0.0,0.07986281054973517,1.56485806330445e-12,0.0,0.0,0.07979448843101905,0.0,0.0,0.0833811992286336,0.0,0.03923625102539551,0.07776825860747741,0.08061276388105935,0.07951220514450036,0.08001973415208022,0.07825884556309942,0.0,0.01935425437251742,0.0,0.0,0.0,0.0,1.6909271324832018e-12,5.763282745568635e-10,0.0,1.757021690041445e-12,0.07979063312379166,0.0,1.0213902154812703e-11,0.07928622769757757,0.0,0.0,0.0,0.0,0.08149592723812542,0.0,5.3529748996230944e-11,0.0,0.0
2019-12-09,0.06069706503920214,0.0,0.07996996588988131,1.5515496388071227e-12,0.0,0.0,0.07901094067143147,0.0,0.0,0.0833138623475867,0.0,0.0397273943227308,0.0774100023711278,0.0814378785691416,0.0791728623629625,0.07993248530125392,0.0787152231833978,0.0,0.019262194631888427,0.0,0.0,0.0,0.0,1.7011323130430864e-12,5.759247281901615e-10,0.0,1.7854935657000206e-12,0.0798082420529927,0.0,1.0193146731480906e-11,0.07942553569570968,0.0,0.0,0.0,0.0,0.08211634691613683,0.0,5.340015579497256e-11,0.0,0.0
2019-12-10,0.06151940817804735,0.0,0.0793685719970882,1.5472278196547714e-12,0.0,0.0,0.07866485625550243,0.0,0.0,0.08272064272407882,0.0,0.039772510992406584,0.07691522749176465,0.08079213121366721,0.08136870892407191,0.08043343804224895,0.07908571029065294,0.0,0.019392659664164036,0.0,0.0,0.0,0.0,1.6860132904189815e-12,5.894415284248604e-10,0.0,1.7808537140068975e-12,0.07831464521726456,0.0,1.0213857463218527e-11,0.07869202779491533,0.0,0.0,0.0,0.0,0.0829594605550268,0.0,5.443062176575759e-11,0.0,0.0
2019-12-11,0.06325459364857106,0.0,0.08018499528628294,1.5568165313888517e-12,0.0,0.0,0.07886246249164106,0.0,0.0,0.08134018737189214,0.0,0.03987440123025847,0.07861052100787262,0.07830741905351929,0.0812304223098742,0.07987387900823592,0.0785000035004497,0.0,0.019388819162186308,0.0,0.0,0.0,0.0,1.7072346961889213e-12,5.969788078488458e-10,0.0,1.8235038551570138e-12,0.07808246753223973,0.0,1.0433521260936677e-11,0.07888670417246865,0.0,0.0,0.0,0.0,0.08360312355744817,0.0,5.455981109737685e-11,0.0,0.0
2019-12-12,0.06260181948911482,0.0,0.08106680108688996,1.562349475598019e-12,0.0,0.0,0.07897362233927628,0.0,0.0,0.081042258996237,0.0,0.039800734619690435,0.07832904406028368,0.07937805367894188,0.08089071580718449,0.08041901118114536,0.07803607054041475,0.0,0.018924514785922296,0.0,0.0,0.0,0.0,1.7278499332495814e-12,5.996003503817119e-10,0.0,1.8239757762072273e-12,0.07686334881655636,0.0,1.048542858535745e-11,0.07929498854418,0.0,0.0,0.0,0.0,0.08437901538368933,0.0,5.527326753147014e-11,0.0,0.0
2019-12-13,0.062055499854951325,0.0,0.08202416055897045,1.5640695669002535e-12,0.0,0.0,0.07942077066798699,0.0,0.0,0.0803265972469695,0.0,0.0394906120964191,0.07695975087987868,0.07887342484507802,0.08220121961254609,0.08118437849670274,0.0772633567641633,0.0,0.018760794943313567,0.0,0.0,0.0,0.0,1.7655012859158336e-12,6.003968671852361e-10,0.0,1.7959124834425317e-12,0.07630130221048925,0.0,1.0563116200655538e-11,0.07949427984448314,0.0,0.0,0.0,0.0,0.08564385130579948,0.0,5.61626766444849e-11,0.0,0.0
2019-12-16,0.0636012703694351,0.0,0.08263869491801866,1.5593843628443449e-12,0.0,0.0,0.07840878099417942,0.0,0.0,0.08075731564008908,0.0,0.03973335883464162,0.07711832674626393,0.0783325879488135,0.08117958079628691,0.081549828239829,0.07701048003699891,0.0,0.01871885411938872,0.0,0.0,0.0,0.0,1.7620581056485864e-12,6.040233877268047e-10,0.0,1.8023086834853183e-12,0.07640460314841627,0.0,1.0759664493046636e-11,0.07913810989897074,0.0,0.0,0.0,0.0,0.08540820763177659,0.0,5.698447303471098e-11,0.0,0.0
2019-12-17,0.0642781840208246,0.0,0.08241145305237235,1.56809805411262e-12,0.0,0.0,0.07883552428073401,0.0,0.0,0.0813513479777723,0.0,0.03983088362206128,0.07850467371182336,0.07829023878403654,0.07997465705413678,0.08106529681551676,0.07722625057047683,0.0,0.01858410407864217,0.0,0.0,0.0,0.0,1.719797113820796e-12,6.033914625502969e-10,0.0,1.7771399945152314e-12,0.0763502944588058,0.0,1.0602425437845728e-11,0.07794689279563358,0.0,0.0,0.0,0.0,0.08535019810276405,0.0,5.534031154078256e-11,0.0,0.0
2019-12-18,0.06545574263574495,0.0,0.0823580614718117,1.5862751149943143e-12,0.0,0.0,0.07808346452410873,0.0,0.0,0.08202906085967326,0.0,0.0404302673260056,0.07887818372648678,0.07973795021951205,0.07836304622739848,0.0800423275195877,0.07800484929309782,0.0,0.01846581350728175,0.0,0.0,0.0,0.0,1.7412578066905508e-12,6.039711787198204e-10,0.0,1.7782399358798192e-12,0.07686070784195266,0.0,1.07149089352439e-11,0.07709950124188583,0.0,0.0,0.0,0.0,0.08419102293015901,0.0,5.550141515403563e-11,0.0,0.0
2019-12-19,0.06698150379855267,0.0,0.08242565067775004,1.598458897041961e-12,0.0,0.0,0.07772475511297439,0.0,0.0,0.08047887068904054,0.0,0.041058533127178554,0.07821193403198815,0.07762960500958623,0.07857669959804013,0.08014090473524835,0.07916899306201802,0.0,0.0184879010121962,0.0,0.0,0.0,0.0,1.7565798417278904e-12,6.048045535036382e-10,0.0,1.802180773534037e-12,0.07693222183003823,0.0,1.0706408370178356e-11,0.07742297693983548,0.0,0.0,0.0,0.0,0.08475944969888874,0.0,5.599569336350543e-11,0.0,0.0
2019-12-20,0.06602152565355408,0.0,0.08238443423775671,1.5790081199532046e-12,0.0,0.0,0.07854057913891979,0.0,0.0,0.07961335036538802,0.0,0.041424511637380784,0.07820561341409175,0.07730363659688946,0.07749164885525311,0.07984345725079707,0.08050469859085307,0.0,0.018507759329653112,0.0,0.0,0.0,0.0,1.7526842695412187e-12,5.959166954390609e-10,0.0,1.834712428895191e-12,0.07705327947341872,0.0,1.0791775143152115e-11,0.07755760546085094,0.0,0.0,0.0,0.0,0.08554789932779047,0.0,5.5527570277515645e-11,0.0,0.0
2019-12-23,0.06393875197306022,0.0,0.0825472580843863,1.5796237966908727e-12,0.0,0.0,0.07808896670103109,0.0,0.0,0.07845385751523534,0.0,0.0415513433663689,0.07993277579631612,0.07836050968314745,0.07759327737983185,0.07955819914570819,0.08141041685044899,0.0,0.0187184838690415,0.0,0.0,0.0,0.0,1.7537714771919478e-12,5.973702797547785e-10,0.0,1.83489198209526e-12,0.07699375490034596,0.0,1.0569361710311792e-11,0.07758395745109928,0.0,0.0,0.0,0.0,0.08526844661615739,0.0,5.471303949102134e-11,0.0,0.0
2019-12-24,0.06367439183343011,0.0,0.08306120140049134,1.5612834703373753e-12,0.0,0.0,0.07875214051090684,0.0,0.0,0.07747797657857589,0.0,0.041786097552470126,0.08218802010145113,0.07848157359218114,0.07769127019884955,0.07884305043804946,0.0806011685724029,0.0,0.01855854371982438,0.0,0.0,0.0,0.0,1.7413713701025783e-12,5.901127961436323e-10,0.0,1.85191712078939e-12,0.07732075260552268,0.0,1.0548528629769449e-11,0.07666343194451006,0.0,0.0,0.0,0.0,0.08490038029238828,0.0,5.3129798996082274e-11,0.0,0.0
2019-12-25,0.06303915319940541,0.0,0.08305016235086378,1.5724323249971236e-12,0.0,0.0,0.07912457210980063,0.0,0.0,0.0784890376312867,0.0,0.042387275904161775,0.08359766713098218,0.08056055196487831,0.07711645579208494,0.07851171096225106,0.07968582843625269,0.0,0.018714811458216744,0.0,0.0,0.0,0.0,1.8114195350723066e-12,5.948908925397793e-10,0.0,1.8150318630830176e-12,0.07596044307376722,0.0,1.0369748988286603e-11,0.0764871019878588,0.0,0.0,0.0,0.0,0.08327522733371494,0.0,5.40147916764832e-11,0.0,0.0
2019-12-26,0.06134798606661621,0.0,0.08367859858192839,1.5727023000331602e-12,0.0,0.0,0.07819540393346579,0.0,0.0,0.07931416246065857,0.0,0.04169107915107552,0.08480811322561914,0.08022175982099648,0.07715034191113289,0.07873345218879133,0.07930411076308405,0.0,0.01857137253433495,0.0,0.0,0.0,0.0,1.7510928226503621e-12,6.017895532347742e-10,0.0,1.7858389005978042e-12,0.0775540226433717,0.0,1.0215856072735736e-11,0.07766624733625956,0.0,0.0,0.0,0.0,0.08176334871069631,0.0,5.485342386689017e-11,0.0,0.0
2019-12-27,0.06224321171763714,0.0,0.08438341251988754,1.5656360033057272e-12,0.0,0.0,0.07774491468533312,0.0,0.0,0.07941105725227052,0.0,0.041807020465235975,0.08323391545755643,0.08097041963462082,0.07766490213051437,0.07878054117733299,0.07899913279345434,0.0,0.018434723099007597,0.0,0.0,0.0,0.0,1.6865523184916727e-12,5.981125076524573e-10,0.0,1.7692724944838346e-12,0.07632126314615185,0.0,1.0055984296523402e-11,0.07840843255729607,0.0,0.0,0.0,0.0,0.08159705269544082,0.0,5.506977144873088e-11,0.0,0.0
2019-12-30,0.06213977169279857,0.0,0.0846195586240022,1.5846498610286192e-12,0.0,0.0,0.07923520969353945,0.0,0.0,0.07608304048261114,0.0,0.04218807388528135,0.08515673184776726,0.08248064595167988,0.07628195479234534,0.07756066826077196,0.07975469973548625,0.0,0.018650099607128854,0.0,0.0,0.0,0.0,1.6906318861703703e-12,5.951014275543419e-10,0.0,1.8117767715039697e-12,0.07574854828245603,0.0,9.923457222427151e-12,0.07836500508917815,0.0,0.0,0.0,0.0,0.08173599139105077,0.0,5.379015216731252e-11,0.0,0.0
2019-12-31,0.0620150838720106,0.0,0.08422975360026522,1.5757019191617121e-12,0.0,0.0,0.07918149307178314,0.0,0.0,0.07652922246713674,0.0,0.04199978976886452,0.08434027355565431,0.08382761956644215,0.07613014457128037,0.07742097666440509,0.07965131047368298,0.0,0.01817653790241396,0.0,0.0,0.0,0.0,1.6966556173243745e-12,5.897581298219233e-10,0.0,1.8230401261171817e-12,0.07510240849311903,0.0,9.973657422161589e-12,0.08052461322792323,0.0,0.0,0.0,0.0,0.08087077210671562,0.0,5.347523152822984e-11,0.0,0.0
2020-01-01,0.04000000107948643,1.8561473099220381e-10,0.07999999999127921,1.780002723144404e-11,0.0,0.0,0.07999999999269704,0.0,0.0,0.07999999998455731,0.0,1.2910376579581282e-11,9.357675835992757e-13,0.019999999960851285,0.07999999998969023,0.07999999998825273,0.07999999998980017,0.0,0.0799999999969095,0.0,0.0,0.0,0.0,6.561186535538559e-12,7.074093057879909e-10,0.0,0.07999999866546151,0.07999999999431828,0.0,0.07999999999144802,0.0,0.0,1.4313045287913446e-10,0.0,0.05999999929056306,0.07999999999883958,0.0,0.0,1.1483724230689606e-11,0.0
2020-01-02,0.039788142729981504,1.8733630323645652e-10,0.07972012431015875,1.7649599194084195e-11,0.0,0.0,0.08052041088415501,0.0,0.0,0.07922935048940012,0.0,1.2686820409480314e-11,9.216519253681605e-13,0.0198456700503695,0.08004155876506641,0.08062483068549729,0.079349052778688,0.0,0.07854084674500869,0.0,0.0,0.0,0.0,6.618015435047006e-12,7.088112641411872e-10,0.0,0.07938559262637916,0.07872162406316974,0.0,0.08132497160182046,0.0,0.0,1.4326400580597993e-10,0.0,0.061149055928655965,0.08175876725297894,0.0,0.0,1.1382777212260829e-11,0.0
2020-01-03,0.03894088572438798,1.8881388728542068e-10,0.0809038420425647,1.7767140550069554e-11,0.0,0.0,0.07966862808497546,0.0,0.0,0.07986321788798775,0.0,1.2834544295168597e-11,9.341592793941217e-13,0.02009960099222123,0.07859546905827866,0.08035103478742436,0.08007513886352227,0.0,0.07896810646682377,0.0,0.0,0.0,0.0,6.519090654717345e-12,7.09109136071855e-10,0.0,0.07782628244275952,0.07927533521634719,0.0,0.082348724447844,0.0,0.0,1.4594575351929292e-10,0.0,0.06115328767650955,0.08193044521498513,0.0,0.0,1.1444686217950246e-11,0.0
2020-01-06,0.0392470303572203,1.866429789305909e-10,0.08116160748862185,1.7837643920494644e-11,0.0,0.0,0.080036186109268,0.0,0.0,0.08148416434806105,0.0,1.3020271314067047e-11,9.312345701966235e-13,0.02006346154935601,0.07977108092131659,0.07986611730014222,0.07965119644742862,0.0,0.08018484105395371,0.0,0.0,0.0,0.0,6.522209843704814e-12,7.014914866419318e-10,0.0,0.07818558400447075,0.07839086988011139,0.0,0.079976613265917,0.0,0.0,1.469502023824192e-10,0.0,0.06108415992073473,0.08089708626850135,0.0,0.0,1.1500445792153461e-11,0.0
2020-01-07,0.039570422824063305,1.8570808592702625e-10,0.08112532398622917,1.7830260433322722e-11,0.0,0.0,0.08091946922816531,0.0,0.0,0.0833001108219104,0.0,1.3215345199285093e-11,9.496465313011492e-13,0.019748996760879076,0.08063518852739035,0.08019881745450168,0.07927841465752787,0.0,0.08008244330844261,0.0,0.0,0.0,0.0,6.360453481253739e-12,7.148310441837412e-10,0.0,0.07807466592106042,0.0765594451881748,0.0,0.0790211176575904,0.0,0.0,1.4400536472313224e-10,0.0,0.06158362243987134,0.0799019601297134,0.0,0.0,1.1579656028700996e-11,0.0
2020-01-08,0.03941659017297096,1.8536997535235978e-10,0.08128797994804877,1.7663932381558854e-11,0.0,0.0,0.0804114669123644,0.0,0.0,0.08418322508310316,0.0,1.2969503912850363e-11,9.577802761581982e-13,0.01922382524778146,0.08120777322898935,0.07972521508566473,0.07864353283752477,0.0,0.08052687805119717,0.0,0.0,0.0,0.0,6.366578030302096e-12,7.17827440700785e-10,0.0,0.07872819034871825,0.0763874356677778,0.0,0.07957601512169021,0.0,0.0,1.466893486409994e-10,0.0,0.061708853862343135,0.0789730173324219,0.0,0.0,1.1559407406479708e-11,0.0
2020-01-09,0.039429555827970766,1.8999376279896418e-10,0.0818944059612254,1.75414190618287e-11,0.0,0.0,0.08115720895715026,0.0,0.0,0.08264737341871464,0.0,1.304150995854121e-11,9.60382896696532e-13,0.01920572629217034,0.08103136285659966,0.08019920803181824,0.07881343200885019,0.0,0.07997490010154934,0.0,0.0,0.0,0.0,6.486848223232405e-12,7.183254365231143e-10,0.0,0.07811923899461444,0.07758735283791804,0.0,0.07920581285313813,0.0,0.0,1.478189027259533e-10,0.0,0.06166739407273899,0.07906702667996873,0.0,0.0,1.1404523975455588e-11,0.0
2020-01-10,0.04003918504347885,1.9232197888814145e-10,0.08185460018223897,1.7461557678716806e-11,0.0,0.0,0.08024683928734073,0.0,0.0,0.08102865213429288,0.0,1.307948967589376e-11,9.448935509485517e-13,0.01930066945831986,0.0816971563025546,0.08124955957987298,0.07942018777532817,0.0,0.07992798035612979,0.0,0.0,0.0,0.0,6.577774039672483e-12,7.194063123768277e-10,0.0,0.07694823323984759,0.07551264287794066,0.0,0.08086856913151673,0.0,0.0,1.4467664345523096e-10,0.0,0.0619089610838565,0.07999676244126123,0.0,0.0,1.155171902728648e-11,0.0
2020-01-13,0.039654017117657175,1.879910293431062e-10,0.08185474048571866,1.7271484097122875e-11,0.0,0.0,0.08061499898669114,0.0,0.0,0.08071103043786232,0.0,1.2899472834594441e-11,9.331923400459397e-13,0.019377800456664433,0.08130637028129006,0.08174622492417692,0.07860826486202832,0.0,0.08015444059130357,0.0,0.0,0.0,0.0,6.552766121285574e-12,7.227450979419079e-10,0.0,0.07724483580422052,0.07502037898608084,0.0,0.08167515845062515,0.0,0.0,1.4530714187129866e-10,0.0,0.062196696688535384,0.07983504082218926,0.0,0.0,1.1256025512048751e-11,0.0
2020-01-14,0.04036064432906073,1.868671209881239e-10,0.08120937364677412,1.6937005682896224e-11,0.0,0.0,0.08149544293441775,0.0,0.0,0.07880687316396752,0.0,1.2810923563822403e-11,9.376153776612236e-13,0.019356623831220263,0.08093830435271107,0.08292374290923449,0.07896047969621708,0.0,0.07991426560121077,0.0,0.0,0.0,0.0,6.376690364068448e-12,7.20401216181235e-10,0.0,0.07730726834313874,0.07486372438425522,0.0,0.08086897575559282,0.0,0.0,1.517114264184169e-10,0.0,0.062129443726600536,0.08086483621858451,0.0,0.0,1.097221018573415e-11,0.0
2020-01-15,0.04031921270211435,1.853461808015808e-10,0.0812124155567787,1.6933759531246546e-11,0.0,0.0,0.08123058581952237,0.0,0.0,0.07925358764917736,0.0,1.322942796771294e-11,9.522334773784034e-13,0.020094670000706603,0.08057031965114111,0.0836198070360955,0.07821425476933247,0.0,0.07999471437154909,0.0,0.0,0.0,0.0,6.466352012015304e-12,7.153316852025595e-10,0.0,0.07547933693872191,0.07505475737546821,0.0,0.08025499285734207,0.0,0.0,1.512196166435968e-10,0.0,0.06302778939328282,0.08167355477830006,0.0,0.0,1.0987905208644126e-11,0.0
2020-01-16,0.040163981035694504,1.8068004677590033e-10,0.08166568265259955,1.7071005373568466e-11,0.0,0.0,0.08089247852483394,0.0,0.0,0.0797302089438306,0.0,1.3242946822364157e-11,9.509531329124376e-13,0.019989567003557553,0.0817382325492086,0.08262153275624834,0.07796908575528087,0.0,0.0804202176541732,0.0,0.0,0.0,0.0,6.2788175890210926e-12,7.169161630752727e-10,0.0,0.07548184616125955,0.07456488406118797,0.0,0.07979478240425156,0.0,0.0,1.5173058155392343e-10,0.0,0.06387407705058068,0.08109342234939514,0.0,0.0,1.1027250441435041e-11,0.0
2020-01-17,0.04016323678735927,1.8249109403342503e-10,0.0823654626620394,1.6843499357692417e-11,0.0,0.0,0.08085040428354269,0.0,0.0,0.08105446697167637,0.0,1.313604819128657e-11,9.308444440236563e-13,0.020409064235498996,0.08077797121031309,0.08303304847754735,0.07837112352146837,0.0,0.0807795140030624,0.0,0.0,0.0,0.0,6.283174664253772e-12,7.12990083895344e-10,0.0,0.07314705341979535,0.07465835346677646,0.0,0.07930402652805897,0.0,0.0,1.526760084807379e-10,0.0,0.06372701553600589,0.08135925780061416,0.0,0.0,1.0890266151750932e-11,0.0
2020-01-20,0.040729987659304245,1.822726937626706e-10,0.08243589358720244,1.715902239738805e-11,0.0,0.0,0.07978261852869278,0.0,0.0,0.08082737749191676,0.0,1.3181085533433364e-11,9.119697052605947e-13,0.020604555226958945,0.08083443649595076,0.08340483266784428,0.07774224896742081,0.0,0.08239184190346997,0.0,0.0,0.0,0.0,6.243297574400668e-12,7.125222212440942e-10,0.0,0.07329464500345459,0.07497747577780907,0.0,0.0786844868569709,0.0,0.0,1.5531119928325384e-10,0.0,0.06349517365197631,0.08079442508256618,0.0,0.0,1.0860407092041053e-11,0.0
2020-01-21,0.0403884517738181,1.8518870463962709e-10,0.0825882818856957,1.7359971198759273e-11,0.0,0.0,0.0796342773706187,0.0,0.0,0.08130160987807465,0.0,1.3430724408181581e-11,9.01195192188967e-13,0.02070722273407014,0.07995228526329784,0.08206018893461023,0.07802834075902923,0.0,0.08232382812696269,0.0,0.0,0.0,0.0,5.992649889436879e-12,7.121389695258756e-10,0.0,0.07399340480201846,0.07535673717496777,0.0,0.07946157846016358,0.0,0.0,1.5511067691444579e-10,0.0,0.06338732012355126,0.0808164716120234,0.0,0.0,1.0975200673244141e-11,0.0
2020-01-22,0.040497825904841245,1.8428958965541827e-10,0.08401400746646645,1.7219630722503132e-11,0.0,0.0,0.07925390994933725,0.0,0.0,0.07957051957887686,0.0,1.3327252279201897e-11,9.342692413324465e-13,0.020656688921071566,0.08024094703511496,0.08151882065025094,0.07751182438297131,0.0,0.08296172427785521,0.0,0.0,0.0,0.0,6.0931190631612215e-12,7.081355731347671e-10,0.0,0.07567162440716102,0.07557472040346833,0.0,0.08001687006762995,0.0,0.0,1.5279568901685245e-10,0.0,0.06301273785428761,0.0794977780067862,0.0,0.0,1.1085905461987568e-11,0.0
2020-01-23,0.04046736629446932,1.8312189527899468e-10,0.08455241745997782,1.7303284390752758e-11,0.0,0.0,0.07877379287339374,0.0,0.0,0.07905451758021588,0.0,1.336821352960258e-11,9.589207244935847e-13,0.02060113699062392,0.08045769022164581,0.08173197365975897,0.07700702863436525,0.0,0.08276915439520412,0.0,0.0,0.0,0.0,5.841505913547291e-12,7.097793532315299e-10,0.0,0.07572424703323741,0.07636197443430161,0.0,0.08045775535319453,0.0,0.0,1.5420847719992428e-10,0.0,0.06307430112723557,0.078966642846621,0.0,0.0,1.1173404366621732e-11,0.0
2020-01-24,0.04037222553482493,1.8288429343794704e-10,0.08513562664866778,1.7407271578145833e-11,0.0,0.0,0.08032303334231612,0.0,0.0,0.07923756840369697,0.0,1.3179752154873117e-11,9.77730899331926e-13,0.02057659259564451,0.07908508286485647,0.08244294793436341,0.07716110613507646,0.0,0.08282674540493327,0.0,0.0,0.0,0.0,5.83688289883095e-12,7.094911669425633e-10,0.0,0.07587620253052842,0.07601426186890195,0.0,0.07889643801396319,0.0,0.0,1.5293009953114564e-10,0.0,0.06284527834572708,0.07920688928251235,0.0,0.0,1.1279834865085411e-11,0.0
2020-01-27,0.040683688221876485,1.823679020529767e-10,0.08474273222227334,1.7196836389963545e-11,0.0,0.0,0.08022187815457961,0.0,0.0,0.08019831680633951,0.0,1.302601781443537e-11,9.90665229280342e-13,0.020543721535318284,0.07889918414466521,0.08196884495762943,0.07797191652905579,0.0,0.08185531158707808,0.0,0.0,0.0,0.0,6.021061102519331e-12,7.087168434852348e-10,0.0,0.075516313314467,0.07644837995754976,0.0,0.07833651613034336,0.0,0.0,1.5493572515445415e-10,0.0,0.06314494878029861,0.07946824656398828,0.0,0.0,1.1282170503415404e-11,0.0
2020-01-28,0.04091018690089449,1.8677438958188008e-10,0.08308554587598632,1.729322422444687e-11,0.0,0.0,0.0808096812094584,0.0,0.0,0.07960401366039632,0.0,1.3256028952428006e-11,9.803154734040063e-13,0.020516759861578124,0.07859515448646576,0.08222843958378742,0.0789172145064352,0.0,0.08157186334846994,0.0,0.0,0.0,0.0,6.166849899795928e-12,7.012175035709219e-10,0.0,0.0766874948615607,0.07542287700950762,0.0,0.07787739375190719,0.0,0.0,1.5275229785461873e-10,0.0,0.06364588350363186,0.08012749035010798,0.0,0.0,1.137198654801891e-11,0.0
2020-01-29,0.041140539743874674,1.845200188562665e-10,0.08338796185162986,1.7337941313978854e-11,0.0,0.0,0.07982196134918934,0.0,0.0,0.08144954494835187,0.0,1.3285451971800697e-11,9.938271314252197e-13,0.020798682523452117,0.07845807443759593,0.08155998880631585,0.07750587874921085,0.0,0.08228800502210577,0.0,0.0,0.0,0.0,6.1960006867619665e-12,6.962590777067213e-10,0.0,0.07528789686746726,0.07531740652220303,0.0,0.07834622536343175,0.0,0.0,1.553816807532083e-10,0.0,0.0639525867443765,0.0806852459855765,0.0,0.0,1.1244592960313705e-11,0.0
2020-01-30,0.0408939732065933,1.8820950690616088e-10,0.08383219172594598,1.7330776127057022e-11,0.0,0.0,0.07977668497504871,0.0,0.0,0.08221408165431529,0.0,1.3475437962000077e-11,9.907339291385169e-13,0.02080767351552281,0.07982780557180988,0.08112461934939956,0.0782731179935106,0.0,0.08125566833708857,0.0,0.0,0.0,0.0,6.275387794172217e-12,6.975073649061202e-10,0.0,0.07525569854265227,0.07407366098457298,0.0,0.07981739192494006,0.0,0.0,1.5870371603127154e-10,0.0,0.0634645714733865,0.07938285965148367,0.0,0.0,1.1236749913164886e-11,0.0
2020-01-31,0.0409621921020563,1.8402363467120272e-10,0.08274546426987216,1.7417398631586e-11,0.0,0.0,0.07940363106231628,0.0,0.0,0.08290278513469174,0.0,1.339984418602542e-11,1.008412858876247e-12,0.020836627637209795,0.08143718529551683,0.08157446872816575,0.07771716974110358,0.0,0.08046404997803926,0.0,0.0,0.0,0.0,6.095179978340374e-12,6.9852358995916e-10,0.0,0.07432591558893065,0.0736836343217323,0.0,0.07949549754692961,0.0,0.0,1.54804515540998e-10,0.0,0.06263870808731804,0.08181266941963254,0.0,0.0,1.1212426354202663e-11,0.0
2020-02-03,3.1263215733370043e-12,5.552878933118442e-11,0.0799999999960059,0.03436603032075578,0.0,0.0,0.07999999999491857,2.0567479875142537e-11,0.0,0.01581256280279997,0.0,9.066815677668658e-12,0.0,3.572555586251163e-12,2.0083164899129704e-11,0.07999999998505386,0.0799999999963435,0.07999999987474381,0.0,0.0,0.0,0.0,0.0,0.0698214069187226,0.0799999999941038,0.0,0.07999999999316244,0.07999999998741598,0.0,0.07999999998649825,0.0,0.0,4.514607274300127e-11,0.0,0.07999999998949286,0.07999999999692395,3.4905571909398815e-12,0.0,2.089758701023241e-12,3.8718526490133524e-13
2020-02-04,3.033560191451212e-12,5.515926557802319e-11,0.08076947372376539,0.03468242913201206,0.0,0.0,0.08046039328497141,2.0819779695660692e-11,0.0,0.015878942733250367,0.0,9.172503019067994e-12,0.0,3.6022625253469218e-12,1.9949515888851888e-11,0.07947788138451542,0.07980380214251041,0.07955977282639042,0.0,0.0,0.0,0.0,0.0,0.06880062319680336,0.07922771095154961,0.0,0.0815580704146467,0.07939560772696307,0.0,0.08126909135266279,0.0,0.0,4.423357552141639e-11,0.0,0.0798177260347054,0.07929847493337651,3.422723865106337e-12,0.0,2.0941131930190513e-12,3.8975264987804407e-13
2020-02-05,2.9725782628579225e-12,5.444293778933878e-11,0.0818500126782688,0.03452261554097159,0.0,0.0,0.08111326592983327,2.0511201169030423e-11,0.0,0.01607547014509733,0.0,9.15426379854063e-12,0.0,3.603347343154437e-12,1.9686510247473673e-11,0.07975926327894414,0.08000003888652323,0.07955477000882118,0.0,0.0,0.0,0.0,0.0,0.06893762929161182,0.07906747984095398,0.0,0.08082371484504398,0.07952818764558682,0.0,0.08248658292426903,0.0,0.0,4.520259955854613e-11,0.0,0.07902422136619121,0.07725674745642483,3.381708771642977e-12,0.0,2.1239179899256564e-12,3.797029842091354e-13
2020-02-06,2.9849143883544753e-12,5.4765389815265835e-11,0.08285528628819733,0.03479009824349619,0.0,0.0,0.08121746397259082,2.049968892369908e-11,0.0,0.015818513859507794,0.0,9.185866352862571e-12,0.0,3.587198200647732e-12,1.9918793157906774e-11,0.07939481666542185,0.08029966693526505,0.07873614279096022,0.0,0.0,0.0,0.0,0.0,0.0680272903065177,0.07856181168389365,0.0,0.07904097552042444,0.08100546740469594,0.0,0.08391516932999825,0.0,0.0,4.6168794815249685e-11,0.0,0.07999033675169624,0.07634696008434726,3.3663074003724705e-12,0.0,2.131354271023626e-12,3.79038052983668e-13
2020-02-07,2.9764206857909806e-12,5.4297062687494e-11,0.08297940260711958,0.03471148359837132,0.0,0.0,0.08114715594103221,2.0643230529597734e-11,0.0,0.0157769544027968,0.0,9.204434474581422e-12,0.0,3.537060418088674e-12,1.962344816323228e-11,0.07939873444033045,0.08033196001843806,0.08056825478926558,0.0,0.0,0.0,0.0,0.0,0.0672117645141969,0.07818319732000437,0.0,0.07872828096506246,0.080429922630464,0.0,0.0846550401244234,0.0,0.0,4.6528458409273104e-11,0.0,0.08044494540586461,0.07543290307996443,3.353744706132883e-12,0.0,2.1272232809221275e-12,3.7481030044555254e-13
2020-02-10,2.9932969369288714e-12,5.4952041381083365e-11,0.08269465841131649,0.03488159205810692,0.0,0.0,0.08085741916438717,2.094862028415284e-11,0.0,0.015960398372714006,0.0,9.20881574886458e-12,0.0,3.501348202491326e-12,1.9726739066574572e-11,0.08062808086195078,0.08113364291341277,0.07867755581159494,0.0,0.0,0.0,0.0,0.0,0.06719343644673896,0.07794429205164632,0.0,0.07948589057528094,0.0810070398408378,0.0,0.08407067827232258,0.0,0.0,4.587758801886687e-11,0.0,0.07944306039589717,0.0760222546607866,3.297230254994742e-12,0.0,2.1319733989427567e-12,3.6888108325783256e-13
2020-02-11,2.9893256844857095e-12,5.357151170701388e-11,0.08119634114851146,0.03494896815716338,0.0,0.0,0.08172015566486773,2.0689332545310286e-11,0.0,0.015786975425766438,0.0,9.24863409584836e-12,0.0,3.5134797926037577e-12,1.936866530703585e-11,0.080470807336687,0.08156833479222846,0.07810667084956488,0.0,0.0,0.0,0.0,0.0,0.06726567090732552,0.07792138640488629,0.0,0.08007925659844588,0.0807779531608814,0.0,0.08414510597238323,0.0,0.0,4.6493019950936e-11,0.0,0.07936366593519459,0.07664870748444638,3.2855706462751993e-12,0.0,2.1178240251822874e-12,3.6989775907776e-13
2020-02-12,2.9681475056522558e-12,5.336998065380324e-11,0.08202122544038878,0.034604840743268375,0.0,0.0,0.08205956387558036,2.0510115158721245e-11,0.0,0.01590122681613048,0.0,9.094679200661156e-12,0.0,3.4984894324959915e-12,1.8951121690284936e-11,0.0799905518736435,0.08246375159440417,0.0780973422206129,0.0,0.0,0.0,0.0,0.0,0.0676702795869743,0.07793285697060931,0.0,0.0807931734760105,0.07991005351270533,0.0,0.08255935955921605,0.0,0.0,4.593488557537773e-11,0.0,0.07862463064238123,0.07737114352807811,3.2087698119135105e-12,0.0,2.093579620469054e-12,3.66817585542972e-13
2020-02-13,2.9568591769615804e-12,5.4364561769097156e-11,0.08197948208357914,0.0346030908279863,0.0,0.0,0.08241512784783714,2.058203072147336e-11,0.0,0.015547795263930674,0.0,9.110797182514896e-12,0.0,3.4464198385362405e-12,1.871109182029593e-11,0.08085400855363033,0.08272037778851732,0.07940429956460492,0.0,0.0,0.0,0.0,0.0,0.06700392666035619,0.07795057744496232,0.0,0.07957992060092797,0.07939995493189655,0.0,0.08458853123556889,0.0,0.0,4.730514319556285e-11,0.0,0.07724223774197504,0.0767106692920978,3.2303388753068278e-12,0.0,2.0600580639130415e-12,3.620923541388806e-13
2020-02-14,2.9579036128060514e-12,5.570307697648011e-11,0.0821948171827656,0.034345240757359674,0.0,0.0,0.08400704515357009,2.035601361298951e-11,0.0,0.015505882573103235,0.0,8.991411895808452e-12,0.0,3.5000172323460176e-12,1.8636362178378355e-11,0.08079940991658993,0.08243652166675473,0.08037305529638901,0.0,0.0,0.0,0.0,0.0,0.065715349923414,0.0783010819552356,0.0,0.0779300806685803,0.08020173513458058,0.0,0.08410215394826344,0.0,0.0,4.7615199155101994e-11,0.0,0.07758245790069529,0.07650516775927257,3.269597392425894e-12,0.0,2.0267733003311624e-12,3.69627976051302e-13
2020-02-17,2.9749781455196655e-12,5.477803669575085e-11,0.0818245953967823,0.034877715291820946,0.0,0.0,0.0860015946245647,2.0315214988960933e-11,0.0,0.015646828438547134,0.0,9.003942337044454e-12,0.0,3.5663041773367964e-12,1.883554806416895e-11,0.08093529823969611,0.08342803296782896,0.08015078772400908,0.0,0.0,0.0,0.0,0.0,0.06465702489970968,0.07736469280457184,0.0,0.07910425502826682,0.08025665976957767,0.0,0.08360448259004913,0.0,0.0,4.718141148452187e-11,0.0,0.07672805292124123,0.07541997914101216,3.2239684390470224e-12,0.0,2.0788765555762262e-12,3.6409798766906007e-13
2020-02-18,2.9571023193189176e-12,5.4894871051686605e-11,0.08132074250310568,0.03531355160441628,0.0,0.0,0.08643148539608593,2.049931057780013e-11,0.0,0.015648872290312216,0.0,9.028730244136581e-12,0.0,3.630326957194687e-12,1.895465844664718e-11,0.08058771086635566,0.08311421357850254,0.08141301507641453,0.0,0.0,0.0,0.0,0.0,0.06478682313566368,0.07778632478348207,0.0,0.07816538605035875,0.07920765868048397,0.0,0.08531732250035151,0.0,0.0,4.7649178380577323e-11,0.0,0.07582574993593795,0.0750811434352797,3.1916288193428172e-12,0.0,2.0781921758218743e-12,3.6564651942236427e-13
2020-02-19,2.9822745087822106e-12,5.6195568385095425e-11,0.08241149745778134,0.03542305038004559,0.0,0.0,0.08585511815485088,2.0876141548930175e-11,0.0,0.01569981799695922,0.0,8.981196648633173e-12,0.0,3.680045246181822e-12,1.9053032102909256e-11,0.08105782534380442,0.08364254889262536,0.08094382220481951,0.0,0.0,0.0,0.0,0.0,0.06302194843024306,0.07764817453041054,0.0,0.07873257492284601,0.07901613703537992,0.0,0.08514846691601688,0.0,0.0,4.8170719349072514e-11,0.0,0.07588682286790666,0.07551219470065242,3.2340264525357747e-12,0.0,2.1220557820509275e-12,3.632900037341121e-13
2020-02-20,2.9794590290812633e-12,5.814408898626101e-11,0.08232280118028061,0.03548032394747188,0.0,0.0,0.08615221318822792,2.0966468896156328e-11,0.0,0.015754215163026074,0.0,8.943633321206427e-12,0.0,3.683465083329324e-12,1.9060210714549624e-11,0.0803545027692328,0.08365442737366459,0.07940677015869393,0.0,0.0,0.0,0.0,0.0,0.06359697791945036,0.07746270475354791,0.0,0.07997825194782482,0.07955808307845857,0.0,0.08511339122800235,0.0,0.0,4.612206692937331e-11,0.0,0.07619297384089711,0.07497236328559732,3.211390713636401e-12,0.0,2.1535089814507676e-12,3.5959901161647487e-13
2020-02-21,2.948636592501684e-12,5.6793958244264634e-11,0.08200509669074293,0.034895468522524634,0.0,0.0,0.08618113477739574,2.0572677778630624e-11,0.0,0.015775591699570865,0.0,8.892136355244317e-12,0.0,3.6417362748889006e-12,1.884598543838044e-11,0.08022581713348483,0.08482217230352969,0.08027031062462199,0.0,0.0,0.0,0.0,0.0,0.06340793879708793,0.07724169477472084,0.0,0.08016673444690266,0.07904160447889534,0.0,0.0852754564047713,0.0,0.0,4.685879296300084e-11,0.0,0.0768348097022272,0.07385616947924017,3.2438790966684974e-12,0.0,2.1280578525565185e-12,3.5823566293951247e-13
2020-02-24,2.965191588142178e-12,5.598868875456239e-11,0.0812572651208868,0.035058173573543204,0.0,0.0,0.08635154632794526,2.052534368507985e-11,0.0,0.01576644673326015,0.0,8.928746894057944e-12,0.0,3.677199131673169e-12,1.903550379582129e-11,0.08029096433396675,0.08352365895022405,0.08088656415266661,0.0,0.0,0.0,0.0,0.0,0.06277196078539907,0.07783936891939094,0.0,0.08187077998045682,0.07855596549877109,0.0,0.0847261243300864,0.0,0.0,4.661962755909604e-11,0.0,0.07681537468923587,0.07428580644062283,3.292323980074165e-12,0.0,2.1599361170722432e-12,3.5178248199943923e-13
2020-02-25,2.9816405956412705e-12,5.6143323761521696e-11,0.08042208138465293,0.03547430644350297,0.0,0.0,0.08634350881374109,2.016133651497255e-11,0.0,0.015692645195311907,0.0,9.105955424832003e-12,0.0,3.7210673015987415e-12,1.9315284531172992e-11,0.0807872187503877,0.08386817829188647,0.08078329494031558,0.0,0.0,0.0,0.0,0.0,0.06296144261507479,0.07791805945976739,0.0,0.08394670422953326,0.07715082222554139,0.0,0.08311040800896666,0.0,0.0,4.5924305914171054e-11,0.0,0.07703803142438669,0.07450329805370001,3.346771461410937e-12,0.0,2.1832380213424246e-12,3.483943459815e-13
2020-02-26,2.958829676223711e-12,5.6189656337269987e-11,0.08092957570728115,0.035622146555958537,0.0,0.0,0.08598455351683865,2.003893152488897e-11,0.0,0.015504968406663319,0.0,9.285791391149374e-12,0.0,3.835973688660859e-12,1.9482803286722077e-11,0.08123351274947052,0.08398597463761756,0.08041093721951302,0.0,0.0,0.0,0.0,0.0,0.06232121687387155,0.07807973424499706,0.0,0.08292857991309187,0.07894898726451086,0.0,0.0829104846780002,0.0,0.0,4.5623889009004865e-11,0.0,0.07719190059598807,0.07394742747294109,3.3462579184301595e-12,0.0,2.151410510038452e-12,3.4311136410142507e-13
2020-02-27,3.0058380466698295e-12,5.615296819333293e-11,0.08237546268746783,0.035438099427079706,0.0,0.0,0.08573096984054156,2.067485622548353e-11,0.0,0.015609574427282107,0.0,9.127210069880832e-12,0.0,3.7275666219434365e-12,1.9425124035222088e-11,0.08078062900000231,0.08327297492094263,0.08094658142274407,0.0,0.0,0.0,0.0,0.0,0.06256774506480192,0.07850794274293721,0.0,0.08142446438572137,0.08183711394920208,0.0,0.08132357617383465,0.0,0.0,4.6240182245743135e-11,0.0,0.07708956003310483,0.07309530576020305,3.310999497580762e-12,0.0,2.12876143418421e-12,3.412411576324514e-13
2020-02-28,3.010050430110225e-12,5.5521897090037255e-11,0.08154552050734822,0.03502684351668009,0.0,0.0,0.08605535988412857,2.038287466806107e-11,0.0,0.015694789934189702,0.0,9.138626137281276e-12,0.0,3.625447335207476e-12,1.9887058381148328e-11,0.07977185816484285,0.0823976320396978,0.08065089039896164,0.0,0.0,0.0,0.0,0.0,0.06508850902233826,0.07946196724499031,0.0,0.08166895549847404,0.08109392912030874,0.0,0.08230372682220684,0.0,0.0,4.681549302558139e-11,0.0,0.07664921256509008,0.07259080511656199,3.347800294229504e-12,0.0,2.1039709898563114e-12,3.4777742036022266e-13
2020-03-02,0.049723701002643006,1.0953861953720274e-11,0.07999999999720209,0.03452922138666612,0.0,0.0,0.051742924535338665,6.766055616713598e-12,0.0,5.1366912356419415e-11,3.3620739893385896e-11,0.07999999998709341,3.534452815389147e-13,2.5077432852394384e-12,2.5650057655283228e-11,0.07999999999467564,0.07999999999393127,0.07952869567335265,0.0,1.6989513117347754e-12,0.0,0.0,0.0,0.06547077862293124,0.07999999995862657,0.0,4.596558020986629e-12,0.0,0.0,3.09773055912776e-12,0.0,1.3183673810670354e-12,8.338089437138617e-12,0.0,0.07999999999643946,0.0800000000001167,0.0799999998828383,0.0,8.933681923116529e-13,0.07900467881698298
2020-03-03,0.048720651316671776,1.089248457431226e-11,0.0802583730075342,0.03434750492479298,0.0,0.0,0.05195917525278577,6.681790011201052e-12,0.0,5.134232167040911e-11,3.373685959197313e-11,0.08139059729628437,3.573075194385533e-13,2.5037014142764075e-12,2.5674878614750125e-11,0.08120579128313216,0.08006037953974067,0.07858380979334618,0.0,1.6703709664034708e-12,0.0,0.0,0.0,0.06483441175814868,0.08097832224823467,0.0,4.617746037347104e-12,0.0,0.0,3.0711723237289573e-12,0.0,1.3332851687113708e-12,8.407350567581715e-12,0.0,0.08040373897109036,0.08018032657235152,0.07908862776835612,0.0,8.969324448704886e-13,0.07798829011634426
2020-03-04,0.047528791670643056,1.0960311921980752e-11,0.0801063373441464,0.033700119710525805,0.0,0.0,0.05276672556813672,6.704328022674863e-12,0.0,5.170670605565894e-11,3.342353334214318e-11,0.08108570844939816,3.6338557576574e-13,2.5111724954320626e-12,2.5484779867552107e-11,0.0806663984959469,0.07969193740531189,0.07999186694400619,0.0,1.6997665018688328e-12,0.0,0.0,0.0,0.06543804046916177,0.08177409598627806,0.0,4.565707171459553e-12,0.0,0.0,3.1571973197678698e-12,0.0,1.3358822328537988e-12,8.252709777904281e-12,0.0,0.08042902132423171,0.0802631776365493,0.0805299420942985,0.0,8.857556425631139e-13,0.07602783675031417
2020-03-05,0.047136141541176166,1.1161024225033411e-11,0.08050620888059229,0.033895153002252605,0.0,0.0,0.05253985120070303,6.875216834058777e-12,0.0,5.1223990074550294e-11,3.2695548809753555e-11,0.08157204960617412,3.6386436450279225e-13,2.5518940719096882e-12,2.5751202203027676e-11,0.08049642638995334,0.0806280459717713,0.07983007878309767,0.0,1.697356189353051e-12,0.0,0.0,0.0,0.06518997850467984,0.08195113446091423,0.0,4.538834881549141e-12,0.0,0.0,3.1440525562595612e-12,0.0,1.3432128793422054e-12,8.300348262266194e-12,0.0,0.08014536748276486,0.08001240018489154,0.08074301065906403,0.0,8.903682581292245e-13,0.07535415318142798
2020-03-06,0.04689979205188988,1.1053488806677954e-11,0.08071173790879158,0.033835011679972785,0.0,0.0,0.05218632329255542,6.723780605458108e-12,0.0,5.0223450340632566e-11,3.085295904332845e-11,0.08351192740442454,3.672543965534171e-13,2.5727300784052014e-12,2.5588731393506652e-11,0.07982330069734936,0.08069560972059535,0.0812302389668633,0.0,1.6909270232388275e-12,0.0,0.0,0.0,0.06426009967107264,0.08169702765357903,0.0,4.543659320732718e-12,0.0,0.0,3.136516163373966e-12,0.0,1.3396629349461597e-12,8.257499345069186e-12,0.0,0.08071237481858891,0.07829088924947365,0.08103453422495797,0.0,8.948871714420517e-13,0.07511113251264
2020-03-09,0.04673341770982614,1.1017210340875443e-11,0.08034617641977143,0.03411953596465847,0.0,0.0,0.05212860824285612,6.736652708091238e-12,0.0,5.145155073566314e-11,2.9903085211365086e-11,0.08197118327410882,3.695626447776959e-13,2.5398642045753864e-12,2.5482608749844946e-11,0.07982304764562491,0.07984780747243171,0.08174008223227026,0.0,1.7010445073477524e-12,0.0,0.0,0.0,0.06536678920226474,0.08273358906347283,0.0,4.487594147536512e-12,0.0,0.0,3.1796852278790112e-12,0.0,1.3150701536546266e-12,8.019160601619206e-12,0.0,0.08138747054759471,0.0784453156009292,0.08039824695881463,0.0,8.959090341130568e-13,0.07495872951827702
2020-03-10,0.04657418166185313,1.0980333139632631e-11,0.07917398073981659,0.03422394036584719,0.0,0.0,0.051872014542513625,6.79508820676928e-12,0.0,5.1622146399990613e-11,3.0017126654561504e-11,0.08185938161812899,3.814341293393646e-13,2.5162590115552e-12,2.5375425889750324e-11,0.08045372152070743,0.07943689221034735,0.08360873961637016,0.0,1.6947082549865147e-12,0.0,0.0,0.0,0.06551382724008348,0.08221731381678889,0.0,4.565250346791095e-12,0.0,0.0,3.1573336519818298e-12,0.0,1.2884715605502377e-12,8.347171786168451e-12,0.0,0.08151143428638835,0.07890915790711862,0.07960645853168376,0.0,8.722061672583399e-13,0.07503895579473939
2020-03-11,0.04671499172820246,1.1041260837985569e-11,0.07865726503237434,0.03468376413941935,0.0,0.0,0.05212800329769541,6.714695267302458e-12,0.0,5.2848338722715663e-11,3.062367560256215e-11,0.08234311984381887,3.787912035072731e-13,2.567230711689279e-12,2.5251518993392408e-11,0.08001747538908174,0.07951185268497592,0.0814760411179345,0.0,1.7046784806909389e-12,0.0,0.0,0.0,0.06676221866128455,0.08267328566686834,0.0,4.568640036342016e-12,0.0,0.0,3.1211108396691526e-12,0.0,1.2629342460753992e-12,8.335581815554006e-12,0.0,0.08198637001150501,0.07966990406709085,0.08019959612856363,0.0,8.924626192937241e-13,0.07317611208187402
2020-03-12,0.0467995032367962,1.0796267474438237e-11,0.07861596143495243,0.03419817624495522,0.0,0.0,0.052134652259416756,6.609193152931681e-12,0.0,5.1357772851723757e-11,3.040941803395088e-11,0.08346048125689745,3.8932108022823966e-13,2.4798585957736312e-12,2.486102172284449e-11,0.07919724661916754,0.08008028375846285,0.08121406400506188,0.0,1.6967946752309203e-12,0.0,0.0,0.0,0.06809157280089806,0.08207745512577473,0.0,4.4616164239935685e-12,0.0,0.0,3.046278657248705e-12,0.0,1.235082074388414e-12,8.413003118241911e-12,0.0,0.081655281663106,0.07977573210501336,0.07947404282746601,0.0,8.740472076920991e-13,0.07322554651540182
2020-03-13,0.04540800648822282,1.0802932351846224e-11,0.08023654796860948,0.03396975041310375,0.0,0.0,0.05226849939738463,6.624169182333424e-12,0.0,5.23399473377895e-11,3.073999398346238e-11,0.0842926522262635,3.917374800060623e-13,2.4783756980991104e-12,2.4354895392910387e-11,0.0778105317683933,0.0811748555322948,0.08166905095271829,0.0,1.6364037098503227e-12,0.0,0.0,0.0,0.06710324174737915,0.08148911134265714,0.0,4.499304938888941e-12,0.0,0.0,3.0088866304678123e-12,0.0,1.2622705378292723e-12,8.319938721688162e-12,0.0,0.0807379227674396,0.07939121504829423,0.0815068945218954,0.0,8.880794001375656e-13,0.07294171967799704
2020-03-16,0.045354694958281115,1.0756413109401183e-11,0.07975199918879083,0.03438420384037275,0.0,0.0,0.051810344511599084,6.6456301523291365e-12,0.0,5.260449541549091e-11,2.9994759078752744e-11,0.08462729566729996,3.864412477062546e-13,2.4425241877804707e-12,2.465682007269422e-11,0.07636590964802346,0.08100190981375152,0.082111435224345,0.0,1.6066412264796082e-12,0.0,0.0,0.0,0.06905498872720088,0.08287731670710909,0.0,4.507168032718579e-12,0.0,0.0,3.013502480517748e-12,0.0,1.2454637694624586e-12,8.103919247780706e-12,0.0,0.08056147561995948,0.07793520053109754,0.08218274953387376,0.0,8.912661788244344e-13,0.07198047588144056
2020-03-17,0.046314101409827176,1.0810093937088071e-11,0.08009634940000886,0.03404514820047705,0.0,0.0,0.05239045018954871,6.653310849631689e-12,0.0,5.3056534182220145e-11,2.9778715490176963e-11,0.0837820159132701,3.9707513555603466e-13,2.4481216016349822e-12,2.4460777239103598e-11,0.07742289985350415,0.08081485389709356,0.08019407227049767,0.0,1.5999765970725481e-12,0.0,0.0,0.0,0.06900555235782287,0.08292351562963678,0.0,4.5669620215797254e-12,0.0,0.0,3.002198431163126e-12,0.0,1.2973071703643605e-12,8.109843767792783e-12,0.0,0.07996495092364123,0.07905406663106106,0.08115143032404458,0.0,9.137124999580713e-13,0.07284059285247163
2020-03-18,0.046509402127950676,1.0638332888476987e-11,0.08043669661223972,0.03408839543932844,0.0,0.0,0.051368084058818014,6.785562008433845e-12,0.0,5.281238286144831e-11,2.9974965718935865e-11,0.08347319909592797,3.8926664388451015e-13,2.4252822127143856e-12,2.4097172022068056e-11,0.07692668737858695,0.0796854098394413,0.08112200693300173,0.0,1.598819881971341e-12,0.0,0.0,0.0,0.06995369411891439,0.0833264310335923,0.0,4.47147904478073e-12,0.0,0.0,2.973317211820123e-12,0.0,1.3394030837045053e-12,8.340640876842056e-12,0.0,0.07990786853048006,0.0798870261764786,0.07945928692627974,0.0,9.414682199141164e-13,0.07385581158217203
2020-03-19,0.04705603687450429,1.0808816218579738e-11,0.08010405837404962,0.03434715949713601,0.0,0.0,0.0511452482799348,6.8394795352953775e-12,0.0,5.261764307212554e-11,2.960089839776682e-11,0.08313403358964827,3.8570150821475754e-13,2.4478886354734002e-12,2.3947540413241107e-11,0.07661157491031682,0.07991278091513798,0.081728185908703,0.0,1.5669203010408072e-12,0.0,0.0,0.0,0.0701874040211726,0.08392181685381057,0.0,4.488184103031046e-12,0.0,0.0,3.0375481605252447e-12,0.0,1.3716656613515767e-12,8.10638191443414e-12,0.0,0.08031187307943767,0.07978275799821476,0.0801973828060606,0.0,9.353422182229611e-13,0.07155968674571904
2020-03-20,0.047975144844206244,1.0765413757464897e-11,0.07942058566890342,0.03424928880026637,0.0,0.0,0.05129367880176844,6.791003900120191e-12,0.0,5.3126535330408014e-11,3.008178420839879e-11,0.08202017728216436,3.846776439917771e-13,2.456348213327096e-12,2.3972863317871063e-11,0.07769488076205318,0.07940938082280857,0.08078035223663198,0.0,1.5411931546097261e-12,0.0,0.0,0.0,0.0702117188407159,0.08389291606683857,0.0,4.487540532404837e-12,0.0,0.0,3.0430015202327844e-12,0.0,1.4025450024122407e-12,8.123209702193423e-12,0.0,0.07910093301246067,0.08062507612096834,0.07953712789715656,0.0,9.231525647097044e-13,0.07378873869595814
2020-03-23,0.046724654788619556,1.1123234351843009e-11,0.08018115070170126,0.034283795985188326,0.0,0.0,0.05124219415493673,6.805028576405226e-12,0.0,5.46707078079178e-11,3.0001447666344314e-11,0.0808874770315152,3.942622690141597e-13,2.5054274448849173e-12,2.3573231515217044e-11,0.07813763236420437,0.08083175638535511,0.08092786724299217,0.0,1.5362171527813094e-12,0.0,0.0,0.0,0.06901409020233225,0.08439236432096812,0.0,4.563878104522622e-12,0.0,0.0,3.1168946863770162e-12,0.0,1.4208672100555294e-12,8.26717048079548e-12,0.0,0.07905085893357373,0.08011669507187776,0.08100210311188996,0.0,9.136641579055171e-13,0.07320735955595342
2020-03-24,0.0470007591233736,1.134422602895563e-11,0.07915388415424301,0.03450339620466607,0.0,0.0,0.0510305132585478,6.775537574856914e-12,0.0,5.4034200404012525e-11,2.99426382298092e-11,0.08111385508379233,3.839470850122547e-13,2.5204260841402773e-12,2.3251149396961115e-11,0.07793831312841745,0.08119579981700754,0.08013067303940805,0.0,1.5326770456677882e-12,0.0,0.0,0.0,0.06820269134424414,0.08432207383149501,0.0,4.532807230833635e-12,0.0,0.0,3.075177463494273e-12,0.0,1.4154056992063744e-12,8.110479112105496e-12,0.0,0.07903103399164003,0.07993563837406553,0.08097123060980517,0.0,9.115116384363203e-13,0.0754701378914641
2020-03-25,0.04697103018489867,1.0963467640254142e-11,0.07919106083835774,0.034220572497710836,0.0,0.0,0.05079322171394416,6.745000045937723e-12,0.0,5.544135200843824e-11,2.9037489852695337e-11,0.0799751254170223,3.77666522097362e-13,2.4500967637453963e-12,2.3387586727148122e-11,0.07764859415138246,0.08146741860340409,0.08016117047419549,0.0,1.542371611405582e-12,0.0,0.0,0.0,0.06683431852699438,0.08554504321205973,0.0,4.470447764360802e-12,0.0,0.0,3.1018166105594022e-12,0.0,1.4330007620433156e-12,8.047040777652987e-12,0.0,0.0807968602043077,0.07899485439360994,0.08042382385768586,0.0,9.1126481003014e-13,0.07697690577651815
2020-03-26,0.04625847832316042,1.0975223776431294e-11,0.07934038557695058,0.03486571362010984,0.0,0.0,0.0507450477816852,6.7692627315260484e-12,0.0,5.495211204114332e-11,2.966095854473272e-11,0.07891956440144013,3.793085153499735e-13,2.4296504629579593e-12,2.347650407011215e-11,0.07795112535278105,0.0806189944839684,0.08038633069186037,0.0,1.5424222635733835e-12,0.0,0.0,0.0,0.06782565773203697,0.08624023317887847,0.0,4.5137674342408185e-12,0.0,0.0,3.1751956199633234e-12,0.0,1.4041325935498874e-12,8.120877287934804e-12,0.0,0.08029359112513346,0.07799686614273217,0.08196380211742176,0.0,9.298180423806888e-13,0.07659420932351207
2020-03-27,0.04547906080392915,1.0703342213995324e-11,0.0794117765986163,0.03507487297940553,0.0,0.0,0.05089433971399418,6.717632682475239e-12,0.0,5.453953845315741e-11,2.92497471699781e-11,0.07912711138253355,3.7034696042916696e-13,2.4393444962673178e-12,2.3717195927061792e-11,0.07728734187951415,0.08082681654914259,0.08170836486653717,0.0,1.5327496707482461e-12,0.0,0.0,0.0,0.06756238304341934,0.0859502633169687,0.0,4.480787365408587e-12,0.0,0.0,3.2556021322693194e-12,0.0,1.399162341568782e-12,7.8764022779824e-12,0.0,0.08110095477515789,0.0765267163209127,0.08275934820853267,0.0,9.397118902274666e-13,0.07629064941411462
2020-03-30,0.04595963414104197,1.0694347000239425e-11,0.07920648848430616,0.03533332811470909,0.0,0.0,0.05032969270942835,6.632680652823315e-12,0.0,5.46961831992688e-11,2.8552588182827403e-11,0.08056688817205489,3.6819155280098724e-13,2.4605290843769203e-12,2.365766205973551e-11,0.07677243940835853,0.07974848612539207,0.08257105153410853,0.0,1.5433598206259021e-12,0.0,0.0,0.0,0.068547474956228,0.08509837449805606,0.0,4.492353029202449e-12,0.0,0.0,3.1707008351816053e-12,0.0,1.408536074515756e-12,7.952808402152314e-12,0.0,0.08175406602606738,0.07594801889517645,0.0830802735048141,0.0,9.50414340905149e-13,0.07508378328367814
2020-03-31,0.04532989697925605,1.062501001871123e-11,0.08026014170689408,0.03537447843763448,0.0,0.0,0.050663618408044925,6.6455792680474395e-12,0.0,5.480805467340953e-11,2.694233007133415e-11,0.0812656787211181,3.661809906908233e-13,2.446512966875901e-12,2.379143395216512e-11,0.07734676122470562,0.07963591407627967,0.08377708523795246,0.0,1.558478985310864e-12,0.0,0.0,0.0,0.06815071098982622,0.08453549881203214,0.0,4.42126424535081e-12,0.0,0.0,3.1458280903895307e-12,0.0,1.4078056828743585e-12,8.072018401538664e-12,0.0,0.08223298230379432,0.07540522817780503,0.0829538837361799,0.0,9.514503449655366e-13,0.07306812104329516
2020-04-01,0.03999999998147068,3.4787897412793715e-12,0.07999999999887791,0.019999999808766666,0.0,0.0,0.07999999999866954,2.5307667569011435e-12,0.0,2.139432051748525e-11,9.502375064297961e-12,0.060000010944663694,3.216080831213628e-14,0.07999999999610666,0.07999999999856479,0.07999999999839968,0.07999999999676383,0.07999999999480951,2.0069111273623017e-10,1.3296523928535453e-12,0.0,0.0,0.0,3.531429615521095e-13,0.07999999999303987,0.0,0.07999998905113218,0.0,0.0,4.5045544488602814e-13,0.0,0.0,2.4966208219569015e-12,0.0,0.0799999999982488,0.07999999999683759,4.2672222548159415e-13,0.0,1.2936769086568973e-13,8.331976626186398e-13
2020-04-02,0.03904281876054687,3.3435131446791784e-12,0.08008036708324448,0.02004615596664664,0.0,0.0,0.08001325137669463,2.569823201713484e-12,0.0,2.1591380214753346e-11,9.513349539612133e-12,0.05973582599403966,3.1512875304001847e-14,0.08082516071065846,0.08015708508305545,0.0797292729159906,0.07949607144517011,0.07855414194904088,1.9965654694862491e-10,1.3472638267422195e-12,0.0,0.0,0.0,3.4434587252623003e-13,0.08090708605987083,0.0,0.08050751445795108,0.0,0.0,4.494859980306249e-13,0.0,0.0,2.5056583523729266e-12,0.0,0.08138807957436034,0.07951716837999648,4.272235483912844e-13,0.0,1.291375120041631e-13,8.243196654775945e-13
2020-04-03,0.03890408951315047,3.334391449836164e-12,0.08037351590982346,0.019986594338892827,0.0,0.0,0.08030233413215859,2.583312337129145e-12,0.0,2.115213599051359e-11,9.561013103112363e-12,0.05967583955174029,3.180344839167153e-14,0.08237969556374593,0.07812472135583047,0.07925372644812513,0.08017686039147262,0.07858455004627223,2.0029443065850522e-10,1.3488311487133744e-12,0.0,0.0,0.0,3.3939110229186485e-13,0.08042899952768405,0.0,0.0808531233968519,0.0,0.0,4.4477670119874214e-13,0.0,0.0,2.529235208911814e-12,0.0,0.0807173689861805,0.08023858059506685,4.3374388571032957e-13,0.0,1.3088257147419413e-13,8.207957884203379e-13
2020-04-06,0.03870468681136843,3.338061390723407e-12,0.08041001835565008,0.020235284674938767,0.0,0.0,0.07991612972836712,2.566743680738499e-12,0.0,2.0910531284714114e-11,9.622381516067726e-12,0.05929140567746677,3.208409942003131e-14,0.08346321664624146,0.07728509804309075,0.07920861373367451,0.08045183574318823,0.07856617538102031,2.02074743134258e-10,1.3416581908914513e-12,0.0,0.0,0.0,3.3483667360623466e-13,0.0795868810679266,0.0,0.08367378434986252,0.0,0.0,4.3689931473918205e-13,0.0,0.0,2.5173568967666454e-12,0.0,0.07942049685824124,0.0797863726844145,4.356020250747305e-13,0.0,1.3081943667223103e-13,8.070514819719777e-13
2020-04-07,0.03845673842301732,3.3329536864126197e-12,0.0809965423998708,0.020234025770072852,0.0,0.0,0.08022434369367568,2.5701631355486153e-12,0.0,2.0989753010734103e-11,9.699363161972036e-12,0.05894226810121472,3.214265299558502e-14,0.08430015361775439,0.07725020270976515,0.07916305468972157,0.08037849662958255,0.07791461950808994,2.0176222803522112e-10,1.339206380519869e-12,0.0,0.0,0.0,3.3395012810126933e-13,0.08076730722719574,0.0,0.08284015858918085,0.0,0.0,4.4910926877761187e-13,0.0,0.0,2.5237180121400934e-12,0.0,0.07920747177908685,0.0793246166173454,4.362958784869338e-13,0.0,1.2966611313884876e-13,8.276122344627819e-13
2020-04-08,0.03881792108734178,3.278739293756158e-12,0.08065028190809967,0.020432606432295112,0.0,0.0,0.07921500853924021,2.5799466861909627e-12,0.0,2.0857272672787146e-11,9.718616978625866e-12,0.0592774579222272,3.268500331773e-14,0.08369080170984008,0.07599920867534328,0.07986902308681422,0.08053008131552362,0.07846289807716442,2.041038563023995e-10,1.3410591953412421e-12,0.0,0.0,0.0,3.3323472183741365e-13,0.07999405343582809,0.0,0.08197186869308201,0.0,0.0,4.427956693077595e-13,0.0,0.0,2.521436844813525e-12,0.0,0.07977065246205399,0.08131813640854574,4.3613748315793793e-13,0.0,1.2728362273195748e-13,8.275190992636464e-13
2020-04-09,0.03851377792681514,3.334929302166407e-12,0.07959394086928802,0.0203540614638521,0.0,0.0,0.08051884076019217,2.5876358834892837e-12,0.0,2.0511405271293287e-11,9.750945511902483e-12,0.05907282152849089,3.227357195704324e-14,0.08522415875646054,0.0755766165906008,0.07937201758401619,0.08114200811543992,0.07749101727193128,1.9944673943940403e-10,1.3039364324877931e-12,0.0,0.0,0.0,3.2568683151651704e-13,0.07883285106036231,0.0,0.0833629772822131,0.0,0.0,4.399909345094945e-13,0.0,0.0,2.5272424806110325e-12,0.0,0.07962559426962941,0.08131931627908075,4.396623703113965e-13,0.0,1.2585069862997342e-13,8.011100084414988e-13
2020-04-10,0.038001982763792144,3.3925343241426244e-12,0.07995466941019723,0.020187512914241614,0.0,0.0,0.08039588062000244,2.583397389693453e-12,0.0,1.9883408976399788e-11,1.0073978231394073e-11,0.05893047061421202,3.175388372680693e-14,0.085461593761099,0.07513494354510401,0.0802894762433654,0.08101491484542217,0.07722880764214693,2.0111451309584553e-10,1.2734331778157373e-12,0.0,0.0,0.0,3.2478100050385586e-13,0.07858199140833055,0.0,0.08304898277524062,0.0,0.0,4.4473547932698385e-13,0.0,0.0,2.491149596522425e-12,0.0,0.07944595644079012,0.08232281677308297,4.3898070653116973e-13,0.0,1.2406544400988654e-13,7.960244709949537e-13
2020-04-13,0.03857620129718718,3.4444588334383717e-12,0.08072761581942961,0.020413192009509758,0.0,0.0,0.08053730443272118,2.608298283340971e-12,0.0,1.9837487227090288e-11,9.927647171488683e-12,0.05892197106535018,3.157156312278941e-14,0.08359084467291772,0.07516243880171956,0.08013013572106745,0.08156494958797608,0.07732055303860892,2.00567128519409e-10,1.2713618495489493e-12,0.0,0.0,0.0,3.415663014681022e-13,0.07851330305295809,0.0,0.08322429419400505,0.0,0.0,4.533105696925432e-13,0.0,0.0,2.5008418503808116e-12,0.0,0.07906414930640353,0.08225304675779467,4.3317653756548065e-13,0.0,1.2544893618400306e-13,8.086941946527868e-13
2020-04-14,0.03860209788266041,3.4975006882885446e-12,0.08073125923050326,0.020430757468450515,0.0,0.0,0.08027990479623376,2.6439455375621703e-12,0.0,2.0076884662943502e-11,9.999027165282058e-12,0.05889041614681033,3.110933476864967e-14,0.08371346082733401,0.0762309123034151,0.07913810551776654,0.08151060866112528,0.07838311905226411,2.0189066229298946e-10,1.2959365881911485e-12,0.0,0.0,0.0,3.4699032890849777e-13,0.0786459296082131,0.0,0.082490374508198,0.0,0.0,4.558514631038447e-13,0.0,0.0,2.4749568462519364e-12,0.0,0.07888157906463618,0.08207147468829265,4.3108064927283467e-13,0.0,1.242936309623582e-13,8.285147161647843e-13
2020-04-15,0.038515993266990525,3.5717087273083747e-12,0.0806422520823539,0.020554676793678072,0.0,0.0,0.08030327408532945,2.668847839106741e-12,0.0,2.0179981469365848e-11,1.0103322761244785e-11,0.058380205890977324,3.14765572598991e-14,0.08370624094061094,0.07605271957401637,0.07824291837705641,0.08260732555237654,0.07674069784342918,2.0302200169875883e-10,1.2806644920518914e-12,0.0,0.0,0.0,3.520972498670975e-13,0.07929939046299515,0.0,0.08229317891373628,0.0,0.0,4.653398092047539e-13,0.0,0.0,2.505180526031115e-12,0.0,0.07916758665522375,0.0834935393156761,4.3293451925413325e-13,0.0,1.2363676139567154e-13,8.128137118739283e-13
2020-04-16,0.03917042165127027,3.567907263551889e-12,0.08041450479926111,0.020370744342731565,0.0,0.0,0.07885677301748384,2.6559159321760668e-12,0.0,2.0217282988971777e-11,1.029754147446179e-11,0.0581759899291571,3.0440259222715305e-14,0.08498345966003622,0.07510943796652295,0.07776206468117894,0.08204850962350106,0.07698840113380603,2.0110207370229812e-10,1.2765711155445432e-12,0.0,0.0,0.0,3.4907813067893447e-13,0.07977233754468022,0.0,0.08250970791998387,0.0,0.0,4.660698128194835e-13,0.0,0.0,2.5583627231065977e-12,0.0,0.07991510368246081,0.08392254380401627,4.2875537888476927e-13,0.0,1.2486275479294103e-13,8.347935886803154e-13
2020-04-17,0.03854230879012404,3.644543700234478e-12,0.08076763212346173,0.020367927321085628,0.0,0.0,0.07850009206916062,2.6145131154955034e-12,0.0,2.0297281955953687e-11,9.996079803917758e-12,0.05878496100651279,3.022591159204401e-14,0.08367372494141946,0.07690997289964863,0.07631915626320795,0.08219842685564407,0.07597371429523031,1.9835762717793007e-10,1.255502401384246e-12,0.0,0.0,0.0,3.459442126740445e-13,0.08007298193923083,0.0,0.08404675905710139,0.0,0.0,4.589010191801221e-13,0.0,0.0,2.5817680716575424e-12,0.0,0.080132579332861,0.0837097628643452,4.33815615263916e-13,0.0,1.2345289300835013e-13,8.266831087073085e-13
2020-04-20,0.03850124723816069,3.688542767792797e-12,0.08032806989299966,0.02050443232576187,0.0,0.0,0.07819610795436818,2.5776490048087917e-12,0.0,2.0337156215776274e-11,9.986627389734085e-12,0.05833862011925793,3.05044612661616e-14,0.0860351109301275,0.07752579374927614,0.07647082081178609,0.08211498633944984,0.07466215021981625,2.0097746616520768e-10,1.259677862059821e-12,0.0,0.0,0.0,3.524426869628948e-13,0.08010484678317294,0.0,0.08428893704262476,0.0,0.0,4.61865569090646e-13,0.0,0.0,2.5584601624112963e-12,0.0,0.08077549794591382,0.08215337840365063,4.251004352327998e-13,0.0,1.2603329531759541e-13,8.522224450866216e-13
2020-04-21,0.037999489752948236,3.6059481676782772e-12,0.08136289302006092,0.0204170952335394,0.0,0.0,0.07825934243755756,2.6065212732210156e-12,0.0,2.0025005315353538e-11,1.0124459150434823e-11,0.058471010688996815,3.018780503708094e-14,0.08542850403133982,0.07856962364746375,0.07667476411913844,0.08182541139738063,0.07422621888703641,2.001276846685058e-10,1.2869912381011774e-12,0.0,0.0,0.0,3.5797170996401996e-13,0.08075735578677132,0.0,0.08362382572133345,0.0,0.0,4.595372886529282e-13,0.0,0.0,2.5300893403018084e-12,0.0,0.08118482749704228,0.0811996375368295,4.201852005643381e-13,0.0,1.2420233910262364e-13,8.627520018835416e-13
2020-04-22,0.037683808558558296,3.5987525140667762e-12,0.08108472109726997,0.020383057176698523,0.0,0.0,0.0775795627829947,2.584171232018724e-12,0.0,2.028951455712912e-11,1.0378848289600459e-11,0.057996860198071425,3.0102806770780774e-14,0.08588541509541765,0.07881443208947876,0.0767088491553421,0.08209124109037098,0.0741249180304065,2.017193066546771e-10,1.2960712869347023e-12,0.0,0.0,0.0,3.709614236804101e-13,0.08180118095307883,0.0,0.08282930495990487,0.0,0.0,4.597962935376522e-13,0.0,0.0,2.5481014301659033e-12,0.0,0.08145714768328363,0.08155950088445432,4.135770466876967e-13,0.0,1.2580158787038977e-13,8.546159282556947e-13
2020-04-23,0.038072797698791676,3.542152194990954e-12,0.08030169671652622,0.020533746837418085,0.0,0.0,0.07817615407518733,2.586267421465358e-12,0.0,2.0680940098611613e-11,1.013451327646787e-11,0.05775705943876082,2.9878747479160784e-14,0.0863164563525181,0.07906059257327717,0.0759592132329606,0.08134522464064212,0.07371874075971077,2.0053733043336986e-10,1.2885265940170125e-12,0.0,0.0,0.0,3.7121114013942165e-13,0.08287727614123497,0.0,0.08344112382650327,0.0,0.0,4.627710066538494e-13,0.0,0.0,2.56802235737032e-12,0.0,0.08184208517297877,0.08059783228988761,4.144860327775558e-13,0.0,1.2589166504267796e-13,8.606620579087989e-13
2020-04-24,0.03874517289829224,3.525843273411695e-12,0.07999898735712825,0.020271322391151834,0.0,0.0,0.07781397772251121,2.5744428074565785e-12,0.0,2.0883002674806196e-11,9.886019480483743e-12,0.056587792118336734,2.985554399814702e-14,0.08672685255721255,0.0789757443439875,0.07575750005909797,0.08177409535059295,0.07422412323292114,1.9950127650976098e-10,1.2568754398327351e-12,0.0,0.0,0.0,3.6406197637012133e-13,0.08275569687190623,0.0,0.0845032933735305,0.0,0.0,4.70284724357553e-13,0.0,0.0,2.5773955729809173e-12,0.0,0.08224279579433721,0.07962264568653231,4.1492204008564914e-13,0.0,1.2457185804107163e-13,8.530627014464274e-13
2020-04-27,0.03932321326695214,3.5315158555697006e-12,0.08167976439839421,0.020285946343676156,0.0,0.0,0.07788887237058592,2.62789904391466e-12,0.0,2.0611592614269427e-11,9.783704197957184e-12,0.05652503316025009,3.044896564488776e-14,0.0854396437421122,0.07826054693945993,0.07612223191332576,0.08085570389950127,0.07345135442760944,2.0222447295517644e-10,1.2562976745209617e-12,0.0,0.0,0.0,3.5917841870824867e-13,0.08366463434452122,0.0,0.0848577645244585,0.0,0.0,4.665667071693536e-13,0.0,0.0,2.603311077371877e-12,0.0,0.08280658759039815,0.07883870283386114,4.129101358897892e-13,0.0,1.2618268374070174e-13,8.600901166112527e-13
2020-04-28,0.039883178546356556,3.5535780996349856e-12,0.08084045124808814,0.02029687561518941,0.0,0.0,0.07769157015875015,2.6325247940959557e-12,0.0,2.070447686563892e-11,9.919120867804699e-12,0.055398815577026674,3.036906872053701e-14,0.08618063447819432,0.07945546042449649,0.07637334295592936,0.08086305868044874,0.072420983345387,2.0088652199555606e-10,1.2349382551969643e-12,0.0,0.0,0.0,3.632590618731311e-13,0.08347035917798572,0.0,0.08410365319059872,0.0,0.0,4.753960445994245e-13,0.0,0.0,2.5863393281993663e-12,0.0,0.08333713062861921,0.0796844857291684,4.0855330026447716e-13,0.0,1.2552414432680845e-13,8.408602492261699e-13
2020-04-29,0.040010602963608484,3.519295118506521e-12,0.08121975037957903,0.020063303152698136,0.0,0.0,0.07666142660332621,2.60510770729671e-12,0.0,2.0940669728555716e-11,9.80235426660792e-12,0.05493855146687084,3.045330845181326e-14,0.08503652008277653,0.08049244275280264,0.07654302360003573,0.08039772081828858,0.07314186633735763,1.9959026885244426e-10,1.2519589106669547e-12,0.0,0.0,0.0,3.6374405723261564e-13,0.08416750089760289,0.0,0.08371723596497377,0.0,0.0,4.834760569266003e-13,0.0,0.0,2.6140457639719943e-12,0.0,0.08404758622365169,0.07956246851382011,4.2132418448730295e-13,0.0,1.2973863154561135e-13,8.556717441189367e-13
2020-04-30,0.039203531820318265,3.6236455764270583e-12,0.08130663587966046,0.0201018450320642,0.0,0.0,0.07669556778973972,2.648680534613863e-12,0.0,2.0575034368564065e-11,9.330893477364891e-12,0.055218722502011236,3.0507592564838897e-14,0.08749181268886534,0.07960582746781336,0.0758589898107462,0.0798204868073627,0.07432932410992674,2.0005127360343883e-10,1.2631030745451667e-12,0.0,0.0,0.0,3.561009374112403e-13,0.0838748630283086,0.0,0.08342127372618391,0.0,0.0,4.827981449500038e-13,0.0,0.0,2.6598222609296493e-12,0.0,0.08308817978648318,0.07998293930811047,4.1597262308810075e-13,0.0,1.306488928531765e-13,8.376141726219285e-13
2020-05-01,0.0,0.0,0.07999999999968092,0.07999999998537528,0.0,0.0,0.07999999999760525,0.0,0.0,0.0799999996972332,0.0,0.0799999999941632,0.07999999996031343,0.0,0.037103434448313925,0.07999999999105047,0.08000000000110316,0.07999999999252887,1.78106891128126e-10,0.022896565673369545,1.5384091491684185e-11,0.0,0.0,0.019999999792530514,0.07999999999833315,0.0,0.0,0.0,0.0,0.0,0.0,2.5736751298972572e-11,0.0,0.0,0.08000000000065885,0.040000000180979454,7.814258849925208e-12,0.0,5.971874321211388e-11,0.0
2020-05-04,0.0,0.0,0.08035891629848714,0.0808960022284375,0.0,0.0,0.07931944099582813,0.0,0.0,0.08043435426419265,0.0,0.08031648537276967,0.07799421502844052,0.0,0.03728080563501846,0.07948433782286707,0.0799503026815198,0.0792549804469107,1.8290554623624792e-10,0.02314730206471531,1.53109183221255e-11,0.0,0.0,0.02038206389612566,0.0794980593592218,0.0,0.0,0.0,0.0,0.0,0.0,2.57422843394452e-11,0.0,0.0,0.08128983915668281,0.04039289445762641,7.837161465788148e-12,0.0,5.936038037813665e-11,0.0
2020-05-05,0.0,0.0,0.07977308554547113,0.08184924100608715,0.0,0.0,0.07968658025083743,0.0,0.0,0.07837389868240233,0.0,0.08033511795417425,0.0777431783899577,0.0,0.037489454018530016,0.08030923275763564,0.08090856472338405,0.07840761052349807,1.8437807643589036e-10,0.023279942708880057,1.5733392222475803e-11,0.0,0.0,0.02062154483990374,0.07955403766428933,0.0,0.0,0.0,0.0,0.0,0.0,2.5572378926943407e-11,0.0,0.0,0.08097400981147351,0.04069450083192003,7.831995175173822e-12,0.0,5.8039708000125997e-11,0.0
2020-05-06,0.0,0.0,0.0804686285933627,0.08296623010490667,0.0,0.0,0.07977992167891768,0.0,0.0,0.07882799701087582,0.0,0.08019429211776148,0.07684551230816547,0.0,0.03725574263036632,0.08097662616436335,0.08073590332431298,0.0792256118313396,1.8321514282554684e-10,0.023030119829720565,1.572615003239497e-11,0.0,0.0,0.02006589512802607,0.07846417010521439,0.0,0.0,0.0,0.0,0.0,0.0,2.5082020810390483e-11,0.0,0.0,0.08034701498426496,0.040816333898933105,7.846561378287357e-12,0.0,5.7598952027174055e-11,0.0
2020-05-07,0.0,0.0,0.0805226474416948,0.08258245241267055,0.0,0.0,0.07987007055498058,0.0,0.0,0.08075255256860285,0.0,0.07882629230253504,0.07676361574331945,0.0,0.03693490006960438,0.08127399174739901,0.08003302135849491,0.0789134686271635,1.7961868285325334e-10,0.023094316517940663,1.5891363537663034e-11,0.0,0.0,0.019915549991570795,0.07922644200046292,0.0,0.0,0.0,0.0,0.0,0.0,2.4967855376296724e-11,0.0,0.0,0.08027895484021352,0.041011723537576254,7.91207971608905e-12,0.0,5.7380864702860906e-11,0.0
2020-05-08,0.0,0.0,0.08046550840546234,0.0819546401898778,0.0,0.0,0.08008690066518766,0.0,0.0,0.07934308315133504,0.0,0.07987262599115197,0.07510455597887736,0.0,0.03718021822514161,0.08200267383855815,0.08050138970974531,0.07883576604111839,1.7812231273895463e-10,0.023207925839579698,1.5807585395432235e-11,0.0,0.0,0.020196029583962233,0.07956872581132012,0.0,0.0,0.0,0.0,0.0,0.0,2.5010485523869914e-11,0.0,0.0,0.08064614425795236,0.04103381202471178,7.91928386249333e-12,0.0,5.915859596292673e-11,0.0
2020-05-11,0.0,0.0,0.08089779609522824,0.08257703990488789,0.0,0.0,0.07978669525918006,0.0,0.0,0.08029819095786753,0.0,0.08002366255512011,0.07460900710573078,0.0,0.03692850871161881,0.08136488779115494,0.08057803835960062,0.07806898127760213,1.7896213480192345e-10,0.023677490750503564,1.5451037154557654e-11,0.0,0.0,0.02020744692192887,0.07944874021379704,0.0,0.0,0.0,0.0,0.0,0.0,2.4287727865368573e-11,0.0,0.0,0.08102881110966877,0.04050470270049931,7.891102986957535e-12,0.0,5.901950741201866e-11,0.0
2020-05-12,0.0,0.0,0.08123311640886126,0.08266704446309445,0.0,0.0,0.07996213651976794,0.0,0.0,0.07946681025947125,0.0,0.07987550124280397,0.07354710243361384,0.0,0.037659923224681834,0.08059565950192929,0.08109347349773764,0.07817133610692242,1.8150819114418195e-10,0.024472747881025998,1.5415010169772247e-11,0.0,0.0,0.020282900926375923,0.07992291372015814,0.0,0.0,0.0,0.0,0.0,0.0,2.450455629087938e-11,0.0,0.0,0.08099765009238118,0.04005168343253499,8.001926330423542e-12,0.0,5.921033465324952e-11,0.0
2020-05-13,0.0,0.0,0.08079680913829228,0.08287752286068804,0.0,0.0,0.07839411895433519,0.0,0.0,0.0798246374281933,0.0,0.07976484598086765,0.07243245252471825,0.0,0.03813635509389712,0.08130574756320808,0.08085785512229553,0.07753346807951456,1.830823490860813e-10,0.025104134319688488,1.557343167834243e-11,0.0,0.0,0.020246835291751013,0.08015363193782422,0.0,0.0,0.0,0.0,0.0,0.0,2.459990465104332e-11,0.0,0.0,0.08167703486016076,0.04089455055469727,7.973939968513153e-12,0.0,5.86387610175969e-11,0.0
2020-05-14,0.0,0.0,0.08051110715615781,0.08268713585453627,0.0,0.0,0.0783974820168247,0.0,0.0,0.07946640149140013,0.0,0.07947423762645281,0.07216236810670973,0.0,0.03811085355749799,0.08342316787286941,0.08097618067033438,0.07777943575717323,1.8399691414960722e-10,0.02508554788797842,1.551498362282779e-11,0.0,0.0,0.019956804370385307,0.0799976528387123,0.0,0.0,0.0,0.0,0.0,0.0,2.419980073355747e-11,0.0,0.0,0.08100605200553362,0.04096557249773362,7.897854361253098e-12,0.0,5.8090832326389603e-11,0.0
2020-05-15,0.0,0.0,0.08118144671323439,0.08291768662277471,0.0,0.0,0.07963286818066063,0.0,0.0,0.07769883884586326,0.0,0.07976843259005927,0.07149261589389048,0.0,0.038383577096026404,0.08262893968096016,0.08153744567829806,0.07791548438142144,1.8430063227671288e-10,0.024834908699722227,1.5341854431241225e-11,0.0,0.0,0.0199327502850204,0.08020001425433458,0.0,0.0,0.0,0.0,0.0,0.0,2.3992481785753614e-11,0.0,0.0,0.0806853986670784,0.04118959212057632,8.062722831135515e-12,0.0,5.838156702726257e-11,0.0
2020-05-18,0.0,0.0,0.0805717082296739,0.08349532676339609,0.0,0.0,0.07925199453456142,0.0,0.0,0.07805161876742335,0.0,0.08002548144243958,0.07072220069608365,0.0,0.03833971791986568,0.08352923975342627,0.08091383555035898,0.07964508182639939,1.8414021219830419e-10,0.024923386154568062,1.5319653531951954e-11,0.0,0.0,0.01970283687679937,0.07967700877482865,0.0,0.0,0.0,0.0,0.0,0.0,2.3734614009750242e-11,0.0,0.0,0.08010968751615063,0.041040874904066396,8.254803636453749e-12,0.0,5.850927550411026e-11,0.0
2020-05-19,0.0,0.0,0.0798761256624509,0.08315580876833942,0.0,0.0,0.07890002000154094,0.0,0.0,0.07921650532718118,0.0,0.07959764970613062,0.07077888785024732,0.0,0.03851237334545464,0.0836139170064527,0.0807493211225233,0.08007324031466793,1.8662429980682923e-10,0.024655542961662252,1.5409648533315732e-11,0.0,0.0,0.019269131197291837,0.08006014022153778,0.0,0.0,0.0,0.0,0.0,0.0,2.3052076950789152e-11,0.0,0.0,0.07998109831518824,0.04156023790857877,8.07167449540097e-12,0.0,5.759441267509384e-11,0.0
2020-05-20,0.0,0.0,0.07986784588256561,0.08365566994722345,0.0,0.0,0.07921563371899196,0.0,0.0,0.07883865083955233,0.0,0.08001653487258645,0.07066266739097234,0.0,0.03846153032381224,0.08315057202949944,0.08032114421712447,0.08188312898367044,1.8927118519462078e-10,0.02453730204077289,1.5542681103089127e-11,0.0,0.0,0.019562864040295478,0.07913987864204117,0.0,0.0,0.0,0.0,0.0,0.0,2.2975424774251354e-11,0.0,0.0,0.07877419803594243,0.04191237874129909,8.051689406315783e-12,0.0,5.780919447155313e-11,0.0
2020-05-21,0.0,0.0,0.0804563886076743,0.08305560252255158,0.0,0.0,0.08056748644669667,0.0,0.0,0.07926743334569752,0.0,0.08150590276650568,0.06780040114101364,0.0,0.038093795182779396,0.08222865732871823,0.08098370287098564,0.08310982972472261,1.878560095715765e-10,0.024271142343419403,1.5118158587188444e-11,0.0,0.0,0.01934609512612589,0.07989909566357732,0.0,0.0,0.0,0.0,0.0,0.0,2.3023755310844394e-11,0.0,0.0,0.07869271003203297,0.04072175660586567,8.12537635173214e-12,0.0,5.750998549027719e-11,0.0
2020-05-22,0.0,0.0,0.08179617320619142,0.08278979698935443,0.0,0.0,0.0799485617750683,0.0,0.0,0.07730535071546943,0.0,0.08214905554056226,0.06862309002323685,0.0,0.038007896292131124,0.08148995190509702,0.08126491683727546,0.08287647808537796,1.8970965455461266e-10,0.02404535669753296,1.515188315199985e-11,0.0,0.0,0.019388512800054186,0.07976763912368041,0.0,0.0,0.0,0.0,0.0,0.0,2.2960326298459236e-11,0.0,0.0,0.07909746106373075,0.041449758650726844,8.08388920949672e-12,0.0,5.860471499993491e-11,0.0
2020-05-25,0.0,0.0,0.08139036079168371,0.08184117563551535,0.0,0.0,0.0811829318612262,0.0,0.0,0.07820175467245774,0.0,0.08299166783019409,0.06784955446772498,0.0,0.03698028087570781,0.08173858653597117,0.08106393854818594,0.0835336809204688,1.9095111471493056e-10,0.024133584772180652,1.543186741023466e-11,0.0,0.0,0.019238864989077193,0.07971623924428854,0.0,0.0,0.0,0.0,0.0,0.0,2.2992714978191124e-11,0.0,0.0,0.07835250234077733,0.04178487621890684,7.993364644725741e-12,0.0,5.826447568412466e-11,0.0
2020-05-26,0.0,0.0,0.08193863550380302,0.08214199782130902,0.0,0.0,0.08158559587487564,0.0,0.0,0.07629991639612856,0.0,0.08257261667155648,0.06964718570132897,0.0,0.036301666157002324,0.08148411445303565,0.08130014382328729,0.08584715315233558,1.9208837100406616e-10,0.023557351918476976,1.5392284327003975e-11,0.0,0.0,0.01913736925161748,0.07839581019742911,0.0,0.0,0.0,0.0,0.0,0.0,2.230551685859591e-11,0.0,0.0,0.07793122980371697,0.041859212978067106,8.092832632321328e-12,0.0,5.8150737571696284e-11,0.0
2020-05-27,0.0,0.0,0.08116726182734305,0.08197607500249701,0.0,0.0,0.08139228432612902,0.0,0.0,0.07702295897088182,0.0,0.08265111297755695,0.06862049727162452,0.0,0.03604150737696664,0.08208672654118315,0.08101639502838272,0.08586693612921154,1.960140593824929e-10,0.02359586607362499,1.5166696516542805e-11,0.0,0.0,0.019372084707564782,0.07838317396649828,0.0,0.0,0.0,0.0,0.0,0.0,2.295727774586167e-11,0.0,0.0,0.07858009341555552,0.04222702608405809,8.153954416249956e-12,0.0,5.86298054162684e-11,0.0
2020-05-28,0.0,0.0,0.08092173224433526,0.08115831162346666,0.0,0.0,0.08125996445178281,0.0,0.0,0.07872402484238074,0.0,0.08181750884726562,0.0684445046581455,0.0,0.036381845709401735,0.0822413421586795,0.08199509832910791,0.08518759303940712,1.9401063415367227e-10,0.02331822209622695,1.512093217165647e-11,0.0,0.0,0.01906912520955077,0.07847058875420876,0.0,0.0,0.0,0.0,0.0,0.0,2.2457068539740687e-11,0.0,0.0,0.07807704078798496,0.04293309695134105,8.183291470166623e-12,0.0,5.694256639535756e-11,0.0
2020-05-29,0.0,0.0,0.08177204504772188,0.0802602780986665,0.0,0.0,0.08115142618535719,0.0,0.0,0.07927028532883372,0.0,0.08112229389335386,0.06893294522232996,0.0,0.036063763526140234,0.08292975984919168,0.08178324715818128,0.08328866047433643,1.927878455569928e-10,0.02314553182744613,1.5053782546719815e-11,0.0,0.0,0.019396757629115323,0.07922039154099571,0.0,0.0,0.0,0.0,0.0,0.0,2.2646767939166794e-11,0.0,0.0,0.07892498102291821,0.04273763289842103,8.080404525114359e-12,0.0,5.842198804071152e-11,0.0
2020-06-01,0.0200000000155716,0.0,0.07999999999818025,0.07999999996580633,0.0,0.0,0.07999999999661224,8.766016526609608e-13,0.0,0.0,0.0,0.07999999999685974,0.07999999999355065,6.443480767973208e-12,0.040000000443849035,0.07999999997851158,0.07999999999592025,0.07999999957334074,3.9041932711177345e-11,0.0,3.60510755099663e-12,0.0,0.0,0.07999999998940274,0.07999999999857436,0.0,0.0599999999878903,0.0,0.0,0.0,4.0449498199459576e-13,6.142580520187164e-12,0.0,0.0,0.07999999999822435,1.5736315418277232e-12,1.716851323660257e-12,0.0,7.901079728355114e-12,0.0
2020-06-02,0.020090269504095246,0.0,0.08028893132361592,0.08037802948935184,0.0,0.0,0.07965879174401327,8.718250629115036e-13,0.0,0.0,0.0,0.080630283318483,0.0812435889746089,6.286642949453952e-12,0.03993515609859305,0.0799228188057179,0.08017071108004874,0.07964617156294941,3.8926580881070025e-11,0.0,3.5409536879891835e-12,0.0,0.0,0.0797752811555031,0.07875073483920748,0.0,0.060043681691763634,0.0,0.0,0.0,4.028089193847867e-13,6.093585944724304e-12,0.0,0.0,0.07946555034476657,1.5623433573565147e-12,1.7159091274043737e-12,0.0,7.88120761134497e-12,0.0
2020-06-03,0.019548834262106272,0.0,0.08169192572374774,0.07950581135566995,0.0,0.0,0.07989541548478127,8.695957675362466e-13,0.0,0.0,0.0,0.07931547559749806,0.08119219802985207,6.316374997929999e-12,0.040361620877526504,0.07937500059480816,0.07887736100407684,0.08300452212576885,3.851308299405177e-11,0.0,3.579018171606364e-12,0.0,0.0,0.08184482766081347,0.07790159593067375,0.0,0.058408107322365226,0.0,0.0,0.0,4.0431542079130714e-13,6.033321169780822e-12,0.0,0.0,0.0790773039634558,1.5305097519813623e-12,1.6949899441664376e-12,0.0,7.914797255787397e-12,0.0
2020-06-04,0.019623770100418252,0.0,0.0816173552428253,0.07833913527737672,0.0,0.0,0.08006774525022113,8.587359107307442e-13,0.0,0.0,0.0,0.08043730801168388,0.08152582336764684,6.26095334863176e-12,0.04012101451111349,0.0808170639738988,0.07872107083471654,0.08355846374443114,3.794536539628332e-11,0.0,3.6203169912476556e-12,0.0,0.0,0.07918007038268943,0.07846394820207485,0.0,0.05874775262159178,0.0,0.0,0.0,4.12519284204944e-13,6.1218989759283404e-12,0.0,0.0,0.0787794784129936,1.5344311578540515e-12,1.7115277885118158e-12,0.0,7.852489281051547e-12,0.0
2020-06-05,0.019677511729095154,0.0,0.08217933722718385,0.07959600848481302,0.0,0.0,0.08013679114006265,8.577604544207835e-13,0.0,0.0,0.0,0.07950888869886552,0.08159431495301986,6.371187413925919e-12,0.039996586331670546,0.08074566278070475,0.07839274895450851,0.0823103627816202,3.807966837236846e-11,0.0,3.686620638687775e-12,0.0,0.0,0.08101274947135645,0.07793952792364184,0.0,0.058418764291246095,0.0,0.0,0.0,4.194521039641695e-13,6.103082807746645e-12,0.0,0.0,0.07849074516551298,1.5344715637897011e-12,1.7078332364039072e-12,0.0,7.938513120490173e-12,0.0
2020-06-08,0.020092211439917032,0.0,0.08246969777422865,0.0802447261882974,0.0,0.0,0.07994844105357883,8.54011417690753e-13,0.0,0.0,0.0,0.0779793363215679,0.07872880343066464,6.492098275919219e-12,0.0400844219440903,0.08136277555441242,0.07911816267118647,0.0809865647001398,3.794868287247706e-11,0.0,3.6815354597098345e-12,0.0,0.0,0.08243269207905303,0.07814560264146486,0.0,0.058770908330964794,0.0,0.0,0.0,4.25126170587685e-13,6.0744176426245924e-12,0.0,0.0,0.07963565580369306,1.5310380114286767e-12,1.716613920080681e-12,0.0,8.017368729145891e-12,0.0
2020-06-09,0.020108942550561233,0.0,0.08226959393939806,0.07972039841170675,0.0,0.0,0.08003719738503003,8.648339998361869e-13,0.0,0.0,0.0,0.07884616701001303,0.07945521030707978,6.443339286841591e-12,0.0398284136923652,0.08146118466360523,0.07834393981361198,0.08177727442723201,3.831626147064097e-11,0.0,3.6186498915196907e-12,0.0,0.0,0.08334884743485725,0.07731228245915281,0.0,0.05912426975277563,0.0,0.0,0.0,4.1880044759270494e-13,6.002245281410366e-12,0.0,0.0,0.07836627808559127,1.5511908508847394e-12,1.7156548817948322e-12,0.0,8.088868986831955e-12,0.0
2020-06-10,0.02047780989337381,0.0,0.08211026426554971,0.07966444070057065,0.0,0.0,0.08053106735595453,8.587491171509252e-13,0.0,0.0,0.0,0.07832329728688785,0.07986325746597998,6.519952470121003e-12,0.040241128982877565,0.08065720239685364,0.0787755026253912,0.08159654203168046,3.844109808035918e-11,0.0,3.4967232660406944e-12,0.0,0.0,0.08275764118616433,0.07663158235896132,0.0,0.05927363122126195,0.0,0.0,0.0,4.1334530481563844e-13,6.062593236724441e-12,0.0,0.0,0.07909663216133807,1.5508644071813697e-12,1.711196610284613e-12,0.0,8.100462111490902e-12,0.0
2020-06-11,0.020772732883750533,0.0,0.08245329823784502,0.07976369839960991,0.0,0.0,0.08061640642005133,8.519687338173e-13,0.0,0.0,0.0,0.077584932570132,0.07852983939463072,6.454425496756195e-12,0.04059702369875619,0.08095606948802371,0.07834335459034415,0.08190899035461478,3.8298774302663166e-11,0.0,3.5118960175317555e-12,0.0,0.0,0.08433290694471636,0.07645506476363674,0.0,0.058133265185640805,0.0,0.0,0.0,4.116879298249268e-13,6.010392838028979e-12,0.0,0.0,0.07955241700139484,1.5774161845979622e-12,1.7249116730157829e-12,0.0,8.011449826577137e-12,0.0
2020-06-12,0.02039644454115638,0.0,0.08242909545591932,0.08041514194367683,0.0,0.0,0.08128723504324388,8.400350222866263e-13,0.0,0.0,0.0,0.07778393421218924,0.07847558906412189,6.450109621328573e-12,0.04049333579759651,0.08011146485982974,0.07888669076120913,0.08240910437249159,3.810582974712729e-11,0.0,3.559175080229851e-12,0.0,0.0,0.08410973453414661,0.07654116578741614,0.0,0.058150304142162774,0.0,0.0,0.0,4.1107466473385527e-13,6.0293900541075415e-12,0.0,0.0,0.07851075941815407,1.5717349468421577e-12,1.7701738507149114e-12,0.0,7.948420816537446e-12,0.0
2020-06-15,0.020155741914250683,0.0,0.08282242743474241,0.07983956214821877,0.0,0.0,0.08127191271669762,8.314653421174609e-13,0.0,0.0,0.0,0.07815823218437154,0.07876731744793664,6.50224726775277e-12,0.04020344096758047,0.07955297297697261,0.07922064117238314,0.08475699761813607,3.837320922328142e-11,0.0,3.4542590009255918e-12,0.0,0.0,0.08308354422643524,0.07745432993840361,0.0,0.05644766117117866,0.0,0.0,0.0,4.0208883845667976e-13,5.981042949039235e-12,0.0,0.0,0.07826521801588435,1.5583187748361042e-12,1.7518940622316213e-12,0.0,7.953625045497954e-12,0.0
2020-06-16,0.020585392699167572,0.0,0.0834148002347597,0.08001961604381394,0.0,0.0,0.08027021282807635,8.347125447419583e-13,0.0,0.0,0.0,0.07734935140872441,0.07953301611318056,6.729776413209313e-12,0.03977764163826041,0.07960981680948644,0.07896421967154645,0.0846183802923505,3.8489031346030915e-11,0.0,3.576291846200005e-12,0.0,0.0,0.08474858733164783,0.07747578732521372,0.0,0.05616745696380439,0.0,0.0,0.0,4.0374632255844235e-13,5.949169595314989e-12,0.0,0.0,0.07746572057268915,1.5696457004194036e-12,1.7399219495538254e-12,0.0,7.986329167942133e-12,0.0
2020-06-17,0.020887330821132834,0.0,0.08332131404708175,0.08033292174344135,0.0,0.0,0.08047881509985456,8.087094446238405e-13,0.0,0.0,0.0,0.07705150935806049,0.07955350532221639,6.774870543575067e-12,0.04047793352161218,0.08025834973215178,0.07834933070064568,0.0857505755008465,3.8562732159908276e-11,0.0,3.5303865952385342e-12,0.0,0.0,0.08235325934147292,0.07775436093626031,0.0,0.055519987851792844,0.0,0.0,0.0,4.1003259078490486e-13,5.961930603245426e-12,0.0,0.0,0.07791080595594986,1.5827743299361623e-12,1.740487243835869e-12,0.0,8.108669564146492e-12,0.0
2020-06-18,0.021021356321213065,0.0,0.08365664358141862,0.07858824453649972,0.0,0.0,0.08199463768584819,8.07649110547684e-13,0.0,0.0,0.0,0.07718259489137552,0.08010219934843647,6.6110635166681146e-12,0.0403130925666878,0.08090762580879932,0.07920571613077394,0.0841954584628125,3.821911826213888e-11,0.0,3.62020441757241e-12,0.0,0.0,0.081247956275904,0.07790973113037726,0.0,0.055401228131274155,0.0,0.0,0.0,4.099119592857318e-13,6.0540072909699754e-12,0.0,0.0,0.07827351506147816,1.580292785405941e-12,1.7392805111326072e-12,0.0,8.059732271477418e-12,0.0
2020-06-19,0.02118771047330574,0.0,0.08279121769933116,0.07865796116738802,0.0,0.0,0.0819967152147921,7.939832163513496e-13,0.0,0.0,0.0,0.07718118930132002,0.08018485770420623,6.470437355772134e-12,0.039744769034956884,0.08071905698324759,0.0786596860317635,0.08576070280721307,3.853239921393706e-11,0.0,3.538279442096172e-12,0.0,0.0,0.08250167008329291,0.07850564049688007,0.0,0.054873561752571375,0.0,0.0,0.0,4.0289309288404563e-13,6.063630222661594e-12,0.0,0.0,0.07723526118255289,1.5820969118487174e-12,1.7524900863329396e-12,0.0,8.042258689537633e-12,0.0
2020-06-22,0.021158755566043706,0.0,0.08224253004952439,0.07908910784680255,0.0,0.0,0.08191223074480182,7.870626165383769e-13,0.0,0.0,0.0,0.07760126129673375,0.07985928390598622,6.429026697412829e-12,0.03979349546650706,0.08010224530702909,0.0786917924529796,0.0861840192193862,3.849644728409584e-11,0.0,3.478902376938843e-12,0.0,0.0,0.08283317509328536,0.07805493684560354,0.0,0.05547922811646677,0.0,0.0,0.0,4.0382502722893056e-13,5.989340477225088e-12,0.0,0.0,0.07699793802159251,1.571170078951152e-12,1.7701512620796818e-12,0.0,8.331656003144286e-12,0.0
2020-06-23,0.021578429350446505,0.0,0.08278063627727747,0.07922057406466064,0.0,0.0,0.08236227199711212,7.839174168617775e-13,0.0,0.0,0.0,0.07597868458290734,0.08072579441168533,6.40325947997509e-12,0.03955107577057189,0.08085155989517105,0.0783606374350576,0.08650689941228334,3.8690904995227656e-11,0.0,3.5556843726008125e-12,0.0,0.0,0.08309503088677475,0.07729591482327373,0.0,0.05551216764213679,0.0,0.0,0.0,4.14684481266021e-13,5.985478647584814e-12,0.0,0.0,0.07618032338301066,1.5906799436180671e-12,1.7729742111704335e-12,0.0,8.433423955763957e-12,0.0
2020-06-24,0.02171392471986516,0.0,0.08109996674757472,0.07885941732229798,0.0,0.0,0.08089337656425283,7.7285500268126e-13,0.0,0.0,0.0,0.07668860438913044,0.08105021922848192,6.388606846383458e-12,0.03980271903733135,0.08047120942810286,0.0783060013707016,0.08912445775690252,3.8622736076401446e-11,0.0,3.5178863156992906e-12,0.0,0.0,0.0845726497620072,0.07609144965370493,0.0,0.05583319039460831,0.0,0.0,0.0,4.0896150323256227e-13,6.0157049057492295e-12,0.0,0.0,0.07549281355757839,1.5761898516929137e-12,1.7472832826659834e-12,0.0,8.409867169822255e-12,0.0
2020-06-25,0.021612463922376205,0.0,0.0807645765051508,0.07866569671471856,0.0,0.0,0.08077932234283852,7.616994724982571e-13,0.0,0.0,0.0,0.07678498056714086,0.08135877150985843,6.437374398843528e-12,0.0395633411294807,0.08143666648964143,0.07827205651802052,0.08953215408353694,3.852685345121562e-11,0.0,3.616939236113263e-12,0.0,0.0,0.08372305470558061,0.07637066576578301,0.0,0.05520964303987849,0.0,0.0,0.0,4.0954831427544296e-13,6.066703640581908e-12,0.0,0.0,0.07592660663851664,1.5789281450551779e-12,1.728568990444437e-12,0.0,8.351989200382119e-12,0.0
2020-06-26,0.021657796229651336,0.0,0.08062160502908154,0.07925470628945984,0.0,0.0,0.0802926737243941,7.534556711337696e-13,0.0,0.0,0.0,0.07627631729681947,0.07990604433706132,6.380212399976485e-12,0.039369938301473784,0.0814800797196258,0.07846533309637577,0.088001214993497,3.906272597045483e-11,0.0,3.5900551332560107e-12,0.0,0.0,0.08670894932430355,0.07658203514014929,0.0,0.054895006989287086,0.0,0.0,0.0,4.0377136010927757e-13,6.0455818535275126e-12,0.0,0.0,0.07648829946093608,1.5616126846885833e-12,1.7579657260799291e-12,0.0,8.32897372001418e-12,0.0
2020-06-29,0.0212873180729272,0.0,0.08165978676081433,0.07882853611182736,0.0,0.0,0.08039738112635457,7.594944125684912e-13,0.0,0.0,0.0,0.07623398059116629,0.08208327238571334,6.472873915703612e-12,0.0395652886334213,0.08184304621359935,0.07785610401686045,0.08654052404174754,3.905355049709419e-11,0.0,3.666799627135323e-12,0.0,0.0,0.08608582560006864,0.07655433824185981,0.0,0.05484944262286584,0.0,0.0,0.0,4.0868471776382393e-13,5.793229610333732e-12,0.0,0.0,0.07621515551304374,1.5457959636663691e-12,1.7474380882541393e-12,0.0,8.28267175244182e-12,0.0
2020-06-30,0.02184574219178952,0.0,0.08106626734724542,0.0775843826419988,0.0,0.0,0.07955049236155327,7.649294165549351e-13,0.0,0.0,0.0,0.0768414511425782,0.08271581733793913,6.440224610456213e-12,0.039593247482215085,0.08245291724228872,0.0786456828045813,0.08585675530386716,3.8618052090755825e-11,0.0,3.6224071970480357e-12,0.0,0.0,0.08565118174138946,0.07687173448473643,0.0,0.05383246799411086,0.0,0.0,0.0,4.1142680477473233e-13,5.744461612308931e-12,0.0,0.0,0.07749185985657611,1.521535611981652e-12,1.7696768137824763e-12,0.0,8.238068364222235e-12,0.0
2020-07-01,0.0,3.7223667383909415e-12,0.08000000000171117,0.07999999999007092,0.0,0.0,0.07999999999439415,3.304646071892533e-10,0.07999999999672668,2.0639846333327854e-12,0.0,0.07999999998984117,1.3658160647529855e-11,0.0,0.0388657141679328,0.06148446784253606,0.07999999999088678,3.175969633309853e-13,0.03964981736307715,0.0,0.0,1.26524981617814e-12,0.0,6.973521103052806e-12,0.07999999999969697,0.0,0.05999999996472088,0.0,4.323596550291265e-12,0.0,0.0,1.8221646895945387e-12,0.0799999999524942,5.144573963191259e-10,0.08000000000273569,0.07999999983252988,3.0281872637080174e-11,0.0,1.295014859705379e-12,0.0
2020-07-02,0.0,3.6377197227054565e-12,0.08135019401463357,0.08078767477956815,0.0,0.0,0.07902974369518356,3.3582638624144713e-10,0.07936811106093153,2.0339071816427254e-12,0.0,0.08152813288735263,1.3937477906655911e-11,0.0,0.03819548402782954,0.062253696329202524,0.08034135485634024,3.1841862587357915e-13,0.03963799548189823,0.0,0.0,1.2404203226644467e-12,0.0,7.054621301396172e-12,0.07927856820874828,0.0,0.05846388546503251,0.0,4.368135137175245e-12,0.0,0.0,1.8457058120728717e-12,0.08024808896213044,5.132250560388107e-10,0.07904042277779959,0.08047664653819055,3.0374297900838616e-11,0.0,1.2965351485323753e-12,0.0
2020-07-03,0.0,3.5894410218043976e-12,0.08122783328936153,0.08066752226702069,0.0,0.0,0.0796776353685702,3.3746095094284536e-10,0.08185504408343958,1.977010764820332e-12,0.0,0.08315119358319843,1.3918586719022064e-11,0.0,0.037863547119829574,0.061531238672295374,0.08045762751990548,3.160173294886291e-13,0.0400416466903124,0.0,0.0,1.2467388348053488e-12,0.0,7.108120510083274e-12,0.07853106175929864,0.0,0.058015902518532975,0.0,4.288133539201476e-12,0.0,0.0,1.8110927578875386e-12,0.07861300026181665,5.144926156549504e-10,0.07861993209436724,0.07974681385490474,2.962095892777169e-11,0.0,1.3168801762749513e-12,0.0
2020-07-06,0.0,3.575553993255624e-12,0.08092186246316464,0.08107315992563519,0.0,0.0,0.07974300208051006,3.3188213554053626e-10,0.08138850769662678,2.0348715442425704e-12,0.0,0.08173772305132211,1.3759527822152903e-11,0.0,0.038243023060266924,0.060947542427887164,0.08036920889256245,3.152082798747314e-13,0.03967409303091994,0.0,0.0,1.2438827427508287e-12,0.0,7.138249451060301e-12,0.07944106687326832,0.0,0.05839840936149851,0.0,4.20838513609777e-12,0.0,0.0,1.823774265969929e-12,0.0800647560090595,5.083577391964527e-10,0.07917840815253548,0.07881923606897301,3.0114473554966986e-11,0.0,1.3161266267866284e-12,0.0
2020-07-07,0.0,3.5418064767098698e-12,0.08073250412321965,0.0809702787359509,0.0,0.0,0.08090126710867553,3.3438711159220736e-10,0.08073665833764518,2.024943875638093e-12,0.0,0.0818862897581962,1.4045910056531553e-11,0.0,0.038253993133358866,0.060750894655438925,0.0814399265424644,3.2424883545781723e-13,0.03914498814198371,0.0,0.0,1.2579434373149423e-12,0.0,6.894291403783999e-12,0.07977474941496074,0.0,0.05970635001784062,0.0,4.198197241641562e-12,0.0,0.0,1.8187769885486293e-12,0.07931010602374647,5.099199604398931e-10,0.07813072092647379,0.07826127217013909,3.013369967759288e-11,0.0,1.3590620285596288e-12,0.0
2020-07-08,0.0,3.5602600992922114e-12,0.08157772128437435,0.0797897932701858,0.0,0.0,0.08193376351672743,3.3055317105470033e-10,0.08122153369427271,1.9775695421769827e-12,0.0,0.08275270131892339,1.386006754373442e-11,0.0,0.03730945292957123,0.0607020935779683,0.08269665976036325,3.2972497594660716e-13,0.03892384416012989,0.0,0.0,1.2658807751903823e-12,0.0,6.861088352428717e-12,0.07797881550068966,0.0,0.059430576425586024,0.0,4.216431492767229e-12,0.0,0.0,1.8253216367371245e-12,0.08004672838475904,5.031355407841156e-10,0.0769249454427875,0.07871136983419429,3.052993155136159e-11,0.0,1.3521952764487068e-12,0.0
2020-07-09,0.0,3.535892719119465e-12,0.08180331028752494,0.07932051393157748,0.0,0.0,0.08172422922088347,3.326106376462155e-10,0.08298735975069459,1.9971251056632024e-12,0.0,0.0832067763200327,1.374478109233411e-11,0.0,0.036939006179610955,0.06091235962685163,0.08311566757485671,3.346788098323123e-13,0.03854826961221809,0.0,0.0,1.2434440612549843e-12,0.0,6.938455789556859e-12,0.07737857826178791,0.0,0.05920072460167854,0.0,4.003000841221759e-12,0.0,0.0,1.8385762820579144e-12,0.07808946151698654,4.888973895378658e-10,0.07723552165240528,0.07953822057599404,3.0429320429787963e-11,0.0,1.3238801058651133e-12,0.0
2020-07-10,0.0,3.501833403374566e-12,0.08150290812410539,0.07865800005466801,0.0,0.0,0.08214967488023066,3.2909781922908906e-10,0.0830475041037366,2.011744736849135e-12,0.0,0.08250581786934129,1.3322688495934304e-11,0.0,0.03711028445088235,0.06094947479671372,0.08223902853228805,3.2387843997093544e-13,0.03856718036066516,0.0,0.0,1.2175194700086954e-12,0.0,6.783865999345302e-12,0.07782638276889832,0.0,0.060248454926082995,0.0,4.036383811380986e-12,0.0,0.0,1.8303060030192163e-12,0.0783035294700477,5.014114664921028e-10,0.07726018706972174,0.07963157169744,3.03169407857496e-11,0.0,1.3235891371342142e-12,0.0
2020-07-13,0.0,3.5825524312698244e-12,0.08277770498323636,0.07831024619817363,0.0,0.0,0.08308123467370501,3.3364924954382054e-10,0.08076420907566015,2.0466477392673734e-12,0.0,0.08421499589825679,1.3576781465411079e-11,0.0,0.03728197575809955,0.06092379680910373,0.08244765857229916,3.177384455154395e-13,0.038747206838105945,0.0,0.0,1.2402795843597223e-12,0.0,6.807909513934473e-12,0.07785579682779128,0.0,0.06043036898551843,0.0,4.03652433776311e-12,0.0,0.0,1.8244814433305033e-12,0.07672946736485024,4.927601522589885e-10,0.07752832494244373,0.07890701218092411,3.069902861105395e-11,0.0,1.2905209728150816e-12,0.0
2020-07-14,0.0,3.658001927358312e-12,0.08334546525825769,0.07808402176651819,0.0,0.0,0.08319893380236187,3.411842751037258e-10,0.08030361670563813,2.0865177847143205e-12,0.0,0.0845440275347828,1.352209759205346e-11,0.0,0.037310754641179354,0.06033470025742811,0.08292796880120537,3.2036982538065987e-13,0.0385157786477269,0.0,0.0,1.235132347796016e-12,0.0,6.965881180169638e-12,0.07838297352067455,0.0,0.061237843137040573,0.0,4.149581516568113e-12,0.0,0.0,1.865985769567504e-12,0.07465028045567117,5.033898390946204e-10,0.07764978571762172,0.07951384884281884,3.14053649321637e-11,0.0,1.2916827080867464e-12,0.0
2020-07-15,0.0,3.7244491814258644e-12,0.08287704393319774,0.07762694222838858,0.0,0.0,0.08297640193158552,3.3505874819270765e-10,0.07906518689793875,2.1265062311111755e-12,0.0,0.08386423218059469,1.3599096217368187e-11,0.0,0.03814536935344275,0.05957775302129629,0.08223546282194077,3.1706269902431033e-13,0.03805442952615785,0.0,0.0,1.2150288376281046e-12,0.0,6.941240153095114e-12,0.07898463711962551,0.0,0.06070352097856075,0.0,4.047801397801314e-12,0.0,0.0,1.8135781768088463e-12,0.07580999737825346,4.863013396167931e-10,0.07901961579701595,0.08105940594437933,3.123519801324815e-11,0.0,1.2419787137171026e-12,0.0
2020-07-16,0.0,3.78074962011226e-12,0.08247589805732909,0.07750574976020895,0.0,0.0,0.08303497337747566,3.3020666168126936e-10,0.07798287147997529,2.1293301469218807e-12,0.0,0.08427240661824627,1.3235321948538687e-11,0.0,0.038183846964187744,0.05956309809697164,0.0827225910968278,3.202852555715566e-13,0.03758162754281655,0.0,0.0,1.2221909582572097e-12,0.0,6.9364683037969336e-12,0.07930023207304383,0.0,0.06180988999400336,0.0,4.08858209773303e-12,0.0,0.0,1.8263498338029208e-12,0.07530473886562941,4.952242740349867e-10,0.0793524564355978,0.08090961874620925,3.1245226002244786e-11,0.0,1.2619563470063174e-12,0.0
2020-07-17,0.0,3.823938336719005e-12,0.08266328168215707,0.07732107392011299,0.0,0.0,0.08358339199057617,3.296193191836471e-10,0.07792413976617349,2.1847375411107512e-12,0.0,0.08436153076406326,1.3150218556589745e-11,0.0,0.037713816808319714,0.0597761867800997,0.08253157449483269,3.230525085119953e-13,0.03772795901152261,0.0,0.0,1.2144375310480516e-12,0.0,6.92114908982227e-12,0.07865535658569428,0.0,0.06176961665612611,0.0,4.097930345322149e-12,0.0,0.0,1.8160960721161425e-12,0.07565174969960049,4.913837935597212e-10,0.07908158532791638,0.08123873562542223,3.160127110342832e-11,0.0,1.2469337340118256e-12,0.0
2020-07-20,0.0,3.9206759406440625e-12,0.08206599678242985,0.07636337949925001,0.0,0.0,0.0847223425055257,3.2641769522968765e-10,0.0773287588434487,2.182533170748581e-12,0.0,0.08477249867437334,1.2889410502160065e-11,0.0,0.03785711924538521,0.05941770047656895,0.0831010842866907,3.244544189328783e-13,0.03721992184404288,0.0,0.0,1.2089109191118399e-12,0.0,6.862193873177989e-12,0.07834296361948467,0.0,0.06350921521588732,0.0,3.992294614998904e-12,0.0,0.0,1.816406786528363e-12,0.0755863606882601,4.784776948885913e-10,0.07815313734598463,0.08155952010166845,3.1688228234320694e-11,0.0,1.2190875560495499e-12,0.0
2020-07-21,0.0,4.006409776814725e-12,0.08159629562515236,0.0770221586983276,0.0,0.0,0.08463639346137926,3.244579771428157e-10,0.0771885825365431,2.1370733377621607e-12,0.0,0.0843822879863792,1.2854584113216396e-11,0.0,0.03795394784515508,0.059256327577750664,0.08387031650982679,3.2758726437864405e-13,0.037119972895107683,0.0,0.0,1.2225005542149358e-12,0.0,6.786101578635415e-12,0.07843541906917867,0.0,0.06431350536712342,0.0,4.027330013070648e-12,0.0,0.0,1.8552731634242098e-12,0.07560708531059986,4.830931737596378e-10,0.07749285430855361,0.0811248519348591,3.211049615641709e-11,0.0,1.1851644877171373e-12,0.0
2020-07-22,0.0,4.069165517828379e-12,0.08259542010754782,0.0771659301563702,0.0,0.0,0.08505687167322667,3.2380812127380116e-10,0.07789208322730955,2.109898033756162e-12,0.0,0.08291044692220413,1.2922617516971361e-11,0.0,0.03801011358255582,0.05833388777793998,0.08357791515497223,3.3200327223624313e-13,0.03753928081737872,0.0,0.0,1.2198947871812926e-12,0.0,6.919259239897603e-12,0.07776841898875837,0.0,0.0633785795493618,0.0,4.059640378595766e-12,0.0,0.0,1.8259400318872425e-12,0.0778199854326885,4.814617461544841e-10,0.07767916863115935,0.08027189710618159,3.2399960158830706e-11,0.0,1.2170227178769599e-12,0.0
2020-07-23,0.0,3.9932611718675835e-12,0.08148341395860945,0.07736000789213837,0.0,0.0,0.0848683265270447,3.195616381103673e-10,0.07756935302357397,2.121298064446735e-12,0.0,0.08365108990755489,1.2540785785360906e-11,0.0,0.0378508471065086,0.05746307499720745,0.08339245591060583,3.399109294820254e-13,0.03808830569742103,0.0,0.0,1.2267201697358956e-12,0.0,7.138571676702833e-12,0.07762706370208623,0.0,0.06257396559630973,0.0,4.100305729673387e-12,0.0,0.0,1.8041577638685574e-12,0.07950692310901813,4.964692199455367e-10,0.07889713701926816,0.07966803467047248,3.1655151858718834e-11,0.0,1.2298834630919998e-12,0.0
2020-07-24,0.0,4.023545819127807e-12,0.08235907538160865,0.07671286861361082,0.0,0.0,0.08456717571220437,3.1655558797754484e-10,0.07700080255368737,2.1072457057465157e-12,0.0,0.08408121394981251,1.2748175101343994e-11,0.0,0.0379063076602512,0.057261424409666896,0.08299840212424354,3.399558343390472e-13,0.037737501036186116,0.0,0.0,1.2251786344757037e-12,0.0,7.080287725881099e-12,0.07798551969223592,0.0,0.06339841884166202,0.0,4.035957633035579e-12,0.0,0.0,1.8211757130070662e-12,0.08030438112410568,4.967441128315428e-10,0.07799878091382263,0.07968812710696249,3.201845275760907e-11,0.0,1.2401036342071325e-12,0.0
2020-07-27,0.0,3.869704875623333e-12,0.08141326751737359,0.07713386900442129,0.0,0.0,0.08342915824131932,3.1253798069855034e-10,0.07771421345767532,2.1284424489186415e-12,0.0,0.08476866248904591,1.2532197178039445e-11,0.0,0.03744493691848868,0.057870728668350455,0.08202227328199899,3.375803032068274e-13,0.03831830819193101,0.0,0.0,1.2153932024826093e-12,0.0,7.175861060815667e-12,0.07792501861744582,0.0,0.06290122134977547,0.0,4.030383500299858e-12,0.0,0.0,1.7795608307245182e-12,0.0818968403739107,4.88641450425593e-10,0.07759789468317459,0.07956360633816853,3.143422445704592e-11,0.0,1.2375544360425197e-12,0.0
2020-07-28,0.0,3.88822429134333e-12,0.08137138576755563,0.07667433878965867,0.0,0.0,0.0820532163810524,3.14825352144952e-10,0.07879127869220498,2.1667539279815572e-12,0.0,0.08590339198356489,1.259514384140375e-11,0.0,0.0379166474761401,0.057508225360302756,0.08199557455214668,3.453330442434991e-13,0.03858051114300852,0.0,0.0,1.2060190607525145e-12,0.0,7.0022565800282174e-12,0.07675760475637843,0.0,0.0635764800480043,0.0,3.997228195967732e-12,0.0,0.0,1.7739599742983427e-12,0.0827448625022128,4.752055233341979e-10,0.07810289182676523,0.07802358986531559,3.145204047801466e-11,0.0,1.23112304142805e-12,0.0
2020-07-29,0.0,4.011901546378171e-12,0.08105043881104226,0.07642490772546946,0.0,0.0,0.08251969432724979,3.1168907420562516e-10,0.07914759864164737,2.1238756226961896e-12,0.0,0.08629542190131947,1.2526350229659956e-11,0.0,0.037635739454855946,0.05738678170918723,0.08265042959217747,3.4845727191883467e-13,0.03782759129404254,0.0,0.0,1.1899886452232271e-12,0.0,6.864916635879477e-12,0.07691196757560045,0.0,0.0625174447659046,0.0,3.905223181632183e-12,0.0,0.0,1.7645775622600477e-12,0.08302861740422149,4.757000595744172e-10,0.07807029204564321,0.07853307389940538,3.0874393453909166e-11,0.0,1.2344927252853146e-12,0.0
2020-07-30,0.0,4.081315828740453e-12,0.08148125963382931,0.07633375934333404,0.0,0.0,0.08349671133917559,3.096099382461931e-10,0.0772383595662719,2.122132490058962e-12,0.0,0.087058688942464,1.2491423394875118e-11,0.0,0.037483816505708215,0.057816044013202776,0.08353408710492703,3.452449046843731e-13,0.03698167910176662,0.0,0.0,1.1936067519217047e-12,0.0,6.819792660755685e-12,0.07606776211347711,0.0,0.06190469086648589,0.0,3.849328878719348e-12,0.0,0.0,1.7771293668307961e-12,0.08315782124069428,4.728315535139977e-10,0.07897635174871726,0.07846896763235581,3.12373847097162e-11,0.0,1.2312337757002275e-12,0.0
2020-07-31,0.0,3.982886850780083e-12,0.08066501953841743,0.07544745727420937,0.0,0.0,0.08335408287236093,3.049501570047777e-10,0.07780211830825652,2.1539269667782518e-12,0.0,0.0867700885888902,1.244249530306947e-11,0.0,0.03735517279610004,0.05763696403222068,0.08296935550863653,3.4660039416750127e-13,0.037412450834312966,0.0,0.0,1.1821560764854345e-12,0.0,6.875525267191492e-12,0.07645172091818804,0.0,0.06189806434863227,0.0,3.8416419580578055e-12,0.0,0.0,1.7458678564361492e-12,0.08389465316780124,4.714616339287605e-10,0.07966764761450532,0.07867520335611089,3.115357901689589e-11,0.0,1.2210330310292195e-12,0.0
2020-08-03,0.0,0.0,0.0799999999982978,0.0799999999938068,0.0,0.0,0.07999999992084807,6.034560388022705e-11,0.06928660634590338,0.0,0.0,0.06570405288753874,2.0450515217369382e-11,2.0172923039954155e-12,1.663126168417634e-12,0.0799999999974593,0.07999999999603191,0.0,0.07071339316751174,0.0,0.0,2.0925178543826902e-13,0.0,1.5915518807422983e-10,0.07999999999731869,0.0,0.0,0.0,6.6129217427931246e-12,0.0,0.0,1.9523132466927845e-11,0.060000000089340276,1.9658874738989667e-10,0.07999999999795644,0.020000000021316452,0.07429594714789463,0.0,0.07999999997220994,0.0
2020-08-04,0.0,0.0,0.08044892523185494,0.07909268087398098,0.0,0.0,0.0807353244253872,5.986724081999675e-11,0.06842740532261728,0.0,0.0,0.06643865413505931,2.0258363993011693e-11,2.0019485297517034e-12,1.665048820818662e-12,0.0798023046102911,0.07931360806203916,0.0,0.06903994015488836,0.0,0.0,2.0694421966243382e-13,0.0,1.5490112110860985e-10,0.0808549052241137,0.0,0.0,0.0,6.576826806459287e-12,0.0,0.0,1.935444218073582e-11,0.06083729090079233,1.9593038865811038e-10,0.07965812767211644,0.02012219769594716,0.07425538874219786,0.0,0.08097324648795173,0.0
2020-08-05,0.0,0.0,0.07962493076901117,0.0792595862605437,0.0,0.0,0.08030701839134402,6.095197163333924e-11,0.06790661909587266,0.0,0.0,0.06725271349985117,1.986878531636731e-11,2.0553933749526226e-12,1.6758372843530448e-12,0.08019203555514477,0.07973309816256807,0.0,0.07022104082143726,0.0,0.0,2.0346345443188882e-13,0.0,1.5151200782270614e-10,0.08003556750852674,0.0,0.0,0.0,6.647195820667334e-12,0.0,0.0,1.9111461437581878e-11,0.06072739230799625,1.896097095571404e-10,0.07898716686515096,0.020340382383741328,0.07365435838869709,0.0,0.08175808953847888,0.0
2020-08-06,0.0,0.0,0.07954055690287493,0.07924423775444374,0.0,0.0,0.08138797378452779,6.049324773583043e-11,0.0688142616568378,0.0,0.0,0.06683185114821927,1.9968541897384243e-11,2.0793281186258535e-12,1.6470235607466615e-12,0.07924563869077293,0.07913546922558062,0.0,0.07130480819530581,0.0,0.0,2.023250140394811e-13,0.0,1.5043088402806237e-10,0.08005648609684385,0.0,0.0,0.0,6.606701818157297e-12,0.0,0.0,1.926703991691651e-11,0.061189469032279814,1.93408459394129e-10,0.07884363787153906,0.019894683495230523,0.07351786938153006,0.0,0.08099305630991013,0.0
2020-08-07,0.0,0.0,0.07922254542482723,0.07885665384999295,0.0,0.0,0.08227672517803644,5.984632400914951e-11,0.0682385276506184,0.0,0.0,0.06778301791601632,2.01475934319468e-11,2.0589688933011572e-12,1.6417034040970422e-12,0.07977808987089186,0.07956046133741736,0.0,0.07016878086088833,0.0,0.0,2.0071481568343343e-13,0.0,1.4710828267571358e-10,0.07961570664585635,0.0,0.0,0.0,6.620462488035481e-12,0.0,0.0,1.9406272430805134e-11,0.06080071591058101,1.9469812950088602e-10,0.07947645264649401,0.020320980722623214,0.07380644864710986,0.0,0.08009489288691807,0.0
2020-08-10,0.0,0.0,0.08072942759146765,0.07924919807303483,0.0,0.0,0.08151177622527295,5.97028011223797e-11,0.06836270147383902,0.0,0.0,0.0686995127716205,2.0161256318602636e-11,2.0944967475910244e-12,1.6267309596364094e-12,0.07948340923402444,0.07964966490246285,0.0,0.07007533632109121,0.0,0.0,1.996274698551394e-13,0.0,1.4586221651559115e-10,0.07932990886230375,0.0,0.0,0.0,6.547428183494686e-12,0.0,0.0,1.956631859775123e-11,0.06030714729800603,1.937893327850193e-10,0.07985994648875078,0.020057679706718963,0.07348951763812858,0.0,0.07919477296372815,0.0
2020-08-11,0.0,0.0,0.08100613760615206,0.07935666104017419,0.0,0.0,0.08115060048300486,6.045417286915619e-11,0.06873206330915746,0.0,0.0,0.06902869828815836,2.023478423336985e-11,2.1143160095244128e-12,1.6211673052197998e-12,0.07902816966069239,0.08023083618896328,0.0,0.06966958020832575,0.0,0.0,1.9646212163596928e-13,0.0,1.4572640583003752e-10,0.07994512157842124,0.0,0.0,0.0,6.441924011292918e-12,0.0,0.0,1.9655637293678057e-11,0.05976384793888921,1.9351463639938803e-10,0.07966363555249845,0.02020999726415647,0.07341566973025382,0.0,0.07879898070119282,0.0
2020-08-12,0.0,0.0,0.08187067460283338,0.07928682757386891,0.0,0.0,0.0814498197341039,6.131372637569377e-11,0.06906628109817808,0.0,0.0,0.06802909573082778,2.005481422942438e-11,2.133407984541325e-12,1.6123216454686318e-12,0.08005527387330896,0.0799845162440461,0.0,0.06985688148713314,0.0,0.0,1.9091631280253109e-13,0.0,1.4523616068319836e-10,0.0792972274061758,0.0,0.0,0.0,6.3170282603239556e-12,0.0,0.0,1.9016843510801466e-11,0.061154418493468796,1.9742884598320707e-10,0.07861975790533697,0.020177251337456202,0.07280168872664948,0.0,0.07835028533330833,0.0
2020-08-13,0.0,0.0,0.0825179845644403,0.07899466442079268,0.0,0.0,0.08124712622114541,6.235789408154086e-11,0.06997547950185427,0.0,0.0,0.06765683475003154,2.0383197681206818e-11,2.1249716650643558e-12,1.6277763717398385e-12,0.08042120290578862,0.08008778375131188,0.0,0.06922760031917478,0.0,0.0,1.9094195800777068e-13,0.0,1.4473367920179137e-10,0.07920124872870946,0.0,0.0,0.0,6.329453329110334e-12,0.0,0.0,1.8568025737333945e-11,0.06110537280068202,1.9144311860689574e-10,0.07951819739963441,0.020037710265521064,0.07219656542684325,0.0,0.07781222849631123,0.0
2020-08-14,0.0,0.0,0.0825777882235181,0.07901501474007668,0.0,0.0,0.08164594185722317,6.168981871357178e-11,0.07017533324242137,0.0,0.0,0.06633729889061456,2.0445634871417225e-11,2.1567127168310752e-12,1.620973220170142e-12,0.08100375062659033,0.07984207261949215,0.0,0.06895813864527091,0.0,0.0,1.9014458098359882e-13,0.0,1.4652452054696225e-10,0.08045574091742144,0.0,0.0,0.0,6.40112355308849e-12,0.0,0.0,1.825947590794947e-11,0.0609895386083379,1.9381486859671483e-10,0.07952534709378774,0.020456624800730884,0.07176431739265815,0.0,0.07725309189075336,0.0
2020-08-17,0.0,0.0,0.08213346752960984,0.07935112340184323,0.0,0.0,0.08207415849468912,6.212351991415661e-11,0.07100899646103145,0.0,0.0,0.06721851032059198,2.0540987774291316e-11,2.183232554914333e-12,1.609520303279983e-12,0.08134014549807339,0.07947483098370575,0.0,0.06853708062803732,0.0,0.0,1.8902017900090487e-13,0.0,1.4503514026541895e-10,0.07884577130056772,0.0,0.0,0.0,6.408243745883468e-12,0.0,0.0,1.853683475492522e-11,0.06136348583840713,1.9483865461035355e-10,0.07875914590333453,0.020403002225929053,0.07359930593089675,0.0,0.07589097503181765,0.0
2020-08-18,0.0,0.0,0.08080242037413446,0.07964400752975909,0.0,0.0,0.0827393170799922,6.056808149196213e-11,0.070818181390942,0.0,0.0,0.06752059143080441,2.0228047107334596e-11,2.2038684018429352e-12,1.5720648464329175e-12,0.08213940338204866,0.07896959500919783,0.0,0.06804660879252271,0.0,0.0,1.8548202933725302e-13,0.0,1.489997107168268e-10,0.07850956409335838,0.0,0.0,0.0,6.4372691047024285e-12,0.0,0.0,1.8980490198050966e-11,0.06051289623946196,1.888913997412423e-10,0.07801255780853421,0.02042566461172337,0.07496596344367289,0.0,0.07689322836578152,0.0
2020-08-19,0.0,0.0,0.07972452089294162,0.07942871562147095,0.0,0.0,0.08249435750435258,6.033766951114164e-11,0.06965045867444733,0.0,0.0,0.06982060261783563,1.9870202023574914e-11,2.2617305631404266e-12,1.5511361995089779e-12,0.08149921204721021,0.07946369501922956,0.0,0.06816885714362875,0.0,0.0,1.8553638707433565e-13,0.0,1.488862716266807e-10,0.0781477623191064,0.0,0.0,0.0,6.347696917859141e-12,0.0,0.0,1.942923514242232e-11,0.059749779954660104,1.93250582743873e-10,0.07848927704534729,0.020171382938579594,0.07503029408059804,0.0,0.07816108368847192,0.0
2020-08-20,0.0,0.0,0.0797560255690872,0.07971249099139945,0.0,0.0,0.08204260988674562,6.020624876796995e-11,0.06970164053777941,0.0,0.0,0.06954020283671364,1.9522115849904014e-11,2.288992807930962e-12,1.5820975769414857e-12,0.0819697256394912,0.07884260073985554,0.0,0.06825511209306831,0.0,0.0,1.8209696794706346e-13,0.0,1.5089017911955098e-10,0.07849783223912288,0.0,0.0,0.0,6.400678063837669e-12,0.0,0.0,1.9209466043083896e-11,0.058728112477721126,1.954386897899095e-10,0.07946517582746251,0.019916458210274077,0.07440978055029956,0.0,0.079162231945259,0.0
2020-08-21,0.0,0.0,0.0794690031059535,0.07942667727479322,0.0,0.0,0.08126811169422664,6.061536142523804e-11,0.06952742053993542,0.0,0.0,0.0691991533141966,1.9739845553773182e-11,2.27943528125624e-12,1.579370839693968e-12,0.08284833420757269,0.0786141426180961,0.0,0.06842710493516718,0.0,0.0,1.7974560065995657e-13,0.0,1.4908229567794865e-10,0.07827269702125352,0.0,0.0,0.0,6.241308811421286e-12,0.0,0.0,1.9243617975841787e-11,0.05843139077916408,1.926436532551931e-10,0.07815154128141098,0.019759118010707382,0.07493472840369035,0.0,0.08167057636222771,0.0
2020-08-24,0.0,0.0,0.07990641693710875,0.0801494568005972,0.0,0.0,0.07955020784751678,6.070881907685296e-11,0.06917099967012477,0.0,0.0,0.0696476027184859,1.977202842941885e-11,2.3110295601468992e-12,1.5593637308887425e-12,0.0824905622176119,0.07820704136450056,0.0,0.07001623650386507,0.0,0.0,1.7557953727870274e-13,0.0,1.4909888621802126e-10,0.07787078038953749,0.0,0.0,0.0,6.254378781142148e-12,0.0,0.0,1.9308317071268525e-11,0.05828580547485384,1.9572251454384624e-10,0.07850110580549366,0.02004233550467786,0.07494114727168394,0.0,0.0812203010390314,0.0
2020-08-25,0.0,0.0,0.07988249118811419,0.08036596217855868,0.0,0.0,0.08032886596577941,5.988726385343865e-11,0.06947856855422668,0.0,0.0,0.070091452031019,1.9713811205990557e-11,2.344983323436845e-12,1.5748743352376528e-12,0.08105349983539958,0.07793898680746554,0.0,0.06906919317853162,0.0,0.0,1.7340873217857185e-13,0.0,1.4662899604966708e-10,0.07931594780957876,0.0,0.0,0.0,6.2877063353684965e-12,0.0,0.0,2.0249414661425724e-11,0.05684668968102084,1.9634853716539e-10,0.0787942591477169,0.020093881988818098,0.07625015558751129,0.0,0.08049004559305047,0.0
2020-08-26,0.0,0.0,0.0794803278396536,0.08036002172301034,0.0,0.0,0.08097919560565466,5.838015404838396e-11,0.07006034928184274,0.0,0.0,0.06914867430719492,1.9630536646920635e-11,2.3090840020343675e-12,1.560126810440076e-12,0.08103198135231517,0.07808632498381894,0.0,0.06893478896284236,0.0,0.0,1.7369190059396725e-13,0.0,1.4772416271215178e-10,0.07900757341819499,0.0,0.0,0.0,6.1963669942242575e-12,0.0,0.0,2.0616119890856257e-11,0.05650128290583856,1.9987573420775056e-10,0.07890817204791627,0.02007571544448064,0.07708894880162076,0.0,0.08033664286915007,0.0
2020-08-27,0.0,0.0,0.07896886322291151,0.08046587538830863,0.0,0.0,0.08076893945564247,5.81551501053257e-11,0.06993502829169669,0.0,0.0,0.06954210195779263,2.022427249344493e-11,2.316022343560154e-12,1.5431254229094796e-12,0.08064887467465527,0.07841070607400798,0.0,0.06980408046240795,0.0,0.0,1.7363839924249061e-13,0.0,1.4751406291389051e-10,0.0792131326221791,0.0,0.0,0.0,6.092621584496131e-12,0.0,0.0,2.0209908716944226e-11,0.056399536448506024,2.038397545807963e-10,0.07943568451262494,0.02029610002785378,0.07559299576043693,0.0,0.0805180806409075,0.0
2020-08-28,0.0,0.0,0.07826868593684934,0.08030433569726146,0.0,0.0,0.08078094254998687,5.929870308949953e-11,0.06996308426607668,0.0,0.0,0.06892818145680593,2.0621258117032154e-11,2.2709502176432437e-12,1.5573542164308096e-12,0.08161883765368266,0.07739522036456035,0.0,0.07108692569487618,0.0,0.0,1.7557443927770435e-13,0.0,1.4680683081649357e-10,0.07979022165643274,0.0,0.0,0.0,6.150207038854413e-12,0.0,0.0,2.041580299660755e-11,0.05539952022332224,2.074354449820093e-10,0.07965073202547465,0.020693097240827255,0.07532837617567716,0.0,0.08079183859343438,0.0
2020-08-31,0.0,0.0,0.07858024900332006,0.08025837007863804,0.0,0.0,0.08020861663724867,6.005687680542407e-11,0.06756251236844185,0.0,0.0,0.0680505739957278,2.062321414285318e-11,2.260505842933089e-12,1.5661920782424198e-12,0.0825550177051776,0.07822517214442457,0.0,0.0713368098514858,0.0,0.0,1.7472786178741216e-13,0.0,1.453845824734859e-10,0.07974056259795284,0.0,0.0,0.0,6.219918391976372e-12,0.0,0.0,2.0414402153713166e-11,0.05656768149895239,2.0550339915321811e-10,0.07965911515219048,0.020937860614867965,0.07442658861104708,0.0,0.08189086927832116,0.0
2020-09-01,0.0,0.0,0.0799999999971257,0.07999999992000105,0.07999999998240795,0.0,0.07999999998506403,4.762126569239505e-12,1.841182543509866e-11,0.0,0.0,0.0,0.0,0.0,0.019999999883386275,0.07999999998399925,0.07999999999657012,0.07999999998677211,0.0,0.0,0.0,0.06476246746136781,0.0,8.723849843436505e-11,0.07999999999440392,1.5755639288184198e-12,0.0,0.0,0.0,0.0,3.966381458259824e-13,0.0,0.07999999999577823,2.587714171998326e-11,0.07999999999675399,0.020000000040078937,0.07523753254438896,0.0,0.020000000093639735,0.0
2020-09-02,0.0,0.0,0.07992597902252502,0.08016973423979602,0.0809638308618448,0.0,0.07891364193613394,4.78222163070155e-12,1.855845918323066e-11,0.0,0.0,0.0,0.0,0.0,0.02007759241855862,0.07944041290482219,0.08018050304711505,0.0794930375435959,0.0,0.0,0.0,0.06468587968297912,0.0,8.718921760489104e-11,0.07991230262850996,1.5894034393207661e-12,0.0,0.0,0.0,0.0,3.8925511006648225e-13,0.0,0.0819792516672025,2.5885299939168845e-11,0.07954048674448798,0.020049280118398717,0.07520196092836759,0.0,0.019466106117268525,0.0
2020-09-03,0.0,0.0,0.08071528730968024,0.0806428981887898,0.08144210373874856,0.0,0.07851328662497804,4.796697401867894e-12,1.8834602780393466e-11,0.0,0.0,0.0,0.0,0.0,0.020238079196124296,0.07928950820765931,0.07973616059433535,0.07697230869575472,0.0,0.0,0.0,0.06525817036677402,0.0,8.72769157620908e-11,0.07930042694379409,1.593843404033205e-12,0.0,0.0,0.0,0.0,3.915165587330686e-13,0.0,0.0823217577782818,2.5818842780576043e-11,0.0796210642210524,0.020157813466783924,0.07613364305325131,0.0,0.019657491475279492,0.0
2020-09-04,0.0,0.0,0.08059596949038261,0.08084661625291906,0.0818229725738823,0.0,0.078491764392975,4.7502651044031334e-12,1.8540546043415776e-11,0.0,0.0,0.0,0.0,0.0,0.02023658917555246,0.07942489538813703,0.08030999806928883,0.07766325981849558,0.0,0.0,0.0,0.0632704533390349,0.0,8.663509753528759e-11,0.07953578098517011,1.5836704344741092e-12,0.0,0.0,0.0,0.0,3.9360884189370666e-13,0.0,0.08194556495764299,2.5430726683164744e-11,0.08033859994911549,0.019939514454996407,0.07541238167009767,0.0,0.02016563934497541,0.0
2020-09-07,0.0,0.0,0.08117698067081042,0.08061058598060329,0.0822786322824898,0.0,0.07884542785556839,4.687671535485005e-12,1.883811418656324e-11,0.0,0.0,0.0,0.0,0.0,0.020315075803205847,0.07978782153654401,0.07980255844560664,0.07741704583155973,0.0,0.0,0.0,0.06293521414270932,0.0,8.606767998537189e-11,0.07983828449172689,1.576931266282027e-12,0.0,0.0,0.0,0.0,3.9339672811950877e-13,0.0,0.08133780621657821,2.5383249580657305e-11,0.07969802036197272,0.02018121617562516,0.07621930825146783,0.0,0.0195560218165845,0.0
2020-09-08,0.0,0.0,0.08156686560790977,0.08034010464290578,0.08267319341356581,0.0,0.07779147683894938,4.7051076730311314e-12,1.8928086378613555e-11,0.0,0.0,0.0,0.0,0.0,0.0200753812621406,0.08042756347691461,0.0803237117882747,0.07718333518891402,0.0,0.0,0.0,0.06337476188897785,0.0,8.712779026449041e-11,0.07855186657647627,1.5701604108660257e-12,0.0,0.0,0.0,0.0,3.9500091358142385e-13,0.0,0.08131307549368305,2.5536648038974415e-11,0.0794930864928875,0.020261663566968943,0.07713905560578961,0.0,0.019484858017379092,0.0
2020-09-09,0.0,0.0,0.08104603682829713,0.07980851015258128,0.08360335921610862,0.0,0.0786750233781506,4.637110563967922e-12,1.915399356679843e-11,0.0,0.0,0.0,0.0,0.0,0.019697013301241226,0.07956233157836258,0.0807656339143628,0.0772112010835616,0.0,0.0,0.0,0.06368288674361099,0.0,8.605228554911114e-11,0.07872032986363336,1.5388169630855592e-12,0.0,0.0,0.0,0.0,3.8783735331834103e-13,0.0,0.08161852149888102,2.5458314877741176e-11,0.07844148169439796,0.019857266703309517,0.07777866891082835,0.0,0.019531734995444392,0.0
2020-09-10,0.0,0.0,0.0814534751623925,0.07874497333801679,0.08368554621366878,0.0,0.07806287946927122,4.557044701017501e-12,1.8907958658325038e-11,0.0,0.0,0.0,0.0,0.0,0.019764038821697152,0.07926523331441525,0.08058986321704026,0.07906004339928117,0.0,0.0,0.0,0.06424198979508428,0.0,8.571939514016667e-11,0.07894414896218609,1.4846212153411157e-12,0.0,0.0,0.0,0.0,3.8515902092234833e-13,0.0,0.08200239497696944,2.4875923005937872e-11,0.07884575527111375,0.019617221716548575,0.07619588640725133,0.0,0.019526549799133097,0.0
2020-09-11,0.0,0.0,0.0816733098281056,0.07739124994167873,0.08353272218102903,0.0,0.0775190973800141,4.523269900643765e-12,1.8367657130554648e-11,0.0,0.0,0.0,0.0,0.0,0.019762087889623563,0.07887927565360629,0.0797520067543125,0.07837047169727711,0.0,0.0,0.0,0.06487372802140405,0.0,8.315062696357443e-11,0.0787032097217303,1.4528400406755701e-12,0.0,0.0,0.0,0.0,3.7949579529439426e-13,0.0,0.0840629848356678,2.4057389929402785e-11,0.0795846605195957,0.019526454986475924,0.07704450217803671,0.0,0.019324238279511078,0.0
2020-09-14,0.0,0.0,0.0807482264697888,0.07762590894316097,0.08545284657090713,0.0,0.07811310173158853,4.5009730846404864e-12,1.8657506374813182e-11,0.0,0.0,0.0,0.0,0.0,0.020250941836982554,0.0784383641976673,0.07973807142776279,0.07803761018121029,0.0,0.0,0.0,0.06528415434085166,0.0,8.583828798477095e-11,0.07888186553633701,1.4437028907423168e-12,0.0,0.0,0.0,0.0,3.827618383233088e-13,0.0,0.0825016827074952,2.4008327618189463e-11,0.07969077785254775,0.019581594715594303,0.07633313671032876,0.0,0.019321716642945113,0.0
2020-09-15,0.0,0.0,0.0812488418677317,0.07663542140512816,0.0856680972147796,0.0,0.07891825388114454,4.523920451394388e-12,1.875513297021121e-11,0.0,0.0,0.0,0.0,0.0,0.020251904256337952,0.07944326189884529,0.07908657801003682,0.07922109797292495,0.0,0.0,0.0,0.06542959533487278,0.0,8.557260478080394e-11,0.07875896336910823,1.4411782811925751e-12,0.0,0.0,0.0,0.0,3.908741275229894e-13,0.0,0.08154755011306845,2.3616300787888898e-11,0.07930373023020072,0.019259383670258257,0.07608736055735552,0.0,0.019139960083906733,0.0
2020-09-16,0.0,0.0,0.08150185309464228,0.07687290223215186,0.08653230799944327,0.0,0.07856018991536724,4.467148942937575e-12,1.8691930778561154e-11,0.0,0.0,0.0,0.0,0.0,0.020477337368792366,0.07890988195726766,0.0790147162112309,0.07890690641068919,0.0,0.0,0.0,0.06517980571258881,0.0,8.560156309684955e-11,0.07876490336131726,1.4200975468609544e-12,0.0,0.0,0.0,0.0,3.8719766438506083e-13,0.0,0.08215192242506393,2.3552473979797754e-11,0.0788417639012659,0.018956330196675857,0.07585219259616645,0.0,0.0194769864832163,0.0
2020-09-17,0.0,0.0,0.08022049957126574,0.07819662944626808,0.08725802243347414,0.0,0.07855238138572754,4.4020234052741575e-12,1.869895163327033e-11,0.0,0.0,0.0,0.0,0.0,0.020728847124449643,0.07888252051749194,0.07855789946216545,0.07803156863053386,0.0,0.0,0.0,0.06508129889220987,0.0,8.437620110012176e-11,0.07960314860629362,1.4424252475485414e-12,0.0,0.0,0.0,0.0,3.9214353817111667e-13,0.0,0.08192543690601309,2.3742181451796405e-11,0.08001693987580051,0.019012070787311902,0.07435190684401947,0.0,0.019580829383920955,0.0
2020-09-18,0.0,0.0,0.08079023401046603,0.0782478621127254,0.08806905863292148,0.0,0.07841952231008738,4.38663435380752e-12,1.8644142280196886e-11,0.0,0.0,0.0,0.0,0.0,0.020987799881466814,0.07853030879474135,0.07818839659715873,0.07845499957184984,0.0,0.0,0.0,0.06450514261917681,0.0,8.421712202540569e-11,0.07968212141874619,1.4380108685836193e-12,0.0,0.0,0.0,0.0,3.884330884469436e-13,0.0,0.0814253061228886,2.3632799504469613e-11,0.07940416011141738,0.018655903168574173,0.07484441944922814,0.0,0.0197947650658442,0.0
2020-09-21,0.0,0.0,0.08020589116139432,0.07847233896505454,0.08735981886164436,0.0,0.07914001241158546,4.3436576372577814e-12,1.8625511872126626e-11,0.0,0.0,0.0,0.0,0.0,0.02110499913076384,0.07848896091716835,0.07829291784524398,0.07743701744110129,0.0,0.0,0.0,0.06472950897384569,0.0,8.279442570850052e-11,0.08020797644878451,1.4576177124928994e-12,0.0,0.0,0.0,0.0,3.99884928953667e-13,0.0,0.08186281912852779,2.3633994811519652e-11,0.07949961181557494,0.01871305834675301,0.07495043900591311,0.0,0.019534629415389394,0.0
2020-09-22,0.0,0.0,0.08005179475219032,0.07820184577667981,0.08898360408401024,0.0,0.07916170374533095,4.439770323004735e-12,1.8553184780711912e-11,0.0,0.0,0.0,0.0,0.0,0.021181578119532075,0.07826608380448084,0.07759133011860883,0.07716810041890197,0.0,0.0,0.0,0.06351295667993394,0.0,8.162993588870518e-11,0.08112490974749449,1.505070285371486e-12,0.0,0.0,0.0,0.0,4.0085355929071597e-13,0.0,0.08032658386670562,2.4123445529375418e-11,0.08043501005352796,0.018715977842997694,0.07566775341506748,0.0,0.019610767443885208,0.0
2020-09-23,0.0,0.0,0.0795243577533463,0.0780306657117621,0.08859242157798974,0.0,0.07908323271923856,4.379447497950785e-12,1.8278490165949648e-11,0.0,0.0,0.0,0.0,0.0,0.020959788058132246,0.07885174433205107,0.07771887883894238,0.07793205129005773,0.0,0.0,0.0,0.06420827198667678,0.0,8.21543578487882e-11,0.08035947734789262,1.5246388395786602e-12,0.0,0.0,0.0,0.0,3.96885974731276e-13,0.0,0.0812868351797724,2.384889283098875e-11,0.08004576213992981,0.018817326527459172,0.07504969396173905,0.0,0.01953949244442697,0.0
2020-09-24,0.0,0.0,0.08004205015309997,0.07702752279433063,0.08900949381070418,0.0,0.07897958648019504,4.3204093970020444e-12,1.850649769694523e-11,0.0,0.0,0.0,0.0,0.0,0.020715647383097124,0.07875026377803221,0.076745791864495,0.08001589803607276,0.0,0.0,0.0,0.0645222693900725,0.0,8.079341152347859e-11,0.08007251141318754,1.513858544829286e-12,0.0,0.0,0.0,0.0,4.061611468131027e-13,0.0,0.08177818669621698,2.3699630783601558e-11,0.07951388184808074,0.018878588952918586,0.074438477643134,0.0,0.019509829627122492,0.0
2020-09-25,0.0,0.0,0.08157905762724964,0.07588161268717428,0.08907158379154359,0.0,0.07888445066666787,4.402436562001564e-12,1.856462185912844e-11,0.0,0.0,0.0,0.0,0.0,0.020471433138735874,0.07908247684394024,0.07699624413677822,0.08238803959930995,0.0,0.0,0.0,0.063682868722963,0.0,8.00216714663186e-11,0.08009629640038313,1.5041492337418814e-12,0.0,0.0,0.0,0.0,4.0961515026222383e-13,0.0,0.08135295796206887,2.3269078360857838e-11,0.07951802089868897,0.01881020954021269,0.07274811810600604,0.0,0.019436629750105783,0.0
2020-09-28,0.0,0.0,0.08046234447015749,0.07543440087328412,0.08886841143337407,0.0,0.07880714236294015,4.344424772777052e-12,1.8409956282304253e-11,0.0,0.0,0.0,0.0,0.0,0.020298793670044304,0.07846868869243268,0.07704916993830847,0.08367763821691569,0.0,0.0,0.0,0.065179075809554,0.0,7.988697440222506e-11,0.08035726992952862,1.5155815010208777e-12,0.0,0.0,0.0,0.0,4.0789516603339336e-13,0.0,0.08106611064889543,2.3312454077394553e-11,0.07944528351101614,0.018699752605823614,0.07301590252743946,0.0,0.019170015182408205,0.0
2020-09-29,0.0,0.0,0.08029132818958082,0.07654884963365313,0.08776144113165821,0.0,0.07945780658202421,4.364796386593502e-12,1.926344024328037e-11,0.0,0.0,0.0,0.0,0.0,0.020224444662383836,0.0789929190642755,0.07735337724888261,0.08441442841308493,0.0,0.0,0.0,0.064836628720158,0.0,7.975471155542352e-11,0.0799424611250148,1.5168967387703003e-12,0.0,0.0,0.0,0.0,4.079778697081609e-13,0.0,0.08128319182154688,2.3561285667085488e-11,0.07762598710204133,0.01898787922127664,0.0731396304213924,0.0,0.0191396265341573,0.0
2020-09-30,0.0,0.0,0.08030445678252697,0.0767324914441595,0.08850420584462398,0.0,0.07839038208638452,4.396134278121069e-12,1.9333875322737964e-11,0.0,0.0,0.0,0.0,0.0,0.020510770666324254,0.07822384393056904,0.07753241550450256,0.0834915545505301,0.0,0.0,0.0,0.06521983021513636,0.0,7.758361325257533e-11,0.07955108513666227,1.5211873988730274e-12,0.0,0.0,0.0,0.0,4.122892030837718e-13,0.0,0.08304303402493243,2.3989612836903783e-11,0.07733795578208942,0.018904597985075582,0.07289764275089333,0.0,0.019355733168352627,0.0
2020-10-01,0.0,0.0,0.07999999999393886,0.07999999999716557,0.07999999999564081,5.306547949368247e-12,0.07999999999539285,0.0,3.051666989982354e-12,0.0,0.0,0.04427535895646279,0.0,0.0,0.0,0.07999999998633109,0.0800000000010352,5.14767489149927e-12,6.941980912662931e-13,0.0,0.0,0.0,0.0,8.686925641564283e-11,0.0799999999867071,4.496551983316236e-11,0.0,2.265585232308569e-11,0.0,9.028534085565734e-12,0.0,0.0,0.07999999998070545,3.0168635597984348e-12,0.0800000000005084,0.0799999999961432,0.07999999998209785,0.05572464053174591,0.02000000041538898,0.0
2020-10-02,0.0,0.0,0.07896443163935954,0.07916625180511028,0.08081726684430267,5.415395247847169e-12,0.07999577870756505,0.0,2.962700600517465e-12,0.0,0.0,0.044521832813395806,0.0,0.0,0.0,0.08135616174825461,0.07932785025430282,5.109366803770568e-12,6.932225370150481e-13,0.0,0.0,0.0,0.0,8.578315966819733e-11,0.08111022794954174,4.5263849446763777e-11,0.0,2.2575170505438953e-11,0.0,9.139990662144137e-12,0.0,0.0,0.07793667269787233,3.0498348096214176e-12,0.08137658389020001,0.08100530783750985,0.08039666753115607,0.054226739747666015,0.019798226353770695,0.0
2020-10-05,0.0,0.0,0.07908578220960351,0.07857087288620748,0.08089234584406578,5.4168698919375635e-12,0.07925520955648165,0.0,2.9532026886275994e-12,0.0,0.0,0.044437022940776526,0.0,0.0,0.0,0.08112926139876539,0.07977008352744491,5.0584564673881336e-12,6.900762915280964e-13,0.0,0.0,0.0,0.0,8.567251253904661e-11,0.08167415410715596,4.5750603810043824e-11,0.0,2.2578634861117714e-11,0.0,9.231546409998524e-12,0.0,0.0,0.07761311791874825,3.0351654187979557e-12,0.0814466814507754,0.08168774232845671,0.08081755269983788,0.05379166701036831,0.019828505940925386,0.0
2020-10-06,0.0,0.0,0.08037082236208223,0.07897848522556768,0.08156683439362485,5.479948222148508e-12,0.07899672954518694,0.0,2.8476493900408165e-12,0.0,0.0,0.04494052489018711,0.0,0.0,0.0,0.08053864797484654,0.07988064387975691,4.9795261435214605e-12,6.848751248877343e-13,0.0,0.0,0.0,0.0,8.673771468347167e-11,0.08070509506632653,4.480182118229813e-11,0.0,2.3109889900614598e-11,0.0,9.166896358256927e-12,0.0,0.0,0.0758713708075556,3.054033345378571e-12,0.08143659798899314,0.08154099440595698,0.0804921599082342,0.055051880087412436,0.01962921328340671,0.0
2020-10-07,0.0,0.0,0.08079041349974078,0.07901742878534951,0.08162303652279242,5.3564056837214734e-12,0.07853117362939342,0.0,2.904049878772346e-12,0.0,0.0,0.04415802807256429,0.0,0.0,0.0,0.079091352538638,0.08011128618847865,5.032714415141123e-12,6.827690823015846e-13,0.0,0.0,0.0,0.0,8.68105535013878e-11,0.080524763287424,4.4204405768843897e-11,0.0,2.3215727341149354e-11,0.0,9.144320885930971e-12,0.0,0.0,0.07743903739653508,3.1278134319738613e-12,0.08288520303221507,0.08142280534004134,0.07960662926627354,0.05501484146847047,0.019784000791604823,0.0
2020-10-08,0.0,0.0,0.08081650075938301,0.07912834272699205,0.08084961534579116,5.386821922327607e-12,0.07962748187458529,0.0,2.88916198336016e-12,0.0,0.0,0.043573662105048434,0.0,0.0,0.0,0.0792300017870449,0.07937417824233088,5.0215589785078146e-12,6.914916114379331e-13,0.0,0.0,0.0,0.0,8.661744267963857e-11,0.0802964927378999,4.522983784379809e-11,0.0,2.335735697992661e-11,0.0,9.258951447862944e-12,0.0,0.0,0.0776504038773435,3.2258339615236814e-12,0.08194001977735173,0.08231804223796618,0.0793145445537015,0.05562490980342762,0.020255803989455565,0.0
2020-10-09,0.0,0.0,0.08048578529942219,0.07985460181460002,0.08059648462540113,5.325039562499503e-12,0.0790771303111917,0.0,2.9255285669429457e-12,0.0,0.0,0.04294508213250942,0.0,0.0,0.0,0.0792692871810423,0.07955294288313887,4.964853760264002e-12,6.906122238714229e-13,0.0,0.0,0.0,0.0,8.685733707562272e-11,0.0804608486581659,4.4654101393500614e-11,0.0,2.3795681626661992e-11,0.0,9.267133890033064e-12,0.0,0.0,0.07892665456823472,3.1954254295943316e-12,0.08340613150998354,0.08110547604540307,0.07975863461382873,0.05432540382419153,0.020235536351211357,0.0
2020-10-12,0.0,0.0,0.08006032785285105,0.07938438453564044,0.08017467290686238,5.464603398903223e-12,0.07974128956794142,0.0,2.8985626759223666e-12,0.0,0.0,0.04289228912305632,0.0,0.0,0.0,0.07944482119865047,0.08008086900544407,4.7861495240311396e-12,6.904057651519412e-13,0.0,0.0,0.0,0.0,8.743720249604713e-11,0.08053927108343523,4.469026458348418e-11,0.0,2.4358020976370547e-11,0.0,9.10731032903814e-12,0.0,0.0,0.07880241440192454,3.1476108600216823e-12,0.08338301848224262,0.08183720967750487,0.0788382900558577,0.05462418854112375,0.020196953384885186,0.0
2020-10-13,0.0,0.0,0.07909513798803199,0.07936213430137179,0.08124710166582365,5.4777662562279315e-12,0.07969649067078703,0.0,2.8680357729970096e-12,0.0,0.0,0.04290446335864399,0.0,0.0,0.0,0.07988843391303567,0.0786678547518933,4.798749999267067e-12,6.914123178906178e-13,0.0,0.0,0.0,0.0,8.799481517411597e-11,0.08091011621471302,4.409004259514619e-11,0.0,2.4383838669499282e-11,0.0,9.110186303473574e-12,0.0,0.0,0.08070360010399209,3.087919998786435e-12,0.08280404054950322,0.08117538327244962,0.07885211954152441,0.05423525014143934,0.02045787334428829,0.0
2020-10-14,0.0,0.0,0.08022129365197792,0.08023121148237077,0.07952870366452504,5.54199388645094e-12,0.08008583678818335,0.0,2.9163256102412967e-12,0.0,0.0,0.04311989168784212,0.0,0.0,0.0,0.08050218513926036,0.07916795688190896,4.8172117298261736e-12,6.790468250945659e-13,0.0,0.0,0.0,0.0,8.660082267679128e-11,0.08030388345466194,4.455117791083012e-11,0.0,2.431950786105485e-11,0.0,9.185044272634177e-12,0.0,0.0,0.07908239933480414,3.066568913677544e-12,0.08123546753107581,0.08173037410921682,0.07910953735046243,0.055079986370277396,0.02060127237175545,0.0
2020-10-15,0.0,0.0,0.07766672021713465,0.08092516400609173,0.08139578461474657,5.5733411042727405e-12,0.08159309676174228,0.0,2.9410835066026403e-12,0.0,0.0,0.04269288051588457,0.0,0.0,0.0,0.08015052028194902,0.07879960488829864,4.735858552362341e-12,6.836962515950535e-13,0.0,0.0,0.0,0.0,8.566768990016854e-11,0.08097704206299332,4.5085253048293333e-11,0.0,2.3724748329565194e-11,0.0,9.004281939323397e-12,0.0,0.0,0.07990011036780997,3.0459211682026594e-12,0.0808349009701845,0.0815315006310793,0.07919014305091926,0.053910444386289266,0.02043208706441518,0.0
2020-10-16,0.0,0.0,0.07737699173174274,0.08117915791889578,0.08286820782290043,5.535452750633523e-12,0.08160563181905721,0.0,2.893389396061417e-12,0.0,0.0,0.043090565206289316,0.0,0.0,0.0,0.0801063009286466,0.0785961594420589,4.717628851956752e-12,6.992905238260751e-13,0.0,0.0,0.0,0.0,8.329867213220955e-11,0.08060230868788085,4.4022454152342456e-11,0.0,2.3512617964161156e-11,0.0,9.062720390883654e-12,0.0,0.0,0.079839772916645,3.12844921474452e-12,0.07983724445723309,0.08100798051197936,0.0793992973302684,0.053526639066720255,0.020963741982811455,0.0
2020-10-19,0.0,0.0,0.07782375663551742,0.08069776866408811,0.08220651547813569,5.600842438178339e-12,0.08140724694970941,0.0,2.8362862015044954e-12,0.0,0.0,0.04292821817386781,0.0,0.0,0.0,0.08056778900181014,0.07877129030266831,4.499964045009299e-12,7.010946745235727e-13,0.0,0.0,0.0,0.0,8.206263906319111e-11,0.07991292849878069,4.432465828173571e-11,0.0,2.3960655714700348e-11,0.0,9.009560919240631e-12,0.0,0.0,0.08156639428382045,3.1115458895047058e-12,0.07944078454753334,0.08000418694509165,0.08041503127810838,0.05347881584836433,0.020779273216397033,0.0
2020-10-20,0.0,0.0,0.07788676213503731,0.08129493933982943,0.07967519483928567,5.636147320666386e-12,0.0809445150292921,0.0,2.905911162582463e-12,0.0,0.0,0.04302650072631416,0.0,0.0,0.0,0.0815997882811448,0.0784601062928419,4.582219770180511e-12,6.999048545040735e-13,0.0,0.0,0.0,0.0,8.221602226963505e-11,0.0798722645475143,4.411309332092882e-11,0.0,2.4060209943099997e-11,0.0,9.159056095048786e-12,0.0,0.0,0.0793288378270154,3.1216326445552204e-12,0.0807108271187585,0.08270903117898727,0.08034439890780205,0.053068120102941534,0.021078713496741328,0.0
2020-10-21,0.0,0.0,0.07878917102925662,0.08150693483451918,0.08063621771904678,5.528291406716542e-12,0.08146753784954966,0.0,2.951713831639784e-12,0.0,0.0,0.04257549851126275,0.0,0.0,0.0,0.08234493514996714,0.07900027251855349,4.667357030713359e-12,6.910306550035541e-13,0.0,0.0,0.0,0.0,8.228958970188345e-11,0.07867898486344285,4.424438870496769e-11,0.0,2.3706934975802175e-11,0.0,8.879823461477794e-12,0.0,0.0,0.07881362662990762,3.1447067137897995e-12,0.0797791085266436,0.08243989819092842,0.08203995346358978,0.05096034362203959,0.02096751691518858,0.0
2020-10-22,0.0,0.0,0.08087462919809874,0.08163927356860308,0.07960412237618056,5.360560507119684e-12,0.08230858286399481,0.0,2.938927656450047e-12,0.0,0.0,0.042404940038351116,0.0,0.0,0.0,0.08213703585424478,0.07964348636768036,4.735902504167309e-12,6.931196696058982e-13,0.0,0.0,0.0,0.0,8.259232953392109e-11,0.07847290207915489,4.389876877134785e-11,0.0,2.4049661828981564e-11,0.0,8.836915682940261e-12,0.0,0.0,0.07952233672058749,3.1585152212795397e-12,0.07860205472366541,0.08054823456946643,0.08239435224951704,0.05098875725118439,0.020859291963006017,0.0
2020-10-23,0.0,0.0,0.08213804553502237,0.08169760939019795,0.08114447943226617,5.235429904650348e-12,0.08145862451719688,0.0,2.912687244443471e-12,0.0,0.0,0.04213464883505334,0.0,0.0,0.0,0.08015754133532432,0.07789547204636699,4.914990241276991e-12,6.863212477616424e-13,0.0,0.0,0.0,0.0,8.356068134922509e-11,0.07948265725119068,4.3509960074692674e-11,0.0,2.4044254678263647e-11,0.0,8.942311389158893e-12,0.0,0.0,0.08035496558339196,3.113682065801854e-12,0.07967844708443658,0.07994511446489758,0.08195832100015742,0.05096466740168558,0.020989405945891725,0.0
2020-10-26,0.0,0.0,0.08145029796802206,0.08181339595603633,0.08101337403730463,5.333845598259565e-12,0.08142682048241857,0.0,2.895249524918611e-12,0.0,0.0,0.04197419247497337,0.0,0.0,0.0,0.07997174417021835,0.07763252093050511,4.981875009979617e-12,6.868618900599011e-13,0.0,0.0,0.0,0.0,8.479243795460776e-11,0.07931552497275687,4.300491049613751e-11,0.0,2.441439429230874e-11,0.0,8.97292490633347e-12,0.0,0.0,0.0834803143106315,3.0889912180384755e-12,0.07984128951915354,0.08048541234749962,0.08061492101645656,0.049983263794395924,0.020996927841455935,0.0
2020-10-27,0.0,0.0,0.08168747730940279,0.08230064143536038,0.08081632412776801,5.354476127238466e-12,0.08169251563253524,0.0,2.890088789847401e-12,0.0,0.0,0.04245921976586597,0.0,0.0,0.0,0.07965498329888496,0.07783778189547827,4.75488912364912e-12,6.983514277395011e-13,0.0,0.0,0.0,0.0,8.443146210409916e-11,0.07957767692094693,4.2969896572345303e-11,0.0,2.4009647125280468e-11,0.0,8.761413033415344e-12,0.0,0.0,0.08334354629512077,3.1513560431179706e-12,0.07966163373825326,0.08039517790138725,0.07996862260958354,0.04984035372671994,0.02076404516567091,0.0
2020-10-28,0.0,0.0,0.08011083659567175,0.08239947277874361,0.08058463060159493,5.421523340820502e-12,0.08217605907351824,0.0,2.82324177931049e-12,0.0,0.0,0.04288742401495781,0.0,0.0,0.0,0.07959895223162379,0.07725929810594505,4.708625973212484e-12,6.95048839928826e-13,0.0,0.0,0.0,0.0,8.42750366949165e-11,0.07942393463448577,4.249614106785196e-11,0.0,2.3672843075655603e-11,0.0,8.839836025259488e-12,0.0,0.0,0.08205259030394955,3.2025462995727622e-12,0.07905699202878841,0.08033608396345446,0.08364761864583684,0.04976503097891378,0.020701075866381004,0.0
2020-10-29,0.0,0.0,0.07937118038491135,0.08267485811539295,0.08088054308039322,5.380209562500625e-12,0.08301361953077975,0.0,2.8473946501520525e-12,0.0,0.0,0.04265166377028351,0.0,0.0,0.0,0.08004735578887906,0.07615721078556743,4.694809465510749e-12,6.949741417699751e-13,0.0,0.0,0.0,0.0,8.187753168362358e-11,0.07842683501401618,4.262616527635408e-11,0.0,2.3516664240424785e-11,0.0,8.83031803535967e-12,0.0,0.0,0.08352698332714462,3.199969789182976e-12,0.07844985316620273,0.0815791853475963,0.0827358654418034,0.04969091141286465,0.020793934660496647,0.0
2020-10-30,0.0,0.0,0.08061783057334111,0.08368439175740448,0.08095047203157851,5.316160419122514e-12,0.08297721595933924,0.0,2.80286856344491e-12,0.0,0.0,0.04206284301691674,0.0,0.0,0.0,0.07934224590006313,0.07622917234673521,4.554995785950788e-12,6.966499184508739e-13,0.0,0.0,0.0,0.0,8.347459440031412e-11,0.07892601818307171,4.343830368134138e-11,0.0,2.3685107107894118e-11,0.0,8.996172445656383e-12,0.0,0.0,0.08289024516613824,3.2022286201329026e-12,0.07840767128997904,0.08200792228532833,0.08188765852517386,0.049221582773462905,0.020794730015300272,0.0
2020-11-02,0.0,0.0,0.0799999999902047,3.3739229463861166e-11,0.07999999999317711,3.2744481269697014e-11,0.07999999979890805,0.0,0.07999999982643494,0.0,0.0,0.07999999999633899,0.0,6.293038258688665e-12,0.0,0.07999999989448538,0.07999999999872406,3.9433979534238156e-11,9.497823306848524e-12,0.0,0.0486426113153137,0.0,0.0,1.4395474330717126e-11,0.07765122117075947,0.035054782769604,0.0,1.0907183644956228e-12,0.0,0.06234877883949619,0.0,0.0,0.0,0.0,0.07999999998917112,0.036302606120706356,1.7203555526493797e-11,0.07999999998330191,0.020000000158975823,0.0
2020-11-03,0.0,0.0,0.07897454504694228,3.338972996394849e-11,0.08092071716448894,3.237679397492489e-11,0.0798038508258712,0.0,0.07813322314097908,0.0,0.0,0.0804742556465767,0.0,6.278328330838621e-12,0.0,0.07865213709516396,0.07951709020360989,3.929621914390467e-11,9.438021142873472e-12,0.0,0.04841610129430449,0.0,0.0,1.4361348853635127e-11,0.07753218945428142,0.034952023159057516,0.0,1.0864764347572357e-12,0.0,0.0634399493008896,0.0,0.0,0.0,0.0,0.0808782699790075,0.03567129530644117,1.7647971758630236e-11,0.08271669843361644,0.019917653794894963,0.0
2020-11-04,0.0,0.0,0.07855336495062032,3.36915795226647e-11,0.07853485819695842,3.166137425236417e-11,0.07997289664555789,0.0,0.0776639805863921,0.0,0.0,0.08126861329574295,0.0,6.194012096848783e-12,0.0,0.07882230971111834,0.07961346388702951,3.8956411966248656e-11,9.46271513367742e-12,0.0,0.04845279484491502,0.0,0.0,1.4467608921297856e-11,0.0768270150729848,0.03518924729485615,0.0,1.0798858405796023e-12,0.0,0.06484059877791558,0.0,0.0,0.0,0.0,0.08099952099815336,0.03590619200161291,1.7586917467164163e-11,0.08367960782102572,0.019675535762016534,0.0
2020-11-05,0.0,0.0,0.07787098792600516,3.425331735591692e-11,0.07925716813251721,3.134675548375124e-11,0.08081072868966885,0.0,0.07793000580304925,0.0,0.0,0.08100999674705815,0.0,6.3647642412197695e-12,0.0,0.0800485852506861,0.07995229402149452,3.9263242760588547e-11,9.54201006860949e-12,0.0,0.04946533329241134,0.0,0.0,1.4054022561830015e-11,0.07635734358427053,0.03589640593494191,0.0,1.076202178674972e-12,0.0,0.06279163569344813,0.0,0.0,0.0,0.0,0.07933783125997708,0.03605842768826132,1.7987141241480873e-11,0.08340832120354637,0.01980493461877661,0.0
2020-11-06,0.0,0.0,0.07791467459301776,3.425052735146586e-11,0.07817403141806376,3.163084395031635e-11,0.08101511490651535,0.0,0.07989225992368229,0.0,0.0,0.0815219929233888,0.0,6.448278322585271e-12,0.0,0.07961471354139155,0.08029667262799171,3.90845073323824e-11,9.504398369114175e-12,0.0,0.05014276615046359,0.0,0.0,1.400825146460968e-11,0.0751364350440977,0.03569492605473608,0.0,1.083288627711511e-12,0.0,0.061921854588173425,0.0,0.0,0.0,0.0,0.0798365349284591,0.036078321903688614,1.8062422341150484e-11,0.08337131642034,0.0193883848219177,0.0
2020-11-09,0.0,0.0,0.07763813293558626,3.4701527673163696e-11,0.07648259222167793,3.1523434488483274e-11,0.08133215115297619,0.0,0.08155833282305301,0.0,0.0,0.08134698692588414,0.0,6.634395085507592e-12,0.0,0.07963231789769233,0.08091765329966456,3.841782104822816e-11,9.53348134643605e-12,0.0,0.048754052890104545,0.0,0.0,1.4233514451120714e-11,0.07412908107552012,0.03688409175158435,0.0,1.1058252695755966e-12,0.0,0.06159183442906527,0.0,0.0,0.0,0.0,0.07974493836589776,0.03598284262904752,1.8119130764233108e-11,0.08451237555074877,0.019492615897228074,0.0
2020-11-10,0.0,0.0,0.077979906695634,3.45830350512049e-11,0.07723956219111862,3.136628293041677e-11,0.08142271574546535,0.0,0.08064981534151196,0.0,0.0,0.0822706145436218,0.0,6.754903982692065e-12,0.0,0.07999536834487006,0.08164564634191218,3.733990145025307e-11,9.42744515235784e-12,0.0,0.049117835510712124,0.0,0.0,1.4592915091833625e-11,0.07338958987543191,0.03799103455900152,0.0,1.122988054094331e-12,0.0,0.06109899414545894,0.0,0.0,0.0,0.0,0.07906022055813232,0.035426153491492335,1.8149536821046998e-11,0.08342429879679288,0.019288243705506868,0.0
2020-11-11,0.0,0.0,0.07813141435266978,3.492720674644477e-11,0.07798434766916085,3.239191513027398e-11,0.08204233663992831,0.0,0.07997795765335484,0.0,0.0,0.08224502098073255,0.0,6.831807410708366e-12,0.0,0.08060440562605112,0.0819539170625133,3.736961917472436e-11,9.59505651794381e-12,0.0,0.04905048182291424,0.0,0.0,1.4275001049456686e-11,0.07336025190149448,0.03754760129994822,0.0,1.1325847669122106e-12,0.0,0.06023865406452007,0.0,0.0,0.0,0.0,0.07863151536414319,0.03551160179696086,1.810886229301287e-11,0.08312136545471938,0.019599128156256605,0.0
2020-11-12,0.0,0.0,0.07840792791741621,3.444178731909298e-11,0.07824580896997564,3.270721238927989e-11,0.08239065580302851,0.0,0.07935752504660386,0.0,0.0,0.08118209419921095,0.0,6.592851730215301e-12,0.0,0.08059846582413262,0.0817134830297398,3.6886585991193384e-11,9.465128135010672e-12,0.0,0.048867874054011606,0.0,0.0,1.4132186183096967e-11,0.07403452028943144,0.0371671122702276,0.0,1.112510740961391e-12,0.0,0.05989907787802554,0.0,0.0,0.0,0.0,0.07869937499408819,0.03526416983575337,1.826840824962498e-11,0.08466481383908381,0.01950709589566394,0.0
2020-11-13,0.0,0.0,0.07888961081681264,3.4104916354546534e-11,0.07831248165845096,3.296142797602713e-11,0.08125345529725303,0.0,0.07787855089075527,0.0,0.0,0.08220939587117558,0.0,6.557013603610187e-12,0.0,0.0807014977834166,0.08207652677533749,3.698919419055005e-11,9.254024426236754e-12,0.0,0.04923312525161373,0.0,0.0,1.377004307860957e-11,0.0740523241765407,0.03732031693365935,0.0,1.1052542088527359e-12,0.0,0.060655693398837675,0.0,0.0,0.0,0.0,0.07935335486155005,0.03498335223649166,1.8605996082267015e-11,0.08342894953774276,0.019651364357014468,0.0
2020-11-16,0.0,0.0,0.07964510014050813,3.3494456820132626e-11,0.07836131158883503,3.329110270261893e-11,0.08057523037123944,0.0,0.07646966233501706,0.0,0.0,0.08155488774871479,0.0,6.429506330082495e-12,0.0,0.08132570459878377,0.08297340464478353,3.610251368545935e-11,9.132414696014648e-12,0.0,0.04987275353583788,0.0,0.0,1.3589542236554047e-11,0.07396154191528653,0.038867245977299035,0.0,1.108791484162908e-12,0.0,0.05968438245191833,0.0,0.0,0.0,0.0,0.07907443018834284,0.03464565179526731,1.8815032512943093e-11,0.08339055450903697,0.01959813804716589,0.0
2020-11-17,0.0,0.0,0.0791848981981526,3.3709065464327486e-11,0.0789419115454912,3.385845171526257e-11,0.07955555726313793,0.0,0.07652945881903907,0.0,0.0,0.0820325567459474,0.0,6.3599838251655645e-12,0.0,0.08048346161910692,0.08195358069579392,3.5144816179279807e-11,9.227804381819038e-12,0.0,0.04941648530734466,0.0,0.0,1.3357557427878022e-11,0.07471010778091941,0.039636679490468445,0.0,1.1036659450826386e-12,0.0,0.05938646925304687,0.0,0.0,0.0,0.0,0.08027995951361475,0.034323432682422036,1.9097159907715698e-11,0.08361152386702884,0.019953917066627306,0.0
2020-11-18,0.0,0.0,0.07876190582571267,3.3794830847099913e-11,0.07919952817960584,3.4194445782240214e-11,0.07887539872522992,0.0,0.07584032145965684,0.0,0.0,0.08382944002163044,0.0,6.523202568846204e-12,0.0,0.08137541260440642,0.08240991959157126,3.5098863290586484e-11,9.333749261545471e-12,0.0,0.050379520101287184,0.0,0.0,1.3101990285813089e-11,0.074914929078535,0.04044704068208039,0.0,1.1046517487802076e-12,0.0,0.05866059897041771,0.0,0.0,0.0,0.0,0.07973354199979783,0.034230210850317896,1.896002478639834e-11,0.08147987800104847,0.019862353756590182,0.0
2020-11-19,0.0,0.0,0.07783670385450105,3.39042769218464e-11,0.07919725894880827,3.357640912966771e-11,0.07872834606708859,0.0,0.07651132692775771,0.0,0.0,0.08458742188892628,0.0,6.491891433419676e-12,0.0,0.07958349915899204,0.08243103078053454,3.4475604704678785e-11,9.29539410878949e-12,0.0,0.050739476203497474,0.0,0.0,1.3096597102421989e-11,0.0754994302832283,0.04010767943175644,0.0,1.098634983425391e-12,0.0,0.05906232420275225,0.0,0.0,0.0,0.0,0.07975931727861081,0.03335943175490535,1.8883893343395112e-11,0.08328705320348462,0.019309699864333438,0.0
2020-11-20,0.0,0.0,0.07787584390293607,3.360303423707536e-11,0.08026308804220375,3.355200096923612e-11,0.07871719197793398,0.0,0.07549031169854366,0.0,0.0,0.08312586343959658,0.0,6.582481942674457e-12,0.0,0.0797390194830291,0.08254546561707868,3.402607316839294e-11,9.164750986851497e-12,0.0,0.05005229577112536,0.0,0.0,1.276950545903351e-11,0.07538085792673334,0.039557850156093206,0.0,1.0941795714085933e-12,0.0,0.06035001831540975,0.0,0.0,0.0,0.0,0.07996664951567323,0.03376052908112329,1.888196043386132e-11,0.08439254944961587,0.018782465473230047,0.0
2020-11-23,0.0,0.0,0.07809395667530357,3.331076145054357e-11,0.08144358195647595,3.310424246857675e-11,0.07882090678065827,0.0,0.07415275492584511,0.0,0.0,0.08147558047004524,0.0,6.491930123814326e-12,0.0,0.07999340688736045,0.0825551404174078,3.429791779603189e-11,9.055554121834324e-12,0.0,0.0502050263257166,0.0,0.0,1.2470746472031845e-11,0.0751069595795596,0.039868835333783104,0.0,1.1087603410535314e-12,0.0,0.06081119341956739,0.0,0.0,0.0,0.0,0.0796422460816271,0.033855815585158995,1.8496721409018125e-11,0.08543370214895542,0.018540893264198676,0.0
2020-11-24,0.0,0.0,0.07864899685545294,3.353305006487704e-11,0.0785676401975178,3.2754244075442437e-11,0.08001688851866107,0.0,0.07318167285422986,0.0,0.0,0.08142419407081962,0.0,6.6154393749862105e-12,0.0,0.07990818237413568,0.08427020237241839,3.387603652998913e-11,9.088532994333313e-12,0.0,0.0498859343113345,0.0,0.0,1.2580618714824944e-11,0.0758292389004273,0.03954122423081813,0.0,1.1234693296700883e-12,0.0,0.06269886890031698,0.0,0.0,0.0,0.0,0.0792923249601857,0.033820002864597555,1.890687861085959e-11,0.08421102166542051,0.01870360677518563,0.0
2020-11-25,0.0,0.0,0.07939182776650966,3.374068037944327e-11,0.07731718176896261,3.208905940381813e-11,0.08119863609896044,0.0,0.07281686699386303,0.0,0.0,0.08323058492473462,0.0,6.516975492765467e-12,0.0,0.07938696030224107,0.08473725311630621,3.3954751353685885e-11,9.02571519378729e-12,0.0,0.05031949345670469,0.0,0.0,1.2422621271989375e-11,0.07528310021353612,0.03903153673818184,0.0,1.1345788196000554e-12,0.0,0.061962317975430066,0.0,0.0,0.0,0.0,0.07876093293217196,0.033643481417002775,1.8965285675107828e-11,0.08400801737929027,0.018911808768254802,0.0
2020-11-26,0.0,0.0,0.07876521175022135,3.3732881248908745e-11,0.07659580770542013,3.220380173017274e-11,0.08160636533473341,0.0,0.07412187739053043,0.0,0.0,0.08584501214622889,0.0,6.617253621088694e-12,0.0,0.0792300601005656,0.08635575630854479,3.480556505866147e-11,9.015488279039917e-12,0.0,0.050490594492249075,0.0,0.0,1.2598103560102536e-11,0.07458365100388892,0.03810459597987351,0.0,1.116813573953807e-12,0.0,0.05934246481291936,0.0,0.0,0.0,0.0,0.07820035040409025,0.033467133692963974,1.941528192788761e-11,0.08417195294706757,0.01911916578119735,0.0
2020-11-27,0.0,0.0,0.07891612206776202,3.335356664395262e-11,0.07733215133949559,3.215075004226364e-11,0.08217361179748153,0.0,0.07535348252192064,0.0,0.0,0.08488543133994271,0.0,6.495836105256259e-12,0.0,0.07913013513253908,0.08628298678837125,3.519966854476577e-11,8.973864321057327e-12,0.0,0.05057943007227399,0.0,0.0,1.2705726778628067e-11,0.07361202449500935,0.03792468975786916,0.0,1.1138355519523792e-12,0.0,0.060850039272566055,0.0,0.0,0.0,0.0,0.07796945232572622,0.03382298352714146,1.9505260040210212e-11,0.08210928895882262,0.019058170453579548,0.0
2020-11-30,0.0,0.0,0.0798215001075976,3.371861271642097e-11,0.07710828378558393,3.2428033363350994e-11,0.08223307458797437,0.0,0.07561568659559663,0.0,0.0,0.08307138541418484,0.0,6.59925067963506e-12,0.0,0.07971327921012583,0.08626841128896766,3.535112693240912e-11,9.064452970890617e-12,0.0,0.05134826514502801,0.0,0.0,1.2597886031763097e-11,0.07292761944267362,0.03784204372021491,0.0,1.1138777464389125e-12,0.0,0.060044942308085186,0.0,0.0,0.0,0.0,0.07735366174029398,0.03426318414865579,1.977206432024428e-11,0.08322006715782729,0.019168595196544853,0.0
2020-12-01,0.0,0.0,0.07955899483121322,1.278226117339124e-10,0.07999999993142409,1.113949214589808e-10,0.0799999999803107,0.0,0.0341668123769724,0.0,0.0,0.07999999999091688,0.0,0.0,0.0,0.07986551905525807,0.07999999996631638,0.0,0.07999999998382464,0.0,3.1786225127392703e-12,0.0,0.0,0.0,0.07170744367349202,7.597641581461023e-11,4.2191905151215853e-11,0.07456674899048989,0.0,1.4432724340016534e-10,0.0,0.0,0.07999999996655546,0.0,0.07999999997254562,0.020134480795254418,0.0,0.0,0.07999999998053439,0.0
2020-12-02,0.0,0.0,0.07838566157369542,1.2840970000363148e-10,0.08122758310969587,1.094063910005415e-10,0.07985257427447054,0.0,0.033871740004731254,0.0,0.0,0.07956873462474165,0.0,0.0,0.0,0.07972839550659505,0.07943729266090868,0.0,0.08018197969663113,0.0,3.175819769683508e-12,0.0,0.0,0.0,0.07223415113562918,7.665890375584738e-11,4.162476877334169e-11,0.07471689365193411,0.0,1.4348364725561108e-10,0.0,0.0,0.08036039675089535,0.0,0.07965852597620314,0.02028780631603048,0.0,0.0,0.08048826421507882,0.0
2020-12-03,0.0,0.0,0.07818111524742474,1.3025532749021863e-10,0.0805589343048925,1.0736535765438963e-10,0.0791518471483999,0.0,0.03395567155210163,0.0,0.0,0.07988075738629642,0.0,0.0,0.0,0.08095987398160287,0.07901383737169952,0.0,0.08044249498971213,0.0,3.1945399920039134e-12,0.0,0.0,0.0,0.07161090086766167,7.897406624845151e-11,4.183411200018826e-11,0.0743989933774944,0.0,1.41880790310832e-10,0.0,0.0,0.08039467124343726,0.0,0.07949258334981144,0.020357679736005392,0.0,0.0,0.08160063893995584,0.0
2020-12-04,0.0,0.0,0.07838971449415207,1.313772035432463e-10,0.07979112487916494,1.0751258961884795e-10,0.07965978835122096,0.0,0.03377391610825774,0.0,0.0,0.07904742303977379,0.0,0.0,0.0,0.08026130506939305,0.07847909951393575,0.0,0.08049736875099778,0.0,3.175457352459687e-12,0.0,0.0,0.0,0.07274349554756328,7.841257790309987e-11,4.134492624371706e-11,0.07338355010904027,0.0,1.47484119787485e-10,0.0,0.0,0.08043378431667551,0.0,0.0797491131092811,0.02033512858364296,0.0,0.0,0.08345518761759393,0.0
2020-12-07,0.0,0.0,0.07837181472032038,1.3140358413682597e-10,0.08003651167612189,1.0596426834013635e-10,0.07972654296200808,0.0,0.03344092231181443,0.0,0.0,0.07999597306038499,0.0,0.0,0.0,0.07993882821524353,0.07914866655059605,0.0,0.0798847260327795,0.0,3.1337293275535504e-12,0.0,0.0,0.0,0.07272582537209703,7.806251271962629e-11,4.101894685882636e-11,0.07318357293835658,0.0,1.434745246002539e-10,0.0,0.0,0.0796167505672976,0.0,0.08015417087097808,0.020293540639182404,0.0,0.0,0.08348215357976184,0.0
2020-12-08,0.0,0.0,0.0789887761716306,1.2997847178342803e-10,0.08144109659707975,1.0506748180288024e-10,0.07892845638503569,0.0,0.032142550127672566,0.0,0.0,0.0790614957468392,0.0,0.0,0.0,0.07949564288546802,0.08013769948644808,0.0,0.08039775240148338,0.0,3.2203647922384207e-12,0.0,0.0,0.0,0.07206350946036998,7.73381108085407e-11,4.046964868940019e-11,0.07205797629684786,0.0,1.4495807885122298e-10,0.0,0.0,0.08087031905455558,0.0,0.08049217078348776,0.02052583782374645,0.0,0.0,0.08339671627830288,0.0
2020-12-09,0.0,0.0,0.07900389221049817,1.2966306489709927e-10,0.08325947290339526,1.0384556099131932e-10,0.07747611059400364,0.0,0.03170560062937598,0.0,0.0,0.07925678990417101,0.0,0.0,0.0,0.07893843721905583,0.08059705217824036,0.0,0.08072198940798078,0.0,3.2539823347199857e-12,0.0,0.0,0.0,0.07157967077879615,7.772658377837487e-11,4.0605370651577353e-11,0.07229759510326056,0.0,1.4599032941860062e-10,0.0,0.0,0.08196146532330091,0.0,0.08026844508301922,0.020505139238488262,0.0,0.0,0.08242833892532896,0.0
2020-12-10,0.0,0.0,0.07953174949727913,1.2959651058027458e-10,0.08280684121621394,1.026147072181096e-10,0.07707400497951446,0.0,0.03241239101632583,0.0,0.0,0.07795362228648779,0.0,0.0,0.0,0.08062067236094221,0.07929318949492523,0.0,0.08079734849584867,0.0,3.3089529566020197e-12,0.0,0.0,0.0,0.071170699560625,7.967555913390047e-11,4.002140498602668e-11,0.0740912448574388,0.0,1.4520349239489778e-10,0.0,0.0,0.08069477015056539,0.0,0.07932811935498775,0.021138013024250096,0.0,0.0,0.08308733320417508,0.0
2020-12-11,0.0,0.0,0.07886515550163643,1.287737513747895e-10,0.084743592241381,1.0367450392062202e-10,0.07742845877985212,0.0,0.03180138963132623,0.0,0.0,0.07731855867776578,0.0,0.0,0.0,0.08110168819741347,0.07925356045527206,0.0,0.07948053634651793,0.0,3.3828587902014726e-12,0.0,0.0,0.0,0.07101802377472602,7.965180791715607e-11,4.0242171446760773e-11,0.07519812068015681,0.0,1.4759725416983095e-10,0.0,0.0,0.08000428534288875,0.0,0.07989532605534291,0.021179718323837124,0.0,0.0,0.08271158548856097,0.0
2020-12-14,0.0,0.0,0.07916705370726201,1.298335906436366e-10,0.083566431531018,1.037379435061879e-10,0.07714955386600592,0.0,0.032205929402945095,0.0,0.0,0.07733221519041164,0.0,0.0,0.0,0.08066837303680409,0.07863515692409415,0.0,0.0799339928479237,0.0,3.375564430373422e-12,0.0,0.0,0.0,0.07052351300163244,8.142740686791097e-11,3.984221270613287e-11,0.07568587734108323,0.0,1.4681089469546342e-10,0.0,0.0,0.08179959769220956,0.0,0.07885859814678978,0.021092547097995448,0.0,0.0,0.08338115970879724,0.0
2020-12-15,0.0,0.0,0.07903386598334744,1.3027654748734428e-10,0.08275269414601268,1.0184706163721824e-10,0.07691735413696436,0.0,0.03196015532110565,0.0,0.0,0.07749036858065961,0.0,0.0,0.0,0.08137050811072152,0.07838721707044456,0.0,0.0798566268828805,0.0,3.3968564880783658e-12,0.0,0.0,0.0,0.07111036001937755,8.139224080618351e-11,3.948039756896141e-11,0.07579594324714858,0.0,1.4423314199520883e-10,0.0,0.0,0.08168514908920914,0.0,0.07921930682333246,0.021160543764802944,0.0,0.0,0.0832599063233666,0.0
2020-12-16,0.0,0.0,0.07925926755407668,1.3010633316625958e-10,0.08238006969833059,1.0146504354832967e-10,0.07664993349768591,0.0,0.03201977694368193,0.0,0.0,0.07643200088150799,0.0,0.0,0.0,0.08278573732652647,0.07777664925953738,0.0,0.08041164909955535,0.0,3.402441272123546e-12,0.0,0.0,0.0,0.07127342247510986,8.271564324460986e-11,3.947659518191199e-11,0.07643687320023933,0.0,1.4091853488286205e-10,0.0,0.0,0.08082026219081542,0.0,0.07894906303581113,0.020986993777898297,0.0,0.0,0.08381830056113891,0.0
2020-12-17,0.0,0.0,0.0803640636454938,1.2946297399059005e-10,0.08103865612174915,1.006503682696303e-10,0.07747807582722284,0.0,0.03183185965809101,0.0,0.0,0.07638147036595123,0.0,0.0,0.0,0.08369707765215918,0.0775431202252422,0.0,0.08102323704015381,0.0,3.400496131903469e-12,0.0,0.0,0.0,0.07081597602879303,8.213196336801022e-11,3.8585264187796364e-11,0.07527230790570053,0.0,1.4148941811918924e-10,0.0,0.0,0.0808760411419074,0.0,0.07890861572830657,0.02096288581646247,0.0,0.0,0.08380661234704617,0.0
2020-12-18,0.0,0.0,0.08047078356792715,1.297590940477367e-10,0.08076786572008285,1.0158197139850832e-10,0.07698769694303276,0.0,0.03132839483809739,0.0,0.0,0.07514013701061556,0.0,0.0,0.0,0.08427100428300885,0.07719682188202845,0.0,0.08211527911840019,0.0,3.5363361578706716e-12,0.0,0.0,0.0,0.07086131504154979,8.242920705439844e-11,3.8667463272862136e-11,0.07429161784013481,0.0,1.4547062678716446e-10,0.0,0.0,0.08151631582943872,0.0,0.07867559846068715,0.0214353043067721,0.0,0.0,0.08494186465677929,0.0
2020-12-21,0.0,0.0,0.08096752473667723,1.3160393090090337e-10,0.08217442347384542,9.852692094535834e-11,0.07731064863890838,0.0,0.03091562624384616,0.0,0.0,0.07367156611961181,0.0,0.0,0.0,0.08396764981675159,0.07629511465905839,0.0,0.08229255210598499,0.0,3.4414887867130703e-12,0.0,0.0,0.0,0.07049892251570931,8.260366493402407e-11,3.85782259606001e-11,0.07401472509887973,0.0,1.4603264341428043e-10,0.0,0.0,0.08275338691971554,0.0,0.07845045034989145,0.021233473479002497,0.0,0.0,0.08545393534133038,0.0
2020-12-22,0.0,0.0,0.0823520143399857,1.3249688815035176e-10,0.07948262789748355,9.954966001372539e-11,0.0780229364277149,0.0,0.030819989101563434,0.0,0.0,0.07409966402772358,0.0,0.0,0.0,0.0845586955000318,0.07689869096304516,0.0,0.08174235337269355,0.0,3.4979166601854588e-12,0.0,0.0,0.0,0.0703976344863697,8.057116910357335e-11,3.915993909087739e-11,0.07383854569071185,0.0,1.5012694472430429e-10,0.0,0.0,0.0814070311567662,0.0,0.0785681829886967,0.021161156657863535,0.0,0.0,0.0866504768839476,0.0
2020-12-23,0.0,0.0,0.08228639979015057,1.3361700581381032e-10,0.07801583823223518,9.854972875124253e-11,0.07829575019194,0.0,0.03138438989392297,0.0,0.0,0.07366144766777305,0.0,0.0,0.0,0.08444801038772483,0.07674632778467447,0.0,0.08258177596960534,0.0,3.524529773525669e-12,0.0,0.0,0.0,0.07000896370996709,7.899062830838709e-11,3.8899241242274504e-11,0.07322216073376292,0.0,1.505671210500581e-10,0.0,0.0,0.08217450088018512,0.0,0.0779258598835814,0.02121181414140658,0.0,0.0,0.08803676022892212,0.0
2020-12-24,0.0,0.0,0.08222935913549687,1.3154586665828305e-10,0.07623999550781994,9.817139586128034e-11,0.07628832823851403,0.0,0.031845307724423316,0.0,0.0,0.07358257225317959,0.0,0.0,0.0,0.08409665822185465,0.0765070635145302,0.0,0.08300654796531705,0.0,3.536276765156735e-12,0.0,0.0,0.0,0.07012615987313263,7.941814045165068e-11,3.8819482092328206e-11,0.07430275570820895,0.0,1.5177613704141562e-10,0.0,0.0,0.08380983650761606,0.0,0.07876888814300159,0.02109455360229182,0.0,0.0,0.08810197310134593,0.0
2020-12-25,0.0,0.0,0.08259952078529817,1.3022445411306653e-10,0.07725554609159772,1.0046475526923139e-10,0.07484639508844666,0.0,0.0320025979059412,0.0,0.0,0.07316305172528442,0.0,0.0,0.0,0.08460887533448558,0.07519582423731662,0.0,0.08227204197536388,0.0,3.555693149727817e-12,0.0,0.0,0.0,0.06975741946836181,7.89078198730005e-11,3.827425907490701e-11,0.07504282559084355,0.0,1.5058059725585721e-10,0.0,0.0,0.08496824441267682,0.0,0.07856441623780275,0.021393991303793342,0.0,0.0,0.08832924934077978,0.0
2020-12-28,0.0,0.0,0.08322243705315947,1.318982387227735e-10,0.07544946262250204,9.998458302779191e-11,0.07515017810198167,0.0,0.032248275338047715,0.0,0.0,0.07231972772283406,0.0,0.0,0.0,0.08461488602077792,0.0758030767756811,0.0,0.08260210787210347,0.0,3.4839220806287455e-12,0.0,0.0,0.0,0.06939722214143332,7.731917760160995e-11,3.9588725050664816e-11,0.07468714587203111,0.0,1.5190791438225453e-10,0.0,0.0,0.08623664957728007,0.0,0.07906761243920489,0.021365446348623803,0.0,0.0,0.08783577161015668,0.0
2020-12-29,0.0,0.0,0.08323515521699572,1.322545475522954e-10,0.07820996675748573,9.903461635694446e-11,0.07501987219028296,0.0,0.03201473048453973,0.0,0.0,0.07224083171570286,0.0,0.0,0.0,0.08370894927319406,0.07454118358795142,0.0,0.08217223816151083,0.0,3.397418481427841e-12,0.0,0.0,0.0,0.06924388176638835,7.62173148395833e-11,3.9209249197655866e-11,0.07424069737873448,0.0,1.5061970698914647e-10,0.0,0.0,0.08772321751747084,0.0,0.0791121718324667,0.021504156640400923,0.0,0.0,0.08703294697614246,0.0
2020-12-30,0.0,0.0,0.08342781077784028,1.3028833001759535e-10,0.07951293202097255,9.818008342946352e-11,0.074943761567048,0.0,0.031565414722339966,0.0,0.0,0.0742366275051475,0.0,0.0,0.0,0.08367039247980629,0.07472065175234457,0.0,0.08129893356936341,0.0,3.418890705627375e-12,0.0,0.0,0.0,0.06898488051995412,7.586324978927408e-11,3.931736031185309e-11,0.07286211903070425,0.0,1.5233243693909372e-10,0.0,0.0,0.0893423271978963,0.0,0.07867104183338382,0.021384996396747277,0.0,0.0,0.08537811012705125,0.0
2020-12-31,0.0,0.0,0.08277204708219102,1.3122261634947106e-10,0.08077791324245162,9.722729197189128e-11,0.07460403920850973,0.0,0.03208527622026783,0.0,0.0,0.07436879805528493,0.0,0.0,0.0,0.08345796624305503,0.07438695576058768,0.0,0.08157677058374982,0.0,3.3993953865166543e-12,0.0,0.0,0.0,0.06901420745686569,7.611985234370074e-11,3.9544434232173824e-11,0.07139115646251029,0.0,1.5213782844748617e-10,0.0,0.0,0.08920895799838167,0.0,0.0780451042629296,0.021416286242334066,0.0,0.0,0.08689452068122956,0.0
2021-01-01,0.0,0.0,2.86394586732126e-11,0.07999999999436963,0.043846821032368886,0.0799999999911586,0.0747892963438547,0.0,0.05404267794875082,0.0,6.927686716599807e-13,0.07563291488079193,0.0,0.0,0.0,0.019999999909543483,0.0799999999968666,0.0,0.07999999999868641,0.0,3.1422965400615555e-12,0.0,0.0,0.0,0.06936843685611914,1.0759056376670939e-10,2.92415978610381e-11,0.07999999999782792,0.0,7.520403128784459e-11,1.0876513870581817e-12,0.0,0.0,0.0,0.0785325870521675,0.0,0.06957778874218559,0.03420947701285472,0.07999999999685574,0.0
2021-01-04,0.0,0.0,2.9058033229420507e-11,0.07881808771480601,0.04399110192338695,0.08134173384432171,0.07536791680305308,0.0,0.05433253341570883,0.0,6.984624439109321e-13,0.07510549335455399,0.0,0.0,0.0,0.019897110307999403,0.07924488184285614,0.0,0.0794807625113109,0.0,3.051364696692738e-12,0.0,0.0,0.0,0.06909872714239837,1.0823148875643222e-10,2.962573685834101e-11,0.0799274653323316,0.0,7.432860006696847e-11,1.0924140051540779e-12,0.0,0.0,0.0,0.07885496822554885,0.0,0.0704332016318638,0.03486597649881157,0.07924003920496264,0.0
2021-01-05,0.0,0.0,2.9168141874522564e-11,0.07841757867706171,0.04290264139902907,0.08229740216206662,0.0758401576085307,0.0,0.05398341704626295,0.0,6.999565183034186e-13,0.07596334495031137,0.0,0.0,0.0,0.019874094799883453,0.07915293378838045,0.0,0.08005446040972607,0.0,3.0327067378337735e-12,0.0,0.0,0.0,0.0691119215558794,1.0672803024326339e-10,3.0110602921475634e-11,0.08006123215878379,0.0,7.327500905186682e-11,1.0861284633302279e-12,0.0,0.0,0.0,0.07771766482319763,0.0,0.07038929407974619,0.035167517796719415,0.07906633850032051,0.0
2021-01-06,0.0,0.0,2.926005365847878e-11,0.0796913401123973,0.042089468792256335,0.08192789945510634,0.075728096539558,0.0,0.053289059069513,0.0,7.024971677257147e-13,0.0766130757548437,0.0,0.0,0.0,0.019941951230592347,0.07974444634992771,0.0,0.07962184102717784,0.0,3.0400129582752612e-12,0.0,0.0,0.0,0.06879362860448313,1.0608848633255945e-10,2.9706446391281255e-11,0.07999621122887872,0.0,7.341393930176565e-11,1.089960074349343e-12,0.0,0.0,0.0,0.07701088585357792,0.0,0.07049016903183943,0.03528757317129276,0.07977435353525399,0.0
2021-01-07,0.0,0.0,2.912377746733323e-11,0.07959811789822824,0.04149822966906414,0.08455683322281658,0.07586972994214303,0.0,0.053449344610111756,0.0,7.142230685739781e-13,0.07603988429378235,0.0,0.0,0.0,0.020079491046429185,0.07986331647459338,0.0,0.07942929978594594,0.0,3.0064330059232132e-12,0.0,0.0,0.0,0.06841984810762654,1.0678185920147508e-10,2.9999332032301715e-11,0.07879361588823888,0.0,7.366239173793706e-11,1.1156969704138462e-12,0.0,0.0,0.0,0.07642206502595682,0.0,0.07056693601667847,0.03491013129504344,0.08050315647893737,0.0
2021-01-08,0.0,0.0,2.898224867534122e-11,0.07921379203652296,0.04096501617130819,0.08403257886471796,0.07664426190878898,0.0,0.054103394827112745,0.0,7.083580843241548e-13,0.07642933350145989,0.0,0.0,0.0,0.019781041138969,0.07958099408330327,0.0,0.08000887821885322,0.0,2.9985496387269405e-12,0.0,0.0,0.0,0.06785747707242074,1.0687569187921279e-10,3.09128764580323e-11,0.07905149335386288,0.0,7.56210743969329e-11,1.1159081725426487e-12,0.0,0.0,0.0,0.07547009354409542,0.0,0.07048916372712377,0.03530118622381011,0.08107129508043605,0.0
2021-01-11,0.0,0.0,2.9055956269071284e-11,0.07964779213564813,0.04061647385910592,0.08336990274202953,0.07624813288393599,0.0,0.05536043657956215,0.0,7.187031264560394e-13,0.07817024528492637,0.0,0.0,0.0,0.019832106033498817,0.0792465342848462,0.0,0.08025811103595464,0.0,3.033991474155623e-12,0.0,0.0,0.0,0.067375191864911,1.09176663769048e-10,3.119628130554632e-11,0.07917566908706443,0.0,7.482416302303043e-11,1.130940746166602e-12,0.0,0.0,0.0,0.07476268591844361,0.0,0.0698482112660515,0.035118591891444687,0.08096991488344021,0.0
2021-01-12,0.0,0.0,2.9383884257084755e-11,0.08047746165576307,0.03960879254080153,0.08452443409573074,0.07623270955517729,0.0,0.05525664249036371,0.0,7.398317328463408e-13,0.07722620854280793,0.0,0.0,0.0,0.019489566003198493,0.08050259396938689,0.0,0.07888120251660201,0.0,3.1014429672915058e-12,0.0,0.0,0.0,0.06750102056304709,1.0885063269654467e-10,3.122387291619415e-11,0.08022019527924665,0.0,7.330049901930481e-11,1.1300713803949338e-12,0.0,0.0,0.0,0.07479259585608167,0.0,0.0693868099682219,0.03495110326408238,0.08094866345175832,0.0
2021-01-13,0.0,0.0,2.9086984588443063e-11,0.08017034325286934,0.040299068144902875,0.08371363414656514,0.0769658068508278,0.0,0.056250198593413944,0.0,7.240937138732479e-13,0.07713262674607295,0.0,0.0,0.0,0.01934120812857221,0.08001976499518065,0.0,0.07896354526347123,0.0,3.0979141907673065e-12,0.0,0.0,0.0,0.0677141405971808,1.1026233635971511e-10,3.071078475169907e-11,0.07907888432985606,0.0,7.328265828235332e-11,1.1333035358869973e-12,0.0,0.0,0.0,0.0759637604733248,0.0,0.06947249138467287,0.03523194651332549,0.0796825803314657,0.0
2021-01-14,0.0,0.0,2.9159600427780197e-11,0.07979862859659483,0.04073165298943951,0.08505612183322053,0.07657612723863977,0.0,0.056090141584520865,0.0,7.300469199390038e-13,0.07790911088602584,0.0,0.0,0.0,0.019386980358942638,0.07897835032915664,0.0,0.07878368397181543,0.0,3.103639692960857e-12,0.0,0.0,0.0,0.06704225909120859,1.0899772380047964e-10,3.0732487793006125e-11,0.08071726133530369,0.0,7.271821062579442e-11,1.1282643107645484e-12,0.0,0.0,0.0,0.07536079672577622,0.0,0.06828768566803045,0.03555093721243441,0.07973026193232056,0.0
2021-01-15,0.0,0.0,2.902611798474588e-11,0.07911172771828835,0.040600076513227584,0.08492071086025825,0.07657915921955971,0.0,0.05696348564598604,0.0,7.339631109907121e-13,0.07779456213518089,0.0,0.0,0.0,0.019429765335928273,0.0791097138160385,0.0,0.0782003193854849,0.0,3.128735680609036e-12,0.0,0.0,0.0,0.06676467744204241,1.0947810796352269e-10,3.0088395487007905e-11,0.08046712014062846,0.0,7.306133048169331e-11,1.1364124173674744e-12,0.0,0.0,0.0,0.07517811889438447,0.0,0.06841213695697844,0.03637878565098175,0.0800896400383789,0.0
2021-01-18,0.0,0.0,2.8894386500232666e-11,0.0795948597514655,0.04034363179984092,0.08474470197779042,0.07664116944935732,0.0,0.05694662134532451,0.0,7.49126276839304e-13,0.0780937364854058,0.0,0.0,0.0,0.019638938015977336,0.07874956888373376,0.0,0.07929509987706267,0.0,3.1336497484455236e-12,0.0,0.0,0.0,0.06636039125003534,1.106257103521566e-10,2.971689665730602e-11,0.07910056112338572,0.0,7.346031546924892e-11,1.1569048954190102e-12,0.0,0.0,0.0,0.07482700509503179,0.0,0.06875109167156465,0.03645659368834145,0.08045602933794592,0.0
2021-01-19,0.0,0.0,2.898100616614618e-11,0.07963586450058364,0.04109661221148076,0.08288951094045,0.07705660161458491,0.0,0.05683955196740429,0.0,7.459550538031154e-13,0.07861268421114624,0.0,0.0,0.0,0.019480091060371275,0.0789192651178349,0.0,0.07802631053707608,0.0,3.1100289337469196e-12,0.0,0.0,0.0,0.06703564802757984,1.1201555520409318e-10,3.0244147367875666e-11,0.0792166775860638,0.0,7.464893639981846e-11,1.1508640169772543e-12,0.0,0.0,0.0,0.07575510021876529,0.0,0.06897130459154396,0.0370092214556233,0.07945555570859528,0.0
2021-01-20,0.0,0.0,2.9001232019114267e-11,0.07878361491411409,0.04157416556387765,0.08312928767583674,0.07683814911827734,0.0,0.057586679546942965,0.0,7.609303419868468e-13,0.07887334448210451,0.0,0.0,0.0,0.019444060955154857,0.07841441557004818,0.0,0.07815325845606538,0.0,3.057502211551394e-12,0.0,0.0,0.0,0.06609263414773911,1.1169740851176217e-10,3.041578464476775e-11,0.07924897478675168,0.0,7.335839784720162e-11,1.139307757760252e-12,0.0,0.0,0.0,0.07437200628765246,0.0,0.07061020877307896,0.03740056911082556,0.07947863036210003,0.0
2021-01-21,0.0,0.0,2.8822376567751474e-11,0.07812729079485556,0.041405914322309556,0.08319862933494948,0.0768029526480241,0.0,0.056676425195022744,0.0,7.66463608919752e-13,0.07891255173694794,0.0,0.0,0.0,0.019619810655330562,0.07748119806085517,0.0,0.07861811805724901,0.0,3.055792749049458e-12,0.0,0.0,0.0,0.06583063472909924,1.096644703496032e-10,3.0343898739544126e-11,0.07922011531632912,0.0,7.348967027899582e-11,1.1215924333674619e-12,0.0,0.0,0.0,0.07371907379081659,0.0,0.072437493597878,0.03712102038752308,0.08082877112554554,0.0
2021-01-22,0.0,0.0,2.902144616687886e-11,0.07845067978649843,0.04111630544498893,0.08367238954501859,0.0772004207815167,0.0,0.056251516050583074,0.0,7.755897406316705e-13,0.07900232381537085,0.0,0.0,0.0,0.01961453853900778,0.07766453979252037,0.0,0.07852378845410254,0.0,3.0217423364967884e-12,0.0,0.0,0.0,0.06481243959726468,1.0909430747615232e-10,3.088646639015353e-11,0.08033464207982574,0.0,7.346709638831585e-11,1.120927698167681e-12,0.0,0.0,0.0,0.07307477868466628,0.0,0.07303647103862328,0.03685818781605895,0.08038697832656623,0.0
2021-01-25,0.0,0.0,2.9378880559182036e-11,0.07799948409689965,0.04182961122308502,0.08243609451918069,0.07817954150261089,0.0,0.055031922021844454,0.0,7.705960246681796e-13,0.079785609610093,0.0,0.0,0.0,0.019394544221019747,0.07817912178547122,0.0,0.07917394757833887,0.0,2.988456047483237e-12,0.0,0.0,0.0,0.06504887341204692,1.1052465851828742e-10,3.1285775662240256e-11,0.0808646560621743,0.0,7.414300320874033e-11,1.1122386440234627e-12,0.0,0.0,0.0,0.07295790111418067,0.0,0.07112823516013833,0.038215207480550885,0.07977524996216175,0.0
2021-01-26,0.0,0.0,2.9569496842730885e-11,0.07836555605841322,0.04291086717441736,0.08263186581572482,0.07808926765651863,0.0,0.05463845044344393,0.0,7.865394157767388e-13,0.08062758282109395,0.0,0.0,0.0,0.019230457925973544,0.07814769418796925,0.0,0.08003275859208536,0.0,2.9083428917635657e-12,0.0,0.0,0.0,0.06447402179616014,1.1080967748383544e-10,3.061586697251208e-11,0.0787616872204477,0.0,7.550262957655172e-11,1.1205682547164245e-12,0.0,0.0,0.0,0.07263719044330015,0.0,0.07169350439487054,0.038719864220776154,0.07903923099749213,0.0
2021-01-27,0.0,0.0,2.956300863624969e-11,0.07819637437402711,0.04219741623080655,0.08101257353266025,0.0774632769758946,0.0,0.05363086611235047,0.0,7.729784909508025e-13,0.08129967754106536,0.0,0.0,0.0,0.01932175215717693,0.07921275104378196,0.0,0.0798486823048669,0.0,2.915425187470082e-12,0.0,0.0,0.0,0.06423329762229002,1.0646555597957924e-10,3.0339548033861136e-11,0.08004101449938096,0.0,7.682879026011093e-11,1.1073140587869124e-12,0.0,0.0,0.0,0.07297267172309442,0.0,0.0718033397184214,0.03863423830436152,0.08013206761182896,0.0
2021-01-28,0.0,0.0,2.8772965780281763e-11,0.07831367163262928,0.04179714952248625,0.08101758576613843,0.0773220159414799,0.0,0.05383626778001255,0.0,7.777590952283923e-13,0.08150918100043131,0.0,0.0,0.0,0.01921839714061069,0.07982206873233916,0.0,0.07944163690205501,0.0,2.918536833964871e-12,0.0,0.0,0.0,0.06446544384396594,1.0725342460372417e-10,2.988937173904051e-11,0.08008977814322484,0.0,7.308687771256816e-11,1.1149878022001866e-12,0.0,0.0,0.0,0.07299782529075044,0.0,0.07248652760078207,0.03796345062001544,0.07971899983926477,0.0
2021-01-29,0.0,0.0,2.868892171843479e-11,0.07725871461262517,0.0414725987243688,0.08277014276898752,0.07764768914510008,0.0,0.052421581417122505,0.0,7.647365304683026e-13,0.08082978012884191,0.0,0.0,0.0,0.01897946659909086,0.0807823618413268,0.0,0.07889844584953692,0.0,2.879329786947806e-12,0.0,0.0,0.0,0.06512443136241838,1.071387734007697e-10,3.009642790442646e-11,0.08050686230323452,0.0,7.322736777971615e-11,1.1174864709398735e-12,0.0,0.0,0.0,0.07320271252352333,0.0,0.07375112582427619,0.037823294128330305,0.0785307925273036,0.0
2021-02-01,0.0,0.0,0.07999999997869509,0.0799999999899281,0.041718655666221904,0.0,0.03308207755763092,0.0,0.05999999993888882,0.0,0.0,3.207821950656118e-12,0.0,0.0,0.0,0.07999999996393099,0.07999999999138115,0.0,0.07999999996857451,0.0,0.07999999999052355,4.228376787211341e-12,0.0,0.0,0.0651992670078013,1.6704317912370405e-11,3.843361568163276e-12,0.07999999998297445,0.0,8.013294789739203e-12,0.0,0.0,4.860020399057829e-12,0.0,0.07999999999451009,6.529111593949167e-13,0.07999999993395836,7.047097483934419e-12,0.07999999998642364,0.0
2021-02-02,0.0,0.0,0.08075166523914241,0.07935832346358469,0.041387166201959764,0.0,0.033264164114543665,0.0,0.05925364091955711,0.0,0.0,3.2481872005699566e-12,0.0,0.0,0.0,0.08043801719601322,0.08031698516611507,0.0,0.07939969280757958,0.0,0.07891326192366395,4.2230606635799885e-12,0.0,0.0,0.06535291831863912,1.7037397968942745e-11,3.841116729917985e-12,0.07954396722357983,0.0,8.009904963552816e-12,0.0,0.0,4.8764769015691726e-12,0.0,0.07975874450087107,6.613643345265018e-13,0.0819045131087835,7.107339887328347e-12,0.0803569397669622,0.0
2021-02-03,0.0,0.0,0.08047489967284631,0.07981631848849682,0.041912570632028814,0.0,0.03352158859600013,0.0,0.05868537656253415,0.0,0.0,3.224506729062288e-12,0.0,0.0,0.0,0.08038993751649164,0.08118207954376554,0.0,0.07970394599999507,0.0,0.07779148490920455,4.285856310741181e-12,0.0,0.0,0.06565807415336165,1.7028423882728368e-11,3.8605006470120935e-12,0.07786382164278481,0.0,7.851088584389783e-12,0.0,0.0,4.8653159703990524e-12,0.0,0.0801344818834373,6.603051384916305e-13,0.08232994131783178,7.34015320945622e-12,0.08053547903210521,0.0
2021-02-04,0.0,0.0,0.07951960628563122,0.07977652842539219,0.04149612800884435,0.0,0.03357594802334904,0.0,0.05947212721626879,0.0,0.0,3.224364761245557e-12,0.0,0.0,0.0,0.08015494711010614,0.0808493760658852,0.0,0.0806467397820409,0.0,0.07681328296439228,4.219869974373561e-12,0.0,0.0,0.06557386035260383,1.7245702323741042e-11,3.785000819970902e-12,0.07920887728308361,0.0,7.885894422691908e-12,0.0,0.0,4.929399405296432e-12,0.0,0.08003307212165113,6.623500960332113e-13,0.08228254312580283,7.186482875601784e-12,0.08059696318580936,0.0
2021-02-05,0.0,0.0,0.07867402694786994,0.08037086452898569,0.04167755419899342,0.0,0.03349693203862439,0.0,0.05974270047741774,0.0,0.0,3.2189289365539502e-12,0.0,0.0,0.0,0.08017308165179501,0.08139302355154679,0.0,0.0806219165039028,0.0,0.07712703524508042,4.247618665720344e-12,0.0,0.0,0.06545549423181678,1.729856659844064e-11,3.8414629745244254e-12,0.07761410684402992,0.0,7.932981845135404e-12,0.0,0.0,4.886678760110943e-12,0.0,0.07978094712610377,6.684081840489466e-13,0.08393405380521891,7.1299140621071124e-12,0.07993826279938983,0.0
2021-02-08,0.0,0.0,0.07806362844222903,0.08073012899070281,0.0419793024059268,0.0,0.03347722710943704,0.0,0.060257003955412926,0.0,0.0,3.1762559796948265e-12,0.0,0.0,0.0,0.07984024288969847,0.08061732674964162,0.0,0.08137769843061665,0.0,0.07683727005178238,4.21369187798512e-12,0.0,0.0,0.06568728206751577,1.7411084733316894e-11,3.821077598857432e-12,0.07928310053132226,0.0,7.97477980088152e-12,0.0,0.0,4.8535842282616e-12,0.0,0.07961666049089859,6.713109492671936e-13,0.08323899162034137,7.0318676485102246e-12,0.07899413621532056,0.0
2021-02-09,0.0,0.0,0.07712666410533858,0.08131903526309762,0.04231096919789621,0.0,0.033417969410380714,0.0,0.060608564208546795,0.0,0.0,3.2104441563870636e-12,0.0,0.0,0.0,0.0796029854216493,0.08094239854457985,0.0,0.0814292668998472,0.0,0.07701909217182899,4.1629944214555334e-12,0.0,0.0,0.06670287294528528,1.7244023328602325e-11,3.8171842420847105e-12,0.07864245463448985,0.0,8.135839801934121e-12,0.0,0.0,4.772989174739986e-12,0.0,0.08061555531683506,6.773336067319719e-13,0.08340420186041965,6.872936504305116e-12,0.07685796997091099,0.0
2021-02-10,0.0,0.0,0.07711078277817045,0.08093616388764187,0.04238642270730247,0.0,0.033315025305448775,0.0,0.06243558170778993,0.0,0.0,3.1708956446424437e-12,0.0,0.0,0.0,0.07984915285704688,0.08098147244990697,0.0,0.08094424024192808,0.0,0.07639588776293808,4.138033301917262e-12,0.0,0.0,0.06634615305852641,1.6979936228699323e-11,3.7529163042978116e-12,0.07817204825855639,0.0,8.084735773683535e-12,0.0,0.0,4.588733132204283e-12,0.0,0.08183865091335844,6.806703379383164e-13,0.08319419545461207,6.896255705877047e-12,0.07609422256848089,0.0
2021-02-11,0.0,0.0,0.07705744877912495,0.0813739578664389,0.041775340508681924,0.0,0.032986982271068596,0.0,0.06342239930627348,0.0,0.0,3.1163896946228515e-12,0.0,0.0,0.0,0.079122856463998,0.08019752558643362,0.0,0.08108039321139181,0.0,0.07489207473436936,4.102602197928826e-12,0.0,0.0,0.06639727888787032,1.683513069900242e-11,3.726145472253548e-12,0.07881996249516103,0.0,8.193739398799218e-12,0.0,0.0,4.569004770909502e-12,0.0,0.08096445381561759,6.765522291092335e-13,0.08320623207919163,6.789519027437159e-12,0.07870309394636961,0.0
2021-02-12,0.0,0.0,0.07702627439549758,0.08155147596376214,0.04176943226659543,0.0,0.03294062415720763,0.0,0.06392967840630329,0.0,0.0,3.1262918629618684e-12,0.0,0.0,0.0,0.07800170680093167,0.07990103573036293,0.0,0.07963872842121811,0.0,0.07442787864340399,4.1025723515490024e-12,0.0,0.0,0.06617682921464699,1.653757818149773e-11,3.730535608513501e-12,0.08041270366405552,0.0,8.242614420828911e-12,0.0,0.0,4.485638391110509e-12,0.0,0.08104919152644857,6.617288720935281e-13,0.08417659622049768,6.7124831770306e-12,0.07899784454146885,0.0
2021-02-15,0.0,0.0,0.07762443075739334,0.08210023719548454,0.04173075644300765,0.0,0.03277020451358863,0.0,0.064428792605999,0.0,0.0,3.1019828440272997e-12,0.0,0.0,0.0,0.07771120353905299,0.07917224002395895,0.0,0.07968845045907481,0.0,0.07428519480657379,4.134663272460867e-12,0.0,0.0,0.0660488308504854,1.6309987827702436e-11,3.695570006432765e-12,0.08013209579683474,0.0,8.367863834701623e-12,0.0,0.0,4.551682790631869e-12,0.0,0.08048812848194667,6.607802748533786e-13,0.08444136481019647,6.606112370289634e-12,0.07937806966897423,0.0
2021-02-16,0.0,0.0,0.07747450048419195,0.08156541740490833,0.04108028249608514,0.0,0.032554650781926334,0.0,0.06508797239010503,0.0,0.0,3.071687515719283e-12,0.0,0.0,0.0,0.07804438210440537,0.0788517405228095,0.0,0.08086580322851393,0.0,0.07494001240408311,4.057586522665809e-12,0.0,0.0,0.0662013186416446,1.6781988503381757e-11,3.6190324922125833e-12,0.0803326445557843,0.0,8.253854979590795e-12,0.0,0.0,4.536664020657676e-12,0.0,0.08018884361005574,6.56574483990431e-13,0.08425741218123953,6.401909824868843e-12,0.07855501914686777,0.0
2021-02-17,0.0,0.0,0.07707569399528742,0.08124231576622537,0.04063910638423151,0.0,0.032444427701110765,0.0,0.06578256982331884,0.0,0.0,3.011285974560565e-12,0.0,0.0,0.0,0.0777095519281902,0.07912274971876307,0.0,0.08244445928341738,0.0,0.07639984952866448,4.07051236884931e-12,0.0,0.0,0.065923979083416,1.6877763868765627e-11,3.6529418368181784e-12,0.07946539767758362,0.0,8.392590816628667e-12,0.0,0.0,4.502071612725539e-12,0.0,0.07947222940974287,6.502326608822044e-13,0.08397666823958547,6.31986389545895e-12,0.07830100141298563,0.0
2021-02-18,0.0,0.0,0.07715832142324112,0.08125482700476763,0.03953525083675855,0.0,0.03245567680129295,0.0,0.0665391963361852,0.0,0.0,2.942565336369621e-12,0.0,0.0,0.0,0.07720540576744823,0.07879343543422225,0.0,0.08136712243084981,0.0,0.07794441734641164,3.9936436592184905e-12,0.0,0.0,0.0652928758542225,1.6899159462625602e-11,3.645231569710658e-12,0.07943209800834777,0.0,8.477963242659767e-12,0.0,0.0,4.566885903687698e-12,0.0,0.07939755704133361,6.48700816620907e-13,0.08472651553786693,6.238545737690526e-12,0.07889730012963901,0.0
2021-02-19,0.0,0.0,0.07681545174268531,0.08122873256374585,0.03951499259219867,0.0,0.03277707969871822,0.0,0.06741903942756727,0.0,0.0,3.003294461964217e-12,0.0,0.0,0.0,0.0767358422983614,0.07893501114355808,0.0,0.08148540401534841,0.0,0.07706964142547361,4.019672596006332e-12,0.0,0.0,0.0658267073981571,1.6832620931497195e-11,3.480909124561487e-12,0.07842973297829202,0.0,8.41492817441517e-12,0.0,0.0,4.533433098119029e-12,0.0,0.07975127929032898,6.451360563662571e-13,0.0852767993915855,6.019702033057995e-12,0.07873428598702976,0.0
2021-02-22,0.0,0.0,0.076393938857077,0.08089771995573976,0.03938882004870485,0.0,0.032963874262065956,0.0,0.06759840055645633,0.0,0.0,3.044900276326911e-12,0.0,0.0,0.0,0.07751379570511466,0.07891564116135368,0.0,0.08092799946803773,0.0,0.07701386623262393,4.104163233882881e-12,0.0,0.0,0.0658143999188027,1.719911981479191e-11,3.49238410071669e-12,0.07917514566114475,0.0,8.465543713865536e-12,0.0,0.0,4.588754438348935e-12,0.0,0.08022340853517221,6.512244477541099e-13,0.08501504079669922,6.121067001996375e-12,0.07815794879333998,0.0
2021-02-23,0.0,0.0,0.07682911125523334,0.08158353712139493,0.03857433030228127,0.0,0.0325403743223304,0.0,0.06924909612297961,0.0,0.0,3.0436156762332413e-12,0.0,0.0,0.0,0.07742236505017482,0.07844642606547896,0.0,0.08052522968570032,0.0,0.07611247993998754,4.018585152780047e-12,0.0,0.0,0.06470530028792486,1.7207865043476138e-11,3.5166981887193877e-12,0.08019097605515231,0.0,8.337891236102168e-12,0.0,0.0,4.678033308829678e-12,0.0,0.07961365221646335,6.436909818392953e-13,0.08653301270769746,5.940217346992762e-12,0.07767410881981417,0.0
2021-02-24,0.0,0.0,0.0763742138502217,0.08139318680646582,0.03864393883164094,0.0,0.032459122139516766,0.0,0.06864548781378826,0.0,0.0,3.142797068199897e-12,0.0,0.0,0.0,0.0781822569627699,0.07923914028726209,0.0,0.08091907536223855,0.0,0.07555510412693807,4.078359945008666e-12,0.0,0.0,0.06477591038486627,1.727303381583989e-11,3.591948379767106e-12,0.07984908576246966,0.0,8.020586844604628e-12,0.0,0.0,4.660481348590613e-12,0.0,0.08017623745141672,6.572626564586783e-13,0.08588944093279376,5.91404269823562e-12,0.07789779924027296,0.0
2021-02-25,0.0,0.0,0.07653661604705182,0.08169957665200199,0.038590003216067134,0.0,0.03274711668395181,0.0,0.06821425845614423,0.0,0.0,3.132527714805836e-12,0.0,0.0,0.0,0.0779845880031938,0.07895409563876019,0.0,0.08207662047221868,0.0,0.0753300287253005,4.0498959367636404e-12,0.0,0.0,0.06412228975888216,1.7486815554904093e-11,3.5119906244094615e-12,0.08036892630782326,0.0,8.003194185050574e-12,0.0,0.0,4.59318927232488e-12,0.0,0.07912492540286566,6.607865317088929e-13,0.0863455708041792,5.965523886689324e-12,0.07790538378415554,0.0
2021-02-26,0.0,0.0,0.0760808359972684,0.08177165813940611,0.03899581986095147,0.0,0.032442875643877815,0.0,0.06881608076580088,0.0,0.0,3.0985313356918023e-12,0.0,0.0,0.0,0.07793629963663275,0.0786413191418542,0.0,0.08182774069129597,0.0,0.07517569770871381,3.971815764423566e-12,0.0,0.0,0.06411181981357841,1.747525545469989e-11,3.49703214912979e-12,0.08071604716327514,0.0,8.046837816105904e-12,0.0,0.0,4.574900046610036e-12,0.0,0.07886955933103224,6.614893157799604e-13,0.08668414579665566,5.797089601893833e-12,0.0779301002625341,0.0
2021-03-01,0.0,8.275224993443861e-13,0.07999999999938978,0.07999999999919145,0.07999999999911221,2.3332037741211786e-13,0.07999999999703607,0.0,1.2818578136272297e-13,0.0,1.0688022566410597e-13,2.318494092636589e-11,0.0,0.0,8.690576756493684e-12,0.07563280121662207,0.07999999999916249,0.0,2.702325547275954e-12,0.0,0.07227677082203586,0.0050558677229760795,0.0,0.0,8.044926412899057e-12,8.874517231688432e-12,0.04027272285342026,0.007658296889249107,0.0,4.342636244020428e-12,0.0,1.31522882491325e-13,3.08567591014781e-12,0.0,0.07910354044832192,0.07999999999681441,0.07999999999949194,0.07999999999784056,0.07999999999898258,0.0
2021-03-02,0.0,8.291560972057556e-13,0.07937821624649803,0.07910054247138912,0.0824153118616393,2.2905244330743683e-13,0.07994377361632647,0.0,1.291135739151869e-13,0.0,1.0605202740707147e-13,2.2864152252038997e-11,0.0,0.0,8.844255345903783e-12,0.07371177963532813,0.0805713697978574,0.0,2.664873751679356e-12,0.0,0.0711469667290205,0.005058818959949415,0.0,0.0,8.07513526552965e-12,8.83473204222699e-12,0.041028234269524504,0.007688884185166646,0.0,4.375110385451939e-12,0.0,1.3228890018365298e-13,3.127693126982748e-12,0.0,0.0792056711220177,0.0791355934581396,0.08127820351298487,0.08211589905038445,0.07822073502356207,0.0
2021-03-03,0.0,8.336547663994178e-13,0.07913154467419098,0.07902049355415547,0.08208360905046388,2.27637918386492e-13,0.08095522154604277,0.0,1.2991405842075176e-13,0.0,1.0635168232520489e-13,2.3052031696166952e-11,0.0,0.0,8.751017219440578e-12,0.07450829998920415,0.08127521605569567,0.0,2.633791175913105e-12,0.0,0.06963726543245638,0.004999934639686113,0.0,0.0,7.985721726460466e-12,8.85614480066485e-12,0.04130054381652677,0.007667448714828712,0.0,4.2934436950148244e-12,0.0,1.3380584547909625e-13,3.131442559918034e-12,0.0,0.0790537541715,0.08052823253067412,0.0816761284791104,0.08118252559147457,0.0769797816938549,0.0
2021-03-04,0.0,8.455384729126432e-13,0.08092674790467981,0.07866879184191287,0.08169992547085486,2.3235463356220116e-13,0.08156426073109932,0.0,1.3082483876053541e-13,0.0,1.1079229473409261e-13,2.3637370550908998e-11,0.0,0.0,8.683194259938716e-12,0.07501356760262679,0.0822729131450909,0.0,2.6137946246000062e-12,0.0,0.06965171592768801,0.004978415012147531,0.0,0.0,7.952171506630727e-12,9.044732010766515e-12,0.04140092004356856,0.007686361459257719,0.0,4.34096284342547e-12,0.0,1.3879418459372715e-13,3.231728428212076e-12,0.0,0.07838975756535332,0.07979277299574103,0.08170219435073807,0.08161003707562109,0.07464161881265763,0.0
2021-03-05,0.0,8.485977957057436e-13,0.08061901708591757,0.0789581274480288,0.08322443852544051,2.2599998003530732e-13,0.08154821571067371,0.0,1.33453090815319e-13,0.0,1.0925881040795364e-13,2.347380491838951e-11,0.0,0.0,8.632442105752448e-12,0.07489836386970868,0.08208276898959016,0.0,2.6114068237866644e-12,0.0,0.06965542996816199,0.00487286064324611,0.0,0.0,7.8600237782039e-12,8.872463051313011e-12,0.040574569791153384,0.00765280617602403,0.0,4.390419544774667e-12,0.0,1.3805275211353686e-13,3.258966001686949e-12,0.0,0.0777858833552257,0.07925747471097559,0.08105694093374151,0.08244673452192708,0.07536636820963011,0.0
2021-03-08,0.0,8.568479392271735e-13,0.08026927776584439,0.07876284797009667,0.0826570140537127,2.259775440208483e-13,0.0823373203922456,0.0,1.3456114135324363e-13,0.0,1.1078091203138059e-13,2.356651858964597e-11,0.0,0.0,8.621263188670297e-12,0.07553230178303853,0.08181675256824417,0.0,2.6267825182185145e-12,0.0,0.07070785747132315,0.0049809286359776194,0.0,0.0,7.82208613528156e-12,8.917912661201027e-12,0.040846742085834234,0.007575159243770373,0.0,4.249397165866767e-12,0.0,1.4452438972503364e-13,3.1885368706094686e-12,0.0,0.07661182560649493,0.07930954257504826,0.0816444544442504,0.08156481607643515,0.07538315926721852,0.0
2021-03-09,0.0,8.517253624986931e-13,0.08015799691931348,0.08000600552829683,0.08312525304943368,2.2511161739335918e-13,0.08057951420528375,0.0,1.3193378839487042e-13,0.0,1.1093879490109973e-13,2.3883827148886948e-11,0.0,0.0,8.728933048170895e-12,0.07462646193639667,0.08221436471302912,0.0,2.6249786410154328e-12,0.0,0.07105420321370975,0.004867806117963566,0.0,0.0,7.85228976767037e-12,8.969696439327703e-12,0.03951252155950407,0.007647992412038242,0.0,4.242211669108943e-12,0.0,1.4577127458447492e-13,3.1557548502626675e-12,0.0,0.07626217264873704,0.07911035833512406,0.0825499427353792,0.08280381405254288,0.07548159251232431,0.0
2021-03-10,0.0,8.44210804496966e-13,0.08051656529513114,0.07975894558904455,0.08228307511700177,2.312148433485318e-13,0.08016204906788382,0.0,1.3011450512748467e-13,0.0,1.0937975180231657e-13,2.3700720472196035e-11,0.0,0.0,8.750351295688612e-12,0.07622392975809562,0.08262676568781466,0.0,2.619305235414823e-12,0.0,0.0707461384786014,0.004942589490085733,0.0,0.0,7.862576238511628e-12,9.069831012989558e-12,0.039876851993276397,0.007747055752708846,0.0,4.200363327534706e-12,0.0,1.489646741621467e-13,3.156065092241645e-12,0.0,0.07725392116490085,0.07908734402665632,0.0816128740580441,0.08201235999848844,0.07514953446144311,0.0
2021-03-11,0.0,8.465576734287269e-13,0.08088966037925982,0.08010839241005539,0.08163287349587342,2.355990863187246e-13,0.08089438810031012,0.0,1.2864317565088283e-13,0.0,1.108278047258371e-13,2.3580433313568294e-11,0.0,0.0,8.71111796682028e-12,0.07598925655878186,0.08400256934845524,0.0,2.6007513777363807e-12,0.0,0.07027919378081092,0.004937426931181236,0.0,0.0,7.899411387224243e-12,9.202309560123411e-12,0.03909072704582299,0.007731325031654546,0.0,4.33219251637305e-12,0.0,1.4641930383082243e-13,3.1860677730052926e-12,0.0,0.07704774197274668,0.07852718146128805,0.0810155767623181,0.08286150466208096,0.07499218199838024,0.0
2021-03-12,0.0,8.515406430249384e-13,0.08104446867006546,0.07989257683014754,0.08220824768676567,2.323781469592568e-13,0.0804830083408353,0.0,1.2951869551113527e-13,0.0,1.0969505748244415e-13,2.3393574369907158e-11,0.0,0.0,8.761388488585917e-12,0.07592285208463928,0.08350922872711493,0.0,2.6052376590634876e-12,0.0,0.0697470447581274,0.004924735673834639,0.0,0.0,7.917396249862222e-12,9.541935436375478e-12,0.038997269512277714,0.00777834628424938,0.0,4.208484630925482e-12,0.0,1.4028699896655953e-13,3.2098064265266676e-12,0.0,0.07729612155022665,0.07862802556591894,0.08105993952056716,0.08265655944458251,0.07585157528954617,0.0
2021-03-15,0.0,8.378014216079125e-13,0.08144350578140439,0.07935501821359517,0.0832160065011107,2.3525064553015215e-13,0.07940547511965666,0.0,1.2809093115237978e-13,0.0,1.076339248398211e-13,2.317339024366088e-11,0.0,0.0,8.854662595142954e-12,0.07593770578972449,0.08238606230267793,0.0,2.5806607384392176e-12,0.0,0.07033465350350385,0.004899163423094928,0.0,0.0,7.953348182799596e-12,9.47659779643341e-12,0.039399299506139504,0.00774694128715236,0.0,4.201262788079164e-12,0.0,1.3817919483467088e-13,3.29335551809869e-12,0.0,0.07795751028474512,0.07808819692862418,0.08041421030371196,0.08237918106264232,0.07703706993123619,0.0
2021-03-16,0.0,8.388602861012304e-13,0.08090586957763966,0.07910541483978001,0.08316882746056789,2.3977755387727863e-13,0.07892436311656574,0.0,1.2914110801939933e-13,0.0,1.0757940673382556e-13,2.2542324955401137e-11,0.0,0.0,8.921242587433887e-12,0.0763418007512451,0.08242681560954516,0.0,2.553480900855801e-12,0.0,0.06919975632042258,0.004888998654631897,0.0,0.0,8.015197585750013e-12,9.448932758110898e-12,0.03907588678628978,0.007752200084741139,0.0,4.0508509827120294e-12,0.0,1.409233995697887e-13,3.2704400594092558e-12,0.0,0.07966323319749839,0.0780238564707508,0.07989158061575596,0.08349974994091583,0.0771316465133913,0.0
2021-03-17,0.0,8.503606736821801e-13,0.08052868027560285,0.0800521209940171,0.08378072080107044,2.4012368608810013e-13,0.07969228772313673,0.0,1.3037070691265173e-13,0.0,1.0660349309302198e-13,2.2876695104469336e-11,0.0,0.0,8.977924189086272e-12,0.0767229864238669,0.08287113635045786,0.0,2.6212169588861063e-12,0.0,0.06959080408525582,0.004888345506784498,0.0,0.0,7.980483508377289e-12,9.382224197173894e-12,0.038784569119496036,0.007792182034679161,0.0,4.008460452679076e-12,0.0,1.4055979892357705e-13,3.261782066809664e-12,0.0,0.07909936034815225,0.07746276093604176,0.07942265267795155,0.08247595881341398,0.07683543384949633,0.0
2021-03-18,0.0,8.601976134255229e-13,0.08006010326897506,0.08063799247341388,0.08342469524691384,2.366288544662958e-13,0.0805011599615664,0.0,1.2865414849917954e-13,0.0,1.0492702026145865e-13,2.286825922499439e-11,0.0,0.0,8.971974767078651e-12,0.07639574312867298,0.08347820883191531,0.0,2.647433419523396e-12,0.0,0.06860501829619244,0.004804546957916516,0.0,0.0,7.920373734122604e-12,9.27711514018748e-12,0.038620594972951054,0.00772261168216579,0.0,4.021438963735997e-12,0.0,1.421551648241154e-13,3.2375601346900972e-12,0.0,0.0794361790645429,0.0765524620427776,0.0791144232624789,0.0834047249458667,0.07724153580323398,0.0
2021-03-19,0.0,8.716908276774455e-13,0.07966887206269005,0.08059695830646839,0.08237799020020807,2.3676761455170776e-13,0.08034575463860516,0.0,1.27075863722537e-13,0.0,1.067316268101841e-13,2.247092828474167e-11,0.0,0.0,8.962153130351027e-12,0.07667662282434064,0.08293337994146266,0.0,2.6146289050951586e-12,0.0,0.06661904020270026,0.004849432459197769,0.0,0.0,7.98543629455809e-12,9.002630464865732e-12,0.0391595066076298,0.007664442205913669,0.0,3.989598637784935e-12,0.0,1.388253107887691e-13,3.2107089661457395e-12,0.0,0.08244183760663452,0.07696116013634956,0.07995239064648567,0.08214912558503491,0.07760348651656182,0.0
2021-03-22,0.0,8.693745493152578e-13,0.08000808361797164,0.08067727901286548,0.0818519280790277,2.3577424859911046e-13,0.08014453982305382,0.0,1.2417642067893645e-13,0.0,1.0833330016175699e-13,2.3075209234278978e-11,0.0,0.0,8.992065498148897e-12,0.0776323606656467,0.08354248733140832,0.0,2.637544150403594e-12,0.0,0.0675828698293347,0.004813337699066498,0.0,0.0,8.051133061498386e-12,9.101251086575438e-12,0.037961794132145746,0.007746828737943069,0.0,3.918473883401979e-12,0.0,1.4028251184920146e-13,3.141809066486265e-12,0.0,0.08333420763292637,0.07775973045647246,0.07856700942482613,0.0805118826557735,0.07786566084114246,0.0
2021-03-23,0.0,8.692077817215358e-13,0.07894270988379833,0.08169980739366688,0.08152940531548218,2.386505295719459e-13,0.0806172094135226,0.0,1.241326387375014e-13,0.0,1.1159832151526591e-13,2.316761806744716e-11,0.0,0.0,8.703911100374742e-12,0.07811095572521434,0.08393453762691395,0.0,2.6352181309035503e-12,0.0,0.06784804440745677,0.004728092754594781,0.0,0.0,7.880964834089781e-12,9.34255179691193e-12,0.03858674842340737,0.007707407006866132,0.0,3.8204849667748536e-12,0.0,1.4378651613894159e-13,3.195347366926312e-12,0.0,0.08268548018829977,0.07796313506797686,0.07809928966782219,0.0788382310037561,0.07870894606098834,0.0
2021-03-24,0.0,8.958623538832334e-13,0.07814181879182334,0.08152315882842551,0.08092236770597921,2.427628149555206e-13,0.08215027788497896,0.0,1.235543451380127e-13,0.0,1.0772657306953037e-13,2.3229519801077552e-11,0.0,0.0,8.651839822861076e-12,0.07817549696472935,0.08336335225385849,0.0,2.6367538877034762e-12,0.0,0.0679374653837914,0.004861268465904392,0.0,0.0,7.89796239103948e-12,9.425801581491105e-12,0.039280118302162104,0.007664451332545582,0.0,3.795946280317515e-12,0.0,1.417872086099273e-13,3.137246290538984e-12,0.0,0.0819442996678101,0.07817962357796338,0.08015516580644456,0.07780072837653774,0.07790040659675931,0.0
2021-03-25,0.0,9.007571070050798e-13,0.07751607358169325,0.08174936299943265,0.0822093141870674,2.414864770718057e-13,0.08212898191354648,0.0,1.2297670521750574e-13,0.0,1.0689872872394964e-13,2.384966677398463e-11,0.0,0.0,8.716573523011873e-12,0.0782047019472457,0.08464454027088268,0.0,2.642308145322078e-12,0.0,0.06704262104544093,0.004943429129737872,0.0,0.0,7.920383207691339e-12,9.628754358883005e-12,0.039821846184556954,0.007751433188881256,0.0,3.840404020498783e-12,0.0,1.3900584849555292e-13,3.2212362685382125e-12,0.0,0.08254466291182194,0.07956002406728163,0.07982775653421002,0.07556985462707107,0.07648539734979999,0.0
2021-03-26,0.0,9.283705931751112e-13,0.07759491989954292,0.07991439011868877,0.08378311206909256,2.385642021333604e-13,0.08388540660191147,0.0,1.2194552772967032e-13,0.0,1.0431374670398232e-13,2.3668211961674256e-11,0.0,0.0,8.700399584640467e-12,0.07799093497568742,0.08648636967650385,0.0,2.6178325212852056e-12,0.0,0.06641021401133991,0.005060537142875072,0.0,0.0,7.883263467062828e-12,9.670918081851992e-12,0.03997589262751313,0.007785101480445826,0.0,3.7416414030569815e-12,0.0,1.4063350505225881e-13,3.2496254302926707e-12,0.0,0.08107634579216703,0.07914139967935657,0.08015710553803783,0.07377403863517212,0.07696423169060014,0.0
2021-03-29,0.0,9.299810155018231e-13,0.07756251642274084,0.07897062672528413,0.08279631381967632,2.4139482176203174e-13,0.0839961128747098,0.0,1.2286463598057341e-13,0.0,1.0398129491956831e-13,2.3721573931527896e-11,0.0,0.0,8.79146121594568e-12,0.07753919696590794,0.08776098787543271,0.0,2.5982187086023684e-12,0.0,0.06627092273088674,0.00508794947858208,0.0,0.0,7.96186495602205e-12,9.673089651387313e-12,0.040273041580970906,0.007714926358226407,0.0,3.794691479418699e-12,0.0,1.440228790958578e-13,3.2966904638640297e-12,0.0,0.0818669123707304,0.0797879382117009,0.0815174613591934,0.07274547799386397,0.07610961517071396,0.0
2021-03-30,0.0,9.337350855734988e-13,0.07762493704794877,0.07792848224617821,0.08220140468540679,2.416921472248381e-13,0.08454554318628281,0.0,1.210580632740765e-13,0.0,1.0744775528718156e-13,2.383506714719087e-11,0.0,0.0,8.941820099609376e-12,0.0791627351178416,0.08812985202526073,0.0,2.5958043119801004e-12,0.0,0.06772807624020065,0.005145760433555933,0.0,0.0,8.056017236991771e-12,9.705810306323986e-12,0.03922363857249431,0.0076926521352224456,0.0,3.8294875279253584e-12,0.0,1.4512068567415282e-13,3.3956027736231156e-12,0.0,0.0812185973098715,0.08085607252160348,0.0813168483282639,0.07180586214295441,0.0754195379450061,0.0
2021-03-31,0.0,9.437633450551574e-13,0.07816068953819491,0.07809665657220109,0.0843882821688645,2.4154859063740944e-13,0.08319931141017127,0.0,1.2133066311993562e-13,0.0,1.0581406981609996e-13,2.3513172615026483e-11,0.0,0.0,9.046162134744476e-12,0.07948566581756882,0.08704870199597367,0.0,2.6460992876423068e-12,0.0,0.06756103205187948,0.005095998539735845,0.0,0.0,8.067246927226335e-12,9.79634417280154e-12,0.03915808000681521,0.007762005569184512,0.0,3.841714948725508e-12,0.0,1.4378447178132268e-13,3.3835432064747875e-12,0.0,0.08174437721709228,0.07996163611520339,0.07937568041869002,0.07337413650996838,0.07558774600660634,0.0
2021-04-01,5.180725464988279e-12,1.1329053550039467e-12,0.07999999999957796,0.07999999999951375,0.07999999999966896,0.0,2.8331089405273544e-11,0.0,0.07999999999870334,0.0,5.584911469821227e-13,0.07247418274519826,0.0,0.0,0.044505596987377674,7.559394705372105e-13,0.07999999999969382,1.941009801595418e-13,4.010784454436665e-12,0.0,0.07999999998104544,0.0,2.4093593873238346e-13,0.0,5.707549536076335e-11,3.897044180272599e-12,3.9022855646866605e-13,0.07999999999594694,0.0,9.389201702201715e-11,2.806907197422973e-13,0.0,1.8728845758090632e-12,0.0,0.0030202201007444533,0.07999999999937793,0.07999999999962297,0.07999999999796151,0.07999999999775342,0.0
2021-04-02,5.132998428336177e-12,1.1538174883318561e-12,0.07999798447393139,0.08123559836662099,0.08139380293438243,0.0,2.8676879268490748e-11,0.0,0.08094215366350876,0.0,5.639747518791801e-13,0.07250006647790942,0.0,0.0,0.04471125568933061,7.506043266255798e-13,0.07932874455411168,1.8943226310878544e-13,4.049962510383502e-12,0.0,0.08053851073771127,0.0,2.4124136217292314e-13,0.0,5.7393682073246444e-11,3.907732683854255e-12,3.8169200843797376e-13,0.07845587993213106,0.0,9.495363920967173e-11,2.831017989237494e-13,0.0,1.8861184027229097e-12,0.0,0.0030324252026681224,0.08031766436072293,0.0790106911926187,0.07844163008173828,0.0800935921330493,0.0
2021-04-05,5.109394512324946e-12,1.1651363479712084e-12,0.07887195992727875,0.08082518334526756,0.08120109256071761,0.0,2.8635139817607496e-11,0.0,0.08184243179885793,0.0,5.573335288432828e-13,0.07430484991342315,0.0,0.0,0.044045968043940516,7.575795478091619e-13,0.08029715380696748,1.9232382515057925e-13,4.0880918900219764e-12,0.0,0.08254400735000897,0.0,2.333680875957914e-13,0.0,5.708548080974918e-11,3.883930045122625e-12,3.834516020021042e-13,0.07839202769786408,0.0,9.528188337225563e-11,2.830046475930545e-13,0.0,1.8362275386900475e-12,0.0,0.0030043680998346712,0.08039517174772355,0.07746264896871626,0.07639188175520115,0.08042125478470584,0.0
2021-04-06,5.083087404174378e-12,1.1572574514801258e-12,0.07709813566192558,0.08181579531863761,0.0813010100488963,0.0,2.8524338984602407e-11,0.0,0.08392185629459499,0.0,5.597878554812459e-13,0.07387810247140712,0.0,0.0,0.04458415606300182,7.556218634971698e-13,0.07977228890753754,1.85657883714343e-13,4.129950055484506e-12,0.0,0.08260456713380047,0.0,2.3312088975522386e-13,0.0,5.7080832758813864e-11,3.8618967116473126e-12,3.872735615881001e-13,0.0769519901019247,0.0,9.496623017166904e-11,2.8671442284577286e-13,0.0,1.8129460781033113e-12,0.0,0.0030551145464166735,0.08076155225004078,0.07766771409061682,0.07476706149988897,0.08182065541228584,0.0
2021-04-07,5.144364689672395e-12,1.1515445480383825e-12,0.07670937160079397,0.08125790833723873,0.08050237344449,0.0,2.8998191323733114e-11,0.0,0.08638038192501396,0.0,5.571683053080203e-13,0.07540890874571526,0.0,0.0,0.04441753216940779,7.540552513268274e-13,0.07968857040431446,1.8891514438737514e-13,4.147195490888418e-12,0.0,0.08083806432425543,0.0,2.302725582642504e-13,0.0,5.700791236300051e-11,3.910066984190896e-12,3.920795626190368e-13,0.0763949469117312,0.0,9.458027674043066e-11,2.835995504573316e-13,0.0,1.8154497213393754e-12,0.0,0.0030308837300142754,0.08109115082478886,0.07864842343849865,0.07302358490245275,0.08260789904212344,0.0
2021-04-08,5.095093948735464e-12,1.1578829602345977e-12,0.07686637008210397,0.08075390321167196,0.0807355050373197,0.0,2.880567613635975e-11,0.0,0.08639062780386547,0.0,5.62859558517671e-13,0.07348923130383024,0.0,0.0,0.043788822621145466,7.52343754970855e-13,0.07906713924504973,1.8805016756432842e-13,4.150158175468751e-12,0.0,0.08232747075713961,0.0,2.303327564556403e-13,0.0,5.6430558762005415e-11,3.9580346143970354e-12,3.9167940375896524e-13,0.0760901038584734,0.0,9.577215133458939e-11,2.849085928269689e-13,0.0,1.726070920695927e-12,0.0,0.0029982470973854863,0.08231258591464204,0.07728772450627024,0.07425917695738703,0.08363309140420966,0.0
2021-04-09,5.132681896355083e-12,1.1475103685497048e-12,0.07711128813543493,0.08096589300043341,0.07926754353603004,0.0,2.8818041183643528e-11,0.0,0.08813548607049762,0.0,5.547153418053517e-13,0.07261775146220334,0.0,0.0,0.043656424929905964,7.448927347831401e-13,0.07840810643465312,1.8821036093579595e-13,4.1497825572567105e-12,0.0,0.08298502560428171,0.0,2.335223403335845e-13,0.0,5.574967174085242e-11,3.903929709153177e-12,3.872421290018244e-13,0.07692105119291132,0.0,9.535602633422609e-11,2.836149047020734e-13,0.0,1.7103114958471172e-12,0.0,0.0029590085173442555,0.08126056911947302,0.07715799380647978,0.07595893365526743,0.08259492433672377,0.0
2021-04-12,5.087864603657289e-12,1.15220351255755e-12,0.07802059694697734,0.08123450158235798,0.07804179919604884,0.0,2.937410694380576e-11,0.0,0.08792560682664512,0.0,5.625805625183817e-13,0.07282201086156818,0.0,0.0,0.04367175617140075,7.460773557241672e-13,0.07842504561049327,1.873669974949633e-13,4.1297641423953376e-12,0.0,0.08297740842213432,0.0,2.310363536968603e-13,0.0,5.511166158237473e-11,4.0181643979666346e-12,3.9323395927471565e-13,0.07610752966534295,0.0,9.449940853508714e-11,2.908744118868649e-13,0.0,1.7221835462596158e-12,0.0,0.0029724582587950976,0.08117628075688157,0.07907655654596232,0.07524906410165196,0.08229938485623366,0.0
2021-04-13,5.108358574897155e-12,1.144197756604988e-12,0.07880608707850233,0.08259544126606211,0.07817707520719096,0.0,2.948110019390996e-11,0.0,0.08945795657017952,0.0,5.699872835354101e-13,0.07142711450316742,0.0,0.0,0.043982617013185704,7.382546517459657e-13,0.07798259794903281,1.8996280886988826e-13,4.198613026945941e-12,0.0,0.08176763489769695,0.0,2.318507234758702e-13,0.0,5.527511379137643e-11,3.93327923284259e-12,4.0046193855712395e-13,0.07438585145872972,0.0,9.491846011117758e-11,2.904088040640139e-13,0.0,1.716192782471038e-12,0.0,0.0029743748043990076,0.0793128847321202,0.0803270219916255,0.07578907131594527,0.08301427101396626,0.0
2021-04-14,5.189515517644739e-12,1.129299943187597e-12,0.07880249462751655,0.08349346713298551,0.0786286699617973,0.0,2.9573736434964866e-11,0.0,0.08884701364184375,0.0,5.70229219573953e-13,0.07106347517906955,0.0,0.0,0.044360579281241486,7.351378505735686e-13,0.07753728915973702,1.9191762015720436e-13,4.263013284516235e-12,0.0,0.08101741475285079,0.0,2.3966922796718297e-13,0.0,5.5313084152293597e-11,3.982510546171056e-12,3.9623079553800206e-13,0.07511461830730254,0.0,9.577296784890656e-11,2.935758127188496e-13,0.0,1.7159442302385222e-12,0.0,0.002936385090524172,0.0790542516159521,0.08094078334293768,0.07685909030191838,0.08134446740495622,0.0
2021-04-15,5.151339827887156e-12,1.1395059278036246e-12,0.07844943153072383,0.08338315397319568,0.07999413711432986,0.0,2.9642610480699904e-11,0.0,0.08792102143075164,0.0,5.595117223151816e-13,0.07158069177598207,0.0,0.0,0.04497614148838233,7.391572983481582e-13,0.07723933046397173,1.9323073330273615e-13,4.297814997078938e-12,0.0,0.08142360356177114,0.0,2.4275344232639406e-13,0.0,5.629472148096827e-11,3.892745899568443e-12,3.9771387167496193e-13,0.07386781849991168,0.0,9.620151720751377e-11,2.907094101879879e-13,0.0,1.7189820301662643e-12,0.0,0.0029387835976961442,0.07784507581343361,0.08230092494385624,0.07663017362285386,0.0814497119823779,0.0
2021-04-16,5.046689810232923e-12,1.1353267231481596e-12,0.07872960038879799,0.08399613940563477,0.07810540208445459,0.0,3.0002528666219704e-11,0.0,0.08795334831983441,0.0,5.697299109995864e-13,0.069795353165786,0.0,0.0,0.04465305784224949,7.531665205706938e-13,0.07707899031052562,1.955841601570186e-13,4.298556259694758e-12,0.0,0.08236375283693839,0.0,2.4128079023283506e-13,0.0,5.617642564391403e-11,3.810253772074843e-12,3.930133374874547e-13,0.07490685001582145,0.0,9.941828163156779e-11,2.9501999017207856e-13,0.0,1.7641013576174543e-12,0.0,0.0029294306897901332,0.07720150011286504,0.0828462289402745,0.0784609635768369,0.08097938210609086,0.0
2021-04-19,5.002529450894432e-12,1.1593780981581064e-12,0.07839092234080212,0.08449437924268281,0.07783856094296346,0.0,3.0410183990186624e-11,0.0,0.08759301057778353,0.0,5.681000851741765e-13,0.07085866220968641,0.0,0.0,0.044216549663901365,7.434886911011195e-13,0.07700410127489851,1.9288975374560877e-13,4.286497745950586e-12,0.0,0.08090643109626222,0.0,2.4079129626136817e-13,0.0,5.5504397222420505e-11,3.7994239120347705e-12,3.9685066313910486e-13,0.07488099273162147,0.0,9.874781724947205e-11,2.916809820688877e-13,0.0,1.751652897806177e-12,0.0,0.0029361308305726297,0.07814190905737484,0.08342292851935953,0.07732662322328701,0.0819887980857085,0.0
2021-04-20,5.021532821328487e-12,1.1554424129564562e-12,0.07885180360896063,0.08491328997372703,0.07692364599012343,0.0,3.028464096915836e-11,0.0,0.0902270777103572,0.0,5.613159764107925e-13,0.0712828302295177,0.0,0.0,0.044077878497775856,7.474883191646499e-13,0.07635313643690386,1.8937823163351866e-13,4.33239671060565e-12,0.0,0.07984020487275194,0.0,2.4268496960305825e-13,0.0,5.5083941032323096e-11,3.81116364141937e-12,4.058607609302937e-13,0.07502499448364724,0.0,9.865747512764159e-11,2.9445000889305216e-13,0.0,1.7644716456533803e-12,0.0,0.00295074421101156,0.07805296425024999,0.08374291352778318,0.07507751493263272,0.08268100107200554,0.0
2021-04-21,5.084310399148402e-12,1.1569978975461625e-12,0.0779187043945349,0.08505297274525002,0.07873417113582945,0.0,3.025291062804467e-11,0.0,0.09113538891159352,0.0,5.718293763109685e-13,0.07045757282759883,0.0,0.0,0.04414054520115981,7.497236295647225e-13,0.07660249173821529,1.8882433117155751e-13,4.309076258613883e-12,0.0,0.07925915504129528,0.0,2.4271411354217945e-13,0.0,5.4970559842125225e-11,3.92260974665146e-12,4.13242808697374e-13,0.0749433021589258,0.0,1.0056667529415032e-10,2.925756067445981e-13,0.0,1.8028984467653571e-12,0.0,0.0029792092797051384,0.0783442285462026,0.0838728620868408,0.07406026147063087,0.08249913425769285,0.0
2021-04-22,5.175477433922381e-12,1.173056454215088e-12,0.07851346905719135,0.08628602052335521,0.07692445250231314,0.0,3.0088891635389814e-11,0.0,0.09064316168630926,0.0,5.679842286450566e-13,0.07120725558492208,0.0,0.0,0.04415809956081547,7.525945084738891e-13,0.07686757299758329,1.9240162264753857e-13,4.340880342244674e-12,0.0,0.08120720291115249,0.0,2.409980222924798e-13,0.0,5.4966085690791054e-11,3.9643312208687945e-12,4.1541585453051223e-13,0.07267990640487759,0.0,1.0120015927969055e-10,2.8881449841611693e-13,0.0,1.8320553592304777e-12,0.0,0.0029350720865087307,0.07765370137761084,0.08492656190782963,0.0757285704635665,0.08026895273076534,0.0
2021-04-23,5.085164787530182e-12,1.1727575195926637e-12,0.07767103200766338,0.08784478743410445,0.07673367413622183,0.0,3.0247683976214285e-11,0.0,0.09100051427311995,0.0,5.615607808307239e-13,0.07047129463895038,0.0,0.0,0.04414739198000139,7.519227520573236e-13,0.07684548017167046,1.9190974955107829e-13,4.343507030888982e-12,0.0,0.08169326748997603,0.0,2.367986980019548e-13,0.0,5.506125596225311e-11,3.955347265251616e-12,4.206553953804053e-13,0.07248947678729883,0.0,1.0445656986635051e-10,2.888256390429513e-13,0.0,1.845189326963576e-12,0.0,0.002955186412402531,0.07777081629965592,0.08482541850984346,0.0758712056291873,0.07968045402128505,0.0
2021-04-26,5.242719500134366e-12,1.1766607248830185e-12,0.07776447657046362,0.0864320194996824,0.07616699316672289,0.0,3.0109256045659145e-11,0.0,0.09116935816201577,0.0,5.646585226000001e-13,0.07076082528430948,0.0,0.0,0.04396938341791383,7.541145397413581e-13,0.07660245719520271,1.982039972347988e-13,4.357391601902577e-12,0.0,0.08420450562896799,0.0,2.285589304395617e-13,0.0,5.502378192574131e-11,3.942282653418674e-12,4.19243169513865e-13,0.07240664238048745,0.0,1.0410572854113245e-10,2.9088431757483887e-13,0.0,1.8278020315554147e-12,0.0,0.0029411656535531664,0.07787751366577876,0.0832033727351493,0.0766798830610046,0.07982140337050687,0.0
2021-04-27,5.18439214328975e-12,1.1715933979047838e-12,0.07716402292585911,0.08565919582329497,0.0768655646471517,0.0,3.008503173070769e-11,0.0,0.09067887650775822,0.0,5.480461097743697e-13,0.07097608278554815,0.0,0.0,0.044683459693119286,7.597923569982524e-13,0.07609934011825614,1.9947378306693664e-13,4.336685965316802e-12,0.0,0.08464533089434233,0.0,2.2343258230304082e-13,0.0,5.541029608078005e-11,4.043141693011899e-12,4.1630242960044e-13,0.07269190172610919,0.0,1.0082104742615113e-10,2.904012135065582e-13,0.0,1.7726733705264282e-12,0.0,0.002966964761020565,0.0781261563706621,0.08379184080791002,0.07644527159587008,0.07920599113783598,0.0
2021-04-28,5.182040418140577e-12,1.1519629554639655e-12,0.07699411494032532,0.08578416154274235,0.077880937771584,0.0,3.006202673613754e-11,0.0,0.09241696509717567,0.0,5.60361958149276e-13,0.07237446024949991,0.0,0.0,0.04468529822587878,7.641667900452253e-13,0.07573081394242355,2.0016426780919852e-13,4.3588881620376626e-12,0.0,0.08348936983843233,0.0,2.3072592589957233e-13,0.0,5.5720772038876115e-11,4.003310084302273e-12,4.1933834228873315e-13,0.07195728932872789,0.0,1.0456447717295424e-10,2.913680915461237e-13,0.0,1.7822693460791139e-12,0.0,0.0029845444017935346,0.07811130850876745,0.0831949368397912,0.07520206724725656,0.07919373185630985,0.0
2021-04-29,5.132224325349994e-12,1.163175470197779e-12,0.07759437402182788,0.08642341866160443,0.07724764991553609,0.0,2.9922608497643035e-11,0.0,0.09260587459518271,0.0,5.720613412984256e-13,0.07217851479528338,0.0,0.0,0.044823343998438715,7.625960803859355e-13,0.07522954521925217,1.977864209498952e-13,4.365987020292518e-12,0.0,0.08361852655945906,0.0,2.362209188215966e-13,0.0,5.615669755887731e-11,3.976259647105043e-12,4.1671455251028147e-13,0.07285003405521856,0.0,1.0463956296241658e-10,2.8788706494698404e-13,0.0,1.8466759910994507e-12,0.0,0.002966476425063148,0.0784395691264916,0.08412125717258345,0.07458531251696456,0.07731610272741805,0.0
2021-04-30,5.067453430378773e-12,1.1497697398844853e-12,0.07702359065208665,0.08559724313918347,0.07807331747800206,0.0,2.958468644557784e-11,0.0,0.09404413147438913,0.0,5.775179516753535e-13,0.07187232550628761,0.0,0.0,0.04522188403970336,7.711899959718668e-13,0.07402521731819803,1.8662596196013826e-13,4.377148056312267e-12,0.0,0.0820513879354241,0.0,2.324940179791468e-13,0.0,5.5979978629599305e-11,4.010949495792957e-12,4.155153325435275e-13,0.0724430482164286,0.0,1.0197148506676685e-10,2.873627983400768e-13,0.0,1.82314995485713e-12,0.0,0.002946619806727813,0.07815040985666638,0.08462009894799379,0.07559782031183865,0.0783329051106354,0.0
2021-05-03,0.07999999997923678,0.07999999999642625,0.07999999999765682,0.07999999999740003,0.07999999999771906,0.0,0.015389984722776837,0.0,0.0,0.0,0.0,0.044610015286405645,0.0,0.0,0.046068144706573035,2.7307756267860818e-12,0.07999999999771222,0.07999999998801885,2.3146660127142814e-12,3.117204386864261e-12,2.7087971464708613e-12,0.0,3.1116891771024653e-12,0.0,0.02501190910180105,5.0966421714484015e-12,0.0,0.079999999997137,0.0,3.741285321297669e-11,0.0,0.0,2.9497203151464697e-13,0.0,0.0029735700200768872,0.07999999999724872,0.07999999999776224,1.3236739741754453e-11,0.06594637614602443,0.0
2021-05-04,0.08142996159591127,0.08024194650583706,0.07961717982421851,0.0804450389050932,0.08054060681316254,0.0,0.015326386794166298,0.0,0.0,0.0,0.0,0.04430828322480498,0.0,0.0,0.04560074179405003,2.7402281232892678e-12,0.0796480088777157,0.07781564300446081,2.3452016331905517e-12,3.0510612177601114e-12,2.684475756355691e-12,0.0,3.0839850980411467e-12,0.0,0.025049246525388348,5.104618219353263e-12,0.0,0.07969296581755939,0.0,3.769613786199612e-11,0.0,0.0,2.975906271581424e-13,0.0,0.0030032378876228925,0.07927753248080996,0.08201922021049303,1.3334262878125937e-11,0.06598399966836857,0.0
2021-05-05,0.08094577002664204,0.07985135208034938,0.07972860944038757,0.07975723515322959,0.08245726949404796,0.0,0.015357346171363539,0.0,0.0,0.0,0.0,0.044538201870077926,0.0,0.0,0.04509240018543693,2.727442465129205e-12,0.0806328098632146,0.07707666629303289,2.3286920219876576e-12,3.029975695733647e-12,2.6682858717615885e-12,0.0,3.0554422404197345e-12,0.0,0.025010031381846848,5.080492515917701e-12,0.0,0.07926550059983618,0.0,3.7488570036192654e-11,0.0,0.0,2.992627808431285e-13,0.0,0.0029908473601647605,0.07814995265815794,0.08339853631354122,1.3007739437739208e-11,0.06574747103898498,0.0
2021-05-06,0.08168759206813844,0.07741536474045779,0.079205769652867,0.07970252718916163,0.08239438180164427,0.0,0.01528040395588002,0.0,0.0,0.0,0.0,0.044351871690373364,0.0,0.0,0.04668104623269277,2.716363965258063e-12,0.08084168561983854,0.07801029786603476,2.3344237686720403e-12,3.056929432390561e-12,2.7293247070041133e-12,0.0,3.106204101774314e-12,0.0,0.025245397173272777,5.0668409189264946e-12,0.0,0.0794312707157332,0.0,3.815033494105255e-11,0.0,0.0,3.0290518057158797e-13,0.0,0.0030183098182137965,0.07817862326911044,0.08270665727042258,1.3049504363945688e-11,0.06584880086564607,0.0
2021-05-07,0.08168315394169169,0.07694281545874526,0.07941620026060688,0.07924875667331228,0.08339751362536141,0.0,0.015404072871099437,0.0,0.0,0.0,0.0,0.043908943740902255,0.0,0.0,0.046686530573260734,2.728721021557333e-12,0.08108404186028928,0.07638244209897559,2.3570263880642693e-12,3.034856289015344e-12,2.7849724242679995e-12,0.0,3.0333759753716523e-12,0.0,0.02533737409269126,5.0024151146767646e-12,0.0,0.0786690284527692,0.0,3.8665277245216466e-11,0.0,0.0,2.987000025914421e-13,0.0,0.0029906369911264405,0.07968919459698115,0.08413409223511645,1.3105531531460604e-11,0.0650252024560601,0.0
2021-05-10,0.08041512719271184,0.0777144892631461,0.07893488932654075,0.07966836106685142,0.08266880701660256,0.0,0.015532654447793264,0.0,0.0,0.0,0.0,0.0442247808976407,0.0,0.0,0.04652682174818232,2.7330120118975825e-12,0.08149383987516531,0.07728637744200266,2.364262089313769e-12,3.0620443597959755e-12,2.792201043647784e-12,0.0,3.0669164011129125e-12,0.0,0.025310202064097807,4.953636910578524e-12,0.0,0.07921052398123014,0.0,3.929308216198656e-11,0.0,0.0,3.053227402918916e-13,0.0,0.002978045710345763,0.07889168356330832,0.08404467079969974,1.3232413325152743e-11,0.06509872553287875,0.0
2021-05-11,0.08152961428013815,0.07793995909188947,0.07953918871469723,0.08079805174218178,0.0830583031300093,0.0,0.015526106868588877,0.0,0.0,0.0,0.0,0.04395558147863384,0.0,0.0,0.046835876225467005,2.714658145501418e-12,0.08057543108564767,0.07595836888472576,2.3757490181607367e-12,3.0776420617181146e-12,2.783762256505584e-12,0.0,3.0953490055423597e-12,0.0,0.0252905002924121,4.975661737786209e-12,0.0,0.07860087460743126,0.0,3.9158368749688153e-11,0.0,0.0,3.0259189792793085e-13,0.0,0.0029862562171155964,0.07931351299061834,0.08353376433840908,1.3158809057871021e-11,0.06455860998039231,0.0
2021-05-12,0.08462688170030726,0.07776227032052958,0.07908678539066,0.08055988502257032,0.08358132836561843,0.0,0.015476317681205987,0.0,0.0,0.0,0.0,0.04400563333687256,0.0,0.0,0.046730567556612056,2.6915110284636883e-12,0.08019913615004946,0.07414600215849745,2.3560129204911377e-12,3.0528982250557012e-12,2.77816442930345e-12,0.0,3.0621372718629116e-12,0.0,0.02512816781886551,5.0916721149904355e-12,0.0,0.07763219666528764,0.0,3.8487555371874514e-11,0.0,0.0,3.042110662856241e-13,0.0,0.0030273160605675965,0.07974467360058618,0.08360383034569797,1.3237074860955814e-11,0.06468900775501109,0.0
2021-05-13,0.08497427031228214,0.07789597370635172,0.07802004706019254,0.07981416827468156,0.0855892399535262,0.0,0.01533579813824558,0.0,0.0,0.0,0.0,0.044584547220742024,0.0,0.0,0.047017420989148816,2.730872676247658e-12,0.08016058715449718,0.07575051035732967,2.3687079961129353e-12,3.0017514542349776e-12,2.856165294321487e-12,0.0,3.020248120761938e-12,0.0,0.025292094117918967,5.135544061440918e-12,0.0,0.07721115051647909,0.0,3.894937797335801e-11,0.0,0.0,2.97247967835661e-13,0.0,0.0030247230271130787,0.0794670302825965,0.08220986294080575,1.3376761996017558e-11,0.06365257587635285,0.0
2021-05-14,0.08724938301929304,0.07871549559838534,0.07859659031410254,0.07997047859951957,0.08682728252466895,0.0,0.015302340048699735,0.0,0.0,0.0,0.0,0.04422958059308023,0.0,0.0,0.04619244570881224,2.7488240023863558e-12,0.07960051951574904,0.07513672775198077,2.3835982048688007e-12,2.9588093866501786e-12,2.865502043222085e-12,0.0,3.0546972529859466e-12,0.0,0.025403501932715865,5.13595290426179e-12,0.0,0.07712203979291618,0.0,3.996736369299298e-11,0.0,0.0,2.9568849233944634e-13,0.0,0.003001327367476579,0.07996336154920149,0.08153970534656992,1.3253736536995407e-11,0.06114922026416472,0.0
2021-05-17,0.08892907235668326,0.07933728503373991,0.0787615580372016,0.07916508574981018,0.0850363664730735,0.0,0.015428857927317257,0.0,0.0,0.0,0.0,0.04473623754991142,0.0,0.0,0.04654904082324111,2.7419298128789534e-12,0.0794851479748734,0.07622305843054518,2.386443766379249e-12,2.99426441866414e-12,2.8302571976583705e-12,0.0,3.022042016573282e-12,0.0,0.025375564253789677,5.206067094690261e-12,0.0,0.07754168610275466,0.0,3.971589132040598e-11,0.0,0.0,2.971899268251639e-13,0.0,0.0029956612487223636,0.08002201282236385,0.08055356556653828,1.3213642602321275e-11,0.05985979957702696,0.0
2021-05-18,0.08725220200373414,0.0814901159171294,0.07986209066884839,0.08027745486266945,0.08342545808175997,0.0,0.015315335862516507,0.0,0.0,0.0,0.0,0.044033579671968116,0.0,0.0,0.04679128933637053,2.739665342149584e-12,0.07953765077478463,0.07623842222074863,2.3342411333308815e-12,3.052230137924089e-12,2.7856786135595234e-12,0.0,3.145098989654863e-12,0.0,0.025327201438206957,5.207345908369119e-12,0.0,0.07783729840745349,0.0,3.940195333290181e-11,0.0,0.0,2.9794368961720684e-13,0.0,0.002971798497442735,0.0792113545048852,0.07942711577613024,1.3184697241935033e-11,0.06100163190320314,0.0
2021-05-19,0.0877739635155481,0.07986363047971266,0.08023109497805697,0.080341111978237,0.08398207150868767,0.0,0.015265288182074776,0.0,0.0,0.0,0.0,0.04300892221246543,0.0,0.0,0.04692413169697084,2.764259967834079e-12,0.07990552384615741,0.07806876026288491,2.3307071739634262e-12,3.089853095711524e-12,2.875200400915568e-12,0.0,3.088299013311698e-12,0.0,0.02540701517548428,5.088148270468613e-12,0.0,0.07774004870238477,0.0,4.0408544416473165e-11,0.0,0.0,3.14950839952495e-13,0.0,0.002936571632933011,0.07867399748276163,0.0784008332927929,1.2971194508988894e-11,0.0614770349799169,0.0
2021-05-20,0.08821351580777792,0.08050270590799186,0.07941328686956844,0.08021366506442582,0.08282742296650725,0.0,0.015289360141737322,0.0,0.0,0.0,0.0,0.04337874121010913,0.0,0.0,0.047194592345297014,2.7375824132385837e-12,0.08012405632820606,0.07858520008497133,2.3526059190735713e-12,3.0572996526066845e-12,2.825506492452643e-12,0.0,3.0580076615220084e-12,0.0,0.025700172860599706,5.188434817399239e-12,0.0,0.07776692618305212,0.0,4.0575151827034863e-11,0.0,0.0,3.203262777858286e-13,0.0,0.002938438195620614,0.07838466341911657,0.07860256456371259,1.266311302115823e-11,0.06086468797852867,0.0
2021-05-21,0.08727616290229076,0.08113126711105957,0.0782336119837595,0.07914785534768794,0.08414033285344727,0.0,0.015161514084008586,0.0,0.0,0.0,0.0,0.042731904189295004,0.0,0.0,0.04799496088211588,2.746531531420238e-12,0.07967578585380976,0.080348046595048,2.3622955156957876e-12,3.0599072492945483e-12,2.8690693043621067e-12,0.0,3.0185303024452956e-12,0.0,0.025785904599735475,5.185441604269072e-12,0.0,0.07713906204113154,0.0,4.0842304810548347e-11,0.0,0.0,3.25020905518257e-13,0.0,0.002977274783524965,0.08055222820594049,0.07740128098743361,1.2543095459807604e-11,0.06030280750675991,0.0
2021-05-24,0.08808776855874131,0.08083081241328767,0.0774879462087646,0.07975945594380131,0.08302619128612117,0.0,0.015075061963126187,0.0,0.0,0.0,0.0,0.042449028371367735,0.0,0.0,0.047709709729742124,2.7556392431803076e-12,0.07961451837282013,0.0832318551574715,2.352557653162294e-12,3.0857881025219812e-12,2.8805090601855717e-12,0.0,2.977437953963118e-12,0.0,0.02559228243597473,5.114810819159817e-12,0.0,0.07682909489516214,0.0,4.056143570791193e-11,0.0,0.0,3.311670702223635e-13,0.0,0.0029794074673398807,0.07920707234342898,0.07753699021265885,1.2340839094036129e-11,0.060582804567791894,0.0
2021-05-25,0.08900830031536142,0.08021512251376967,0.07655886215229261,0.07925048881179693,0.08334061578141452,0.0,0.015117704541963003,0.0,0.0,0.0,0.0,0.04285295394289336,0.0,0.0,0.04845663339943452,2.763415687274427e-12,0.07999775989121059,0.08386356851569923,2.3640865357939863e-12,3.0342575142208877e-12,2.8886956207541093e-12,0.0,3.0361008683644735e-12,0.0,0.02562751763289719,5.106308682001287e-12,0.0,0.07620478862172334,0.0,4.0190518794018975e-11,0.0,0.0,3.3510151330726787e-13,0.0,0.002967203311827902,0.07955101779138468,0.07672058091705784,1.2416693700957098e-11,0.060266881787138425,0.0
2021-05-26,0.0878503869653059,0.08175816665276725,0.07625700471044285,0.07793719249974182,0.08306034935621186,0.0,0.015153280412102682,0.0,0.0,0.0,0.0,0.04262514496427619,0.0,0.0,0.04787701014013966,2.7569925529049676e-12,0.08011654206879215,0.08508761420054572,2.327855504567855e-12,3.009403984080821e-12,2.8278531807211456e-12,0.0,3.046424412836589e-12,0.0,0.025220906913019814,5.065591410602922e-12,0.0,0.07700211014075577,0.0,3.8767094889389546e-11,0.0,0.0,3.3877406345039226e-13,0.0,0.0029482817720382862,0.08011189208182136,0.07708143657348544,1.2554586648290661e-11,0.05991268047785901,0.0
2021-05-27,0.08732317262385794,0.08057415549670412,0.07768937610045194,0.07660862481559969,0.08378413613127979,0.0,0.015207584086760114,0.0,0.0,0.0,0.0,0.042120997199079066,0.0,0.0,0.04815272711723563,2.7849732398730275e-12,0.08022050754625347,0.08616417221342364,2.3156781406782547e-12,2.99433990775824e-12,2.864526823605219e-12,0.0,3.0771616991608793e-12,0.0,0.025564446832047272,5.009700026135926e-12,0.0,0.07748799009816718,0.0,3.940597282128144e-11,0.0,0.0,3.5042355516494166e-13,0.0,0.0029483176985908343,0.08062030502290209,0.07604878429846929,1.2805527584193674e-11,0.05948470264756996,0.0
2021-05-28,0.08589925819771355,0.08093410387280298,0.0789796764791238,0.07487398706047953,0.08326667448182488,0.0,0.01498275424957195,0.0,0.0,0.0,0.0,0.041444525000818376,0.0,0.0,0.047195212900280156,2.7495544056477043e-12,0.08064859131964751,0.08769332207560636,2.300490567043774e-12,3.011636056215889e-12,2.826663500314053e-12,0.0,3.1345672961099236e-12,0.0,0.025047008143780178,5.001524549749437e-12,0.0,0.0797496150752777,0.0,3.9596280691035145e-11,0.0,0.0,3.535176845618693e-13,0.0,0.00295936227143347,0.08062902275750976,0.07629087520740054,1.2816393155982008e-11,0.05940601083493901,0.0
2021-05-31,0.08574011234687177,0.08131179359335043,0.07911888502324792,0.07478727003705578,0.08303130380430215,0.0,0.014925787857598294,0.0,0.0,0.0,0.0,0.04156911810520286,0.0,0.0,0.047179490571230956,2.7281101974780114e-12,0.08121106205178147,0.08931853468026231,2.2617971402283126e-12,2.9833723120099183e-12,2.7995009018308416e-12,0.0,3.2220671825955046e-12,0.0,0.024784016945594223,4.941285543422976e-12,0.0,0.07919511849302067,0.0,4.013475014893142e-11,0.0,0.0,3.529377886436746e-13,0.0,0.002980562446280177,0.08079091105390772,0.07528692926066237,1.2900864367980276e-11,0.05876910365730656,0.0
2021-06-01,9.022952946245547e-12,0.06521924073528396,0.07999999999838903,0.07999999999905621,0.07999999999820767,0.0,0.014673463436876446,0.0,4.235784752177519e-13,0.0,0.0,0.07999999998951571,0.0,3.5624347989369213e-13,0.027583373295851976,0.07999999998144595,0.06010729584318239,0.0,0.07999999999564261,0.0,4.720379719742188e-13,0.0,2.2710516234158147e-13,0.0,0.021043995248362188,0.07999999999770636,0.0,0.020000000007718656,0.0,1.366809396035133e-11,0.0,0.0,0.0,3.117370095910521e-12,0.0029656564735205436,0.07999999999846924,0.07999999999617144,5.042999119053001e-12,0.06840697497226914,0.0
2021-06-02,9.169023558724793e-12,0.06601766281714644,0.08038373369575035,0.08035373823681716,0.08038278411368159,0.0,0.014603371853459593,0.0,4.2194471760343454e-13,0.0,0.0,0.08057398716147585,0.0,3.5119157245186375e-13,0.02769729281567488,0.07981637300675459,0.05959042037129037,0.0,0.07896018578603516,0.0,4.776646758949197e-13,0.0,2.328575477037088e-13,0.0,0.020976046103602583,0.07803518386954167,0.0,0.02007662164508611,0.0,1.345692582089937e-11,0.0,0.0,0.0,3.0533749569684405e-12,0.0028980185688059685,0.08246805190650355,0.07820343066765902,4.964170462754464e-12,0.06896309734858791,0.0
2021-06-03,9.018261521567613e-12,0.06388454076166467,0.08136669792336627,0.08019870396178154,0.08144966629634756,0.0,0.014646274511108334,0.0,4.229159093381708e-13,0.0,0.0,0.07995213734778407,0.0,3.5097420321288216e-13,0.027218828591888334,0.08007729710972572,0.05951875488474466,0.0,0.07915433326914023,0.0,4.764341640899518e-13,0.0,2.3770598319474065e-13,0.0,0.021068646969960733,0.0773652705701744,0.0,0.020051281341458817,0.0,1.4035032269245658e-11,0.0,0.0,0.0,3.044695693939658e-12,0.0029396642621446205,0.08432040084601379,0.07797619571493361,5.140066195945121e-12,0.0688113056050365,0.0
2021-06-04,8.992964192702116e-12,0.06445318323484578,0.08176465685434109,0.08054009126469798,0.0815290634604408,0.0,0.01467142311553469,0.0,4.1808689161801484e-13,0.0,0.0,0.07917459900873482,0.0,3.523274198018895e-13,0.027339792968335504,0.07994762684946582,0.05985120623548526,0.0,0.07882026382818144,0.0,4.764512066979907e-13,0.0,2.440560503219791e-13,0.0,0.021053140548118437,0.07898201448640162,0.0,0.019923092806939408,0.0,1.4129325960482027e-11,0.0,0.0,0.0,3.1141860763430863e-12,0.002949494193076387,0.0834983412726667,0.07765638318365753,5.228522455408792e-12,0.06784562665612082,0.0
2021-06-07,8.933417484630542e-12,0.06488137660789749,0.08103784556143788,0.07990932135595863,0.08133961266639124,0.0,0.014594976382467624,0.0,4.170606887118743e-13,0.0,0.0,0.0799802220941449,0.0,3.545609745668587e-13,0.028155282598585105,0.08003428673777294,0.05976851768369902,0.0,0.0790101184095236,0.0,4.83059011478229e-13,0.0,2.482786007652862e-13,0.0,0.021358229741560476,0.07843442437009837,0.0,0.019883945705336446,0.0,1.411318089057792e-11,0.0,0.0,0.0,3.0498152186661743e-12,0.0029800294001286255,0.08347808403940235,0.07740252545765841,5.282210420475006e-12,0.06775120115505538,0.0
2021-06-08,8.949615685399613e-12,0.06450423840398613,0.08043121666876815,0.07952843846820364,0.08163952130890671,0.0,0.014516036394532007,0.0,4.1200129918752366e-13,0.0,0.0,0.07911543063175215,0.0,3.426000249827807e-13,0.02784088156075321,0.08053761177959429,0.059543969379853526,0.0,0.07928904340106621,0.0,4.784641909670803e-13,0.0,2.503869590449269e-13,0.0,0.021236060604528702,0.07812519989176402,0.0,0.019619243081299618,0.0,1.3777292040184536e-11,0.0,0.0,0.0,3.038316445013991e-12,0.0029730300010359003,0.08506550312165452,0.07713087673900149,5.309991631100066e-12,0.0689036985307412,0.0
2021-06-09,8.804814748704138e-12,0.06470481536487607,0.07993566260988472,0.07959443878000781,0.08217124419678203,0.0,0.014707626235821872,0.0,4.092158420035101e-13,0.0,0.0,0.07882288602247686,0.0,3.3602374067074066e-13,0.028176883839340947,0.08020081436329088,0.05995832690856866,0.0,0.07873321937534038,0.0,4.834067121128314e-13,0.0,2.374275029399345e-13,0.0,0.021342719558073514,0.07805396428180444,0.0,0.019828563964585585,0.0,1.3395166250424394e-11,0.0,0.0,0.0,3.014434404868772e-12,0.002966400101718635,0.08560413904037055,0.07669908588094405,5.3222530119865385e-12,0.06849920944411045,0.0
2021-06-10,8.887269074323627e-12,0.06474312478392957,0.08028978490951968,0.07945898080758075,0.08358444750346318,0.0,0.014600863106140958,0.0,4.112027209982639e-13,0.0,0.0,0.0795497578392981,0.0,3.3661528278571865e-13,0.028348075894441115,0.08017493952036824,0.05974702095079738,0.0,0.07826183555355587,0.0,4.882518233176995e-13,0.0,2.394438559672959e-13,0.0,0.021315308440955257,0.07843889841990603,0.0,0.01979044393143481,0.0,1.3415071190574242e-11,0.0,0.0,0.0,2.9983031519052987e-12,0.0029522891166607057,0.08505293963505207,0.07607685750243784,5.265431307071084e-12,0.06761443205241706,0.0
2021-06-11,9.153978526361176e-12,0.06547204947461129,0.07933167185989379,0.07902970082811864,0.0851762251816555,0.0,0.014426237758659418,0.0,4.0860952710640174e-13,0.0,0.0,0.07915115381200682,0.0,3.3547374494715044e-13,0.028595253185467684,0.0797616303360186,0.05978840931643017,0.0,0.07795920658520608,0.0,4.925945110696733e-13,0.0,2.3687260024247087e-13,0.0,0.021076604852029595,0.07931809860879459,0.0,0.019465246545520384,0.0,1.3739053003172882e-11,0.0,0.0,0.0,2.926529667066642e-12,0.0029348835196763715,0.08456410652643556,0.07625220544502903,5.004746557933042e-12,0.06769731613214887,0.0
2021-06-14,9.12311298880014e-12,0.067278813651015,0.07800200003937592,0.07838041962998717,0.08517335170352246,0.0,0.014465472226259336,0.0,4.104459602813653e-13,0.0,0.0,0.08043334259055357,0.0,3.3189539708643486e-13,0.028636067139509065,0.0803176558851315,0.06023734599350796,0.0,0.07849725914586045,0.0,4.916035465458143e-13,0.0,2.35450762427012e-13,0.0,0.02079732932240516,0.07891553386147869,0.0,0.019190129765214444,0.0,1.3823014195905657e-11,0.0,0.0,0.0,2.9455659042867597e-12,0.0029143999588517773,0.08337229391010383,0.07532757147259268,4.979743544904759e-12,0.06806101367229041,0.0
2021-06-15,9.068027440213275e-12,0.06834972649118438,0.07796697863650347,0.07781885163004826,0.08590715225382194,0.0,0.014419188363456036,0.0,4.062622767076678e-13,0.0,0.0,0.08094102521081592,0.0,3.3113331021444036e-13,0.028410650689927017,0.07979504336867534,0.06070178740233128,0.0,0.07819989625640904,0.0,4.869281098864108e-13,0.0,2.3903745158277527e-13,0.0,0.020975712476693515,0.0797665136783873,0.0,0.019122529352991358,0.0,1.4111704013849039e-11,0.0,0.0,0.0,2.8937806476182794e-12,0.0029180629233209873,0.08224182892927528,0.07430034177413262,5.076273604222877e-12,0.06816471052941339,0.0
2021-06-16,8.924236049087047e-12,0.06925306307443,0.07770377850985098,0.07694356195487453,0.08745643444587671,0.0,0.014432498272372501,0.0,3.950123411722293e-13,0.0,0.0,0.07999084724353121,0.0,3.3087911371082e-13,0.02846793066032125,0.07989389288542446,0.06050726915716783,0.0,0.07698827389924957,0.0,4.734149433965372e-13,0.0,2.328121215393597e-13,0.0,0.02100888028841214,0.08071715655133443,0.0,0.019040575128903822,0.0,1.4160251965007101e-11,0.0,0.0,0.0,2.9031813346095806e-12,0.002922066930261625,0.08188094997875874,0.07486502203019232,5.171024390500726e-12,0.06792779895644742,0.0
2021-06-17,8.88057298042759e-12,0.06967437667458785,0.07857844384378918,0.07705751378292436,0.08538096233433565,0.0,0.01454450401824917,0.0,3.9593099813763656e-13,0.0,0.0,0.07994156691089224,0.0,3.292989213603281e-13,0.028231335765094054,0.0791182080280205,0.060534281662042354,0.0,0.07672967288910128,0.0,4.747272276903044e-13,0.0,2.297459369337279e-13,0.0,0.020705605109878927,0.07924585809036021,0.0,0.01924494167001574,0.0,1.3842844644814133e-11,0.0,0.0,0.0,2.9309443767393364e-12,0.00289594067346542,0.08162723211468494,0.07677365735287293,5.057079272513738e-12,0.06971589904754442,0.0
2021-06-18,9.170177366086352e-12,0.06904500880775798,0.07826299789979847,0.07734594767811169,0.0864557284872762,0.0,0.014622087908801408,0.0,3.9650716618834536e-13,0.0,0.0,0.07975969940361441,0.0,3.240320900236274e-13,0.02827003181863099,0.07856994529849315,0.06072095990953047,0.0,0.07691534696613833,0.0,4.708109382322264e-13,0.0,2.3105707951680005e-13,0.0,0.02077084140434573,0.07864852229616341,0.0,0.01905783433759479,0.0,1.3517539921288704e-11,0.0,0.0,0.0,2.986367070658004e-12,0.002918530108919437,0.08132783061284696,0.07677002809302963,5.091514795552528e-12,0.07053865893675935,0.0
2021-06-21,9.141111922213207e-12,0.06989057089981565,0.07756327022895282,0.07764989976213979,0.08637559994781098,0.0,0.014759098634128298,0.0,4.014371229246427e-13,0.0,0.0,0.07930588514257388,0.0,3.228428189098236e-13,0.02863532854339662,0.07757672950494524,0.06118163396752448,0.0,0.0767156457040713,0.0,4.633900883398821e-13,0.0,2.2547656932267652e-13,0.0,0.021145531618774804,0.07878462484953609,0.0,0.018822409198232134,0.0,1.3684653294530385e-11,0.0,0.0,0.0,3.001014457841575e-12,0.0029496252342848393,0.08099899857808675,0.07629469530485154,5.166026086014401e-12,0.07135045284846929,0.0
2021-06-22,9.142301794180073e-12,0.07170051703929937,0.07710124424807661,0.07763861626922818,0.08597163514034782,0.0,0.014689991712562666,0.0,4.0397237351696306e-13,0.0,0.0,0.07996400725261985,0.0,3.218775863882408e-13,0.028071400052570927,0.07753113081621235,0.061019869157582195,0.0,0.07693623003878558,0.0,4.636690199624808e-13,0.0,2.2252972144727046e-13,0.0,0.02085979591461544,0.07716891294476769,0.0,0.018910718735671447,0.0,1.3441012232790508e-11,0.0,0.0,0.0,3.0454871166037522e-12,0.002955617992702613,0.081752373010289,0.07717051197500022,4.9984452686580915e-12,0.07055742766762918,0.0
2021-06-23,9.119663197083299e-12,0.07224995852940912,0.07810780893849738,0.07867225574113275,0.08519679500204946,0.0,0.01450755976747172,0.0,4.102281496775027e-13,0.0,0.0,0.07947941746982205,0.0,3.332621649891244e-13,0.027658191745867942,0.07860084501676863,0.06110854337626225,0.0,0.07746291523395218,0.0,4.594392840412227e-13,0.0,2.2454589683892118e-13,0.0,0.02082864605569123,0.07578980476044193,0.0,0.01923123308554272,0.0,1.3182267738689656e-11,0.0,0.0,0.0,3.0793671043803575e-12,0.002961179925948847,0.0825754252037654,0.07517915044170458,5.0049827523256525e-12,0.07039026967385842,0.0
2021-06-24,9.036877398434e-12,0.07255910984204529,0.07852141198723338,0.07854308702830373,0.08822144475409044,0.0,0.014455968981146119,0.0,4.1218105041615275e-13,0.0,0.0,0.07969061243376882,0.0,3.3366422330912775e-13,0.0274906788196669,0.0781848261409783,0.0613620154079687,0.0,0.07736922967161435,0.0,4.639197411861698e-13,0.0,2.2768280600447195e-13,0.0,0.02075666475055003,0.07399652537990979,0.0,0.019543590970778082,0.0,1.3480951956283825e-11,0.0,0.0,0.0,3.1396821981556444e-12,0.003004632487973912,0.08190905386312858,0.07291337084704622,5.024065377447473e-12,0.07147777660167874,0.0
2021-06-25,9.220949112333265e-12,0.07225744322618456,0.07926471595333366,0.07702409133025026,0.08718330599935344,0.0,0.014509610405189069,0.0,4.163126228646125e-13,0.0,0.0,0.07990775329382714,0.0,3.3393217868731587e-13,0.027291531239689547,0.07799632981304835,0.06203075441854808,0.0,0.07768525502021056,0.0,4.652110582678242e-13,0.0,2.2395076523731438e-13,0.0,0.02080706842134502,0.07336092201820159,0.0,0.019488255105853898,0.0,1.3170241805243826e-11,0.0,0.0,0.0,3.0792474828612717e-12,0.0029996321188303855,0.08284845124164524,0.07437115483513858,5.017884849933957e-12,0.07097372552742325,0.0
2021-06-28,9.173021630947559e-12,0.07341295327342098,0.0791808756469583,0.07712776069953489,0.08601052622316181,0.0,0.014404114228482744,0.0,4.0530884395372277e-13,0.0,0.0,0.08164933894032211,0.0,3.342875401384438e-13,0.027256117316897296,0.07690064850232892,0.06291214472341676,0.0,0.07738798805239708,0.0,4.588884192986497e-13,0.0,2.1940353236610207e-13,0.0,0.020616714596436072,0.07248178384735415,0.0,0.019517868625288398,0.0,1.3170799143722705e-11,0.0,0.0,0.0,2.9705829577723604e-12,0.002975236170617057,0.08169046087947401,0.07499509708631986,4.957536878210966e-12,0.07148037115590015,0.0
2021-06-29,9.037865472875716e-12,0.07379440309385399,0.07934775757279727,0.07763543142556696,0.08576339678651637,0.0,0.014278580971905047,0.0,4.010984076460749e-13,0.0,0.0,0.08305495997003028,0.0,3.2885266669843894e-13,0.02730732440793131,0.07715538015039912,0.0631756146436195,0.0,0.07730080151488024,0.0,4.551849062574622e-13,0.0,2.2375557727051354e-13,0.0,0.020723483096677445,0.07103028999264906,0.0,0.0194886396361105,0.0,1.2953739652779845e-11,0.0,0.0,0.0,2.9520740832940353e-12,0.002981251854523098,0.08005655229317957,0.07589580031483359,4.870884338164929e-12,0.07101033224330364,0.0
2021-06-30,9.05685827103349e-12,0.07368572119689015,0.0795132934346053,0.0781154057265598,0.08799949283916414,0.0,0.0142068631913291,0.0,3.9690701216109366e-13,0.0,0.0,0.08066476099012368,0.0,3.3379408450096053e-13,0.0273864072468914,0.07691879352967712,0.06240247392794628,0.0,0.07764299930921659,0.0,4.4923455907288273e-13,0.0,2.203175346803313e-13,0.0,0.020768410170971086,0.07195552162065161,0.0,0.01932658817288356,0.0,1.297452325489388e-11,0.0,0.0,0.0,2.9522832667256553e-12,0.0029633461963822975,0.08004121357285732,0.07629472906343844,4.77991658257545e-12,0.07011397977924867,0.0
2021-07-01,1.0943592691568795e-11,3.1366096440336582e-12,0.07999999998022382,0.07999999998644812,8.646096939200869e-11,0.0,0.07999999998633656,0.0,5.811554719886191e-12,0.0,0.0,0.07631285497915609,0.0,8.841036824131296e-12,0.027251496023430057,0.07999999999361254,2.2550726132679287e-10,4.5482212145688773e-11,0.07999999999095259,0.0,3.554299709783999e-11,0.0,0.040705487279039325,0.0,0.020420606632059232,0.07999999998927115,0.06802694425899203,0.019294512741895437,0.0,0.03963636588758231,0.05999999989886732,0.0,2.3317047351517467e-12,0.0,0.012691531408062246,0.07999999999834617,0.07566020054166686,0.0,0.0,0.0
2021-07-02,1.1079674707097305e-11,3.132424390404502e-12,0.07982566893394462,0.0790450901861386,8.779238666301135e-11,0.0,0.08053483511921831,0.0,5.8335423376156275e-12,0.0,0.0,0.07697596962502254,0.0,8.911761911339726e-12,0.02813543812860294,0.0805941178326467,2.2565080276054152e-10,4.596684979181596e-11,0.07836092962985992,0.0,3.643546926440459e-11,0.0,0.040375978359511344,0.0,0.020544052665483124,0.08135091702597778,0.067756617761573,0.01972072757499324,0.0,0.04000864222270899,0.05949969963826239,0.0,2.3211350532704624e-12,0.0,0.012860446596838005,0.0802812697231093,0.07412959854898507,0.0,0.0,0.0
2021-07-05,1.1367651257077226e-11,3.1942020841616782e-12,0.07989022061548176,0.07878094516888487,8.565110093462761e-11,0.0,0.08108701567633178,0.0,5.792881759216078e-12,0.0,0.0,0.07792982264737643,0.0,8.7672861353599e-12,0.027799387159627414,0.07990511134069989,2.269799553318734e-10,4.590066188817424e-11,0.07791189560366019,0.0,3.6196825928559885e-11,0.0,0.040188746822161836,0.0,0.02025345674684207,0.08237846436678528,0.06764036602376168,0.019648973703472215,0.0,0.039637318985648824,0.05982026532238107,0.0,2.345107953730007e-12,0.0,0.01284541362269187,0.07954735674122453,0.07473523902677255,0.0,0.0,0.0
2021-07-06,1.1521883120845582e-11,3.207381172300126e-12,0.08006475707890288,0.07815437543122833,8.580248781466702e-11,0.0,0.08136901062192911,0.0,5.671710677041977e-12,0.0,0.0,0.07855520666206878,0.0,8.765933177292053e-12,0.027889835007783075,0.08121689204719494,2.2643116520528799e-10,4.622968782226702e-11,0.07751521552236426,0.0,3.6800980697686866e-11,0.0,0.03944777404323426,0.0,0.020323517877141623,0.07992436599416242,0.06763418389668296,0.019719747100044184,0.0,0.038816502899798135,0.06006735696438684,0.0,2.387034155161702e-12,0.0,0.012999834905360816,0.08034085931779325,0.07596056420310589,0.0,0.0,0.0
2021-07-07,1.1627654750009622e-11,3.280700743063302e-12,0.08011028995020378,0.07796125995894634,8.320786867461631e-11,0.0,0.0817338526983553,0.0,5.619962582967754e-12,0.0,0.0,0.0796178808392102,0.0,8.705847237315034e-12,0.02729221461448884,0.08203884105417714,2.2988575755591432e-10,4.4966699852587325e-11,0.07712373961547789,0.0,3.707357953184414e-11,0.0,0.03909006337022421,0.0,0.0199186769356495,0.07874954004038426,0.06937482533735617,0.019680076322813114,0.0,0.0382117894895096,0.060138787477305736,0.0,2.3820652159083923e-12,0.0,0.012799441541398867,0.08045494815745823,0.07570377217029071,0.0,0.0,0.0
2021-07-08,1.1678576454010399e-11,3.287886876532557e-12,0.08128425772700011,0.07849434249763447,8.421122967396206e-11,0.0,0.08183624514920695,0.0,5.691492444627786e-12,0.0,0.0,0.07839776596055506,0.0,9.02943991975583e-12,0.02751983074712432,0.08265633158574413,2.301865260100719e-10,4.331645663707752e-11,0.07741949424451211,0.0,3.5993915248323466e-11,0.0,0.039223353690075125,0.0,0.019903296761638302,0.08004093459923078,0.0662502900940967,0.01973375314581089,0.0,0.038274375429118865,0.061015226896820755,0.0,2.3538101760767114e-12,0.0,0.01278512856311579,0.0799749531066261,0.07519041937594013,0.0,0.0,0.0
2021-07-09,1.1720221304853412e-11,3.2793811673431384e-12,0.08090081216050862,0.07807883388817813,8.435783050863273e-11,0.0,0.083036347041102,0.0,5.737786813667248e-12,0.0,0.0,0.07938216825186013,0.0,8.926436186444374e-12,0.027858700615324753,0.08274299609999997,2.3359085682711903e-10,4.267764333348013e-11,0.0773285296449567,0.0,3.627284131848471e-11,0.0,0.0390553418111964,0.0,0.01999671668908971,0.08074508947460123,0.06587343881700317,0.01941902680075456,0.0,0.03704592748040057,0.06075579489781589,0.0,2.331015977013674e-12,0.0,0.012681283494825404,0.0790777021860396,0.07602129021744905,0.0,0.0,0.0
2021-07-12,1.1754755468433147e-11,3.3400760654278367e-12,0.08107421190322067,0.0779210008244586,8.500230060768439e-11,0.0,0.08306877412357383,0.0,5.740836810139952e-12,0.0,0.0,0.08043578092015871,0.0,8.985424022456612e-12,0.027527650423924317,0.08213132388531239,2.367067244476404e-10,4.3555259580495326e-11,0.07679513476279116,0.0,3.6218110045791155e-11,0.0,0.03840095339330309,0.0,0.019820217974204652,0.07974995048837875,0.06652320164604433,0.019538753022094537,0.0,0.03781408848235036,0.060385094852824346,0.0,2.350636175192938e-12,0.0,0.012743343331462483,0.07879536199916858,0.07727515753307494,0.0,0.0,0.0
2021-07-13,1.2028581954076133e-11,3.3580420711464362e-12,0.08039985607053537,0.07746614313467852,8.543901858196802e-11,0.0,0.08340583178962152,0.0,5.623044712247586e-12,0.0,0.0,0.0816782369512655,0.0,8.992361544391514e-12,0.027497456579942587,0.08272480942568823,2.3708113321275015e-10,4.287656303495139e-11,0.07565256448629638,0.0,3.6462807989512224e-11,0.0,0.03806936642882192,0.0,0.019653989735742002,0.08260704680696587,0.06455277433329223,0.019364273665558797,0.0,0.03771100497200597,0.06021753332911071,0.0,2.366243045560813e-12,0.0,0.01280743191343287,0.07883850901396318,0.0773531709288504,0.0,0.0,0.0
2021-07-14,1.2004940954754758e-11,3.296072189393611e-12,0.08103354067535425,0.07826813468980655,8.422451155711723e-11,0.0,0.08255542323295817,0.0,5.720370677710735e-12,0.0,0.0,0.0817292618165354,0.0,8.940816336184573e-12,0.02729202266469657,0.0829985765433111,2.367618238474005e-10,4.184047303353292e-11,0.07631151948134501,0.0,3.561099094302746e-11,0.0,0.03843518499855816,0.0,0.019323729092894044,0.08395968988768648,0.06288357733904057,0.019693698699181146,0.0,0.03710677811260663,0.060438412253991554,0.0,2.3892043366261633e-12,0.0,0.012405007135295092,0.07828226449745151,0.07728317844849841,0.0,0.0,0.0
2021-07-15,1.1866752029571876e-11,3.3241184659875022e-12,0.08152623211869693,0.07850991094065711,8.633457490586357e-11,0.0,0.08236902852542688,0.0,5.72795588231172e-12,0.0,0.0,0.08247989734771095,0.0,9.080753799436307e-12,0.027491144232120752,0.08331767825713468,2.380160855047726e-10,4.2055279981402916e-11,0.07723827597571509,0.0,3.4639634719715697e-11,0.0,0.03920650029800122,0.0,0.019396297269399652,0.08263276316439182,0.061962271159172334,0.019556756664726893,0.0,0.03721229338633392,0.05988683582031366,0.0,2.4017602668838046e-12,0.0,0.012372410047877484,0.07748516668700461,0.07735653767186895,0.0,0.0,0.0
2021-07-16,1.1700555521682935e-11,3.3337715599022485e-12,0.08245023137730875,0.07787533085152552,8.665371224156775e-11,0.0,0.08189515540286363,0.0,5.683054630045474e-12,0.0,0.0,0.08277254860901948,0.0,9.02501025815062e-12,0.027502728405191443,0.0844606167877186,2.3930649160206604e-10,4.251125590618199e-11,0.07738139891507034,0.0,3.488117505867206e-11,0.0,0.038498851837245475,0.0,0.019442344857474786,0.08266015525015684,0.0617700264872558,0.019516001597295118,0.0,0.03699941569505695,0.05937741019446247,0.0,2.423857409627553e-12,0.0,0.012307544940447241,0.07768234652687282,0.07740789182951571,0.0,0.0,0.0
2021-07-19,1.1893147009447089e-11,3.35514802295327e-12,0.08188608128216208,0.0775956894800403,8.590774116546697e-11,0.0,0.08258543742379888,0.0,5.775589332549544e-12,0.0,0.0,0.08248315963979265,0.0,9.031122185366524e-12,0.02736535041715936,0.08390706857669353,2.399093532958809e-10,4.2549660558966596e-11,0.07775548918827371,0.0,3.5112463887014136e-11,0.0,0.03887345746701749,0.0,0.019641562132350136,0.08195001511363444,0.06234317045399829,0.019911135246283834,0.0,0.03739081677002404,0.059517976610841655,0.0,2.4121889805519473e-12,0.0,0.012180376702765575,0.07814992659705058,0.07646328646216695,0.0,0.0,0.0
2021-07-20,1.2140407946423264e-11,3.2660934750691963e-12,0.08169182940958969,0.07718055245584526,8.551692198820016e-11,0.0,0.08262237105479846,0.0,6.091231922047776e-12,0.0,0.0,0.08276964929469324,0.0,9.04180787994717e-12,0.027086618124251876,0.08432948579346218,2.3674965651549347e-10,4.3136082398989224e-11,0.07774280251744323,0.0,3.541092407323927e-11,0.0,0.038500571701535376,0.0,0.01956863790276355,0.08359070008154736,0.06168254566928982,0.020146939433130263,0.0,0.037840231287501455,0.05991586032546473,0.0,2.447521602682299e-12,0.0,0.01214287420422771,0.07790543611563748,0.07528289419501759,0.0,0.0,0.0
2021-07-21,1.1822505358525846e-11,3.2987134005185975e-12,0.08176770655012643,0.07744024925189301,8.536899939166341e-11,0.0,0.08249035401749857,0.0,6.014549459709677e-12,0.0,0.0,0.08456253503294976,0.0,9.095968940074675e-12,0.027535092272036987,0.08335863004115109,2.3578448791161357e-10,4.3034463921370406e-11,0.07914904627669596,0.0,3.57321031379287e-11,0.0,0.039513768569471065,0.0,0.01942639173451884,0.08046125669367077,0.06137368480489378,0.019939282424329668,0.0,0.03769795110521428,0.05990836063400447,0.0,2.490497084081086e-12,0.0,0.012119074803263971,0.07765181284944504,0.07560480250619397,0.0,0.0,0.0
2021-07-22,1.1836799983199164e-11,3.2715612413779206e-12,0.08305165209140603,0.07700868344706362,8.425240688679067e-11,0.0,0.08246688882158891,0.0,6.0195987476446064e-12,0.0,0.0,0.08515210173082609,0.0,8.957817402203602e-12,0.02692137728439056,0.08397684460045,2.3522669121780307e-10,4.375675264757342e-11,0.0792352506474675,0.0,3.567086942727908e-11,0.0,0.039097625024626,0.0,0.019184472994278255,0.08208385857816347,0.06056891574767929,0.020113412105165696,0.0,0.03663891065830053,0.05945153499355465,0.0,2.4970175052945844e-12,0.0,0.012003558421126161,0.07746547822814459,0.07557943419427902,0.0,0.0,0.0
2021-07-23,1.1773372293353235e-11,3.3025417497728565e-12,0.08447850232758991,0.07655283229995118,8.321832654402172e-11,0.0,0.08124790856865426,0.0,6.030414836816652e-12,0.0,0.0,0.08583377349669488,0.0,9.088257725064264e-12,0.02721526332931701,0.08390492783793926,2.335990332609202e-10,4.429203455298073e-11,0.07980511006775193,0.0,3.568579927014198e-11,0.0,0.039977394559006646,0.0,0.01910312004121884,0.08219215633576066,0.05964891996444735,0.020214666716344726,0.0,0.035827094761230055,0.06023545175396354,0.0,2.525753810809019e-12,0.0,0.011988032820200984,0.07672251747949484,0.0750523272109183,0.0,0.0,0.0
2021-07-26,1.1619027664581078e-11,3.3255962565621253e-12,0.08519883150911631,0.07642403636115597,8.322399035827113e-11,0.0,0.08110284988962757,0.0,6.088565691510844e-12,0.0,0.0,0.086476726096853,0.0,9.091425010584108e-12,0.02721457457937694,0.0837632215927819,2.3481887411248346e-10,4.492203577281174e-11,0.07940109804929972,0.0,3.54351939283944e-11,0.0,0.04093606602168301,0.0,0.018667411457065356,0.08057473588991025,0.059226683160622726,0.02029531054166234,0.0,0.036240802728039104,0.06021193050500963,0.0,2.5155286877964295e-12,0.0,0.011865104778814098,0.07670478015875416,0.07569583624918755,0.0,0.0,0.0
2021-07-27,1.1422571315372086e-11,3.345827207385158e-12,0.0862085831280899,0.0766292828832055,8.31938574846936e-11,0.0,0.08080456110067787,0.0,6.058067615774563e-12,0.0,0.0,0.08648773381133092,0.0,9.109806545843018e-12,0.027221033971301253,0.08417927292867693,2.3315595180116324e-10,4.418453579576328e-11,0.07928848584030716,0.0,3.522440006971896e-11,0.0,0.040414428870735875,0.0,0.018634738331878495,0.08012390783749526,0.05901964875430976,0.020989414419987428,0.0,0.03615724895979194,0.058645575751870745,0.0,2.5118691423397382e-12,0.0,0.011802024423649388,0.07788680470766599,0.07550725385081852,0.0,0.0,0.0
2021-07-28,1.1539031561448131e-11,3.3401737330573188e-12,0.08646128835353728,0.07721091401486636,8.385641855114381e-11,0.0,0.08001416777368767,0.0,6.084302839259334e-12,0.0,0.0,0.08490490920193494,0.0,9.263332110622907e-12,0.0274096459740285,0.08387420472799344,2.3291887151190345e-10,4.445871834927275e-11,0.07888192436694832,0.0,3.5428729515435055e-11,0.0,0.04161510260778918,0.0,0.018973830970084732,0.08025174313922179,0.05851831006578202,0.021074183558597116,0.0,0.035921479637083184,0.05906957191300566,0.0,2.5310286924510056e-12,0.0,0.011987046215723393,0.0779411368668602,0.07589054018343543,0.0,0.0,0.0
2021-07-29,1.1513911630529661e-11,3.388282724635916e-12,0.08690125705694729,0.07732760866761694,8.311100623818982e-11,0.0,0.08022097153204909,0.0,6.146333299667562e-12,0.0,0.0,0.08636083053254706,0.0,9.371023621233413e-12,0.027635354335976272,0.08299821754470231,2.336622440936968e-10,4.633517881991766e-11,0.08094895035343128,0.0,3.483978281862523e-11,0.0,0.042510923912685836,0.0,0.01853511780559006,0.0769576125251147,0.05989952505391648,0.02149341452734609,0.0,0.03501057477011542,0.05822421619786839,0.0,2.513254562379069e-12,0.0,0.011920014443691581,0.07752812263063759,0.07552728767888246,0.0,0.0,0.0
2021-07-30,1.1702240538222969e-11,3.4230122951463094e-12,0.08778253150713404,0.07729466509482985,8.344456381900582e-11,0.0,0.07974860558271676,0.0,5.967935308129396e-12,0.0,0.0,0.08558320377945472,0.0,9.220806582012953e-12,0.02739274983846724,0.08362462983926917,2.2995574038362367e-10,4.6476885269413096e-11,0.08070343930037077,0.0,3.49486689827715e-11,0.0,0.042773335199121104,0.0,0.01845635205832817,0.07666470270291653,0.060607148635018725,0.02138068129868985,0.0,0.03434100792664878,0.059386205171297966,0.0,2.4881360853491597e-12,0.0,0.011727162506007109,0.07703974917687549,0.07549382995522565,0.0,0.0,0.0
2021-08-02,2.4590028317740982e-12,5.726767347547902e-12,0.07999999997399694,0.08000000000066021,0.07999999999878298,0.0,0.07999999999866848,0.0,0.0,0.0,0.0,0.0,0.0,0.0,0.06697605289698035,0.08000000000059389,0.0799999999973773,5.473614532028721e-13,0.07999999999755804,0.0,4.1397113071094205e-12,0.0004954688640838625,8.495758700739162e-12,0.0,0.01863847032774172,6.32980125047758e-11,0.0595045310697863,0.020000000034668026,0.0,0.03438547671228822,0.0,3.876259270954148e-11,0.0,1.0664416174303838e-11,0.08000000000009863,0.07999999999786071,0.07999999999476068,0.0,0.0,0.0
2021-08-03,2.4934102885272413e-12,5.696944610554103e-12,0.07898975556781056,0.07918485414026842,0.07971711528261298,0.0,0.08004030956482883,0.0,0.0,0.0,0.0,0.0,0.0,0.0,0.06663292330780629,0.07981966928207006,0.07958418352666898,5.376484743681415e-13,0.0805711877730173,0.0,4.104863816940089e-12,0.0005074934352572902,8.503427676278652e-12,0.0,0.01896530575035918,6.213354837439766e-11,0.06039282646624864,0.020133893451143994,0.0,0.03434899196433169,0.0,3.981143933278651e-11,0.0,1.0629988987490389e-11,0.08010576762389676,0.07993119418106781,0.08107452854869987,0.0,0.0,0.0
2021-08-04,2.4859529239577488e-12,5.811002407539951e-12,0.07856487736970164,0.07836345643426935,0.07982368106419391,0.0,0.08061639436540234,0.0,0.0,0.0,0.0,0.0,0.0,0.0,0.0666713758739708,0.07912779798200548,0.07981397397076796,5.38474947831707e-13,0.08056445451473306,0.0,4.0719793035091035e-12,0.000506747380283835,8.683247530246583e-12,0.0,0.019086701597819805,6.197843274277856e-11,0.06040306484172705,0.019985330561706444,0.0,0.034301098344153985,0.0,4.0261298365782154e-11,0.0,1.0667672205977289e-11,0.07998457300906904,0.07970087228439167,0.0824856002713056,0.0,0.0,0.0
2021-08-05,2.4561305087001676e-12,5.8112807398756444e-12,0.07792261935130562,0.07789621750409992,0.08004476808133441,0.0,0.08083696487070371,0.0,0.0,0.0,0.0,0.0,0.0,0.0,0.06636795353914274,0.07843892798494907,0.08033987930886335,5.241588582776764e-13,0.08056318203684942,0.0,4.159330616437215e-12,0.0005028653237203082,8.64184106197601e-12,0.0,0.01911629724423517,6.279502911094583e-11,0.06071100574898765,0.01995704082728103,0.0,0.034497114398790454,0.0,3.875252608720177e-11,0.0,1.0627367764715401e-11,0.0805702480718923,0.08001534579862879,0.08221956977544843,0.0,0.0,0.0
2021-08-06,2.4608515423441858e-12,5.8158861724232774e-12,0.07796533674611168,0.0780266429628348,0.08148441630278325,0.0,0.08032982523408659,0.0,0.0,0.0,0.0,0.0,0.0,0.0,0.06607737996771784,0.07897765589653377,0.08007807406713913,5.237559945927096e-13,0.0805283493925757,0.0,4.163060517203989e-12,0.0004939031787970905,8.505114064615886e-12,0.0,0.019283501007667996,6.285560322451487e-11,0.06025260730825992,0.02015890456763661,0.0,0.034706318939750645,0.0,3.78785203302324e-11,0.0,1.0489719675276404e-11,0.08018116153292616,0.07996999380941192,0.08148592895307441,0.0,0.0,0.0
2021-08-09,2.4454632649852886e-12,5.822886726337425e-12,0.07821956561873009,0.07673862461471109,0.0824640718019333,0.0,0.08067699960048386,0.0,0.0,0.0,0.0,0.0,0.0,0.0,0.06688688975644252,0.07891559447837761,0.07967234128280305,5.269729494819855e-13,0.07967891003871612,0.0,4.143891648494517e-12,0.000490270567596264,8.52574523442947e-12,0.0,0.019488266607195194,6.339649586537839e-11,0.05986049593150061,0.020380612504519804,0.0,0.03454264063063705,0.0,3.7473618693545406e-11,0.0,1.0291660366280111e-11,0.08055182390517614,0.08053229655303618,0.08090059597551444,0.0,0.0,0.0
2021-08-10,2.4584048990822145e-12,5.812141221836562e-12,0.07805220938440938,0.07625221134931363,0.08400747521141062,0.0,0.08089169539262168,0.0,0.0,0.0,0.0,0.0,0.0,0.0,0.06608346063052739,0.07927171261080236,0.0792759516707034,5.29372760890675e-13,0.07829498615906269,0.0,4.044777975578705e-12,0.000492405450276792,8.65807378341879e-12,0.0,0.019635028993737154,6.26369027476669e-11,0.06030345346791855,0.02046494567421418,0.0,0.035355956637081166,0.0,3.8954023782635916e-11,0.0,1.015693715659475e-11,0.08055626365340134,0.07918305896362594,0.08187918461764306,0.0,0.0,0.0
2021-08-11,2.438974302099918e-12,5.876757410297588e-12,0.07846159180906445,0.07593747629373183,0.0834177697660813,0.0,0.0818218034295592,0.0,0.0,0.0,0.0,0.0,0.0,0.0,0.06737578074654217,0.07992535805537905,0.07839913373383592,5.224719043932887e-13,0.07850519188783739,0.0,4.088523289855248e-12,0.000493096925376077,8.636154109897266e-12,0.0,0.019497757223990816,6.287382721228376e-11,0.05981729809305742,0.020356952019032867,0.0,0.03491395497328664,0.0,3.793496390617123e-11,0.0,1.0043173661887571e-11,0.08039596348818609,0.07933874987717528,0.08134212154544875,0.0,0.0,0.0
2021-08-12,2.4501119265029276e-12,5.897580551053313e-12,0.07761004127976313,0.07608268930212964,0.08461315508080708,0.0,0.08245915926658695,0.0,0.0,0.0,0.0,0.0,0.0,0.0,0.06690166351069424,0.08027843844884873,0.07855889156105185,5.086218747110727e-13,0.07815980355328546,0.0,3.999633399157912e-12,0.000500573329299856,8.740902025572718e-12,0.0,0.01946124300025705,6.335366854579629e-11,0.060659369258207134,0.020077388296654876,0.0,0.03518689062256642,0.0,3.861478917631788e-11,0.0,1.0037049954332408e-11,0.08044196948683383,0.07871404429983458,0.08029467956957696,0.0,0.0,0.0
2021-08-13,2.417942619616314e-12,5.909194293098348e-12,0.07854699620205875,0.07525490353734964,0.08508553164212601,0.0,0.08290106444183676,0.0,0.0,0.0,0.0,0.0,0.0,0.0,0.06532373317756904,0.07974283544678688,0.07866099881716526,5.16546236335719e-13,0.07742055071191171,0.0,3.904975173647865e-12,0.0004975846763193804,8.39835306124006e-12,0.0,0.019450701938426164,6.3353789285189e-11,0.06117267365754286,0.02055017438430353,0.0,0.03459743138328631,0.0,3.7882445480998494e-11,0.0,9.999236885376857e-12,0.08042926674131176,0.07756327695083767,0.08280227615878583,0.0,0.0,0.0
2021-08-16,2.4133828066188763e-12,5.9566985750474694e-12,0.07817093641527917,0.07558669979579348,0.08490156506324575,0.0,0.08261892454703516,0.0,0.0,0.0,0.0,0.0,0.0,0.0,0.06513007979125923,0.08044059652188801,0.07915840037234197,4.983828081969849e-13,0.07716157894749813,0.0,3.956582436878238e-12,0.0005055133253521215,8.221006498739703e-12,0.0,0.019692731578178812,6.355222571676105e-11,0.06015532982243814,0.02046925001597124,0.0,0.03483075436845381,0.0,3.7340998189361376e-11,0.0,1.0035569582139586e-11,0.08077432810204128,0.07825887285248247,0.08214443834876652,0.0,0.0,0.0
2021-08-17,2.3557528336750865e-12,6.044980296981311e-12,0.07770300969803907,0.07522821154130135,0.08466447868881612,0.0,0.08270482571090093,0.0,0.0,0.0,0.0,0.0,0.0,0.0,0.06589237733451636,0.08085926865487018,0.07971644928975713,4.794738225508686e-13,0.07626780062569459,0.0,3.934784530404787e-12,0.0005093349620913068,8.294010411562555e-12,0.0,0.01956790883061228,6.401992943322599e-11,0.06184953912076247,0.02072753182603392,0.0,0.034901447453951115,0.0,3.76839962599439e-11,0.0,9.791999901373996e-12,0.08011485089982966,0.07767606667625916,0.08161689855395964,0.0,0.0,0.0
2021-08-18,2.2802360031147196e-12,6.005000274985716e-12,0.07767878571576126,0.07581721843026516,0.08395503980891497,0.0,0.08275813453293127,0.0,0.0,0.0,0.0,0.0,0.0,0.0,0.06731284240385128,0.08029789940028802,0.08033546972329546,4.793169256286524e-13,0.07631067436050316,0.0,3.867443614030096e-12,0.0005090765686945841,8.288382503168832e-12,0.0,0.019697552168778037,6.512313171303976e-11,0.06020063827312211,0.020907205666752828,0.0,0.0340534281814811,0.0,3.6925679807405266e-11,0.0,9.79522306940065e-12,0.07995319006848572,0.07748736644699517,0.08272547811711568,0.0,0.0,0.0
2021-08-19,2.283082572401206e-12,5.925508905461286e-12,0.07798704137528611,0.0755237464830513,0.08190956781696809,0.0,0.0827239116968561,0.0,0.0,0.0,0.0,0.0,0.0,0.0,0.06770805431313486,0.07999050032337232,0.08047178140618816,4.840429076470559e-13,0.07811906601060786,0.0,3.900060644897315e-12,0.0005073155415988481,8.217446796928458e-12,0.0,0.019544617776290327,6.491274512024259e-11,0.060748314890299034,0.020792033916064035,0.0,0.033454299686891203,0.0,3.727918732446289e-11,0.0,1.0092188411286097e-11,0.0792424476463008,0.07711315644457278,0.08416414453942415,0.0,0.0,0.0
2021-08-20,2.231471891368443e-12,5.8856353731762995e-12,0.07848949712449774,0.07585620916905557,0.08303269694442421,0.0,0.08268126361205504,0.0,0.0,0.0,0.0,0.0,0.0,0.0,0.06917049565066749,0.07961436235690149,0.08089552734893468,4.831115052761706e-13,0.07784959367046562,0.0,3.775524459490449e-12,0.0005048794356616573,7.979977963021047e-12,0.0,0.019272985885486187,6.274071443385911e-11,0.05981873347805344,0.020612172958134837,0.0,0.03308468707491788,0.0,3.73910958928678e-11,0.0,1.0190316024189132e-11,0.07987345751002717,0.07534958377920782,0.08389385387083159,0.0,0.0,0.0
2021-08-23,2.19690040296249e-12,5.7871187760700455e-12,0.07935200388835233,0.07637495158889951,0.08190589543232575,0.0,0.08354328082177317,0.0,0.0,0.0,0.0,0.0,0.0,0.0,0.06929520330557186,0.08122999900749023,0.08112096706487538,4.789226349557038e-13,0.07910592012817579,0.0,3.758499916681661e-12,0.0005026064690648699,7.931318335678016e-12,0.0,0.01933857522281853,6.260711219356362e-11,0.058595458703514194,0.02077437012797092,0.0,0.032484669014761214,0.0,3.688007733516261e-11,0.0,1.0261755737233161e-11,0.07929415866405735,0.07555679202430506,0.08152514840614238,0.0,0.0,0.0
2021-08-24,2.197678409518933e-12,5.7392907597109545e-12,0.07905456599800509,0.07571202404470764,0.08392302273580345,0.0,0.08221745959097981,0.0,0.0,0.0,0.0,0.0,0.0,0.0,0.07040002243903713,0.08000240937169764,0.08089907207647579,4.772446235284455e-13,0.07919395358138219,0.0,3.8028734991271075e-12,0.0004914260644483337,7.807976485783951e-12,0.0,0.01950223594597243,6.359065747528594e-11,0.05823643528709826,0.02085505151622854,0.0,0.03285846681577331,0.0,3.67650217625693e-11,0.0,1.0115914738301191e-11,0.07945834806286356,0.07550372438914059,0.08169178194988985,0.0,0.0,0.0
2021-08-25,2.2230623653798767e-12,5.704803955739744e-12,0.079294759080454,0.07504516417574075,0.08413375248522635,0.0,0.08215947950790455,0.0,0.0,0.0,0.0,0.0,0.0,0.0,0.07029479083162757,0.0788665461533662,0.08127710865273773,4.76840210937464e-13,0.07948579801262876,0.0,3.819612119380018e-12,0.0004805276763710547,8.086800149111252e-12,0.0,0.019726741629859275,6.356032027848139e-11,0.05784514245357418,0.021011254218689865,0.0,0.03336192445299117,0.0,3.650875664678554e-11,0.0,1.0287378449618416e-11,0.08018538595362262,0.07462617975024771,0.08220544483429092,0.0,0.0,0.0
2021-08-26,2.20966239903909e-12,5.720148712018168e-12,0.07971767586181545,0.07625248800936439,0.08405097677191117,0.0,0.08162531687071209,0.0,0.0,0.0,0.0,0.0,0.0,0.0,0.06961578315424456,0.07891788317985661,0.08048169192878586,4.705411007553021e-13,0.07986194753653073,0.0,3.896598229302806e-12,0.00047634463939618673,7.888646845583384e-12,0.0,0.019660255506769163,6.546846270583543e-11,0.05680959241040763,0.021319727685873133,0.0,0.0327651534505006,0.0,3.7480609003686446e-11,0.0,1.0271409695662118e-11,0.07914117322736,0.07565760568195841,0.08364638395110824,0.0,0.0,0.0
2021-08-27,2.183649676496629e-12,5.602104120162962e-12,0.07910790865374373,0.07587357055640011,0.08457573627520779,0.0,0.08241995343782876,0.0,0.0,0.0,0.0,0.0,0.0,0.0,0.06770940377980748,0.07842401983950903,0.08154879134216643,4.703170848937353e-13,0.07944962780228637,0.0,3.844823342148222e-12,0.000490316850574658,7.963680675223471e-12,0.0,0.01953388808459142,6.432656370680165e-11,0.057842513845602156,0.021002342060061352,0.0,0.03279854951068993,0.0,3.8751092062293226e-11,0.0,1.0172020881003995e-11,0.07967283639928402,0.07573068324060786,0.08381985818832491,0.0,0.0,0.0
2021-08-30,2.212015858799244e-12,5.516287353172156e-12,0.07776157549586762,0.07575649752662605,0.08574224236046403,0.0,0.08233077877547695,0.0,0.0,0.0,0.0,0.0,0.0,0.0,0.06757902925444821,0.07744686776135724,0.08235542066475424,4.563531378005569e-13,0.07976995742411351,0.0,3.80904533703036e-12,0.00048733340781585704,7.764765671352673e-12,0.0,0.019526241075205685,6.42858412259673e-11,0.057636894750166,0.020879130278870176,0.0,0.03257367789414528,0.0,3.881420455890748e-11,0.0,1.0269429079607926e-11,0.08027738958438567,0.07598125384579225,0.08389570976738348,0.0,0.0,0.0
2021-08-31,2.185969918013769e-12,5.514018787109892e-12,0.07795245982174757,0.07471070084973275,0.0858927269233489,0.0,0.08264712860615935,0.0,0.0,0.0,0.0,0.0,0.0,0.0,0.06780715846768977,0.07764400821620658,0.08146300925140416,4.679416822675206e-13,0.08019226550822768,0.0,3.826592645989048e-12,0.0004885860695282055,7.724321308207836e-12,0.0,0.019670536710945916,6.418302984384651e-11,0.05633968748193335,0.020700647056371983,0.0,0.03299806260295369,0.0,3.82462509360713e-11,0.0,1.0151263390916238e-11,0.08220954213401199,0.0756496431795899,0.08363383698784893,0.0,0.0,0.0
2021-09-01,0.07999999999679346,0.07999999997004349,0.07999999999698207,0.07999999999757529,0.0799999999931511,0.019560468512829783,0.07999999997933976,0.0,0.0,0.0,0.0,0.023348395545339518,0.0,0.0,0.019999999985494784,0.07999999999553141,0.07999999999515137,3.196510855389322e-12,0.07999999999792612,0.0,0.0,0.0,4.393935590540205e-12,0.0,0.0,2.4536070581014528e-11,0.0,0.020439531474620472,0.0,3.518284903414553e-14,0.0,1.2506432677435083e-11,1.744693752198299e-12,0.07999999999228552,3.6270165954693825e-11,0.07999999999526002,0.03665160448899283,0.0,0.0,0.0
2021-09-02,0.07966698261065551,0.0801310066917511,0.0798424129278653,0.07911728757174852,0.07940127766142749,0.01900947517458294,0.08081055489864333,0.0,0.0,0.0,0.0,0.023752531113367278,0.0,0.0,0.02001947041870591,0.0808335085315776,0.08002753728695555,3.151465269198191e-12,0.07958044470195233,0.0,0.0,0.0,4.389103566931118e-12,0.0,0.0,2.4978670739641043e-11,0.0,0.02049046261960901,0.0,3.5075269990644526e-14,0.0,1.230294726735829e-11,1.7530542908054868e-12,0.07994860875439783,3.637671797676398e-11,0.07965814669483927,0.037710292258934006,0.0,0.0,0.0
2021-09-03,0.08061490088349418,0.08165715984811041,0.07940805247171248,0.07997214784168402,0.07793145145411508,0.018681196233736225,0.08128948669361111,0.0,0.0,0.0,0.0,0.023312655238199764,0.0,0.0,0.019686981662476035,0.08048769830916236,0.08046693259826523,3.113605310779584e-12,0.07978504654747996,0.0,0.0,0.0,4.413622143652985e-12,0.0,0.0,2.510262849070251e-11,0.0,0.020065742798411976,0.0,3.4857907332244775e-14,0.0,1.2227450553418336e-11,1.7500808304613247e-12,0.08092997747672816,3.568562537082434e-11,0.07826511026057881,0.03744545959990636,0.0,0.0,0.0
2021-09-06,0.08091603647232955,0.08011031473523351,0.07954231060418067,0.0809808934930268,0.07754220531584578,0.018586020985991405,0.08151050767548489,0.0,0.0,0.0,0.0,0.023411702785084212,0.0,0.0,0.01980502763769293,0.07978187761720563,0.08093482906074405,3.093077928601764e-12,0.08080301219364583,0.0,0.0,0.0,4.4457366110532995e-12,0.0,0.0,2.546339835537478e-11,0.0,0.020214192637505055,0.0,3.406295658476652e-14,0.0,1.2625356039318927e-11,1.7745291372694836e-12,0.08045554554210614,3.543752451913405e-11,0.07813135130773624,0.03727417185331365,0.0,0.0,0.0
2021-09-07,0.08195592050865547,0.07995858163127391,0.07875211009339421,0.08125054715629515,0.07867705376253273,0.018167117133969117,0.08196128902164558,0.0,0.0,0.0,0.0,0.023212325615223618,0.0,0.0,0.01977004862465474,0.0795104000649173,0.08086017125812034,3.1059723303961213e-12,0.08070047043309977,0.0,0.0,0.0,4.3956316131349545e-12,0.0,0.0,2.5622217538949607e-11,0.0,0.02034669122282084,0.0,3.4519328964004645e-14,0.0,1.3099031731849656e-11,1.8037026654833882e-12,0.07998588388080591,3.551440304299764e-11,0.07838269410554331,0.03650869540347255,0.0,0.0,0.0
2021-09-08,0.07929941304865758,0.08049105763384588,0.078638005809629,0.08087481510799567,0.07853309376511239,0.018428821194705205,0.08204901103573478,0.0,0.0,0.0,0.0,0.023408768796685627,0.0,0.0,0.01956146296295755,0.07985518951379712,0.0809568984919925,3.1050451939286482e-12,0.08175610898635985,0.0,0.0,0.0,4.5195971688813986e-12,0.0,0.0,2.562197572103282e-11,0.0,0.02040276805191283,0.0,3.4192366865595407e-14,0.0,1.297414973351143e-11,1.7585353263564979e-12,0.08119317267467233,3.5643370245105454e-11,0.07755067077422938,0.037000742068055405,0.0,0.0,0.0
2021-09-09,0.07866501943753568,0.08064368320263678,0.0792591524760175,0.08124314491719853,0.07962554948245508,0.01807449603717652,0.0812734627758866,0.0,0.0,0.0,0.0,0.023614613526546122,0.0,0.0,0.019590821783368198,0.07953803385071215,0.0809457924007657,3.1282238180145364e-12,0.08087398954873894,0.0,0.0,0.0,4.5694599171956585e-12,0.0,0.0,2.6583631343010454e-11,0.0,0.02028264889206536,0.0,3.428525513215028e-14,0.0,1.2895941244610749e-11,1.7858306611176421e-12,0.08148230311489532,3.564820636841683e-11,0.07799119158493112,0.03689609688442478,0.0,0.0,0.0
2021-09-10,0.0798341884818477,0.07891076663312137,0.0788793958222746,0.08219582041601203,0.0813886330766444,0.018148591787152495,0.0802821780725774,0.0,0.0,0.0,0.0,0.023801350427827883,0.0,0.0,0.019309815575486295,0.0781235191552477,0.08027260855637681,3.143260934164276e-12,0.08233234358185057,0.0,0.0,0.0,4.659714569341221e-12,0.0,0.0,2.6823921367181644e-11,0.0,0.020369063277286936,0.0,3.351117435456843e-14,0.0,1.2400396687588817e-11,1.7925857026133518e-12,0.08215170361585963,3.544670971515992e-11,0.0770275618052162,0.03697245963091779,0.0,0.0,0.0
2021-09-13,0.08038993425487166,0.07834852635376832,0.07840661118650831,0.08211293514706865,0.0835956648712268,0.01778275156121345,0.08056171582844357,0.0,0.0,0.0,0.0,0.023690187189523926,0.0,0.0,0.019438596860572505,0.07689489750270026,0.08049273711777968,3.159881889848348e-12,0.08170094473262136,0.0,0.0,0.0,4.605068681660477e-12,0.0,0.0,2.6724981583864843e-11,0.0,0.019904670936059212,0.0,3.269160380749093e-14,0.0,1.2245899307238909e-11,1.7629889469995953e-12,0.08412160300488757,3.5214182173815886e-11,0.07523849778766335,0.037319725581345525,0.0,0.0,0.0
2021-09-14,0.07981686604414039,0.07920814793885637,0.0788152154267903,0.08101852849923705,0.0845114349624678,0.01800820423112274,0.08075800212831644,0.0,0.0,0.0,0.0,0.023650056542550566,0.0,0.0,0.01947299701208547,0.07697709055218556,0.08051602844250158,3.122102303561585e-12,0.08164246114760014,0.0,0.0,0.0,4.595910653520596e-12,0.0,0.0,2.676213038841616e-11,0.0,0.020367347480075036,0.0,3.354194461712003e-14,0.0,1.2262806773600818e-11,1.7626117283957088e-12,0.08228706973100422,3.589613184674131e-11,0.07598869431068267,0.03696185546594833,0.0,0.0,0.0
2021-09-15,0.07696003945042891,0.08000968990820072,0.07891885348972814,0.08224000518432012,0.08453800348933137,0.01809278753361154,0.0815203856023774,0.0,0.0,0.0,0.0,0.02373150945663272,0.0,0.0,0.019498142436827282,0.07697153551487128,0.08086419910643664,3.1361075649346505e-12,0.08172366575551547,0.0,0.0,0.0,4.542230128297257e-12,0.0,0.0,2.7351935064122234e-11,0.0,0.020556804587438707,0.0,3.3415073065861083e-14,0.0,1.2374768593657854e-11,1.7744300646893825e-12,0.08069259912678815,3.587957854713454e-11,0.07566844003855566,0.03801333923384335,0.0,0.0,0.0
2021-09-16,0.0773833570041143,0.08065061128473727,0.07855064992566375,0.08288138190531831,0.0834055130002744,0.01820349768933561,0.0805792178718498,0.0,0.0,0.0,0.0,0.02355472149888401,0.0,0.0,0.01959550402543785,0.07664142949719031,0.08014922405240514,3.1589624973848143e-12,0.0827535015243976,0.0,0.0,0.0,4.5212808188205145e-12,0.0,0.0,2.6548535049184055e-11,0.0,0.02071687176369553,0.0,3.3414072831275096e-14,0.0,1.1988854316950837e-11,1.7502398237332582e-12,0.08158181073724032,3.575628187777837e-11,0.07546713644164427,0.03788557169405391,0.0,0.0,0.0
2021-09-17,0.07820897007895874,0.08109295733860523,0.07915376473283194,0.08318855104472239,0.08512942500473583,0.018180165829240043,0.08076238539873272,0.0,0.0,0.0,0.0,0.023487146627129876,0.0,0.0,0.01945498189372201,0.07616056572830757,0.07930015783356718,3.107779715967649e-12,0.08222122436902236,0.0,0.0,0.0,4.5650524048572655e-12,0.0,0.0,2.6648158497845908e-11,0.0,0.02061575029718923,0.0,3.3487203080851013e-14,0.0,1.2135468054825234e-11,1.7696955322513392e-12,0.08098118350550551,3.5905860715878714e-11,0.0743236637651433,0.03773910646842052,0.0,0.0,0.0
2021-09-20,0.0778250660074485,0.08120323617060195,0.07954419232411152,0.08343292956401076,0.08727711832612683,0.01839051124556853,0.08022586102717143,0.0,0.0,0.0,0.0,0.023276402847402733,0.0,0.0,0.019380097740547907,0.07714056189922386,0.078256334871369,3.113671285815225e-12,0.08107000097243892,0.0,0.0,0.0,4.465514199269998e-12,0.0,0.0,2.7775214920753096e-11,0.0,0.0208449378873291,0.0,3.337886554964215e-14,0.0,1.2173209176668227e-11,1.7612572246713386e-12,0.07938886255011397,3.638747374690304e-11,0.07504736902525258,0.03769651745557255,0.0,0.0,0.0
2021-09-21,0.07741028051269797,0.08110114562059716,0.07860045795208027,0.08312833506935646,0.08787577648227425,0.01837332079735437,0.07982671082507849,0.0,0.0,0.0,0.0,0.023521432482618117,0.0,0.0,0.019405194723777202,0.07686081732808366,0.0776766084478207,3.1102043837809624e-12,0.0816278769634654,0.0,0.0,0.0,4.379496868404299e-12,0.0,0.0,2.7723834999830098e-11,0.0,0.020444375872415273,0.0,3.457102101963695e-14,0.0,1.2135617067635327e-11,1.7170923955412845e-12,0.08087974784189139,3.616637976764843e-11,0.07603560758189398,0.03723231141332788,0.0,0.0,0.0
2021-09-22,0.07818028049697817,0.08225916424697609,0.07815117551507518,0.08283258361340257,0.08803804623315595,0.018374338643884897,0.07909004288853391,0.0,0.0,0.0,0.0,0.023464734155570224,0.0,0.0,0.019423735762040095,0.0770899303942961,0.077674354786407,3.1762245787243437e-12,0.08140402233309106,0.0,0.0,0.0,4.374767004857854e-12,0.0,0.0,2.739164319921153e-11,0.0,0.020350616842113207,0.0,3.4942397034410363e-14,0.0,1.2086367851254629e-11,1.6936804415386645e-12,0.08128805030896494,3.676177051364821e-11,0.07546121838739896,0.03691770530659207,0.0,0.0,0.0
2021-09-23,0.07751786287846804,0.08253016927590702,0.07865958246752316,0.083448213872021,0.08703949724661483,0.018516420662357258,0.07980186575751325,0.0,0.0,0.0,0.0,0.023396922653919835,0.0,0.0,0.019511112297201875,0.07759500335019763,0.076866971378588,3.21530186027059e-12,0.08196934016462204,0.0,0.0,0.0,4.4751657824787465e-12,0.0,0.0,2.6537713317973773e-11,0.0,0.020556719870032568,0.0,3.4481583391779086e-14,0.0,1.1989980454404923e-11,1.734047374732911e-12,0.08132814079714705,3.754468565305312e-11,0.07434636264078671,0.03691581460156811,0.0,0.0,0.0
2021-09-24,0.07667772930781264,0.08253479586278752,0.07808305515823544,0.08362610311715277,0.08636451278597587,0.018355772360751303,0.08100485403156697,0.0,0.0,0.0,0.0,0.023167392443491735,0.0,0.0,0.0195772818256865,0.07727078362864546,0.07778153863855532,3.2224289826737015e-12,0.08204820643552052,0.0,0.0,0.0,4.442519619332708e-12,0.0,0.0,2.616479210596775e-11,0.0,0.020181574736050076,0.0,3.443938566292026e-14,0.0,1.1833328331780617e-11,1.7165904180729229e-12,0.08197117350933764,3.764869640215951e-11,0.07452820640109317,0.03682701967227412,0.0,0.0,0.0
2021-09-27,0.07752632787980984,0.08257674814243288,0.07750459312880387,0.083264592719064,0.08704714029920661,0.01886934695229127,0.08049337718013362,0.0,0.0,0.0,0.0,0.023047423953115934,0.0,0.0,0.019452248565288096,0.07768211666985263,0.0774704359875921,3.2912167911594765e-12,0.08130623209864989,0.0,0.0,0.0,4.385523581970017e-12,0.0,0.0,2.563231189094746e-11,0.0,0.02057028428819069,0.0,3.427019404035429e-14,0.0,1.2207982175084886e-11,1.67572469802241e-12,0.0831468348355968,3.7018588947381534e-11,0.07367146413340028,0.03637083308232563,0.0,0.0,0.0
2021-09-28,0.07708683774635856,0.08106417877859208,0.07721698699858359,0.08432426294215102,0.08715819094850728,0.018282603688562313,0.0798876038875854,0.0,0.0,0.0,0.0,0.022616527559829763,0.0,0.0,0.01984762518298471,0.07818026237678748,0.07719800619779504,3.35418626874329e-12,0.08135361830649747,0.0,0.0,0.0,4.330407215822699e-12,0.0,0.0,2.5988205594593257e-11,0.0,0.020835142594572493,0.0,3.39398845200515e-14,0.0,1.2075352096731571e-11,1.6745283257877823e-12,0.08531737916971183,3.7671251837451613e-11,0.07324296032220437,0.03638781321414854,0.0,0.0,0.0
2021-09-29,0.07686421041043508,0.08032385606761647,0.07785082220164145,0.08460737141365628,0.08830965355694018,0.018349164504947453,0.07925383715562537,0.0,0.0,0.0,0.0,0.023009786177775632,0.0,0.0,0.019740075193753863,0.0794510130365928,0.07671077157202628,3.3379675326402836e-12,0.08111011487734497,0.0,0.0,0.0,4.3781595983091865e-12,0.0,0.0,2.5597041650689404e-11,0.0,0.021187538002590846,0.0,3.321640661012565e-14,0.0,1.2331864057369843e-11,1.6905453955004025e-12,0.08439597963998517,3.753684941780856e-11,0.07240580006158223,0.03643000604258011,0.0,0.0,0.0
2021-09-30,0.07643163526982014,0.08121374264500963,0.07889215632775777,0.08351236001192273,0.08664318414475322,0.018309934486086886,0.0799875327825944,0.0,0.0,0.0,0.0,0.02279757329592726,0.0,0.0,0.019763911982692547,0.07934540053780328,0.07744008062344887,3.4417350744302154e-12,0.08115553374768969,0.0,0.0,0.0,4.380769104728694e-12,0.0,0.0,2.5478639867681232e-11,0.0,0.021280467867290372,0.0,3.37357130722284e-14,0.0,1.2596383417608522e-11,1.6605077316490745e-12,0.08385632153890689,3.7863309513160534e-11,0.07304272171727463,0.03632744293556644,0.0,0.0,0.0
2021-10-01,0.07999999998769529,5.236028775970795e-12,0.07999999999665806,0.054570971022160186,0.07999999996598958,4.161256005922215e-12,0.06000000000897034,9.037476216220118e-13,2.374298469479896e-12,2.1314108059316934e-12,2.0871805060431617e-12,0.07999999999396946,5.128789823168276e-13,1.1952705314240582e-12,0.07999999999852378,0.07999999999718488,0.07999999999271538,4.318060409728063e-13,0.0799999999973043,9.288749094788463e-14,2.6979758113348848e-12,1.901728788282767e-12,4.257887043918826e-12,1.353431510470666e-12,1.515168054043171e-12,1.2156871004399316e-12,0.0,0.07999999998306684,2.5940876024334124e-12,6.949751646971622e-13,3.2769312706539775e-12,2.2352618895110848e-13,0.0054290290015497735,5.557589329189765e-12,1.53497705070725e-11,0.07999999999839073,0.07999999999487727,4.578462443920387e-13,2.4327716230955396e-13,4.774837446415074e-13
2021-10-04,0.07993999429263982,5.336068985578997e-12,0.08016102706736535,0.05567336153646924,0.07917343269675708,4.16904783148896e-12,0.059963509416730114,9.046041781886516e-13,2.4116812524351486e-12,2.1065285196642956e-12,2.0790589520129194e-12,0.0790313051812349,5.112540494415088e-13,1.198197314253467e-12,0.07976917142875867,0.08032957628566215,0.07914473308797242,4.1823560004254137e-13,0.08005070468543282,9.590848821035076e-14,2.7214533340923307e-12,1.8703657715207182e-12,4.279504283611461e-12,1.3602611798296224e-12,1.516717842912146e-12,1.2367384553074587e-12,0.0,0.0802958502811088,2.6659147653278985e-12,7.015602322914906e-13,3.2794751494626227e-12,2.2195992647988418e-13,0.005397141349673314,5.488672344057308e-12,1.54552114199128e-11,0.0809793245277425,0.08009086810124674,4.628820310589368e-13,2.4180475639995744e-13,4.73069935473209e-13
2021-10-05,0.07883080141238492,5.315424067738224e-12,0.08076403714503265,0.05611857365927843,0.07936729284475305,4.219458252468996e-12,0.06039063400332041,8.901113533197112e-13,2.4249791178754974e-12,2.092594150199688e-12,2.0553747098807074e-12,0.07849852555257142,4.997420478446756e-13,1.2082707684905625e-12,0.08007345274707042,0.08004594632187557,0.07876143604379082,4.1844745207617597e-13,0.08117554936218677,9.41144887018437e-14,2.753562830891519e-12,1.8833814094398894e-12,4.236199279720383e-12,1.410930005355867e-12,1.5281991688966242e-12,1.2453241113434894e-12,0.0,0.0794741260546986,2.6866466527731324e-12,7.103329290401706e-13,3.2663033858032036e-12,2.2039818399056505e-13,0.005444203343927991,5.585666882872171e-12,1.5511117165192914e-11,0.08129370903665864,0.07976171241099701,4.682454305600572e-13,2.513179264956762e-13,4.772200766077387e-13
2021-10-06,0.079899211558736,5.302079251473648e-12,0.08005029998716567,0.055729298507034765,0.07914851954662779,4.1957128873830094e-12,0.060914543026429194,8.960071893158563e-13,2.402538552046367e-12,2.1032192347115305e-12,2.051786551095917e-12,0.0787844805458577,5.017167463640938e-13,1.200636569265433e-12,0.08067279925300697,0.0807053660663956,0.0787600212905664,4.1252911333678725e-13,0.0810067589153696,9.508712482031241e-14,2.695098924735273e-12,1.8795771550084707e-12,4.250073371093223e-12,1.4494531079273781e-12,1.5394878249473406e-12,1.2573626410922617e-12,0.0,0.08001481915740233,2.6586623740331746e-12,7.285259772057259e-13,3.309683443356195e-12,2.2678726180797935e-13,0.005525695259705316,5.5948808365436966e-12,1.572055185183967e-11,0.08090176055356904,0.07788642627045508,4.673974241198366e-13,2.505478236781934e-13,4.892395435777632e-13
2021-10-07,0.08096232656537024,5.271052646137889e-12,0.08127442928058508,0.055923013450538864,0.0783355700595954,4.132973650057227e-12,0.060482697724483205,9.018371827356954e-13,2.3934339587969383e-12,2.0914671622860714e-12,2.0317639498709712e-12,0.07952965671905915,5.03729234745782e-13,1.1742992927387824e-12,0.08035951188303153,0.080759966126499,0.07932936222661575,4.17133532318874e-13,0.08064472674043116,9.783454103237505e-14,2.7021811968655905e-12,1.918670171060102e-12,4.271763790021013e-12,1.463533805469503e-12,1.536165501441665e-12,1.2821776342915643e-12,0.0,0.07937745050496751,2.5765453353847446e-12,7.343535935115461e-13,3.346763620078893e-12,2.2473068352917817e-13,0.005460476428946506,5.561436453237209e-12,1.5943138523642448e-11,0.07935965837162444,0.07820115385647099,4.62242901887186e-13,2.5199184476327053e-13,4.900470880947154e-13
2021-10-08,0.07944319279514886,5.262849954746505e-12,0.08162265252914779,0.056706730749137596,0.07968194399563831,4.106047243451826e-12,0.06107389770157984,8.922892842402459e-13,2.420607037293843e-12,2.1685573859417395e-12,1.9451053143946997e-12,0.07904019047598648,4.969356410232241e-13,1.1867274198874287e-12,0.08178071571875008,0.07993495512233001,0.07922886307957736,4.202231908037001e-13,0.08098888461522775,9.842910066672829e-14,2.6854002499722345e-12,1.9565227646702216e-12,4.300206644595801e-12,1.4775813496418213e-12,1.562410340306799e-12,1.2264021390915176e-12,0.0,0.07867466029702616,2.5847636157785716e-12,7.433734212253922e-13,3.3330070661267533e-12,2.2280712740592157e-13,0.0055041359939174165,5.533853819232989e-12,1.5859880036260822e-11,0.07831628935990442,0.07800288750492523,4.709790607393457e-13,2.603653947654383e-13,4.87477845755411e-13
2021-10-11,0.07742533939485857,5.2344573957811765e-12,0.08138393649471834,0.05672246559375767,0.07966485484365683,4.02792090304679e-12,0.06249727401612692,9.014246940799143e-13,2.472545988007305e-12,2.1224914574724227e-12,1.980436271881788e-12,0.07958702354926174,4.964910164549714e-13,1.1868673023064956e-12,0.08149302769215275,0.07979104452170435,0.08044512161737764,4.0783003574885073e-13,0.08197370030327242,9.925138490555058e-14,2.6761664614687258e-12,1.9987033930283763e-12,4.3427030030676625e-12,1.4654853700760897e-12,1.5630776644681976e-12,1.2512895212958535e-12,0.0,0.0786408553574464,2.5304039251510554e-12,7.512299456374689e-13,3.3288733899702962e-12,2.2040238859743322e-13,0.005448786159081188,5.538518393480909e-12,1.594327167230949e-11,0.07683153760194472,0.07809503279286785,4.725452751929458e-13,2.6419459879575174e-13,4.960193927033474e-13
2021-10-12,0.07678733488559361,5.338836509901581e-12,0.08128764787144524,0.05556052228593723,0.08142578806320874,4.0444426658547546e-12,0.06304539643852161,9.025861351980704e-13,2.480959219070145e-12,2.1290320381176965e-12,1.9671893585825335e-12,0.07949460324211685,4.97785628830831e-13,1.1739109670237877e-12,0.08082103123060902,0.07982590283737209,0.08145599048571489,4.0279202014739956e-13,0.08156858549418211,9.72566934128268e-14,2.6258618864085103e-12,1.986060449382541e-12,4.418109809469527e-12,1.429123374544813e-12,1.5736898901694935e-12,1.2432093852372957e-12,0.0,0.07960665107827268,2.5299893037721288e-12,7.657423080103386e-13,3.3758333439799387e-12,2.2745480230427124e-13,0.005401282560974001,5.3992398354515226e-12,1.597519235245284e-11,0.07684859417136954,0.07687066929285928,4.729983238439383e-13,2.561844158855757e-13,5.095887686462736e-13
2021-10-13,0.07710071173226506,5.2805021004442024e-12,0.0814573818293387,0.0554688893027758,0.08141398682071269,4.0446577492589966e-12,0.06337507436158453,8.921023839690345e-13,2.466027191784775e-12,2.1688377757793772e-12,1.9543861836439145e-12,0.07943809080484769,4.927747509123159e-13,1.2040905592330365e-12,0.08052266961403616,0.0791857034217871,0.08178683333636022,3.960189867810012e-13,0.08181011803693039,9.796307137396989e-14,2.693680049229534e-12,1.988758017087797e-12,4.43211477014028e-12,1.383218729416679e-12,1.5617242912055413e-12,1.2279099708262722e-12,0.0,0.07920894917797551,2.552326535589818e-12,7.549438318346419e-13,3.394169793382202e-12,2.2677787004722388e-13,0.005357991040763466,5.336904225525067e-12,1.5897375868300282e-11,0.07785281404617188,0.07602078641276637,4.732600237692829e-13,2.570643968715528e-13,5.067392687386194e-13
2021-10-14,0.07623771481741623,5.304829479564565e-12,0.08075280142933774,0.055526014924768836,0.08103448828726342,4.070244553231839e-12,0.06289808823782084,8.79123276729019e-13,2.511122056623268e-12,2.1942730982509374e-12,1.9951652984792244e-12,0.07910503270812212,4.918600635224883e-13,1.227942697608215e-12,0.08049596279280066,0.07930817228453871,0.08245116454614022,3.9754211785220874e-13,0.08251172219321028,9.91937754436759e-14,2.7588211585372237e-12,1.9860974887036027e-12,4.430832623275611e-12,1.3986248478528905e-12,1.5596765182436325e-12,1.2494312892118729e-12,0.0,0.07847060634589198,2.5120229449864314e-12,7.474723716915847e-13,3.336454780012695e-12,2.223744825157083e-13,0.0053415220938372475,5.458412589765128e-12,1.6103411501382328e-11,0.07852760150238786,0.07733910777429666,4.572418541786591e-13,2.60648188448136e-13,5.142666573704587e-13
2021-10-15,0.07674202824121328,5.16599355441062e-12,0.08080806220920003,0.05523813885392425,0.07950728937423973,4.186279914323434e-12,0.062381342384980304,8.920095763510176e-13,2.535966679670142e-12,2.146819900027595e-12,1.972407874982875e-12,0.0786986127589845,4.968725877585126e-13,1.234910248810617e-12,0.08172078327923953,0.07959526058564996,0.08233633727322213,4.053835399378274e-13,0.08355852382531027,9.815091357707945e-14,2.6950314592227747e-12,1.9641356157845788e-12,4.356902869827767e-12,1.3801764865302407e-12,1.5589955632595626e-12,1.234702536669491e-12,0.0,0.0790304376895191,2.528687622464874e-12,7.327761991244984e-13,3.300891234748125e-12,2.1397818387553614e-13,0.0054059650463905585,5.608316019190558e-12,1.6091204418508202e-11,0.07852652318974444,0.07645069522634419,4.576471563467753e-13,2.65093896199037e-13,5.142783922941752e-13
2021-10-18,0.07726324470312758,5.25464289776345e-12,0.08138629776057835,0.05507024121059527,0.07971029354258634,4.158089287944876e-12,0.06265448361920277,8.877300598693019e-13,2.5406782855544937e-12,2.18025400362901e-12,1.9171704939739338e-12,0.07726474577999536,4.962130592744667e-13,1.2411759332630767e-12,0.08204227627987157,0.07879413572771744,0.08293255549117591,4.180507326359677e-13,0.08266235922459235,9.731123804161178e-14,2.691536762129454e-12,1.9636758623642798e-12,4.438225800506961e-12,1.3814255484302967e-12,1.5567451425888152e-12,1.2220040036855262e-12,0.0,0.08015106352668436,2.543282546482563e-12,7.325843518920647e-13,3.2968686059840962e-12,2.1379611571451773e-13,0.0052762361855234925,5.4828584593091195e-12,1.608691030062932e-11,0.07820741951012987,0.07658464737617765,4.684602938736812e-13,2.6321551967027125e-13,5.086824432339675e-13
2021-10-19,0.0770740707260465,5.124224964883166e-12,0.08139517107097378,0.05488010290362104,0.07998498971378046,4.1323377115689755e-12,0.06209676617821682,8.924926970786443e-13,2.5709945683195843e-12,2.243302301524104e-12,1.931244357020231e-12,0.07657130533131569,4.914107101881352e-13,1.247739939036204e-12,0.08325498835615226,0.0788774393838666,0.08200779402573127,4.209976007938034e-13,0.0828969708376168,9.876639228812874e-14,2.691483279149913e-12,1.9536628719095676e-12,4.347488617432694e-12,1.3993133162561027e-12,1.5420099461527498e-12,1.2195485522011526e-12,0.0,0.07963571845009432,2.5676689830613415e-12,7.327420073137388e-13,3.205015264617995e-12,2.1133476273592784e-13,0.005245774390322685,5.577943573584173e-12,1.5957684533301144e-11,0.07926236246513961,0.07681654610533022,4.667016735666368e-13,2.620696223428405e-13,5.035823048235349e-13
2021-10-20,0.07731272614921127,5.113698241006148e-12,0.08156490152439685,0.054249704697869,0.08104859554789476,4.1436031598118674e-12,0.06237633841512983,8.933251787285786e-13,2.532739244450935e-12,2.262413365920223e-12,1.8937166455245864e-12,0.07767147032492426,4.946870558161936e-13,1.2364212412413514e-12,0.08405669731954465,0.07924536638726191,0.0819351005293256,4.3057100236604137e-13,0.08087972338504987,1.0058909952583885e-13,2.6876777344079795e-12,1.989471196590347e-12,4.468655040052843e-12,1.384316009729285e-12,1.5478925791882399e-12,1.225043378993967e-12,0.0,0.07949180222635824,2.542667499604149e-12,7.234969592444404e-13,3.1991280380501967e-12,2.1583156786241773e-13,0.0053053972496408695,5.549421067891992e-12,1.6026228332230064e-11,0.07918492883616766,0.07567724734532266,4.607950044437507e-13,2.6429594516093296e-13,5.156097894231191e-13
2021-10-21,0.07589972926006013,5.236052712963189e-12,0.08107330986764091,0.053911228773540515,0.08031812393223585,4.10507788621559e-12,0.06271093438581962,8.972454198927671e-13,2.5459849263196056e-12,2.201960251111531e-12,1.886651096861478e-12,0.07884977095178558,4.944443838987745e-13,1.2264056712287434e-12,0.08275023987201705,0.08007301247088237,0.0832025255466968,4.284310908553733e-13,0.08155140903342417,9.908211471854859e-14,2.6683012177727176e-12,1.9860738638836907e-12,4.35904171648335e-12,1.3683151907389941e-12,1.5384757661816926e-12,1.2245480091246967e-12,0.0,0.07937776427809883,2.5017344216345925e-12,7.118812902290417e-13,3.2431730984150407e-12,2.2046492403788706e-13,0.005412685515809267,5.6809116848397226e-12,1.583720101954499e-11,0.07953593533291423,0.07533333071738245,4.668149278012385e-13,2.667364522835889e-13,4.970204165725274e-13
2021-10-22,0.076156232727856,5.17758675918155e-12,0.08031350226952862,0.05345377741191945,0.08105535178566912,4.07160775676513e-12,0.06213711037136353,8.844175389761183e-13,2.521095327771988e-12,2.2097536797554065e-12,1.9247254575956476e-12,0.07870988105879444,4.961598156199701e-13,1.2357099347550344e-12,0.08318475215963901,0.08097735593853604,0.08404134204817983,4.297022786745217e-13,0.08152621821783393,9.812114090640768e-14,2.6831800571923547e-12,2.0089808108683493e-12,4.2581097240453085e-12,1.386779199978033e-12,1.5374936666544896e-12,1.2195684583941644e-12,0.0,0.07818410810848742,2.5118881284115552e-12,6.988627914318322e-13,3.289608886738092e-12,2.2109941701904475e-13,0.005363505640991292,5.696426680315549e-12,1.5791981144009622e-11,0.0801809593604819,0.07471590283913809,4.599685204011121e-13,2.6060348703611416e-13,5.076811330382319e-13
2021-10-25,0.07456511360279292,5.3128137105426604e-12,0.08062399840754268,0.05413715643903414,0.0822069814220615,4.105045020555711e-12,0.06252751847037837,8.789571069085517e-13,2.5214870764568576e-12,2.202000961747792e-12,1.91223715857871e-12,0.07773199436679722,4.982854815408622e-13,1.1972798961682238e-12,0.08297767318279677,0.08085503134245753,0.08387686232629338,4.2933008556092683e-13,0.08210489374395588,9.946960355102282e-14,2.708026617922502e-12,2.027370219479592e-12,4.2895981872286985e-12,1.3998186925681104e-12,1.5610890444002928e-12,1.2216955394962726e-12,0.0,0.07932037015176961,2.5280738981349666e-12,6.910655620812897e-13,3.299819161190231e-12,2.231256442304987e-13,0.005369090917562267,5.778152186896071e-12,1.560428027107082e-11,0.07956520244361912,0.07413811312122914,4.564188501302897e-13,2.6178621929279893e-13,5.021481186593389e-13
2021-10-26,0.07593219565208634,5.382115134118593e-12,0.08037631517188623,0.05331496603831252,0.08147891831110805,4.075835484978044e-12,0.06273182993110414,9.048153112111244e-13,2.457417443696487e-12,2.2008715488647836e-12,1.903157003443482e-12,0.07812262544457485,4.87295342590949e-13,1.1919640690263333e-12,0.0830245677066662,0.08100515663835872,0.08476835613699883,4.388478819296368e-13,0.08039431637364015,9.903841050766655e-14,2.7895190749283336e-12,2.0660218824888526e-12,4.199774935831323e-12,1.3963326654412988e-12,1.5486464055161448e-12,1.210473895408414e-12,0.0,0.08028857182038138,2.462603844072109e-12,6.827419099265733e-13,3.2901960032277266e-12,2.2373295787123408e-13,0.005405030365326499,5.696535201784093e-12,1.5546686758771855e-11,0.07875844928370207,0.07439870106437954,4.619251169869922e-13,2.617073954839561e-13,4.961653228323083e-13
2021-10-27,0.07662780222214334,5.413552494072576e-12,0.07975401338625633,0.05326953746763633,0.0828273735269481,4.147100687689507e-12,0.061664442900705586,9.09422674325756e-13,2.515349254516501e-12,2.2061195427492648e-12,1.880825591630316e-12,0.07716009960433921,4.943725537171698e-13,1.2064860003478855e-12,0.08289880403576051,0.08197063183174115,0.08357323139257918,4.3457562473678466e-13,0.08061543404175801,9.80663323398099e-14,2.7124512430299235e-12,2.073438445333652e-12,4.120194725975787e-12,1.382001940335504e-12,1.5361153868419852e-12,1.200608856978723e-12,0.0,0.08040779801121375,2.508237486087464e-12,6.756763712216879e-13,3.2600641271823247e-12,2.2162588857737345e-13,0.005295448422980717,5.703046067890346e-12,1.534101499996304e-11,0.08004097586176996,0.0738944072329245,4.546751439374246e-13,2.643168536021099e-13,4.839858154919172e-13
2021-10-28,0.0759033387376407,5.482462259270044e-12,0.08039436454045923,0.05342880732463833,0.08025189981067553,4.19495274807021e-12,0.061903372262983494,9.051501926639889e-13,2.4454576469448434e-12,2.199667004100573e-12,1.9298538499442102e-12,0.07834647684511871,5.089474707037558e-13,1.2010778276736106e-12,0.08336257760015171,0.08126763577867847,0.08323969519327368,4.361203035452658e-13,0.07942368145025544,9.734378447025283e-14,2.715776373171625e-12,2.1176236507282846e-12,4.15591216884272e-12,1.3495662993187955e-12,1.5287218346590343e-12,1.2025353703313197e-12,0.0,0.08098178034475476,2.4924090856680423e-12,6.782662246346095e-13,3.306515224088914e-12,2.2752378860365254e-13,0.005355783343000384,5.621347334547085e-12,1.535284940939781e-11,0.08075171306791346,0.07538887363910696,4.493436482222467e-13,2.684839460696535e-13,4.811551303256443e-13
2021-10-29,0.07648818841021365,5.6615571114299966e-12,0.08006164789706148,0.05368962088285924,0.08010350983602897,4.218693694597056e-12,0.06151912107358953,8.876568991941793e-13,2.424138744893097e-12,2.215491372814871e-12,1.9710234393647617e-12,0.0784879918666121,5.21989138099614e-13,1.1954542948389087e-12,0.0830885192657228,0.0814424637036655,0.0828439373657566,4.4685267343888444e-13,0.07861981727774076,9.871165800066234e-14,2.757551864106909e-12,2.1213622765721378e-12,4.245710937163081e-12,1.339012884366458e-12,1.524844527318983e-12,1.208427454545518e-12,0.0,0.08174445231408024,2.507607358876428e-12,6.792166696388888e-13,3.31551358576466e-12,2.2961446334599965e-13,0.005382608567978424,5.5958236204390206e-12,1.5475148384169074e-11,0.08094514076987731,0.07558298070696697,4.557442843069044e-13,2.694296225751297e-13,4.798784517719902e-13
2021-11-01,0.07999999990392535,0.0,0.07999999998780105,0.07999999996434469,0.07999999996089056,0.0,0.0400000006765301,0.0,0.0,0.0,1.0196862877833107e-10,0.07999999998551163,0.0,0.0,0.07999999998465272,0.020000000179164302,0.07999999993962935,0.0,0.07999999998650466,0.0,0.0,0.0,0.0,8.459395741119438e-12,0.059999999460028285,5.720457786706428e-12,0.0,0.07999999997363268,0.0,0.0,0.0,0.0,0.0,0.0,0.07999999988869692,0.0,0.07999999999253934,0.0,0.0,0.0
2021-11-02,0.07976986911242721,0.0,0.0802002244160434,0.08007754933403274,0.07934861216245176,0.0,0.03994595479231699,0.0,0.0,0.0,1.0261199008059307e-10,0.08071343130762307,0.0,0.0,0.08076526928209621,0.020062525093822305,0.0805441930091186,0.0,0.0799078283525685,0.0,0.0,0.0,0.0,8.519880166622445e-12,0.060014758610435266,5.708163264559562e-12,0.0,0.08019368660762793,0.0,0.0,0.0,0.0,0.0,0.0,0.07924295611853113,0.0,0.07921314168406504,0.0,0.0,0.0
2021-11-03,0.08082414308933454,0.0,0.07978338666749266,0.07982547945511792,0.07818400171070379,0.0,0.0399751136767511,0.0,0.0,0.0,1.0621052370953668e-10,0.08081381043806095,0.0,0.0,0.08138967441146516,0.02030649836950489,0.08074158701069367,0.0,0.0793884904794793,0.0,0.0,0.0,0.0,8.657831464245587e-12,0.06007725681034159,5.735635402993907e-12,0.0,0.07989139954331731,0.0,0.0,0.0,0.0,0.0,0.0,0.07919894719452943,0.0,0.07960021102260387,0.0,0.0,0.0
2021-11-04,0.07957532263710876,0.0,0.0799925948550911,0.08055814999863695,0.07857410281955922,0.0,0.040432561853670286,0.0,0.0,0.0,1.0361121126908826e-10,0.07913752595053229,0.0,0.0,0.08144556860764915,0.020214211678046434,0.08020252344536516,0.0,0.0796179025268364,0.0,0.0,0.0,0.0,8.708284611777887e-12,0.060174416374628455,5.789527884304369e-12,0.0,0.07918720660385266,0.0,0.0,0.0,0.0,0.0,0.0,0.07966256198669856,0.0,0.08122535054421572,0.0,0.0,0.0
2021-11-05,0.08065994608846237,0.0,0.07961127398883441,0.07994384280646726,0.07745333704163404,0.0,0.04018993229937448,0.0,0.0,0.0,1.0092680359841334e-10,0.07797247068095656,0.0,0.0,0.08163464986786817,0.020238719128470813,0.08072924726683611,0.0,0.0799380374715697,0.0,0.0,0.0,0.0,8.759068724973353e-12,0.06027299851106663,5.767176009637066e-12,0.0,0.08021868676690208,0.0,0.0,0.0,0.0,0.0,0.0,0.07965916590577726,0.0,0.08147769206032718,0.0,0.0,0.0
2021-11-08,0.07923376530549227,0.0,0.07927166548748796,0.08092774342034054,0.07935246248643674,0.0,0.04059251123158717,0.0,0.0,0.0,9.80791856761256e-11,0.07760712549543694,0.0,0.0,0.0818867359537293,0.02055569839980979,0.08123930090089382,0.0,0.07992197012472886,0.0,0.0,0.0,0.0,8.91824896821982e-12,0.06025088451876792,5.783550607197738e-12,0.0,0.07894194272779019,0.0,0.0,0.0,0.0,0.0,0.0,0.07989104656452715,0.0,0.0803271472701905,0.0,0.0,0.0
2021-11-09,0.08007672427719101,0.0,0.07810103824001143,0.08140016752545487,0.07969250944796852,0.0,0.04097606687504261,0.0,0.0,0.0,9.732837019706174e-11,0.07689689740834918,0.0,0.0,0.08081120730631239,0.020551751165740487,0.08229068574501111,0.0,0.08101452342681952,0.0,0.0,0.0,0.0,8.940396254911998e-12,0.06008004089709198,5.821226871130466e-12,0.0,0.07803586664359546,0.0,0.0,0.0,0.0,0.0,0.0,0.07940919156829922,0.0,0.08066332936102225,0.0,0.0,0.0
2021-11-10,0.07948288985550032,0.0,0.07828459068590857,0.08051456028193225,0.08015928926497,0.0,0.04105424751941801,0.0,0.0,0.0,9.896145518818793e-11,0.07748740305508624,0.0,0.0,0.08091289490658356,0.020393507490015346,0.08215724115989828,0.0,0.0810661152523542,0.0,0.0,0.0,0.0,8.839338524649806e-12,0.06011133028422017,5.7977256128514335e-12,0.0,0.07782978992523096,0.0,0.0,0.0,0.0,0.0,0.0,0.08008945744776916,0.0,0.08045668275751447,0.0,0.0,0.0
2021-11-11,0.08022411343920488,0.0,0.07840431075362372,0.0805912218402779,0.07956505271154507,0.0,0.041032496013764956,0.0,0.0,0.0,1.0145956085633341e-10,0.07809377230025517,0.0,0.0,0.0806922834475182,0.02064149685715251,0.0824147985750002,0.0,0.08106290093914205,0.0,0.0,0.0,0.0,8.991221503787746e-12,0.060215405848642406,6.000866658834225e-12,0.0,0.07774688751457791,0.0,0.0,0.0,0.0,0.0,0.0,0.07908884655231911,0.0,0.08022641309052425,0.0,0.0,0.0
2021-11-12,0.08065268375390927,0.0,0.07839817926727653,0.0804440316786257,0.07939871438748922,0.0,0.040286161556938684,0.0,0.0,0.0,1.027673876554629e-10,0.07725336837322375,0.0,0.0,0.08123771954049167,0.02076117266866231,0.08158741382252828,0.0,0.08282217341408696,0.0,0.0,0.0,0.0,9.120321861331411e-12,0.05971893836434006,6.1596812057546735e-12,0.0,0.07816267355911315,0.0,0.0,0.0,0.0,0.0,0.0,0.07908065509885145,0.0,0.08019611439641561,0.0,0.0,0.0
2021-11-15,0.0812516800418732,0.0,0.0779002656950859,0.08106621852734101,0.07958036680158306,0.0,0.040835113685166534,0.0,0.0,0.0,1.0151789606604836e-10,0.07695631247122768,0.0,0.0,0.08080380700057438,0.02098825553133484,0.08209165465535674,0.0,0.08171714920641442,0.0,0.0,0.0,0.0,8.771007179520678e-12,0.05983868023028888,6.244095398630064e-12,0.0,0.07770608079117744,0.0,0.0,0.0,0.0,0.0,0.0,0.07943803580479906,0.0,0.07982637944124378,0.0,0.0,0.0
2021-11-16,0.08157316036082132,0.0,0.07770682645015245,0.081679475354439,0.0788543358334992,0.0,0.04055272733586018,0.0,0.0,0.0,1.0556491250279808e-10,0.07715846428471623,0.0,0.0,0.080571105728101,0.02114919979050334,0.08256566975002354,0.0,0.0817303503257292,0.0,0.0,0.0,0.0,8.926954831352853e-12,0.059721638890195744,6.33284522586795e-12,0.0,0.07843403389421529,0.0,0.0,0.0,0.0,0.0,0.0,0.07824158999509835,0.0,0.0800614218858204,0.0,0.0,0.0
2021-11-17,0.08109732314023058,0.0,0.07786311230155768,0.08127280877577851,0.08039883311642584,0.0,0.039580806752744765,0.0,0.0,0.0,1.0314194685169304e-10,0.07712930876081892,0.0,0.0,0.08155629260513188,0.021027613393941588,0.08195634909457049,0.0,0.081359642441216,0.0,0.0,0.0,0.0,8.865453455011081e-12,0.05971623359868798,6.291622967171468e-12,0.0,0.07924971990674012,0.0,0.0,0.0,0.0,0.0,0.0,0.07884929127587986,0.0,0.07894266471797673,0.0,0.0,0.0
2021-11-18,0.08187292083450191,0.0,0.0786033275286267,0.08071732276395345,0.0793998232480486,0.0,0.039932747879156356,0.0,0.0,0.0,1.0452631819809459e-10,0.07680555501033343,0.0,0.0,0.08144099272356194,0.021044420677259593,0.08149321369513558,0.0,0.08183171985498401,0.0,0.0,0.0,0.0,8.971911024978273e-12,0.059995605258491916,6.289037499046451e-12,0.0,0.07852846406420551,0.0,0.0,0.0,0.0,0.0,0.0,0.07972910300956104,0.0,0.07860478333239274,0.0,0.0,0.0
2021-11-19,0.08351988726742757,0.0,0.07903706521325514,0.08110900638835908,0.07854442742924665,0.0,0.03924817619333594,0.0,0.0,0.0,1.0567997361062072e-10,0.07600738832208193,0.0,0.0,0.08192855169781026,0.021113497518473266,0.08158444589220948,0.0,0.08078669228577398,0.0,0.0,0.0,0.0,9.013006160426608e-12,0.06025475209647077,6.567317534205085e-12,0.0,0.07952135348456775,0.0,0.0,0.0,0.0,0.0,0.0,0.08035538511873296,0.0,0.07698937097099492,0.0,0.0,0.0
2021-11-22,0.083760730425906,0.0,0.07981114260964906,0.08054242411585287,0.07889243699570986,0.0,0.03936133542191505,0.0,0.0,0.0,1.0453981073602375e-10,0.07740985158737707,0.0,0.0,0.08126596737078007,0.021125585490087008,0.08114016709386876,0.0,0.07951595178307912,0.0,0.0,0.0,0.0,9.022921882632727e-12,0.059721558789759044,6.4373329085973704e-12,0.0,0.07997473719459423,0.0,0.0,0.0,0.0,0.0,0.0,0.08095559657367624,0.0,0.07652251442774563,0.0,0.0,0.0
2021-11-23,0.08568101531800178,0.0,0.07911885564151469,0.08141694712976623,0.07949389114195284,0.0,0.03922796451045215,0.0,0.0,0.0,1.0495727464306991e-10,0.0773564923071636,0.0,0.0,0.08074184158174573,0.021089811839963,0.0809842392116654,0.0,0.07888039269871618,0.0,0.0,0.0,0.0,9.037926937446538e-12,0.05944284425302706,6.3139803656355876e-12,0.0,0.07962382075622215,0.0,0.0,0.0,0.0,0.0,0.0,0.08133213911153056,0.0,0.07560974437796945,0.0,0.0,0.0
2021-11-24,0.08671115099726263,0.0,0.07939447825479647,0.0816458160820751,0.08067243871369356,0.0,0.03886943669973647,0.0,0.0,0.0,1.0513442554789017e-10,0.07515420050617717,0.0,0.0,0.08160142951279303,0.020936909724578196,0.08053897572895635,0.0,0.07898358424522053,0.0,0.0,0.0,0.0,8.940417682849737e-12,0.06003863424811346,6.422876984653499e-12,0.0,0.07920138606827389,0.0,0.0,0.0,0.0,0.0,0.0,0.08158537756517457,0.0,0.07466618153265075,0.0,0.0,0.0
2021-11-25,0.08725435321017616,0.0,0.07818372091534934,0.08281239006547651,0.07994376995815027,0.0,0.03921003625032506,0.0,0.0,0.0,1.0428409440038531e-10,0.07525738131628991,0.0,0.0,0.08187700647131138,0.020921455809213698,0.08099586771673474,0.0,0.07813951795415428,0.0,0.0,0.0,0.0,8.61620359311638e-12,0.06054442585053695,6.502775361833245e-12,0.0,0.07871403178106393,0.0,0.0,0.0,0.0,0.0,0.0,0.08060555066234905,0.0,0.07554049191946552,0.0,0.0,0.0
2021-11-26,0.08914815262396655,0.0,0.07923902037252295,0.0836057753949199,0.07972427761781191,0.0,0.039073387914935635,0.0,0.0,0.0,1.0214005566753187e-10,0.07399067964617212,0.0,0.0,0.08136743052378699,0.020791583835444397,0.08103970026207259,0.0,0.07792699805082362,0.0,0.0,0.0,0.0,8.63594065092126e-12,0.060741583958953134,6.3573857499829445e-12,0.0,0.07847856287551136,0.0,0.0,0.0,0.0,0.0,0.0,0.08001672461980974,0.0,0.07485612218613558,0.0,0.0,0.0
2021-11-29,0.08893777717681536,0.0,0.07923148090914116,0.08239936164298838,0.08000564941090998,0.0,0.039173643809606876,0.0,0.0,0.0,1.0303297711783786e-10,0.07469467801376936,0.0,0.0,0.08149435665118558,0.02075214072528274,0.0814164165237819,0.0,0.07831396624943626,0.0,0.0,0.0,0.0,8.54868397993626e-12,0.06111568039616928,6.320514425288457e-12,0.0,0.07849092092993772,0.0,0.0,0.0,0.0,0.0,0.0,0.07866292464109112,0.0,0.075311002801982,0.0,0.0,0.0
2021-11-30,0.08808629857745141,0.0,0.07947512509096093,0.0812784365414695,0.07902255483065883,0.0,0.03921309661272333,0.0,0.0,0.0,1.0112345705628375e-10,0.07661723009075166,0.0,0.0,0.08160948916155761,0.021145310808533112,0.08174608823049441,0.0,0.0779781247558574,0.0,0.0,0.0,0.0,8.221518836929187e-12,0.06080936700694371,6.162695153198035e-12,0.0,0.07807564705149297,0.0,0.0,0.0,0.0,0.0,0.0,0.07946391285615445,0.0,0.07547931826944289,0.0,0.0,0.0
2021-12-01,3.985828633035202e-11,0.04697504437248092,0.07999999997883234,0.04088844044703636,5.293105242863055e-10,0.0,0.038715287082825095,0.0,0.07999999992219142,0.0,2.1975445913724115e-11,0.0543096680229147,0.0,0.0,0.07999999999301313,0.0799999999763277,0.07999999996332119,0.0799999999527993,0.07999999991410392,0.0,0.0,0.0,0.0,6.671443273908206e-11,6.567005611862446e-11,0.0,0.0,0.07999999994352863,0.0,0.0,0.019999999715980772,2.9409990211721025e-12,0.0,0.0,0.07911155977751391,2.348548674204939e-10,0.07999999997580622,0.0,0.0,0.0
2021-12-02,3.9400688151753596e-11,0.04756359277042657,0.07998592400467625,0.04100759659753135,5.306848598498377e-10,0.0,0.039248726784937814,0.0,0.08179762672013724,0.0,2.143786334218092e-11,0.05470161220716401,0.0,0.0,0.0791311319684233,0.07962559520262384,0.07948210432924663,0.07880761797889638,0.08043331668294702,0.0,0.0,0.0,0.0,6.651614827635026e-11,6.5724278829752e-11,0.0,0.0,0.07923156001122562,0.0,0.0,0.020073230015963298,3.02838795143161e-12,0.0,0.0,0.07944659482335527,2.3289821300672515e-10,0.07946376894275518,0.0,0.0,0.0
2021-12-03,3.9323242748239526e-11,0.04782657217325727,0.07991771335252383,0.04052890145707316,5.328565493885233e-10,0.0,0.03956129236039886,0.0,0.08308283944479351,0.0,2.2189206402934472e-11,0.055235581182773226,0.0,0.0,0.07827911752031397,0.08112445726181085,0.0800664678453244,0.07815538037680582,0.08014363136322422,0.0,0.0,0.0,0.0,6.719532336119422e-11,6.578048728542938e-11,0.0,0.0,0.07832287870786554,0.0,0.0,0.020152614256138835,3.0033280664502987e-12,0.0,0.0,0.08004102954209702,2.3486928890955223e-10,0.07756152219038222,0.0,0.0,0.0
2021-12-06,3.929668099215465e-11,0.04924588161195362,0.0810467360984582,0.040596380537465976,5.235918540438608e-10,0.0,0.0397010569532127,0.0,0.08216441121533438,0.0,2.238779120223677e-11,0.05515544002799527,0.0,0.0,0.07817718231639048,0.08148249455956522,0.080221025012766,0.07605983909590368,0.0806750324847978,0.0,0.0,0.0,0.0,6.828890008259143e-11,6.594867102371182e-11,0.0,0.0,0.07752076821757645,0.0,0.0,0.020093354628170898,3.0561301011487373e-12,0.0,0.0,0.08012299670579683,2.371927301353954e-10,0.07773739957484993,0.0,0.0,0.0
2021-12-07,3.9343863567599824e-11,0.04884699243496097,0.08071692309527125,0.04089418335482117,5.349377231241013e-10,0.0,0.03899293061197144,0.0,0.08288385357244663,0.0,2.2508156460629984e-11,0.05531103044062106,0.0,0.0,0.0779927475966999,0.08196161850574835,0.07992239552421307,0.07680754091336182,0.08116243152711385,0.0,0.0,0.0,0.0,6.869535090922036e-11,6.62870608395688e-11,0.0,0.0,0.07788114916550352,0.0,0.0,0.019797048831870143,3.02739664650911e-12,0.0,0.0,0.07942094439173675,2.3692330907931676e-10,0.07740820906193734,0.0,0.0,0.0
2021-12-08,3.9305628396238966e-11,0.048431121405850826,0.08117346216773204,0.041097630077187086,5.333336866817697e-10,0.0,0.03888623650505084,0.0,0.08391956347721834,0.0,2.2067187451380288e-11,0.05457504825393206,0.0,0.0,0.07756202991645267,0.08232715760815919,0.07914440790221643,0.07764549473396269,0.08071214107792242,0.0,0.0,0.0,0.0,6.83701385263981e-11,6.650634508675155e-11,0.0,0.0,0.07728931503164603,0.0,0.0,0.01975703621993213,3.1317077894927776e-12,0.0,0.0,0.08046647169159275,2.368996742949837e-10,0.07701288296153021,0.0,0.0,0.0
2021-12-09,3.882269687621696e-11,0.04937343182487387,0.0813175069471375,0.041674435282076906,5.280242687517065e-10,0.0,0.03861637469110443,0.0,0.08479701918426695,0.0,2.252929076754294e-11,0.05497174879378046,0.0,0.0,0.0776000306676281,0.08117333784221421,0.07861711190493052,0.07764222017082396,0.08067755847172424,0.0,0.0,0.0,0.0,6.9455534346715e-11,6.643602101904077e-11,0.0,0.0,0.07697159037823624,0.0,0.0,0.019632757775906215,3.0669515823787028e-12,0.0,0.0,0.0803055782253513,2.3548866172034957e-10,0.0766292968761217,0.0,0.0,0.0
2021-12-10,3.8772844457434956e-11,0.048732227992831834,0.08034195946573003,0.04171146404763492,5.265247287222996e-10,0.0,0.0383590386808463,0.0,0.08751938516040787,0.0,2.2681064815890075e-11,0.054350752517526225,0.0,0.0,0.077379672864888,0.08080795066388674,0.07824647282164855,0.07898101575126099,0.080941659108076,0.0,0.0,0.0,0.0,6.889323759774959e-11,6.651022615910758e-11,0.0,0.0,0.07656954925984588,0.0,0.0,0.0194420538190202,3.0828949856819996e-12,0.0,0.0,0.0809018957350235,2.339447382144735e-10,0.07571490115096334,0.0,0.0,0.0
2021-12-13,3.893332279950819e-11,0.048801942352234194,0.08059291079788147,0.04227921551251283,5.294566880321547e-10,0.0,0.037418778404257044,0.0,0.08816628141200386,0.0,2.2521668667995006e-11,0.05373301079161612,0.0,0.0,0.0775494873208695,0.08105588754155936,0.07723179840167274,0.0790688687468324,0.08204204994434748,0.0,0.0,0.0,0.0,6.887478681523478e-11,6.692655002017788e-11,0.0,0.0,0.0771327485141871,0.0,0.0,0.019291109286671177,3.0563073579300307e-12,0.0,0.0,0.08068247271817744,2.291569117772881e-10,0.07495343729625126,0.0,0.0,0.0
2021-12-14,3.8759512707559775e-11,0.04760630793550788,0.0800817431620734,0.04250544275201506,5.278119400610592e-10,0.0,0.03696795373573908,0.0,0.08911789302083675,0.0,2.2037894831714804e-11,0.053690704847346664,0.0,0.0,0.07853012703511532,0.08171978709419472,0.07758918479057197,0.07926898899651476,0.08247485405381519,0.0,0.0,0.0,0.0,6.850561402412157e-11,6.755958312806493e-11,0.0,0.0,0.07589698749243237,0.0,0.0,0.018945213468005206,3.0589531529978195e-12,0.0,0.0,0.08081541385651853,2.30631096838009e-10,0.0747893968009487,0.0,0.0,0.0
2021-12-15,3.804101217001069e-11,0.04814311193065607,0.07956469312772563,0.04214730083878273,5.2356885425977e-10,0.0,0.03700634774198061,0.0,0.0884374853456292,0.0,2.2129455672513116e-11,0.054181564305543155,0.0,0.0,0.07839372051921903,0.08058334967868075,0.07847677452944755,0.07911351266301858,0.08304109246935472,0.0,0.0,0.0,0.0,6.9033181408185e-11,6.816780280237823e-11,0.0,0.0,0.07612229851681179,0.0,0.0,0.01898611810009511,3.0552580352150647e-12,0.0,0.0,0.08103734990756466,2.2637794862760822e-10,0.07476527937511716,0.0,0.0,0.0
2021-12-16,3.7591776069570595e-11,0.048086197191505684,0.08019289009561718,0.04202346246620509,5.316063131690399e-10,0.0,0.03696264072310461,0.0,0.08666448899918668,0.0,2.2442419153987567e-11,0.0548446931425473,0.0,0.0,0.0794010228941661,0.08101131768403662,0.07812819552908774,0.07767013688061293,0.0828085070769507,0.0,0.0,0.0,0.0,6.861169731930393e-11,6.820266267852219e-11,0.0,0.0,0.07493404045991783,0.0,0.0,0.019095882369329947,3.124328439854328e-12,0.0,0.0,0.08240696186122212,2.281356600507479e-10,0.07576956166679494,0.0,0.0,0.0
2021-12-17,3.732756154838822e-11,0.049158555814809005,0.08094327608216018,0.04159563408561757,5.383065613536198e-10,0.0,0.036644574430001756,0.0,0.08535755222892494,0.0,2.270843813017273e-11,0.05463048087377132,0.0,0.0,0.07999729640173962,0.08058803962569858,0.07717360788762372,0.07769356074395643,0.08390761899669436,0.0,0.0,0.0,0.0,6.802090946234249e-11,6.882809960063512e-11,0.0,0.0,0.07632079981467413,0.0,0.0,0.019240542884459706,3.1201825539731423e-12,0.0,0.0,0.08200373762405452,2.2648588845908e-10,0.07474472154101683,0.0,0.0,0.0
2021-12-20,3.7180497109212725e-11,0.05090849473042865,0.08118886441900586,0.04156160763817051,5.303248726833882e-10,0.0,0.03668502834647802,0.0,0.08414859315885151,0.0,2.276784763089092e-11,0.05523292887333675,0.0,0.0,0.0789539275821957,0.08068433725463899,0.07675504250387925,0.0787905265805893,0.08515325971202635,0.0,0.0,0.0,0.0,6.810512092930017e-11,6.791642943971903e-11,0.0,0.0,0.07705318094960209,0.0,0.0,0.018906277570495844,3.0981686731479914e-12,0.0,0.0,0.08075509652784678,2.2539067451177486e-10,0.07322283319767116,0.0,0.0,0.0
2021-12-21,3.7474565322151874e-11,0.05070268449362702,0.08158959972535247,0.04120643725000599,5.224627775526764e-10,0.0,0.0368718890542991,0.0,0.08409729555632722,0.0,2.3067610895836892e-11,0.05501639605175287,0.0,0.0,0.07943177942041964,0.0803204977887214,0.07715297005762124,0.07743608051572869,0.08451026352114716,0.0,0.0,0.0,0.0,6.837284286349633e-11,6.849546622422217e-11,0.0,0.0,0.07785332999070294,0.0,0.0,0.01923959244813505,3.1320467683277244e-12,0.0,0.0,0.08065135549249675,2.272763436624544e-10,0.0739198276833812,0.0,0.0,0.0
2021-12-22,3.663858866295902e-11,0.05228066262024477,0.08226986200653354,0.04062058808981125,5.142590700102886e-10,0.0,0.037288685175919746,0.0,0.08421902876842312,0.0,2.3196910713815947e-11,0.05495983851479507,0.0,0.0,0.07838839747254783,0.07918088093464827,0.07727231196494169,0.07822617699826426,0.08504895443774806,0.0,0.0,0.0,0.0,6.798708010507727e-11,6.902068767937679e-11,0.0,0.0,0.07773275390638655,0.0,0.0,0.019044894140514402,3.1982165045715208e-12,0.0,0.0,0.07937685706491507,2.2284274787983998e-10,0.07409010696716356,0.0,0.0,0.0
2021-12-23,3.7076396485527616e-11,0.05214387343187943,0.0808997506385459,0.04108401353047995,5.195749288330646e-10,0.0,0.03770225621668816,0.0,0.08393252151617597,0.0,2.3939994782781473e-11,0.05458872119223518,0.0,0.0,0.07978028615701065,0.07941451928783304,0.07758951072870422,0.07652305160848348,0.08485589873560845,0.0,0.0,0.0,0.0,6.747404180239709e-11,6.90307929828133e-11,0.0,0.0,0.07822645688126283,0.0,0.0,0.019134562430635268,3.1543994321803284e-12,0.0,0.0,0.07967988958280077,2.227361841407232e-10,0.07444468711867046,0.0,0.0,0.0
2021-12-24,3.760291262766466e-11,0.051358165020333815,0.08097802029904153,0.04108227141711687,5.201853511372206e-10,0.0,0.03691752076843811,0.0,0.08332533973056208,0.0,2.4217092378285032e-11,0.05481764307646098,0.0,0.0,0.07930695018757403,0.07930241306134041,0.07696426035457113,0.08003561311520457,0.08374812183935156,0.0,0.0,0.0,0.0,6.912026749693062e-11,6.905864376106204e-11,0.0,0.0,0.07848318235567252,0.0,0.0,0.019019008266349814,3.1344581193435504e-12,0.0,0.0,0.07981133345160589,2.211317421311454e-10,0.07485015611192675,0.0,0.0,0.0
2021-12-27,3.707825321170986e-11,0.05095196523218584,0.08004967595814211,0.04127822232619063,5.427489602356241e-10,0.0,0.03745419119850096,0.0,0.08225432241099823,0.0,2.3804898268825988e-11,0.054116370068760605,0.0,0.0,0.07966249666983215,0.0799117292441374,0.07793315317375749,0.080057009056399,0.08446602954945605,0.0,0.0,0.0,0.0,7.106723929571011e-11,6.941755235432434e-11,0.0,0.0,0.07830034910977954,0.0,0.0,0.019236518535422305,3.1510053252520074e-12,0.0,0.0,0.07996013829082405,2.20457297557094e-10,0.07436782820788902,0.0,0.0,0.0
2021-12-28,3.730561427530276e-11,0.051507565597199254,0.08008592301578332,0.04119689044000004,5.428400894794951e-10,0.0,0.03738515937951484,0.0,0.08305945957581369,0.0,2.3678450920840428e-11,0.05461506723772595,0.0,0.0,0.07947592947694407,0.08010590649032052,0.07826562625534284,0.07799521245134121,0.08433677265087892,0.0,0.0,0.0,0.0,7.056015467052032e-11,6.953966776198258e-11,0.0,0.0,0.07970195170387166,0.0,0.0,0.019055245237738834,3.0990594218612583e-12,0.0,0.0,0.07919184634521227,2.1643270001689499e-10,0.07402144317885734,0.0,0.0,0.0
2021-12-29,3.6390721445108866e-11,0.052049385290410845,0.07980813419034137,0.041149150869618255,5.450766777528383e-10,0.0,0.03731214427058976,0.0,0.08375664400979532,0.0,2.428940720696548e-11,0.05411004373990298,0.0,0.0,0.0792348888757831,0.08013306316901614,0.07851529303727169,0.07770878938148482,0.08447422988950952,0.0,0.0,0.0,0.0,6.99668055190717e-11,6.843397495864433e-11,0.0,0.0,0.07971247839488609,0.0,0.0,0.018548364069747036,3.0859865019907893e-12,0.0,0.0,0.07973828292499244,2.1659563530806297e-10,0.07374910692281199,0.0,0.0,0.0
2021-12-30,3.7105885554916936e-11,0.05251948744118389,0.08071854186620095,0.041781387579034934,5.436137806957377e-10,0.0,0.03703594208159513,0.0,0.08435906599296665,0.0,2.500112227467976e-11,0.05339202706703576,0.0,0.0,0.08049958614871174,0.08058195203814868,0.07806946020892391,0.07802446777500038,0.083734517077459,0.0,0.0,0.0,0.0,6.954471599696701e-11,6.884903764864221e-11,0.0,0.0,0.0776171991821121,0.0,0.0,0.01856925017333887,2.9866885006990254e-12,0.0,0.0,0.08105795110870932,2.1895860947297728e-10,0.07203916329351935,0.0,0.0,0.0
2021-12-31,3.67697182957184e-11,0.05320353802064826,0.08030382494076503,0.041357107896440586,5.526971383078942e-10,0.0,0.037293603147792925,0.0,0.08353369909832664,0.0,2.39527115730674e-11,0.05292048894846327,0.0,0.0,0.0806742265222074,0.08048262155713827,0.07806470743661334,0.07800774906370223,0.08314888441373275,0.0,0.0,0.0,0.0,6.969182038636311e-11,7.011196304679739e-11,0.0,0.0,0.0784738184176226,0.0,0.0,0.018574833592051105,3.0707921370007304e-12,0.0,0.0,0.08215658782589788,2.1910849737262637e-10,0.07180430814319555,0.0,0.0,0.0
2022-01-03,0.0588985601978937,2.3913622964073255e-14,0.07999999999725226,1.6125595892513604e-12,0.0666338233223721,0.0,0.06408572813838431,0.0,0.07999999999717017,0.0,9.145430549701022e-12,0.052573486518609755,0.0,0.0,0.07999999999814913,0.07999999999792794,0.0799999999981769,9.927099849263807e-14,1.351359011125166e-12,0.0,0.0,0.019354546200320257,0.0,0.07999999999443892,4.0906263849191325e-11,0.0,0.0,0.07999999999778208,0.0,0.0,0.018453855521694165,0.0,0.0,0.0,0.07999999999700479,7.230203453710218e-11,0.07999999999738268,0.0,0.0,0.0
2022-01-04,0.059574621182205245,2.3971073398824613e-14,0.08029985859651288,1.6125354800108276e-12,0.0671090981975918,0.0,0.06379176133051608,0.0,0.0798620319357306,0.0,9.273643306487489e-12,0.05142565220041925,0.0,0.0,0.08063036036435979,0.08028614777993827,0.07911560562687894,1.0208286399065618e-13,1.3601075264663632e-12,0.0,0.0,0.019406878803421214,0.0,0.07965253414192208,4.101324522479722e-11,0.0,0.0,0.07935881935914894,0.0,0.0,0.01838321696187684,0.0,0.0,0.0,0.08134210262426757,7.416969359516967e-11,0.0797613107676552,0.0,0.0,0.0
2022-01-05,0.059367501036766766,2.4048043880713794e-14,0.0796059184119842,1.6052455723816708e-12,0.06701682653472664,0.0,0.06382472776767671,0.0,0.07985291797925499,0.0,9.136257927996952e-12,0.05163132110383761,0.0,0.0,0.08205766400163757,0.08040342420688577,0.07877902820111447,1.0113560011233838e-13,1.3533397186801832e-12,0.0,0.0,0.019158115290668923,0.0,0.07807214814607394,4.136912613122835e-11,0.0,0.0,0.0795137482244268,0.0,0.0,0.018235848267875696,0.0,0.0,0.0,0.08258736507966302,7.423279107411651e-11,0.07989344561958499,0.0,0.0,0.0
2022-01-06,0.05966736681738835,2.4042311387200692e-14,0.07975363451052203,1.6003548678568504e-12,0.06744585559183572,0.0,0.06421865635835121,0.0,0.07893268966083038,0.0,9.123165827965382e-12,0.05150659889411897,0.0,0.0,0.08271497759712998,0.08035157856055972,0.07898399137450453,9.990987940550533e-14,1.3488829588020247e-12,0.0,0.0,0.018959373153233212,0.0,0.07727260709310366,4.104769566629418e-11,0.0,0.0,0.078193613061677,0.0,0.0,0.01800521834856419,0.0,0.0,0.0,0.08248134499544678,7.339256653957984e-11,0.0815124938560977,0.0,0.0,0.0
2022-01-07,0.05873517183335771,2.417085023258343e-14,0.07998351081494748,1.6156121556927384e-12,0.06755103260691157,0.0,0.06454501542040503,0.0,0.07783919554275719,0.0,9.0527324003942e-12,0.051016221017337895,0.0,0.0,0.08381618163445283,0.08047099860961254,0.0794367300372905,1.0093180417574427e-13,1.3685941497109774e-12,0.0,0.0,0.018906580723435686,0.0,0.07838161774695326,4.057898710114804e-11,0.0,0.0,0.07845938452532512,0.0,0.0,0.017978055158586196,0.0,0.0,0.0,0.08158380391231033,7.38171917654461e-11,0.08129650028975852,0.0,0.0,0.0
2022-01-10,0.05794118674056272,2.4763406143208634e-14,0.08015129842962411,1.623822557505634e-12,0.06719493797217693,0.0,0.06466717159728627,0.0,0.07698486491143208,0.0,8.965635932066681e-12,0.051167698349549,0.0,0.0,0.08397039233363601,0.08121413677041633,0.080176413613718,1.0048159614514949e-13,1.3634947236814856e-12,0.0,0.0,0.01887708748572627,0.0,0.07819813092740648,4.049340742663408e-11,0.0,0.0,0.07885212423188893,0.0,0.0,0.01779583274783238,0.0,0.0,0.0,0.08177642758624128,7.37492310105322e-11,0.08103229617618242,0.0,0.0,0.0
2022-01-11,0.057969555646678265,2.513600403465977e-14,0.08057759166996682,1.6025606984099892e-12,0.0661904402183429,0.0,0.06535630520353145,0.0,0.07660652897656843,0.0,9.030581963100744e-12,0.05130220046803368,0.0,0.0,0.08337923489656024,0.08022156439673561,0.08098885041792526,1.0257299986029737e-13,1.3624723214692176e-12,0.0,0.0,0.018815315115962714,0.0,0.07978825086302736,4.036944992121694e-11,0.0,0.0,0.07876771430115329,0.0,0.0,0.01763621604682589,0.0,0.0,0.0,0.08089271674173426,7.202004012395455e-11,0.08150751491244099,0.0,0.0,0.0
2022-01-12,0.05753750998204679,2.543581640846573e-14,0.08027298798436527,1.6129454897826133e-12,0.06588247173469186,0.0,0.06537297731965672,0.0,0.07692625320569915,0.0,9.159926182185712e-12,0.052299043617035613,0.0,0.0,0.0847455790563524,0.07831763933818531,0.08154248259505031,1.0177023546166731e-13,1.3524664020920853e-12,0.0,0.0,0.01874646622046562,0.0,0.0780426719386646,4.032761445109226e-11,0.0,0.0,0.07893934256682321,0.0,0.0,0.017542172931985903,0.0,0.0,0.0,0.08165851219818003,7.195741697686668e-11,0.08217388918625959,0.0,0.0,0.0
2022-01-13,0.05743086412172668,2.5863003459140128e-14,0.07972297999926838,1.6041017263204557e-12,0.06486407363100088,0.0,0.06593301774811988,0.0,0.07589240563813977,0.0,9.40618304211279e-12,0.05200760363335612,0.0,0.0,0.08710964730934585,0.07735079760464338,0.08171308221388503,1.0093524482093587e-13,1.3548208166424253e-12,0.0,0.0,0.01872108231961809,0.0,0.07787226033167995,4.053946416566599e-11,0.0,0.0,0.07950721349789093,0.0,0.0,0.017035978970534493,0.0,0.0,0.0,0.08323876603246018,7.218302585933574e-11,0.08160022682311599,0.0,0.0,0.0
2022-01-14,0.05724951726640373,2.6138112289840123e-14,0.0794392364193026,1.628043504867533e-12,0.06488878660769636,0.0,0.0660337460303996,0.0,0.07707353709118121,0.0,9.285304700183931e-12,0.052151422155665005,0.0,0.0,0.08777354037171028,0.07702531699969102,0.08170664734373612,9.700607047855304e-14,1.3788456435583555e-12,0.0,0.0,0.018719785924049905,0.0,0.07966031749170806,4.04112348575055e-11,0.0,0.0,0.0774732704559326,0.0,0.0,0.01729074314681953,0.0,0.0,0.0,0.08368835798033994,7.265941223685837e-11,0.0798257745898781,0.0,0.0,0.0
2022-01-17,0.05555039299771019,2.6056942999066326e-14,0.07976630208983874,1.6450808408408098e-12,0.0650881291755721,0.0,0.0658747414932856,0.0,0.0771947881381291,0.0,9.2077054513193e-12,0.05125200292475804,0.0,0.0,0.08790061673691212,0.07821170195113654,0.08226116384822472,9.959665515804786e-14,1.3818528345872208e-12,0.0,0.0,0.018601838207871563,0.0,0.08043203399520431,4.075647185519375e-11,0.0,0.0,0.07845288217184,0.0,0.0,0.017153990683270146,0.0,0.0,0.0,0.08340788616745545,7.378447466238159e-11,0.07885152929189018,0.0,0.0,0.0
2022-01-18,0.055410622692444365,2.6120657091084072e-14,0.07938423405750816,1.6263914239547974e-12,0.06508971547334719,0.0,0.0663851207401323,0.0,0.07587621507908614,0.0,9.174404088238847e-12,0.0522726658835269,0.0,0.0,0.08701918704960666,0.0777344089710683,0.08290734913316586,1.0177368304465134e-13,1.385484778216086e-12,0.0,0.0,0.018684528738231402,0.0,0.0797370667647116,4.051643258727132e-11,0.0,0.0,0.07983342337516075,0.0,0.0,0.016905006595772282,0.0,0.0,0.0,0.08332006572517207,7.331766343543214e-11,0.0794403895949178,0.0,0.0,0.0
2022-01-19,0.05666404329064332,2.6211793830610878e-14,0.07911667906439297,1.6495579115436699e-12,0.06521634050247004,0.0,0.0666962640680881,0.0,0.07612675084174043,0.0,9.324211099661986e-12,0.05187941076744907,0.0,0.0,0.08719695423496177,0.07866169228483086,0.0829052133513625,1.0152848259168482e-13,1.3847491982707217e-12,0.0,0.0,0.018575735745964984,0.0,0.07870336240391697,4.128184103245716e-11,0.0,0.0,0.0796245267695758,0.0,0.0,0.017007304183297507,0.0,0.0,0.0,0.0834116160360971,7.408727489546299e-11,0.07821410632735326,0.0,0.0,0.0
2022-01-20,0.05656561542738873,2.6415323773502104e-14,0.07858232110371106,1.6622129826567125e-12,0.06494226722820329,0.0,0.06749898478729764,0.0,0.07395758705945739,0.0,9.915023465704456e-12,0.0519742929231407,0.0,0.0,0.08623771283966293,0.07944034952676134,0.08235722229876476,1.0561439152295965e-13,1.3872198080983707e-12,0.0,0.0,0.018477868273762525,0.0,0.0807321065814335,4.142704363350004e-11,0.0,0.0,0.07964497933799616,0.0,0.0,0.01714661648198891,0.0,0.0,0.0,0.08353797831937729,7.487913642064954e-11,0.07890409768165123,0.0,0.0,0.0
2022-01-21,0.056994417459225385,2.626798408239668e-14,0.07875874936736234,1.6683774301065445e-12,0.06421301261652163,0.0,0.06698765392741252,0.0,0.07332797485501209,0.0,9.815159818798449e-12,0.05152397434492314,0.0,0.0,0.08658808018751295,0.07994265848467444,0.08241087926614682,1.0793190831115786e-13,1.3728402628652586e-12,0.0,0.0,0.01853696888704876,0.0,0.08103862917051405,4.2133876806786994e-11,0.0,0.0,0.07866547546121576,0.0,0.0,0.01727051255256358,0.0,0.0,0.0,0.08446485099641142,7.378971070418362e-11,0.07927616229454112,0.0,0.0,0.0
2022-01-24,0.05945722103121588,2.6731755148314704e-14,0.07816216209324514,1.6835400827883184e-12,0.06209117435311923,0.0,0.06708874120117177,0.0,0.07320304355253973,0.0,9.982050430463613e-12,0.05124323943746939,0.0,0.0,0.08760675808437819,0.07958482006296728,0.08265007575055278,1.1125023774218342e-13,1.34999449824352e-12,0.0,0.0,0.01858704905224341,0.0,0.07972871608944802,4.1995718498678615e-11,0.0,0.0,0.07816339985541161,0.0,0.0,0.017039522277464823,0.0,0.0,0.0,0.0852452021001389,7.469600934625354e-11,0.08014887492878865,0.0,0.0,0.0
2022-01-25,0.059965700925263564,2.6882868990301936e-14,0.07742550915856847,1.6982519064320165e-12,0.06402716183018176,0.0,0.06737904844898143,0.0,0.07180136311975212,0.0,9.984892135209397e-12,0.05131661163897221,0.0,0.0,0.08718040739106005,0.07888930376863618,0.08312201088707798,1.1149681293791245e-13,1.3418814289485098e-12,0.0,0.0,0.01879583575667686,0.0,0.08025118537159322,4.1935973655599276e-11,0.0,0.0,0.07859656679203604,0.0,0.0,0.016924212358049272,0.0,0.0,0.0,0.08459853887635166,7.381285526103957e-11,0.07972654354788718,0.0,0.0,0.0
2022-01-26,0.0599545674536324,2.7075279510881113e-14,0.07896327937989531,1.7009297926024751e-12,0.0645095560536394,0.0,0.06714894078143273,0.0,0.06914544835511734,0.0,9.86874350554009e-12,0.05172476667806095,0.0,0.0,0.08727163395565664,0.07891655348974008,0.08183924671775224,1.122638919108199e-13,1.3487489196404012e-12,0.0,0.0,0.018996594078025692,0.0,0.08283710983991115,4.157728305989071e-11,0.0,0.0,0.07974251329961274,0.0,0.0,0.01683355149697288,0.0,0.0,0.0,0.08360420580928961,7.349833693655566e-11,0.07851203248312773,0.0,0.0,0.0
2022-01-27,0.059138132645470146,2.742445842849161e-14,0.07898483795446307,1.6761039611939678e-12,0.06456839815248949,0.0,0.06825678880693044,0.0,0.06985949207553585,0.0,9.767019534691616e-12,0.05124781252995052,0.0,0.0,0.08690227773367284,0.07905686084807567,0.08215219040758646,1.1012985361928559e-13,1.3697408928398625e-12,0.0,0.0,0.019066896286014823,0.0,0.08192250784195919,4.1134438826901815e-11,0.0,0.0,0.07989246456596673,0.0,0.0,0.016915539763227273,0.0,0.0,0.0,0.08253712871365827,7.466413367604587e-11,0.07949867154625045,0.0,0.0,0.0
2022-01-28,0.05885716149496945,2.7673482467762352e-14,0.07991644813376701,1.7016424974837938e-12,0.06324454231362917,0.0,0.06821127091651062,0.0,0.06978073452876313,0.0,9.962752944621305e-12,0.05126285622912721,0.0,0.0,0.08507062940363852,0.07994427365716678,0.08202503381589644,1.0820363922590557e-13,1.3942426704412134e-12,0.0,0.0,0.019373233873265488,0.0,0.08291059669746119,4.106811880128529e-11,0.0,0.0,0.08022357025235505,0.0,0.0,0.016893336032636277,0.0,0.0,0.0,0.08210118521784922,7.582554459639268e-11,0.0801851273028765,0.0,0.0,0.0
2022-01-31,0.05822201557157276,2.786422708111483e-14,0.08027134608379217,1.711364995957318e-12,0.0628208531555708,0.0,0.06883155019479514,0.0,0.06827959256510464,0.0,1.0095251350308498e-11,0.051611995782000854,0.0,0.0,0.08548239161942249,0.0786454931130536,0.08194634598179051,1.0933808764776254e-13,1.4084247430765177e-12,0.0,0.0,0.019524395717299567,0.0,0.08314273052840977,4.1424365485232015e-11,0.0,0.0,0.0799086419200291,0.0,0.0,0.0170740993695823,0.0,0.0,0.0,0.0836791511679581,7.538094077899144e-11,0.08055939709946083,0.0,0.0,0.0
2022-02-01,2.6582902318373107e-12,5.98371701709453e-13,0.07999999999293582,2.9091736174675095e-12,0.07999999999494402,0.0,4.189676178948235e-13,0.0,0.07999999999311844,0.0,0.0,0.07999999948826349,0.0,0.0,0.07999999997553293,0.07999999999672536,0.07999999999683984,0.0,0.07999999998006267,0.0,0.0,0.07999999997227428,0.0,0.04000000057761824,0.07999999932655179,1.2518708638954677e-11,0.0,0.07999999999082802,0.0,0.0,0.020000000005898837,0.0,0.0,0.0,0.060000000684947645,4.355024558032879e-12,0.0,0.0,0.0,0.0
2022-02-02,2.6399367770407385e-12,6.000491155584177e-13,0.07895264486812369,2.917806121522172e-12,0.08042546681716131,0.0,4.200582417799121e-13,0.0,0.08201285163116318,0.0,0.0,0.08048986096701975,0.0,0.0,0.07969751562694373,0.07941285460763103,0.08052329166033101,0.0,0.08147559890943774,0.0,0.0,0.07989991164164287,0.0,0.04058855867311474,0.07931322609293433,1.2275996985318542e-11,0.0,0.07844213451428121,0.0,0.0,0.019966396038876275,0.0,0.0,0.0,0.058799687928192235,4.2930746167649685e-12,0.0,0.0,0.0,0.0
2022-02-03,2.640635712409071e-12,5.867364277696599e-13,0.07868255974780265,2.930833144222894e-12,0.08146412598687629,0.0,4.249747282192658e-13,0.0,0.08277494757336591,0.0,0.0,0.08105377778687997,0.0,0.0,0.07918893883284532,0.0794714802337794,0.08000797359360011,0.0,0.0808580350940808,0.0,0.0,0.07895341817206353,0.0,0.04120967407997764,0.079149166325114,1.2324619519919084e-11,0.0,0.07794436322452301,0.0,0.0,0.019955233940717906,0.0,0.0,0.0,0.05928630538514407,4.3215822438911e-12,0.0,0.0,0.0,0.0
2022-02-04,2.6140761974547874e-12,5.772848290718071e-13,0.0792214436356274,2.972718737750257e-12,0.08213358708077648,0.0,4.230749966169875e-13,0.0,0.08508725478308267,0.0,0.0,0.07922031110848833,0.0,0.0,0.07978789144594432,0.07882106017061997,0.07906846182323614,0.0,0.08209866555671973,0.0,0.0,0.07787691610566604,0.0,0.040705423477218984,0.08010174804572384,1.1872477284075891e-11,0.0,0.07655114269412325,0.0,0.0,0.019810864384039464,0.0,0.0,0.0,0.059515229666031476,4.242185545191947e-12,0.0,0.0,0.0,0.0
2022-02-07,2.5569361131524868e-12,5.661104564059214e-13,0.08031137291225683,2.9702571766573128e-12,0.08060874447215785,0.0,4.246877645611203e-13,0.0,0.084222901205856,0.0,0.0,0.07896991522147745,0.0,0.0,0.07897904394328936,0.0790445405796467,0.07940423395632305,0.0,0.08468436721209872,0.0,0.0,0.07806421907556456,0.0,0.041050474601679814,0.08009032991071376,1.1811301123029415e-11,0.0,0.07467415964910794,0.0,0.0,0.0201469342236424,0.0,0.0,0.0,0.0597487630135622,4.293940609155848e-12,0.0,0.0,0.0,0.0
2022-02-08,2.5719144634435407e-12,5.719185350323489e-13,0.08036508376783545,2.939413662817643e-12,0.08091029060804054,0.0,4.2961790248976e-13,0.0,0.08612122631658393,0.0,0.0,0.08106184459419569,0.0,0.0,0.07734932785811867,0.07956044561006688,0.080038512822554,0.0,0.08380266603441464,0.0,0.0,0.07825696179763202,0.0,0.04086389567845675,0.07859187566873553,1.1726871299927201e-11,0.0,0.0745659492583501,0.0,0.0,0.02023197700664687,0.0,0.0,0.0,0.058279942955797595,4.331384193052622e-12,0.0,0.0,0.0,0.0
2022-02-09,2.6261646017915218e-12,5.738766356853397e-13,0.07979769235903172,2.9559092775633863e-12,0.08117106400110288,0.0,4.33046649592821e-13,0.0,0.08675501937504507,0.0,0.0,0.08084927966210935,0.0,0.0,0.07841443379491114,0.07940440619997657,0.0798950733005881,0.0,0.0832613288862061,0.0,0.0,0.0768185770252938,0.0,0.04184910525622669,0.07910547811329198,1.187999566580669e-11,0.0,0.07420152361152857,0.0,0.0,0.020306497371111475,0.0,0.0,0.0,0.05817052102074158,4.365742580378077e-12,0.0,0.0,0.0,0.0
2022-02-10,2.6557275416967293e-12,5.801909128278074e-13,0.08023493071833383,2.940232633556607e-12,0.08108345455340338,0.0,4.237877375065785e-13,0.0,0.08691910934702964,0.0,0.0,0.08107875450831648,0.0,0.0,0.07818286115720405,0.07894424844752375,0.08012413272489564,0.0,0.08341909966280782,0.0,0.0,0.07584173594259196,0.0,0.04169418217521587,0.07952468669227976,1.1938596260058801e-11,0.0,0.0740834010440204,0.0,0.0,0.02004690709503937,0.0,0.0,0.0,0.05882249590842769,4.371520638301884e-12,0.0,0.0,0.0,0.0
2022-02-11,2.6965144724462183e-12,5.746275662258438e-13,0.07956908014033325,2.9746510938205637e-12,0.08208364718087763,0.0,4.281789423360668e-13,0.0,0.08554201363113814,0.0,0.0,0.08079170788306392,0.0,0.0,0.07784879826964064,0.07916179569798856,0.08022790625652522,0.0,0.08489433264418052,0.0,0.0,0.07568539416170625,0.0,0.04170899006213547,0.0795815306158461,1.2079984281675558e-11,0.0,0.07353854878201777,0.0,0.0,0.020592949378467767,0.0,0.0,0.0,0.058773305272908465,4.416024454528598e-12,0.0,0.0,0.0,0.0
2022-02-14,2.7215654581282478e-12,5.854925719595415e-13,0.0797222825474738,2.968708248373885e-12,0.08306577501663599,0.0,4.25860367130208e-13,0.0,0.0856241571742854,0.0,0.0,0.0800101868878023,0.0,0.0,0.0781145236023121,0.07855579509395122,0.08089324720625987,0.0,0.08367237879892418,0.0,0.0,0.07648468078957604,0.0,0.04050271792869548,0.08001204666229064,1.2315915228920026e-11,0.0,0.07379491068968869,0.0,0.0,0.020748592070449982,0.0,0.0,0.0,0.05879870550823105,4.4053861447013725e-12,0.0,0.0,0.0,0.0
2022-02-15,2.745686076022012e-12,5.87320680580572e-13,0.07942139537627124,2.998822555824764e-12,0.08265678111041756,0.0,4.2267103548412606e-13,0.0,0.08572141258031991,0.0,0.0,0.08081730065551813,0.0,0.0,0.07815832631341393,0.0789445277538504,0.0804107394416692,0.0,0.08376640114115054,0.0,0.0,0.07606950545616918,0.0,0.04085029574848953,0.08032528702143513,1.256139135906523e-11,0.0,0.07332858755868976,0.0,0.0,0.020785166281538262,0.0,0.0,0.0,0.05874427353732047,4.43055477382867e-12,0.0,0.0,0.0,0.0
2022-02-16,2.7285648075479982e-12,5.772557015415425e-13,0.0795699669399588,3.0229604967802e-12,0.08415851667772276,0.0,4.253332424255738e-13,0.0,0.08507949700505993,0.0,0.0,0.08163780907810332,0.0,0.0,0.07759908400532887,0.07920033713241079,0.0806458812026607,0.0,0.08385738557565267,0.0,0.0,0.07575121712753034,0.0,0.04020039947794997,0.08034295945313591,1.2497795673815156e-11,0.0,0.07244797750959882,0.0,0.0,0.02086365146855263,0.0,0.0,0.0,0.058645317322633755,4.448653806454195e-12,0.0,0.0,0.0,0.0
2022-02-17,2.703319420007034e-12,5.79240948234648e-13,0.07977144250578923,3.002923925165461e-12,0.0850718929523154,0.0,4.2902377432956505e-13,0.0,0.08466125289693253,0.0,0.0,0.08126162722113642,0.0,0.0,0.07739537992171096,0.0788054513927864,0.08080947588032679,0.0,0.08367078993035479,0.0,0.0,0.07636502096211592,0.0,0.040423989444544374,0.08080143966131927,1.239683946208829e-11,0.0,0.07210610368045739,0.0,0.0,0.020500777706534495,0.0,0.0,0.0,0.0583553558201529,4.411703899191862e-12,0.0,0.0,0.0,0.0
2022-02-18,2.6993700000330186e-12,5.905012871935078e-13,0.07964117193765434,2.977306526582226e-12,0.08750260804890993,0.0,4.2634896005806565e-13,0.0,0.08231194510978575,0.0,0.0,0.0812046684970569,0.0,0.0,0.07751293028921301,0.07936076330798134,0.08020550496719783,0.0,0.08402776206577876,0.0,0.0,0.07672323972280733,0.0,0.03959291809889182,0.08176671407185473,1.2585513207118343e-11,0.0,0.07143510206787555,0.0,0.0,0.020680590767778152,0.0,0.0,0.0,0.058034081023540345,4.395197817104206e-12,0.0,0.0,0.0,0.0
2022-02-21,2.6549592277598806e-12,5.78022740646178e-13,0.07966841819428787,2.9683988523301665e-12,0.08908987451823076,0.0,4.255285770768037e-13,0.0,0.08207804579015074,0.0,0.0,0.08106923713494274,0.0,0.0,0.07722961749926334,0.07890162282807682,0.08071447396667256,0.0,0.0843681454075503,0.0,0.0,0.07607380750038985,0.0,0.04049569880304196,0.08210419440682962,1.2583516175206241e-11,0.0,0.06987302488646056,0.0,0.0,0.020386978360327192,0.0,0.0,0.0,0.05794686068015381,4.411471885921579e-12,0.0,0.0,0.0,0.0
2022-02-22,2.6832112137486188e-12,5.743496075446782e-13,0.08172599200944718,2.994319886049125e-12,0.08895763879599114,0.0,4.302878218249693e-13,0.0,0.08097691011689653,0.0,0.0,0.08018468545845528,0.0,0.0,0.07744526260882713,0.08005229535113968,0.08069312456768392,0.0,0.08336270410274729,0.0,0.0,0.07652243592305866,0.0,0.04043502647667345,0.08117741490607752,1.2416239791652276e-11,0.0,0.07013970777330195,0.0,0.0,0.020318916200547068,0.0,0.0,0.0,0.05800788568571698,4.337976641629853e-12,0.0,0.0,0.0,0.0
2022-02-23,2.7309575192011893e-12,5.789502245336075e-13,0.08132152373234189,2.9640752894460314e-12,0.08730823589519839,0.0,4.356289331138756e-13,0.0,0.08157015786305698,0.0,0.0,0.07962537674984388,0.0,0.0,0.07746343667465426,0.08061226612650584,0.0820420340076289,0.0,0.08367750841091127,0.0,0.0,0.07692210616305258,0.0,0.039422876037983105,0.08204834299137678,1.2280640716825217e-11,0.0,0.0700110434898669,0.0,0.0,0.020213131712250063,0.0,0.0,0.0,0.05776196012203778,4.301271630639673e-12,0.0,0.0,0.0,0.0
2022-02-24,2.7290387999631977e-12,5.833105803826562e-13,0.08102958228300193,2.989193368459406e-12,0.08664479772438058,0.0,4.319916431143523e-13,0.0,0.08392423575276822,0.0,0.0,0.07870754096755343,0.0,0.0,0.07638286499854723,0.08060412070728784,0.0821096806510741,0.0,0.0841374363393515,0.0,0.0,0.07770533614837549,0.0,0.03879545474180663,0.0822439116327498,1.235758081917059e-11,0.0,0.06955850118122019,0.0,0.0,0.02002632125935509,0.0,0.0,0.0,0.058130215589107255,4.3297257066392185e-12,0.0,0.0,0.0,0.0
2022-02-25,2.7531746839065953e-12,5.839428022370283e-13,0.08150034822782068,2.9723218991097193e-12,0.08487656299429269,0.0,4.336719727733979e-13,0.0,0.08392463541094074,0.0,0.0,0.07834171441698677,0.0,0.0,0.0754274546721745,0.08079595792004352,0.08237377591143343,0.0,0.08559942646467458,0.0,0.0,0.07923947407689226,0.0,0.038783706833379575,0.08207261969750235,1.2015714194841662e-11,0.0,0.06913940389895971,0.0,0.0,0.02033977849084052,0.0,0.0,0.0,0.05758514096090888,4.391108167658146e-12,0.0,0.0,0.0,0.0
2022-02-28,2.765238660071697e-12,5.770273023355894e-13,0.0824829932127185,2.9446422883735164e-12,0.08629284684986144,0.0,4.336216079984055e-13,0.0,0.08354096341781478,0.0,0.0,0.07836657682033804,0.0,0.0,0.07506760691833347,0.08059748693177347,0.08266633007007598,0.0,0.08401191881402917,0.0,0.0,0.07915146921048358,0.0,0.0382445191834522,0.08206708569566808,1.1895835967219468e-11,0.0,0.06906880327443106,0.0,0.0,0.02030053252063193,0.0,0.0,0.0,0.05814086705726896,4.503184327264248e-12,0.0,0.0,0.0,0.0
2022-03-01,0.0,0.079999999998982,0.020000000529509208,0.07999999999593173,3.3273566733579392e-12,0.0,1.563162548928114e-12,0.0,0.0,0.0,0.039999999480276105,0.059999999997393194,0.0,0.0,0.07999999999973535,0.0799999999984096,0.0799999999987619,0.0,0.07999999999625493,0.0,6.591787013888794e-13,0.07999999999925003,0.0,0.07999999999897102,0.07999999999916874,2.592941151308591e-12,0.0,0.0799999999986888,0.0,0.0,2.919999792767964e-13,0.0,0.0,0.0,0.07999999999966659,5.662622778235403e-13,0.0,0.0,0.0,0.0
2022-03-02,0.0,0.08075961517288494,0.02017069748382365,0.07997952261333233,3.350078014593779e-12,0.0,1.5640079704691408e-12,0.0,0.0,0.0,0.040183269731734125,0.06048093101976035,0.0,0.0,0.08082115950748044,0.08053351709916325,0.07938396717883665,0.0,0.0800346678300491,0.0,6.550012739049191e-13,0.07924960431654333,0.0,0.07994224219523233,0.07913421999799787,2.5856920273244547e-12,0.0,0.08041287200514693,0.0,0.0,2.9137457328260524e-13,0.0,0.0,0.0,0.07891371383899669,5.718836207831555e-13,0.0,0.0,0.0,0.0
2022-03-03,0.0,0.08016045538783328,0.020044562749398875,0.08024544623961066,3.4391856572792673e-12,0.0,1.5559855697433633e-12,0.0,0.0,0.0,0.04019224396216587,0.06109200669656873,0.0,0.0,0.08081643172128039,0.0799872653571143,0.07907830996284432,0.0,0.07982464503436555,0.0,6.495305175657953e-13,0.0800908418251035,0.0,0.08054397684250308,0.07932795488483405,2.48528332236375e-12,0.0,0.07907271526524663,0.0,0.0,2.874798602787574e-13,0.0,0.0,0.0,0.07952314406214704,5.662616264665062e-13,0.0,0.0,0.0,0.0
2022-03-04,0.0,0.08127100378505349,0.02001543794751233,0.08008484594549808,3.461036670027795e-12,0.0,1.5455781641569818e-12,0.0,0.0,0.0,0.03900665940358685,0.0613297187665996,0.0,0.0,0.08173526392638025,0.07928178159697728,0.07888179681010507,0.0,0.07980180903725725,0.0,6.536333666496206e-13,0.0789166722743621,0.0,0.08159428564122818,0.07896549678277406,2.439070432468043e-12,0.0,0.07990467470043794,0.0,0.0,2.8614591150846304e-13,0.0,0.0,0.0,0.07921055337328926,5.528635157968137e-13,0.0,0.0,0.0,0.0
2022-03-07,0.0,0.08220838319110094,0.019982136463205315,0.08028039004416171,3.4819705953595494e-12,0.0,1.5689790574539853e-12,0.0,0.0,0.0,0.03885646359766431,0.06166871691695739,0.0,0.0,0.08083828450558564,0.079702167804001,0.07956124819239034,0.0,0.07962667680770884,0.0,6.624509717692898e-13,0.07910257215819758,0.0,0.0800886484489473,0.07899884197780081,2.5075463752750283e-12,0.0,0.07979543938439972,0.0,0.0,2.8526138204871596e-13,0.0,0.0,0.0,0.07929003049881159,5.615069919468815e-13,0.0,0.0,0.0,0.0
2022-03-08,0.0,0.08345080765962867,0.020113418701143273,0.07953137146204843,3.4614089646341632e-12,0.0,1.5666942547477268e-12,0.0,0.0,0.0,0.03866442575539413,0.06170683828221192,0.0,0.0,0.08263705033775559,0.08074699223193417,0.07919906608144393,0.0,0.07841325881296111,0.0,6.687451716697776e-13,0.07715625874952921,0.0,0.0780739870964976,0.08047687260060822,2.430267039608694e-12,0.0,0.07969585935039834,0.0,0.0,2.900702754899414e-13,0.0,0.0,0.0,0.08013379286946186,5.665487672372894e-13,0.0,0.0,0.0,0.0
2022-03-09,0.0,0.0848514922820497,0.020307806558505743,0.07881012558047082,3.4786316488491626e-12,0.0,1.5719112740762814e-12,0.0,0.0,0.0,0.03913205154407955,0.0619729326729544,0.0,0.0,0.08477600264698866,0.08046507616642103,0.0791092530790926,0.0,0.07817442327103807,0.0,6.684789744741499e-13,0.07581036453345147,0.0,0.07620532386589493,0.079680997832023,2.4443892512035363e-12,0.0,0.08042698073537856,0.0,0.0,2.8670295720302154e-13,0.0,0.0,0.0,0.0802771692226391,5.624036513939083e-13,0.0,0.0,0.0,0.0
2022-03-10,0.0,0.085035606146597,0.020237361340497854,0.07819079810012951,3.5482684442097564e-12,0.0,1.5724079269506692e-12,0.0,0.0,0.0,0.03897760780152815,0.06189035668014961,0.0,0.0,0.08444871549494239,0.07915072342696224,0.07980271759221182,0.0,0.07825494187355522,0.0,6.728701684512597e-13,0.0762717514380573,0.0,0.07786157604343474,0.07968443226646538,2.3805773551320434e-12,0.0,0.08055689574498354,0.0,0.0,2.8276794519021645e-13,0.0,0.0,0.0,0.07963651604147272,5.557722047915271e-13,0.0,0.0,0.0,0.0
2022-03-11,0.0,0.0863444078697655,0.02056208479153762,0.0775705515725584,3.5558146674006124e-12,0.0,1.5789888946384581e-12,0.0,0.0,0.0,0.038142806165406766,0.06175506087595634,0.0,0.0,0.08538450555056049,0.07864874355370036,0.07999904950471087,0.0,0.07707328942857088,0.0,6.853351021556976e-13,0.07636490453489943,0.0,0.07763976288497018,0.08027473091598139,2.3732371288381347e-12,0.0,0.08005757265915768,0.0,0.0,2.83616325595227e-13,0.0,0.0,0.0,0.08018252968319342,5.538587190338052e-13,0.0,0.0,0.0,0.0
2022-03-14,0.0,0.08695528814204638,0.020158426521797935,0.07729717751200016,3.452455003305795e-12,0.0,1.584067842052411e-12,0.0,0.0,0.0,0.03701594722401185,0.06290064190173335,0.0,0.0,0.08500870544479937,0.07824409694792966,0.08062391993533764,0.0,0.07688922809684434,0.0,6.670484789721639e-13,0.07888945584269226,0.0,0.07910891499911057,0.08072175135705964,2.349015796293392e-12,0.0,0.07751543114891667,0.0,0.0,2.813320860266252e-13,0.0,0.0,0.0,0.07867101491683486,5.515241146507862e-13,0.0,0.0,0.0,0.0
2022-03-15,0.0,0.08641954931769957,0.02018857299487828,0.07801020582556856,3.428822051481892e-12,0.0,1.5780584899131948e-12,0.0,0.0,0.0,0.03741870976282013,0.0623083587811102,0.0,0.0,0.08641328613616894,0.07881771577831977,0.08104376154928788,0.0,0.07757901551498317,0.0,6.618149526687848e-13,0.0787780796422608,0.0,0.07874744072058709,0.0803068809226361,2.3421001989909063e-12,0.0,0.07582474496653618,0.0,0.0,2.813224553253577e-13,0.0,0.0,0.0,0.07814367807830228,5.490609883702037e-13,0.0,0.0,0.0,0.0
2022-03-16,0.0,0.08635536552078307,0.02003820431497878,0.07723320248016317,3.4233143344804563e-12,0.0,1.579125418524572e-12,0.0,0.0,0.0,0.03795518393445077,0.06221314467416256,0.0,0.0,0.08669541036518986,0.07895573303210571,0.08141773263514675,0.0,0.07852623706264932,0.0,6.61166007626996e-13,0.07837976515724737,0.0,0.07860701828046777,0.08027576403377173,2.274823350493747e-12,0.0,0.07627845905350228,0.0,0.0,2.809123771756837e-13,0.0,0.0,0.0,0.07706877944660152,5.600984385372642e-13,0.0,0.0,0.0,0.0
2022-03-17,0.0,0.08689111187387064,0.020257169288704045,0.07682362237781706,3.4534801730030867e-12,0.0,1.5992909313215718e-12,0.0,0.0,0.0,0.03782265809788605,0.06213342240143323,0.0,0.0,0.08530453881886668,0.07907184783501273,0.0809006542147443,0.0,0.07967403795710128,0.0,6.599291648545567e-13,0.07829692897224244,0.0,0.07912600873438505,0.08027878196161568,2.3321012343137084e-12,0.0,0.07660287884356755,0.0,0.0,2.7903771394011355e-13,0.0,0.0,0.0,0.07681633861387058,5.58982900227316e-13,0.0,0.0,0.0,0.0
2022-03-18,0.0,0.08593606728215271,0.020227535998789098,0.07671418841774687,3.441417592466388e-12,0.0,1.6117065296813073e-12,0.0,0.0,0.0,0.03775583450401411,0.06176842580875803,0.0,0.0,0.08460595590374184,0.08039347636206366,0.0813138985009394,0.0,0.07848949885995087,0.0,6.565385097301974e-13,0.07930532251517827,0.0,0.079276006415539,0.08024097650897494,2.3612159710650804e-12,0.0,0.07725719275360705,0.0,0.0,2.8028504187640555e-13,0.0,0.0,0.0,0.07671562015963092,5.62097009565506e-13,0.0,0.0,0.0,0.0
2022-03-21,0.0,0.08591125008227092,0.020190488062439987,0.0771849954922394,3.4038423925252696e-12,0.0,1.634439591314646e-12,0.0,0.0,0.0,0.03821220334374716,0.061721800139529014,0.0,0.0,0.08493553267004234,0.08045552221422711,0.08129533397560487,0.0,0.0787115808107874,0.0,6.474409388557803e-13,0.08006059900493318,0.0,0.07987571120362504,0.07969016392093077,2.300725540239301e-12,0.0,0.07576229788952663,0.0,0.0,2.824308770442125e-13,0.0,0.0,0.0,0.07599252118127627,5.511516506938702e-13,0.0,0.0,0.0,0.0
2022-03-22,0.0,0.08746524772102787,0.020053928916367172,0.07684252767051258,3.4618566064772875e-12,0.0,1.641014343786118e-12,0.0,0.0,0.0,0.038837767995792506,0.06159125091466326,0.0,0.0,0.08556396967804426,0.08037824374882123,0.08185027417136434,0.0,0.07801476528527625,0.0,6.456765003557791e-13,0.0788564721386501,0.0,0.07874048268554511,0.08002632977895606,2.251791049458199e-12,0.0,0.07615738390865567,0.0,0.0,2.840849464919964e-13,0.0,0.0,0.0,0.0756213553774805,5.587225651448929e-13,0.0,0.0,0.0,0.0
2022-03-23,0.0,0.08698724174740735,0.02020084765258034,0.07579244512069672,3.4877653044051587e-12,0.0,1.6194583971841899e-12,0.0,0.0,0.0,0.04036992174336674,0.061698541545144196,0.0,0.0,0.08500401807749136,0.08024967620635386,0.08144809813158074,0.0,0.07896019010772608,0.0,6.373091387683669e-13,0.07894916412521227,0.0,0.07735536246047141,0.08145773046947234,2.2259141653751757e-12,0.0,0.07618562976994148,0.0,0.0,2.9052472756173247e-13,0.0,0.0,0.0,0.07534113283373053,5.636533476790521e-13,0.0,0.0,0.0,0.0
2022-03-24,0.0,0.08750588585818084,0.020302408860022603,0.07512854323979692,3.491536601042374e-12,0.0,1.634717187585512e-12,0.0,0.0,0.0,0.0398900503636411,0.06098565750864562,0.0,0.0,0.08621060670274727,0.08097594536737299,0.08121748557382,0.0,0.07968794237669537,0.0,6.538602470908171e-13,0.07833064075550701,0.0,0.07800075202169415,0.0817812864402973,2.2480852486940212e-12,0.0,0.07487678930132065,0.0,0.0,2.9332988088367784e-13,0.0,0.0,0.0,0.07510600562137638,5.602805170852746e-13,0.0,0.0,0.0,0.0
2022-03-25,0.0,0.08617993541291151,0.020270368477731022,0.07618443856088564,3.5266265960221514e-12,0.0,1.6211826294100226e-12,0.0,0.0,0.0,0.0391611892352353,0.0609809895441336,0.0,0.0,0.08571508662964406,0.08028977172296665,0.08086912474306865,0.0,0.08032257410738033,0.0,6.486042262159026e-13,0.07811110402178967,0.0,0.07819528998660794,0.08234460621440608,2.227170355786504e-12,0.0,0.0756244003722773,0.0,0.0,2.938168954147801e-13,0.0,0.0,0.0,0.0757511209620938,5.511214763333338e-13,0.0,0.0,0.0,0.0
2022-03-28,0.0,0.08459648726747672,0.020428144000152342,0.07658220645084553,3.5136136856778614e-12,0.0,1.6160824762423477e-12,0.0,0.0,0.0,0.03851280172384202,0.06180452768880611,0.0,0.0,0.08538219080873194,0.08025466919710895,0.08074781053363916,0.0,0.0798876371462366,0.0,6.441206898515245e-13,0.07731176123595106,0.0,0.0799707371567066,0.08304328425649639,2.242438741569813e-12,0.0,0.07522754926349069,0.0,0.0,2.9613747821983567e-13,0.0,0.0,0.0,0.07625019326165502,5.485896270210732e-13,0.0,0.0,0.0,0.0
2022-03-29,0.0,0.08464701130740317,0.020261645339871848,0.07578457725325609,3.54446219258723e-12,0.0,1.599427101405096e-12,0.0,0.0,0.0,0.038062154695646354,0.0627842157750932,0.0,0.0,0.08542201203749193,0.08022281407854333,0.08083771306663637,0.0,0.07914035940276852,0.0,6.451428846131917e-13,0.07797695086813046,0.0,0.08051437932164607,0.08326024645979366,2.225590363585934e-12,0.0,0.07472964247827965,0.0,0.0,2.9159846509014086e-13,0.0,0.0,0.0,0.07635627790659333,5.400110755195591e-13,0.0,0.0,0.0,0.0
2022-03-30,0.0,0.08505523019113673,0.020267967712546,0.07596190524973682,3.490763844701266e-12,0.0,1.6171723811164461e-12,0.0,0.0,0.0,0.03688210488502566,0.0620870057795723,0.0,0.0,0.08482200918859494,0.0798359796309094,0.08123175169774127,0.0,0.0791754849959232,0.0,6.377980953197757e-13,0.07957817315230385,0.0,0.08140125929554279,0.08353164719593377,2.201232414617781e-12,0.0,0.07388301798101628,0.0,0.0,2.8771529319345136e-13,0.0,0.0,0.0,0.07628646303524095,5.416562100327985e-13,0.0,0.0,0.0,0.0
2022-03-31,0.0,0.08488558341997307,0.020586094871900128,0.07497036949466243,3.4319195554908596e-12,0.0,1.6404091087362012e-12,0.0,0.0,0.0,0.035972147786789734,0.06285297013386812,0.0,0.0,0.08480679782074811,0.07956764316835309,0.082588000764232,0.0,0.07893267960199665,0.0,6.310447802121627e-13,0.08081161350688708,0.0,0.07930303069590748,0.08331702363648724,2.2287408878928843e-12,0.0,0.07508866759967457,0.0,0.0,2.7943656508489156e-13,0.0,0.0,0.0,0.07631737748977781,5.31170772322321e-13,0.0,0.0,0.0,0.0
2022-04-01,3.339918568060185e-13,0.0799999999964939,0.07999999999151412,0.07999999999204889,0.07999999990993689,5.052815282588578e-12,1.9350925715851842e-12,0.0,0.0,0.0,0.07999999999305508,0.05999999989445705,0.0,0.0,0.07999999998169126,0.07999999999156683,0.07999999999355277,0.0,0.06000000013909874,0.0,0.0,0.07999999999206181,0.0,1.3504322251636175e-11,0.06000000008677367,0.0,0.0,0.02000000002298645,0.0,0.0,0.0,0.0,0.0,0.0,0.07999999999393637,0.0,0.0,0.0,0.0,0.0
2022-04-04,3.3253935926076314e-13,0.07967857589089705,0.0800502638555895,0.07913407092263876,0.08091742104973831,4.9499570768503715e-12,1.9448396490362383e-12,0.0,0.0,0.0,0.07844038739250801,0.06120824430533308,0.0,0.0,0.08023894699250896,0.0797853818045766,0.08010593700485329,0.0,0.05945246611795054,0.0,0.0,0.08065388107590131,0.0,1.3715154690257486e-11,0.060252625173372876,0.0,0.0,0.02006671437979352,0.0,0.0,0.0,0.0,0.0,0.0,0.08001508401339569,0.0,0.0,0.0,0.0,0.0
2022-04-05,3.2991235111111566e-13,0.08033913470219768,0.07915358483162106,0.07891421584695729,0.08043359740800393,4.927242591401473e-12,1.951685600470917e-12,0.0,0.0,0.0,0.07899205617191714,0.06237573717676717,0.0,0.0,0.07957625250433267,0.0789586035560419,0.08105271312308795,0.0,0.059765055776638085,0.0,0.0,0.08161736141819312,0.0,1.3964278454220399e-11,0.05953923422369096,0.0,0.0,0.019752956304200594,0.0,0.0,0.0,0.0,0.0,0.0,0.07952949693517736,0.0,0.0,0.0,0.0,0.0
2022-04-06,3.29735213919072e-13,0.07925244076479267,0.08055327114608873,0.07883232742940584,0.08076401025929832,4.989414585485341e-12,1.9430253917071232e-12,0.0,0.0,0.0,0.0791183520127762,0.060134074565005774,0.0,0.0,0.08115485381724662,0.08004983353082933,0.07975698489083967,0.0,0.059180754799892966,0.0,0.0,0.08141086949972505,0.0,1.4053327371573766e-11,0.05920016477896195,0.0,0.0,0.020363773466645883,0.0,0.0,0.0,0.0,0.0,0.0,0.08022828901717556,0.0,0.0,0.0,0.0,0.0
2022-04-07,3.28238819171429e-13,0.07873182069306064,0.08004497300600166,0.0786455196893716,0.08152698728229363,4.982541274093044e-12,1.939595071898504e-12,0.0,0.0,0.0,0.07952667398138705,0.059714533438740905,0.0,0.0,0.08092708935692228,0.07895567657062204,0.08072326341671479,0.0,0.05907352869414727,0.0,0.0,0.08149611234402993,0.0,1.4379533782356954e-11,0.05998625332449193,0.0,0.0,0.020383849801133908,0.0,0.0,0.0,0.0,0.0,0.0,0.08026371837945255,0.0,0.0,0.0,0.0,0.0
2022-04-08,3.2626868592463057e-13,0.07831088783512817,0.08085616378381898,0.0776651088809305,0.0825208326542962,4.865236911166557e-12,1.919754908396184e-12,0.0,0.0,0.0,0.08027427143182236,0.05925354116485926,0.0,0.0,0.0795742985270126,0.07911460066220033,0.08076029685520703,0.0,0.058043240151075357,0.0,0.0,0.0823416344875908,0.0,1.4223424696370327e-11,0.06005521549602294,0.0,0.0,0.020223325792795177,0.0,0.0,0.0,0.0,0.0,0.0,0.08100658225590565,0.0,0.0,0.0,0.0,0.0
2022-04-11,3.2229648564368124e-13,0.07745575429808693,0.08123251536239658,0.07866030073955316,0.08164368109416187,4.84743957174869e-12,1.910479848195034e-12,0.0,0.0,0.0,0.07899601927528477,0.05872243258376078,0.0,0.0,0.08032572792742428,0.08000204289371296,0.08098594993831901,0.0,0.05807927594197005,0.0,0.0,0.08263840213792638,0.0,1.4218682917528094e-11,0.05985971173259164,0.0,0.0,0.02027795487275433,0.0,0.0,0.0,0.0,0.0,0.0,0.08112023118075844,0.0,0.0,0.0,0.0,0.0
2022-04-12,3.183652607126686e-13,0.07910302169709796,0.08186226947891301,0.07781395787270563,0.08159522386482759,4.86697588078548e-12,1.9109943805186928e-12,0.0,0.0,0.0,0.07915901496412027,0.058471347529696974,0.0,0.0,0.08076532848823212,0.08032966700644949,0.08089910153414455,0.0,0.057594319944364786,0.0,0.0,0.08224164036226105,0.0,1.4282333290646233e-11,0.05995267210599776,0.0,0.0,0.0202207275970521,0.0,0.0,0.0,0.0,0.0,0.0,0.07999170753275818,0.0,0.0,0.0,0.0,0.0
2022-04-13,3.224662798517502e-13,0.07973080068382772,0.08203781269066893,0.07740326680379217,0.07973896571729312,4.844118265080642e-12,1.931225481818057e-12,0.0,0.0,0.0,0.0771461357504534,0.059331370376007025,0.0,0.0,0.08137389406542112,0.08070277525321931,0.08223734142019895,0.0,0.057770789243444094,0.0,0.0,0.08289011951093851,0.0,1.41056962807117e-11,0.059616782390361535,0.0,0.0,0.020408362805236606,0.0,0.0,0.0,0.0,0.0,0.0,0.07961158326793416,0.0,0.0,0.0,0.0,0.0
2022-04-14,3.176408709893813e-13,0.0797604421045137,0.08208578143421727,0.07730521576221419,0.0783295208699597,4.89395910745598e-12,1.9252466753083233e-12,0.0,0.0,0.0,0.07781709135139984,0.0597455294020412,0.0,0.0,0.08056292385166641,0.08025409156458227,0.0833008764338855,0.0,0.05861924377035854,0.0,0.0,0.08379463546147399,0.0,1.4524694215200616e-11,0.05895433836107619,0.0,0.0,0.020549139804925624,0.0,0.0,0.0,0.0,0.0,0.0,0.07892116980602423,0.0,0.0,0.0,0.0,0.0
2022-04-15,3.227500916399003e-13,0.07999768757470248,0.08234817385504029,0.07780526588254989,0.07691567973236071,4.85520974390364e-12,1.891872530162232e-12,0.0,0.0,0.0,0.07704817099525056,0.060238481302556525,0.0,0.0,0.08003671333995081,0.08055023938649762,0.08383514105814123,0.0,0.05983912892766125,0.0,0.0,0.08317708926650244,0.0,1.4393556255954121e-11,0.05879840559081867,0.0,0.0,0.02055100331472895,0.0,0.0,0.0,0.0,0.0,0.0,0.07885881975177543,0.0,0.0,0.0,0.0,0.0
2022-04-18,3.234245797454238e-13,0.08132009958133564,0.08196003578271158,0.07728958688249583,0.07758428823203789,4.801588117324508e-12,1.8898398736123297e-12,0.0,0.0,0.0,0.07671274959484753,0.0607619880519166,0.0,0.0,0.08075907887766638,0.07980661036987345,0.08379947480167219,0.0,0.059049206831289995,0.0,0.0,0.08286085957888203,0.0,1.4182599857273137e-11,0.05848735972851111,0.0,0.0,0.020311050831601403,0.0,0.0,0.0,0.0,0.0,0.0,0.0792976108339612,0.0,0.0,0.0,0.0,0.0
2022-04-19,3.2068899584984963e-13,0.07983868115594173,0.08187567512646697,0.07719333360585273,0.07882740990060136,4.7659487635060604e-12,1.883387935070824e-12,0.0,0.0,0.0,0.07635957944651335,0.06081090600051367,0.0,0.0,0.08099857792463622,0.08025935521982154,0.08481371222479807,0.0,0.05878979756281336,0.0,0.0,0.0822962538787605,0.0,1.3934490199637092e-11,0.05847519690550395,0.0,0.0,0.020519658786689734,0.0,0.0,0.0,0.0,0.0,0.0,0.07894186224018261,0.0,0.0,0.0,0.0,0.0
2022-04-20,3.193306302469513e-13,0.07947695082297628,0.08143672691035603,0.07724777623596096,0.0801805935749013,4.851736096305563e-12,1.8691706436270425e-12,0.0,0.0,0.0,0.07567813482969173,0.061007448762694975,0.0,0.0,0.08009551977654716,0.08072508496644906,0.08524186527736767,0.0,0.058167768205936096,0.0,0.0,0.08297389944280181,0.0,1.3944586711394979e-11,0.058663204787179714,0.0,0.0,0.020509223114211512,0.0,0.0,0.0,0.0,0.0,0.0,0.07859580327194118,0.0,0.0,0.0,0.0,0.0
2022-04-21,3.168457977635835e-13,0.08089366171772491,0.08093252250868087,0.0771453109612982,0.07942073530616785,4.805119696060819e-12,1.879386186411397e-12,0.0,0.0,0.0,0.0741601931033258,0.06085270091168529,0.0,0.0,0.08078769353921325,0.08086466296468223,0.0849943202145623,0.0,0.058200635254520794,0.0,0.0,0.08310227504798365,0.0,1.4050561858626113e-11,0.05873479966883814,0.0,0.0,0.020394845444482935,0.0,0.0,0.0,0.0,0.0,0.0,0.0795156433357822,0.0,0.0,0.0,0.0,0.0
2022-04-22,3.095277278979369e-13,0.07968492813214512,0.08096129001520329,0.07813314961177055,0.0811423442668272,4.821014069726854e-12,1.9143997206597173e-12,0.0,0.0,0.0,0.07339014047369105,0.0600778633385622,0.0,0.0,0.07995308631033993,0.07980396860599258,0.08483927459398093,0.0,0.05953683060740557,0.0,0.0,0.08265267514996437,0.0,1.4042604201312209e-11,0.05922558218732063,0.0,0.0,0.020357651805351214,0.0,0.0,0.0,0.0,0.0,0.0,0.08024121488035814,0.0,0.0,0.0,0.0,0.0
2022-04-25,3.069369705601887e-13,0.08011600446379497,0.08111308465263291,0.07816275508561807,0.0800874690950215,4.874405973845975e-12,1.8942634469852126e-12,0.0,0.0,0.0,0.07363595927196383,0.06034400473844547,0.0,0.0,0.08044767686416092,0.07947241918197095,0.08487409958590739,0.0,0.06045687107372591,0.0,0.0,0.08134020439695124,0.0,1.3942005516186876e-11,0.05938097536713188,0.0,0.0,0.01992031922795886,0.0,0.0,0.0,0.0,0.0,0.0,0.08064815697369884,0.0,0.0,0.0,0.0,0.0
2022-04-26,3.0779056619739784e-13,0.08134185090065962,0.08137173853229697,0.07907046469420835,0.07975264312161044,4.838344449451235e-12,1.897457590239587e-12,0.0,0.0,0.0,0.07184886521167021,0.06024227778170538,0.0,0.0,0.08049972090778118,0.07928332735822269,0.08458525507746505,0.0,0.06161493635054798,0.0,0.0,0.08210101617322735,0.0,1.400482619068964e-11,0.05882449127076349,0.0,0.0,0.019609431199201433,0.0,0.0,0.0,0.0,0.0,0.0,0.07985398139959192,0.0,0.0,0.0,0.0,0.0
2022-04-27,3.055439222467843e-13,0.0816151713467481,0.0808335477670996,0.07872546308530204,0.07890857352800743,4.892247002808342e-12,1.9003197756179023e-12,0.0,0.0,0.0,0.07218026155956707,0.061221061978464573,0.0,0.0,0.08007042944473212,0.0785267336002448,0.08645220171108933,0.0,0.061305980078824145,0.0,0.0,0.08173458252598459,0.0,1.3815528934829987e-11,0.05866549803308944,0.0,0.0,0.01963007033972702,0.0,0.0,0.0,0.0,0.0,0.0,0.0801304249802066,0.0,0.0,0.0,0.0,0.0
2022-04-28,3.0565781035193976e-13,0.08174047992367149,0.08022196389201436,0.07919279195020133,0.08115438830252332,4.860568400258227e-12,1.928880718303616e-12,0.0,0.0,0.0,0.07180597317901484,0.06024402575767756,0.0,0.0,0.08038952142420434,0.07829671781223609,0.08620607155479604,0.0,0.060444133021284256,0.0,0.0,0.08148143938256426,0.0,1.3666271281952998e-11,0.05932493429957268,0.0,0.0,0.019357370335183803,0.0,0.0,0.0,0.0,0.0,0.0,0.08014018914429476,0.0,0.0,0.0,0.0,0.0
2022-04-29,3.078830898640408e-13,0.07988905867550936,0.0807195843735252,0.07905932885652876,0.0814022373015172,4.954331859551151e-12,1.934158664066108e-12,0.0,0.0,0.0,0.07131491635946344,0.060326062990134724,0.0,0.0,0.08182553974190748,0.07799302447043875,0.0865681366119071,0.0,0.060448649578222415,0.0,0.0,0.08132163120720234,0.0,1.3617782897228926e-11,0.05985990273516731,0.0,0.0,0.019105334719284925,0.0,0.0,0.0,0.0,0.0,0.0,0.08016659235837734,0.0,0.0,0.0,0.0,0.0
2022-05-02,4.178806405887145e-12,0.07999999999841347,0.07999999999895331,0.07999999999514901,0.0399999999925189,0.0,0.05999999999596541,0.0,0.0,0.0,0.07999999999868773,3.254158741931251e-13,0.0,0.07999999999721125,0.07999999999843986,0.07999999999916352,0.07999999999861408,0.0,1.078877199209923e-11,0.0,0.0,0.07999999999613475,0.0,4.55989321274543e-12,0.07999999999911278,0.0,0.0,0.020000000013916185,0.0,0.0,0.0,0.0,0.0,0.0,0.07999999999786672,0.0,0.0,0.0,0.0,0.0
2022-05-03,4.18955408037628e-12,0.08143752466050361,0.07920539288972521,0.07969680409889833,0.04013026413275675,0.0,0.059060940327822345,0.0,0.0,0.0,0.0814839145228627,3.221063225921149e-13,0.0,0.07977446806637872,0.0796431181500283,0.08036282633934333,0.0803250127370199,0.0,1.0755071649922286e-11,0.0,0.0,0.08007741190915502,0.0,4.505288207148977e-12,0.07944546269640855,0.0,0.0,0.02022473652668862,0.0,0.0,0.0,0.0,0.0,0.0,0.07913212292263652,0.0,0.0,0.0,0.0,0.0
2022-05-04,4.138901297406867e-12,0.0814648019183191,0.07896419128279307,0.07977962033400943,0.039712970273975065,0.0,0.05898796330011112,0.0,0.0,0.0,0.08048828034441181,3.2450771650741384e-13,0.0,0.08126494939672388,0.07870593326675013,0.08054138088763214,0.07999394400760974,0.0,1.0799012298303857e-11,0.0,0.0,0.08043356419491822,0.0,4.5022588160944224e-12,0.07979233780518137,0.0,0.0,0.020188425885985302,0.0,0.0,0.0,0.0,0.0,0.0,0.07968163708181482,0.0,0.0,0.0,0.0,0.0
2022-05-05,4.2241498469428784e-12,0.08159424482458927,0.07920346287292553,0.07980708172312001,0.0399968282648979,0.0,0.05971793827566371,0.0,0.0,0.0,0.08042133804625612,3.194344566698604e-13,0.0,0.08145910700557293,0.07895238379419516,0.0806236965208857,0.07965798326268313,0.0,1.0730624706911616e-11,0.0,0.0,0.07849225693579628,0.0,4.44824210960804e-12,0.08025429398915351,0.0,0.0,0.02029501920319365,0.0,0.0,0.0,0.0,0.0,0.0,0.07952436526134456,0.0,0.0,0.0,0.0,0.0
2022-05-06,4.257710429326861e-12,0.08158079183767424,0.08010826048461812,0.08133898453330377,0.04037749150844554,0.0,0.05891351771480949,0.0,0.0,0.0,0.07969844790702023,3.207627121622887e-13,0.0,0.082201434627024,0.07842158336662958,0.07944682396325453,0.0793238130745931,0.0,1.0731287169244248e-11,0.0,0.0,0.07733630924625672,0.0,4.439142811730412e-12,0.0805759839497427,0.0,0.0,0.020596249567677912,0.0,0.0,0.0,0.0,0.0,0.0,0.08008030819920105,0.0,0.0,0.0,0.0,0.0
2022-05-09,4.183880467045922e-12,0.08256551559832184,0.08037020208422241,0.08067909476947102,0.039682079256878534,0.0,0.05874284387237314,0.0,0.0,0.0,0.07754146567021501,3.1743038437863387e-13,0.0,0.08410028864956429,0.0790698824196533,0.07938067077408659,0.07966071384838051,0.0,1.0458682109094045e-11,0.0,0.0,0.07758329198436445,0.0,4.525239768452206e-12,0.08060213059841032,0.0,0.0,0.020652748826247496,0.0,0.0,0.0,0.0,0.0,0.0,0.07936907162832581,0.0,0.0,0.0,0.0,0.0
2022-05-10,4.112380945240073e-12,0.08400183824933827,0.07991468677583471,0.08093251115628254,0.03979809647489414,0.0,0.05819829202274633,0.0,0.0,0.0,0.07781932159062277,3.159593074722075e-13,0.0,0.08347072069736385,0.07792923737137897,0.08002786734714525,0.07994384493459111,0.0,1.042079333152703e-11,0.0,0.0,0.07688975673981309,0.0,4.4644810427981174e-12,0.08057910278411685,0.0,0.0,0.020619976657838157,0.0,0.0,0.0,0.0,0.0,0.0,0.07987474717872042,0.0,0.0,0.0,0.0,0.0
2022-05-11,4.128020488788364e-12,0.08303444789923499,0.08006366823802646,0.08097532795345325,0.03980591769905515,0.0,0.058002383107884053,0.0,0.0,0.0,0.07884552372055363,3.200490731614041e-13,0.0,0.08350440545443334,0.07722905295063266,0.08041293941645054,0.07990425908466599,0.0,1.0307264070954062e-11,0.0,0.0,0.07769179964409396,0.0,4.429948127574221e-12,0.08010265356084408,0.0,0.0,0.020816165293794372,0.0,0.0,0.0,0.0,0.0,0.0,0.07961145595769231,0.0,0.0,0.0,0.0,0.0
2022-05-12,3.982889203331992e-12,0.08308391061421615,0.07999111966639534,0.08114301806161657,0.03886137630375233,0.0,0.05802828223395138,0.0,0.0,0.0,0.07953294141887308,3.134195206211434e-13,0.0,0.08511821907051198,0.07620651316439961,0.08057233472994631,0.07991160404064752,0.0,1.0397561559977649e-11,0.0,0.0,0.07702778742360103,0.0,4.421519116039862e-12,0.07927248054720695,0.0,0.0,0.020580832934362733,0.0,0.0,0.0,0.0,0.0,0.0,0.08066957977140374,0.0,0.0,0.0,0.0,0.0
2022-05-13,3.937666016401389e-12,0.08141926396879501,0.08039134058414481,0.08084624490665665,0.03926294375035447,0.0,0.05736944687245881,0.0,0.0,0.0,0.07717475184285877,3.057193901616539e-13,0.0,0.08688769194201214,0.07762126208982266,0.08143916730002469,0.08010710142231922,0.0,1.0482935039323105e-11,0.0,0.0,0.07720534653158899,0.0,4.428635761197822e-12,0.07850116092544164,0.0,0.0,0.020543471739865503,0.0,0.0,0.0,0.0,0.0,0.0,0.08123080610450184,0.0,0.0,0.0,0.0,0.0
2022-05-16,3.9325525222723046e-12,0.08016166453680962,0.07949431478677374,0.08035390309054354,0.039213820131516766,0.0,0.05750432922530237,0.0,0.0,0.0,0.07693937810208361,3.0585795364140117e-13,0.0,0.08607185821612516,0.07713217423530756,0.08175804721928706,0.08020524796884915,0.0,1.0441066649923079e-11,0.0,0.0,0.07784383075088412,0.0,4.458759999368312e-12,0.07912639041098296,0.0,0.0,0.020521732277977035,0.0,0.0,0.0,0.0,0.0,0.0,0.08367330902841921,0.0,0.0,0.0,0.0,0.0
2022-05-17,4.015488620832741e-12,0.08025960982313564,0.07956270758420807,0.07978896707829748,0.03936848128944283,0.0,0.057228617358597945,0.0,0.0,0.0,0.07647782092327145,3.0962543519593784e-13,0.0,0.08641909690857381,0.07743178706336439,0.08193224360951547,0.08052910526802048,0.0,1.0391241445784442e-11,0.0,0.0,0.07821164258085293,0.0,4.4835894440353876e-12,0.07864464788692463,0.0,0.0,0.020403343041115726,0.0,0.0,0.0,0.0,0.0,0.0,0.08374192956547936,0.0,0.0,0.0,0.0,0.0
2022-05-18,3.988203274305534e-12,0.08132387081437249,0.07857936458535796,0.07875046726154222,0.039402014993011256,0.0,0.057297557717201145,0.0,0.0,0.0,0.07690285014330896,3.091043414835864e-13,0.0,0.08810595643371821,0.07640830645670113,0.0824210339605563,0.08041140720048867,0.0,1.048570696274415e-11,0.0,0.0,0.07854305248873301,0.0,4.514086826848035e-12,0.07901610532719908,0.0,0.0,0.020017972107136028,0.0,0.0,0.0,0.0,0.0,0.0,0.08282004049137669,0.0,0.0,0.0,0.0,0.0
2022-05-19,4.132312142283357e-12,0.0808931696511557,0.07869297583407824,0.0788348534179429,0.03881608849463004,0.0,0.05664079206054392,0.0,0.0,0.0,0.07665384591836003,3.059099119324736e-13,0.0,0.0908354843732859,0.07684938432376727,0.08307691771450018,0.08019440230616334,0.0,1.0383305316916536e-11,0.0,0.0,0.07743636355787686,0.0,4.5840860633934195e-12,0.07880399207809277,0.0,0.0,0.01996865030602905,0.0,0.0,0.0,0.0,0.0,0.0,0.08230307994416841,0.0,0.0,0.0,0.0,0.0
2022-05-20,4.108292469462653e-12,0.08193774486975222,0.07779979566410382,0.07930683631521207,0.039790032089347165,0.0,0.055920287301541735,0.0,0.0,0.0,0.07759189004679885,3.1029129499156854e-13,0.0,0.09260629880063732,0.07614301472009732,0.08295476630713114,0.0798661867389094,0.0,1.0236902382288656e-11,0.0,0.0,0.07662007292968499,0.0,4.551328083069554e-12,0.0770131758346465,0.0,0.0,0.020085086707554815,0.0,0.0,0.0,0.0,0.0,0.0,0.082364811655376,0.0,0.0,0.0,0.0,0.0
2022-05-23,4.2052020036359994e-12,0.08129632827041568,0.07788024062549584,0.07839567022463975,0.040543047563083454,0.0,0.05533854483421147,0.0,0.0,0.0,0.07955774167901537,3.0243735890732404e-13,0.0,0.09235934630088322,0.075476148573461,0.08336844985196509,0.07925272646044411,0.0,1.0313017510473641e-11,0.0,0.0,0.07580382188515039,0.0,4.6291294570062264e-12,0.07754719653029617,0.0,0.0,0.020544682838021133,0.0,0.0,0.0,0.0,0.0,0.0,0.08263605434346771,0.0,0.0,0.0,0.0,0.0
2022-05-24,4.1990350620892885e-12,0.08073953213775252,0.07670914531848153,0.07811093611127443,0.041010830311084163,0.0,0.05499825004514456,0.0,0.0,0.0,0.07994878851503023,3.000183298061881e-13,0.0,0.09377434779421502,0.0765028050801289,0.08262067328644844,0.078344743441042,0.0,1.0227098458220557e-11,0.0,0.0,0.07410792452936923,0.0,4.67540151436193e-12,0.07886773830286942,0.0,0.0,0.02063809128804491,0.0,0.0,0.0,0.0,0.0,0.0,0.08362619381971326,0.0,0.0,0.0,0.0,0.0
2022-05-25,4.221960123093603e-12,0.08079121656149996,0.07713898632322393,0.07797645419617999,0.040854928131056206,0.0,0.05571949710626788,0.0,0.0,0.0,0.07824136703132349,3.0301603803298405e-13,0.0,0.0946058255101917,0.07709765754699474,0.08285588100180469,0.07889346368805249,0.0,1.0361531890198783e-11,0.0,0.0,0.07410433921602587,0.0,4.757707526085062e-12,0.07826846051859498,0.0,0.0,0.020384671245906996,0.0,0.0,0.0,0.0,0.0,0.0,0.08306725190323311,0.0,0.0,0.0,0.0,0.0
2022-05-26,4.211820887659944e-12,0.08004597573385765,0.07705241610609516,0.0790345272105311,0.040343389960575474,0.0,0.05534309201693784,0.0,0.0,0.0,0.07980275918675328,3.0505628468041866e-13,0.0,0.09449580621543036,0.07696252223289214,0.08287660966735141,0.07864833002042426,0.0,1.046523932609559e-11,0.0,0.0,0.07396036318914867,0.0,4.754918640138714e-12,0.07775403721386884,0.0,0.0,0.020766814452879902,0.0,0.0,0.0,0.0,0.0,0.0,0.08291335677351708,0.0,0.0,0.0,0.0,0.0
2022-05-27,4.27174850257412e-12,0.08151522989772278,0.07590389867827733,0.07742209439541234,0.04059271750310578,0.0,0.05525988763720729,0.0,0.0,0.0,0.08139208002203357,3.050863207398436e-13,0.0,0.09357869182282084,0.07602690282398697,0.08242102792494789,0.07893643085059157,0.0,1.04347757953493e-11,0.0,0.0,0.0750034785842271,0.0,4.738318303180083e-12,0.07675370379390047,0.0,0.0,0.02096052843280687,0.0,0.0,0.0,0.0,0.0,0.0,0.08423332761320954,0.0,0.0,0.0,0.0,0.0
2022-05-30,4.339408190164855e-12,0.08207402706834079,0.0756238192394891,0.07785255568024671,0.04098852272468254,0.0,0.05548599579641616,0.0,0.0,0.0,0.07898244497761886,3.0611227899175896e-13,0.0,0.09286730153584585,0.0752916281425407,0.08274691959393554,0.07900400701740266,0.0,1.058048456458956e-11,0.0,0.0,0.07438549121803696,0.0,4.8520378081741244e-12,0.07813686259308573,0.0,0.0,0.021126747150242445,0.0,0.0,0.0,0.0,0.0,0.0,0.08543367724203807,0.0,0.0,0.0,0.0,0.0
2022-05-31,4.209687206206016e-12,0.08292428515635412,0.07553258524657033,0.0781401096760031,0.04118507875053974,0.0,0.055564576521922864,0.0,0.0,0.0,0.07768058262289977,3.0574783020629107e-13,0.0,0.09230371442775541,0.07548676742684667,0.08312932796510977,0.07947554612484241,0.0,1.0317138446306127e-11,0.0,0.0,0.07426978204932723,0.0,4.871342226693868e-12,0.07825219669334592,0.0,0.0,0.0213686440283205,0.0,0.0,0.0,0.0,0.0,0.0,0.08468680329045845,0.0,0.0,0.0,0.0,0.0
2022-06-01,0.0,0.07999999999638371,0.08000000000041033,0.07999999999134455,5.893366444163605e-11,0.0,0.05999999998767306,4.0900735639342765e-11,0.0,0.0,0.07848297423285495,0.0,0.0,0.0,0.07999999999496123,0.07999999999186043,0.0799999999995174,4.4882427670792366e-12,0.07999999997072482,8.187527280618368e-11,0.0,0.07999999998129748,0.0,4.9145822796627755e-12,0.07999999999558993,0.0,1.31546740417211e-12,1.0255695635938659e-11,0.0,0.0,0.0,1.9578713299035875e-11,0.0,0.0,0.07999999997624241,0.0,0.0,0.019999999938224978,0.04151702572065219,0.0
2022-06-02,0.0,0.0789066862512117,0.07933603269167215,0.0803645958196323,5.872836555032067e-11,0.0,0.06102712233506325,4.1651014769187616e-11,0.0,0.0,0.07880496813578707,0.0,0.0,0.0,0.08042558403861502,0.08035396320244238,0.0788739591702563,4.563251875646448e-12,0.0801439538658094,8.02233165983577e-11,0.0,0.08089761515639914,0.0,4.864754153387073e-12,0.07952578458447042,0.0,1.3332779707386205e-12,1.0172306596907093e-11,0.0,0.0,0.0,2.0012866315198023e-11,0.0,0.0,0.08020167682966656,0.0,0.0,0.020183212700250374,0.04095484499717468,0.0
2022-06-03,0.0,0.07896288071705644,0.0801821006593974,0.07992044518681361,5.788150027303563e-11,0.0,0.06145947576635784,4.102299988291985e-11,0.0,0.0,0.07805222828518033,0.0,0.0,0.0,0.08049557442516429,0.0790168603615422,0.07873820618299535,4.636509756434901e-12,0.07964763934046852,8.134653405964247e-11,0.0,0.08260177560505577,0.0,4.860983520935387e-12,0.07991030325337274,0.0,1.3348109644324104e-12,1.011588059290909e-11,0.0,0.0,0.0,1.9802235751261485e-11,0.0,0.0,0.08087811790277787,0.0,0.0,0.01983712303039668,0.04029726906241937,0.0
2022-06-06,0.0,0.07934174726800829,0.08119647776840055,0.0801722212465054,5.766387034965034e-11,0.0,0.06144757477753008,4.080683141615969e-11,0.0,0.0,0.07903762134859758,0.0,0.0,0.0,0.07949018524089387,0.07897730424542085,0.07845521375634842,4.564740202861018e-12,0.08040869561365613,8.12452348232157e-11,0.0,0.08222465377170203,0.0,4.86273845925613e-12,0.08009349110347026,0.0,1.330574597650514e-12,1.0107817724083827e-11,0.0,0.0,0.0,1.9993378978394762e-11,0.0,0.0,0.07997145770808523,0.0,0.0,0.019638985133044563,0.0395443707977614,0.0
2022-06-07,0.0,0.07950280366571727,0.08039439843396232,0.08041161617588309,5.7480044696577697e-11,0.0,0.06173754804022823,4.020070937117412e-11,0.0,0.0,0.08047953332038917,0.0,0.0,0.0,0.07936599875849785,0.07960280060595895,0.07771950699729085,4.5313503949383715e-12,0.07997439638377855,7.898478121839665e-11,0.0,0.0818231344500419,0.0,4.938829975668944e-12,0.08031302109857646,0.0,1.3272416437619897e-12,1.0278999194696483e-11,0.0,0.0,0.0,1.975440346313423e-11,0.0,0.0,0.07916449756846998,0.0,0.0,0.019654212415185546,0.03985653186852329,0.0
2022-06-08,0.0,0.07938071264044765,0.08109495293936995,0.08008984803489172,5.6117453374884825e-11,0.0,0.06168161517657483,4.033376011196425e-11,0.0,0.0,0.0824610449637163,0.0,0.0,0.0,0.07936953194844924,0.07971264016417362,0.07700601588392852,4.582502466277452e-12,0.07973546444341048,7.869180561922021e-11,0.0,0.08149603889016137,0.0,4.90060554698876e-12,0.07982606712064724,0.0,1.3165541220826314e-12,1.0371315649369212e-11,0.0,0.0,0.0,1.9608619257427546e-11,0.0,0.0,0.07840012108469549,0.0,0.0,0.019443255356851576,0.04030269113675933,0.0
2022-06-09,0.0,0.07811297530476362,0.08094890590479803,0.08142925917155289,5.779319778592052e-11,0.0,0.06253295838962443,4.067334799316329e-11,0.0,0.0,0.08162185596081989,0.0,0.0,0.0,0.07871861028838285,0.07991966123081364,0.07694706896685244,4.549502939433047e-12,0.07990877902007833,7.974997693423686e-11,0.0,0.08091421455942384,0.0,4.964402058316004e-12,0.08054697303229323,0.0,1.3402001285145876e-12,1.0419209878705063e-11,0.0,0.0,0.0,2.0049613651688844e-11,0.0,0.0,0.07885993420396799,0.0,0.0,0.01949949828318942,0.04003930546389987,0.0
2022-06-10,0.0,0.07986520474270574,0.0811027137400175,0.08168063478952069,5.6470757690825974e-11,0.0,0.06208265176223523,4.115277210316862e-11,0.0,0.0,0.08221689157400452,0.0,0.0,0.0,0.07729071178593212,0.07953887640709967,0.07673908389557672,4.524634528474061e-12,0.07910618399585423,8.040629927378833e-11,0.0,0.08257238427194957,0.0,4.8919275074320166e-12,0.08029200311822149,0.0,1.3301511132272695e-12,1.028589968314528e-11,0.0,0.0,0.0,1.9506290663951566e-11,0.0,0.0,0.078034103486848,0.0,0.0,0.019425009298968187,0.04005354691249757,0.0
2022-06-13,0.0,0.07908335399271418,0.08124571395689172,0.08143168880131663,5.7247772154645114e-11,0.0,0.06189153940017761,4.129073039541575e-11,0.0,0.0,0.08321408496462446,0.0,0.0,0.0,0.07786843098563347,0.07917502078468161,0.07578317098944999,4.479014777576426e-12,0.07912611750518936,8.059182254375531e-11,0.0,0.08275412765782679,0.0,4.902324304557744e-12,0.07950334636133512,0.0,1.303132279336446e-12,1.0147159972637738e-11,0.0,0.0,0.0,1.907795761079416e-11,0.0,0.0,0.07885314143078155,0.0,0.0,0.019865936906244386,0.04020432604409315,0.0
2022-06-14,0.0,0.0790167126912914,0.08045634809674385,0.08091712510235112,5.7872644008359465e-11,0.0,0.06217512949172119,4.144670028468407e-11,0.0,0.0,0.08080708966207324,0.0,0.0,0.0,0.0799854163486977,0.07911459455293546,0.07616208381052988,4.517355224040371e-12,0.078843677561354,8.37335649352422e-11,0.0,0.08202425595788786,0.0,4.9742202327475965e-12,0.0807393102336806,0.0,1.3165701225028647e-12,1.0233983197052433e-11,0.0,0.0,0.0,1.9506591531337856e-11,0.0,0.0,0.07970060644863027,0.0,0.0,0.020131220582187057,0.03992642923631463,0.0
2022-06-15,0.0,0.0795180162374018,0.08101337180927332,0.08160515474053305,5.852057533478611e-11,0.0,0.06171600392879047,4.0804028821489936e-11,0.0,0.0,0.08150226909585877,0.0,0.0,0.0,0.07907634018017337,0.07811056614555585,0.07585086053254025,4.568705524538414e-12,0.07992495266137266,8.504276565480258e-11,0.0,0.08268834699601263,0.0,5.0846721855987016e-12,0.08033921582715443,0.0,1.2857363007158683e-12,1.0259268453744553e-11,0.0,0.0,0.0,1.9377939167132794e-11,0.0,0.0,0.07863823462321491,0.0,0.0,0.019987723780508563,0.040028943216666106,0.0
2022-06-16,0.0,0.08040336596746597,0.0815208762051798,0.08144167930284131,5.894483541578936e-11,0.0,0.06182269390249379,4.108691323808792e-11,0.0,0.0,0.08247874586455227,0.0,0.0,0.0,0.07847294444160065,0.07940555344236012,0.07551734621730911,4.645446258018646e-12,0.07882260132687378,8.504847188395424e-11,0.0,0.08160224979685693,0.0,5.0189719674894475e-12,0.08063454826042231,0.0,1.2616513111114137e-12,1.0411603068654513e-11,0.0,0.0,0.0,1.8897061755091215e-11,0.0,0.0,0.07864297667551096,0.0,0.0,0.019538667186964342,0.03969575118425354,0.0
2022-06-17,0.0,0.08210512149191336,0.0815706055929903,0.08172500701365172,5.882132122240603e-11,0.0,0.06163738516997322,4.148087888628015e-11,0.0,0.0,0.08473608357872721,0.0,0.0,0.0,0.07778502908769015,0.08026963946605817,0.07497159883055353,4.631335550679815e-12,0.07770870084160966,8.518998580521203e-11,0.0,0.08062707150018414,0.0,5.010288702386886e-12,0.08032819864066511,0.0,1.2602341360747322e-12,1.0591920938912771e-11,0.0,0.0,0.0,1.8727973710789352e-11,0.0,0.0,0.07872307138844538,0.0,0.0,0.019093224245277905,0.0387192629265461,0.0
2022-06-20,0.0,0.0807895763752081,0.08192046425751269,0.08150589337454346,5.912073661082891e-11,0.0,0.06087739396476344,4.1095349109237274e-11,0.0,0.0,0.08389300344242656,0.0,0.0,0.0,0.07849677696239465,0.07992572089509903,0.07502467766168087,4.731170538613845e-12,0.07866933644119002,8.50862529611403e-11,0.0,0.07927404406528236,0.0,4.943568798897935e-12,0.08095447340495707,0.0,1.2702936819785593e-12,1.0753841601873786e-11,0.0,0.0,0.0,1.897275878329102e-11,0.0,0.0,0.08051422900497766,0.0,0.0,0.019166317257475186,0.038988092666514866,0.0
2022-06-21,0.0,0.08139816676601527,0.08140315261254233,0.0821926702622636,5.85966022961128e-11,0.0,0.06094497665415951,4.0760267044865406e-11,0.0,0.0,0.08509410099453596,0.0,0.0,0.0,0.07843147870550382,0.07815480674558808,0.07513600897269106,4.5910056440865506e-12,0.07870392682389399,8.718230710417766e-11,0.0,0.0799822235172003,0.0,4.93962726182749e-12,0.08050246433300381,0.0,1.2932902401903674e-12,1.0693773309196653e-11,0.0,0.0,0.0,1.9422382948188836e-11,0.0,0.0,0.08020438745357074,0.0,0.0,0.01905644362854889,0.03879519230300333,0.0
2022-06-22,0.0,0.0828978713612588,0.08072126818109833,0.08251452960529197,5.925298750328838e-11,0.0,0.061118628444664716,4.1459256274884876e-11,0.0,0.0,0.08284623730953063,0.0,0.0,0.0,0.07838238822612013,0.07843919817750948,0.07539427147016808,4.755447322237633e-12,0.0785894896666793,8.78922182809285e-11,0.0,0.08038059035295284,0.0,4.969667862328456e-12,0.0802620666726985,0.0,1.302199317022575e-12,1.0606615714396754e-11,0.0,0.0,0.0,1.9651009609665013e-11,0.0,0.0,0.08039830849970214,0.0,0.0,0.019157839691676334,0.03889731211075932,0.0
2022-06-23,0.0,0.08489786763916603,0.08046301723296582,0.08186565625251543,5.915419337424461e-11,0.0,0.06061801732666218,4.125988569697542e-11,0.0,0.0,0.08367721280699238,0.0,0.0,0.0,0.07876372985576979,0.07866857604200177,0.07486189732122016,4.759545264188821e-12,0.07800123434677315,8.863237902112472e-11,0.0,0.07994518541846912,0.0,4.9916514885859735e-12,0.08003176719849008,0.0,1.2854572434090032e-12,1.050661091814709e-11,0.0,0.0,0.0,1.911132313322683e-11,0.0,0.0,0.08030138125822309,0.0,0.0,0.01894787098234081,0.03895658608870916,0.0
2022-06-24,0.0,0.0868024650734583,0.08087126480657307,0.08123434315941475,5.913394152071966e-11,0.0,0.06147483795298363,4.1850584919307314e-11,0.0,0.0,0.08181966323449523,0.0,0.0,0.0,0.07702849435147759,0.07869780611696368,0.07448921820447549,4.722965712867534e-12,0.07947531585962027,8.938523843615483e-11,0.0,0.08092426478454713,0.0,5.013743886826481e-12,0.07927436177381303,0.0,1.2910673283220746e-12,1.0393828385420501e-11,0.0,0.0,0.0,1.9013694772434524e-11,0.0,0.0,0.07946714180040129,0.0,0.0,0.01902210059367747,0.03941872205729414,0.0
2022-06-27,0.0,0.0866222411756828,0.08018792302956995,0.08154833803711949,5.999649908368694e-11,0.0,0.0615220896966687,4.2454657839409896e-11,0.0,0.0,0.08241812231460624,0.0,0.0,0.0,0.07722112694929004,0.07773804935290549,0.07450779485141412,4.687375681040254e-12,0.07831883447356512,8.844819617189001e-11,0.0,0.08159959786276554,0.0,5.001514867408267e-12,0.0803735912827846,0.0,1.2771303024515186e-12,1.048390219422417e-11,0.0,0.0,0.0,1.880108706719686e-11,0.0,0.0,0.07900154734218151,0.0,0.0,0.019161235933114404,0.03977950746718175,0.0
2022-06-28,0.0,0.08568509730531632,0.08067463197408299,0.08258366382411722,5.998372531994452e-11,0.0,0.060996806602050195,4.27221760188877e-11,0.0,0.0,0.08288618894745499,0.0,0.0,0.0,0.07828594226897219,0.07720786826965881,0.07317869046396526,4.672285950976896e-12,0.07876380929530354,8.874684822939672e-11,0.0,0.08135200442830173,0.0,4.894645045437879e-12,0.08029891689721684,0.0,1.268604152778478e-12,1.0398902369405495e-11,0.0,0.0,0.0,1.9008682355680745e-11,0.0,0.0,0.07819117911594768,0.0,0.0,0.019560496403665268,0.04033470397225123,0.0
2022-06-29,0.0,0.08595431520018725,0.08143949152497865,0.0826459961175938,6.029128513476808e-11,0.0,0.06180388014670637,4.2542879209638655e-11,0.0,0.0,0.08166184739645503,0.0,0.0,0.0,0.07731401482701955,0.07706300381186083,0.07359848453871369,4.620117567028337e-12,0.07855193392068203,8.927061484616623e-11,0.0,0.08174358646998446,0.0,4.880406070189953e-12,0.07983009019167231,0.0,1.279537342197018e-12,1.0431715280722315e-11,0.0,0.0,0.0,1.863070838130908e-11,0.0,0.0,0.07793148161227233,0.0,0.0,0.019853851237309383,0.04060802277261724,0.0
2022-06-30,0.0,0.08568176477679686,0.08161851072836904,0.0834734828467322,6.063228983623419e-11,0.0,0.061805940582227374,4.271874156384425e-11,0.0,0.0,0.08025938371072136,0.0,0.0,0.0,0.07710972389207355,0.07647014237265472,0.07420385811522384,4.53992423381852e-12,0.07779095863995825,9.15441819368987e-11,0.0,0.08218375147996311,0.0,4.90622968028592e-12,0.07971198618592851,0.0,1.2825601526178885e-12,1.0309016816158559e-11,0.0,0.0,0.0,1.8723390653792192e-11,0.0,0.0,0.07903774418037922,0.0,0.0,0.019971984793451542,0.0406807674608643,0.0
2022-07-01,0.0,2.6264330385333275e-13,0.0799999999869349,0.06173244783928025,0.06000000014852584,1.2461016064977157e-11,4.065638213636668e-10,0.0,0.0,0.0,3.485039425158137e-11,0.0,0.0,0.0,0.0799999999431563,0.0799999999973196,0.08000000000056878,0.0,0.07999999998949019,0.0,0.0,0.07360290796045521,0.0,0.0799999999373109,0.07999999999233297,0.0,8.401885485430189e-12,0.0,0.0,0.0,7.675944205680358e-11,3.263857421278354e-12,0.0,1.4695607055828605e-12,0.07999999990608594,0.019999999882177842,0.06466464393733455,0.07999999991533471,1.96594228083579e-11,0.0
2022-07-04,0.0,2.6506477431430333e-13,0.0798705872892261,0.0623378142513867,0.0609247486949435,1.2454962431227475e-11,4.084899641431104e-10,0.0,0.0,0.0,3.4591646220268375e-11,0.0,0.0,0.0,0.07935836082401745,0.07892493338055033,0.07988374850942678,0.0,0.08087380108043389,0.0,0.0,0.07265149631780077,0.0,0.08085963259590688,0.08033637449520414,0.0,8.376947222801671e-12,0.0,0.0,0.0,7.674910708946667e-11,3.259207727755122e-12,0.0,1.4836569275105546e-12,0.08079244329401902,0.01996069187913259,0.06277963297445897,0.08044573384787417,1.9948241081518564e-11,0.0
2022-07-05,0.0,2.6242050230332707e-13,0.08011472476939288,0.06235971139468461,0.060391323885418076,1.2611467846877395e-11,4.1085834116592706e-10,0.0,0.0,0.0,3.520998690894785e-11,0.0,0.0,0.0,0.08010499858586319,0.07848215061380899,0.07991734450504402,0.0,0.08087859913154488,0.0,0.0,0.07200209848312047,0.0,0.08078598925760154,0.08030653335373628,0.0,8.329978817613394e-12,0.0,0.0,0.0,7.789437521219607e-11,3.2639584389425425e-12,0.0,1.4873987723329674e-12,0.08055145964522871,0.019957217631589884,0.0625247707301641,0.0816230774427962,2.0088347175467982e-11,0.0
2022-07-06,0.0,2.585877630371629e-13,0.08110271523379699,0.06284598815220178,0.06106602175260343,1.276274604324569e-11,4.110448282059598e-10,0.0,0.0,0.0,3.5581497453433095e-11,0.0,0.0,0.0,0.07986101212640685,0.07837073837293576,0.0794597104356322,0.0,0.08013547989309838,0.0,0.0,0.07257104313871866,0.0,0.08036027268491025,0.07985877572813473,0.0,8.326574515547143e-12,0.0,0.0,0.0,7.875319326004646e-11,3.2676056404927883e-12,0.0,1.4560319040869806e-12,0.08103895997903361,0.019998106198746524,0.06153393301190543,0.08179724272052441,1.9900027420408355e-11,0.0
2022-07-07,0.0,2.5928808270117307e-13,0.0804917243657051,0.06331808311654216,0.061417578888458696,1.284251686693913e-11,4.07230644241338e-10,0.0,0.0,0.0,3.55627592459671e-11,0.0,0.0,0.0,0.0803735234214619,0.0778356334080471,0.07909776787670338,0.0,0.07969009821495872,0.0,0.0,0.07230160589852631,0.0,0.08050782499144413,0.08029947548002037,0.0,8.375584708459314e-12,0.0,0.0,0.0,7.628308476126637e-11,3.3389694760595917e-12,0.0,1.4204349843422841e-12,0.08119877447798994,0.019785891854101165,0.06188223476245955,0.08179978267850463,1.9763762034888292e-11,0.0
2022-07-08,0.0,2.5105912836838804e-13,0.08058707172676063,0.06326698853046778,0.06034723008691395,1.3007110865821233e-11,4.0131914618415246e-10,0.0,0.0,0.0,3.583772763718775e-11,0.0,0.0,0.0,0.08046876914394503,0.07762648964875492,0.07916888457775356,0.0,0.08078066025514487,0.0,0.0,0.07155808137010265,0.0,0.07938179093514078,0.08036599064818337,0.0,8.304103629913378e-12,0.0,0.0,0.0,7.596085040552892e-11,3.4260212493983173e-12,0.0,1.4107782815895657e-12,0.08323695121772272,0.019949677819255673,0.06118038024223575,0.08208103323814535,1.9956289311107108e-11,0.0
2022-07-11,0.0,2.487609231127203e-13,0.081805930499293,0.06313014710373605,0.059392823341263834,1.298446148445691e-11,3.990793167027617e-10,0.0,0.0,0.0,3.539674638162268e-11,0.0,0.0,0.0,0.08078201025622987,0.07800805825306571,0.07881945170605138,0.0,0.08204938514560037,0.0,0.0,0.07161247137508406,0.0,0.0791970124348466,0.07930446880232456,0.0,8.28448996098074e-12,0.0,0.0,0.0,7.638789834452027e-11,3.4617001582215922e-12,0.0,1.3844501437215135e-12,0.08357748713488611,0.019892492600562153,0.06174230227945518,0.08068595851023241,2.0141052304884903e-11,0.0
2022-07-12,0.0,2.461507250348551e-13,0.08189180326522283,0.0630181398852895,0.05830846393851324,1.2997065251220352e-11,3.987812741834861e-10,0.0,0.0,0.0,3.6601349744484257e-11,0.0,0.0,0.0,0.08084690780086543,0.07747812602079159,0.07899266817784026,0.0,0.08228080201002325,0.0,0.0,0.07145742895256627,0.0,0.07983693792373237,0.07961997375671101,0.0,8.276556798719123e-12,0.0,0.0,0.0,7.660460851760878e-11,3.2731388910017303e-12,0.0,1.4186279714239468e-12,0.08269481588050791,0.019778281255163566,0.062039493198939755,0.08175615737523256,2.0401885312623508e-11,0.0
2022-07-13,0.0,2.4426460098543105e-13,0.0810881326714201,0.06324830932405205,0.05908419007322316,1.3063863038425816e-11,3.9923351154403167e-10,0.0,0.0,0.0,3.6230465105903356e-11,0.0,0.0,0.0,0.08128421775516372,0.0767158722201087,0.07987028663690608,0.0,0.08189754520723423,0.0,0.0,0.07098010377193109,0.0,0.07900697524936481,0.08051794795064873,0.0,8.309730951045333e-12,0.0,0.0,0.0,7.785007960642899e-11,3.3019972515814852e-12,0.0,1.4000608145234454e-12,0.08195995046678398,0.019740919170712006,0.06182328973613239,0.08278225920672486,1.9960248873942447e-11,0.0
2022-07-14,0.0,2.4658650741922087e-13,0.08066221045655787,0.06281056026629006,0.058015051712514504,1.2931163588838914e-11,3.97229809597518e-10,0.0,0.0,0.0,3.5416307623115317e-11,0.0,0.0,0.0,0.08144430869931847,0.07679980000913467,0.07994303605357202,0.0,0.0813381927379399,0.0,0.0,0.07112210616726172,0.0,0.07941423692033286,0.08106949990355378,0.0,8.395881063131515e-12,0.0,0.0,0.0,7.838673058133881e-11,3.3318614948389014e-12,0.0,1.4026781852560092e-12,0.08155217171487517,0.019943880569972747,0.061411657053439685,0.08447328717770837,2.0187231463227784e-11,0.0
2022-07-15,0.0,2.4846952661637077e-13,0.08059611038936458,0.0621387945387684,0.057738734746621015,1.2754130287621854e-11,3.9704963296601857e-10,0.0,0.0,0.0,3.67486609334667e-11,0.0,0.0,0.0,0.08114032302235234,0.07714158372042836,0.08024125836498044,0.0,0.08197168172986562,0.0,0.0,0.07070774331267396,0.0,0.0789281014561158,0.08106435412015839,0.0,8.298332798230885e-12,0.0,0.0,0.0,7.767478144482926e-11,3.335532253253819e-12,0.0,1.405669906908203e-12,0.08106420528712086,0.01991489314124333,0.061496278619215874,0.08585593699353897,2.0036942091978463e-11,0.0
2022-07-18,0.0,2.536087373914121e-13,0.08148006296272126,0.061689814577426824,0.056099234490368244,1.2521428061306084e-11,3.934774598900587e-10,0.0,0.0,0.0,3.74571645562638e-11,0.0,0.0,0.0,0.08041970769646582,0.0766975638552673,0.07999577856771585,0.0,0.08202546632084502,0.0,0.0,0.07112432604959815,0.0,0.07826596000036268,0.08209059031451828,0.0,8.422383996802341e-12,0.0,0.0,0.0,7.851698512305527e-11,3.316384298563152e-12,0.0,1.411949606627354e-12,0.08187051444242642,0.019837255349721215,0.06275944103281977,0.08564428378402658,2.0339283962715294e-11,0.0
2022-07-19,0.0,2.5276349840740133e-13,0.08126808009817196,0.061498249470086086,0.056134912797546566,1.25288527800164e-11,3.9549048324941356e-10,0.0,0.0,0.0,3.8096939771903725e-11,0.0,0.0,0.0,0.0796817769051798,0.07871779993476383,0.08052255397779712,0.0,0.08157497759932719,0.0,0.0,0.07138235120045225,0.0,0.07589251009160959,0.08236122211616832,0.0,8.4412233174091e-12,0.0,0.0,0.0,7.791259900305942e-11,3.3365608047520586e-12,0.0,1.3689473251581298e-12,0.08303856317288273,0.019789129386636795,0.06323893493058731,0.08489893776142017,1.9941988914802444e-11,0.0
2022-07-20,0.0,2.499370495190919e-13,0.08142825360982882,0.061431152219587136,0.05613163115634217,1.2443195884580369e-11,3.9126552312934056e-10,0.0,0.0,0.0,3.788095582528751e-11,0.0,0.0,0.0,0.08054000555831275,0.07903059122943532,0.08068019849119165,0.0,0.08020802164756104,0.0,0.0,0.07066689333231858,0.0,0.07416365010446567,0.082181295000969,0.0,8.410236102289596e-12,0.0,0.0,0.0,7.805839492998766e-11,3.3297946126125223e-12,0.0,1.361241619111716e-12,0.08410647582787524,0.019904783559188028,0.0633077545538243,0.08621929315622974,1.9871316793546985e-11,0.0
2022-07-21,0.0,2.546435686143871e-13,0.08129077529744837,0.0627954397205996,0.05776197312668624,1.236440792669353e-11,3.886001987502491e-10,0.0,0.0,0.0,3.863453773415733e-11,0.0,0.0,0.0,0.07996385468005697,0.07811800244343188,0.08049087272526229,0.0,0.07999674344078374,0.0,0.0,0.06965091582406108,0.0,0.07354752598249252,0.08263679174849785,0.0,8.377458995711501e-12,0.0,0.0,0.0,7.863187776984558e-11,3.3115531589416897e-12,0.0,1.3464077647519704e-12,0.08472323727578225,0.01965266649574757,0.06281818628227452,0.08655301440514732,2.0206778937188482e-11,0.0
2022-07-22,0.0,2.54721267865185e-13,0.08238755390970331,0.06235665666776244,0.05699789688319174,1.2362223871376122e-11,3.921080157983633e-10,0.0,0.0,0.0,3.739793565036224e-11,0.0,0.0,0.0,0.08017043950768053,0.07890948834047519,0.08024256278454045,0.0,0.07854857123751034,0.0,0.0,0.07040044773806146,0.0,0.07273566922244397,0.08162196929069294,0.0,8.564050438904265e-12,0.0,0.0,0.0,7.914387091416012e-11,3.3858006832366957e-12,0.0,1.3034263321165688e-12,0.0850470285417543,0.019519925832276835,0.06387238663760106,0.08718940285139803,2.0387370830838034e-11,0.0
2022-07-25,0.0,2.563989524123586e-13,0.08205913606423747,0.06203512299204008,0.055968037664261026,1.2383958768363194e-11,3.8517731828085726e-10,0.0,0.0,0.0,3.732354192884285e-11,0.0,0.0,0.0,0.08078234022966041,0.07926281446045298,0.07927034804959986,0.0,0.07961940929916449,0.0,0.0,0.0698194293995878,0.0,0.0735318372670078,0.08154941074417212,0.0,8.626353339955695e-12,0.0,0.0,0.0,8.009631717916234e-11,3.2963017558242435e-12,0.0,1.2918748908008277e-12,0.0861830444510118,0.019629354085409424,0.0644397994671892,0.08584991527726625,2.0487260395784e-11,0.0
2022-07-26,0.0,2.5320226931911305e-13,0.08062881381078035,0.06229180773993112,0.05585674240495521,1.2184893741096061e-11,3.8176378358363186e-10,0.0,0.0,0.0,3.7477787878510916e-11,0.0,0.0,0.0,0.08112682006299676,0.07885220687679673,0.07824990299477882,0.0,0.07945946675794417,0.0,0.0,0.06989917955989997,0.0,0.0732805425537838,0.08148254071559832,0.0,8.631575083502698e-12,0.0,0.0,0.0,7.966082081090928e-11,3.311353253612166e-12,0.0,1.2872950725218462e-12,0.08684820060554145,0.019594290872906116,0.0657277185554325,0.08670176594377306,2.031091837301649e-11,0.0
2022-07-27,0.0,2.544444128144245e-13,0.08134177164153253,0.06318786747618459,0.054059557421588085,1.2398993453829078e-11,3.859833932468633e-10,0.0,0.0,0.0,3.6768507801241066e-11,0.0,0.0,0.0,0.0815089055511989,0.07920794607914486,0.07849396727934604,0.0,0.0809738067029318,0.0,0.0,0.07038978052136413,0.0,0.07284996389308898,0.08128573384986852,0.0,8.55918775091519e-12,0.0,0.0,0.0,8.032031132146863e-11,3.273458935347278e-12,0.0,1.3073402418124537e-12,0.0861874717961262,0.019578566911422218,0.06545088259531211,0.08548377773123741,2.078796464228195e-11,0.0
2022-07-28,0.0,2.570029610979899e-13,0.08114962719658639,0.06298451408798425,0.05370132720026112,1.2600866046150235e-11,3.923815421871822e-10,0.0,0.0,0.0,3.645962634223343e-11,0.0,0.0,0.0,0.08229547313672435,0.07957565703845632,0.0794690593970622,0.0,0.08013987998860013,0.0,0.0,0.06970926727668028,0.0,0.07110590412996814,0.08188122522277581,0.0,8.751832610690602e-12,0.0,0.0,0.0,7.966114266553918e-11,3.2671435943877094e-12,0.0,1.3140836021466573e-12,0.08702099889412133,0.019822024570472774,0.06477458780451031,0.0863704535001944,2.09089584426235e-11,0.0
2022-07-29,0.0,2.540980562741401e-13,0.08188750207743777,0.0638070791483096,0.05333022254950038,1.2668151506498837e-11,3.912036159785162e-10,0.0,0.0,0.0,3.610555368316602e-11,0.0,0.0,0.0,0.08175114330409512,0.07935588813636851,0.07939484399048825,0.0,0.0801317029087201,0.0,0.0,0.06905242332829101,0.0,0.07278262120427599,0.0813176386145491,0.0,8.718025026214992e-12,0.0,0.0,0.0,7.897868512209658e-11,3.401731240593966e-12,0.0,1.3341477879951993e-12,0.08753321247766609,0.019713778447468452,0.06493204946810488,0.08500989379107617,2.0984589367362398e-11,0.0
2022-08-01,0.0,5.9965418130128e-09,0.07999999996398675,0.07999999997043435,0.07999999999709487,1.2186044133396391e-11,0.07999999997042205,0.0,0.0,0.0,0.0,1.2448163813651006e-12,0.0,0.07999999997020524,0.07999999999011906,0.07999999999535785,0.07999999999721463,0.0,0.0399999939273583,0.0,0.0,2.885763094593879e-10,0.0,0.07999999999464498,0.07999999999657267,0.0,5.095237617095964e-12,0.0,0.0,0.0,1.8769027625994304e-11,0.0,0.0,6.07136586580299e-12,0.059999999983494624,0.019999999964830824,1.3158807078625567e-12,0.07999999994846337,0.0,0.0
2022-08-02,0.0,5.783834183250536e-09,0.08050423534158353,0.08031670116751335,0.07857564667888078,1.1812299375841586e-11,0.07863516472542055,0.0,0.0,0.0,0.0,1.2142833167345012e-12,0.0,0.08120128179036788,0.07980109898258893,0.08009453983218266,0.07910783516396185,0.0,0.04001261013103518,0.0,0.0,2.855289030028901e-10,0.0,0.08170101437663899,0.08077141563519523,0.0,4.989811279420921e-12,0.0,0.0,0.0,1.909730027307256e-11,0.0,0.0,6.087084424140469e-12,0.06010613859894759,0.019981398945186586,1.286122944040396e-12,0.07919091251664695,0.0,0.0
2022-08-03,0.0,5.653951706558211e-09,0.08099690758625679,0.07955865223047541,0.07809216926077321,1.1700202116002482e-11,0.07894558787819644,0.0,0.0,0.0,0.0,1.2290159999278471e-12,0.0,0.08159417922201327,0.08000168521288546,0.08084619801939395,0.07983146307397392,0.0,0.039872081783178116,0.0,0.0,2.904476089961909e-10,0.0,0.0816471962727196,0.08170150247033027,0.0,4.99589055099281e-12,0.0,0.0,0.0,1.9264937708532585e-11,0.0,0.0,6.14522394490702e-12,0.05964659948655738,0.020143601599619934,1.3042672145767679e-12,0.07712216991458735,0.0,0.0
2022-08-04,0.0,5.6544704843061e-09,0.08042602757890885,0.08034992394851155,0.07749042771796452,1.1974030139130065e-11,0.07704364668250138,0.0,0.0,0.0,0.0,1.2013151086315937e-12,0.0,0.08233404058632098,0.08096355803360002,0.08010864559366547,0.07996695939618045,0.0,0.04060392740560755,0.0,0.0,2.909106336222466e-10,0.0,0.08117710315103357,0.08162782784783648,0.0,4.983208122488007e-12,0.0,0.0,0.0,1.931172013709535e-11,0.0,0.0,6.123333303027609e-12,0.06007045658085852,0.020246588364558036,1.2877323336291422e-12,0.07759086112219005,0.0,0.0
2022-08-05,0.0,5.57767527871714e-09,0.07937835006582623,0.0814539344736454,0.07632391786318866,1.2235264643608459e-11,0.07604803438590582,0.0,0.0,0.0,0.0,1.1846205845740901e-12,0.0,0.08243779396945972,0.07980496312005805,0.0814854848874368,0.07986358793598743,0.0,0.04117711653356055,0.0,0.0,2.908078091406396e-10,0.0,0.08429540840970243,0.08053937220382222,0.0,4.887542096345612e-12,0.0,0.0,0.0,1.9344771442243254e-11,0.0,0.0,6.142832474418271e-12,0.059844412259238665,0.020347694650344406,1.2971884065728944e-12,0.07699992332824818,0.0,0.0
2022-08-08,0.0,5.636459129789494e-09,0.08013417992533853,0.08117975032551053,0.07559656110092729,1.2430970847319047e-11,0.07735146885835764,0.0,0.0,0.0,0.0,1.1994905354516414e-12,0.0,0.08205564799235551,0.07955144636736665,0.08190087696386857,0.08039572122261161,0.0,0.04173101547260411,0.0,0.0,2.9409034800534264e-10,0.0,0.083038686770268,0.08103222711426109,0.0,4.896787561587665e-12,0.0,0.0,0.0,1.926737008364599e-11,0.0,0.0,6.1458300685300504e-12,0.05939877902971315,0.02042158441334788,1.2896189434154518e-12,0.07621204846768985,0.0,0.0
2022-08-09,0.0,5.6305554594551614e-09,0.08010934594042447,0.08164576645506101,0.07421261855051339,1.2334978596733145e-11,0.07719876928002785,0.0,0.0,0.0,0.0,1.1943020309368471e-12,0.0,0.08282989989705715,0.07934975748295874,0.08096639550587666,0.07994847516175235,0.0,0.04144087454034841,0.0,0.0,2.9133305705990754e-10,0.0,0.08493114387161739,0.08076863718050148,0.0,4.837382715514569e-12,0.0,0.0,0.0,1.96046687848938e-11,0.0,0.0,6.3657749616700106e-12,0.05993662612471664,0.02037253497910902,1.304810222070867e-12,0.07628914906250497,0.0,0.0
2022-08-10,0.0,5.627970582718508e-09,0.07996280144627846,0.08096337598481422,0.07314508723185958,1.23245865239692e-11,0.0768078372671822,0.0,0.0,0.0,0.0,1.1913451559139746e-12,0.0,0.08364891499819813,0.08024818126610872,0.0805783312740865,0.07957672543082588,0.0,0.0417794738424803,0.0,0.0,2.8957336701900877e-10,0.0,0.08544652343735563,0.08039994440788917,0.0,4.995230497720529e-12,0.0,0.0,0.0,1.9456321666679533e-11,0.0,0.0,6.370016487952271e-12,0.06022290448407588,0.020620169546827827,1.3013166325714826e-12,0.07659972341883466,0.0,0.0
2022-08-11,0.0,5.639336476116623e-09,0.07880895411879237,0.0807291453407153,0.07299844191794344,1.2405742292225404e-11,0.07730929671128635,0.0,0.0,0.0,0.0,1.1662165823352982e-12,0.0,0.08363040926995353,0.0797607146355987,0.08067576849677405,0.08051770598399369,0.0,0.041552453339316925,0.0,0.0,2.9034843356713706e-10,0.0,0.08427199221389355,0.0813196082196847,0.0,5.031569373112715e-12,0.0,0.0,0.0,1.9594991422537098e-11,0.0,0.0,6.391419758143099e-12,0.059993503417143296,0.020640615640257463,1.3144743024231232e-12,0.0777913847190572,0.0,0.0
2022-08-12,0.0,5.728767139973755e-09,0.07824092408851781,0.08092415349718877,0.0745251897738835,1.2374980873688695e-11,0.07740739639791294,0.0,0.0,0.0,0.0,1.1842030995391424e-12,0.0,0.08592194209462668,0.07900208027868351,0.08095566283500774,0.08044387522110504,0.0,0.0416729723279594,0.0,0.0,2.9663800809063186e-10,0.0,0.08274023019422988,0.08024742726689695,0.0,4.947877911119813e-12,0.0,0.0,0.0,1.975069866084738e-11,0.0,0.0,6.4353188719701245e-12,0.06003169154998338,0.0210541417596625,1.312823345476518e-12,0.0768323066429308,0.0,0.0
2022-08-15,0.0,5.753743878266485e-09,0.07904819800551315,0.08181585086004017,0.07507539357048719,1.2235137938588204e-11,0.07638477454716065,0.0,0.0,0.0,0.0,1.1792555500241664e-12,0.0,0.08550356811683577,0.07810684992412999,0.08059100702912829,0.08080633355144588,0.0,0.04153513553779891,0.0,0.0,3.016059927392001e-10,0.0,0.08395302111858945,0.07896363195057716,0.0,4.996440766163598e-12,0.0,0.0,0.0,1.9684951749445605e-11,0.0,0.0,6.512000562644807e-12,0.059912265535421186,0.020798425093787907,1.327591010350009e-12,0.07750553905779911,0.0,0.0
2022-08-16,0.0,5.792175347433967e-09,0.07893222186747972,0.08192822577760536,0.07673556307480325,1.2391006289640611e-11,0.07674767877025736,0.0,0.0,0.0,0.0,1.1690913675118023e-12,0.0,0.0846402927640291,0.07875136256304223,0.0790253028273935,0.08045612803503092,0.0,0.04136243440190088,0.0,0.0,3.0216796369097265e-10,0.0,0.08349293859990484,0.08040282487933754,0.0,4.975234875221138e-12,0.0,0.0,0.0,1.9253973669362278e-11,0.0,0.0,6.5084875915500064e-12,0.06068665649175218,0.020224672690974034,1.3487734032465034e-12,0.07661369111649924,0.0,0.0
2022-08-17,0.0,5.748459326124042e-09,0.07871222698036304,0.08211871642350071,0.07564648687083021,1.2900616705896637e-11,0.07594821335897178,0.0,0.0,0.0,0.0,1.1822255925091642e-12,0.0,0.0837651546657394,0.07857896704837443,0.07896848888996062,0.08071421404382575,0.0,0.04149941928857963,0.0,0.0,2.957627181293993e-10,0.0,0.08475103688302661,0.08064365678485234,0.0,4.923676406035919e-12,0.0,0.0,0.0,1.9244115502155743e-11,0.0,0.0,6.5421217062785345e-12,0.06103307657548384,0.020145488394437,1.3387598920148574e-12,0.07747484770170102,0.0,0.0
2022-08-18,0.0,5.666703140777225e-09,0.07661675640104898,0.08286801291474831,0.07601317141846552,1.2891710889419966e-11,0.07585023252453774,0.0,0.0,0.0,0.0,1.1724568078180743e-12,0.0,0.08354743589764889,0.07887493892082338,0.07879643635172545,0.08062651322298536,0.0,0.041959577732106144,0.0,0.0,2.9967529162121977e-10,0.0,0.08427789728811255,0.08174351900918657,0.0,4.9483203648411625e-12,0.0,0.0,0.0,1.9472220583955524e-11,0.0,0.0,6.66643189371155e-12,0.06148011642402638,0.01990463753274364,1.338823290585013e-12,0.07744074834897262,0.0,0.0
2022-08-19,0.0,5.66626932860822e-09,0.07740463850935528,0.08228750934724569,0.07647765081645855,1.2666416655006592e-11,0.07602054037296563,0.0,0.0,0.0,0.0,1.1608007216885752e-12,0.0,0.08362519925155056,0.07885819754843534,0.07776081970594356,0.07983282114508901,0.0,0.041616586136870304,0.0,0.0,2.957739257422068e-10,0.0,0.08572093749060017,0.08106945334746006,0.0,4.969469342285498e-12,0.0,0.0,0.0,1.9700222519500928e-11,0.0,0.0,6.8602348115586585e-12,0.06185338704486013,0.019462840222591527,1.3355502415975882e-12,0.07800941305183816,0.0,0.0
2022-08-22,0.0,5.769484108643524e-09,0.07721295541188519,0.08203972471601242,0.07488240381126914,1.2862070124470619e-11,0.07691327557638628,0.0,0.0,0.0,0.0,1.1714282059108186e-12,0.0,0.0828600284017423,0.07931096027877531,0.07844831283072255,0.07993118710016485,0.0,0.04221169304295273,0.0,0.0,2.9617672760606245e-10,0.0,0.08558884135739463,0.08155574990207408,0.0,4.9500587729760156e-12,0.0,0.0,0.0,1.9552411251880017e-11,0.0,0.0,6.992302537558585e-12,0.06174051257440577,0.01964764325983936,1.3505988741985152e-12,0.0776567056238356,0.0,0.0
2022-08-23,0.0,5.67470085406318e-09,0.0769770902953876,0.0824198553970738,0.07421149353446316,1.2648412284499447e-11,0.07653167897535336,0.0,0.0,0.0,0.0,1.1639921368688753e-12,0.0,0.08412677431240512,0.07887442637670408,0.07803766911151411,0.08052348290153802,0.0,0.04215817110074175,0.0,0.0,2.934037305809139e-10,0.0,0.0854675992880037,0.08083489463143831,0.0,5.00000159509097e-12,0.0,0.0,0.0,1.9970114108389942e-11,0.0,0.0,7.0650454861214166e-12,0.06211800032570742,0.01960834456850136,1.3300004285797182e-12,0.07811051316588603,0.0,0.0
2022-08-24,0.0,5.747409667492542e-09,0.07660853060250575,0.08247664662652197,0.07134799740367223,1.2807736893942226e-11,0.07762625707432377,0.0,0.0,0.0,0.0,1.161511968100385e-12,0.0,0.0852529203320322,0.07914488671985831,0.07777144724255101,0.08168691637934437,0.0,0.04230979550064507,0.0,0.0,2.963909081720279e-10,0.0,0.08470680307146654,0.08157551722307431,0.0,5.024753880132417e-12,0.0,0.0,0.0,2.0284447759629672e-11,0.0,0.0,7.126424474555369e-12,0.061997629215174904,0.01947927560996042,1.3531586906326813e-12,0.07801537090731052,0.0,0.0
2022-08-25,0.0,5.777153417928858e-09,0.07723399578225461,0.08213299064328485,0.07193469738096052,1.2991429711718272e-11,0.07748127769568978,0.0,0.0,0.0,0.0,1.1529187942421824e-12,0.0,0.08482897297642598,0.0800916212059833,0.07811545988988343,0.08194508516192021,0.0,0.041178702740935894,0.0,0.0,2.988738469023761e-10,0.0,0.08399043853029899,0.08205124120677273,0.0,5.090736111769844e-12,0.0,0.0,0.0,2.0348053542757958e-11,0.0,0.0,6.916640217142683e-12,0.06214426820213821,0.019784380596333143,1.3558426747254604e-12,0.07708686186323548,0.0,0.0
2022-08-26,0.0,5.721715524391016e-09,0.07648830439172617,0.08268583814759146,0.07089488130946334,1.276776488261471e-11,0.07760680968492044,0.0,0.0,0.0,0.0,1.1388230293934253e-12,0.0,0.0845210152311463,0.0800906813358688,0.07845367040554556,0.08264292851191794,0.0,0.04081514330357973,0.0,0.0,3.019571694199271e-10,0.0,0.08363518661859776,0.08281336306672306,0.0,4.960210782979847e-12,0.0,0.0,0.0,2.046527367810602e-11,0.0,0.0,6.820528790461268e-12,0.06220905749525591,0.019411279561785833,1.346996409801122e-12,0.07773183486470532,0.0,0.0
2022-08-29,0.0,5.67448822264737e-09,0.07598451646443391,0.082799665035088,0.07027286697218191,1.2669180856360086e-11,0.07831882011513734,0.0,0.0,0.0,0.0,1.1467702972412538e-12,0.0,0.08467117458624021,0.07886383529356226,0.07795807754673725,0.08344605603702906,0.0,0.04141406986583368,0.0,0.0,3.0387848936473194e-10,0.0,0.08274991730594325,0.0830606229103463,0.0,5.029450685695745e-12,0.0,0.0,0.0,2.0490304243738813e-11,0.0,0.0,6.827981362072684e-12,0.06274745721961414,0.019432913814651297,1.3550471307279718e-12,0.07828000080731591,0.0,0.0
2022-08-30,0.0,5.579924813091866e-09,0.07607237017247422,0.08329999543046523,0.07058470573657209,1.242535490539324e-11,0.07816980625745917,0.0,0.0,0.0,0.0,1.1288061889545359e-12,0.0,0.08481723095927585,0.08016408922438606,0.07723058801019878,0.08332993739901041,0.0,0.041151324872070384,0.0,0.0,3.0014045727191154e-10,0.0,0.08166957218782948,0.08260248916562483,0.0,4.9115416178733225e-12,0.0,0.0,0.0,2.039946419017491e-11,0.0,0.0,6.861403901758791e-12,0.06398650071594034,0.01934122719760555,1.340137295130776e-12,0.07758015674395563,0.0,0.0
2022-08-31,0.0,5.391363919316406e-09,0.07677953011028398,0.08392626521980276,0.07053038934396394,1.2212635588151236e-11,0.07750563949747846,0.0,0.0,0.0,0.0,1.0993814832399217e-12,0.0,0.08438179258409849,0.08009421233281937,0.07652780222640475,0.08245561576362175,0.0,0.04077790654235614,0.0,0.0,2.9644438352778235e-10,0.0,0.08099364684877063,0.08226007292428697,0.0,4.828039529457578e-12,0.0,0.0,0.0,2.0213400777276734e-11,0.0,0.0,6.795658003766033e-12,0.06415399104096997,0.01946428751817167,1.3170456560370097e-12,0.0801488423126967,0.0,0.0
2022-09-01,9.873720290473745e-12,0.07999999999472678,0.07999999999773276,0.07999999999795246,0.06000000001002237,5.145819004972124e-12,1.905112625031062e-11,0.0,0.0,0.0,0.0,0.0,0.0,0.07999999999694787,0.0799999999970076,0.0799999999981012,0.07999999999780184,1.0405346800686791e-13,3.788028728172874e-12,0.0,0.0,6.020757390961586e-11,0.0,0.0,0.07999999999721336,0.0,0.07999999999621402,6.543189156037735e-12,0.0,0.0,8.503259216669042e-12,0.0399999999212016,0.0,0.0,0.0799999999961911,0.019999999977514102,0.0,0.0799999999976156,1.0540664587738408e-11,0.0
2022-09-02,9.781375945288105e-12,0.0799158577111301,0.07990862032578723,0.08044081327865528,0.06200870359042203,5.116462555558007e-12,1.925658859194755e-11,0.0,0.0,0.0,0.0,0.0,0.0,0.07721753355742611,0.07903803345314585,0.08037001750019566,0.07931792788374907,1.0427880858747539e-13,3.811552252672288e-12,0.0,0.0,6.018763480033752e-11,0.0,0.0,0.07953272596885,0.0,0.08088136669027245,6.619165626324782e-12,0.0,0.0,8.341735489936641e-12,0.03962234031245431,0.0,0.0,0.07858168055790299,0.019936785629876348,0.0,0.08322759341634024,1.0573643783889866e-11,0.0
2022-09-05,9.772325008042635e-12,0.08021755544015553,0.07975499428199605,0.08141470116760147,0.06217644386557947,5.0978972966108584e-12,1.9321212956800302e-11,0.0,0.0,0.0,0.0,0.0,0.0,0.07846320223333102,0.07990100582084159,0.08091720110570504,0.07961754086260632,1.009678123302109e-13,3.822811647828385e-12,0.0,0.0,5.985487553260206e-11,0.0,0.0,0.07801956386469454,0.0,0.07992509455698618,6.560455750438034e-12,0.0,0.0,8.303095985094692e-12,0.03900793858158548,0.0,0.0,0.07896344330009658,0.019813690669519945,0.0,0.08180762412595025,1.051706237809111e-11,0.0
2022-09-06,9.607426208770296e-12,0.08072637971905154,0.07937711640553279,0.08127183712314512,0.061853042836665637,5.15155370829e-12,1.9504004394756055e-11,0.0,0.0,0.0,0.0,0.0,0.0,0.07761058919728017,0.07943535154560841,0.0815594408133555,0.08068977992353481,9.773393599560044e-14,3.9297590510395e-12,0.0,0.0,6.02824552114112e-11,0.0,0.0,0.07765171471338472,0.0,0.08079525919466406,6.5845444450670675e-12,0.0,0.0,8.288581401193791e-12,0.03898274053956582,0.0,0.0,0.07790100576778403,0.020215097760945013,0.0,0.08193064433534952,1.0686903555500583e-11,0.0
2022-09-07,9.935594361746364e-12,0.07966582770579655,0.07829717765466489,0.08070415115384819,0.06308088535546963,5.333957775328203e-12,1.9661839851785515e-11,0.0,0.0,0.0,0.0,0.0,0.0,0.07734786355193278,0.08035618467404872,0.08243607349940875,0.08081081767679363,9.688135090805518e-14,3.970612226635976e-12,0.0,0.0,5.996951105377068e-11,0.0,0.0,0.07799770293953046,0.0,0.08186054425628257,6.4475697299187815e-12,0.0,0.0,8.320311687114675e-12,0.03913400180668648,0.0,0.0,0.07860227635856504,0.020156614501318816,0.0,0.07954987874124893,1.0668315591051583e-11,0.0
2022-09-08,9.705960987947214e-12,0.07907649830373388,0.07883945955088874,0.081407199313184,0.06176593630766183,5.330514898312572e-12,1.9537398946066495e-11,0.0,0.0,0.0,0.0,0.0,0.0,0.07651818576346615,0.08091070055682957,0.0839252177644168,0.08094060616349037,9.638272295427396e-14,3.987384178559466e-12,0.0,0.0,5.989164211863869e-11,0.0,0.0,0.0780700520682278,0.0,0.08181710027488415,6.412954250070172e-12,0.0,0.0,8.357968064137989e-12,0.03857423154527353,0.0,0.0,0.07932196837251348,0.02034335574914451,0.0,0.07848948814207381,1.0891186712946015e-11,0.0
2022-09-09,9.840043538866583e-12,0.07934425997450126,0.07729982597022185,0.08162664424956692,0.06171944683972483,5.296309794042444e-12,1.956221140719571e-11,0.0,0.0,0.0,0.0,0.0,0.0,0.07745025614279986,0.0817911837774217,0.08500431853635018,0.08146580384391588,9.57686239704285e-14,3.905722808325108e-12,0.0,0.0,6.065427289588133e-11,0.0,0.0,0.07799115430810992,0.0,0.08151023620979245,6.481309253072816e-12,0.0,0.0,8.296873424246106e-12,0.038406795807005484,0.0,0.0,0.07915060238772233,0.020379986598758074,0.0,0.0768594852291074,1.0869282537817266e-11,0.0
2022-09-12,9.798244476322132e-12,0.08158075413416845,0.07636685327513183,0.0827715969299031,0.06162235542981063,5.220311381816609e-12,1.9568016639890312e-11,0.0,0.0,0.0,0.0,0.0,0.0,0.07900348850729104,0.08051384642489666,0.08394164430472151,0.08165227868728661,9.454101162865722e-14,3.98896362474272e-12,0.0,0.0,6.097667980202928e-11,0.0,0.0,0.07753944612888128,0.0,0.08151923813334398,6.486651271393635e-12,0.0,0.0,8.166392267044707e-12,0.03721597864360551,0.0,0.0,0.0785599931871997,0.02041679463547069,0.0,0.07729573145290031,1.1088902307132544e-11,0.0
2022-09-13,9.500948577445125e-12,0.07966903278337119,0.07709783631133532,0.0830303473723413,0.0629668070874408,5.42502337286494e-12,1.955076132244965e-11,0.0,0.0,0.0,0.0,0.0,0.0,0.07744366625792995,0.08151655221878769,0.08346774860133085,0.08110964031047772,9.621010003651666e-14,3.982802446559483e-12,0.0,0.0,6.058366107185878e-11,0.0,0.0,0.07793577159017756,0.0,0.08099698912433297,6.581390248404499e-12,0.0,0.0,8.079777068108806e-12,0.03700079106713077,0.0,0.0,0.07962942299514447,0.0203237173879406,0.0,0.07781167676745254,1.1005620086109501e-11,0.0
2022-09-14,9.364275167281478e-12,0.07968200214584026,0.07655401261322517,0.08276791687617584,0.06349631142174142,5.368892739996602e-12,1.9643001113296838e-11,0.0,0.0,0.0,0.0,0.0,0.0,0.07696032918037089,0.0824213521871819,0.0835892530970226,0.08105800093766079,9.490649537555164e-14,4.004489106896093e-12,0.0,0.0,6.050431016331663e-11,0.0,0.0,0.0785223095460482,0.0,0.07994228294754097,6.5845680727775105e-12,0.0,0.0,8.091480220271922e-12,0.036068951815422606,0.0,0.0,0.07987788816176351,0.020724639200747328,0.0,0.07833474974447996,1.1122585990951508e-11,0.0
2022-09-15,9.369542435858838e-12,0.08016130885624619,0.07679911310278772,0.083996227412913,0.06338385735870365,5.178113031849684e-12,1.9733877038648322e-11,0.0,0.0,0.0,0.0,0.0,0.0,0.07702981655733623,0.0798467616560294,0.08300182794836958,0.08064892141789058,9.618172364535426e-14,4.0425425641708525e-12,0.0,0.0,6.164911922696581e-11,0.0,0.0,0.0790629111898756,0.0,0.08132017002863032,6.504603336381067e-12,0.0,0.0,7.977761883592787e-12,0.036376738992958936,0.0,0.0,0.07995950396224982,0.02077869227411795,0.0,0.07763414911596835,1.1370798533592374e-11,0.0
2022-09-16,9.631910416474933e-12,0.08113962259947416,0.07671125389825717,0.0829749247309535,0.06362500599838983,5.3687561903940025e-12,1.9775296109732863e-11,0.0,0.0,0.0,0.0,0.0,0.0,0.07514622327112143,0.08009254307337044,0.08458424872715666,0.08092461128725341,9.743503072298357e-14,4.037112425162036e-12,0.0,0.0,6.104701417276028e-11,0.0,0.0,0.07937019713757724,0.0,0.08084270987914532,6.540502947887082e-12,0.0,0.0,8.013724739864564e-12,0.03755028889879549,0.0,0.0,0.07962573226282392,0.02138290741545179,0.0,0.07602973069471936,1.0998424073044277e-11,0.0
2022-09-19,9.43764103625838e-12,0.08278765841879286,0.0768236617805984,0.08219064251368949,0.06426842756541104,5.441604911626872e-12,2.0046800979693268e-11,0.0,0.0,0.0,0.0,0.0,0.0,0.07384228443133037,0.07988625442661461,0.08417030539676375,0.08166749889769787,9.90059133540939e-14,4.04432641774264e-12,0.0,0.0,6.112016697946938e-11,0.0,0.0,0.07928174159099333,0.0,0.08254073046848251,6.566986595915011e-12,0.0,0.0,8.073237221261366e-12,0.03681339267113142,0.0,0.0,0.07895926034089676,0.021386947698772623,0.0,0.07538119367290472,1.109041682590971e-11,0.0
2022-09-20,9.335580564772562e-12,0.0834170080137298,0.07699443440593683,0.08214497014042604,0.06462260830903468,5.357581305524877e-12,2.0317069338739148e-11,0.0,0.0,0.0,0.0,0.0,0.0,0.07498208202610318,0.07962448245647472,0.08352622987322207,0.08094650518387889,1.0365714336618175e-13,4.0704710773940206e-12,0.0,0.0,6.176981033066267e-11,0.0,0.0,0.0798877423645096,0.0,0.08224129281836468,6.666188663124069e-12,0.0,0.0,8.083672780616709e-12,0.03720134866433032,0.0,0.0,0.07955470489622152,0.021847795307264734,0.0,0.07300879541374607,1.1052806314748357e-11,0.0
2022-09-21,9.206328232216571e-12,0.08283201527911085,0.07667708028338568,0.08333265384321671,0.06364645596862598,5.268093391092892e-12,2.024084032779374e-11,0.0,0.0,0.0,0.0,0.0,0.0,0.07497949381364076,0.07946172050326337,0.08275932732737545,0.08013358109459377,1.0418519422933907e-13,4.039725682976705e-12,0.0,0.0,6.12693502190427e-11,0.0,0.0,0.08040559438017132,0.0,0.08276607086433312,6.645663205996342e-12,0.0,0.0,8.082743767091209e-12,0.037194048208997244,0.0,0.0,0.07959196995533871,0.021805305299322543,0.0,0.07441468305270027,1.1067298822926724e-11,0.0
2022-09-22,9.218518734296543e-12,0.0837444959481429,0.07755854705690479,0.08309941100961944,0.06541128958864191,5.194144382338836e-12,2.0356934653813252e-11,0.0,0.0,0.0,0.0,0.0,0.0,0.07456249633186378,0.08003168134347144,0.08192542458515747,0.0798953169580876,1.0670264536877933e-13,3.985474182031179e-12,0.0,0.0,6.141556784902983e-11,0.0,0.0,0.0806522599734476,0.0,0.08092665535157532,6.660671908626723e-12,0.0,0.0,7.78665465162541e-12,0.03596043234676501,0.0,0.0,0.08029110136836827,0.02139682443481652,0.0,0.07454406357734018,1.1073134648327015e-11,0.0
2022-09-23,9.273662401835e-12,0.08423869366958944,0.07747170927133532,0.08190240050265603,0.0636368605510041,5.1949962328123725e-12,2.0228514447503276e-11,0.0,0.0,0.0,0.0,0.0,0.0,0.07610359379746195,0.08094326205631855,0.08197543134776829,0.07951383064919573,1.088312389259141e-13,3.910561284866326e-12,0.0,0.0,6.0696153330411e-11,0.0,0.0,0.08016047734123392,0.0,0.0816637767028489,6.72456274475134e-12,0.0,0.0,7.8054719220947e-12,0.0363324173101342,0.0,0.0,0.0804081606013977,0.021358892282028825,0.0,0.07429049379208791,1.0996465328089583e-11,0.0
2022-09-26,9.453602611023304e-12,0.08334596264186289,0.077487554336179,0.08243341999869039,0.06295980856224699,5.1715408191221265e-12,2.0281197448161447e-11,0.0,0.0,0.0,0.0,0.0,0.0,0.07582186222073468,0.08261087687258033,0.08238194099813412,0.08003241289698518,1.0967707499712276e-13,3.921405368602734e-12,0.0,0.0,6.163272411742469e-11,0.0,0.0,0.08046135783412751,0.0,0.08023200947870049,6.739078938525905e-12,0.0,0.0,7.675342214649174e-12,0.03640716130077446,0.0,0.0,0.08023759771216964,0.021396389019458832,0.0,0.07419164600134712,1.1023874190156825e-11,0.0
2022-09-27,9.447765865818083e-12,0.08305383116339034,0.07704988072025294,0.0820839213497064,0.0634234462227782,5.293392814384919e-12,2.023788792668185e-11,0.0,0.0,0.0,0.0,0.0,0.0,0.07625588117920273,0.0826846282810971,0.08274642624685628,0.07937733752336089,1.1268758364351127e-13,3.937550150282457e-12,0.0,0.0,6.08928242794722e-11,0.0,0.0,0.080024662974612,0.0,0.07943191148258595,6.835930995850713e-12,0.0,0.0,7.650827749766614e-12,0.037492839237643634,0.0,0.0,0.07995559739808525,0.021555413983980667,0.0,0.07486422211064264,1.1396153567427699e-11,0.0
2022-09-28,9.403178649932178e-12,0.0829974082428886,0.07618721042364257,0.08076176920029121,0.06353820706306487,5.2417391316845654e-12,2.001202005062003e-11,0.0,0.0,0.0,0.0,0.0,0.0,0.07804160129405956,0.08416331031863677,0.08174930368112528,0.079841260896399,1.118751955843337e-13,3.861893014809962e-12,0.0,0.0,6.095246536217675e-11,0.0,0.0,0.07970066105547165,0.0,0.07855676825893255,6.814410262480603e-12,0.0,0.0,7.608175307771737e-12,0.03723908137738579,0.0,0.0,0.08020613739361734,0.02151748511287222,0.0,0.07549979555636321,1.1243659821986542e-11,0.0
2022-09-29,9.126234275212364e-12,0.08415558588258312,0.0762890818083708,0.08085133066863708,0.06279741280341841,5.118782838075073e-12,2.0157943954728538e-11,0.0,0.0,0.0,0.0,0.0,0.0,0.0800172129392989,0.0845081253853826,0.0824007526818589,0.07983406707794323,1.0752829986116567e-13,3.863504141767169e-12,0.0,0.0,6.206495369658929e-11,0.0,0.0,0.0787488146973936,0.0,0.07802506168718097,6.826191291624412e-12,0.0,0.0,7.365096582106739e-12,0.03687771371367028,0.0,0.0,0.07930227238365856,0.02075575288735493,0.0,0.07543681525747294,1.1145491647742585e-11,0.0
2022-09-30,9.307420515459581e-12,0.08325777335472517,0.07693690460910789,0.08036700496180912,0.06372244214084585,5.176225447993982e-12,2.0096528147899706e-11,0.0,0.0,0.0,0.0,0.0,0.0,0.08056628827056714,0.08259012566646755,0.08408201714864626,0.0796436582861699,1.0752180884043867e-13,3.859730759993375e-12,0.0,0.0,6.226226591455552e-11,0.0,0.0,0.07889910295182291,0.0,0.07884400536869722,6.82351553656975e-12,0.0,0.0,7.42980112241264e-12,0.03621361101441252,0.0,0.0,0.07863558595139215,0.020928303257751555,0.0,0.07531317689153547,1.0986279696288426e-11,0.0
2022-10-03,0.07999999999711427,0.07999999998247775,0.07999999999889552,0.08000000000003246,0.0,4.176606881504214e-12,4.535483933793973e-12,0.0,0.0,0.019999999977052454,0.0,0.0,0.07999999999297151,0.07999999999751896,0.07999999999943151,9.410330801649924e-11,0.08000000000003739,0.0,7.329025750117969e-12,0.0,1.0297472751870975e-12,1.2672803822494464e-11,0.0,0.0,0.07999999999998844,0.0,0.07999999999761834,5.853387602736518e-12,0.0,0.0,0.019999999926547843,0.0,0.0,0.0,0.08000000000018545,0.0,1.0464581481285872e-12,0.07999999999938134,0.0,0.0
2022-10-04,0.08007115270603367,0.07926603759185864,0.07993119671131803,0.07976608451400484,0.0,4.1330864792895625e-12,4.5309176384622385e-12,0.0,0.0,0.020132553335614704,0.0,0.0,0.079716349469652,0.08044550691887678,0.07902608491892302,9.427496160182995e-11,0.08007837364007266,0.0,7.284340827627843e-12,0.0,1.0173612311167673e-12,1.284146234387373e-11,0.0,0.0,0.08117203003806116,0.0,0.080721046289843,5.7820013872854846e-12,0.0,0.0,0.020016985551155515,0.0,0.0,0.0,0.08085331399607204,0.0,1.0396906245253465e-12,0.07880328418761015,0.0,0.0
2022-10-05,0.08124303569065029,0.07878485141379785,0.07914249398879872,0.07919965194438292,0.0,4.115997987478949e-12,4.568519146039001e-12,0.0,0.0,0.02086298959071301,0.0,0.0,0.0777231745870213,0.0802782972772683,0.0787994364380486,9.555498156569332e-11,0.07945485149928434,0.0,7.338448960807852e-12,0.0,1.0079772966201093e-12,1.2843929737110477e-11,0.0,0.0,0.08269583014508693,0.0,0.08107973370290175,5.7356874121932564e-12,0.0,0.0,0.020539737751064293,0.0,0.0,0.0,0.08141041180684674,0.0,1.0270040319463274e-12,0.07878550403194252,0.0,0.0
2022-10-06,0.08077357316941682,0.07929519048053213,0.07943656782388138,0.07885408061542531,0.0,4.0633078620821716e-12,4.583247252749532e-12,0.0,0.0,0.02088970110502115,0.0,0.0,0.07632915896113315,0.07855570091550815,0.07913427390294503,9.65806319541258e-11,0.08015811248999598,0.0,7.1985149616359075e-12,0.0,1.0088516853745058e-12,1.285059880816996e-11,0.0,0.0,0.08295636019558716,0.0,0.0820990147145932,5.705765679385412e-12,0.0,0.0,0.020677477539873836,0.0,0.0,0.0,0.08193364772655491,0.0,1.0415362684480578e-12,0.07890714022649939,0.0,0.0
2022-10-07,0.08099778302091155,0.07963136221019841,0.08007330286464376,0.07948647786873705,0.0,4.105121853474914e-12,4.521548782090842e-12,0.0,0.0,0.021114378913737613,0.0,0.0,0.07648009300427386,0.07975847378593716,0.079130039610934,9.648560426678812e-11,0.07941157396789486,0.0,7.225559723387456e-12,0.0,1.0026297946860015e-12,1.2696491869753882e-11,0.0,0.0,0.08362547067775158,0.0,0.0812875240248304,5.5623488647203125e-12,0.0,0.0,0.020641731658421824,0.0,0.0,0.0,0.0811939641511154,0.0,1.028028467096436e-12,0.0771678241079852,0.0,0.0
2022-10-10,0.08152127368626315,0.08322274515493543,0.07959298012997659,0.07867926719903504,0.0,4.025969472808248e-12,4.5595037122501024e-12,0.0,0.0,0.020851470044526723,0.0,0.0,0.07540906807697875,0.07864661629920221,0.0783282013025982,9.82479058468882e-11,0.07938768073445474,0.0,7.2394544074814624e-12,0.0,1.0096686893357962e-12,1.2576830640821834e-11,0.0,0.0,0.08364523028452163,0.0,0.08054788775075598,5.590633027599648e-12,0.0,0.0,0.02083728824369305,0.0,0.0,0.0,0.0813344298217962,0.0,1.0157321965930975e-12,0.07799586113699662,0.0,0.0
2022-10-11,0.07887903071108882,0.0830118782969899,0.08013219934320173,0.07818618499344761,0.0,4.11610223518555e-12,4.53806490514862e-12,0.0,0.0,0.020729716995636572,0.0,0.0,0.076480156697305,0.07845946327366878,0.07839345736018445,9.837984143042173e-11,0.07897635993860622,0.0,7.252304741667086e-12,0.0,1.01043382220852e-12,1.2769605956624022e-11,0.0,0.0,0.08459719719491618,0.0,0.08167858888252368,5.661806671642529e-12,0.0,0.0,0.020324477341507205,0.0,0.0,0.0,0.0821474681001805,0.0,9.981054640260126e-13,0.07800382073601718,0.0,0.0
2022-10-12,0.07713455073126449,0.08495387572530164,0.0805823600324079,0.07731221926062863,0.0,4.070409515348479e-12,4.528868282046401e-12,0.0,0.0,0.02055790126808275,0.0,0.0,0.07753613510264995,0.07855680346108375,0.07805697720437942,9.836452790782755e-11,0.07881866665876089,0.0,7.184158508630175e-12,0.0,1.0240659412713012e-12,1.2675583835554835e-11,0.0,0.0,0.08454846520851104,0.0,0.08249473610006931,5.635565098423058e-12,0.0,0.0,0.01996628950745102,0.0,0.0,0.0,0.08271572054329102,0.0,9.815720091722582e-13,0.0767652990616534,0.0,0.0
2022-10-13,0.07742018771307309,0.08630722575933962,0.07901326477072815,0.07779923600779423,0.0,4.046205229369449e-12,4.516818949195007e-12,0.0,0.0,0.020847973824948088,0.0,0.0,0.07613132136338019,0.08046689792557317,0.07756295683796682,9.795119929722424e-11,0.07941257741690529,0.0,7.141683282522911e-12,0.0,1.0307066085378865e-12,1.2532929204370357e-11,0.0,0.0,0.08416925206220026,0.0,0.08133338060166938,5.536077800834637e-12,0.0,0.0,0.020004914685658248,0.0,0.0,0.0,0.08365815246260003,0.0,9.79231433927349e-13,0.07587265843442854,0.0,0.0
2022-10-14,0.0786780342922106,0.08467879081047332,0.07917350266887528,0.07871465290910135,0.0,4.160855737557499e-12,4.506455969107709e-12,0.0,0.0,0.02110665756305272,0.0,0.0,0.07417862092136193,0.08096959875272232,0.07854016865291708,9.832068331178047e-11,0.07821965012185556,0.0,7.101652973630018e-12,0.0,1.02379243639524e-12,1.2224218792859955e-11,0.0,0.0,0.08431440913539605,0.0,0.08113131035348208,5.562265835076443e-12,0.0,0.0,0.019869810511126813,0.0,0.0,0.0,0.08469256531868267,0.0,9.76227708929947e-13,0.07573222785486607,0.0,0.0
2022-10-17,0.07876971529531382,0.08446081489404288,0.07884051437658572,0.07846157452220347,0.0,4.0671867841886025e-12,4.4765487669607415e-12,0.0,0.0,0.02051049726092542,0.0,0.0,0.07366110654520529,0.08117139505196813,0.07842382223056373,9.704587811984851e-11,0.07790015647006404,0.0,7.143478253995736e-12,0.0,1.013167323854172e-12,1.2168919490568398e-11,0.0,0.0,0.0850449416732007,0.0,0.08167576365588908,5.534591535841883e-12,0.0,0.0,0.019829131207856888,0.0,0.0,0.0,0.08485053306414812,0.0,9.842978446472154e-13,0.07640003361959855,0.0,0.0
2022-10-18,0.07893137168636566,0.08452348691874935,0.07739967177004563,0.07991560550035592,0.0,4.0636467746536215e-12,4.473673702605998e-12,0.0,0.0,0.02059930165424568,0.0,0.0,0.0726542651661799,0.08029966700828639,0.08027240950280637,9.740839878466341e-11,0.07813374330118196,0.0,7.20654086164312e-12,0.0,1.0384270611970415e-12,1.2217608397104404e-11,0.0,0.0,0.08485769543302492,0.0,0.08188535601123463,5.4052048285658035e-12,0.0,0.0,0.019967457659320852,0.0,0.0,0.0,0.08448274818845933,0.0,9.900623945586715e-13,0.07607722006693976,0.0,0.0
2022-10-19,0.07834686095186259,0.08341257571281699,0.07742525756517274,0.07972515859171574,0.0,4.1125667942509165e-12,4.460357627782045e-12,0.0,0.0,0.02085289588252623,0.0,0.0,0.0730778067666889,0.07829898658022647,0.08043449098056836,9.666171668896258e-11,0.07926786570777501,0.0,7.161904305567888e-12,0.0,1.0414884912651528e-12,1.2353960112032597e-11,0.0,0.0,0.0862327119304574,0.0,0.08199189863174296,5.459557121867495e-12,0.0,0.0,0.01966907161712051,0.0,0.0,0.0,0.08489278735025907,0.0,9.923054601861424e-13,0.07637163159882303,0.0,0.0
2022-10-20,0.07804567638271853,0.08247833156778878,0.07770959030254938,0.0812011341371402,0.0,4.048468985136835e-12,4.506423352997355e-12,0.0,0.0,0.021090926999638205,0.0,0.0,0.07306542133054228,0.07822132912942127,0.08102701260112462,9.737137788708421e-11,0.07935985774450609,0.0,7.26404864709757e-12,0.0,1.0543407446166364e-12,1.2585540087110197e-11,0.0,0.0,0.08656225781603237,0.0,0.08361322098985133,5.5436184980624475e-12,0.0,0.0,0.01975552470355006,0.0,0.0,0.0,0.08390718269137346,0.0,9.898859318211777e-13,0.07396253347039952,0.0,0.0
2022-10-21,0.07825540956239248,0.08299447110098046,0.0781911232863196,0.08025461526556332,0.0,4.061038970113302e-12,4.522510370465939e-12,0.0,0.0,0.021491090468967074,0.0,0.0,0.0721041075841442,0.07612400464863084,0.08124318096589887,9.744471426234148e-11,0.08010492556689988,0.0,7.294600285344315e-12,0.0,1.0434224202183706e-12,1.241144800911527e-11,0.0,0.0,0.08808831466993061,0.0,0.08431833211680947,5.621666651259231e-12,0.0,0.0,0.01969973425818095,0.0,0.0,0.0,0.08555544861768902,0.0,1.0022766121348035e-12,0.07157524175419129,0.0,0.0
2022-10-24,0.07937117816134265,0.08293464963954351,0.07862859310742601,0.07991574211485224,0.0,4.038032124601922e-12,4.5749814807675604e-12,0.0,0.0,0.021795647433718802,0.0,0.0,0.07271767653412402,0.07566348232907506,0.07955693915687652,9.771730424143199e-11,0.08016697192665058,0.0,7.357469009392289e-12,0.0,1.05450489994719e-12,1.270362822913042e-11,0.0,0.0,0.08827296756476206,0.0,0.08401586328376189,5.465738088783225e-12,0.0,0.0,0.01979203230936305,0.0,0.0,0.0,0.08558857957323411,0.0,1.0131132436011798e-12,0.07157967673134452,0.0,0.0
2022-10-25,0.08024901199250742,0.08227136982883473,0.07746310545264347,0.08022788246036382,0.0,3.957364104606133e-12,4.5526639697758564e-12,0.0,0.0,0.021220353280145977,0.0,0.0,0.07310466447710037,0.07632685207408861,0.08122293284247159,9.778782752571098e-11,0.08138612537534971,0.0,7.49346753415031e-12,0.0,1.03846484717633e-12,1.2660981547271896e-11,0.0,0.0,0.08786183589475259,0.0,0.08306491972972355,5.463910591302644e-12,0.0,0.0,0.019468107120379583,0.0,0.0,0.0,0.08545901736700072,0.0,1.0050993304517439e-12,0.0706738219706779,0.0,0.0
2022-10-26,0.08188963063819939,0.08135474682385142,0.0775437953304097,0.08008266265819042,0.0,4.001709514264831e-12,4.524279217539423e-12,0.0,0.0,0.02121750246781566,0.0,0.0,0.07289510801603136,0.07578623446699342,0.08160806827130943,9.72297260749593e-11,0.08176233002819304,0.0,7.584469755135507e-12,0.0,1.0372252522359178e-12,1.2882010538319113e-11,0.0,0.0,0.08811433560704288,0.0,0.0830187952041148,5.614718479556708e-12,0.0,0.0,0.019318277599287295,0.0,0.0,0.0,0.08493110996822716,0.0,1.0135271372168304e-12,0.07047740278644617,0.0,0.0
2022-10-27,0.08173770075988061,0.08183169216851087,0.07806550210192313,0.07948043913159902,0.0,4.01243427111924e-12,4.4918516562600324e-12,0.0,0.0,0.021528707355543387,0.0,0.0,0.07351756590432437,0.07636629360005748,0.08168046431469334,9.702030693476703e-11,0.08194934879761762,0.0,7.585886519431193e-12,0.0,1.0420203546420637e-12,1.2979776246585315e-11,0.0,0.0,0.08746519340823874,0.0,0.08299901648866574,5.640526139329512e-12,0.0,0.0,0.019238315828139705,0.0,0.0,0.0,0.08456015219396394,0.0,1.0228048185546006e-12,0.06957960781304626,0.0,0.0
2022-10-28,0.08059074571979363,0.08035351676691901,0.07695691611925881,0.0796250653284909,0.0,4.064761187979958e-12,4.528076893041586e-12,0.0,0.0,0.02199943721435998,0.0,0.0,0.0732620410253953,0.07745921506268591,0.0808596560190315,9.64336984479592e-11,0.08260717020856201,0.0,7.653376415208961e-12,0.0,1.0099148315652724e-12,1.2993588890637945e-11,0.0,0.0,0.08733170885493301,0.0,0.08407861843114159,5.6784534708059e-12,0.0,0.0,0.019267317420762906,0.0,0.0,0.0,0.08491167265310344,0.0,1.0083568801710905e-12,0.07069691904219155,0.0,0.0
2022-10-31,0.07906213247739984,0.08066180799405497,0.07684628617788063,0.07992543551987301,0.0,4.060465107143328e-12,4.488572375164248e-12,0.0,0.0,0.02185323899581836,0.0,0.0,0.07308409999805025,0.07784297435429911,0.07941825801255195,9.742364033648468e-11,0.08257267134248536,0.0,7.726563304675057e-12,0.0,1.0143602449407106e-12,1.306857631099947e-11,0.0,0.0,0.08707022617966403,0.0,0.08630302228761796,5.653957825467755e-12,0.0,0.0,0.019563404731027946,0.0,0.0,0.0,0.08464021861977081,0.0,1.0059473716866015e-12,0.07115622317506337,0.0,0.0
2022-11-01,0.07999999998210487,3.884683683431231e-12,0.07999999985739155,0.07999999999694739,0.0,0.0,0.07999999998672144,2.9403322714321804e-11,0.0,0.0,0.0,0.0,0.07999999998632114,0.07999999998634036,0.07999999999671115,0.01999999993932946,0.07999999999203153,3.315105572700118e-11,0.0,0.0,7.171836334326024e-11,0.0,0.0,0.0,0.07999999997811427,0.0,0.0,0.0,0.0,0.0,0.0,0.0,0.060000000058757864,0.0,0.07999999999919542,0.0,0.03999999949460454,0.07999999999166645,6.156050492706542e-10,0.0
2022-11-02,0.07912646074502203,3.9268173579260706e-12,0.08017193712484799,0.07988282716970141,0.0,0.0,0.08109603002255568,2.969511015187642e-11,0.0,0.0,0.0,0.0,0.0799619613813164,0.07928070333128547,0.07995570997407406,0.01978470664549871,0.08004546915919981,3.281426755423242e-11,0.0,0.0,7.030514104120176e-11,0.0,0.0,0.0,0.0805799535075939,0.0,0.0,0.0,0.0,0.0,0.0,0.0,0.059458143949310004,0.0,0.08134604310690409,0.0,0.04006546412691613,0.07924458902277802,5.962548837194587e-10,0.0
2022-11-03,0.07854637924034265,3.983052342460571e-12,0.08052872530651096,0.07954915337139401,0.0,0.0,0.08075902919969996,2.998476596418175e-11,0.0,0.0,0.0,0.0,0.08011217583794651,0.0811476095171894,0.08040627602952417,0.019632016248467554,0.07993681003775852,3.287084280429938e-11,0.0,0.0,7.038340708050201e-11,0.0,0.0,0.0,0.08053707298497294,0.0,0.0,0.0,0.0,0.0,0.0,0.0,0.05866459923777234,0.0,0.08117619807576981,0.0,0.04021785024911287,0.07878610393137966,5.94936420026261e-10,0.0
2022-11-04,0.07829213037952884,4.019585426339749e-12,0.08050729442021584,0.07926555764680897,0.0,0.0,0.08180730614664466,2.9625025438615366e-11,0.0,0.0,0.0,0.0,0.07991142270422619,0.08106349375762319,0.08098847103528375,0.019895169354047067,0.080839712939685,3.324520429735958e-11,0.0,0.0,7.009246018892172e-11,0.0,0.0,0.0,0.08019897640944751,0.0,0.0,0.0,0.0,0.0,0.0,0.0,0.05838080543898676,0.0,0.08075495132886523,0.0,0.040441529171210695,0.07765317853056239,5.998813805866335e-10,0.0
2022-11-07,0.077662564673266,4.078970779820517e-12,0.07982563014191524,0.08060184388746296,0.0,0.0,0.08107553865976415,2.9065831532444777e-11,0.0,0.0,0.0,0.0,0.0797957579715364,0.08009942947679619,0.0827107490951515,0.01956335133735245,0.08064583392117404,3.400254973140941e-11,0.0,0.0,6.946508695991212e-11,0.0,0.0,0.0,0.08116309294188653,0.0,0.0,0.0,0.0,0.0,0.0,0.0,0.05908765293681635,0.0,0.08131540067375664,0.0,0.040366896874464216,0.07608625667296622,5.990784226051099e-10,0.0
2022-11-08,0.0776091234157969,4.125584924746816e-12,0.07972376874337685,0.07939817825397633,0.0,0.0,0.08170989760300142,2.8882648892221448e-11,0.0,0.0,0.0,0.0,0.08063036264967034,0.08036333158797596,0.08195500891633947,0.019407931305938823,0.0802108630823312,3.4212830369518733e-11,0.0,0.0,7.012146842135287e-11,0.0,0.0,0.0,0.08131625378630511,0.0,0.0,0.0,0.0,0.0,0.0,0.0,0.05870153106934671,0.0,0.0812819830307603,0.0,0.04045198170340547,0.07723978412476663,5.896656857752773e-10,0.0
2022-11-09,0.07806870900914423,4.195516019744889e-12,0.08078105176339083,0.07913089988205313,0.0,0.0,0.08213673229591753,2.950158983968916e-11,0.0,0.0,0.0,0.0,0.0803644285423341,0.07986247122433802,0.08154844428378631,0.019677674340959805,0.08045248559100288,3.3792086313529786e-11,0.0,0.0,7.174323580080768e-11,0.0,0.0,0.0,0.07988582953415901,0.0,0.0,0.0,0.0,0.0,0.0,0.0,0.05770453107922798,0.0,0.08071417818959593,0.0,0.04133059697837539,0.0783419665618862,5.845959392011447e-10,0.0
2022-11-10,0.07773911109700965,4.173985067615736e-12,0.08097201585126247,0.07965868150106603,0.0,0.0,0.08173943505502373,2.9980024849134293e-11,0.0,0.0,0.0,0.0,0.07953155220914479,0.08153366486117705,0.08030114258794417,0.019614482755839446,0.07924505937705033,3.4098509625940154e-11,0.0,0.0,6.954302553632913e-11,0.0,0.0,0.0,0.08000303362417852,0.0,0.0,0.0,0.0,0.0,0.0,0.0,0.058286859044922174,0.0,0.08093992723406779,0.0,0.04073883274313858,0.07969620133247703,5.879024204158838e-10,0.0
2022-11-11,0.07661166948281296,4.120528635690104e-12,0.081262706212643,0.0797939900256281,0.0,0.0,0.08058235986455833,2.98433384063502e-11,0.0,0.0,0.0,0.0,0.08094190401748749,0.08247232863528733,0.08108557987511385,0.019568328457478135,0.07877195542987875,3.461118643848832e-11,0.0,0.0,6.943280179697527e-11,0.0,0.0,0.0,0.08089552468475614,0.0,0.0,0.0,0.0,0.0,0.0,0.0,0.05764120063274665,0.0,0.081050635765776,0.0,0.040434893713071414,0.07888692247845792,5.862958054779158e-10,0.0
2022-11-14,0.0755410420907712,4.07596143697173e-12,0.08176220371770691,0.07950595750374928,0.0,0.0,0.08038583932729328,2.9761241906727646e-11,0.0,0.0,0.0,0.0,0.08159178502257099,0.08205968699249166,0.08218327518336965,0.01976429559423576,0.07768209575241575,3.49183115075639e-11,0.0,0.0,7.105496456910795e-11,0.0,0.0,0.0,0.08136004576137815,0.0,0.0,0.0,0.0,0.0,0.0,0.0,0.05717803394964211,0.0,0.0809175023747166,0.0,0.0406793292820077,0.07938890672610681,5.817334234971e-10,0.0
2022-11-15,0.0755002436170524,4.005386296417022e-12,0.08269136710631676,0.07907254911455995,0.0,0.0,0.0805359793127293,2.990590587281155e-11,0.0,0.0,0.0,0.0,0.08289321315913284,0.08063879073629428,0.08187807393585016,0.019826305341050433,0.07827480630506976,3.5606090803095884e-11,0.0,0.0,7.130640643951104e-11,0.0,0.0,0.0,0.07990117791023954,0.0,0.0,0.0,0.0,0.0,0.0,0.0,0.05668670614206508,0.0,0.0812952737490695,0.0,0.04136366541048466,0.079441847445272,5.73989207743552e-10,0.0
2022-11-16,0.07632472622380301,3.971772576728996e-12,0.0819414934200846,0.07944054833027496,0.0,0.0,0.08116099278252582,2.952503955277108e-11,0.0,0.0,0.0,0.0,0.08320355399348002,0.08271772457948029,0.08017784103189889,0.019872154314661886,0.07838802775462565,3.566611335126198e-11,0.0,0.0,6.99867495742548e-11,0.0,0.0,0.0,0.08016809753889051,0.0,0.0,0.0,0.0,0.0,0.0,0.0,0.05634562157561808,0.0,0.08088944390328068,0.0,0.04126015390201095,0.0781096199318536,5.783610927756692e-10,0.0
2022-11-17,0.07690447214196244,4.0352820312916675e-12,0.08168403563648266,0.08120979869477819,0.0,0.0,0.08186364076802938,2.967813387411339e-11,0.0,0.0,0.0,0.0,0.08290170344982613,0.08197101211254833,0.07887923572373418,0.020065462164414634,0.0788227078336434,3.5735877806567655e-11,0.0,0.0,6.906855220727355e-11,0.0,0.0,0.0,0.08031711585882413,0.0,0.0,0.0,0.0,0.0,0.0,0.0,0.05576900962809432,0.0,0.08064960006219651,0.0,0.04141518007704573,0.0775470251255978,5.843041157651529e-10,0.0
2022-11-18,0.07705448805221035,4.105822302873265e-12,0.08155231460690385,0.08089333697077312,0.0,0.0,0.08300985182953266,3.018931145309268e-11,0.0,0.0,0.0,0.0,0.08248222302024888,0.0846822675154368,0.07850469440500613,0.019947711542539416,0.07844960011761605,3.599290372388083e-11,0.0,0.0,6.672993070403761e-11,0.0,0.0,0.0,0.07905421125161256,0.0,0.0,0.0,0.0,0.0,0.0,0.0,0.05675655750167675,0.0,0.08021385868599154,0.0,0.04146168616338299,0.07593719761875138,5.812992757829594e-10,0.0
2022-11-21,0.07785651299664285,4.094829898781477e-12,0.08146041809589512,0.08035737370682239,0.0,0.0,0.08300223940980768,3.103028325919708e-11,0.0,0.0,0.0,0.0,0.08257170701063925,0.08406912176716963,0.07859756659322742,0.020103890413147696,0.07886963072283136,3.6785491496160914e-11,0.0,0.0,6.856291927298743e-11,0.0,0.0,0.0,0.07847598419821675,0.0,0.0,0.0,0.0,0.0,0.0,0.0,0.05764803412999323,0.0,0.08020346973549732,0.0,0.04104999142793055,0.0757340590833357,5.683691776122604e-10,0.0
2022-11-22,0.07677439782506218,4.0589462794479675e-12,0.0809041445594113,0.07940142366747088,0.0,0.0,0.08352518139699018,3.086294626143078e-11,0.0,0.0,0.0,0.0,0.0831536068686762,0.08376940556542224,0.07814555624467864,0.020096281715565958,0.07935428905454425,3.705673178502208e-11,0.0,0.0,6.939149047056222e-11,0.0,0.0,0.0,0.07936884473872301,0.0,0.0,0.0,0.0,0.0,0.0,0.0,0.05661828262331142,0.0,0.08053019461186024,0.0,0.04156694470627812,0.07679144570659947,5.740354282118088e-10,0.0
2022-11-23,0.07751710649667083,3.987645600809679e-12,0.08135239125468903,0.07976651908421839,0.0,0.0,0.0824210595199629,3.0976005913130585e-11,0.0,0.0,0.0,0.0,0.08226707638460042,0.0842138455653479,0.078455142989997,0.019973492870657174,0.07908886756574497,3.736431123739665e-11,0.0,0.0,7.090997031649977e-11,0.0,0.0,0.0,0.07960515515614947,0.0,0.0,0.0,0.0,0.0,0.0,0.0,0.05651383362228282,0.0,0.08143775275474432,0.0,0.04147363540727,0.07591412060336596,5.810605886901219e-10,0.0
2022-11-24,0.07675094794060007,3.944304844156569e-12,0.08251399121431362,0.07947918756032231,0.0,0.0,0.08280796710397957,3.201173553739769e-11,0.0,0.0,0.0,0.0,0.08369132602338568,0.08239664959889566,0.07791717089170568,0.019968605283736396,0.07975627484050389,3.890596901670733e-11,0.0,0.0,7.102292766069028e-11,0.0,0.0,0.0,0.07868761306774623,0.0,0.0,0.0,0.0,0.0,0.0,0.0,0.056471407030007796,0.0,0.08010788648798989,0.0,0.04154363576551024,0.0779073364697399,5.756778007023395e-10,0.0
2022-11-25,0.07583332155521763,3.9723622513607e-12,0.08394044286170373,0.07830985050628485,0.0,0.0,0.08188638859162488,3.23829510626893e-11,0.0,0.0,0.0,0.0,0.08528444278680397,0.08188178533255136,0.07939080746328042,0.01992591844575308,0.07943232541958713,3.8942862781786706e-11,0.0,0.0,7.105347579276245e-11,0.0,0.0,0.0,0.07831098584044512,0.0,0.0,0.0,0.0,0.0,0.0,0.0,0.05626620110748055,0.0,0.07950659108006754,0.0,0.04106642776694009,0.07896451051940617,5.765013717926827e-10,0.0
2022-11-28,0.07782069143543313,3.9520570454131445e-12,0.08348036949574476,0.0795863962020322,0.0,0.0,0.08149957505730797,3.233298341720354e-11,0.0,0.0,0.0,0.0,0.08658991691048054,0.08167363471545225,0.07806482780688774,0.02032505292929337,0.07933895887970949,3.864350421019583e-11,0.0,0.0,7.147385151438027e-11,0.0,0.0,0.0,0.07780181440133402,0.0,0.0,0.0,0.0,0.0,0.0,0.0,0.05524233261971184,0.0,0.07931595483040339,0.0,0.0405905818344706,0.0786698921537889,5.815469170572893e-10,0.0
2022-11-29,0.07769034682151861,3.894785938215335e-12,0.08263763520182521,0.08012969489193479,0.0,0.0,0.08215596982609163,3.190007796153905e-11,0.0,0.0,0.0,0.0,0.0862365309660651,0.08063986168510677,0.07898461243564901,0.02046507113159093,0.07943666079907052,3.867581806747683e-11,0.0,0.0,7.164448897713052e-11,0.0,0.0,0.0,0.07817505447883445,0.0,0.0,0.0,0.0,0.0,0.0,0.0,0.05564071466294553,0.0,0.07951384117413061,0.0,0.04007904707872142,0.07821495810612351,5.942761731038407e-10,0.0
2022-11-30,0.07990144401279936,3.885224914122653e-12,0.08151477117728811,0.08055803821132744,0.0,0.0,0.08231843091376502,3.154715359757244e-11,0.0,0.0,0.0,0.0,0.08756106973753598,0.07974022578376863,0.07865971403167975,0.020243196776639855,0.08024348780685861,3.9750754887922954e-11,0.0,0.0,7.128440688937907e-11,0.0,0.0,0.0,0.07772341112779393,0.0,0.0,0.0,0.0,0.0,0.0,0.0,0.0548339306806271,0.0,0.07979227376058219,0.0,0.03998819702950853,0.07692180820744471,5.959126528150184e-10,0.0
2022-12-01,0.01999999998847989,0.06000000007346508,0.03999998562589392,0.07999999999904489,2.6788645750545823e-13,2.4453587544306084e-11,0.07999999999366676,0.0,0.0,1.000937061092677e-09,9.925854159094713e-12,0.0,0.0,0.07999999997540441,0.07999999999823426,0.07999999998031057,0.07999999999808204,2.8041093793542015e-12,1.3410929468711026e-08,2.6716029394427922e-11,1.0068338933199492e-12,0.0,0.0,2.0163533387129904e-12,0.08000000000207566,0.0,0.0,3.25739424830936e-12,0.0,1.1707352003387805e-12,2.1970291981633524e-12,0.0,0.07999999999658637,0.07999999990125857,0.08000000000294924,0.0,0.07999999993692916,8.887036974706566e-12,3.304983718601002e-11,0.0
2022-12-02,0.020162827560241448,0.059045515103941695,0.04056910872812332,0.07996196383027802,2.7499567643449276e-13,2.456076279301868e-11,0.07947591667714242,0.0,0.0,1.032603155821162e-09,9.827510535278546e-12,0.0,0.0,0.08045471543530386,0.08108369899290856,0.07933999292690465,0.08010996187883714,2.926999251936519e-12,1.3429854551398184e-08,2.7386688747064948e-11,1.0144221510733527e-12,0.0,0.0,2.014858719448183e-12,0.08094272578841481,0.0,0.0,3.250494298592023e-12,0.0,1.1789808700361305e-12,2.2521341893539828e-12,0.0,0.08105314162412725,0.07766844421567465,0.08027620795087764,0.0,0.07985576470829259,8.939574877853057e-12,3.284689671872238e-11,0.0
2022-12-05,0.01972159192642309,0.05875750032869357,0.041056084066492166,0.0806431515773485,2.7656516231419075e-13,2.36465116882668e-11,0.07878939186461885,0.0,0.0,1.0344458239658987e-09,9.750676966085936e-12,0.0,0.0,0.0800590923452283,0.08092780558272455,0.07979749230935942,0.07975115719420958,2.981594649319799e-12,1.3476308329457212e-08,2.7117466145732735e-11,1.032617753096114e-12,0.0,0.0,1.9834386032086246e-12,0.08056985585021843,0.0,0.0,3.335483333359563e-12,0.0,1.159395708085275e-12,2.24990041475823e-12,0.0,0.08213928260132237,0.0787130383838759,0.08055289970231051,0.0,0.07852164164088425,9.031800333179921e-12,3.2970916819320635e-11,0.0
2022-12-06,0.020027043092065384,0.058900621106675155,0.04146352796052364,0.08123434110533852,2.7666542579609884e-13,2.4180768406278564e-11,0.07932848344891404,0.0,0.0,1.057652936660111e-09,9.795573897539035e-12,0.0,0.0,0.07912719899411962,0.0807899892832159,0.08020897418351759,0.07982615341390707,2.9869491082573606e-12,1.3506481176390224e-08,2.7145545073582935e-11,1.038673837463786e-12,0.0,0.0,1.9614572845460973e-12,0.0801556742924165,0.0,0.0,3.3886550675971756e-12,0.0,1.1620951913971856e-12,2.2627697629022654e-12,0.0,0.0831851398165311,0.0782322910986563,0.08014280017564474,0.0,0.07737774734841446,9.027384798547377e-12,3.269939348806931e-11,0.0
2022-12-07,0.02012529279842326,0.059111872093971854,0.04149534923434431,0.08038406674160244,2.8393253500322e-13,2.4289072886028563e-11,0.07984266756976789,0.0,0.0,1.0766235818155855e-09,9.465567663026983e-12,0.0,0.0,0.07947823829292378,0.08222758620164126,0.08006596279901784,0.07869602789633827,2.9433882152053813e-12,1.3493586342061958e-08,2.7795901991710183e-11,1.0344830054260172e-12,0.0,0.0,1.944662081782615e-12,0.08085059475048743,0.0,0.0,3.3693298002459716e-12,0.0,1.1529062961733075e-12,2.2922919880451383e-12,0.0,0.08178428651079506,0.07864931053767592,0.0805387001414095,0.0,0.07675002974463895,8.964507135804454e-12,3.321630745594763e-11,0.0
2022-12-08,0.01967444060836479,0.0580781095479207,0.041584350680899794,0.07951278756812905,2.8050254559178985e-13,2.4232036408553897e-11,0.08012883001909955,0.0,0.0,1.0878311054998615e-09,9.477283948143742e-12,0.0,0.0,0.08019276292783156,0.08218665564525474,0.07951088885079984,0.0783509117099211,2.9729097239858353e-12,1.3291251102476298e-08,2.8501014164044713e-11,1.0455499746201901e-12,0.0,0.0,1.9123694026902526e-12,0.08091030923977775,0.0,0.0,3.398375850997487e-12,0.0,1.1683465455121847e-12,2.2965724599011677e-12,0.0,0.08355304421630741,0.07863674240422162,0.08082752971179716,0.0,0.07685262237372972,8.932299628830241e-12,3.264576985023042e-11,0.0
2022-12-09,0.019897217562367234,0.05715092267573192,0.04144638005013093,0.07820404142307744,2.86268421818754e-13,2.4333985375934584e-11,0.08062880903264887,0.0,0.0,1.119228194695475e-09,9.355862357528327e-12,0.0,0.0,0.07969806458417686,0.0826195966938604,0.07866905993984122,0.07898000181146636,2.9455839081758466e-12,1.3075258578888433e-08,2.844322435742044e-11,1.0153215043724075e-12,0.0,0.0,1.923395708514203e-12,0.0816265787594451,0.0,0.0,3.4911030179414256e-12,0.0,1.1902373684289793e-12,2.2787304589561395e-12,0.0,0.08334756228724864,0.07950499679876463,0.08057002267002733,0.0,0.07765673139978921,8.910196002121849e-12,3.276313607897556e-11,0.0
2022-12-12,0.019689569960523224,0.05698106563159198,0.04148910127980891,0.07780659165421475,2.84495107087311e-13,2.4579545760749928e-11,0.08091254404021825,0.0,0.0,1.1221684065614913e-09,9.575512361385236e-12,0.0,0.0,0.07907321368425697,0.08225064498838461,0.07881964874353248,0.07936539327729969,2.949515821932522e-12,1.3030996910207998e-08,2.8309339875625182e-11,1.0178152433225971e-12,0.0,0.0,1.9272034207220243e-12,0.08220631205551863,0.0,0.0,3.488660482903877e-12,0.0,1.1799304205770019e-12,2.3411267929131805e-12,0.0,0.08299603573327306,0.08004406606312542,0.08059601236301525,0.0,0.07776978625515411,8.91897672913689e-12,3.2345109216993764e-11,0.0
2022-12-13,0.01909539242757817,0.05762559016074571,0.041871331111420995,0.07804242652724333,2.8453060084568236e-13,2.4568272775686574e-11,0.08112707610606118,0.0,0.0,1.1116682615738148e-09,9.431827751754662e-12,0.0,0.0,0.0788438561177146,0.08044009861111372,0.07911480705413033,0.08017732869407171,3.0199498255280746e-12,1.292554416929105e-08,2.8976754685953624e-11,1.0319207414390241e-12,0.0,0.0,1.8971572231665057e-12,0.08134551528930693,0.0,0.0,3.530095974283628e-12,0.0,1.207086958673994e-12,2.3236795413750776e-12,0.0,0.08279381249139652,0.0807529332178714,0.0803050116534102,0.0,0.07846480638314395,8.923113101907183e-12,3.238426820291061e-11,0.0
2022-12-14,0.01931133629020481,0.057590128210238546,0.04214980673339986,0.07790771540916466,2.833717188101841e-13,2.4790101999819225e-11,0.0799051330574053,0.0,0.0,1.0791298919856416e-09,9.59263829276462e-12,0.0,0.0,0.07885314243638293,0.08003557747288774,0.07988246080383198,0.07928187637362263,3.1043314040068116e-12,1.2796445388237304e-08,2.8541058114657636e-11,1.0435849925380406e-12,0.0,0.0,1.9266004214508274e-12,0.08097722590754856,0.0,0.0,3.5716317455127487e-12,0.0,1.2135001034462892e-12,2.3260787847355105e-12,0.0,0.08381419271572069,0.08184903456469904,0.07971296621432972,0.0,0.07872938981724953,8.968831238926557e-12,3.237677338226274e-11,0.0
2022-12-15,0.019396393391422184,0.05690092107237267,0.04202126317041399,0.07753013698459417,2.8607593635174473e-13,2.5068857964008105e-11,0.07995544736492258,0.0,0.0,1.0556157463824069e-09,9.45482811467386e-12,0.0,0.0,0.07881607164140828,0.08036887593895974,0.07938567025001154,0.07917073748931504,3.2097479438529213e-12,1.2802876522529246e-08,2.8542662042840328e-11,1.0318038850294649e-12,0.0,0.0,1.9285805052027655e-12,0.0809514153748661,0.0,0.0,3.587852222708655e-12,0.0,1.24048212497313e-12,2.3287674952685654e-12,0.0,0.08518614769046406,0.08150932037685121,0.08029998603219014,0.0,0.07850759924600015,9.020510813187963e-12,3.201552613308793e-11,0.0
2022-12-16,0.01930885551179849,0.05628317965455788,0.041496496949560834,0.0768584519646236,2.840417041692422e-13,2.5038462667366813e-11,0.07950786602999178,0.0,0.0,1.0765988253551395e-09,9.49639912057945e-12,0.0,0.0,0.07929570044872432,0.08113882542631326,0.07927776544120207,0.07840958735409966,3.208471987214907e-12,1.2703839281042087e-08,2.921663140698817e-11,1.0248500534900564e-12,0.0,0.0,1.8853750517081483e-12,0.08155351644791252,0.0,0.0,3.5993215683587976e-12,0.0,1.248797053267298e-12,2.302746602366875e-12,0.0,0.08757054229897818,0.07919067497968701,0.08145007839650031,0.0,0.07865844519671752,9.055727849617595e-12,3.2533417745407015e-11,0.0
2022-12-19,0.018981171107813697,0.056005837484958326,0.04170166236220208,0.07639282844377902,2.8504763781409345e-13,2.4421917044912466e-11,0.08031019266588711,0.0,0.0,1.080304436784376e-09,9.425275377121722e-12,0.0,0.0,0.07987166162514764,0.081959264894657,0.07957600386006589,0.07846343473584645,3.1759598875212317e-12,1.2588129929823499e-08,2.955883008168702e-11,1.0132699551623413e-12,0.0,0.0,1.8817774407221607e-12,0.08116394662396927,0.0,0.0,3.6263817704353657e-12,0.0,1.215529356686402e-12,2.250642962793729e-12,0.0,0.08659207085403198,0.07841197542206023,0.08141059711841891,0.0,0.0791593390145363,9.211192149149097e-12,3.212573583673298e-11,0.0
2022-12-20,0.0191473588002481,0.05658699199512827,0.041373703760758475,0.07648373526189914,2.864275896841353e-13,2.439256644127666e-11,0.08050852927357532,0.0,0.0,1.0860050832632613e-09,9.207014526398237e-12,0.0,0.0,0.08033739796694557,0.08086344666664036,0.08051872398663018,0.07805175228975096,3.1792090110117058e-12,1.2605306995851841e-08,2.911383483077577e-11,1.0187910801639128e-12,0.0,0.0,1.8871973622252387e-12,0.0812058976650648,0.0,0.0,3.6166725217896725e-12,0.0,1.2274414305706261e-12,2.2777483747649526e-12,0.0,0.08644973561368982,0.07749918726967266,0.08147883282490959,0.0,0.07949469281630421,9.072956846409744e-12,3.219043129984902e-11,0.0
2022-12-21,0.019004554349682314,0.05646662933226281,0.041327758807441814,0.07657544776941413,2.8822340833135955e-13,2.4499160617810568e-11,0.08058243240274612,0.0,0.0,1.1033994047851703e-09,9.271955035394236e-12,0.0,0.0,0.08017197112632145,0.08070996417398266,0.08062309646641888,0.07815201842439173,3.105104703592864e-12,1.2502669641511068e-08,2.8386862704504073e-11,1.0191533963747272e-12,0.0,0.0,1.8642326610031504e-12,0.08036408121204383,0.0,0.0,3.655109353211482e-12,0.0,1.2106804424926393e-12,2.249406944638031e-12,0.0,0.08754186529144563,0.07787887522455664,0.08086553663968456,0.0,0.07973575505663064,9.090757770310561e-12,3.226702507268049e-11,0.0
2022-12-22,0.019087140903920708,0.055870230661603626,0.041492612980976375,0.0769259224001634,2.906644235552666e-13,2.424852156020441e-11,0.0805298095082341,0.0,0.0,1.1113039351188432e-09,9.360972215848397e-12,0.0,0.0,0.07946606974853451,0.08358872854916886,0.08073005967525641,0.07742541996445029,3.0743875875047926e-12,1.2480210636694252e-08,2.923850466140107e-11,1.0445515452956602e-12,0.0,0.0,1.8881469204201142e-12,0.08055552763109007,0.0,0.0,3.6226134335830555e-12,0.0,1.2421234387648419e-12,2.305185214063484e-12,0.0,0.08530659423203389,0.07783908150095088,0.08158251662660007,0.0,0.07960027190832125,8.863053574879312e-12,3.200216960472082e-11,0.0
2022-12-23,0.01892974456304236,0.055082443728292074,0.04164669688035868,0.07609870585133861,2.932384796546828e-13,2.38795605309532e-11,0.08069873458958919,0.0,0.0,1.1387177752895739e-09,9.389494484723735e-12,0.0,0.0,0.07767661308472612,0.08413060636130444,0.08013075066539792,0.07774555874570604,3.071066660854676e-12,1.2551680059379724e-08,2.903234883453102e-11,1.0630002248850428e-12,0.0,0.0,1.9260818014958976e-12,0.08031320756962726,0.0,0.0,3.6084397364453033e-12,0.0,1.2500236455032362e-12,2.259185809586113e-12,0.0,0.0853093044793928,0.07979799051643006,0.08288363922660943,0.0,0.07955598993134642,8.785404224481589e-12,3.188284949801707e-11,0.0
2022-12-26,0.0191505372378542,0.054764433595810416,0.04203646269696797,0.07481589877332774,2.939136662923613e-13,2.459905098966319e-11,0.08148234273798015,0.0,0.0,1.1271302560307787e-09,9.421567663566407e-12,0.0,0.0,0.07558527021168433,0.08551857694666833,0.0812747022076421,0.07770684214428743,3.1280719180420858e-12,1.2587333699130953e-08,2.8329372780326098e-11,1.0836031811343486e-12,0.0,0.0,1.9469845680801314e-12,0.08070181486224938,0.0,0.0,3.64021064049953e-12,0.0,1.2245039230428975e-12,2.2713193623549846e-12,0.0,0.0856706602495969,0.07753606701224874,0.08285699384409793,0.0,0.08089938364793825,8.969658508986659e-12,3.2273918835310915e-11,0.0
2022-12-27,0.01929669925528985,0.05536069845318015,0.042001312866618845,0.07486170933566996,2.9852577891145007e-13,2.4977289227664493e-11,0.08179216642663537,0.0,0.0,1.1411094552949324e-09,9.35033482237247e-12,0.0,0.0,0.07625352074177415,0.08363833110864975,0.08179071820974386,0.07861218360016968,3.0908733454806265e-12,1.2802907200847269e-08,2.8543009096463348e-11,1.0966257443315184e-12,0.0,0.0,1.925591303978422e-12,0.08115897345315948,0.0,0.0,3.683018620622582e-12,0.0,1.2009889182166857e-12,2.2991240787153107e-12,0.0,0.08358059961483826,0.07795592053868831,0.08327438217386052,0.0,0.08042277015945005,8.798948319772489e-12,3.299072208807371e-11,0.0
2022-12-28,0.019438887293884502,0.05572152150468511,0.042076032234000194,0.07434830029963699,3.025631082671295e-13,2.4968061731637986e-11,0.08210978584489144,0.0,0.0,1.136550814158202e-09,9.275800245493677e-12,0.0,0.0,0.07915774500891719,0.08377250015326003,0.08141491082498015,0.07793198267324067,3.0292005685708627e-12,1.2664187669135362e-08,2.8490887244642616e-11,1.1280995512516323e-12,0.0,0.0,1.9413957661950543e-12,0.08248187888092115,0.0,0.0,3.66015035381121e-12,0.0,1.2084151833929383e-12,2.3278900169467454e-12,0.0,0.0803681576038579,0.07870305337286365,0.08352203033267058,0.0,0.07895320005347858,8.977401782170387e-12,3.266336678006253e-11,0.0
2022-12-29,0.01958897555366303,0.05691425646530309,0.042310720144604325,0.07535946459001246,3.054442375106116e-13,2.4718405714568312e-11,0.08160537088756006,0.0,0.0,1.1474335030943209e-09,9.218394310909537e-12,0.0,0.0,0.07989557865855859,0.08189500847635268,0.08111017286519139,0.07894144529442933,2.9706311208071904e-12,1.2656096921279013e-08,2.8079945501630023e-11,1.1488513774003213e-12,0.0,0.0,1.9486279412642013e-12,0.08172393078262537,0.0,0.0,3.599023677859945e-12,0.0,1.191738158671244e-12,2.330147046676361e-12,0.0,0.08075459078947901,0.07877493275559587,0.08239903460694034,0.0,0.07872650420852606,9.21987804850816e-12,3.289672224845147e-11,0.0
2022-12-30,0.01965660624235532,0.05825203562340172,0.04185525625046132,0.07533340457152651,3.1169636270988834e-13,2.4683100896647177e-11,0.08126680474740852,0.0,0.0,1.1873304746126783e-09,9.330088513693259e-12,0.0,0.0,0.08075703520118781,0.08249630872775428,0.081412517313066,0.07858840450123794,2.9844404525206205e-12,1.2739439592481327e-08,2.879865575633543e-11,1.1515974302020046e-12,0.0,0.0,1.9363064459592233e-12,0.08158075597783,0.0,0.0,3.559318134439427e-12,0.0,1.2324331186915158e-12,2.337216235477615e-12,0.0,0.08007182437852164,0.07732001642588096,0.08315435799319415,0.0,0.07825465799996612,9.047707199451667e-12,3.4064904211681985e-11,0.0
2023-01-02,0.0799999999854237,0.0,0.053226387338637285,0.07999999999522776,0.0,3.963834600447235e-12,0.07999999998812377,0.0,0.0,9.412517153783379e-11,0.0,0.0,4.802086613184588e-11,0.039999999969152704,3.9362661395240744e-11,0.07999999999013561,0.0799999999938263,0.0,0.07999999999147439,9.45859875117435e-13,0.0,0.0,0.0,0.0,0.07999999999631047,0.0,0.06000000000126546,0.0,0.0,0.0,0.0,0.0,0.04677361262564796,0.0,0.07999999999673363,0.0,0.07999999998722021,1.9962570672249954e-11,5.29104993664947e-12,0.07999999992914901
2023-01-03,0.08024678974100666,0.0,0.0537184371394635,0.07936743263280817,0.0,3.945162558105633e-12,0.08056073961714375,0.0,0.0,9.305403085751722e-11,0.0,0.0,4.7486359158669185e-11,0.03981347138081238,3.947110869333568e-11,0.07968030761451203,0.08000151115514897,0.0,0.07941411573630136,9.442533393422215e-13,0.0,0.0,0.0,0.0,0.08061940527243333,0.0,0.0594149543073243,0.0,0.0,0.0,0.0,0.0,0.046146985850671604,0.0,0.08000750518788516,0.0,0.08052857210716247,2.0155173809599693e-11,5.376952874737979e-12,0.08047977204689359
2023-01-04,0.07988885605410982,0.0,0.05467510142073414,0.0787736306978188,0.0,3.8643241275152755e-12,0.07996034928613385,0.0,0.0,9.421052929956231e-11,0.0,0.0,4.774423860974929e-11,0.03917192173851583,3.9178329290861233e-11,0.07809577942688598,0.08024581546610358,0.0,0.07911546510616929,9.665095012184589e-13,0.0,0.0,0.0,0.0,0.0801995398024116,0.0,0.06076696520600421,0.0,0.0,0.0,0.0,0.0,0.045783936896473254,0.0,0.08054634211691142,0.0,0.07980120071301684,1.9950207017339767e-11,5.391966079249607e-12,0.08297509585740559
2023-01-05,0.08048274219593643,0.0,0.05539864622312726,0.07964095635781075,0.0,3.8604424008351e-12,0.07997285007723556,0.0,0.0,9.332791275547288e-11,0.0,0.0,4.866681020396053e-11,0.039180245681542616,3.995728841160809e-11,0.07893861290429892,0.07982744468029188,0.0,0.07995851608454484,9.574902947377485e-13,0.0,0.0,0.0,0.0,0.07921784393854289,0.0,0.060543579121302024,0.0,0.0,0.0,0.0,0.0,0.04587932207238848,0.0,0.08029026286871561,0.0,0.07985499440257707,2.0477666403853502e-11,5.422443180729546e-12,0.08081398317901593
2023-01-06,0.07935287967523692,0.0,0.055462064877524794,0.0795094845104162,0.0,3.799467238455407e-12,0.07992799123679671,0.0,0.0,9.225703992788837e-11,0.0,0.0,4.861861687453186e-11,0.03875086152917214,3.9877362929843605e-11,0.07902416368011567,0.08037488935966167,0.0,0.08030885040565658,9.643682956106447e-13,0.0,0.0,0.0,0.0,0.0792688042512245,0.0,0.06183111885536868,0.0,0.0,0.0,0.0,0.0,0.04522768156487943,0.0,0.07961057898680413,0.0,0.08078586462945737,2.0670072376415828e-11,5.584842379028881e-12,0.08056476622591376
2023-01-09,0.07917047885166553,0.0,0.05481755051575903,0.07993484730042424,0.0,3.699688551725609e-12,0.07936898087958677,0.0,0.0,9.176371162330274e-11,0.0,0.0,4.7880369045164003e-11,0.03838636590889175,3.996887686849729e-11,0.07882217934562168,0.08164094239773236,0.0,0.07926674295589663,9.831589763877698e-13,0.0,0.0,0.0,0.0,0.07880389526250305,0.0,0.06251617445377398,0.0,0.0,0.0,0.0,0.0,0.0452225827690173,0.0,0.0791916341927767,0.0,0.08262210736709344,2.07428506804722e-11,5.535920213575702e-12,0.08023551758868332
2023-01-10,0.07883668237904341,0.0,0.05480639831132119,0.07891763074946775,0.0,3.694751891900898e-12,0.08055225302781246,0.0,0.0,9.057279155608653e-11,0.0,0.0,4.807791528403624e-11,0.03756171644255836,3.921675703035325e-11,0.0793070769712976,0.0821324764629576,0.0,0.0790550099910103,9.856026312551562e-13,0.0,0.0,0.0,0.0,0.07895370927516766,0.0,0.06313907187092244,0.0,0.0,0.0,0.0,0.0,0.044767561837574105,0.0,0.07810573269684848,0.0,0.08472669233804193,2.0631222028698167e-11,5.5078023237395425e-12,0.07913798743729018
2023-01-11,0.07943684425701539,0.0,0.05405194168362369,0.07875594396253462,0.0,3.727672598986407e-12,0.08046637771461908,0.0,0.0,9.020920870609162e-11,0.0,0.0,4.889817619175882e-11,0.036799843901313224,3.9272041905809545e-11,0.07981906157736939,0.08191916150612862,0.0,0.07855633461824052,1.002080820502396e-12,0.0,0.0,0.0,0.0,0.07770244745241134,0.0,0.06306131387258379,0.0,0.0,0.0,0.0,0.0,0.04609070112292204,0.0,0.07834285534814249,0.0,0.08502253209143226,2.0564731301176418e-11,5.604059676120615e-12,0.07997464068238595
2023-01-12,0.080071592438492,0.0,0.05475351160612683,0.07864222409842271,0.0,3.653402373763006e-12,0.08039634170683047,0.0,0.0,8.836125864266016e-11,0.0,0.0,5.0249870522453275e-11,0.03663822915757868,3.9463375080935036e-11,0.0796010207583132,0.08137692290836364,0.0,0.07912971985527462,1.0097052426571832e-12,0.0,0.0,0.0,0.0,0.07741818070199877,0.0,0.06348544060846198,0.0,0.0,0.0,0.0,0.0,0.04712880329626369,0.0,0.07828010425297165,0.0,0.08450164718743423,2.0656969483321152e-11,5.70090468058938e-12,0.0785762612143724
2023-01-13,0.0816326124817084,0.0,0.05502568549379616,0.0781389335265156,0.0,3.661252971205209e-12,0.08097447971085316,0.0,0.0,8.634473012003403e-11,0.0,0.0,5.0821999719643516e-11,0.03634878461171324,3.960483050254742e-11,0.07875335086836306,0.08117166024228083,0.0,0.07839829888091915,1.0223627282858347e-12,0.0,0.0,0.0,0.0,0.07689709234565642,0.0,0.06274916968622944,0.0,0.0,0.0,0.0,0.0,0.0471518244344139,0.0,0.0790168220192839,0.0,0.084878764595358,2.1328408611099592e-11,5.8439146611329485e-12,0.07886252089428158
2023-01-16,0.08254604127972236,0.0,0.05492350266792253,0.07767065218094062,0.0,3.633069467192183e-12,0.07994512318814229,0.0,0.0,8.363336400173138e-11,0.0,0.0,5.195957012268517e-11,0.0361309493132387,3.999586498130227e-11,0.07939297765405012,0.08205685813036949,0.0,0.07801332210641276,9.944685968717626e-13,0.0,0.0,0.0,0.0,0.0761894990423211,0.0,0.06278132592902222,0.0,0.0,0.0,0.0,0.0,0.047221024754380406,0.0,0.07777421862468654,0.0,0.08631648387441657,2.1534496626851217e-11,5.839517359334835e-12,0.07903802104678431
2023-01-17,0.08348957721666404,0.0,0.055870628567419166,0.0772128402151996,0.0,3.6559279703478015e-12,0.07984286542351958,0.0,0.0,8.461708813218226e-11,0.0,0.0,5.276017136631324e-11,0.03631499745003663,4.0523860390146675e-11,0.07974448759160808,0.081225542310408,0.0,0.07815523145692639,1.0129482819481146e-12,0.0,0.0,0.0,0.0,0.0762522917832151,0.0,0.06296507788643835,0.0,0.0,0.0,0.0,0.0,0.047325287491705156,0.0,0.07782111572869582,0.0,0.08405786360830295,2.1718621062461325e-11,5.7986884340433775e-12,0.07972219305977431
2023-01-18,0.08221623787479847,0.0,0.055325324286842774,0.0767914564088172,0.0,3.7065089284413116e-12,0.08013034411396441,0.0,0.0,8.529844640652562e-11,0.0,0.0,5.170730306402106e-11,0.036676912628286644,4.037451421332862e-11,0.0801004337940907,0.08138399287016904,0.0,0.07795698769972133,1.0394085779285523e-12,0.0,0.0,0.0,0.0,0.07741914213358345,0.0,0.06234227704953332,0.0,0.0,0.0,0.0,0.0,0.04664834163186092,0.0,0.07876878249199806,0.0,0.08459326260926649,2.1688601281223642e-11,5.857513363374244e-12,0.07964650419739533
2023-01-19,0.08390567264402927,0.0,0.05507981302677858,0.07640424856550694,0.0,3.6996213168659714e-12,0.07995866585030174,0.0,0.0,8.527794396726476e-11,0.0,0.0,5.020422641848859e-11,0.03708061395417272,4.041540501205919e-11,0.0803027309022271,0.08057602691042401,0.0,0.07675505268274185,1.0570818932561908e-12,0.0,0.0,0.0,0.0,0.07705633588966267,0.0,0.06203148099661439,0.0,0.0,0.0,0.0,0.0,0.04696057782962874,0.0,0.07902503486633082,0.0,0.08498900875319083,2.2035004246097076e-11,5.79946047045134e-12,0.07987473691990207
2023-01-20,0.08286884524296602,0.0,0.05490787736099278,0.07664688387935356,0.0,3.679405960794643e-12,0.07899896862025896,0.0,0.0,8.698699842583302e-11,0.0,0.0,4.988322811169487e-11,0.03730194665285811,4.0936689169491205e-11,0.08053490184453564,0.08022439590838662,0.0,0.07635092937277417,1.0424421035239558e-12,0.0,0.0,0.0,0.0,0.07689756839233909,0.0,0.06155011749910019,0.0,0.0,0.0,0.0,0.0,0.047543128205094674,0.0,0.08034437664155225,0.0,0.08529074487009285,2.249493213920336e-11,5.9235844867191995e-12,0.08053931529874828
2023-01-23,0.083741043216436,0.0,0.05462616887998759,0.07657513739389997,0.0,3.676634131016161e-12,0.07860214482289628,0.0,0.0,8.81617860346004e-11,0.0,0.0,4.960834743211614e-11,0.03647552209685468,4.1700656948088626e-11,0.08003770022049707,0.07926537173574756,0.0,0.07588378189729388,1.0197071241446287e-12,0.0,0.0,0.0,0.0,0.07728639607673848,0.0,0.06135473845555499,0.0,0.0,0.0,0.0,0.0,0.047694400246443766,0.0,0.08077639590368636,0.0,0.08552026340223569,2.2495259092195984e-11,5.807698081532192e-12,0.08216093543925813
2023-01-24,0.08262480215616073,0.0,0.054936592473634596,0.07677023076275423,0.0,3.70105323205483e-12,0.07783783425418753,0.0,0.0,8.771182394682523e-11,0.0,0.0,4.974058965889845e-11,0.03671671006780447,4.1313951072696074e-11,0.08012476348172654,0.07879606100882243,0.0,0.07608514701027748,1.033917396527887e-12,0.0,0.0,0.0,0.0,0.07782077651855022,0.0,0.062178133693074955,0.0,0.0,0.0,0.0,0.0,0.04751615165568949,0.0,0.0807337035824753,0.0,0.08540833751741687,2.24396274337554e-11,5.855022784773063e-12,0.08245075560562963
2023-01-25,0.0818849881425927,0.0,0.055442919367443486,0.07646450630516283,0.0,3.673722540335633e-12,0.0779412500503777,0.0,0.0,8.741270022231728e-11,0.0,0.0,4.9211035626357755e-11,0.03661605181155994,4.192295906086241e-11,0.07907091902220119,0.07867735117593677,0.0,0.07595889418724229,1.0682622013609878e-12,0.0,0.0,0.0,0.0,0.07729555145828676,0.0,0.062093426947046615,0.0,0.0,0.0,0.0,0.0,0.047914804257252294,0.0,0.0822487166846469,0.0,0.08471604114174718,2.2403851506365276e-11,5.902243208603226e-12,0.08367457923690909
2023-01-26,0.0804852492328436,0.0,0.055375415420938795,0.07711101976321322,0.0,3.678556851783969e-12,0.07727240210576591,0.0,0.0,8.865052747410101e-11,0.0,0.0,4.961688373753338e-11,0.037371348990052344,4.196810209556957e-11,0.07869495164856893,0.07800843367730351,0.0,0.07662732869146935,1.090803409961461e-12,0.0,0.0,0.0,0.0,0.0775656560418809,0.0,0.061908841758541944,0.0,0.0,0.0,0.0,0.0,0.04784203822863833,0.0,0.08285923193508887,0.0,0.08504537966595214,2.2855193274494193e-11,5.955867038993363e-12,0.08383270262592672
2023-01-27,0.08160583572737189,0.0,0.05618863518971353,0.07581491918353302,0.0,3.628015966166509e-12,0.07630089430252564,0.0,0.0,9.216169531246302e-11,0.0,0.0,5.048337000442168e-11,0.03684371485966343,4.2206169905189904e-11,0.07837032385432113,0.07869640581548328,0.0,0.07659095511888417,1.0880321674631224e-12,0.0,0.0,0.0,0.0,0.0776854140411722,0.0,0.06076227038336641,0.0,0.0,0.0,0.0,0.0,0.047634576261189054,0.0,0.08334584451727571,0.0,0.08353803157825768,2.2261711097043144e-11,5.920266027175302e-12,0.08662217894949407
2023-01-30,0.08219177505524844,0.0,0.05594078834018814,0.07593321149889418,0.0,3.650988905737553e-12,0.07724856005594431,0.0,0.0,9.144857932508239e-11,0.0,0.0,4.9801305388470966e-11,0.03659465508925888,4.197119794394025e-11,0.07898933583128005,0.078315695474939,0.0,0.07666284180429433,1.1193079240071636e-12,0.0,0.0,0.0,0.0,0.07814043256547218,0.0,0.060091951242612615,0.0,0.0,0.0,0.0,0.0,0.04669583042514015,0.0,0.08450777697716294,0.0,0.08224184712203259,2.2429066354883683e-11,5.9648656841168944e-12,0.08644529830114728
2023-01-31,0.08280489490897665,0.0,0.05637670055838375,0.07583822550980979,0.0,3.72612912777971e-12,0.07582843209782322,0.0,0.0,9.238457706027857e-11,0.0,0.0,4.999696039336603e-11,0.03719441268040107,4.2045145279714376e-11,0.07823817858916282,0.07836027257622626,0.0,0.0778065332971574,1.1175397966206265e-12,0.0,0.0,0.0,0.0,0.07824163374506944,0.0,0.05994209665883793,0.0,0.0,0.0,0.0,0.0,0.046610400786999726,0.0,0.0840290142940795,0.0,0.08236257573307644,2.2575752083046877e-11,5.92359575096237e-12,0.08636662834622673
2023-02-01,0.020000000037397363,5.472431949684419e-12,0.07999999999045429,0.07999999999717104,5.974633219324251e-13,1.1694005636456667e-12,0.07999999999604074,2.653865248103239e-11,3.051114228596909e-11,0.0799999999733545,0.0,2.848773522891003e-12,2.027902646511259e-11,0.07999999997063746,3.887240928254412e-12,0.07999999999569066,0.07999999999776074,3.85995495737591e-12,0.07999999900992458,0.0,9.069944348372658e-13,0.0005533744693970255,0.0,5.836054861684793e-13,0.07999999999846101,6.083792389240312e-13,0.05944662551478752,0.02000000002230987,4.609688315533052e-13,5.659665326209212e-13,6.134331763874941e-12,0.0,2.574297578321524e-12,0.0,0.07999999999998293,2.6496019521284915e-12,0.07999999998758509,1.2363195002243966e-12,0.0,0.02000000092816073
2023-02-02,0.019978886484779905,5.583293007672365e-12,0.07956162292584931,0.08006118717559997,6.057514386989862e-13,1.1816148600078896e-12,0.08106527675175253,2.6765482121133784e-11,2.994790677843966e-11,0.07958393948844286,0.0,2.876941968832977e-12,2.0465428460748192e-11,0.07756432486945826,3.832321416719666e-12,0.07929976806209074,0.08013350053597079,3.841498268408144e-12,0.08120794194426766,0.0,9.390462867594068e-13,0.0005604417144634558,0.0,5.89889241487596e-13,0.07945306664382902,6.047876746438146e-13,0.05909550295448384,0.02002709663649382,4.551510817502761e-13,5.645104140047274e-13,6.123030499915214e-12,0.0,2.5387636533554065e-12,0.0,0.08034922859786303,2.6596098524014957e-12,0.08177407494810765,1.23431074901529e-12,0.0,0.020284140155737866
2023-02-03,0.02006902098206374,5.6177964591936134e-12,0.07996628941801544,0.07991117736127949,5.957608619981672e-13,1.1745888678592433e-12,0.07977091882223498,2.65281290560949e-11,2.985156569155065e-11,0.08091492022337729,0.0,2.940289952245346e-12,2.0524001698415807e-11,0.07577890148778998,3.873392069054911e-12,0.07939197336991961,0.07939502700694073,3.893455252305143e-12,0.08210798977394185,0.0,9.22416048553956e-13,0.0005644423887427739,0.0,6.026338272100482e-13,0.07958774968315432,6.111909141748454e-13,0.05987718408222538,0.01990987080735825,4.52388548978704e-13,5.796005702058496e-13,6.059167594316498e-12,0.0,2.5357317517270565e-12,0.0,0.07979847354697801,2.6586588346725214e-12,0.08309413052296764,1.2463557363449226e-12,0.0,0.019861930412343447
2023-02-06,0.01998350484393815,5.655642953243931e-12,0.07960499825769085,0.07971139125881734,5.894026125350991e-13,1.1631173450610412e-12,0.08057719140859346,2.7006083136140115e-11,3.028556719788152e-11,0.08061869711059609,0.0,2.9758901361479457e-12,2.0702385016228005e-11,0.07545207969875492,3.917491233777793e-12,0.07874364172433865,0.07926765511514436,3.918990178250705e-12,0.08143953283926728,0.0,9.128318502891048e-13,0.000573470941074164,0.0,5.871633859396483e-13,0.07978081001401059,6.024155056528101e-13,0.061935422572169864,0.01977697071869294,4.4360892872367874e-13,5.609484629534726e-13,5.9877178752210004e-12,0.0,2.5024824810170078e-12,0.0,0.07985472105877742,2.6232574583101994e-12,0.08339491699572384,1.2319381699940785e-12,0.0,0.019284995330743238
2023-02-07,0.019990684669491582,5.62248946313309e-12,0.07975202564485619,0.07984717813818601,5.950909805233412e-13,1.186703408229432e-12,0.08062680611794588,2.6653931795298294e-11,3.108212386373745e-11,0.08168498880331411,0.0,3.051293156878405e-12,2.0406062374744424e-11,0.07530462023471966,3.9078446212512125e-12,0.07823308087164418,0.07871198647623227,3.922175435428571e-12,0.08138424018652075,0.0,8.799889951415228e-13,0.0005800392628799606,0.0,6.085757000822498e-13,0.08037775805501525,5.916610852659906e-13,0.06218284897898207,0.019527874108046555,4.5118775506510213e-13,5.581383816457496e-13,5.9083460868299224e-12,0.0,2.5116661418269674e-12,0.0,0.07981300715244895,2.6326527496343358e-12,0.08256460570136183,1.2034494967359683e-12,0.0,0.01941825548658152
2023-02-08,0.019829748069844586,5.653538385771515e-12,0.08018001734256652,0.07919273580886749,5.928404707220356e-13,1.1820279281420544e-12,0.08050913786916698,2.676974528735804e-11,3.2299389577597174e-11,0.08358709755643659,0.0,3.0181072266297077e-12,2.083589998260676e-11,0.07643668844533917,3.966827972061331e-12,0.07713016335580489,0.07877823238697494,3.851451229128352e-12,0.08163499383896612,0.0,8.638966544813948e-13,0.0005844300410236267,0.0,6.182416102299484e-13,0.07997682604176196,5.929407192817792e-13,0.061210490505668604,0.019531817982139172,4.550525618007898e-13,5.716762218003286e-13,5.860814846634872e-12,0.0,2.588682288686457e-12,0.0,0.07942367691927991,2.604487022266954e-12,0.08312916448964038,1.1963828278932987e-12,0.0,0.018864779232997175
2023-02-09,0.019746113588704407,5.6114415968889106e-12,0.08022506695043607,0.07818838036252639,5.946242636797865e-13,1.1935956362477707e-12,0.0808093300699927,2.7184368287299693e-11,3.2369334464046686e-11,0.08662259661936572,0.0,2.988989176980311e-12,2.0817414076143173e-11,0.07717724079320346,3.998158825029694e-12,0.0756234977661265,0.07808528568498677,3.908403282543111e-12,0.08097528402072855,0.0,8.658764134606463e-13,0.0005843196148553333,0.0,6.299653884068656e-13,0.08020035792582039,5.812299351859182e-13,0.06140137991948286,0.019793859522899634,4.578014428669665e-13,5.829714466022851e-13,5.846453047801212e-12,0.0,2.563528993790985e-12,0.0,0.07898385399192384,2.594632830717263e-12,0.08258118991345897,1.1783707739732837e-12,0.0,0.019002243141521345
2023-02-10,0.019814306362425916,5.59563269621412e-12,0.08105083683642328,0.07783305106493199,5.975512340629116e-13,1.2190501008129897e-12,0.07990849803376784,2.7668044972351513e-11,3.327133185345656e-11,0.08861895053095578,0.0,3.0343601906827803e-12,2.0762865142438053e-11,0.07728135891532487,3.986813050268393e-12,0.07564420554647254,0.07876564626007476,3.915974457782435e-12,0.07955483143701497,0.0,8.672918835026332e-13,0.0005915044880840055,0.0,6.126513073041834e-13,0.0797892613772811,5.736904504053341e-13,0.06085743601486815,0.01978242418684937,4.617539987021913e-13,5.710230220807827e-13,5.920738702583568e-12,0.0,2.564154041753078e-12,0.0,0.07871365843173966,2.618061541387822e-12,0.08267159673278658,1.1813247889772462e-12,0.0,0.019122433665576997
2023-02-13,0.020262588164743977,5.562232449238335e-12,0.08220985030372878,0.0775282642069805,6.004675550603916e-13,1.2270824658155066e-12,0.07971867381671843,2.7817963588988738e-11,3.3595594140051606e-11,0.08795915960913069,0.0,2.9804841026548477e-12,2.1133256723242963e-11,0.07666514057015575,3.955886135649618e-12,0.07594798387818782,0.07814293908565917,3.888912644877412e-12,0.08078875660240843,0.0,8.784840918601096e-13,0.0006077322350471233,0.0,6.05976108234725e-13,0.07926635050533853,5.716454982503991e-13,0.060882742343842715,0.020114119679358104,4.682649811744258e-13,5.505245074265525e-13,5.991535646323593e-12,0.0,2.5681269335141035e-12,0.0,0.07751741780064783,2.5936845410783043e-12,0.08360717530963528,1.1932983889588138e-12,0.0,0.01878110577223363
2023-02-14,0.02034529694415947,5.6038049743422255e-12,0.08232731362319474,0.07729960279657895,6.084448764330351e-13,1.2287488019309478e-12,0.07892072711432005,2.804442210688506e-11,3.2296787060146895e-11,0.08709845247808899,0.0,3.0137118692511424e-12,2.106320597001821e-11,0.0780356199287018,3.930815570809898e-12,0.07553758681334682,0.07721413808619468,3.810624466948535e-12,0.07982231332563756,0.0,8.915280025680788e-13,0.0006109109048076975,0.0,6.082882244887742e-13,0.08056672719289198,5.664224897495867e-13,0.060605963588790834,0.01998747364628968,4.5340327607029925e-13,5.642071187242609e-13,5.970791011990061e-12,0.0,2.6155840103235197e-12,0.0,0.07875314122475917,2.5562006722192772e-12,0.08426708962952348,1.1835303800377988e-12,0.0,0.018607642587703806
2023-02-15,0.020181305455698448,5.570352978847195e-12,0.08259311752794804,0.07701548569596531,5.978600626030338e-13,1.23612071383327e-12,0.07952634473313416,2.7569882116311893e-11,3.2525826767389145e-11,0.08764630716066799,0.0,2.997139420307412e-12,2.1507646602603994e-11,0.07863200419819137,4.0003072785882905e-12,0.07550101264774298,0.07741860505083982,3.756385891778941e-12,0.08014761451693025,0.0,8.866331538762383e-13,0.0006272625593387874,0.0,5.983092973503982e-13,0.08104208352906844,5.673349266629915e-13,0.059673888558715776,0.019921725774385182,4.4845324940886205e-13,5.671827353833469e-13,5.903941011588555e-12,0.0,2.5937496614203816e-12,0.0,0.07826481427065264,2.5385585490705673e-12,0.08308794925249759,1.1990318769509926e-12,0.0,0.01872047895315868
2023-02-16,0.020275295728402587,5.500359300082373e-12,0.0822660108505269,0.07672855700316293,5.817706267069385e-13,1.2599584872023601e-12,0.07917593511589724,2.726512719670795e-11,3.222641624475318e-11,0.08821437980224292,0.0,2.917987423141252e-12,2.1581149339320388e-11,0.07906335902169745,4.00254513728534e-12,0.07584738121328076,0.07750427875793892,3.865878520855134e-12,0.07799653425780347,0.0,8.895775442248766e-13,0.0006268989369260957,0.0,5.886041818089883e-13,0.0818869928768748,5.645974097846873e-13,0.05957296869405901,0.020356213940344346,4.4702776578378156e-13,5.726967400367507e-13,5.950249818889122e-12,0.0,2.5889513228015395e-12,0.0,0.07812678695883245,2.5192231209197358e-12,0.08370635705024453,1.1570545812689713e-12,0.0,0.018652049677286713
2023-02-17,0.020189714405016927,5.503048551447074e-12,0.08332707269715739,0.07719889643186584,5.77857559371141e-13,1.2397262630998896e-12,0.07876258468880709,2.7569850009389203e-11,3.24491109610846e-11,0.08974743195453898,0.0,2.8722986037425163e-12,2.1773341374608763e-11,0.07943249790082428,3.930835453234965e-12,0.07542754212470255,0.07766713431402623,3.795733652934592e-12,0.07768032205474026,0.0,8.787061532534802e-13,0.0006318964125947536,0.0,6.054502271490886e-13,0.08097792148316989,5.655384755253769e-13,0.059452324344993215,0.02041572369251549,4.334934580625894e-13,5.603643848481861e-13,5.931047412767914e-12,0.0,2.4945662981116046e-12,0.0,0.07780786869495326,2.5247883685690072e-12,0.08234898620881984,1.156788693995732e-12,0.0,0.018932082476411843
2023-02-20,0.020478076346285717,5.574775379378758e-12,0.0837093683594515,0.07701917048236381,5.725777249902063e-13,1.2388961864011801e-12,0.07818722405783053,2.8275149955621398e-11,3.243468916119047e-11,0.09001782621676832,0.0,2.834909971349918e-12,2.1648167895632535e-11,0.08030775556525171,3.918153259068642e-12,0.07612405245245814,0.0783073087648184,3.7767376741774474e-12,0.07748785849781793,0.0,8.757349188504953e-13,0.0006311884959202559,0.0,5.981518079709697e-13,0.08046292970899088,5.705155921289344e-13,0.05837715627625984,0.020484218269003065,4.3271528421866716e-13,5.603678589128502e-13,6.033263179539815e-12,0.0,2.5047741610475193e-12,0.0,0.07687841511177024,2.5725082526942146e-12,0.08232929535460927,1.1799337318269142e-12,0.0,0.019198155924798687
2023-02-21,0.02062721594384821,5.622230743930895e-12,0.08358387942704311,0.07825204687017405,5.786119107812658e-13,1.2774315446227741e-12,0.07876826582375387,2.7982640310123746e-11,3.3280422098821954e-11,0.09066663739883339,0.0,2.854273647477205e-12,2.1859706669398765e-11,0.08027988439260625,3.963570177859176e-12,0.07609408038877968,0.07836532659671165,3.9076976915156285e-12,0.07707962719399457,0.0,8.939052097763e-13,0.0006257163954093645,0.0,5.843625214234499e-13,0.08055845991529276,5.887521444901371e-13,0.057864135388328734,0.020662706603566297,4.352084026209932e-13,5.718708400399825e-13,6.114223864806676e-12,0.0,2.554833263853217e-12,0.0,0.07637233095449829,2.5767766551727186e-12,0.08126643233837827,1.1821249403768264e-12,0.0,0.01893325425195318
2023-02-22,0.021361897182168833,5.642820006452173e-12,0.08286862530604365,0.07852888468039382,5.677527674760143e-13,1.258954142016127e-12,0.07822489556727884,2.822404198891388e-11,3.284461202372563e-11,0.09202684302718732,0.0,2.857431184822965e-12,2.1747472073272344e-11,0.0813708908507181,3.998267545854298e-12,0.07628138918767531,0.07840883585512702,3.976154648577255e-12,0.07790283367151836,0.0,8.962052817003461e-13,0.0006164266985856189,0.0,5.896695031982193e-13,0.0795313540495297,5.847137457742157e-13,0.05756961159338239,0.020872832370361662,4.356288456883203e-13,5.755011190385224e-13,6.092011750959849e-12,0.0,2.5911203241898042e-12,0.0,0.07495107386658006,2.5835779851411348e-12,0.0801183630859288,1.1892708610981756e-12,0.0,0.019365242890865685
2023-02-23,0.02107395046460227,5.658438460821141e-12,0.08277072569321904,0.078150617082134,5.565406858126559e-13,1.2311886876258031e-12,0.07808108494984192,2.8397169399281546e-11,3.296313949180864e-11,0.09127293449432723,0.0,2.874143111948276e-12,2.1741425773578113e-11,0.08055277822788277,3.999692061201119e-12,0.0766436863109763,0.07894144713772344,4.049403896783573e-12,0.07852108613863369,0.0,8.965473023818171e-13,0.0006273291305873717,0.0,5.789582531949893e-13,0.0786692624908453,5.940393312530588e-13,0.05792915235853077,0.020916582947168073,4.3175196190830754e-13,5.839552224550696e-13,6.103053592696923e-12,0.0,2.6216907618068945e-12,0.0,0.07486787246461432,2.5954586368953495e-12,0.08130131253141927,1.1602790367490838e-12,0.0,0.019680177460457776
2023-02-24,0.020696994027312704,5.832455719566592e-12,0.08319052567483269,0.07817068716960984,5.626061443285566e-13,1.198835278485849e-12,0.07905936458007709,2.8579627574883376e-11,3.25447170146685e-11,0.09320036192212378,0.0,2.866872074572638e-12,2.2180530828053246e-11,0.0811607332225747,3.971715721056448e-12,0.0756999750452088,0.07924532164876555,4.075725832782023e-12,0.0778480727087502,0.0,8.912952585956754e-13,0.0006295078322038028,0.0,5.667491345698357e-13,0.07867361362659654,5.895125314574528e-13,0.05766667074817772,0.021008374519148672,4.376145300687134e-13,5.845978286789612e-13,6.0914172052673875e-12,0.0,2.6260677143998095e-12,0.0,0.07363047434239976,2.561416644599738e-12,0.08077815515802737,1.1846654672935555e-12,0.0,0.019341167656844894
2023-02-27,0.020330092814775227,5.710728335301069e-12,0.0833448387497377,0.07840891891199399,5.598248093561857e-13,1.1771554465159702e-12,0.07864913542694635,2.9360207898059877e-11,3.248810135331283e-11,0.09474007902103904,0.0,2.8902566258388564e-12,2.2337311520803973e-11,0.08128226211639042,3.997072570057862e-12,0.07567999450873775,0.07897214770505451,4.070209263189285e-12,0.07840648152447105,0.0,8.695950571557934e-13,0.0006182015359167432,0.0,5.639539565013904e-13,0.07916117702201639,5.800826967296559e-13,0.05713532890084894,0.021248715644734194,4.433976137559814e-13,5.755187883231606e-13,6.07666242026048e-12,0.0,2.644652204749338e-12,0.0,0.07352781951380569,2.526939183044582e-12,0.0790215706434744,1.176352762486645e-12,0.0,0.019473235842010057
2023-02-28,0.020198172671012756,5.783886708245188e-12,0.08345139946448248,0.07864631520075106,5.526224384875928e-13,1.2093209065646231e-12,0.07878759354473092,2.980283822946503e-11,3.2265490122336435e-11,0.09242064546104486,0.0,2.9325502140466215e-12,2.19778375325884e-11,0.08276407533959476,3.9703645678759715e-12,0.07586778167205706,0.07916400502723665,4.057571951675099e-12,0.07808904979104245,0.0,8.940277655560503e-13,0.0006212811932164077,0.0,5.533134193261443e-13,0.07920107597968892,5.822385818169205e-13,0.055947586040927415,0.021824592614949376,4.253001288041918e-13,5.720841682793662e-13,6.075197636353375e-12,0.0,2.6787212893258874e-12,0.0,0.07359205876583741,2.5264992166492572e-12,0.07967779342519665,1.1753449744658513e-12,0.0,0.019746573690196067
2023-03-01,1.5396957287721093e-11,1.2939590385639083e-12,0.0799999999972973,0.07999999999734288,0.07999999999703669,4.441551308261519e-14,0.07695266838694302,1.1812834419416875e-11,3.4799107558768483e-12,1.620758502489449e-12,2.1425916594624066e-13,8.752517715934152e-13,0.04304733136815843,5.179520986641351e-12,0.05839174589292705,0.07999999999831696,0.07999999999761115,5.5132558455811554e-12,0.07999999999642993,3.087506329301627e-12,1.8563977294391354e-12,3.9347811168777536e-13,0.0,6.562570031596254e-12,0.07999999999302362,3.24656109218617e-12,0.07999999999797038,0.07999999999699649,5.153175309336933e-13,0.0,0.019999999973790275,0.0,4.627983503980242e-13,3.748875758744515e-14,0.08000000000016896,1.49033895462837e-11,2.5759525420613954e-10,2.128827085094493e-12,9.289007172052469e-13,0.0016082540688373349
2023-03-02,1.5305546194898875e-11,1.2881695381871228e-12,0.0797782627186353,0.07938445236730467,0.08051062270295734,4.3849775911880444e-14,0.07703803312703655,1.179359291178949e-11,3.4238899740460716e-12,1.5853677035700605e-12,2.1618559652793108e-13,8.653353053979679e-13,0.04306118283465597,5.187866588877484e-12,0.05900713721721585,0.08110041074617097,0.08087783113956121,5.435612910506242e-12,0.07932997282677469,3.090471459889981e-12,1.851983085088956e-12,3.9578750314254366e-13,0.0,6.53731906522144e-12,0.08023173635281845,3.1851029281380723e-12,0.08077349559885473,0.07837617124364371,5.210689309373739e-13,0.0,0.01970965971619835,0.0,4.644073723023287e-13,3.6685411976383876e-14,0.07922278070418609,1.482482836713875e-11,2.6088059565702635e-10,2.0643669958926212e-12,9.289784689076228e-13,0.0015982503640590937
2023-03-03,1.548890275605073e-11,1.3052263484621606e-12,0.0807676311735375,0.07955638012274684,0.07952256705990579,4.4003802568346e-14,0.077888677984533,1.1742820335799447e-11,3.4028111666627032e-12,1.5384052976814396e-12,2.1825579359962313e-13,8.732085787130838e-13,0.042848357874089055,5.115154750265785e-12,0.05890417293930867,0.08098353347316394,0.08171999005561924,5.432164142400721e-12,0.07842510476304204,3.0870608909482196e-12,1.8267555682606123e-12,3.9796149397049105e-13,0.0,6.485562943511318e-12,0.081147801987231,3.1506387908460866e-12,0.07981421627034335,0.07852082273358682,5.15904761307067e-13,0.0,0.019525130524459307,0.0,4.662364486540028e-13,3.651744636209464e-14,0.07878444427352553,1.480596950664634e-11,2.649809326685782e-10,2.075032001159124e-12,9.24041698146209e-13,0.0015911684209943433
2023-03-06,1.5306182727458522e-11,1.295857016989299e-12,0.08153758328075855,0.08089895891489975,0.07854809534480191,4.3525489157024754e-14,0.07799446001916789,1.1855480124445536e-11,3.3541808310080485e-12,1.5558805347619257e-12,2.1912190161044395e-13,8.761257500096529e-13,0.04363971536535227,5.100805256864548e-12,0.05898264802531412,0.08024422223848725,0.08102460568224888,5.514806555211773e-12,0.07812401854019525,3.138823724293389e-12,1.8138574200005554e-12,4.008306862919689e-13,0.0,6.4375632120615855e-12,0.0806327935491557,3.0976797630108786e-12,0.0794643201804135,0.07834846784971557,5.25170205438404e-13,0.0,0.01949847549953124,0.0,4.604760819819205e-13,3.6788290793535706e-14,0.07948380689516361,1.484127510273288e-11,2.6638100024519616e-10,2.04659852794929e-12,9.244042007748925e-13,0.0015778282695680518
2023-03-07,1.5151310565132002e-11,1.2957599727106188e-12,0.08158341880475832,0.08087632139115015,0.0781008959451184,4.362101330532186e-14,0.07786764368138373,1.176447882170893e-11,3.3579578826593645e-12,1.5681248960246915e-12,2.1637630628285286e-13,8.47876837817685e-13,0.04433884831337604,5.115291707608658e-12,0.05977237253393116,0.08063126607891817,0.08116476008543426,5.489605499005272e-12,0.07640561945192997,3.1511742705150068e-12,1.7978164913674273e-12,3.980273652823116e-13,0.0,6.298079274755244e-12,0.08010016106564986,3.1358293238078275e-12,0.0806682827189443,0.07792245652781922,5.308950480129315e-13,0.0,0.01971414293281454,0.0,4.654624689157619e-13,3.664048644352107e-14,0.07925498076021764,1.4612396130973496e-11,2.674498511415308e-10,2.048339205760498e-12,9.47196795056129e-13,0.0015988293628320244
2023-03-08,1.4984621473575946e-11,1.293632131758539e-12,0.08132244044662655,0.08090072778574743,0.07724558938642553,4.411564297307103e-14,0.07761902528180334,1.1835344542193971e-11,3.3340775583046846e-12,1.5692388818945008e-12,2.1822498733967058e-13,8.289073839889289e-13,0.04484129474096459,5.215012956909721e-12,0.06100632327635405,0.0801447437242716,0.08130953917695717,5.448417141686124e-12,0.07548577062184564,3.1752007089218126e-12,1.762468565473285e-12,4.003801470443185e-13,0.0,6.420174351257901e-12,0.08081621965619767,3.11364234240366e-12,0.08046347341314425,0.07798961877897878,5.426561607436688e-13,0.0,0.019667199152102684,0.0,4.619415836969347e-13,3.685850561475057e-14,0.07956550129579244,1.462615362833163e-11,2.6497763713105917e-10,2.0087335278325024e-12,9.33195955046295e-13,0.0016225329195575396
2023-03-09,1.4614021845479925e-11,1.2818978689695864e-12,0.08174783276001288,0.08132974255366354,0.07601343341398052,4.226750138881915e-14,0.07682918184107707,1.1856098712893494e-11,3.3539435886364793e-12,1.539260010240713e-12,2.0995784964659058e-13,8.148416029106508e-13,0.04456193905378602,5.350169281803098e-12,0.06088291557673045,0.07974138352776464,0.0813352904451387,5.400420067627598e-12,0.07542402950552832,3.1755470558532464e-12,1.7582085932186569e-12,3.9782499883058833e-13,0.0,6.507906207401171e-12,0.08054627088125982,3.1158468398194367e-12,0.08037486689169673,0.07999912965651708,5.489523500126488e-13,0.0,0.0193847284124724,0.0,4.646708209767367e-13,3.5993293653810626e-14,0.08020554596684018,1.4211662607636834e-11,2.6017920197396797e-10,2.032216169073643e-12,9.315261062086334e-13,0.0016237091757091767
2023-03-10,1.4705394603406854e-11,1.2790356335140578e-12,0.08243834170207931,0.08068773032902536,0.07545869272832031,4.281849303695724e-14,0.07664409545551765,1.198555501656023e-11,3.3730648626783856e-12,1.5303501843100726e-12,2.0699062540502557e-13,8.288933187477009e-13,0.04411481619493732,5.453089769249003e-12,0.060145386227842976,0.0807225907426893,0.08184570963269178,5.414450485330055e-12,0.07536306990822779,3.152483130976963e-12,1.8243521252260505e-12,3.984962217882683e-13,0.0,6.517493807663163e-12,0.0805302094722622,3.178638263586803e-12,0.08065282603141205,0.07929100813739745,5.564532545138216e-13,0.0,0.019487204262742967,0.0,4.761278784404426e-13,3.6166314442582276e-14,0.08097134147912653,1.4484396909942381e-11,2.55284596698351e-10,2.080585239071049e-12,9.08275375214196e-13,0.0016469773620092264
2023-03-13,1.4797033678338857e-11,1.3079422677046554e-12,0.08265847654999463,0.08079198158895166,0.07637711607889514,4.1968116101397033e-14,0.07679973969167063,1.1955910243476383e-11,3.349830528840795e-12,1.512023240858063e-12,2.0664050938624697e-13,8.358326964705701e-13,0.044964078926672826,5.432152721236951e-12,0.0596766477888061,0.07894597627621407,0.08264661401149569,5.293227908509347e-12,0.07564464894009057,3.151160585650771e-12,1.8403264512501773e-12,3.9541130586839123e-13,0.0,6.667172991229336e-12,0.08038475282734349,3.122152024948313e-12,0.07933211120895758,0.0804314891307489,5.526981714626186e-13,0.0,0.01990795417370108,0.0,4.833657571763955e-13,3.696501852526133e-14,0.0797730681154165,1.464110177728523e-11,2.6036640410424975e-10,2.0658300556548146e-12,9.165092491845244e-13,0.0016653443520693442
2023-03-14,1.464695698633359e-11,1.3315209761473386e-12,0.08299237903902862,0.0828025339833969,0.07617259522148657,4.234806723384306e-14,0.07648715462761496,1.2121985200595294e-11,3.4200190174227797e-12,1.4872952316017085e-12,2.0518276207343213e-13,8.288929958017694e-13,0.044840157554839485,5.394058749494337e-12,0.05999700047335643,0.07867034995230948,0.08192255467783205,5.27651108842206e-12,0.07635802711854298,3.158859040157037e-12,1.8228409736801737e-12,3.95431230897953e-13,0.0,6.80093147037466e-12,0.08104678536933566,3.14426275529339e-12,0.07805254133904224,0.0801551528106103,5.680737216044452e-13,0.0,0.020017379105573538,0.0,4.797180094720041e-13,3.8080408490347756e-14,0.07882884375039463,1.497901736049035e-11,2.604361976331138e-10,2.0507824670742636e-12,9.058465157154337e-13,0.001656544637101192
2023-03-15,1.456077922650981e-11,1.3136440097722638e-12,0.08260264661810403,0.08286544057294384,0.07676914124818221,4.2305390919834057e-14,0.07632431337122968,1.1952657390736733e-11,3.421278602206039e-12,1.5014146856446683e-12,2.093777113048834e-13,8.071741521008808e-13,0.044182856640375315,5.296152973054819e-12,0.060256695219675305,0.07857163146112875,0.08132254859412215,5.073388495775617e-12,0.07669069064178102,3.1672640445369255e-12,1.8294998791407185e-12,3.9319077627279403e-13,0.0,6.793433147125203e-12,0.08116132087051743,3.13457381824052e-12,0.07771140567583765,0.0796361199156384,5.52358971163617e-13,0.0,0.02028780248821448,0.0,4.778199197036239e-13,3.821503158180053e-14,0.07995252465285353,1.4900629452336544e-11,2.5402333056547547e-10,2.0577556057334346e-12,8.90004703252309e-13,0.001664861696959837
2023-03-16,1.4617305232568403e-11,1.3034040633110795e-12,0.08251131266654912,0.08278307507545708,0.07774146975259542,4.215587671746793e-14,0.07626044732781471,1.1817493616867626e-11,3.4066481724135447e-12,1.4903067213375087e-12,2.0877957162509646e-13,8.194038752389174e-13,0.04356482583019554,5.340679537674623e-12,0.06025788480660188,0.07818189465345671,0.08080806614404004,5.102611874592973e-12,0.0775814156491888,3.054381342891041e-12,1.7762926364033798e-12,3.916938913893418e-13,0.0,6.842540169340286e-12,0.08116281613247371,3.0452982556648363e-12,0.07818109992011746,0.07959569570706874,5.558681300984599e-13,0.0,0.019886939589626514,0.0,4.815964182408664e-13,3.8139750511818695e-14,0.07981164086330587,1.47460095572394e-11,2.5340371189328356e-10,2.102587712688111e-12,9.117436868020007e-13,0.0016714155500095632
2023-03-17,1.485911779205949e-11,1.2927410051381194e-12,0.08341393366532324,0.0834153618612326,0.07661385353682326,4.2945799665168116e-14,0.07635938983746594,1.2009922071336325e-11,3.4814143284360976e-12,1.46662781309228e-12,2.1003547860220902e-13,8.133563680192231e-13,0.04430363769352508,5.396805144758382e-12,0.05999801216682149,0.0772983767831127,0.0815330083246617,5.087535518387246e-12,0.07815229863672322,3.0815182846958983e-12,1.7611746547449272e-12,3.8561972345280286e-13,0.0,6.819829592111037e-12,0.08118935600942426,3.015554640348792e-12,0.07701715429380117,0.07847577843912512,5.620250142437822e-13,0.0,0.020112554377772863,0.0,4.922886145761164e-13,3.821378614290542e-14,0.08042779487470546,1.4711206011341246e-11,2.5184436484617257e-10,2.1317522988880154e-12,9.250932774362774e-13,0.0016894891690525105
2023-03-20,1.4660136972175007e-11,1.3120336846510881e-12,0.08331278696407668,0.08353634840136812,0.07682601769481812,4.377539538820601e-14,0.07616048951073491,1.184631297570111e-11,3.484435005283847e-12,1.4148777412136704e-12,2.1206903033998737e-13,8.245967686598881e-13,0.04433508179484765,5.450235667121505e-12,0.06029916037421984,0.07752781096880353,0.08101691429724808,5.071835361578001e-12,0.07931271392597883,3.081782896204364e-12,1.7601701677724622e-12,3.897802769032431e-13,0.0,6.827525872810985e-12,0.08076430737875206,3.015019347239142e-12,0.0778089880828066,0.0773592394247845,5.669126066090538e-13,0.0,0.020226638846880363,0.0,4.901400820093503e-13,3.861748926301802e-14,0.07983284099356865,1.4748012719442832e-11,2.5010824805924986e-10,2.113449775931833e-12,9.060850469394822e-13,0.001680661012745841
2023-03-21,1.480530990388037e-11,1.3053234407179978e-12,0.08371426981314568,0.08363008806593428,0.07678943759521005,4.327303823729635e-14,0.07637913805336237,1.1939495625503427e-11,3.4797163828835975e-12,1.404117392593419e-12,2.1375862405307697e-13,8.189451481863738e-13,0.04384884448973889,5.432033182392157e-12,0.059713252057968416,0.07803246367655356,0.08085227522149073,5.0576135844318384e-12,0.07866104543369547,3.0366765514856903e-12,1.740451968946765e-12,3.954465353400177e-13,0.0,6.638196460884004e-12,0.08115797248095367,2.9743082262930354e-12,0.07804380557185202,0.07844619959379515,5.60655373985073e-13,0.0,0.02039786789853437,0.0,4.935317275858758e-13,3.803687549779892e-14,0.078681531038804,1.4661422901274354e-11,2.4778113319982005e-10,2.1401850317169024e-12,9.12206180929352e-13,0.0016518086830893013
2023-03-22,1.508592808052204e-11,1.284849552454306e-12,0.0828484975124939,0.0829323650110786,0.0772457589817575,4.3067473891471975e-14,0.07655458797869451,1.176620791706186e-11,3.518590782743322e-12,1.382515695662665e-12,2.1799110546189107e-13,8.15908597646813e-13,0.04377175291502322,5.408783664508381e-12,0.05955765149960666,0.07848470328990113,0.08129605223639946,4.9520808704745245e-12,0.07847477671651629,3.016299443514176e-12,1.7119608708874587e-12,3.865537861700408e-13,0.0,6.606340983627316e-12,0.08192237351456391,3.0301515309186478e-12,0.07682705040787999,0.07872773014374929,5.543670833476041e-13,0.0,0.020507550707472733,0.0,4.931812670181622e-13,3.730320349536967e-14,0.07919648501592835,1.4856152096542488e-11,2.489675543127258e-10,2.1029355525582343e-12,9.138642410423595e-13,0.001652663741781598
2023-03-23,1.5146005994313824e-11,1.3047346359390311e-12,0.08372261728164242,0.08247077893642712,0.07652208958036544,4.205499397077045e-14,0.07764965069365744,1.1903782502476058e-11,3.5287583150223227e-12,1.3757956820695904e-12,2.158353510837331e-13,8.070381142253508e-13,0.04357409792650911,5.386880511769273e-12,0.05916511860902929,0.07699563071383568,0.08132886978317638,4.815020053921758e-12,0.07874877815891936,2.9405018942127368e-12,1.7062312122149872e-12,3.908971001912023e-13,0.0,6.514560076355158e-12,0.08255305684058235,3.081074251635389e-12,0.0773486626231718,0.07885330037063094,5.541856090894709e-13,0.0,0.020376230496044263,0.0,4.866031871034421e-13,3.7527471092292655e-14,0.07910261748463895,1.465490234526655e-11,2.4547582557150237e-10,2.1126629131932986e-12,9.346762069801703e-13,0.0015885001779536011
2023-03-24,1.5181457142786435e-11,1.33039343006536e-12,0.08370093552360831,0.08244622152454392,0.0773644746437477,4.151454109370102e-14,0.07770012265065745,1.182203780456795e-11,3.544222595040262e-12,1.3591952050288526e-12,2.117636926852039e-13,8.24441932016568e-13,0.04281973241781436,5.242772561045942e-12,0.06116402001941836,0.07563587790682917,0.08129329541877506,4.765001845348925e-12,0.07867072001097775,2.909337704507117e-12,1.7181979456031406e-12,3.889943189045682e-13,0.0,6.255936451296329e-12,0.08266313681608776,3.0289885289801645e-12,0.07767022364783756,0.07779487031797071,5.543209088673112e-13,0.0,0.02022964955708928,0.0,4.768571513781027e-13,3.8633718579459956e-14,0.0792560074071495,1.4316524720167843e-11,2.464704328239674e-10,2.1173354285174003e-12,9.382978369911625e-13,0.0015907118139561823
2023-03-27,1.5218537159685694e-11,1.3422008384188522e-12,0.08448821908855755,0.08232190577861276,0.07627918966972008,4.05826859244037e-14,0.07710895462327526,1.185116331982326e-11,3.4811437232075246e-12,1.3532118531343801e-12,2.127060224635206e-13,8.119191379904689e-13,0.041796771074589435,5.123669354398169e-12,0.06137667793580786,0.0756804569720191,0.0813668212178958,4.813411796556679e-12,0.07691288574471829,2.9942538107520683e-12,1.7153916949531047e-12,3.8830360164019695e-13,0.0,6.138366742411096e-12,0.08393441138151704,2.9397163845586038e-12,0.07864491550574619,0.0781915267665591,5.541021011840411e-13,0.0,0.020202543370295752,0.0,4.737834561939288e-13,3.793877509182722e-14,0.08008732964943595,1.4163010319684036e-11,2.4369313679461566e-10,2.1305404281658708e-12,9.417215776390554e-13,0.0016073909008307134
2023-03-28,1.5176150304494754e-11,1.3420653090817016e-12,0.08434454349028273,0.08196106168138943,0.07588930296535754,4.036752066270453e-14,0.07686297775230502,1.1653226327618617e-11,3.520529986875949e-12,1.3707370595217625e-12,2.1023293514496914e-13,8.221767951362516e-13,0.04190847446573102,5.01770685907528e-12,0.060936870314158016,0.07615193793165022,0.08213417517401456,4.87569208619788e-12,0.07625732544483914,3.02257926629697e-12,1.7251242542936866e-12,3.868093374064725e-13,0.0,6.129780856542539e-12,0.08438051640247791,2.9144146368783287e-12,0.07851055148882122,0.07910779636792406,5.495943743903812e-13,0.0,0.02013425804459768,0.0,4.682700319968168e-13,3.7956305845509e-14,0.07978790147366048,1.4238636354535024e-11,2.4935028818073693e-10,2.1486881080641566e-12,9.338147926446379e-13,0.0016323066768557765
2023-03-29,1.4986787601388482e-11,1.3135006941491169e-12,0.0845815782419317,0.08281425619996835,0.0766860366000338,3.997643586426432e-14,0.0759983492020823,1.176983423295831e-11,3.645569852501991e-12,1.3618878898052043e-12,2.1426017841577038e-13,8.155076731927938e-13,0.042614114221342814,5.102081018458881e-12,0.060840195284422444,0.07596192219856965,0.08118307218937004,4.926057992956701e-12,0.07728464658288642,3.0666738442424785e-12,1.7472134673646055e-12,3.8123306920316193e-13,0.0,6.0752265810907496e-12,0.0842712117689137,2.9464040128741013e-12,0.07719817006162638,0.07933061285108133,5.567434263971475e-13,0.0,0.020056474788727137,0.0,4.706909707072009e-13,3.773815291624051e-14,0.07957735266269617,1.4262176579834145e-11,2.538547820775443e-10,2.2032098605570442e-12,9.742634089647796e-13,0.0016020068155955382
2023-03-30,1.5236194955291425e-11,1.3365852646351165e-12,0.08408353575156445,0.08330883030646759,0.07724633896933314,3.9709519719309154e-14,0.07531195568367674,1.1515915661307456e-11,3.6102916876659795e-12,1.362358457458112e-12,2.1608131677689379e-13,8.087980620328399e-13,0.0425284024158924,5.170915201721255e-12,0.06089101876495093,0.07597542471664988,0.08137738094847143,5.010213633374376e-12,0.07828900395063175,3.0085771158653016e-12,1.7845734853423565e-12,3.767554078843577e-13,0.0,6.358555485115998e-12,0.08407046825182884,2.905566812478785e-12,0.07751808951846391,0.07939643842326727,5.626902642362577e-13,0.0,0.0197064769317332,0.0,4.633757673943599e-13,3.8645310523030277e-14,0.07871599209653306,1.4224707382735605e-11,2.58319246185691e-10,2.214207250332383e-12,9.982971354221001e-13,0.0015806429349727634
2023-03-31,1.5349140401106114e-11,1.3541337493027574e-12,0.08411171056792846,0.08391257153067239,0.07576101661227443,4.013172192957246e-14,0.0754711135402079,1.1439656682224937e-11,3.5785592888071724e-12,1.3666461400944569e-12,2.1302586982825953e-13,8.001074009207265e-13,0.04288214786246122,5.256531213765664e-12,0.060962113844202276,0.07605143722149064,0.08048419809718606,4.908441440658077e-12,0.07932971969310448,3.004310783850623e-12,1.78573677210416e-12,3.769545243052884e-13,0.0,6.271214986397684e-12,0.08381527369378566,2.935719069383914e-12,0.07750467982431071,0.07965705022352798,5.703403043497515e-13,0.0,0.01917350362613379,0.0,4.533661056749998e-13,3.9052253755029084e-14,0.07929670120412781,1.4141285399641716e-11,2.589604982852281e-10,2.2210277307956117e-12,1.005615729304441e-12,0.0015867621225142967
2023-04-03,0.07999999999337716,0.0,0.016842677954597055,0.0799999999972704,0.008410552902960016,0.0,0.07457495566484589,0.07999999999053789,1.9899746554869714e-13,0.05877979958882953,0.0,0.0,0.04315732205203319,1.0878128160933439e-12,0.06141495278790619,0.07681973895082744,0.07999999999722039,0.07999999999620326,0.02000000000646825,0.0,0.0,0.0,0.0,2.3235339167866877e-13,0.07999999999495586,0.0,1.2974639748262417e-12,0.07999999999687821,0.0,0.0,0.0,0.0,3.496896774425541e-13,0.0,0.07999999999785946,6.638596185119793e-12,1.041412621688454e-10,0.0,0.0,1.3283684515933428e-11
2023-04-04,0.07979787031201027,0.0,0.016796713729869652,0.07867661034917474,0.008329464888947051,0.0,0.07497850173032522,0.08132160607547484,2.0321372636220572e-13,0.058845978385940974,0.0,0.0,0.04340554479086719,1.065564473557574e-12,0.060242904017462094,0.07703944122522635,0.08078722070457389,0.0799631467722508,0.019930598559780733,0.0,0.0,0.0,0.0,2.3065741481828233e-13,0.07910859385940422,0.0,1.3212989042254843e-12,0.08070380471965358,0.0,0.0,0.0,0.0,3.521781083894662e-13,0.0,0.08007199975028072,6.7924480310866e-12,1.0548090110840894e-10,0.0,0.0,1.3311554195512798e-11
2023-04-05,0.08025705699829883,0.0,0.0168358609784876,0.07889378212086437,0.008439658432036739,0.0,0.0741439167801751,0.08170935805041411,2.084259223803138e-13,0.05708558176493262,0.0,0.0,0.0431007459375395,1.0571564760610674e-12,0.06087666016474528,0.07769073684498887,0.08027974101911439,0.0807268237595414,0.020182618058426985,0.0,0.0,0.0,0.0,2.3199997665677275e-13,0.07856020292011331,0.0,1.3088104066513145e-12,0.08021458074542119,0.0,0.0,0.0,0.0,3.4627318235292783e-13,0.0,0.08100267529564238,6.784566286936131e-12,1.0612791559150157e-10,0.0,0.0,1.319232005830099e-11
2023-04-06,0.08019644521654673,0.0,0.017004832515084247,0.07908320386329712,0.008585669376095098,0.0,0.07462770176753696,0.0810396992206691,2.0679447119818708e-13,0.05687211947831699,0.0,0.0,0.04232347988089452,1.0684364792024013e-12,0.05973025999801836,0.07771867260072195,0.07991384826097118,0.08174845347931789,0.02052784343424671,0.0,0.0,0.0,0.0,2.33137939948117e-13,0.07897870482456605,0.0,1.2843633225412544e-12,0.08060927573413126,0.0,0.0,0.0,0.0,3.4661888304321827e-13,0.0,0.0810397902187035,6.812688474336182e-12,1.076667368661872e-10,0.0,0.0,1.3263790199125774e-11
2023-04-07,0.0791243541191393,0.0,0.01696791677761317,0.08030130778700466,0.008444704527781113,0.0,0.0752026122503966,0.07990986396359316,2.0818812054567963e-13,0.05571975954687605,0.0,0.0,0.04327241089496084,1.077623943163423e-12,0.0598079394626806,0.07813302732713069,0.08223637131029422,0.08075985640618535,0.02025677531664826,0.0,0.0,0.0,0.0,2.3413755187545655e-13,0.07869406976354422,0.0,1.2976470396741842e-12,0.0809905747627371,0.0,0.0,0.0,0.0,3.4887063543785966e-13,0.0,0.0801784556513299,6.669966283334461e-12,1.0879144209955961e-10,0.0,0.0,1.3457066993932342e-11
2023-04-10,0.07916439819476617,0.0,0.01711486229465241,0.07933576175328128,0.008570346002062305,0.0,0.0742980524335659,0.0795264593978583,2.0401776075058012e-13,0.055372798618718494,0.0,0.0,0.0439460065350469,1.0581687776172784e-12,0.059518771738023356,0.0775917094905548,0.08203138001679708,0.08175332918144783,0.020315558479821454,0.0,0.0,0.0,0.0,2.332337594695272e-13,0.0785622205863815,0.0,1.273047307461747e-12,0.08269765148737791,0.0,0.0,0.0,0.0,3.4869151639396285e-13,0.0,0.08020069365899284,6.509282017725004e-12,1.0757749516357106e-10,0.0,0.0,1.344772505704743e-11
2023-04-11,0.07932163933780657,0.0,0.01711565965639902,0.07959747956527194,0.008654394666266685,0.0,0.07368488023533573,0.07978533518039087,2.0061957059132816e-13,0.055959979135804014,0.0,0.0,0.04511640495032439,1.0544363223245283e-12,0.059555804437085594,0.07804352168787415,0.08060316588169113,0.08233400646886689,0.019920129674984133,0.0,0.0,0.0,0.0,2.288276259172881e-13,0.07844816741518178,0.0,1.246372883511118e-12,0.08228957768675835,0.0,0.0,0.0,0.0,3.4514826454986585e-13,0.0,0.07956985389062755,6.562113170709105e-12,1.060938863318537e-10,0.0,0.0,1.3599932542813177e-11
2023-04-12,0.08041316752952697,0.0,0.017366719437204865,0.07885251983180513,0.008507076204796819,0.0,0.07337363463347821,0.08043932843763082,1.989173534639252e-13,0.05635676036566121,0.0,0.0,0.04436013342613379,1.0652761535198844e-12,0.05886116546589851,0.07858179772593832,0.0805905706048777,0.08324459408976849,0.019756851809737064,0.0,0.0,0.0,0.0,2.27632907326033e-13,0.07749592004964027,0.0,1.2565213481176368e-12,0.08260013449616786,0.0,0.0,0.0,0.0,3.417410215582739e-13,0.0,0.07919962576220607,6.633752219875546e-12,1.0598405644978801e-10,0.0,0.0,1.3820053509575452e-11
2023-04-13,0.08100334068975777,0.0,0.01762881524467033,0.07902466677146079,0.008476471009499557,0.0,0.07291972481660586,0.0797422277414337,1.9907172387383314e-13,0.056733931256844686,0.0,0.0,0.04357258712784315,1.0575352735835924e-12,0.058277325426096926,0.07810552741045489,0.08055795435393229,0.0846454912288988,0.020019530513323548,0.0,0.0,0.0,0.0,2.288400578551142e-13,0.07746981651219745,0.0,1.2515859046991438e-12,0.08214545993088115,0.0,0.0,0.0,0.0,3.4811355591338697e-13,0.0,0.07967712983776862,6.7181207995690435e-12,1.0478128375553181e-10,0.0,0.0,1.3746020726344132e-11
2023-04-14,0.08262704236726441,0.0,0.01767833631760736,0.07746238761707222,0.008626069512178635,0.0,0.07159203123068564,0.0802718476512962,2.0124636837859033e-13,0.05671530487413588,0.0,0.0,0.04323026720845571,1.0416444464452668e-12,0.05920563679604579,0.0784237265081846,0.0807668216253526,0.08318937019036389,0.019671312962515355,0.0,0.0,0.0,0.0,2.3004642871119865e-13,0.07853050729915932,0.0,1.2147802590357268e-12,0.08108425453375735,0.0,0.0,0.0,0.0,3.522715927617285e-13,0.0,0.08092508317791251,6.657511341461226e-12,1.0458524976662422e-10,0.0,0.0,1.372994331537763e-11
2023-04-17,0.083698388841894,0.0,0.01783757511494551,0.07685535430355868,0.00879748680282631,0.0,0.07129070698063587,0.07997610523280622,1.9822686635294667e-13,0.056238099341402725,0.0,0.0,0.04254954323829765,1.0581518351530193e-12,0.058043632561725636,0.07889140324297478,0.0813223749351981,0.08486977398048033,0.019771454100860154,0.0,0.0,0.0,0.0,2.2959902599719833e-13,0.07843413016178095,0.0,1.2177100356883714e-12,0.08114763801104886,0.0,0.0,0.0,0.0,3.4987110282107063e-13,0.0,0.08027633302117373,6.68220567877847e-12,1.0505108480550809e-10,0.0,0.0,1.3603822461952887e-11
2023-04-18,0.0826183628600714,0.0,0.017946252846179823,0.0775375468945055,0.008674501506355419,0.0,0.07116458009212821,0.07893938713890826,1.8903781901041927e-13,0.057350055346830194,0.0,0.0,0.0439612670663959,1.0495898785235559e-12,0.057689943646697814,0.07815681090993004,0.08142572104254983,0.08343397025700545,0.01995041264351881,0.0,0.0,0.0,0.0,2.323614965444657e-13,0.07888480853376707,0.0,1.2070957857211034e-12,0.08129807599945832,0.0,0.0,0.0,0.0,3.5184907019773715e-13,0.0,0.08096830308768196,6.7074681817136556e-12,1.046622965711325e-10,0.0,0.0,1.3616537284563967e-11
2023-04-19,0.08299391817565842,0.0,0.01783104750249515,0.07718706862215906,0.008713393630081376,0.0,0.07111175695522835,0.08010590450660583,1.8936512040737456e-13,0.057554942279152664,0.0,0.0,0.04328283895521899,1.028560733348582e-12,0.058286656529753005,0.07856997813226717,0.07998409827468755,0.08395944294645379,0.019591671109712553,0.0,0.0,0.0,0.0,2.2912560290185565e-13,0.07918539689643614,0.0,1.2087291618195821e-12,0.08190768828022382,0.0,0.0,0.0,0.0,3.472317868905442e-13,0.0,0.07973419707866275,6.70680739792262e-12,1.0166473372665897e-10,0.0,0.0,1.3829159499682022e-11
2023-04-20,0.08313160716997127,0.0,0.017860386028085196,0.07769400866419898,0.008672666011146805,0.0,0.07022630637893955,0.07882305365076853,1.9030570650820646e-13,0.0575665022863165,0.0,0.0,0.04305986595866969,1.0423300230238458e-12,0.05854418385208886,0.07793994081053335,0.08039780559894015,0.08583232579534195,0.019561474793758155,0.0,0.0,0.0,0.0,2.3176663490894413e-13,0.07945205373571247,0.0,1.1965869849897594e-12,0.0810180753398086,0.0,0.0,0.0,0.0,3.543162396415622e-13,0.0,0.08021974380061803,6.645883435254913e-12,1.0179145111048125e-10,0.0,0.0,1.3649571463650854e-11
2023-04-21,0.08366979815709959,0.0,0.017847129088173548,0.07826972797090828,0.008401511416858356,0.0,0.0699491767923098,0.07761318645879742,1.898612276574644e-13,0.057526647169979,0.0,0.0,0.04250361151874822,1.0404296164426995e-12,0.05931638799707309,0.07870456738694755,0.08060578949391933,0.08582125756198361,0.019431081526645584,0.0,0.0,0.0,0.0,2.3450885255931733e-13,0.07923485978502015,0.0,1.2381121107384107e-12,0.08151840008970894,0.0,0.0,0.0,0.0,3.5742606900306357e-13,0.0,0.07958686745769813,6.5870631714393706e-12,1.0509695426857388e-10,0.0,0.0,1.3385331130467059e-11
2023-04-24,0.08315772670364889,0.0,0.01791435016901,0.07747049639275437,0.00846230751399718,0.0,0.06991471518069489,0.07867336641538328,1.9301209297598495e-13,0.05733656654835522,0.0,0.0,0.04365871263998011,1.0322558673224088e-12,0.05912017369349577,0.07782182520324203,0.08059818607823518,0.08655806058680812,0.019492376500398523,0.0,0.0,0.0,0.0,2.3621012848918437e-13,0.07870438362360535,0.0,1.2459653133056405e-12,0.08171022672609653,0.0,0.0,0.0,0.0,3.60059271497193e-13,0.0,0.07940652589681549,6.547263592214519e-12,1.0482764897917001e-10,0.0,0.0,1.3036940708843634e-11
2023-04-25,0.082623463895902,0.0,0.01778398999523925,0.077746736229875,0.008543806854733533,0.0,0.06948726544567871,0.07883225818522073,1.9087659707737192e-13,0.05681104602643528,0.0,0.0,0.04343718894870211,1.0394522877454098e-12,0.0599129232768386,0.07786608646051152,0.08169081165469162,0.08691442376206181,0.019468871855392866,0.0,0.0,0.0,0.0,2.2921120898670376e-13,0.07797550089505124,0.0,1.2430269094062737e-12,0.08115084352414811,0.0,0.0,0.0,0.0,3.568654977486622e-13,0.0,0.07975478286305157,6.471721555416776e-12,1.0392684850524766e-10,0.0,0.0,1.3008265613459023e-11
2023-04-26,0.08335343407349469,0.0,0.017790629085157224,0.07719180512976424,0.008819266631867736,0.0,0.07006534667086882,0.07867962798181226,1.8867331939886517e-13,0.05646335954851514,0.0,0.0,0.04328840839772025,1.0477022151370792e-12,0.05940416527139066,0.07764292038887599,0.08176281537371378,0.08701706244685117,0.019372194713851425,0.0,0.0,0.0,0.0,2.285346333560248e-13,0.07879470582105777,0.0,1.2628348235383328e-12,0.07920077808985948,0.0,0.0,0.0,0.0,3.617130539126343e-13,0.0,0.08115348024742221,6.514833243137021e-12,1.0500370241704247e-10,0.0,0.0,1.3169408280081246e-11
2023-04-27,0.0833073943119185,0.0,0.017796661017396517,0.0773545851381075,0.008791140266102764,0.0,0.07028002339026178,0.0778114425388873,1.8504761954943524e-13,0.056279747456392186,0.0,0.0,0.04355211402327112,1.0387274726569622e-12,0.05930994674338604,0.07753124670309901,0.08158925980561312,0.08724093036668053,0.019430574513931147,0.0,0.0,0.0,0.0,2.2970974894242373e-13,0.07877833146736249,0.0,1.263420943355192e-12,0.07915003716593985,0.0,0.0,0.0,0.0,3.6106668738837035e-13,0.0,0.08179656496474627,6.5213150036777244e-12,1.0396870992992456e-10,0.0,0.0,1.3336152949271496e-11
2023-04-28,0.08260964725156175,0.0,0.0182075273603598,0.07694530789456848,0.008964599065748237,0.0,0.07002550058428478,0.07922863905003552,1.8304250629189778e-13,0.05600007711819776,0.0,0.0,0.04425771747356819,1.0507004819119166e-12,0.0594519585990596,0.07727593801224943,0.08149334069174306,0.08687412101327974,0.019519417892378328,0.0,0.0,0.0,0.0,2.338768724773271e-13,0.07888058278269292,0.0,1.2780988992446576e-12,0.07927095761757054,0.0,0.0,0.0,0.0,3.752418503342785e-13,0.0,0.08099466746589251,6.515448314857567e-12,1.0415882373479968e-10,0.0,0.0,1.3014454014191553e-11
2023-05-01,0.07999999999377604,2.5218823553345476e-11,0.018186218326793673,0.07999999999653748,0.0,0.0,0.07999999998652076,0.07999999998710883,5.395852084842505e-10,0.010396496381196269,0.0,2.6058136647564315e-12,0.041813781694690716,0.07999999997595317,0.0799999999970784,0.030148498040843127,0.07999999998263282,0.07999999998052941,0.019455005091477913,0.0,0.0,0.0,0.0,0.0,0.07999999999912569,0.0,0.0,0.07999999999683091,0.0,0.0,0.0,0.0,0.0,0.0,0.08000000000149496,0.0,0.0,0.0,0.0,0.0
2023-05-02,0.08072479179882797,2.499726093542653e-11,0.018246250679545117,0.08002664978536884,0.0,0.0,0.08048557140841028,0.08136263362631191,5.364634983147302e-10,0.010308460926059915,0.0,2.658654327282663e-12,0.04236330316465367,0.08104040451909418,0.07978363797303897,0.02990798078684992,0.07916614137157864,0.07628683003809965,0.019257469777730615,0.0,0.0,0.0,0.0,0.0,0.08040459081358334,0.0,0.0,0.08030863949902434,0.0,0.0,0.0,0.0,0.0,0.0,0.0803266432677032,0.0,0.0,0.0,0.0,0.0
2023-05-03,0.08000853270751308,2.4903015798955955e-11,0.01823661474577061,0.08038639758646277,0.0,0.0,0.08068389201240958,0.07967194023852525,5.477615363513142e-10,0.01009931982004628,0.0,2.6824165014829553e-12,0.043089851203932855,0.08023643420678901,0.07957631535452762,0.029800102881153007,0.07946711500620102,0.07782004043298306,0.01945756419986902,0.0,0.0,0.0,0.0,0.0,0.08017835785361431,0.0,0.0,0.08120961712194297,0.0,0.0,0.0,0.0,0.0,0.0,0.08007790405291254,0.0,0.0,0.0,0.0,0.0
2023-05-04,0.0808385152571438,2.4436396015109732e-11,0.0183454556321667,0.08079318539832339,0.0,0.0,0.08050375834672781,0.0782757439769269,5.377063583682241e-10,0.010167713129775288,0.0,2.6993945606248442e-12,0.04376649948197952,0.07932839521173445,0.07927613290407594,0.029377783851136516,0.07953371086266013,0.0784300774248063,0.019470394197301958,0.0,0.0,0.0,0.0,0.0,0.08054200430215433,0.0,0.0,0.08113767168225149,0.0,0.0,0.0,0.0,0.0,0.0,0.08021295777599315,0.0,0.0,0.0,0.0,0.0
2023-05-05,0.0823172977382798,2.50819190794182e-11,0.017946605564709034,0.08085725484608684,0.0,0.0,0.08036534254197876,0.07792659962028427,5.350636047746293e-10,0.010270162153076969,0.0,2.6844211850967635e-12,0.0444397672400914,0.07843261396223279,0.07930172772730654,0.029757813329772287,0.08063301655960198,0.07653042305044633,0.01931114448526362,0.0,0.0,0.0,0.0,0.0,0.0805463583334798,0.0,0.0,0.08129140839119144,0.0,0.0,0.0,0.0,0.0,0.0,0.08007246389336806,0.0,0.0,0.0,0.0,0.0
2023-05-08,0.08287673557272494,2.424520191747006e-11,0.01809093573656508,0.08213553109313847,0.0,0.0,0.08032016346171834,0.07722276820850714,5.34228656795422e-10,0.010357582436220886,0.0,2.6726106536122434e-12,0.04442697632998553,0.07772575657945512,0.07997232543233614,0.030507281393217633,0.0793067286300655,0.07407021109503996,0.01914030826607773,0.0,0.0,0.0,0.0,0.0,0.0814436081406516,0.0,0.0,0.08310358300739576,0.0,0.0,0.0,0.0,0.0,0.0,0.0792995040557535,0.0,0.0,0.0,0.0,0.0
2023-05-09,0.08391842453822222,2.3875741766124757e-11,0.018035847995746774,0.08322920702503743,0.0,0.0,0.08027864898248298,0.07599275426779939,5.29454606936163e-10,0.010296552056364025,0.0,2.7103446188445433e-12,0.0436238648943064,0.07787353432328015,0.08089854100171658,0.030589470741469844,0.07951924423936221,0.07423292388110628,0.01903780657073204,0.0,0.0,0.0,0.0,0.0,0.08063357917374293,0.0,0.0,0.08325629697997561,0.0,0.0,0.0,0.0,0.0,0.0,0.07858330277261424,0.0,0.0,0.0,0.0,0.0
2023-05-10,0.08532777417345812,2.3340673794480778e-11,0.017810083079182262,0.08340484450932699,0.0,0.0,0.07892291368796327,0.0751011951645917,5.246577226252741e-10,0.010320133057466206,0.0,2.673881407603698e-12,0.04306935768450084,0.07807007613588064,0.08203359823872092,0.03053478226288388,0.07909203764442273,0.07463433167222924,0.01920267729017618,0.0,0.0,0.0,0.0,0.0,0.08072173137413914,0.0,0.0,0.08268296986181678,0.0,0.0,0.0,0.0,0.0,0.0,0.07907149361256856,0.0,0.0,0.0,0.0,0.0
2023-05-11,0.08536464701198479,2.296981647852821e-11,0.017781732402364345,0.08335147832325993,0.0,0.0,0.07872621234713743,0.07557495572137014,5.118683928096921e-10,0.01048724791260758,0.0,2.7490497350832207e-12,0.04249547939218702,0.07868662353628936,0.08196960339576165,0.03091191063003518,0.0796003361138142,0.07414889550520762,0.019055841153528194,0.0,0.0,0.0,0.0,0.0,0.08090714641012613,0.0,0.0,0.08185426213284192,0.0,0.0,0.0,0.0,0.0,0.0,0.07908362747389697,0.0,0.0,0.0,0.0,0.0
2023-05-12,0.08588953203059779,2.2421224432230712e-11,0.017649267797210016,0.08264045369054732,0.0,0.0,0.07934109791745173,0.07593721595910084,4.970488526259381e-10,0.010516081778435155,0.0,2.7712011537669676e-12,0.042733195180902885,0.07902436165799073,0.08113449325751161,0.031169908964635635,0.08046647801223811,0.07366980989681217,0.018917274914305428,0.0,0.0,0.0,0.0,0.0,0.08038667478523207,0.0,0.0,0.08126579158478933,0.0,0.0,0.0,0.0,0.0,0.0,0.07925836204999752,0.0,0.0,0.0,0.0,0.0
2023-05-15,0.08425828452687244,2.2446414101373584e-11,0.017718526466249943,0.0829558928108386,0.0,0.0,0.07934007196094404,0.07717211151344402,5.081407328006064e-10,0.010451212576042817,0.0,2.8016889663761427e-12,0.04304717961450574,0.08000681789426636,0.07984632682247221,0.031400353026653685,0.08005864282709231,0.07378879189561521,0.01889369909910486,0.0,0.0,0.0,0.0,0.0,0.08019710548353388,0.0,0.0,0.08120618481588364,0.0,0.0,0.0,0.0,0.0,0.0,0.07965879813309105,0.0,0.0,0.0,0.0,0.0
2023-05-16,0.0854490916422024,2.2819388454456306e-11,0.017820273753584567,0.08254702799638239,0.0,0.0,0.07942146546200668,0.07796696532831836,5.137659794412026e-10,0.010593117654200521,0.0,2.770787414764284e-12,0.04374881844405861,0.07854900053070067,0.07979109059251123,0.03119048124252065,0.0805053184013988,0.07377075610704731,0.0187761532420778,0.0,0.0,0.0,0.0,0.0,0.07957030587173884,0.0,0.0,0.08092970198417558,0.0,0.0,0.0,0.0,0.0,0.0,0.07937043120771915,0.0,0.0,0.0,0.0,0.0
2023-05-17,0.08696652377076523,2.2876646293945286e-11,0.017919187488116984,0.08312745773549068,0.0,0.0,0.07927602877175381,0.07988365002056327,5.127068021738383e-10,0.010573061190457577,0.0,2.749351934550891e-12,0.04400029622487581,0.07711231176945398,0.0787239470101419,0.031334139544885314,0.08031525037790775,0.07517063275161268,0.018696634317659725,0.0,0.0,0.0,0.0,0.0,0.07820706952627553,0.0,0.0,0.08084243274336858,0.0,0.0,0.0,0.0,0.0,0.0,0.07785137621833811,0.0,0.0,0.0,0.0,0.0
2023-05-18,0.08784778456544187,2.3189442092529577e-11,0.017796037945668117,0.08266703277274418,0.0,0.0,0.08008458777388291,0.079128181573696,5.147446430856711e-10,0.010587639192055994,0.0,2.738573850284166e-12,0.044834707937889066,0.07782076580025635,0.0801496877857481,0.030807203290341815,0.0806681619903814,0.0724929198565519,0.01864280502216036,0.0,0.0,0.0,0.0,0.0,0.0773073647671432,0.0,0.0,0.08163252220131274,0.0,0.0,0.0,0.0,0.0,0.0,0.07753259698405306,0.0,0.0,0.0,0.0,0.0
2023-05-19,0.08622227098021513,2.316740873947367e-11,0.01769104820377304,0.08233958654341615,0.0,0.0,0.07955789382324684,0.08005705074939062,5.129494425503282e-10,0.0104066645403198,0.0,2.729353968157418e-12,0.04498683367197246,0.07730784760200503,0.08071805631388065,0.031055187086667053,0.08079194603702185,0.07256847057479186,0.018614770073074223,0.0,0.0,0.0,0.0,0.0,0.07791032626218564,0.0,0.0,0.08289187109301237,0.0,0.0,0.0,0.0,0.0,0.0,0.07688017590618076,0.0,0.0,0.0,0.0,0.0
2023-05-22,0.08717537562653015,2.3102408040927395e-11,0.017627410863593335,0.0833076427755237,0.0,0.0,0.07903191487174652,0.08012816271254262,5.137614030292219e-10,0.010387270295830996,0.0,2.7320217641846883e-12,0.04479419329598847,0.07895298428009129,0.08098316688231415,0.031188723454078845,0.08089279383657362,0.0700880894113416,0.01839303174067164,0.0,0.0,0.0,0.0,0.0,0.07745271507673564,0.0,0.0,0.08284132135340581,0.0,0.0,0.0,0.0,0.0,0.0,0.07675520298343538,0.0,0.0,0.0,0.0,0.0
2023-05-23,0.0874518231215011,2.3021391950564295e-11,0.01771271954213161,0.08275212292981293,0.0,0.0,0.07869035058738667,0.07919532279524402,5.116314506882934e-10,0.010475821801375122,0.0,2.7543926592396065e-12,0.045161740366132005,0.07784145943641475,0.08154302108435378,0.031051187028695706,0.08164138354885156,0.07046470638696167,0.018371790711960264,0.0,0.0,0.0,0.0,0.0,0.07762039526783887,0.0,0.0,0.0831427648346903,0.0,0.0,0.0,0.0,0.0,0.0,0.07688339001924195,0.0,0.0,0.0,0.0,0.0
2023-05-24,0.08877845863036658,2.296366432077298e-11,0.01770263591452864,0.08332694800379396,0.0,0.0,0.0785982411446751,0.07947579000123065,5.16788153790815e-10,0.010313742678400758,0.0,2.766931592381757e-12,0.04565508312283697,0.07769437680631411,0.08131928899363479,0.031156789688313473,0.08228745484233203,0.06852490365019671,0.018515005011519408,0.0,0.0,0.0,0.0,0.0,0.07680012914435914,0.0,0.0,0.08259304554110705,0.0,0.0,0.0,0.0,0.0,0.0,0.07725810628387147,0.0,0.0,0.0,0.0,0.0
2023-05-25,0.0878314633250621,2.3305628375778195e-11,0.017793111268994556,0.08226946590050921,0.0,0.0,0.0787289482377655,0.08072019848923842,5.227220137483855e-10,0.010090201869422492,0.0,2.7763619202807092e-12,0.045937217644562635,0.07718618892098202,0.08100626268348017,0.03078429076659443,0.08280618226283194,0.0691881273257804,0.018375003275587335,0.0,0.0,0.0,0.0,0.0,0.07619976767847535,0.0,0.0,0.08401396224459848,0.0,0.0,0.0,0.0,0.0,0.0,0.0770696075573105,0.0,0.0,0.0,0.0,0.0
2023-05-26,0.08778349299923392,2.3486728968346638e-11,0.01776332049511971,0.08296651814930889,0.0,0.0,0.07888098327267219,0.08029845488994104,5.142968269492123e-10,0.009978011957250565,0.0,2.783047941854925e-12,0.046347672816500374,0.07735512770508397,0.08061416088282686,0.03089276258673522,0.08215452337595656,0.07067160688663102,0.01825631901315648,0.0,0.0,0.0,0.0,0.0,0.07642578175084822,0.0,0.0,0.08353481355718871,0.0,0.0,0.0,0.0,0.0,0.0,0.07607644912097924,0.0,0.0,0.0,0.0,0.0
2023-05-29,0.08597705487146422,2.3050649307423737e-11,0.017766510224753854,0.08210839580927695,0.0,0.0,0.07917828025050547,0.08233713360614456,5.284675250605831e-10,0.009961217351033365,0.0,2.7839752201765367e-12,0.04658115300725208,0.07776478421702532,0.07955464524279289,0.030563075159066366,0.08280306580877753,0.07064195150289997,0.01810491101619131,0.0,0.0,0.0,0.0,0.0,0.07674199274982146,0.0,0.0,0.08386135407868878,0.0,0.0,0.0,0.0,0.0,0.0,0.07605447455000325,0.0,0.0,0.0,0.0,0.0
2023-05-30,0.08412312155359235,2.3323753381137764e-11,0.0177017918058048,0.08283021862560035,0.0,0.0,0.07962572263552707,0.08189134632808517,5.348671420635315e-10,0.009896872046272657,0.0,2.7867608599582588e-12,0.04661703334642354,0.07879627096111386,0.07941145457271984,0.030634954079063453,0.08296208754784726,0.07185673726264935,0.018018480971800296,0.0,0.0,0.0,0.0,0.0,0.0768806740411862,0.0,0.0,0.08312011201864325,0.0,0.0,0.0,0.0,0.0,0.0,0.07563312164269251,0.0,0.0,0.0,0.0,0.0
2023-05-31,0.08334896868823176,2.3261654450972017e-11,0.01742286929724592,0.08246280250372207,0.0,0.0,0.08008465897526966,0.0828590269649489,5.305987802164478e-10,0.009987725954207634,0.0,2.8702030996945512e-12,0.046661916487369295,0.0785576848692975,0.07980811089150318,0.030716252269109727,0.08396226803842562,0.07114065884008589,0.017870864364724414,0.0,0.0,0.0,0.0,0.0,0.07649767514431048,0.0,0.0,0.0824209813289993,0.0,0.0,0.0,0.0,0.0,0.0,0.0761975348258177,0.0,0.0,0.0,0.0,0.0
2023-06-01,0.05999999997908768,4.634113078349253e-12,0.07999999999901203,0.07999999999790369,0.0,0.0,0.07999999999727603,0.07999999998748805,3.4469534039307106e-11,1.0942099820910904e-13,0.0,0.0,0.0,0.0,0.07999999999860945,1.0746466215503314e-12,0.07999999999802036,0.060000000013194735,0.079999999996834,3.602615911338269e-14,0.07999999999503976,0.0,0.0,0.0,0.07999999999889007,0.0,0.0,0.07999999999855331,0.0,2.317175811199603e-13,0.0,0.0,0.0,0.0,0.07999999999932988,0.0,0.0,0.0,2.0552696193303824e-13,0.0
2023-06-02,0.060631774525956146,4.582586721689324e-12,0.0803540675790692,0.08084587508022233,0.0,0.0,0.08021704069501273,0.08075960333687075,3.521647079530786e-11,1.0797138423721561e-13,0.0,0.0,0.0,0.0,0.08021172486261201,1.0740922092094107e-12,0.08067586189498367,0.058651203015189265,0.07981067499852783,3.6540984635942485e-14,0.08038448510362851,0.0,0.0,0.0,0.07978583668140557,0.0,0.0,0.07850982690719815,0.0,2.3344419123726487e-13,0.0,0.0,0.0,0.0,0.0791620252778652,0.0,0.0,0.0,2.0752244019047126e-13,0.0
2023-06-05,0.060633580178914695,4.621349604321645e-12,0.08089903129527806,0.07956477668553937,0.0,0.0,0.0818809117387394,0.08266229981400702,3.46911117659421e-11,1.0766660625923252e-13,0.0,0.0,0.0,0.0,0.0793263061969061,1.067245482820057e-12,0.08113878035145192,0.05862347427915446,0.07873995619631428,3.653848835002327e-14,0.07920124241349451,0.0,0.0,0.0,0.07967596951925052,0.0,0.0,0.07901314650650643,0.0,2.350152475234483e-13,0.0,0.0,0.0,0.0,0.0786405247834815,0.0,0.0,0.0,2.0288947094551317e-13,0.0
2023-06-06,0.06097652619114815,4.64515697592305e-12,0.08101177298185805,0.0807731008712802,0.0,0.0,0.08157591574670936,0.08143352694864338,3.440971280961532e-11,1.0855852877677089e-13,0.0,0.0,0.0,0.0,0.079987864146894,1.0829038061549925e-12,0.08054818192272566,0.0595733651995138,0.07984601235061677,3.6660421539612406e-14,0.07762629358075233,0.0,0.0,0.0,0.07970046354566504,0.0,0.0,0.07853450361805606,0.0,2.358107465439906e-13,0.0,0.0,0.0,0.0,0.07841247285540971,0.0,0.0,0.0,2.0881516720302228e-13,0.0
2023-06-07,0.061158821030480884,4.650908932930059e-12,0.08015863967577566,0.08040256449522695,0.0,0.0,0.08130042710427976,0.08155344977276008,3.494633532811642e-11,1.1116022259657797e-13,0.0,0.0,0.0,0.0,0.0803862138803356,1.0764721205312276e-12,0.08099301544088466,0.06026675452671074,0.08066539981373329,3.677924149062036e-14,0.07746493352494685,0.0,0.0,0.0,0.07922621311136259,0.0,0.0,0.07740289994599023,0.0,2.343120090459464e-13,0.0,0.0,0.0,0.0,0.07902066763624425,0.0,0.0,0.0,2.1260934606527534e-13,0.0
2023-06-08,0.06053078346517882,4.732414459736349e-12,0.08008559703359952,0.08056584415610824,0.0,0.0,0.08141925529766125,0.08173465116928454,3.421796584903944e-11,1.1136788625857993e-13,0.0,0.0,0.0,0.0,0.08124179637848453,1.0783163787111595e-12,0.08126760386888084,0.058830735048702607,0.08094613319315883,3.687614938398035e-14,0.07810309499184809,0.0,0.0,0.0,0.07982992977049552,0.0,0.0,0.07644042487585105,0.0,2.36215567240595e-13,0.0,0.0,0.0,0.0,0.07900415071012216,0.0,0.0,0.0,2.1095920540709133e-13,0.0
2023-06-09,0.05966416583201837,4.746251042598127e-12,0.08042232375013625,0.08106106427411051,0.0,0.0,0.08109255161754102,0.08186554520934777,3.4584438587975645e-11,1.0869406003272984e-13,0.0,0.0,0.0,0.0,0.08090563433425303,1.0968803407474786e-12,0.08108774139685798,0.05864787990009594,0.08049309627772527,3.824769269690798e-14,0.07875240803919172,0.0,0.0,0.0,0.08010740659049057,0.0,0.0,0.07593686150188356,0.0,2.3783380940724377e-13,0.0,0.0,0.0,0.0,0.07996332123532225,0.0,0.0,0.0,2.1349769264877565e-13,0.0
2023-06-12,0.060676024875238474,4.781500885233352e-12,0.08059766783357089,0.08068534057977737,0.0,0.0,0.08140742706170766,0.08271789142647425,3.423825918077659e-11,1.0971277528833422e-13,0.0,0.0,0.0,0.0,0.08129664087750625,1.0836002398196033e-12,0.08029940632019882,0.06020141999054321,0.0793946339834929,3.819072237079123e-14,0.07752260714149306,0.0,0.0,0.0,0.08041848679418145,0.0,0.0,0.07501355204911994,0.0,2.428163236822776e-13,0.0,0.0,0.0,0.0,0.07976890102598626,0.0,0.0,0.0,2.1548426756460277e-13,0.0
2023-06-13,0.059863087345103684,4.896886656311861e-12,0.07971877218501874,0.08154261890424674,0.0,0.0,0.08294067345787304,0.081236244042799,3.536380551194402e-11,1.0603446195602859e-13,0.0,0.0,0.0,0.0,0.08235694450944764,1.0777549037856724e-12,0.0803919778754835,0.06014007690164719,0.08129636905442687,3.7453624007883716e-14,0.07633771447996202,0.0,0.0,0.0,0.0801748627689137,0.0,0.0,0.07381838322153679,0.0,2.4043503102141476e-13,0.0,0.0,0.0,0.0,0.08018227521160584,0.0,0.0,0.0,2.1286902673201316e-13,0.0
2023-06-14,0.060295510138689785,4.984980822728901e-12,0.07973812192328827,0.08134110322869353,0.0,0.0,0.08367956319249853,0.08185194399846829,3.524413994291803e-11,1.0768825129349503e-13,0.0,0.0,0.0,0.0,0.08317447663094607,1.0654200003753345e-12,0.08130644018234122,0.06043260146494465,0.07965066140322793,3.7717858495605003e-14,0.07609897200651804,0.0,0.0,0.0,0.08042764999816472,0.0,0.0,0.07301814425098346,0.0,2.416934629687872e-13,0.0,0.0,0.0,0.0,0.07898481153934886,0.0,0.0,0.0,2.0495403297501686e-13,0.0
2023-06-15,0.059576662139646554,4.928760033161159e-12,0.07996370239885772,0.08158441174226094,0.0,0.0,0.08264912497182436,0.08243472097772511,3.555545963030692e-11,1.0955200152713835e-13,0.0,0.0,0.0,0.0,0.08298043283323907,1.058536218398336e-12,0.08131201951479158,0.061389999526268335,0.08120377818626907,3.7670941982153315e-14,0.07498606539238394,0.0,0.0,0.0,0.08056007995250383,0.0,0.0,0.07257874279134804,0.0,2.4198578307984736e-13,0.0,0.0,0.0,0.0,0.07878025953074094,0.0,0.0,0.0,2.0851181921989362e-13,0.0
2023-06-16,0.06007848125195968,4.825698066792151e-12,0.07893849499513834,0.08092964568587968,0.0,0.0,0.08311528369966832,0.08137856381404816,3.5383008082588145e-11,1.0767729780154182e-13,0.0,0.0,0.0,0.0,0.08319602462825902,1.0598802435928668e-12,0.08202249236444994,0.06163976200471474,0.0810303120576477,3.7709612256418914e-14,0.07507605274998803,0.0,0.0,0.0,0.08048109171715531,0.0,0.0,0.072862683419816,0.0,2.37960690436176e-13,0.0,0.0,0.0,0.0,0.07925111156941692,0.0,0.0,0.0,2.0621573198094053e-13,0.0
2023-06-19,0.058789967636158576,4.8557632452382025e-12,0.0792781399386712,0.08107362762426967,0.0,0.0,0.08280779631749742,0.08205942010389361,3.5297757909681223e-11,1.0696080991936087e-13,0.0,0.0,0.0,0.0,0.08387860073300972,1.0480084606185844e-12,0.0809240877058449,0.06270062493108419,0.08173758060673904,3.7485875264203904e-14,0.07341133285958139,0.0,0.0,0.0,0.08003666605944529,0.0,0.0,0.07410647873943574,0.0,2.4326785233208276e-13,0.0,0.0,0.0,0.0,0.07919567670257238,0.0,0.0,0.0,2.0755458821393942e-13,0.0
2023-06-20,0.058597527800497796,4.88084327378812e-12,0.07889382781559372,0.081809520220478,0.0,0.0,0.08283715919335832,0.08203462714550744,3.54312541901664e-11,1.0613800596150947e-13,0.0,0.0,0.0,0.0,0.08444162474531045,1.03639210516051e-12,0.0814349245529292,0.0635924887522172,0.08187929392312887,3.7989361410148625e-14,0.0719129603431345,0.0,0.0,0.0,0.07911472820326436,0.0,0.0,0.07458724703836565,0.0,2.410962444177147e-13,0.0,0.0,0.0,0.0,0.07886407022427244,0.0,0.0,0.0,2.082144372815221e-13,0.0
2023-06-21,0.05893735233775127,4.854983858082087e-12,0.07761062029114915,0.08246557554219461,0.0,0.0,0.08177007252469962,0.08282259448880626,3.5331197257202404e-11,1.0548850840787329e-13,0.0,0.0,0.0,0.0,0.08667008770816073,1.0207396015934248e-12,0.08082739976680253,0.06305619873591227,0.08045322988232116,3.8405978986007276e-14,0.07250344053277379,0.0,0.0,0.0,0.07949568589872263,0.0,0.0,0.07428732563553438,0.0,2.4084847591263927e-13,0.0,0.0,0.0,0.0,0.07910041661336975,0.0,0.0,0.0,2.1003675400082703e-13,0.0
2023-06-22,0.058432627621974,4.788320312583799e-12,0.07873706839195369,0.08209607237767652,0.0,0.0,0.08186495853319915,0.08369845716973748,3.454312499240393e-11,1.048754593339521e-13,0.0,0.0,0.0,0.0,0.08642294245651869,1.0139326761844068e-12,0.08053580381888614,0.061790046401401066,0.08073066262236875,3.885243912733347e-14,0.07287001080272662,0.0,0.0,0.0,0.07989501583150664,0.0,0.0,0.07451018542850826,0.0,2.433746561362441e-13,0.0,0.0,0.0,0.0,0.07841614850259739,0.0,0.0,0.0,2.129708129440211e-13,0.0
2023-06-23,0.058605630222637865,4.818315714133842e-12,0.07903451452751545,0.08231209693714955,0.0,0.0,0.08159199128944528,0.08455346545079856,3.5420811441521535e-11,1.0396536404209263e-13,0.0,0.0,0.0,0.0,0.08710387905719205,1.0151144073738957e-12,0.08015635957593129,0.06095075100416128,0.07963729351009373,3.975000779792564e-14,0.07377050135285361,0.0,0.0,0.0,0.08019029613345444,0.0,0.0,0.0741213661615948,0.0,2.4593307137219273e-13,0.0,0.0,0.0,0.0,0.07797185473531174,0.0,0.0,0.0,2.1643432012219018e-13,0.0
2023-06-26,0.05896129911008732,4.876806199171363e-12,0.07803191634727849,0.08269311314608853,0.0,0.0,0.08116129510564175,0.08434471483010396,3.408119795687104e-11,1.0518826380089699e-13,0.0,0.0,0.0,0.0,0.0869439187047523,1.0192404861207439e-12,0.07993981408424876,0.06096103731741017,0.07970999741140926,3.9313779817143317e-14,0.07441773290874966,0.0,0.0,0.0,0.07999629254381345,0.0,0.0,0.07499658581173227,0.0,2.477790132378047e-13,0.0,0.0,0.0,0.0,0.07784228263809632,0.0,0.0,0.0,2.180783211570411e-13,0.0
2023-06-27,0.05812717755286785,4.9223626407707375e-12,0.07860263814636999,0.08221529497489516,0.0,0.0,0.08255785764876955,0.0837690451166015,3.339884240410741e-11,1.0505042580377979e-13,0.0,0.0,0.0,0.0,0.08800576094993988,1.00442430739427e-12,0.07993802483253948,0.06104638746827927,0.0790988618596065,3.9718296845554714e-14,0.07344046415670256,0.0,0.0,0.0,0.08022980418613157,0.0,0.0,0.07470272882398213,0.0,2.471281009406722e-13,0.0,0.0,0.0,0.0,0.0782659542433803,0.0,0.0,0.0,2.1656535182769842e-13,0.0
2023-06-28,0.05851753945534633,5.0177658156106724e-12,0.0791994852727963,0.08115513156257834,0.0,0.0,0.08300750176578345,0.08489765714663215,3.230503076364868e-11,1.0646633698085789e-13,0.0,0.0,0.0,0.0,0.087921968683378,1.017066921569937e-12,0.080140274671906,0.05948893750165949,0.07855335210837347,3.951933178155716e-14,0.07289171944572094,0.0,0.0,0.0,0.08094391539665467,0.0,0.0,0.07389944787067435,0.0,2.505692331563645e-13,0.0,0.0,0.0,0.0,0.07938306907954554,0.0,0.0,0.0,2.1442867338816486e-13,0.0
2023-06-29,0.05811982613666482,4.9500293155385366e-12,0.07900401747440179,0.08171966480324745,0.0,0.0,0.08317161211943579,0.08525394864169637,3.224484482771472e-11,1.0499811321888929e-13,0.0,0.0,0.0,0.0,0.08897016486765585,1.0166887428399526e-12,0.07991457584711809,0.05878668472965655,0.0780213707676544,3.9997030109862334e-14,0.07180732416536467,0.0,0.0,0.0,0.08072046292496043,0.0,0.0,0.07513019689196469,0.0,2.512154110435778e-13,0.0,0.0,0.0,0.0,0.07938015059135702,0.0,0.0,0.0,2.1411784577867216e-13,0.0
2023-06-30,0.05737626456017547,4.98456457392531e-12,0.07943756719007351,0.08171519915714093,0.0,0.0,0.08362723130539494,0.08445829233810379,3.1909210995775065e-11,1.033601197829725e-13,0.0,0.0,0.0,0.0,0.08654025684043969,1.045497634988066e-12,0.08090639508218038,0.058004816445367244,0.08000353080390342,3.9606494398094334e-14,0.07342324245399015,0.0,0.0,0.0,0.08026598140346555,0.0,0.0,0.07560757106118578,0.0,2.452623999925569e-13,0.0,0.0,0.0,0.0,0.07863365132003651,0.0,0.0,0.0,2.1496653178755838e-13,0.0
2023-07-03,0.07999999998677601,0.0,0.07999999999417697,0.07999999999642045,0.0,0.0,0.015565659506314476,0.07999999999344545,3.3926837995227647e-12,1.4853663802323555e-10,0.0,7.749152932530532e-12,0.0599999999995937,0.02000000004348376,4.5209516143904136e-11,0.0799999999355347,0.07999999999401536,0.0,2.1587215258561923e-11,0.024434340362232826,0.07999999996773602,0.07999999999074149,0.0,0.0,0.07999999999714025,0.0,0.0,0.07999999999479927,0.0,3.721350149067197e-12,0.0,0.0,2.471420182980555e-12,0.0,0.07999999999807621,1.5184232462341687e-12,0.0,0.0,5.326791826376128e-12,0.0
2023-07-04,0.08040103484580395,0.0,0.08073109871525508,0.08011198838174038,0.0,0.0,0.015771008507845206,0.07954398315045363,3.4172682830506127e-12,1.472245350825264e-10,0.0,7.796378232646822e-12,0.06014674763907887,0.020279943393590363,4.568586252020585e-11,0.0802960347688281,0.07958972006584358,0.0,2.1755968737212807e-11,0.023709842574352973,0.08099550870056975,0.08055756293386437,0.0,0.0,0.07856070294580976,0.0,0.0,0.08008971176514905,0.0,3.63021059974594e-12,0.0,0.0,2.490417987130234e-12,0.0,0.07921511137295713,1.5316648355120993e-12,0.0,0.0,5.325678166151093e-12,0.0
2023-07-05,0.08040888871756942,0.0,0.08072168831265532,0.08007508953571821,0.0,0.0,0.015736852095358356,0.08158156459378764,3.362986492703767e-12,1.4423559462492437e-10,0.0,7.709698400365188e-12,0.06048003879893162,0.019807839753033976,4.566512731957299e-11,0.07988530205450957,0.07968959718206627,0.0,2.1750432749443015e-11,0.02377790794896146,0.08179624080629214,0.07892149714921261,0.0,0.0,0.07828924964559685,0.0,0.0,0.07908082631111724,0.0,3.615357736402329e-12,0.0,0.0,2.533905700456229e-12,0.0,0.07974741685952774,1.5494820038726824e-12,0.0,0.0,5.239295710110751e-12,0.0
2023-07-06,0.08115941884685972,0.0,0.08156422262576442,0.07983137792819907,0.0,0.0,0.015680668487218635,0.08131983014339923,3.3277029195500027e-12,1.4183912086809233e-10,0.0,7.805071539750638e-12,0.060360311442282544,0.019590339964857206,4.619508245994004e-11,0.07916928261547028,0.07897495771874988,0.0,2.1900134946354365e-11,0.023941682082781333,0.08095521124276844,0.07869682076070197,0.0,0.0,0.07913348219325307,0.0,0.0,0.07969834335652984,0.0,3.6796293839542275e-12,0.0,0.0,2.552284309383555e-12,0.0,0.07992405035709316,1.562354712958241e-12,0.0,0.0,5.210138628073296e-12,0.0
2023-07-07,0.08282257743063318,0.0,0.08089930366740264,0.07960534488025753,0.0,0.0,0.015704374123852793,0.08234204500226089,3.2880503792063937e-12,1.3924711073349133e-10,0.0,7.754864491637221e-12,0.059234007934859584,0.01932945914538292,4.6364668862947885e-11,0.07892000739125483,0.08002190240506651,0.0,2.174226949363925e-11,0.02424317807665533,0.07882827461229408,0.07945450321272833,0.0,0.0,0.07905899710776915,0.0,0.0,0.079948405970624,0.0,3.761864300133391e-12,0.0,0.0,2.5995048671015556e-12,0.0,0.0795876188074183,1.5776611450312794e-12,0.0,0.0,5.204243151879572e-12,0.0
2023-07-10,0.08343174541168523,0.0,0.08098243022404736,0.07832048813076456,0.0,0.0,0.015658005788949412,0.0821138251413113,3.241093193683868e-12,1.40380959727583e-10,0.0,7.85485052588334e-12,0.05906678907767768,0.018876846277200536,4.727757124022581e-11,0.0779342221353456,0.08160589948987697,0.0,2.1645749131454738e-11,0.02377438667190169,0.08033293361989212,0.07872751145505213,0.0,0.0,0.07944151246778218,0.0,0.0,0.07938734283422544,0.0,3.753601789666558e-12,0.0,0.0,2.610291186527593e-12,0.0,0.08034606104079911,1.5626625564954384e-12,0.0,0.0,5.162171190355715e-12,0.0
2023-07-11,0.08247196105601459,0.0,0.08070233686764808,0.07842612456124187,0.0,0.0,0.015728607097212223,0.08302099063070932,3.2019202864378633e-12,1.403406060600268e-10,0.0,7.772707485465123e-12,0.05932532473246223,0.018803855250829647,4.7273309682465144e-11,0.07841207526215489,0.08127724114395243,0.0,2.1414262701159842e-11,0.023742698021666224,0.08181563465722602,0.07935450457404017,0.0,0.0,0.07916934511956435,0.0,0.0,0.07912709308540809,0.0,3.761900933560962e-12,0.0,0.0,2.6177584328574527e-12,0.0,0.07862220770681169,1.5625668903516691e-12,0.0,0.0,5.113255934889114e-12,0.0
2023-07-12,0.08341247725528379,0.0,0.0800523808812966,0.07850945714129941,0.0,0.0,0.015819772365425196,0.0836618385480088,3.2144675471231175e-12,1.386876937043266e-10,0.0,7.833419343556156e-12,0.05884901456954453,0.018701113144525678,4.752536840728178e-11,0.07914660786640625,0.08074013339208469,0.0,2.161124384121927e-11,0.02422008257949035,0.08198826446642772,0.0791672044522182,0.0,0.0,0.07896309732625,0.0,0.0,0.07849816722984408,0.0,3.785745833554556e-12,0.0,0.0,2.6355302367114193e-12,0.0,0.07827038854977103,1.5791720832779201e-12,0.0,0.0,5.251197326277423e-12,0.0
2023-07-13,0.08453956197952135,0.0,0.07968386079681422,0.07754230288172298,0.0,0.0,0.015724092102667394,0.08164373103082527,3.1640624180510874e-12,1.3979205577765865e-10,0.0,7.946468268638265e-12,0.05925399967854973,0.01871594842262606,4.734284406968045e-11,0.07995237978147555,0.08108030211408554,0.0,2.1542509443368832e-11,0.024070966459474544,0.08108066667737657,0.08072605984445838,0.0,0.0,0.07923955226182369,0.0,0.0,0.07799624905149839,0.0,3.959295473816677e-12,0.0,0.0,2.6024933365614675e-12,0.0,0.07875032668402596,1.5765055429041886e-12,0.0,0.0,5.1282215399734435e-12,0.0
2023-07-14,0.0841293584341266,0.0,0.08000875665226785,0.07775517753130322,0.0,0.0,0.01544808258492309,0.08199084402311867,3.2165575105106536e-12,1.361751055042116e-10,0.0,7.89888610901346e-12,0.059690433517849834,0.018509170279670924,4.721547552024934e-11,0.07955725247407673,0.08082599761651911,0.0,2.163834272514519e-11,0.024390595503024123,0.08023842342827163,0.07995562721101224,0.0,0.0,0.0788685158092024,0.0,0.0,0.07976973840795368,0.0,4.00332777952451e-12,0.0,0.0,2.6150441513241184e-12,0.0,0.07886202629727569,1.5665982493307198e-12,0.0,0.0,5.075024974646856e-12,0.0
2023-07-17,0.08530722736621381,0.0,0.07964356202435896,0.07802540085554105,0.0,0.0,0.015428640563729374,0.08126213695542243,3.2002310656668987e-12,1.3733164217649347e-10,0.0,7.79268511728613e-12,0.06019709826033152,0.018516772696144622,4.733382778929527e-11,0.07943356711179377,0.08039422679786722,0.0,2.163786661690147e-11,0.02438741402706137,0.08034494167118288,0.08274598181725533,0.0,0.0,0.07938624503908147,0.0,0.0,0.07813698642116866,0.0,4.055577166091228e-12,0.0,0.0,2.6401953027271007e-12,0.0,0.0767897981621852,1.5480262879763257e-12,0.0,0.0,5.122405644371272e-12,0.0
2023-07-18,0.08504120121371378,0.0,0.07914298354038185,0.07710882400953056,0.0,0.0,0.015346931302233064,0.08212569336153097,3.1920170691425962e-12,1.3547773922059697e-10,0.0,7.714866176637404e-12,0.060089847966281286,0.01872111264498099,4.750929753770461e-11,0.07923895826118219,0.08061369519592981,0.0,2.1658364458744353e-11,0.024629365026902796,0.07946050020836805,0.0815841944527283,0.0,0.0,0.08061612039093635,0.0,0.0,0.07889221296834747,0.0,4.065870415774357e-12,0.0,0.0,2.6775154957013874e-12,0.0,0.07738835922802188,1.5675253982412234e-12,0.0,0.0,5.067579892095342e-12,0.0
2023-07-19,0.08627761525101918,0.0,0.07995281017035276,0.07675262203700502,0.0,0.0,0.015460703973683893,0.08177551499064026,3.241609815340099e-12,1.369906365593788e-10,0.0,7.74618990787936e-12,0.059677015346088574,0.018820276960642198,4.8688932300073396e-11,0.08020371219098771,0.08050070025150155,0.0,2.1813141336832767e-11,0.024629912301586693,0.07820989134218569,0.08065390038160909,0.0,0.0,0.08085849966125412,0.0,0.0,0.07867726077384758,0.0,3.994482797139767e-12,0.0,0.0,2.684098436833721e-12,0.0,0.07754956413582244,1.5789795981688588e-12,0.0,0.0,5.035299256558678e-12,0.0
2023-07-20,0.08565946894946658,0.0,0.0794238950827719,0.07634310391066859,0.0,0.0,0.015300238507281539,0.08177567675694669,3.2501800358646803e-12,1.3522149633398607e-10,0.0,7.742334689310947e-12,0.060022938081781683,0.01880176611677778,4.8716213508440095e-11,0.0811090562987964,0.08043921313497163,0.0,2.1918432959027686e-11,0.02496344165595841,0.0774149685592019,0.08093261290762035,0.0,0.0,0.0813734199754992,0.0,0.0,0.0783403263024156,0.0,4.006340699063065e-12,0.0,0.0,2.7113181371231444e-12,0.0,0.07809987352962415,1.5784219377748947e-12,0.0,0.0,5.0731014314235465e-12,0.0
2023-07-21,0.08787466835436558,0.0,0.07823179027939653,0.07556986976900783,0.0,0.0,0.015388614459478358,0.0803887470419573,3.213412953765849e-12,1.3511422405902148e-10,0.0,7.938548254607644e-12,0.05924350765611693,0.01903099072967612,4.7865847633236685e-11,0.08116940756233665,0.08081986043840896,0.0,2.1901195336556367e-11,0.02512127370487831,0.076807861046186,0.08230199620123174,0.0,0.0,0.08159155856795547,0.0,0.0,0.07747089103639207,0.0,3.909574190017903e-12,0.0,0.0,2.7099338860811144e-12,0.0,0.07898896292330647,1.5771551699384053e-12,0.0,0.0,5.075969404305356e-12,0.0
2023-07-24,0.08832908701014942,0.0,0.07861768216942606,0.0749359242819349,0.0,0.0,0.015263210753399415,0.08017688113286117,3.148728210769301e-12,1.3624262339559753e-10,0.0,7.883772873175122e-12,0.06124378359864318,0.01849603943034134,4.77372681437069e-11,0.08099119635089565,0.08008613628415844,0.0,2.1553379369656968e-11,0.025220438537088045,0.07885637344295081,0.08206099426813321,0.0,0.0,0.08170016564439023,0.0,0.0,0.07568415024260454,0.0,3.82005932173054e-12,0.0,0.0,2.7265890675233013e-12,0.0,0.07833793662319141,1.5919106684082163e-12,0.0,0.0,5.1280188324509145e-12,0.0
2023-07-25,0.0883864079069711,0.0,0.07742528118173846,0.0749720982751701,0.0,0.0,0.015328640992879552,0.07933451583470497,3.1741814752828277e-12,1.3537137567049166e-10,0.0,7.754800388128205e-12,0.06132538808523166,0.01871710393270889,4.741906620181081e-11,0.08136372651887366,0.08016181400343271,0.0,2.1572333603406562e-11,0.024841496852638707,0.08144312875414653,0.0814275988934623,0.0,0.0,0.08127393366066453,0.0,0.0,0.07574181056761213,0.0,3.816069690446945e-12,0.0,0.0,2.746081112621702e-12,0.0,0.07825705431109331,1.6106408463457317e-12,0.0,0.0,5.207005513418156e-12,0.0
2023-07-26,0.0872003457094486,0.0,0.07732370757702972,0.07534246183642491,0.0,0.0,0.015262000800227986,0.07884984559267384,3.174591286989542e-12,1.370823326713057e-10,0.0,7.751609237404974e-12,0.06206626186519265,0.01846718795738185,4.7533109047579533e-11,0.08159671012500892,0.07983435042982011,0.0,2.1329259106126453e-11,0.025309575263138012,0.0826335304975125,0.08123829260976187,0.0,0.0,0.0812551750860859,0.0,0.0,0.07537168989141836,0.0,3.7891796094322755e-12,0.0,0.0,2.80411469228435e-12,0.0,0.07824886452844511,1.5986063595431836e-12,0.0,0.0,5.367029886711921e-12,0.0
2023-07-27,0.08631622545114186,0.0,0.07611636865734006,0.0746100388947287,0.0,0.0,0.015303971715199836,0.08063350134583894,3.2910051153569196e-12,1.3783083758334621e-10,0.0,7.675997815579365e-12,0.06147580347052113,0.018964335010590118,4.635172445805203e-11,0.08243443633702181,0.07900431180594591,0.0,2.07889249644769e-11,0.025715962290691136,0.08337046949693692,0.07999671176577915,0.0,0.0,0.08124626922405564,0.0,0.0,0.07597802220043669,0.0,3.8557332987375665e-12,0.0,0.0,2.769233001610143e-12,0.0,0.07883357210419839,1.622077869405228e-12,0.0,0.0,5.3884231230379086e-12,0.0
2023-07-28,0.08622138040528508,0.0,0.07604255789210221,0.074042751654084,0.0,0.0,0.015302179152659759,0.08099645169990581,3.1802746490558036e-12,1.380346143010977e-10,0.0,7.62725051829513e-12,0.06051364235161256,0.018711096283889152,4.691294234551163e-11,0.08289949401722778,0.07872567789684216,0.0,2.0835917748796882e-11,0.026174384860230337,0.08480620433361793,0.07901361945963066,0.0,0.0,0.08140709200237338,0.0,0.0,0.07578557896548972,0.0,3.9540372635715475e-12,0.0,0.0,2.7557528179098814e-12,0.0,0.07935788879469229,1.611359024644355e-12,0.0,0.0,5.445287515097388e-12,0.0
2023-07-31,0.08503220656695955,0.0,0.07616641720289477,0.07417087752045341,0.0,0.0,0.015317541780782254,0.08048995499365795,3.1684248163180475e-12,1.363217208856428e-10,0.0,7.697220609482551e-12,0.06163177901612017,0.01855097359326707,4.737621324015448e-11,0.08303667952899975,0.07857445940327655,0.0,2.099086687389289e-11,0.02635933867511654,0.08341418616238534,0.07947027507201723,0.0,0.0,0.08241394890136247,0.0,0.0,0.07576640464040389,0.0,3.971975683240255e-12,0.0,0.0,2.857418260704744e-12,0.0,0.07960495671274871,1.640260050090614e-12,0.0,0.0,5.530477875582543e-12,0.0
2023-08-01,0.02414573806504721,0.0,0.0799999999924439,0.07999999999506131,0.0,0.0,0.015157956446382834,0.07999999999663601,0.0,8.838739446031904e-12,0.0,5.193257387462784e-12,0.060000000009895825,2.3835706227492173e-11,0.07999999996574104,0.0758542619007231,0.0799999999850031,0.0,9.167077738999342e-12,5.191008551804438e-11,0.0,0.07999999999840621,0.0,0.01999999998509798,0.04000000013252138,0.0,0.04484204346236428,0.07999999998869604,0.0,0.0,1.1140198207667466e-11,0.0,0.0,0.0,0.0799999999453482,2.2427612690462186e-11,0.07999999998760407,3.199997100958215e-12,7.314767911431884e-12,0.0
2023-08-02,0.024475602116214273,0.0,0.08070152132385436,0.07950173456940988,0.0,0.0,0.015042746149583583,0.08016223390759561,0.0,8.953060721366931e-12,0.0,5.1246527469365075e-12,0.06034334864708012,2.390687198331199e-11,0.08114987216964002,0.07660028674358245,0.07903130837507664,0.0,9.018704600952565e-12,5.155335305625094e-11,0.0,0.07939756750181101,0.0,0.01954900054417262,0.04051379592630776,0.0,0.04385275109657923,0.08034695587932701,0.0,0.0,1.1286402323925895e-11,0.0,0.0,0.0,0.08009799304802884,2.2607921594079173e-11,0.07923328185869341,3.2028725680871845e-12,7.389273087191112e-12,0.0
2023-08-03,0.02468221451088007,0.0,0.08141936769248675,0.08058875166358422,0.0,0.0,0.014890787774831151,0.07989766790873212,0.0,8.762091536230182e-12,0.0,5.0961346541396475e-12,0.059192544008357655,2.4587933423831528e-11,0.08140408893530987,0.07709540083277779,0.07911642379401589,0.0,9.072312436841383e-12,5.069869443928542e-11,0.0,0.07948657147550674,0.0,0.02004640331042998,0.040609107802854476,0.0,0.042963722075186075,0.08073210234647236,0.0,0.0,1.11370733124095e-11,0.0,0.0,0.0,0.08018836248999173,2.2815042465156464e-11,0.0776864832358918,3.1815606291860274e-12,7.34042156780836e-12,0.0
2023-08-04,0.025849783775906892,0.0,0.08208687481476831,0.08144303850203012,0.0,0.0,0.014803553207473645,0.07987939396426298,0.0,8.963541369327655e-12,0.0,5.0473669437057186e-12,0.058349985048230246,2.495825843133559e-11,0.08156978539178887,0.07668858035783012,0.07977676930443223,0.0,9.065259787546993e-12,5.0745626203007623e-11,0.0,0.07823307135846194,0.0,0.02031044707606016,0.0407902740917232,0.0,0.04218537724585239,0.08100612103349561,0.0,0.0,1.12518044446079e-11,0.0,0.0,0.0,0.0797643100561536,2.309711339184901e-11,0.07726263462791848,3.1496676984720517e-12,7.332480214875353e-12,0.0
2023-08-07,0.02567940385105677,0.0,0.08190874183025165,0.08197289010146794,0.0,0.0,0.01499262562366527,0.08001200985889896,0.0,8.905829029358227e-12,0.0,5.012720133003954e-12,0.05829771654411257,2.5547253451172206e-11,0.08305115613517883,0.07710743343959375,0.07957061665736369,0.0,9.22017780815734e-12,4.9776646048048276e-11,0.0,0.07782008681215437,0.0,0.02037135414166432,0.04040082551495298,0.0,0.04171358438782734,0.08111263846899945,0.0,0.0,1.1349281763816983e-11,0.0,0.0,0.0,0.0791548659686079,2.3181826640486583e-11,0.07683405052082898,3.1110841044917523e-12,7.270423652026766e-12,0.0
2023-08-08,0.025918519063378217,0.0,0.08198407419995479,0.08174325669854317,0.0,0.0,0.01515009054017476,0.0802657698592084,0.0,8.722607304048452e-12,0.0,4.943252825327452e-12,0.05808526667226416,2.464680383687214e-11,0.08296347509815159,0.07711024269723955,0.07901944134246817,0.0,9.130556783570387e-12,4.996524191538307e-11,0.0,0.07628728446121791,0.0,0.02004043716975873,0.0406252260297817,0.0,0.04220405258049189,0.08143789759323765,0.0,0.0,1.1465192565551137e-11,0.0,0.0,0.0,0.07913522259118101,2.3167697186881033e-11,0.07802974326063711,3.1259380568026417e-12,7.143790961373552e-12,0.0
2023-08-09,0.026056803666881567,0.0,0.08279882632186794,0.08084019775035267,0.0,0.0,0.015189816159761364,0.08016680277215253,0.0,8.327541355761728e-12,0.0,4.935773225391102e-12,0.058313413291727345,2.4514363336207824e-11,0.08370806169869413,0.07679113559842655,0.07901394230456157,0.0,8.995173447839088e-12,5.0819919262742274e-11,0.0,0.07602930161847878,0.0,0.02029648462209686,0.04091135462301231,0.0,0.04309008565204681,0.08031669461778358,0.0,0.0,1.1315614051666605e-11,0.0,0.0,0.0,0.07897346325714354,2.2995814416683124e-11,0.07750361590286456,3.1967272656934966e-12,7.046767422898264e-12,0.0
2023-08-10,0.025850067794896143,0.0,0.08203995276439215,0.08163781499101813,0.0,0.0,0.015228352096241864,0.07991194862342435,0.0,8.336692195355994e-12,0.0,4.9444534584275665e-12,0.057581576687483454,2.474806915583317e-11,0.08446148725854508,0.07652459934811218,0.07928150084496609,0.0,9.096158118983254e-12,5.0351284973348775e-11,0.0,0.07477383182520783,0.0,0.019754477982898304,0.04106334075463033,0.0,0.04328863072453551,0.08120422799776822,0.0,0.0,1.1397706350883023e-11,0.0,0.0,0.0,0.07944441884245076,2.271009347119419e-11,0.07795377132154963,3.1820924444272095e-12,7.113233896405258e-12,0.0
2023-08-11,0.025912398393100212,0.0,0.0819947421137962,0.0818483534698686,0.0,0.0,0.015068467019067259,0.08003317464826291,0.0,8.434070310979964e-12,0.0,4.854745254540474e-12,0.05632532252246054,2.471885919837891e-11,0.085475328927378,0.07675450907109398,0.07898052282798294,0.0,8.865954747341383e-12,5.15805501283913e-11,0.0,0.0753054353986993,0.0,0.01953699237632347,0.04100026696384186,0.0,0.04374757523239045,0.08137480684298283,0.0,0.0,1.1200895066880303e-11,0.0,0.0,0.0,0.07960945747732949,2.2582843235821258e-11,0.07703264657290987,3.1790475066937503e-12,7.094871158658718e-12,0.0
2023-08-14,0.02600708351541416,0.0,0.08319318071818041,0.08181048408595412,0.0,0.0,0.01488250436014521,0.07920602385669466,0.0,8.495308666582453e-12,0.0,4.794785207784943e-12,0.057383641521613356,2.468104696424201e-11,0.0853458636465618,0.07696450497531795,0.07811025715047423,0.0,8.809620314776711e-12,5.127953717768251e-11,0.0,0.0750364268214242,0.0,0.018918790437020296,0.040922512658599725,0.0,0.04319984956732001,0.08307109399453859,0.0,0.0,1.1216906660031835e-11,0.0,0.0,0.0,0.07908451602532938,2.232910013031416e-11,0.07686326652337667,3.1708314830257124e-12,7.257800284735439e-12,0.0
2023-08-15,0.02544510713404605,0.0,0.08261543717985155,0.08130187336114743,0.0,0.0,0.015105612735772881,0.07943329488493542,0.0,8.853218956161186e-12,0.0,4.9121105822076165e-12,0.05732801022615842,2.434942996324003e-11,0.08514422457346421,0.07700870348422242,0.07836765695850352,0.0,8.793265117102604e-12,5.1299918435686877e-11,0.0,0.07460277127018644,0.0,0.01908125902190471,0.040707382005498144,0.0,0.04465783834145915,0.08320968928238766,0.0,0.0,1.111379648868973e-11,0.0,0.0,0.0,0.07884679294185143,2.1874722316003825e-11,0.07714434645707113,3.2626074422885123e-12,7.080019262209288e-12,0.0
2023-08-16,0.02578556387840805,0.0,0.08272760050687905,0.0811733846868521,0.0,0.0,0.015055640697023835,0.0798898097065852,0.0,8.84785380293917e-12,0.0,4.891610695067484e-12,0.05761211432679882,2.4166595017230406e-11,0.08647212245396371,0.07714525495038925,0.07807492880486443,0.0,8.801655330105197e-12,5.160618538630054e-11,0.0,0.07476354586816743,0.0,0.01887650953226078,0.0410533468013916,0.0,0.04374947726504387,0.08242932795853115,0.0,0.0,1.1154612955317524e-11,0.0,0.0,0.0,0.07826918987482037,2.2224025672092137e-11,0.07692218254599884,3.279475270662422e-12,7.049101250090816e-12,0.0
2023-08-17,0.02624938267618315,0.0,0.08328722355528538,0.08165069790082348,0.0,0.0,0.014783020574203914,0.07942938016991428,0.0,8.86653671637687e-12,0.0,4.933267525959098e-12,0.05794722813308176,2.4480573620844322e-11,0.08541223216852006,0.07535614679861838,0.07882877723478045,0.0,8.784076119573305e-12,5.2154350793097165e-11,0.0,0.07351197538275624,0.0,0.018735543505614027,0.04117822199699765,0.0,0.04416920955525245,0.08338597697408512,0.0,0.0,1.1234673285724852e-11,0.0,0.0,0.0,0.07781806414551078,2.1809363301284696e-11,0.07825691908585114,3.2630732829900898e-12,6.995374478799226e-12,0.0
2023-08-18,0.025500571607310143,0.0,0.08328452825894858,0.08127117666577198,0.0,0.0,0.014846952529714528,0.07970867671708243,0.0,8.814749753042388e-12,0.0,5.011162028188022e-12,0.05883850836105402,2.4652184439439533e-11,0.08696622740054648,0.07390031396388683,0.07832788604679022,0.0,8.912485775085813e-12,5.287391910499156e-11,0.0,0.07330995865981697,0.0,0.018792390305708315,0.04093148462787509,0.0,0.04406167494191823,0.0835944377049626,0.0,0.0,1.1196505630812148e-11,0.0,0.0,0.0,0.07752494946574282,2.160496983502222e-11,0.07914026259934875,3.322297465697176e-12,7.133241121022088e-12,0.0
2023-08-21,0.02555885380267086,0.0,0.083975308908323,0.08020418450043532,0.0,0.0,0.014842944376545179,0.08006777009525153,0.0,8.926151947907548e-12,0.0,5.029769843182504e-12,0.059066520791214536,2.404395055249965e-11,0.08675741585942134,0.07318687830484896,0.07831226959613247,0.0,8.723493760579174e-12,5.376141350857245e-11,0.0,0.07255052602234145,0.0,0.01855680771990373,0.040549209367156905,0.0,0.04397804222886937,0.08554205981573468,0.0,0.0,1.1270097666253194e-11,0.0,0.0,0.0,0.07849369068985765,2.1362106746627223e-11,0.0783575177776378,3.3775717055479786e-12,7.160151731635765e-12,0.0
2023-08-22,0.025732511768285605,0.0,0.0842348785750807,0.0808477809357487,0.0,0.0,0.01484374781098195,0.07859334220524253,0.0,8.870879280875231e-12,0.0,5.114344687375382e-12,0.05888394393887638,2.4612593721412492e-11,0.08713622610548857,0.07389659917651145,0.07844667813745897,0.0,8.82448603417809e-12,5.427132966844089e-11,0.0,0.07194307710677049,0.0,0.01876543534551791,0.04054530557513132,0.0,0.043221988917550185,0.08510959076127733,0.0,0.0,1.1359944916200966e-11,0.0,0.0,0.0,0.07901173958757399,2.13822303925408e-11,0.07878715390745597,3.367744019546221e-12,7.243867388053903e-12,0.0
2023-08-23,0.02583446153857668,0.0,0.08477356894829707,0.08136058369191351,0.0,0.0,0.014673231948085707,0.07905636623304221,0.0,8.786640291760858e-12,0.0,5.099933436490058e-12,0.059102225116178096,2.419122265273488e-11,0.08795411934350537,0.07368867811853289,0.07765059241492113,0.0,8.819775347637523e-12,5.430378612021319e-11,0.0,0.07027586280242909,0.0,0.018931757298367845,0.04117830264139004,0.0,0.042298541259376675,0.0852263779808481,0.0,0.0,1.1288260826486816e-11,0.0,0.0,0.0,0.07915039302638889,2.1098447927075718e-11,0.07884493749401614,3.4008807654493674e-12,7.141115906485166e-12,0.0
2023-08-24,0.025101333682749506,0.0,0.08573008552327702,0.08206402955314168,0.0,0.0,0.014638537939305123,0.07904661585047688,0.0,8.529400389157525e-12,0.0,5.01653427664149e-12,0.05872284898029306,2.4031552253926257e-11,0.08846760820112931,0.07473959039195277,0.07743143937142362,0.0,8.953747443396883e-12,5.498524177061475e-11,0.0,0.06943525844968404,0.0,0.01911905026618605,0.04185178878406965,0.0,0.04229081922242138,0.0845931771901086,0.0,0.0,1.1477149731889228e-11,0.0,0.0,0.0,0.07990411739239568,2.1499677877490986e-11,0.07686369905639792,3.336030879649169e-12,7.1578401203074284e-12,0.0
2023-08-25,0.025442591921384965,0.0,0.0865256122301349,0.08170522614316786,0.0,0.0,0.014605799146725159,0.07830994442705128,0.0,8.683903265757358e-12,0.0,5.100773658011858e-12,0.0587386689148837,2.431587567338316e-11,0.08960161301225295,0.07412695404817056,0.07788704628497232,0.0,9.01009458108237e-12,5.51633795806414e-11,0.0,0.06867790665858792,0.0,0.018866409728340302,0.04212403141740084,0.0,0.04256252579538018,0.08458310255672852,0.0,0.0,1.1412538568827126e-11,0.0,0.0,0.0,0.08019335448524179,2.1089282813456776e-11,0.07604921308444001,3.326472954777707e-12,7.03386708446137e-12,0.0
2023-08-28,0.025378857170193406,0.0,0.08724021442663021,0.08186800140780583,0.0,0.0,0.014574423038948842,0.07755874839409452,0.0,8.624732022355284e-12,0.0,5.085076494482081e-12,0.05852382435231374,2.4431417121722655e-11,0.09010582048866551,0.07307198407494365,0.07793067386493445,0.0,8.899985894389355e-12,5.68761516449545e-11,0.0,0.0690402992913751,0.0,0.01887829978756077,0.042019289944487524,0.0,0.04202976649250269,0.0842391511301747,0.0,0.0,1.1364443734602529e-11,0.0,0.0,0.0,0.08132210620618759,2.0510521098115646e-11,0.07621853978308099,3.324190549095266e-12,6.983332807809206e-12,0.0
2023-08-29,0.025177488492290238,0.0,0.0868570733160378,0.08226961650287032,0.0,0.0,0.01452666849650302,0.07889068182298448,0.0,8.716632805037129e-12,0.0,5.166581378057539e-12,0.05806687555438275,2.469858112067275e-11,0.08976059401772711,0.07190986047230997,0.07794181569828439,0.0,9.01314036594405e-12,5.571837638827558e-11,0.0,0.0691721823486819,0.0,0.018871724350949155,0.04156068200029715,0.0,0.04205008020293511,0.08477655945199933,0.0,0.0,1.1371849126476744e-11,0.0,0.0,0.0,0.08089970510430342,2.034452715858488e-11,0.07726839202195192,3.387010939141941e-12,7.074599446734208e-12,0.0
2023-08-30,0.024744351299396356,0.0,0.08733523961388327,0.08268775074059201,0.0,0.0,0.014740265598854723,0.07882490619814131,0.0,8.745307632316487e-12,0.0,5.189085690588259e-12,0.05714385359731921,2.4739340667119326e-11,0.09034932617228537,0.07081610598073086,0.07861883584605399,0.0,9.042633407934515e-12,5.467155118240336e-11,0.0,0.06803739317837147,0.0,0.018458576273492993,0.04136927219640926,0.0,0.04234657259277105,0.08511250216766796,0.0,0.0,1.1519012635432674e-11,0.0,0.0,0.0,0.08157382272091479,1.9909646433018367e-11,0.07784122567899615,3.2960275341429483e-12,7.005993874132566e-12,0.0
2023-08-31,0.024570008022377247,0.0,0.08821675616290904,0.08246677515721064,0.0,0.0,0.014773603323990752,0.0784908712841479,0.0,8.802724049935902e-12,0.0,5.205648556419323e-12,0.05718456003459025,2.5340943152986513e-11,0.09101053484213058,0.07046072209320146,0.07908647835531635,0.0,9.021068825810437e-12,5.463653386487652e-11,0.0,0.06917880666571688,0.0,0.018278596650599516,0.04123809548342052,0.0,0.042142718224623024,0.08502298594063223,0.0,0.0,1.1387152744406398e-11,0.0,0.0,0.0,0.08089347987032877,1.9576883623317694e-11,0.07698500774449826,3.3237390411740253e-12,7.011214250008646e-12,0.0
2023-09-01,1.0455023736038073e-12,0.0,0.07999999999305861,0.02000000000622761,0.004866897779409486,0.0,4.4815584929095355e-12,0.07999999999971708,0.0,0.0,0.0,3.689184505148233e-12,0.0599999999456518,0.0,0.01799028224255294,0.02000000004513312,0.0793394155947311,0.0,0.0,0.0799999999716655,0.0,0.07999999999972286,0.0,0.0,0.07999999999191472,0.0,0.0,0.07999999999576649,0.0,1.583190518124207e-12,0.0799999999903429,0.0,0.0,0.0,0.07999999996014485,2.5864401831484853e-11,0.07780340444479435,4.2991170113976125e-12,0.07999999999820363,0.0
2023-09-04,1.02998045793653e-12,0.0,0.08056142702626896,0.01985151169423936,0.00492380304516328,0.0,4.45468119946901e-12,0.07857090081202525,0.0,0.0,0.0,3.700403422175876e-12,0.06100007228984991,0.0,0.01795448694332993,0.019629958110231365,0.07932151849435054,0.0,0.0,0.0799606841769501,0.0,0.08147915719415127,0.0,0.0,0.08029614834555279,0.0,0.0,0.07868387422538672,0.0,1.544375587569194e-12,0.07848911260687648,0.0,0.0,0.0,0.08043819351881745,2.546084130626833e-11,0.0786512410100814,4.2942280064683044e-12,0.08018791046624052,0.0
2023-09-05,1.0094916387741897e-12,0.0,0.08001183545654023,0.02034134046344181,0.0049581027547410585,0.0,4.473192816026052e-12,0.07719740913089432,0.0,0.0,0.0,3.719964693858911e-12,0.06296912619010908,0.0,0.01794936128023661,0.019855472070160547,0.07917568323049652,0.0,0.0,0.0779044382619681,0.0,0.08228636543948045,0.0,0.0,0.0803695060312259,0.0,0.0,0.07878290308534197,0.0,1.5202766135618458e-12,0.07874262714781867,0.0,0.0,0.0,0.08051720521004377,2.5320528367414048e-11,0.07942002154324769,4.218979620605135e-12,0.07951860266399066,0.0
2023-09-06,1.0117150847478876e-12,0.0,0.07989735088970647,0.019963233077313344,0.005018247230203111,0.0,4.4267480276179616e-12,0.07728674932523072,0.0,0.0,0.0,3.711451824914586e-12,0.06287647862410511,0.0,0.017591323539590052,0.019824451427483094,0.07975449336796006,0.0,0.0,0.07763587394816239,0.0,0.08239609816887157,0.0,0.0,0.08032750807108528,0.0,0.0,0.079355063969671,0.0,1.5258996044717244e-12,0.07697469063269786,0.0,0.0,0.0,0.08014064583986587,2.5127155587370152e-11,0.0802385711895322,4.215118239832794e-12,0.08071922065850357,0.0
2023-09-07,1.003499542256471e-12,0.0,0.07863409306405002,0.02007364872706625,0.005020853432947103,0.0,4.390322896887395e-12,0.07776560067208231,0.0,0.0,0.0,3.728541227850379e-12,0.06330140812531358,0.0,0.017870995184180147,0.019936797998867096,0.07926784138461054,0.0,0.0,0.0776418288400343,0.0,0.08086912332917535,0.0,0.0,0.08138825031870005,0.0,0.0,0.0787845170186903,0.0,1.5108184253761282e-12,0.07714138297799769,0.0,0.0,0.0,0.08015126785679995,2.5337633651905862e-11,0.07921174403433782,4.031668439179464e-12,0.08294064699514475,0.0
2023-09-08,9.784387591401625e-13,0.0,0.0790639377883088,0.02015310174192819,0.004838452892211005,0.0,4.381385324381244e-12,0.07754760463160898,0.0,0.0,0.0,3.6864629593704136e-12,0.06337865970790697,0.0,0.01772318719604404,0.01994257739907103,0.07876439895194516,0.0,0.0,0.07865064793666167,0.0,0.08110805276251092,0.0,0.0,0.08058586185424167,0.0,0.0,0.07894343919203158,0.0,1.4995950850985483e-12,0.07725720135191579,0.0,0.0,0.0,0.07963078164835688,2.5357785234932365e-11,0.07794262157052691,4.011251864971269e-12,0.08446947333481522,0.0
2023-09-11,9.848235115201232e-13,0.0,0.07827206363695938,0.020246117371157408,0.004683569775394421,0.0,4.3673733842925496e-12,0.07752372919432583,0.0,0.0,0.0,3.633305862854414e-12,0.06359063914196905,0.0,0.017413087143860705,0.019840030371588047,0.07844213757242186,0.0,0.0,0.07730989723177244,0.0,0.08372749278020743,0.0,0.0,0.07882248273078561,0.0,0.0,0.07824365557328145,0.0,1.4821074285467943e-12,0.0767817794649888,0.0,0.0,0.0,0.07952594516741845,2.5162294371919958e-11,0.07768349638711432,4.075650486118907e-12,0.08789387641704903,0.0
2023-09-12,9.556985610030544e-13,0.0,0.0796789208438043,0.02027403685083916,0.004679785206066543,0.0,4.337477255740003e-12,0.0796290297821018,0.0,0.0,0.0,3.568060285358245e-12,0.06345050632986358,0.0,0.017595175341985427,0.019860323207943592,0.07764156228645192,0.0,0.0,0.07571964754638857,0.0,0.08291995366923041,0.0,0.0,0.07785736894916302,0.0,0.0,0.0790395833134635,0.0,1.4783933220830833e-12,0.07706846237138038,0.0,0.0,0.0,0.07844012130823921,2.4830320724396853e-11,0.07722825542112112,4.135712375415343e-12,0.08891726753265168,0.0
2023-09-13,9.971380336704286e-13,0.0,0.0795302539923538,0.02005349458056148,0.004678972106780156,0.0,4.342919273617964e-12,0.0795399118676609,0.0,0.0,0.0,3.5503686046710994e-12,0.06377933928254773,0.0,0.017639023305322132,0.020115161197898548,0.07784501428552429,0.0,0.0,0.07538890609264119,0.0,0.08343388121804787,0.0,0.0,0.07782674612468747,0.0,0.0,0.07925464970518926,0.0,1.4629672128246835e-12,0.07691953532278982,0.0,0.0,0.0,0.07812828600270894,2.485226907582807e-11,0.07785937235600439,4.13202917389502e-12,0.08800745251994417,0.0
2023-09-14,9.950298237381188e-13,0.0,0.08013108278689639,0.020337887441549813,0.0046004032203132775,0.0,4.44891476555377e-12,0.07940953035465186,0.0,0.0,0.0,3.6237910347272167e-12,0.06456243597556094,0.0,0.017282943166255418,0.0204362406771293,0.07798641532324467,0.0,0.0,0.07525469757777364,0.0,0.08395191878323635,0.0,0.0,0.0769162661877534,0.0,0.0,0.07917409624629534,0.0,1.4728970246470851e-12,0.07888189565745932,0.0,0.0,0.0,0.07694027473917359,2.515609060405951e-11,0.07723744013053366,4.143800550007745e-12,0.0868964716923325,0.0
2023-09-15,1.001215655267846e-12,0.0,0.08014162367453209,0.020317767164329044,0.004559002587595426,0.0,4.426333152317485e-12,0.07914321689114429,0.0,0.0,0.0,3.5965828454960787e-12,0.06418435883549141,0.0,0.017426561422667092,0.019991713988320087,0.07714355093839016,0.0,0.0,0.07519083916915097,0.0,0.08339715766815957,0.0,0.0,0.0770142012090697,0.0,0.0,0.07915594858814162,0.0,1.4759745475772155e-12,0.07953394640230786,0.0,0.0,0.0,0.07794881094878554,2.485523770607532e-11,0.07708033546615141,4.15524023806841e-12,0.08777096500625317,0.0
2023-09-18,1.000027231924719e-12,0.0,0.08225905914539167,0.020141020231560842,0.004564132723181791,0.0,4.501752131044076e-12,0.07973250675691432,0.0,0.0,0.0,3.6179103369565695e-12,0.06464183137782203,0.0,0.01726532491430388,0.01997012982784904,0.07834422793489221,0.0,0.0,0.07243242858172781,0.0,0.08299472857809843,0.0,0.0,0.07663566119367468,0.0,0.0,0.07973259039983809,0.0,1.4823757484036916e-12,0.07823790295875924,0.0,0.0,0.0,0.07681405010112409,2.456500528091969e-11,0.0778218275479358,4.216521640431714e-12,0.08841257768754247,0.0
2023-09-19,1.0092365105562738e-12,0.0,0.08161555532118495,0.020279071159895808,0.0045903366907211205,0.0,4.5061041226876666e-12,0.08022032660050496,0.0,0.0,0.0,3.643829745246459e-12,0.06608358020851549,0.0,0.017364340049786223,0.02015922073903884,0.07840211832768623,0.0,0.0,0.07127804254709472,0.0,0.08260562423087194,0.0,0.0,0.07690250759602162,0.0,0.0,0.08013625166178245,0.0,1.4794303099224243e-12,0.07899325760542106,0.0,0.0,0.0,0.07739858496261097,2.490519327804741e-11,0.07748767406633902,4.155437278112336e-12,0.08648350819282534,0.0
2023-09-20,1.017948841356973e-12,0.0,0.08151268026499336,0.020314196998602298,0.004611383363664171,0.0,4.486846513914084e-12,0.07957396805671198,0.0,0.0,0.0,3.596162503945042e-12,0.06708409352885104,0.0,0.0173941454214596,0.020097347377163278,0.07766905035043545,0.0,0.0,0.0708587076370806,0.0,0.08277579238943394,0.0,0.0,0.07634573436853977,0.0,0.0,0.08204584523670706,0.0,1.4660777501583995e-12,0.07836614651554688,0.0,0.0,0.0,0.07692076517447592,2.491188126376407e-11,0.07605947092833659,4.192296987027901e-12,0.08837067234832675,0.0
2023-09-21,1.0052656955893403e-12,0.0,0.08153060085618673,0.02024104764311932,0.004498937592655465,0.0,4.481320749514508e-12,0.0803910132817151,0.0,0.0,0.0,3.57395227209766e-12,0.06587003599997797,0.0,0.017291939424838112,0.020199391796680687,0.07814494802099616,0.0,0.0,0.07145630962505191,0.0,0.08565580507360916,0.0,0.0,0.07538109063085807,0.0,0.0,0.08150328773930904,0.0,1.4612209203597545e-12,0.07769031143742644,0.0,0.0,0.0,0.07594375736037347,2.4842193673767826e-11,0.075064011416272,4.211486819995525e-12,0.08913751206135476,0.0
2023-09-22,9.971484591561454e-13,0.0,0.0819035557520339,0.020417305255194577,0.004546461255276346,0.0,4.448631052772564e-12,0.08102398523589201,0.0,0.0,0.0,3.5748954510512386e-12,0.06725666650704497,0.0,0.017452457392643755,0.020186791921847944,0.07736861014832266,0.0,0.0,0.07264854139749492,0.0,0.08438573916773577,0.0,0.0,0.07495411653337555,0.0,0.0,0.08112862104030588,0.0,1.5145218193206213e-12,0.07642989356934983,0.0,0.0,0.0,0.07637236563537028,2.4630169045810113e-11,0.07387594400020171,4.133749685205301e-12,0.09004894514861059,0.0
2023-09-25,9.903069534586854e-13,0.0,0.08229203448786537,0.02029892073193527,0.004584135889592093,0.0,4.436367769635333e-12,0.0805167252626184,0.0,0.0,0.0,3.560836830175275e-12,0.06694700379293635,0.0,0.01772151511378438,0.02006418341699417,0.07712726104273906,0.0,0.0,0.07440320102073582,0.0,0.08349068593419993,0.0,0.0,0.07565538699198233,0.0,0.0,0.07967082592312257,0.0,1.5327505620858814e-12,0.07721846749357732,0.0,0.0,0.0,0.07772492575204554,2.468976468789248e-11,0.0722427026247355,4.165855890198771e-12,0.0900420244817599,0.0
2023-09-26,9.847362470407767e-13,0.0,0.08352936243410954,0.02049262383991755,0.004573625639691056,0.0,4.517388489498948e-12,0.08228920166606686,0.0,0.0,0.0,3.6194594329388866e-12,0.06659683061718719,0.0,0.017434919759437013,0.01974542136945808,0.07679360933098939,0.0,0.0,0.0733161465787933,0.0,0.0833435281601241,0.0,0.0,0.07623218771398202,0.0,0.0,0.07925543907188516,0.0,1.5160855125243518e-12,0.07550099077216814,0.0,0.0,0.0,0.07689406930053283,2.464929244499032e-11,0.07291552357079437,4.144938008256439e-12,0.09108652013543132,0.0
2023-09-27,9.83058202347055e-13,0.0,0.08440726135194199,0.02076475082208275,0.004560556137845672,0.0,4.495885542943871e-12,0.08106545726993476,0.0,0.0,0.0,3.62616255473612e-12,0.06597635846449978,0.0,0.017213361257532016,0.01944402356778658,0.07682214202388053,0.0,0.0,0.07317141090169128,0.0,0.08306556395828932,0.0,0.0,0.07578940988137947,0.0,0.0,0.07880379678285034,0.0,1.5056307205722514e-12,0.07467516597849597,0.0,0.0,0.0,0.07789077472342022,2.4430123447698956e-11,0.0744327894497486,4.260966899767099e-12,0.09191717738931872,0.0
2023-09-28,9.882790372750355e-13,0.0,0.0851347283571071,0.020686694640292252,0.004476956351146623,0.0,4.525138482989613e-12,0.08115487997326036,0.0,0.0,0.0,3.6869306219862445e-12,0.06642435173346083,0.0,0.016983066702557472,0.019271749762533312,0.07671218269236844,0.0,0.0,0.07326444482793154,0.0,0.08225432390086589,0.0,0.0,0.07534337971139017,0.0,0.0,0.07891749694261359,0.0,1.4492694488919997e-12,0.07518677049508833,0.0,0.0,0.0,0.07640470582102128,2.4186705112530268e-11,0.07514390344658031,4.3019092384262045e-12,0.09264036460264416,0.0
2023-09-29,9.757263716174085e-13,0.0,0.0851899960128954,0.02052322695529377,0.0044863238587035765,0.0,4.594428592302741e-12,0.08219181707202693,0.0,0.0,0.0,3.724237612812591e-12,0.0651940452661049,0.0,0.016886895798681526,0.019092491693486542,0.07728816934765877,0.0,0.0,0.07263673708071158,0.0,0.0819099095679766,0.0,0.0,0.0744038311398916,0.0,0.0,0.08059704514599615,0.0,1.4403000566477332e-12,0.07438921900584651,0.0,0.0,0.0,0.07601398880899976,2.3930864983448733e-11,0.07613260545217376,4.251436421517815e-12,0.09306369775463556,0.0
2023-10-02,0.020000000037113573,6.411945055624909e-13,0.07999999999927852,0.03390921251288312,6.4601929567311445e-12,0.0,2.5205702345467446e-11,0.07999999999994735,0.0,0.0,0.0,0.07999999995899675,6.879307421426112e-11,0.0,0.07999999999666815,0.0,0.07999999999770753,0.0,0.0,0.07999999999480564,0.0,8.130150667144309e-11,5.667446297946565e-12,0.0,3.0694406829252505e-10,0.0,2.960082216345949e-12,0.07999999999971551,0.0,0.07999999987779799,0.07999999999937102,0.0,1.1156944751756474e-13,0.0,0.05999999981343638,8.534506132691291e-12,0.07999999999892582,0.019999999795904434,0.0660907875108289,0.0
2023-10-03,0.02031430671339791,6.29762014932375e-13,0.07989272531956962,0.03416140581074743,6.356923911647689e-12,0.0,2.450439808022208e-11,0.07867176194101229,0.0,0.0,0.0,0.08104997890092526,6.75203429945601e-11,0.0,0.08009653312970574,0.0,0.07988979558397148,0.0,0.0,0.0811776652423479,0.0,8.049795894409257e-11,5.539625227624057e-12,0.0,3.1029581729859645e-10,0.0,2.9680446751702403e-12,0.07935511810168504,0.0,0.07659975750780458,0.07964233519619154,0.0,1.113498662616833e-13,0.0,0.06027368565915673,8.697991834214853e-12,0.08201697536833716,0.020044056543752055,0.06681389847427315,0.0
2023-10-04,0.020075310292786624,6.232983315261922e-13,0.0811683593556474,0.03400105727245306,6.526091169467032e-12,0.0,2.4505005344323585e-11,0.07805605503631848,0.0,0.0,0.0,0.08101238026914478,6.832919845747813e-11,0.0,0.0805604523864589,0.0,0.0802260418247213,0.0,0.0,0.08127889482739709,0.0,8.033874392607128e-11,5.4949608086508555e-12,0.0,3.1151500463714136e-10,0.0,3.0210532131814488e-12,0.08035172070300324,0.0,0.07541732641063946,0.08107922045317249,0.0,1.1068533455839831e-13,0.0,0.0600778066216354,8.739280951467152e-12,0.08190603900892263,0.019973677810164844,0.06481565721833112,0.0
2023-10-05,0.01994534898309798,6.23508455097357e-13,0.0811926809894861,0.034428036639391375,6.442071500504183e-12,0.0,2.4443170152450084e-11,0.07701870447800821,0.0,0.0,0.0,0.0804769282491645,6.938147404524144e-11,0.0,0.07982961880701282,0.0,0.07987993947358385,0.0,0.0,0.0807833544035983,0.0,7.980279983689937e-11,5.483352237648944e-12,0.0,3.112846132793374e-10,0.0,3.0475079759164384e-12,0.07991913387046383,0.0,0.07669968453694427,0.08147305710324654,0.0,1.122124687859518e-13,0.0,0.0593537497344091,8.733429543853994e-12,0.08228470688439009,0.019680034347776182,0.06703502099007282,0.0
2023-10-06,0.0202078092998859,6.341923422490484e-13,0.08186440715077656,0.034131816822137465,6.463014911883739e-12,0.0,2.449146653072594e-11,0.0764822592597533,0.0,0.0,0.0,0.07992853064084879,7.02825044684352e-11,0.0,0.07895654477087324,0.0,0.07982349654658427,0.0,0.0,0.08062926277065417,0.0,7.909236576948244e-11,5.493956823712936e-12,0.0,3.1274430520953756e-10,0.0,2.9943445424607295e-12,0.08013182438419875,0.0,0.07791219473362246,0.0816212838988941,0.0,1.1293063508984484e-13,0.0,0.059062219170509224,8.786000482367052e-12,0.08267782583854213,0.020014581244167603,0.06655594295745704,0.0
2023-10-09,0.020207799493853432,6.349537070799179e-13,0.08191990334458178,0.034256890169528466,6.419885092569651e-12,0.0,2.4301607824356844e-11,0.07603971580069648,0.0,0.0,0.0,0.07743501375730975,7.001110534009991e-11,0.0,0.07933165925115816,0.0,0.08011187346828177,0.0,0.0,0.08060625594587,0.0,7.83636780242874e-11,5.401710041694619e-12,0.0,3.1576153487366436e-10,0.0,3.0356187697338383e-12,0.08001926689975639,0.0,0.07839504405054615,0.08183699663902308,0.0,1.1469050637920338e-13,0.0,0.0600590684762265,8.729456679046559e-12,0.08275081536311339,0.02028219975482288,0.06674749707245771,0.0
2023-10-10,0.02018414862067385,6.487547683114587e-13,0.08185842645672449,0.034778034826469184,6.361444573128655e-12,0.0,2.409088315437877e-11,0.07605269136155487,0.0,0.0,0.0,0.0765355426255038,7.126355369564011e-11,0.0,0.07833179804595489,0.0,0.07982311595974712,0.0,0.0,0.08337797949955923,0.0,7.91030973478032e-11,5.397962692769809e-12,0.0,3.128230501312735e-10,0.0,3.026560956887436e-12,0.08046909746860599,0.0,0.07732590834059429,0.08384627319106903,0.0,1.16427104630413e-13,0.0,0.05989582294821802,8.76546738645392e-12,0.08075125979759903,0.02033445742635457,0.06643544291977463,0.0
2023-10-11,0.020532673328028564,6.624969822283585e-13,0.08109430751888712,0.034908229264798904,6.413145808071586e-12,0.0,2.406838260261596e-11,0.0765386453987004,0.0,0.0,0.0,0.07570435657127399,7.080670525389236e-11,0.0,0.07850021999935533,0.0,0.07909528785580153,0.0,0.0,0.0844713317206022,0.0,8.032756077479993e-11,5.360132886685016e-12,0.0,3.1558885667243374e-10,0.0,3.0070207576412e-12,0.08017026448829188,0.0,0.07775573340404046,0.08552868120906126,0.0,1.1618580461707328e-13,0.0,0.06032266158189767,8.790298521211227e-12,0.07983846654440593,0.02047478319508021,0.06506435740463394,0.0
2023-10-12,0.020161957423240204,6.60630672618754e-13,0.08192580434203652,0.03475184007700434,6.52142764094083e-12,0.0,2.3860363791334645e-11,0.07600182351351435,0.0,0.0,0.0,0.07529562327209335,7.120555237682852e-11,0.0,0.07839544176709294,0.0,0.07899208145596438,0.0,0.0,0.08563113784778872,0.0,8.159061462910655e-11,5.34823540771262e-12,0.0,3.1651342227356145e-10,0.0,2.9801414850843187e-12,0.0792974787533227,0.0,0.07921764042933968,0.08539509553431435,0.0,1.161997577492069e-13,0.0,0.060339180450232295,8.67732201092699e-12,0.07925251048810265,0.020195894037681184,0.06514649009079863,0.0
2023-10-13,0.020464497211890427,6.482651757286508e-13,0.0817154369032764,0.034527939542910564,6.4488358075149466e-12,0.0,2.3829124082415366e-11,0.07561508707964283,0.0,0.0,0.0,0.07589668032430488,7.160275602466498e-11,0.0,0.07818001941291887,0.0,0.07877297215557154,0.0,0.0,0.08574772711196699,0.0,8.23762827381547e-11,5.402597926889234e-12,0.0,3.127939747671308e-10,0.0,2.9905679919681897e-12,0.07883762506595621,0.0,0.08078932677191294,0.08740124162250393,0.0,1.1428252257812405e-13,0.0,0.06026385512023409,8.784769639866774e-12,0.07677192587435873,0.01980648581784897,0.06520917946971143,0.0
2023-10-16,0.02040297234619379,6.54621395091016e-13,0.08127319668078953,0.03456576080324039,6.469410677383154e-12,0.0,2.3750952863175857e-11,0.07685676582844851,0.0,0.0,0.0,0.07484368640266162,7.384647974784352e-11,0.0,0.0791327875115399,0.0,0.07907091002144777,0.0,0.0,0.08765311902672036,0.0,8.369610085164039e-11,5.471330937847477e-12,0.0,3.166875818429268e-10,0.0,3.019306886505144e-12,0.07771493276420909,0.0,0.08128489628110842,0.08677904461502768,0.0,1.1742826285313833e-13,0.0,0.05948612540617495,8.75303039962668e-12,0.07563424967037308,0.020060143696926734,0.06524140842267223,0.0
2023-10-17,0.020049218769240786,6.449795390043978e-13,0.08118327603794243,0.03448162735277712,6.4822679752729426e-12,0.0,2.374764071591719e-11,0.07665270841444537,0.0,0.0,0.0,0.07556702475753185,7.318901050582523e-11,0.0,0.07915106182286188,0.0,0.07918615498342294,0.0,0.0,0.08801522086193957,0.0,8.376813419460399e-11,5.491726266113318e-12,0.0,3.181325092781685e-10,0.0,3.009079513794599e-12,0.07781947836750333,0.0,0.08122478565209089,0.08581012833692675,0.0,1.1868492454465325e-13,0.0,0.0600714701131773,8.86806130036842e-12,0.07630571816632431,0.0196474594232536,0.0648346664171101,0.0
2023-10-18,0.019959269930290933,6.43798775248698e-13,0.08096849086965388,0.03451872165847265,6.648657938842419e-12,0.0,2.4218923787820648e-11,0.0758341407312393,0.0,0.0,0.0,0.07644030455146808,7.162204467008301e-11,0.0,0.07977297991968815,0.0,0.07876739769028439,0.0,0.0,0.08785421847687021,0.0,8.330990679317999e-11,5.599786178726912e-12,0.0,3.1745977610482563e-10,0.0,2.9493490564189296e-12,0.0781649280775633,0.0,0.08083009496463997,0.08562874283786996,0.0,1.1674651636568197e-13,0.0,0.0600328992697836,8.946471058178137e-12,0.07722691599983227,0.019324274836598015,0.0646766196642302,0.0
