date,volatility,threshold,regime
2009-01-05,,,
2009-01-06,,,
2009-01-07,,,
2009-01-08,,,
2009-01-09,,,
2009-01-12,,,
2009-01-13,,,
2009-01-14,,,
2009-01-15,,,
2009-01-16,,,
2009-01-20,,,
2009-01-21,,,
2009-01-22,,,
2009-01-23,,,
2009-01-26,,,
2009-01-27,,,
2009-01-28,,,
2009-01-29,,,
2009-01-30,,,
2009-02-02,,,
2009-02-03,,,
2009-02-04,,,
2009-02-05,,,
2009-02-06,,,
2009-02-09,,,
2009-02-10,,,
2009-02-11,,,
2009-02-12,,,
2009-02-13,,,
2009-02-17,,,
2009-02-18,,,
2009-02-19,,,
2009-02-20,,,
2009-02-23,,,
2009-02-24,,,
2009-02-25,,,
2009-02-26,,,
2009-02-27,,,
2009-03-02,,,
2009-03-03,,,
2009-03-04,,,
2009-03-05,,,
2009-03-06,,,
2009-03-09,,,
2009-03-10,,,
2009-03-11,,,
2009-03-12,,,
2009-03-13,,,
2009-03-16,,,
2009-03-17,,,
2009-03-18,,,
2009-03-19,,,
2009-03-20,,,
2009-03-23,,,
2009-03-24,,,
2009-03-25,,,
2009-03-26,,,
2009-03-27,,,
2009-03-30,,,
2009-03-31,,,
2009-04-01,,,
2009-04-02,,,
2009-04-03,0.2678108601867086,,
2009-04-06,0.26825306487430967,,
2009-04-07,0.26911691730783743,,
2009-04-08,0.26730699511136236,,
2009-04-09,0.2712826841287091,,
2009-04-13,0.27036884166053154,,
2009-04-14,0.269175803249413,,
2009-04-15,0.26974689882005737,,
2009-04-16,0.26683019819764237,,
2009-04-17,0.2667813437547047,,
2009-04-20,0.27197902209041813,,
2009-04-21,0.26145567933997027,,
2009-04-22,0.2581989206053458,,
2009-04-23,0.25665806888148385,,
2009-04-24,0.257197086619191,,
2009-04-27,0.2577561376634984,,
2009-04-28,0.2566758494804798,,
2009-04-29,0.2560682137279279,,
2009-04-30,0.24914559386120502,,
2009-05-01,0.24856576956822748,,
2009-05-04,0.2534568145295442,,
2009-05-05,0.2532582122616965,,
2009-05-06,0.25391128189739304,,
2009-05-07,0.25558010986956653,,
2009-05-08,0.256051488872857,,
2009-05-11,0.2570263782765576,,
2009-05-12,0.2510446808922189,,
2009-05-13,0.25347595132129025,,
2009-05-14,0.25369912501184055,,
2009-05-15,0.25324771467308194,,
2009-05-18,0.2507058678658835,,
2009-05-19,0.25031679865308637,,
2009-05-20,0.2494527284428163,,
2009-05-21,0.2505063702674594,,
2009-05-22,0.2465383805277411,,
2009-05-26,0.2439854352730467,,
2009-05-27,0.2442742624108053,,
2009-05-28,0.24371884447756872,,
2009-05-29,0.24397574954732976,,
2009-06-01,0.2362879358121904,,
2009-06-02,0.2358138345765947,,
2009-06-03,0.23501403037179533,,
2009-06-04,0.22960839503367172,,
2009-06-05,0.23015630158865957,,
2009-06-08,0.22781437436531568,,
2009-06-09,0.2170226904878747,,
2009-06-10,0.21722098739494972,,
2009-06-11,0.21382538085325453,,
2009-06-12,0.21378936702637413,,
2009-06-15,0.21692049341685915,,
2009-06-16,0.21569110866790273,,
2009-06-17,0.20996897265979483,,
2009-06-18,0.20971517494690883,,
2009-06-19,0.20765078515668733,,
2009-06-22,0.19114876772627004,,
2009-06-23,0.18745401363435615,,
2009-06-24,0.18726732997122805,,
2009-06-25,0.18842481399080357,,
2009-06-26,0.1854576658687453,,
2009-06-29,0.17874200625231065,,
2009-06-30,0.1784615800630335,,
2009-07-01,0.1767779272986706,,
2009-07-02,0.1755938066299355,,
2009-07-06,0.17560344421309723,,
2009-07-07,0.17658490673334848,,
2009-07-08,0.17390321498975694,,
2009-07-09,0.1729854831215701,,
2009-07-10,0.16725352679969055,,
2009-07-13,0.16813532386181343,,
2009-07-14,0.1670682613458807,,
2009-07-15,0.16890400154686355,,
2009-07-16,0.16856178780744568,,
2009-07-17,0.16851062918873422,,
2009-07-20,0.1605705956158141,,
2009-07-21,0.15941329676662774,,
2009-07-22,0.15895815227915233,,
2009-07-23,0.15947419190137577,,
2009-07-24,0.15878901451369726,,
2009-07-27,0.15756121545200477,,
2009-07-28,0.1571059926585158,,
2009-07-29,0.15423955159780617,,
2009-07-30,0.15562181998940047,,
2009-07-31,0.1560083190331301,,
2009-08-03,0.1487541534635157,,
2009-08-04,0.14855866147748506,,
2009-08-05,0.14765039320284937,,
2009-08-06,0.14448134824032818,,
2009-08-07,0.13945673803134367,,
2009-08-10,0.13762195329181218,,
2009-08-11,0.13814866413941435,,
2009-08-12,0.13269878912742245,,
2009-08-13,0.13348758070515435,,
2009-08-14,0.13353795635737478,,
2009-08-17,0.1327156364651286,,
2009-08-18,0.13311649651835974,,
2009-08-19,0.13353749287823818,,
2009-08-20,0.1310800329423333,,
2009-08-21,0.1315808302711074,,
2009-08-24,0.12982360138339552,,
2009-08-25,0.12559652311546826,,
2009-08-26,0.12409532967442598,,
2009-08-27,0.12031939339314225,,
2009-08-28,0.11826024503996121,,
2009-08-31,0.11890765462185765,,
2009-09-01,0.12057244070530765,,
2009-09-02,0.12055160577386252,,
2009-09-03,0.12029910840899993,,
2009-09-04,0.12016652300239038,,
2009-09-08,0.12037387376709621,,
2009-09-09,0.12049212238336214,,
2009-09-10,0.12081390205244821,,
2009-09-11,0.12081430639885746,,
2009-09-14,0.11546390513768909,,
2009-09-15,0.11428241905409926,,
2009-09-16,0.11571878686771139,,
2009-09-17,0.11527710486985912,,
2009-09-18,0.1150615425786516,,
2009-09-21,0.10881247239695666,,
2009-09-22,0.1090623127160939,,
2009-09-23,0.11007273555734391,,
2009-09-24,0.10666329744615063,,
2009-09-25,0.10667576558877875,,
2009-09-28,0.10811357106403788,,
2009-09-29,0.1073159706740618,,
2009-09-30,0.10716995361501795,,
2009-10-01,0.10629136438521972,,
2009-10-02,0.10704673070680705,,
2009-10-05,0.10461424226033902,,
2009-10-06,0.10524841744885785,,
2009-10-07,0.10531817413916673,,
2009-10-08,0.10517524273641211,,
2009-10-09,0.10424412644589015,,
2009-10-12,0.10430736790382118,,
2009-10-13,0.1007102033961332,,
2009-10-14,0.1020004563396804,,
2009-10-15,0.1020381899867606,,
2009-10-16,0.10093614562703561,,
2009-10-19,0.1013359831567887,,
2009-10-20,0.10154769335728865,,
2009-10-21,0.10094512887523195,,
2009-10-22,0.10134290377901596,,
2009-10-23,0.10386849036496325,,
2009-10-26,0.10607484067666834,,
2009-10-27,0.10580710042913248,,
2009-10-28,0.1089076058843034,,
2009-10-29,0.11161394685910558,,
2009-10-30,0.11567820697097549,,
2009-11-02,0.11581946732571653,,
2009-11-03,0.11534324851163269,,
2009-11-04,0.11499320654866416,,
2009-11-05,0.11671985573913785,,
2009-11-06,0.116722179291453,,
2009-11-09,0.12006329035686869,,
2009-11-10,0.12004075856069543,,
2009-11-11,0.11875923854605787,,
2009-11-12,0.11957649314819264,,
2009-11-13,0.11539278051375629,,
2009-11-16,0.11735375613093851,,
2009-11-17,0.1169618052294792,,
2009-11-18,0.11645927561050631,,
2009-11-19,0.11756090729964723,,
2009-11-20,0.11774536244250516,,
2009-11-23,0.11887771151061838,,
2009-11-24,0.11887657182931516,,
2009-11-25,0.11925024472246995,,
2009-11-27,0.12294063834926537,,
2009-11-30,0.12251429888157432,,
2009-12-01,0.11988702972515251,,
2009-12-02,0.11988650349564928,,
2009-12-03,0.12040040691189063,,
2009-12-04,0.11977971658809891,,
2009-12-07,0.11925611355067871,,
2009-12-08,0.11984544353363764,,
2009-12-09,0.11842002989649889,,
2009-12-10,0.11839700270141988,,
2009-12-11,0.11838057109560485,,
2009-12-14,0.11882413913613626,,
2009-12-15,0.11740300231289567,,
2009-12-16,0.1175969333836143,,
2009-12-17,0.11862711137461406,,
2009-12-18,0.11845024609892606,,
2009-12-21,0.11771900052264792,,
2009-12-22,0.11722472998306203,,
2009-12-23,0.11629009298117161,,
2009-12-24,0.11629634131823059,,
2009-12-28,0.11428930097612726,,
2009-12-29,0.11414156607920287,,
2009-12-30,0.11409940079138477,,
2009-12-31,0.11047090769757352,,
2010-01-04,0.11330922313769697,,
2010-01-05,0.11172777480778023,,
2010-01-06,0.1108380518374746,,
2010-01-07,0.11061513219951057,,
2010-01-08,0.11058870663141084,,
2010-01-11,0.11044774869793092,,
2010-01-12,0.11065077251566785,,
2010-01-13,0.11072580342266675,,
2010-01-14,0.1091751396003935,,
2010-01-15,0.11007044763148632,,
2010-01-19,0.11049104092070204,,
2010-01-20,0.11084121922850736,,
2010-01-21,0.11313243827897836,,
2010-01-22,0.11543865348497914,,
2010-01-25,0.1149683792566824,,
2010-01-26,0.11358642260550408,,
2010-01-27,0.11184499584992437,,
2010-01-28,0.1129309130230273,,
2010-01-29,0.10867423715733508,,
2010-02-01,0.10605770498982242,,
2010-02-02,0.10181748134345166,,
2010-02-03,0.10233266355028925,,
2010-02-04,0.10979144939854668,,
2010-02-05,0.10963552410532307,,
2010-02-08,0.1079953892537972,,
2010-02-09,0.10992445514669559,,
2010-02-10,0.10507450775967973,,
2010-02-11,0.106308608000463,,
2010-02-12,0.10589167257010308,,
2010-02-16,0.10763961705208666,,
2010-02-17,0.10673966529419188,,
2010-02-18,0.10345109073081293,,
2010-02-19,0.10345085453914572,,
2010-02-22,0.10332538203851688,,
2010-02-23,0.1022879193138034,,
2010-02-24,0.1028411555489719,,
2010-02-25,0.10110356486868306,,
2010-02-26,0.1013406456092681,,
2010-03-01,0.10182846222250751,,
2010-03-02,0.09816905482942817,,
2010-03-03,0.09795450787279474,,
2010-03-04,0.09627575336901825,,
2010-03-05,0.09799209756806256,,
2010-03-08,0.09726697826688793,,
2010-03-09,0.09728370735536893,,
2010-03-10,0.09735221688301171,,
2010-03-11,0.09629678865065615,,
2010-03-12,0.09631738794252422,,
2010-03-15,0.0964231765066741,,
2010-03-16,0.09759196037743455,,
2010-03-17,0.09741274637161872,,
2010-03-18,0.09672133287908234,,
2010-03-19,0.09724215928159008,,
2010-03-22,0.09612535216117095,,
2010-03-23,0.09633505220791448,,
2010-03-24,0.09866077402022906,,
2010-03-25,0.09883001425612603,,
2010-03-26,0.09867483260301244,,
2010-03-29,0.0990473380716112,,
2010-03-30,0.09905836344391586,,
2010-03-31,0.09907107851054156,,
2010-04-01,0.10009201741219152,,
2010-04-05,0.09929148551073064,,
2010-04-06,0.09531501070412808,0.17584880984316004,normal
2010-04-07,0.09518568103289307,0.17560344421309723,normal
2010-04-08,0.09515318308555296,0.1756010348173068,normal
2010-04-09,0.09565973082921124,0.17559862542151639,normal
2010-04-12,0.0954432213457813,0.17559621602572595,normal
2010-04-13,0.09543679032123581,0.1755938066299355,normal
2010-04-14,0.09584182319242121,0.17517115871989086,normal
2010-04-15,0.0957561583282488,0.1747485108098462,normal
2010-04-16,0.09776709254632451,0.1743258628998016,normal
2010-04-19,0.09679165797360055,0.17390321498975694,normal
2010-04-20,0.09632263497321467,0.17367378202271022,normal
2010-04-21,0.09439672860780564,0.17344434905566353,normal
2010-04-22,0.09121424222628333,0.17321491608861683,normal
2010-04-23,0.08713950142966911,0.1729854831215701,normal
2010-04-26,0.08708812594087331,0.17196511272789347,normal
2010-04-27,0.09233554158131631,0.17094474233421683,normal
2010-04-28,0.09236838635297673,0.1699243719405402,normal
2010-04-29,0.09240145145155743,0.16890400154686355,normal
2010-04-30,0.09321554915845517,0.16881844811200908,normal
2010-05-03,0.09242193738587919,0.16873289467715463,normal
2010-05-04,0.09775768650991662,0.16864734124230016,normal
2010-05-05,0.09802767597834908,0.16856178780744568,normal
2010-05-06,0.09923275314855938,0.1685489981527678,normal
2010-05-07,0.10018789125023625,0.16853620849808995,normal
2010-05-10,0.11523377121494904,0.1685234188434121,normal
2010-05-11,0.11416999890066262,0.16851062918873422,normal
2010-05-12,0.11456521442983651,0.16841680285700403,normal
2010-05-13,0.11447067062115132,0.16832297652527384,normal
2010-05-14,0.116498787219913,0.16822915019354362,normal
2010-05-17,0.1139250620365596,0.16813532386181343,normal
2010-05-18,0.11494454830586304,0.1679148745962827,normal
2010-05-19,0.11496190231484929,0.167694425330752,normal
2010-05-20,0.12203402429907423,0.16747397606522127,normal
2010-05-21,0.12409667629797935,0.16725352679969055,normal
2010-05-24,0.12460632547257203,0.1672072104362381,normal
2010-05-25,0.12402649459858829,0.16716089407278562,normal
2010-05-26,0.1242803001409303,0.16711457770933316,normal
2010-05-27,0.13100383594837597,0.1670682613458807,normal
2010-05-28,0.13103175324665933,0.16544384491336406,normal
2010-06-01,0.1320880292156627,0.1638194284808474,normal
2010-06-02,0.13573256699710942,0.16219501204833076,normal
2010-06-03,0.1357209192350396,0.1605705956158141,normal
2010-06-04,0.13910520463825757,0.16029649468720453,normal
2010-06-07,0.13960979861043946,0.16002239375859495,normal
2010-06-08,0.14036018377175183,0.15974829282998534,normal
2010-06-09,0.14024567727856524,0.15947419190137577,normal
2010-06-10,0.1443021824934264,0.15945896811768875,normal
2010-06-11,0.14470325318900873,0.15944374433400177,normal
2010-06-14,0.14466649957418515,0.15942852055031476,normal
2010-06-15,0.14691661975977613,0.15941329676662774,normal
2010-06-16,0.1465320949422075,0.1592995106447589,normal
2010-06-17,0.14656030963565578,0.15918572452289004,normal
2010-06-18,0.14617780289378005,0.15907193840102118,normal
2010-06-21,0.14593200319500405,0.15895815227915233,normal
2010-06-22,0.14640208481814426,0.15891586783778855,normal
2010-06-23,0.14514667408251852,0.1588735833964248,normal
2010-06-24,0.1467385233988938,0.15883129895506104,normal
2010-06-25,0.1469787494527813,0.15878901451369726,normal
2010-06-28,0.14661977266821566,0.15848206474827414,normal
2010-06-29,0.15115703536972575,0.15817511498285103,normal
2010-06-30,0.15127703577436186,0.15786816521742789,normal
2010-07-01,0.1504036834720241,0.15756121545200477,normal
2010-07-02,0.15045828900320138,0.15744740975363253,normal
2010-07-06,0.1513467834179535,0.15733360405526028,normal
2010-07-07,0.15546213114591562,0.15721979835688804,normal
2010-07-08,0.1557723913031481,0.1571059926585158,normal
2010-07-09,0.15553897901251287,0.15683157425216937,normal
2010-07-12,0.15549396497312182,0.15655715584582294,normal
2010-07-13,0.15661575146430667,0.15628273743947652,high
2010-07-14,0.155987326179788,0.15661575146430667,normal
2010-07-15,0.15603343937413316,0.15646389335651253,normal
2010-07-16,0.1583038235319138,0.15632459541921992,high
2010-07-19,0.15850724648075115,0.15673831176285896,high
2010-07-20,0.15889055968622004,0.1571059926585158,high
2010-07-21,0.15927134067436596,0.15744740975363253,high
2010-07-22,0.16225493540632605,0.1579325194919593,high
2010-07-23,0.16249817107821082,0.15835467926912314,high
2010-07-26,0.1629933438256056,0.15850724648075115,high
2010-07-27,0.16008658005205365,0.15871857250546073,high
2010-07-28,0.1601340749699355,0.15883978709995866,high
2010-07-29,0.1589251751373242,0.15890745783445312,high
2010-07-30,0.15833835801785257,0.1589251751373242,normal
2010-08-02,0.16023029456292695,0.15891652127454817,high
2010-08-03,0.15651683221451235,0.15894166370823826,normal
2010-08-04,0.15587046105528415,0.15893341942278125,normal
2010-08-05,0.14971813139599685,0.1589251751373242,normal
2010-08-06,0.14900048235654229,0.15891652127454817,normal
2010-08-09,0.13700358800779197,0.15890786741177212,normal
2010-08-10,0.1369787253792955,0.15889921354899608,normal
2010-08-11,0.14138530123915777,0.15889055968622004,normal
2010-08-12,0.14106193608316792,0.15886517339308934,normal
2010-08-13,0.1394568915774189,0.15883978709995866,normal
2010-08-16,0.14004655150605844,0.15881440080682796,normal
2010-08-17,0.1395298048936615,0.15878901451369726,normal
2010-08-18,0.13941187641800593,0.15871857250546073,normal
2010-08-19,0.1339098653664267,0.1586481304972242,normal
2010-08-20,0.13250298474477618,0.15857768848898768,normal
2010-08-23,0.13138569536098277,0.15850724648075115,normal
2010-08-24,0.13190399379506348,0.15846502436502652,normal
2010-08-25,0.13152845274798228,0.15842280224930186,normal
2010-08-26,0.12508948675153905,0.1583805801335772,normal
2010-08-27,0.1243997274927779,0.15833835801785257,normal
2010-08-30,0.1233546675087173,0.1583297243963679,normal
2010-08-31,0.1197136379390414,0.15832109077488318,normal
2010-09-01,0.12374693056318004,0.15831245715339848,normal
2010-09-02,0.11768131644402999,0.1583038235319138,normal
2010-09-03,0.1168867887659663,0.15811817151193655,normal
2010-09-07,0.1168950604830449,0.1579325194919593,normal
2010-09-08,0.11675662285152213,0.15774686747198202,normal
2010-09-09,0.11252300689926051,0.15756121545200477,normal
2010-09-10,0.11218718749933904,0.15744740975363253,normal
2010-09-13,0.1141021912074879,0.15733360405526028,normal
2010-09-14,0.1106471937387376,0.15721979835688804,normal
2010-09-15,0.11064158587634304,0.1571059926585158,normal
2010-09-16,0.1108664533241338,0.1569834323599635,normal
2010-09-17,0.11085878093868239,0.15686087206141125,normal
2010-09-20,0.11294455371189083,0.15673831176285896,normal
2010-09-21,0.11169414182421931,0.15661575146430667,normal
2010-09-22,0.11181701170051411,0.1565910216518581,normal
2010-09-23,0.10972690164761405,0.1565662918394095,normal
2010-09-24,0.11177626256121291,0.15654156202696093,normal
2010-09-27,0.11174747271008904,0.15651683221451235,normal
2010-09-28,0.10420773971250105,0.15639598400441757,normal
2010-09-29,0.10379716860737151,0.15627513579432276,normal
2010-09-30,0.10398320468597688,0.15615428758422795,normal
2010-10-01,0.10358649952110845,0.15603343937413316,normal
2010-10-04,0.1035528153371855,0.1560271592888824,normal
2010-10-05,0.10166730064203593,0.1560208792036316,normal
2010-10-06,0.10159360025171445,0.15601459911838086,normal
2010-10-07,0.10176693129330226,0.1560083190331301,normal
2010-10-08,0.10177715311235366,0.15600307081979456,normal
2010-10-11,0.10064650779334094,0.15599782260645906,normal
2010-10-12,0.10073350414694801,0.15599257439312353,normal
2010-10-13,0.10128204857980662,0.155987326179788,normal
2010-10-14,0.09487144575632338,0.15595810989866205,normal
2010-10-15,0.09514294374741386,0.1559288936175361,normal
2010-10-18,0.0944175646899181,0.1558996773364101,normal
2010-10-19,0.09633795286246348,0.15587046105528415,normal
2010-10-20,0.09335462865083496,0.15584594361725013,normal
2010-10-21,0.09323612628361798,0.15582142617921613,normal
2010-10-22,0.0926937765248184,0.15579690874118213,normal
2010-10-25,0.09267141401786019,0.1557723913031481,normal
2010-10-26,0.09289055658438956,0.1557347484747112,normal
2010-10-27,0.09397652338461715,0.1556971056462743,normal
2010-10-28,0.09405335443576514,0.15565946281783738,normal
2010-10-29,0.09053399660897814,0.15562181998940047,normal
2010-11-01,0.0904871709180301,0.15560110974517857,normal
2010-11-02,0.0919992404903621,0.15558039950095667,normal
2010-11-03,0.09200684513399293,0.15555968925673477,normal
2010-11-04,0.0968858054621828,0.15553897901251287,normal
2010-11-05,0.09697378660649095,0.1555277255026651,normal
2010-11-08,0.09651596811878883,0.15551647199281735,normal
2010-11-09,0.0905215792715805,0.15550521848296958,normal
2010-11-10,0.09012338975516318,0.15549396497312182,normal
2010-11-11,0.09090896973966354,0.15548600651632027,normal
2010-11-12,0.09358037356997694,0.1554780480595187,normal
2010-11-15,0.09412607899500769,0.15547008960271716,normal
2010-11-16,0.09601764310105777,0.15546213114591562,normal
2010-11-17,0.09443889016543348,0.15515648625888825,normal
2010-11-18,0.09635078887004865,0.1548508413718609,normal
2010-11-19,0.09611371335812383,0.15454519648483353,normal
2010-11-22,0.09521999062498868,0.15423955159780617,normal
2010-11-23,0.09878600115883139,0.15351635955284298,normal
2010-11-24,0.09912971691994565,0.15279316750787983,normal
2010-11-26,0.10017781999935889,0.15206997546291667,normal
2010-11-29,0.09930708461429437,0.1513467834179535,normal
2010-11-30,0.09980470487582539,0.1513293465070556,normal
2010-12-01,0.09692417473627915,0.15131190959615767,normal
2010-12-02,0.09798330378032338,0.15129447268525975,normal
2010-12-03,0.097732115889188,0.15127703577436186,normal
2010-12-06,0.097099780459294,0.15124703567320283,normal
2010-12-07,0.09786154700664625,0.1512170355720438,normal
2010-12-08,0.09804770100633876,0.15118703547088477,normal
2010-12-09,0.0980744371712773,0.15115703536972575,normal
2010-12-10,0.09577633549575024,0.15098234877809466,normal
2010-12-13,0.09587078270007518,0.15080766218646358,normal
2010-12-14,0.0961434529776865,0.15063297559483246,normal
2010-12-15,0.09725704672202094,0.15045828900320138,normal
2010-12-16,0.09775599047434247,0.15044463762040705,normal
2010-12-17,0.09543154924869196,0.15043098623761275,normal
2010-12-20,0.09537748761667046,0.15041733485481842,normal
2010-12-21,0.0959584266108698,0.1504036834720241,normal
2010-12-22,0.09525782235802367,0.15023229545301728,normal
2010-12-23,0.09238380838649744,0.15006090743401046,normal
2010-12-27,0.09238747239157034,0.14988951941500367,normal
2010-12-28,0.09240194575344354,0.14971813139599685,normal
2010-12-29,0.09325214959850742,0.1495387191361332,normal
2010-12-30,0.09322864095165803,0.14935930687626958,normal
2010-12-31,0.09317427160883016,0.14917989461640593,normal
2011-01-03,0.09319302019603085,0.14900048235654229,normal
2011-01-04,0.08949778854835883,0.14893890013328565,normal
2011-01-05,0.08951776860107011,0.148877317910029,normal
2011-01-06,0.08951740939061907,0.14881573568677234,normal
2011-01-07,0.08918191910055821,0.1487541534635157,normal
2011-01-10,0.08918776133416538,0.14870528046700804,normal
2011-01-11,0.08922486086818786,0.14865640747050038,normal
2011-01-12,0.0894711999240634,0.14860753447399272,normal
2011-01-13,0.08916733817160702,0.14855866147748506,normal
2011-01-14,0.08901891769359122,0.14833159440882615,normal
2011-01-18,0.0886315334810629,0.1481045273401672,normal
2011-01-19,0.08654786554243675,0.14787746027150828,normal
2011-01-20,0.08617951790325416,0.14765039320284937,normal
2011-01-21,0.08601657768749732,0.14748248226533234,normal
2011-01-24,0.08636727685305436,0.14731457132781534,normal
2011-01-25,0.08617653104757868,0.14714666039029833,normal
2011-01-26,0.0857411183979491,0.1469787494527813,normal
2011-01-27,0.08473298021223499,0.14696321702953002,normal
2011-01-28,0.08803549100755158,0.14694768460627872,normal
2011-01-31,0.08816366003622303,0.1469321521830274,normal
2011-02-01,0.09045893390081335,0.14691661975977613,normal
2011-02-02,0.08893822369296285,0.14687209566955556,normal
2011-02-03,0.08891348770155776,0.14682757157933496,normal
2011-02-04,0.08290998054716787,0.14678304748911436,normal
2011-02-07,0.0830994050623772,0.1467385233988938,normal
2011-02-08,0.08302621224412776,0.14670883571622426,normal
2011-02-09,0.08073233397584932,0.14667914803355472,normal
2011-02-10,0.08083254931919807,0.1466494603508852,normal
2011-02-11,0.08109545937833887,0.14661977266821566,normal
2011-02-14,0.07769013743264144,0.1466049069100757,normal
2011-02-15,0.07666789425563053,0.14659004115193572,normal
2011-02-16,0.0747065039948104,0.14657517539379575,normal
2011-02-17,0.07485702907318621,0.14656030963565578,normal
2011-02-18,0.0717721918225977,0.1465532559622937,normal
2011-02-22,0.07610812653261997,0.14654620228893164,normal
2011-02-23,0.07641990040383187,0.14653914861556958,normal
2011-02-24,0.07223095618024708,0.1465320949422075,normal
2011-02-25,0.07339122695777843,0.1464995924111917,normal
2011-02-28,0.07194748227464583,0.14646708988017587,normal
2011-03-01,0.07447370399966999,0.14643458734916007,normal
2011-03-02,0.0737997826910282,0.14640208481814426,normal
2011-03-03,0.0724800284657255,0.14634601433705322,normal
2011-03-04,0.07092129757414764,0.14628994385596217,normal
2011-03-07,0.0725432961862926,0.1462338733748711,normal
2011-03-08,0.0728843105517217,0.14617780289378005,normal
2011-03-09,0.07190922532056963,0.14611635296908604,normal
2011-03-10,0.07503516979409804,0.14605490304439206,normal
2011-03-11,0.07502553084976955,0.14599345311969805,normal
2011-03-14,0.0754393057290475,0.14593200319500405,normal
2011-03-15,0.07662303769919795,0.14573567091688266,normal
2011-03-16,0.0786804264396862,0.14553933863876128,normal
2011-03-17,0.07892220133094842,0.1453430063606399,normal
2011-03-18,0.07855696159736855,0.14514667408251852,normal
2011-03-21,0.08033362275957535,0.14503581885914107,normal
2011-03-22,0.08037477012888172,0.14492496363576363,normal
2011-03-23,0.07954388111817451,0.14481410841238618,normal
2011-03-24,0.07994564318394361,0.14470325318900873,normal
2011-03-25,0.07993467666642932,0.14469406478530283,normal
2011-03-28,0.0799949514071876,0.14468487638159694,normal
2011-03-29,0.07972841358815386,0.14467568797789104,normal
2011-03-30,0.07987652285606135,0.14466649957418515,normal
2011-03-31,0.07987166153559337,0.1446202117407209,normal
2011-04-01,0.08041969459766796,0.14457392390725665,normal
2011-04-04,0.07980077212210043,0.14452763607379243,normal
2011-04-05,0.07988597170613752,0.14448134824032818,normal
2011-04-06,0.07956247860795179,0.14443655680360273,normal
2011-04-07,0.07956794333659112,0.1443917653668773,normal
2011-04-08,0.07962990988010459,0.14434697393015186,normal
2011-04-11,0.0798527877427504,0.1443021824934264,normal
2011-04-12,0.08027887496888512,0.14357296217985926,normal
2011-04-13,0.07915671895915995,0.1428437418662921,normal
2011-04-14,0.07912394714916592,0.14211452155272492,normal
2011-04-15,0.07946923054102017,0.14138530123915777,normal
2011-04-18,0.0816009093294474,0.1413044599501603,normal
2011-04-19,0.08138794016025039,0.14122361866116284,normal
2011-04-20,0.08263182670208576,0.14114277737216538,normal
2011-04-21,0.08289936988427149,0.14106193608316792,normal
2011-04-25,0.08252412131640809,0.1408864980053139,normal
2011-04-26,0.08354737568519546,0.14071105992745986,normal
2011-04-27,0.0836450161064064,0.14053562184960586,normal
2011-04-28,0.0837286023562591,0.14036018377175183,normal
2011-04-29,0.0798676682343592,0.1403315571484552,normal
2011-05-02,0.07971642617356935,0.14030293052515852,normal
2011-05-03,0.07790554899074384,0.14027430390186188,normal
2011-05-04,0.07836847790049802,0.14024567727856524,normal
2011-05-05,0.07903286625438928,0.14019589583543854,normal
2011-05-06,0.07907330530454365,0.14014611439231184,normal
2011-05-09,0.07907480455209431,0.14009633294918514,normal
2011-05-10,0.07934890401034789,0.14004655150605844,normal
2011-05-11,0.08112082043002454,0.1399373632821537,normal
2011-05-12,0.08071672625812074,0.13982817505824896,normal
2011-05-13,0.08091687287616928,0.1397189868343442,normal
2011-05-16,0.08102937218191511,0.13960979861043946,normal
2011-05-17,0.0810545033781765,0.13958980018124498,normal
2011-05-18,0.08090729750747623,0.13956980175205047,normal
2011-05-19,0.08073685324580875,0.139549803322856,normal
2011-05-20,0.08143532106527751,0.1395298048936615,normal
2011-05-23,0.07989219082892102,0.13951157656460086,normal
2011-05-24,0.07967404154276327,0.13949334823554022,normal
2011-05-25,0.07972634721492494,0.13947511990647954,normal
2011-05-26,0.07887979104582318,0.1394568915774189,normal
2011-05-27,0.07876901047579168,0.1394568531909001,normal
2011-05-31,0.07834183639555002,0.13945681480438127,normal
2011-06-01,0.08151095705407504,0.13945677641786247,normal
2011-06-02,0.08033680520780176,0.13945673803134367,normal
2011-06-03,0.08049250878325033,0.13944552262800924,normal
2011-06-06,0.08089488268781785,0.1394343072246748,normal
2011-06-07,0.08070687677197362,0.13942309182134036,normal
2011-06-08,0.08096108815580993,0.13941187641800593,normal
2011-06-09,0.07828518177999196,0.13933520847306885,normal
2011-06-10,0.08067915248371273,0.13925854052813175,normal
2011-06-13,0.08034405727985987,0.13918187258319464,normal
2011-06-14,0.0797394665365973,0.13910520463825757,normal
2011-06-15,0.0797201501768015,0.13886606951354677,normal
2011-06-16,0.07793432547837448,0.13862693438883594,normal
2011-06-17,0.07766618053306044,0.13838779926412514,normal
2011-06-20,0.07550288051054395,0.13814866413941435,normal
2011-06-21,0.07773445016603549,0.1380169864275138,normal
2011-06-22,0.07821644972839095,0.13788530871561328,normal
2011-06-23,0.07775973065393375,0.1377536310037127,normal
2011-06-24,0.07826202494333787,0.13762195329181218,normal
2011-06-27,0.07847164355177064,0.1374673619708071,normal
2011-06-28,0.07874162751297048,0.13731277064980207,normal
2011-06-29,0.07784002741368415,0.13715817932879704,normal
2011-06-30,0.07863725660643693,0.13700358800779197,normal
2011-07-01,0.07915673061588638,0.13699737235066786,normal
2011-07-05,0.07906183613422309,0.13699115669354373,normal
2011-07-06,0.07898830655616408,0.13698494103641962,normal
2011-07-07,0.0797220467787349,0.1369787253792955,normal
2011-07-08,0.0796609792691036,0.13666718578374898,normal
2011-07-11,0.08279482688140763,0.13635564618820245,normal
2011-07-12,0.0828539718859385,0.13604410659265595,normal
2011-07-13,0.08321184946384914,0.13573256699710942,normal
2011-07-14,0.08473626041649428,0.13572965505659196,normal
2011-07-15,0.08516390297969917,0.13572674311607452,normal
2011-07-18,0.0862091922020801,0.13572383117555706,normal
2011-07-19,0.08755911351758586,0.1357209192350396,normal
2011-07-20,0.08705479714429408,0.13526815576788637,normal
2011-07-21,0.08600040850141728,0.13481539230073314,normal
2011-07-22,0.0857473804415362,0.13436262883357994,normal
2011-07-25,0.08646259571600863,0.1339098653664267,normal
2011-07-26,0.08534560520831916,0.13381688811416373,normal
2011-07-27,0.08951650372733028,0.13372391086190075,normal
2011-07-28,0.0892763097945158,0.13363093360963776,normal
2011-07-29,0.0895294521538849,0.13353795635737478,normal
2011-08-01,0.08958607258158745,0.13353784048759063,normal
2011-08-02,0.092046556307222,0.1335377246178065,normal
2011-08-03,0.09183670355059077,0.13353760874802234,normal
2011-08-04,0.10587951558845075,0.13353749287823818,normal
2011-08-05,0.10609286504210681,0.13352501483496723,normal
2011-08-08,0.12930211140084594,0.13351253679169628,normal
2011-08-09,0.14672129366370154,0.1335000587484253,high
2011-08-10,0.15220754834576633,0.13353749287823818,high
2011-08-11,0.15620421181307995,0.13353784048759063,high
2011-08-12,0.15694726447783236,0.13372391086190075,high
2011-08-15,0.1588718846551657,0.13436262883357994,high
2011-08-16,0.15893900928490992,0.1357209192350396,high
2011-08-17,0.159066582927626,0.13572965505659196,high
2011-08-18,0.16563479844237275,0.13635564618820245,high
2011-08-19,0.16608446256119438,0.13698494103641962,high
2011-08-22,0.16523498461182715,0.13700358800779197,high
2011-08-23,0.16830475378773485,0.1374673619708071,high
2011-08-24,0.16823073349772796,0.13788530871561328,high
2011-08-25,0.16812088618180637,0.13838779926412514,high
2011-08-26,0.16938288887255712,0.13910520463825757,high
2011-08-29,0.17123069709945088,0.13933520847306885,high
2011-08-30,0.17025041113381065,0.1394343072246748,high
2011-08-31,0.17049739128744112,0.13945677641786247,high
2011-09-01,0.17057604635070556,0.1394568915774189,high
2011-09-02,0.17106971308307456,0.13951157656460086,high
2011-09-06,0.17131103843259818,0.13956980175205047,high
2011-09-07,0.1741664164216836,0.1397189868343442,high
2011-09-08,0.17463039196224797,0.14004655150605844,high
2011-09-09,0.17635476272258613,0.14019589583543854,high
2011-09-12,0.17635787150846272,0.14030293052515852,high
2011-09-13,0.1760770720643558,0.14053562184960586,high
2011-09-14,0.17591437619316821,0.14106193608316792,high
2011-09-15,0.1765952552786319,0.1413044599501603,high
2011-09-16,0.17664262124892519,0.1428437418662921,high
2011-09-19,0.1771534596260748,0.14434697393015186,high
2011-09-20,0.17602451694467627,0.14448134824032818,high
2011-09-21,0.17832510667006818,0.1446202117407209,high
2011-09-22,0.18141208870268222,0.14468487638159694,high
2011-09-23,0.1813749987661877,0.14481410841238618,high
2011-09-26,0.18246673381141226,0.14514667408251852,high
2011-09-27,0.18300047959828608,0.14573567091688266,high
2011-09-28,0.1845287926771982,0.14605490304439206,high
2011-09-29,0.184779056373502,0.1462338733748711,high
2011-09-30,0.1859800648983191,0.14640208481814426,high
2011-10-03,0.1875564264201825,0.1464995924111917,high
2011-10-04,0.18906710111433261,0.14654620228893164,high
2011-10-05,0.18997868187039013,0.14657517539379575,high
2011-10-06,0.1915699817486667,0.14661977266821566,high
2011-10-07,0.19090388488576326,0.14669591341483007,high
2011-10-10,0.1955611099993841,0.14672990853129766,high
2011-10-11,0.19512984063414493,0.14678304748911436,high
2011-10-12,0.19525052037477791,0.14691661975977613,high
2011-10-13,0.1949931605545046,0.14696321702953002,high
2011-10-14,0.19527551839569837,0.14731457132781534,high
2011-10-17,0.19519567731856002,0.14787746027150828,high
2011-10-18,0.19695365523049985,0.14855866147748506,high
2011-10-19,0.19696226544252893,0.14870528046700804,high
2011-10-20,0.19687662701716757,0.148877317910029,high
2011-10-21,0.19867111878656563,0.14917989461640593,high
2011-10-24,0.20038060840691313,0.14971813139599685,high
2011-10-25,0.1993119873960749,0.15023229545301728,high
2011-10-26,0.19968625027731465,0.15043098623761275,high
2011-10-27,0.20582684325703496,0.15063297559483246,high
2011-10-28,0.20578480036194002,0.15115703536972575,high
2011-10-31,0.20733733915052005,0.15124703567320283,high
2011-11-01,0.20877932728667276,0.15131190959615767,high
2011-11-02,0.20242272236091868,0.1515619746499067,high
2011-11-03,0.20291075363425914,0.15220754834576633,high
2011-11-04,0.18732314460309846,0.15373155078479622,high
2011-11-07,0.17546764759940897,0.1548508413718609,high
2011-11-08,0.1692860018410077,0.15547008960271716,high
2011-11-09,0.17414591962671125,0.15549396497312182,high
2011-11-10,0.1735206551659758,0.1555277255026651,high
2011-11-11,0.17345539993485376,0.15558039950095667,high
2011-11-14,0.17367024144979776,0.15565946281783738,high
2011-11-15,0.17348495126545507,0.1557723913031481,high
2011-11-16,0.1678858097609711,0.15584594361725013,high
2011-11-17,0.16824942664678694,0.1559288936175361,high
2011-11-18,0.16824385699706004,0.15599257439312353,high
2011-11-21,0.1677980423787108,0.1560083190331301,high
2011-11-22,0.1677494218826685,0.1560271592888824,high
2011-11-23,0.1695810767908074,0.15611882559360657,high
2011-11-25,0.16856808660076295,0.15628236691343805,high
2011-11-28,0.17138022684084078,0.15651683221451235,high
2011-11-29,0.17121664383361682,0.1565910216518581,high
2011-11-30,0.17947300261157229,0.15678150797106952,high
2011-12-01,0.17934051304867984,0.1569869465230032,high
2011-12-02,0.17804569682390095,0.1571059926585158,high
2011-12-05,0.1781886584915348,0.15744740975363253,high
2011-12-06,0.1758486887557267,0.1579325194919593,high
2011-12-07,0.17525915085877727,0.15831245715339848,high
2011-12-08,0.17517477898345932,0.15833835801785257,high
2011-12-09,0.176006454318306,0.15846502436502652,high
2011-12-12,0.1776879388343256,0.1586481304972242,high
2011-12-13,0.17743355814987233,0.15880973204906437,high
2011-12-14,0.17711811159337726,0.1588718846551657,high
2011-12-15,0.17711043316644834,0.15888589092845645,high
2011-12-16,0.17661751869315398,0.15890786741177212,high
2011-12-19,0.17703722594986113,0.15892863367422064,high
2011-12-20,0.17719678209013937,0.15893900928490992,high
2011-12-21,0.173449113319524,0.15895336653059172,high
2011-12-22,0.17383697224481828,0.15901236760338916,high
2011-12-23,0.172919627873418,0.159117772364311,high
2011-12-27,0.17235187607558275,0.15927134067436596,high
2011-12-28,0.17052446307203417,0.1593778077435623,high
2011-12-29,0.17056128145941984,0.15944374433400177,high
2011-12-30,0.1676196599332274,0.15962728893904524,high
2012-01-03,0.16595485692373818,0.16008658005205365,high
2012-01-04,0.16511525681022204,0.16012220124046506,high
2012-01-05,0.16424755107947725,0.16018218476643123,high
2012-01-06,0.163140429987453,0.16031536982614875,high
2012-01-09,0.16236551829771176,0.1605705956158141,high
2012-01-10,0.15819880604882292,0.16183385045869805,normal
2012-01-11,0.15820590736278894,0.1614127655110701,normal
2012-01-12,0.1576314155867907,0.1609916805634421,normal
2012-01-13,0.1577530146494589,0.1605705956158141,normal
2012-01-17,0.15728632753689015,0.1604855203525923,normal
2012-01-18,0.1555050685541058,0.1604004450893705,normal
2012-01-19,0.15380937682644752,0.16031536982614875,normal
2012-01-20,0.1525491355827176,0.16023029456292695,normal
2012-01-23,0.15253667333810556,0.1602062396646791,normal
2012-01-24,0.15045456460090964,0.16018218476643123,normal
2012-01-25,0.14906061813196747,0.16015812986818337,normal
2012-01-26,0.14776052749051508,0.1601340749699355,normal
2012-01-27,0.14742833029089616,0.16012220124046506,normal
2012-01-30,0.1391971857814701,0.16011032751099458,normal
2012-01-31,0.13931675327969134,0.1600984537815241,normal
2012-02-01,0.13547624339483594,0.16008658005205365,normal
2012-02-02,0.13281066079005746,0.15993348301438418,normal
2012-02-03,0.1321139939808911,0.1597803859767147,normal
2012-02-06,0.13090493432006017,0.15962728893904524,normal
2012-02-07,0.13061433537885186,0.15947419190137577,normal
2012-02-08,0.13057400213897047,0.15945896811768875,normal
2012-02-09,0.13032078223039348,0.15944374433400177,normal
2012-02-10,0.12057578613273569,0.15942852055031476,normal
2012-02-13,0.12105861639280233,0.15941329676662774,normal
2012-02-14,0.11932339220097905,0.1593778077435623,normal
2012-02-15,0.11871681698959036,0.15934231872049687,normal
2012-02-16,0.11913515763743704,0.1593068296974314,normal
2012-02-17,0.11688847933699383,0.15927134067436596,normal
2012-02-21,0.11491053145044552,0.15922015123768096,normal
2012-02-22,0.11488906340237069,0.159168961800996,normal
2012-02-23,0.11103331974115274,0.159117772364311,normal
2012-02-24,0.11096627209947311,0.159066582927626,normal
2012-02-27,0.10600916413957948,0.15903947526550757,normal
2012-02-28,0.10516589271420197,0.15901236760338916,normal
2012-02-29,0.09844973592691829,0.15898525994127075,normal
2012-03-01,0.09843973002426969,0.15895815227915233,normal
2012-03-02,0.08403526707409671,0.15895336653059172,normal
2012-03-05,0.08464701106975357,0.1589485807820311,normal
2012-03-06,0.08875180146060113,0.15894379503347053,normal
2012-03-07,0.08781600624771552,0.15893900928490992,normal
2012-03-08,0.08840268460441643,0.1589355507480135,normal
2012-03-09,0.08812266474142844,0.15893209221111707,normal
2012-03-12,0.0817463336030057,0.15892863367422064,normal
2012-03-13,0.08162872213640322,0.1589251751373242,normal
2012-03-14,0.07986606868640397,0.15891652127454817,normal
2012-03-15,0.07911989153099193,0.15890786741177212,normal
2012-03-16,0.07811672128987918,0.15889921354899608,normal
2012-03-19,0.07812337543404523,0.15889055968622004,normal
2012-03-20,0.07896523604122976,0.15888589092845645,normal
2012-03-21,0.07760114003853627,0.15888122217069287,normal
2012-03-22,0.0723634950926225,0.15887655341292928,normal
2012-03-23,0.0724735588208189,0.1588718846551657,normal
2012-03-26,0.07322600786529139,0.15885116711979858,normal
2012-03-27,0.07324077324988046,0.1588304495844315,normal
2012-03-28,0.07428828819445422,0.15880973204906437,normal
2012-03-29,0.07266465261543396,0.15878901451369726,normal
2012-03-30,0.07147972302759456,0.15871857250546073,normal
2012-04-02,0.07246803442308769,0.1586481304972242,normal
2012-04-03,0.07245157198883205,0.15857768848898768,normal
2012-04-04,0.07386380490943013,0.15850724648075115,normal
2012-04-05,0.07359417308256892,0.15846502436502652,normal
2012-04-09,0.07351432274843563,0.15842280224930186,normal
2012-04-10,0.07643341099240535,0.1583805801335772,normal
2012-04-11,0.07547665193663963,0.15833835801785257,normal
2012-04-12,0.07737814305262147,0.1583297243963679,normal
2012-04-13,0.07841438702428111,0.15832109077488318,normal
2012-04-16,0.07816130692831273,0.15831245715339848,normal
2012-04-17,0.07907148472151163,0.1583038235319138,normal
2012-04-18,0.07790935414194256,0.1582793444896326,normal
2012-04-19,0.07810892740012403,0.15825486544735137,normal
2012-04-20,0.07825477262779697,0.15823038640507014,normal
2012-04-23,0.07973657026327466,0.15820590736278894,normal
2012-04-24,0.0797759867621542,0.15820413203429745,normal
2012-04-25,0.07989622552841547,0.15820235670580593,normal
2012-04-26,0.08048605642635036,0.1582005813773144,normal
2012-04-27,0.08049491367948482,0.15819880604882292,normal
2012-04-30,0.08027880645403795,0.1580873581989819,normal
2012-05-01,0.0801683774461513,0.1579759103491409,normal
2012-05-02,0.07889744706451893,0.15786446249929992,normal
2012-05-03,0.07955156554015677,0.1577530146494589,normal
2012-05-04,0.08037608233179919,0.15772261488379186,normal
2012-05-07,0.08046433303466392,0.1576922151181248,normal
2012-05-08,0.08086443637140674,0.15766181535245774,normal
2012-05-09,0.08131710346837893,0.1576314155867907,normal
2012-05-10,0.08134472289517791,0.1576138655530942,normal
2012-05-11,0.08034286675793186,0.15759631551939773,normal
2012-05-14,0.08042742681697797,0.15757876548570127,normal
2012-05-15,0.08078695532044529,0.15756121545200477,normal
2012-05-16,0.08106452743971355,0.1574924934732261,normal
2012-05-17,0.08143913512977015,0.15742377149444747,normal
2012-05-18,0.08198116306136315,0.1573550495156688,normal
2012-05-21,0.08515467957109747,0.15728632753689015,normal
2012-05-22,0.08525288963763474,0.15724124381729657,normal
2012-05-23,0.08483915651959995,0.15719616009770299,normal
2012-05-24,0.08452821521062426,0.15715107637810938,normal
2012-05-25,0.08451060612125054,0.1571059926585158,normal
2012-05-29,0.08600249705235961,0.15706631061334494,normal
2012-05-30,0.08642883326789656,0.15702662856817406,normal
2012-05-31,0.08640534455876658,0.1569869465230032,normal
2012-06-01,0.08918370406928484,0.15694726447783236,normal
2012-06-04,0.08881944187116593,0.15686438622445092,normal
2012-06-05,0.08585339609654839,0.15678150797106952,normal
2012-06-06,0.08893370221068463,0.1566986297176881,normal
2012-06-07,0.08747296326720776,0.15661575146430667,normal
2012-06-08,0.08759687487644757,0.1565910216518581,normal
2012-06-11,0.08857522042232163,0.1565662918394095,normal
2012-06-12,0.08776001966603622,0.15654156202696093,normal
2012-06-13,0.08616566548652867,0.15651683221451235,normal
2012-06-14,0.08632361177389633,0.15643867711415424,normal
2012-06-15,0.08851937014753508,0.15636052201379613,normal
2012-06-18,0.08853303087384867,0.15628236691343805,normal
2012-06-19,0.08910262770577321,0.15620421181307995,normal
2012-06-20,0.08908055100204323,0.15616151870334324,normal
2012-06-21,0.09338077240146173,0.15611882559360657,normal
2012-06-22,0.09308292743800335,0.15607613248386987,normal
2012-06-25,0.09269897123606158,0.15603343937413316,normal
2012-06-26,0.09298540647448601,0.1560271592888824,normal
2012-06-27,0.0934446237463955,0.1560208792036316,normal
2012-06-28,0.09344568515180372,0.15601459911838086,normal
2012-06-29,0.09987119689250322,0.1560083190331301,normal
2012-07-02,0.09929195934044671,0.15600307081979456,normal
2012-07-03,0.09837337283461282,0.15599782260645906,normal
2012-07-05,0.09765042912801986,0.15599257439312353,normal
2012-07-06,0.09819902953963587,0.155987326179788,normal
2012-07-09,0.0981075632957763,0.15595810989866205,normal
2012-07-10,0.09664995140864097,0.1559288936175361,normal
2012-07-11,0.09625362929679934,0.1558996773364101,normal
2012-07-12,0.09465707121198753,0.15587046105528415,normal
2012-07-13,0.09579440017112208,0.15584594361725013,normal
2012-07-16,0.09579451719469291,0.15582142617921613,normal
2012-07-17,0.09447286019480668,0.15579690874118213,normal
2012-07-18,0.09478905313766996,0.1557723913031481,normal
2012-07-19,0.09469256595523902,0.1557347484747112,normal
2012-07-20,0.09557756595315729,0.1556971056462743,normal
2012-07-23,0.09631039414246595,0.15565946281783738,normal
2012-07-24,0.09661285815594998,0.15562181998940047,normal
2012-07-25,0.0955064916854523,0.15560110974517857,normal
2012-07-26,0.09749916938827885,0.15558039950095667,normal
2012-07-27,0.09920261484710442,0.15555968925673477,normal
2012-07-30,0.09905505055157421,0.15553897901251287,normal
2012-07-31,0.09911311382277407,0.1555305013979111,normal
2012-08-01,0.09918204833890303,0.15552202378330934,normal
2012-08-02,0.09911621338811742,0.15551354616870758,normal
2012-08-03,0.10094580081981597,0.1555050685541058,normal
2012-08-06,0.10103381434219429,0.15550229265885981,normal
2012-08-07,0.10065040069545728,0.15549951676361382,normal
2012-08-08,0.10004248255834756,0.15549674086836782,normal
2012-08-09,0.10003616939292934,0.15549396497312182,normal
2012-08-10,0.0999982433084954,0.15548600651632027,normal
2012-08-13,0.09891411440107874,0.1554780480595187,normal
2012-08-14,0.09854280753114594,0.15547008960271716,normal
2012-08-15,0.09828100247695348,0.15546213114591562,normal
2012-08-16,0.09693528576298703,0.15515648625888825,normal
2012-08-17,0.09601904243277486,0.1548508413718609,normal
2012-08-20,0.09388077920874131,0.15454519648483353,normal
2012-08-21,0.09359469617281889,0.15423955159780617,normal
2012-08-22,0.09365360691574529,0.1541320079049665,normal
2012-08-23,0.09407240558937863,0.15402446421212684,normal
2012-08-24,0.09402682974144014,0.15391692051928718,normal
2012-08-27,0.09276514676023019,0.15380937682644752,normal
2012-08-28,0.09152073550659566,0.15349431651551504,normal
2012-08-29,0.09153644836248288,0.15317925620458256,normal
2012-08-30,0.08886605507812027,0.15286419589365008,normal
2012-08-31,0.08952560876193949,0.1525491355827176,normal
2012-09-04,0.08967000833837742,0.1525460200215646,normal
2012-09-05,0.08686314141216425,0.15254290446041158,normal
2012-09-06,0.08880536974792988,0.15253978889925857,normal
2012-09-07,0.08945572365505379,0.15253667333810556,normal
2012-09-10,0.08857211607407098,0.15245439209002076,normal
2012-09-11,0.08795667283007959,0.15237211084193594,normal
2012-09-12,0.08773972356101566,0.15228982959385112,normal
2012-09-13,0.08992680019049713,0.15220754834576633,normal
2012-09-14,0.08830232210564358,0.15199235711381312,normal
2012-09-17,0.08847979826152039,0.1517771658818599,normal
2012-09-18,0.08777739158024374,0.1515619746499067,normal
2012-09-19,0.08776905138309087,0.1513467834179535,normal
2012-09-20,0.08184710907793401,0.1513293465070556,normal
2012-09-21,0.08176981226934785,0.15131190959615767,normal
2012-09-24,0.07933539651614503,0.15129447268525975,normal
2012-09-25,0.08024905911216582,0.15127703577436186,normal
2012-09-26,0.07986469994099733,0.15124703567320283,normal
2012-09-27,0.08046235697521265,0.1512170355720438,normal
2012-09-28,0.0743222513368181,0.15118703547088477,normal
2012-10-01,0.07420297677754478,0.15115703536972575,normal
2012-10-02,0.0736336579059384,0.15098234877809466,normal
2012-10-03,0.07308910994546236,0.15080766218646358,normal
2012-10-04,0.07238786186189672,0.15063297559483246,normal
2012-10-05,0.07252739286471425,0.15045828900320138,normal
2012-10-08,0.0717177668482563,0.15045735790262843,normal
2012-10-09,0.07335621833259057,0.1504564268020555,normal
2012-10-10,0.07313847509230588,0.1504554957014826,normal
2012-10-11,0.07124774178317651,0.15045456460090964,normal
2012-10-12,0.07137185385899458,0.15044184431868826,normal
2012-10-15,0.07181866761449011,0.15042912403646685,normal
2012-10-16,0.07198753034881314,0.15041640375424548,normal
2012-10-17,0.07192063182271674,0.1504036834720241,normal
2012-10-18,0.07066876520838841,0.15023229545301728,normal
2012-10-19,0.06994177472992977,0.15006090743401046,normal
2012-10-22,0.06922882621738019,0.14988951941500367,normal
2012-10-23,0.07134887705877872,0.14971813139599685,normal
2012-10-24,0.06838802858428093,0.1495537530799895,normal
2012-10-25,0.06603082828661164,0.14938937476398217,normal
2012-10-26,0.06605869969714288,0.14922499644797482,normal
2012-10-31,0.06581134337362973,0.14906061813196747,normal
2012-11-01,0.06641333587785665,0.14904558418811117,normal
2012-11-02,0.06673933796292522,0.14903055024425488,normal
2012-11-05,0.06178685034190618,0.14901551630039858,normal
2012-11-06,0.06175824401933957,0.14900048235654229,normal
2012-11-07,0.06458954717694478,0.14893890013328565,normal
2012-11-08,0.06554079346448978,0.148877317910029,normal
2012-11-09,0.06553019028065968,0.14881573568677234,normal
2012-11-12,0.06538975413814616,0.1487541534635157,normal
2012-11-13,0.0654018015849322,0.14870528046700804,normal
2012-11-14,0.06706036072292879,0.14865640747050038,normal
2012-11-15,0.06692395668214648,0.14860753447399272,normal
2012-11-16,0.06650241612876402,0.14855866147748506,normal
2012-11-19,0.07048881310611765,0.14835912798074258,normal
2012-11-20,0.07057403103381862,0.14815959448400007,normal
2012-11-21,0.070579863735368,0.14796006098725756,normal
2012-11-23,0.07274408989478909,0.14776052749051508,normal
2012-11-26,0.07223121254519099,0.14773299391859865,normal
2012-11-27,0.07237401907951438,0.14770546034668222,normal
2012-11-28,0.07290430872623826,0.1476779267747658,normal
2012-11-29,0.07333953976146236,0.14765039320284937,normal
2012-11-30,0.07327555716626867,0.14759487747486105,normal
2012-12-03,0.07237700541843274,0.14753936174687277,normal
2012-12-04,0.07119130275480132,0.14748384601888448,normal
2012-12-05,0.07114083771434174,0.14742833029089616,normal
2012-12-06,0.07114218058043882,0.14731593508136745,normal
2012-12-07,0.06843033198321996,0.14720353987183873,normal
2012-12-10,0.06732636775845431,0.14709114466231002,normal
2012-12-11,0.06685607154951544,0.1469787494527813,normal
2012-12-12,0.06665000873432743,0.14696321702953002,normal
2012-12-13,0.0671031562038112,0.14694768460627872,normal
2012-12-14,0.0630317876138573,0.1469321521830274,normal
2012-12-17,0.06326754825744262,0.14691661975977613,normal
2012-12-18,0.06381983044026138,0.14687209566955556,normal
2012-12-19,0.06384111644614894,0.14682757157933496,normal
2012-12-20,0.06420840057304596,0.14678304748911436,normal
2012-12-21,0.06459156208756478,0.1467385233988938,normal
2012-12-24,0.06473232089659539,0.14673421596509573,normal
2012-12-26,0.06474239198289816,0.14672990853129766,normal
2012-12-27,0.0639530803757261,0.1467256010974996,normal
2012-12-28,0.0642558586681294,0.14672129366370154,normal
2012-12-31,0.06478731542698994,0.14669591341483007,normal
2013-01-02,0.06817453803092222,0.1466705331659586,normal
2013-01-03,0.06879485405375779,0.14664515291708713,normal
2013-01-04,0.06897046739591814,0.14661977266821566,normal
2013-01-07,0.06914182539629504,0.1466049069100757,normal
2013-01-08,0.06889529083315328,0.14659004115193572,normal
2013-01-09,0.06890016043877341,0.14657517539379575,normal
2013-01-10,0.06932423456642268,0.14656030963565578,normal
2013-01-11,0.06773720443872769,0.1465532559622937,normal
2013-01-14,0.06756404039938776,0.14654620228893164,normal
2013-01-15,0.0673433158070765,0.14653914861556958,normal
2013-01-16,0.06725507045551427,0.1465320949422075,normal
2013-01-17,0.06669766809452232,0.1464995924111917,normal
2013-01-18,0.06607628892858666,0.14646708988017587,normal
2013-01-22,0.06609377687535413,0.14643458734916007,normal
2013-01-23,0.06576407217720501,0.14640208481814426,normal
2013-01-24,0.0635221586654513,0.14634601433705322,normal
2013-01-25,0.06352260753347046,0.14628994385596217,normal
2013-01-28,0.06147155012760281,0.1462338733748711,normal
2013-01-29,0.0613030409754959,0.14617780289378005,normal
2013-01-30,0.06164632289989763,0.14611635296908604,normal
2013-01-31,0.06166415604499037,0.14605490304439206,normal
2013-02-01,0.061925163372619066,0.14599345311969805,normal
2013-02-04,0.062449920439577755,0.14593200319500405,normal
2013-02-05,0.06134402634003153,0.14573567091688266,normal
2013-02-06,0.06132818770230616,0.14553933863876128,normal
2013-02-07,0.0615123657196386,0.1453430063606399,normal
2013-02-08,0.05871743762378159,0.14514667408251852,normal
2013-02-11,0.057435222146269116,0.14503581885914107,normal
2013-02-12,0.057429399530823454,0.14492496363576363,normal
2013-02-13,0.05746227288122457,0.14481410841238618,normal
2013-02-14,0.05706387476113927,0.14470325318900873,normal
2013-02-15,0.05461164355693182,0.14469406478530283,normal
2013-02-19,0.05486757146676374,0.14468487638159694,normal
2013-02-20,0.05675050692829254,0.14467568797789104,normal
2013-02-21,0.053632360843125615,0.14466649957418515,normal
2013-02-22,0.05465853969705756,0.1446202117407209,normal
2013-02-25,0.05764477037779418,0.14457392390725665,normal
2013-02-26,0.05514186374926769,0.14452763607379243,normal
2013-02-27,0.05657452540889001,0.14448134824032818,normal
2013-02-28,0.05628677903170154,0.14443655680360273,normal
2013-03-01,0.055815654732770434,0.1443917653668773,normal
2013-03-04,0.055325591673478634,0.14434697393015186,normal
2013-03-05,0.05611516385174982,0.1443021824934264,normal
2013-03-06,0.05599812632786692,0.14357296217985926,normal
2013-03-07,0.05601903242246448,0.1428437418662921,normal
2013-03-08,0.055938323426519186,0.14211452155272492,normal
2013-03-11,0.055850878683334514,0.14138530123915777,normal
2013-03-12,0.056003589081755074,0.1413044599501603,normal
2013-03-13,0.056053431209960036,0.14122361866116284,normal
2013-03-14,0.056322153579082386,0.14114277737216538,normal
2013-03-15,0.056209539353045575,0.14106193608316792,normal
2013-03-18,0.056126151922746795,0.1408864980053139,normal
2013-03-19,0.05621041315842272,0.14071105992745986,normal
2013-03-20,0.056139463303274136,0.14053562184960586,normal
2013-03-21,0.05636193125861996,0.14036018377175183,normal
2013-03-22,0.05685662258976246,0.1403315571484552,normal
2013-03-25,0.05691055934197316,0.14030293052515852,normal
2013-03-26,0.05706496278005186,0.14027430390186188,normal
2013-03-27,0.05680878865379394,0.14024567727856524,normal
2013-03-28,0.05676633179253635,0.14019589583543854,normal
2013-04-01,0.057556418591323266,0.14014611439231184,normal
2013-04-02,0.056958056701309684,0.14009633294918514,normal
2013-04-03,0.05603275465233436,0.14004655150605844,normal
2013-04-04,0.051550757471881814,0.1399373632821537,normal
2013-04-05,0.05018615053009073,0.13982817505824896,normal
2013-04-08,0.050077686066293196,0.1397189868343442,normal
2013-04-09,0.04997261076057294,0.13960979861043946,normal
2013-04-10,0.05083940479160105,0.13958980018124498,normal
2013-04-11,0.05091637071530701,0.13956980175205047,normal
2013-04-12,0.05027695614568417,0.139549803322856,normal
2013-04-15,0.05734969288490659,0.1395298048936615,normal
2013-04-16,0.059363053558123755,0.13951157656460086,normal
2013-04-17,0.06230770113911999,0.13949334823554022,normal
2013-04-18,0.062485411388980526,0.13947511990647954,normal
2013-04-19,0.06326593030540122,0.1394568915774189,normal
2013-04-22,0.06336762550610832,0.1394568531909001,normal
2013-04-23,0.06437430820613613,0.13945681480438127,normal
2013-04-24,0.06451023759713256,0.13945677641786247,normal
2013-04-25,0.0646482537929325,0.13945673803134367,normal
2013-04-26,0.06465229527359331,0.13944552262800924,normal
2013-04-29,0.06499429222351576,0.1394343072246748,normal
2013-04-30,0.06497570846064232,0.13942309182134036,normal
2013-05-01,0.06531269016649122,0.13941187641800593,normal
2013-05-02,0.06580388693288079,0.13938809563342727,normal
2013-05-03,0.06560584557163111,0.13936431484884865,normal
2013-05-06,0.06429208799655205,0.13934053406427,normal
2013-05-07,0.06423636527569598,0.13931675327969134,normal
2013-05-08,0.06461151658962429,0.13928686140513602,normal
2013-05-09,0.06487760836708903,0.13925696953058073,normal
2013-05-10,0.06464039159463571,0.13922707765602543,normal
2013-05-13,0.06479254655896678,0.1391971857814701,normal
2013-05-14,0.06493250617541121,0.13917419049566698,normal
2013-05-15,0.06520109780199261,0.13915119520986385,normal
2013-05-16,0.06527322545066967,0.1391281999240607,normal
2013-05-17,0.06523860430500207,0.13910520463825757,normal
2013-05-20,0.06489741837280956,0.13886606951354677,normal
2013-05-21,0.0633618093887534,0.13862693438883594,normal
2013-05-22,0.06539070245090566,0.13838779926412514,normal
2013-05-23,0.06482902069457118,0.13814866413941435,normal
2013-05-24,0.06253160991056284,0.1380169864275138,normal
2013-05-28,0.0624995723346921,0.13788530871561328,normal
2013-05-29,0.06184990648563135,0.1377536310037127,normal
2013-05-30,0.06189233612500919,0.13762195329181218,normal
2013-05-31,0.06605366900169475,0.1374673619708071,normal
2013-06-03,0.06653733443991404,0.13731277064980207,normal
2013-06-04,0.06638359591429958,0.13715817932879704,normal
2013-06-05,0.06868096878924071,0.13700358800779197,normal
2013-06-06,0.06960069322624683,0.13699737235066786,normal
2013-06-07,0.06975544487195695,0.13699115669354373,normal
2013-06-10,0.0698709100988402,0.13698494103641962,normal
2013-06-11,0.07108941879196518,0.1369787253792955,normal
2013-06-12,0.07209487308049732,0.13666718578374898,normal
2013-06-13,0.0767582556069311,0.13635564618820245,normal
2013-06-14,0.07756659575440403,0.13604410659265595,normal
2013-06-17,0.07779384043013483,0.13573256699710942,normal
2013-06-18,0.07814539737008024,0.13572965505659196,normal
2013-06-19,0.08452044374633835,0.13572674311607452,normal
2013-06-20,0.09540009025945531,0.13572383117555706,normal
2013-06-21,0.09493801561880806,0.1357209192350396,normal
2013-06-24,0.09674577768274643,0.13565975027498867,normal
2013-06-25,0.09725583461101185,0.13559858131493777,normal
2013-06-26,0.09852074871580678,0.13553741235488687,normal
2013-06-27,0.10021813506874663,0.13547624339483594,normal
2013-06-28,0.09991001728427851,0.13508464888773364,normal
2013-07-01,0.10031142419940278,0.13469305438063134,normal
2013-07-02,0.10013240681307732,0.134301459873529,normal
2013-07-03,0.09964798469191084,0.1339098653664267,normal
2013-07-05,0.09979166262029004,0.13381688811416373,normal
2013-07-08,0.10042427220052381,0.13372391086190075,normal
2013-07-09,0.10088800214666999,0.13363093360963776,normal
2013-07-10,0.10020743807271212,0.13353795635737478,normal
2013-07-11,0.10636136424492894,0.13353784048759063,normal
2013-07-12,0.10646965186044284,0.1335377246178065,normal
2013-07-15,0.10360922104729527,0.13353760874802234,normal
2013-07-16,0.10240453406793953,0.13353749287823818,normal
2013-07-17,0.1010063670577616,0.13352501483496723,normal
2013-07-18,0.10088369916807852,0.13351253679169628,normal
2013-07-19,0.10041346694326246,0.1335000587484253,normal
2013-07-22,0.10043147578271114,0.13348758070515435,normal
2013-07-23,0.09967441436205625,0.13339480965845568,normal
2013-07-24,0.10015881707746338,0.13330203861175705,normal
2013-07-25,0.10011102011508755,0.1332092675650584,normal
2013-07-26,0.10011557303299999,0.13311649651835974,normal
2013-07-29,0.10007911437660967,0.1330400375862842,normal
2013-07-30,0.09995364512866636,0.1329635786542086,normal
2013-07-31,0.09966022590764748,0.13288711972213302,normal
2013-08-01,0.09953911018877147,0.13281066079005746,normal
2013-08-02,0.0999005123809325,0.13278690470882526,normal
2013-08-05,0.10003395531534587,0.13276314862759303,normal
2013-08-06,0.10011820435191715,0.1327393925463608,normal
2013-08-07,0.09972034131759559,0.1327156364651286,normal
2013-08-08,0.1001106992360608,0.13271142463070207,normal
2013-08-09,0.10006690225887489,0.1327072127962755,normal
2013-08-12,0.10000706839760311,0.13270300096184898,normal
2013-08-13,0.09983817953555266,0.13269878912742245,normal
2013-08-14,0.09953142283756478,0.1326498380317609,normal
2013-08-15,0.10155458180163672,0.1326008869360993,normal
2013-08-16,0.10152711047666979,0.13255193584043773,normal
2013-08-19,0.1024424204936305,0.13250298474477618,normal
2013-08-20,0.10276246482678972,0.1324057370538049,normal
2013-08-21,0.10273056018394944,0.13230848936283363,normal
2013-08-22,0.10391238360939827,0.13221124167186238,normal
2013-08-23,0.10470520165846868,0.1321139939808911,normal
2013-08-26,0.10476145189211862,0.132107502789584,normal
2013-08-27,0.1057867574401087,0.13210101159827692,normal
2013-08-28,0.10565949667524371,0.1320945204069698,normal
2013-08-29,0.10351790610338434,0.1320880292156627,normal
2013-08-30,0.10327122332054352,0.1320420203605129,normal
2013-09-03,0.10315444640057812,0.1319960115053631,normal
2013-09-04,0.10222216802240994,0.13195000265021328,normal
2013-09-05,0.10160447924241474,0.13190399379506348,normal
2013-09-06,0.10184041675272201,0.13182320291407446,normal
2013-09-09,0.10348011232644524,0.13174241203308545,normal
2013-09-10,0.1028019405180132,0.13166162115209643,normal
2013-09-11,0.10224949693782749,0.1315808302711074,normal
2013-09-12,0.09883824354055645,0.1315677358903261,normal
2013-09-13,0.09835398864047978,0.13155464150954482,normal
2013-09-16,0.09831639094628773,0.13154154712876356,normal
2013-09-17,0.09815330195818989,0.13152845274798228,normal
2013-09-18,0.0986631673022348,0.1314927634012324,normal
2013-09-19,0.08718465429636489,0.13145707405448254,normal
2013-09-20,0.08797981100077784,0.13142138470773265,normal
2013-09-23,0.08507886786272556,0.13138569536098277,normal
2013-09-24,0.08423968894025029,0.1313092797563204,normal
2013-09-25,0.08322274187941013,0.13123286415165802,normal
2013-09-26,0.0816174129480634,0.13115644854699568,normal
2013-09-27,0.08189226630722786,0.1310800329423333,normal
2013-09-30,0.08199296178080641,0.1310679630184148,normal
2013-10-01,0.08223135230957092,0.13105589309449633,normal
2013-10-02,0.08209531471587164,0.13104382317057783,normal
2013-10-03,0.08241584466873451,0.13103175324665933,normal
2013-10-04,0.0819579024009166,0.1310247739220885,normal
2013-10-07,0.0821914721678712,0.13101779459751767,normal
2013-10-08,0.08328349643833134,0.1310108152729468,normal
2013-10-09,0.07551552209377735,0.13100383594837597,normal
2013-10-10,0.07924635170527518,0.13097911054129702,normal
2013-10-11,0.07901413237366463,0.1309543851342181,normal
2013-10-14,0.07896646107045358,0.13092965972713913,normal
2013-10-15,0.07924192709154862,0.13090493432006017,normal
2013-10-16,0.08131027670913513,0.1308322845847581,normal
2013-10-17,0.08247977178638059,0.13075963484945602,normal
2013-10-18,0.0826196539711435,0.13068698511415394,normal
2013-10-21,0.082652327736907,0.13061433537885186,normal
2013-10-22,0.08280791862763634,0.13060425206888152,normal
2013-10-23,0.0835493999133113,0.13059416875891117,normal
2013-10-24,0.0835318064414469,0.13058408544894082,normal
2013-10-25,0.08276547345783664,0.13057400213897047,normal
2013-10-28,0.0827405602816316,0.13051069716182623,normal
2013-10-29,0.08284930635119289,0.130447392184682,normal
2013-10-30,0.083235240318174,0.13038408720753772,normal
2013-10-31,0.08321772851970001,0.13032078223039348,normal
2013-11-01,0.08313492099279775,0.130196487018644,normal
2013-11-04,0.08292781207881098,0.1300721918068945,normal
2013-11-05,0.08406718623723451,0.129947896595145,normal
2013-11-06,0.083767733536571,0.12982360138339552,normal
2013-11-07,0.08533770325230391,0.12969322888775814,normal
2013-11-08,0.08532174719171606,0.12956285639212073,normal
2013-11-11,0.08528549909171916,0.12943248389648332,normal
2013-11-12,0.0852965683808985,0.12930211140084594,normal
2013-11-13,0.08283025417259124,0.1283757143295015,normal
2013-11-14,0.08299287220769547,0.1274493172581571,normal
2013-11-15,0.08152418354411263,0.1265229201868127,normal
2013-11-18,0.08128239811472453,0.12559652311546826,normal
2013-11-19,0.07927773383019149,0.12546976402448595,normal
2013-11-20,0.07938069759337188,0.12534300493350364,normal
2013-11-21,0.079014233393416,0.12521624584252136,normal
2013-11-22,0.07905593987454254,0.12508948675153905,normal
2013-11-25,0.07684683396422527,0.1249686964317973,normal
2013-11-26,0.07682298733702711,0.12484790611205554,normal
2013-11-27,0.07679334181033698,0.12472711579231378,normal
2013-11-29,0.0762779386606859,0.12460632547257203,normal
2013-12-02,0.07770673087342547,0.1245546759776235,normal
2013-12-03,0.07755969943947692,0.12450302648267497,normal
2013-12-04,0.07775160888475187,0.12445137698772643,normal
2013-12-05,0.07797510559785117,0.1243997274927779,normal
2013-12-06,0.07764369204577606,0.124369870654816,normal
2013-12-09,0.07746804293872399,0.12434001381685411,normal
2013-12-10,0.07724694029019215,0.12431015697889221,normal
2013-12-11,0.07940826531579921,0.1242803001409303,normal
2013-12-12,0.0796877037618356,0.12423439418019257,normal
2013-12-13,0.07927710814002821,0.12418848821945483,normal
2013-12-16,0.07944901325170899,0.12414258225871709,normal
2013-12-17,0.07137655568570843,0.12409667629797935,normal
2013-12-18,0.07312493127724519,0.124096339642091,normal
2013-12-19,0.07268654866587194,0.12409600298620266,normal
2013-12-20,0.07337440425742571,0.12409566633031432,normal
2013-12-23,0.07358667068737385,0.12409532967442598,normal
2013-12-24,0.07355810757273258,0.12407812090546655,normal
2013-12-26,0.0735450907809893,0.12406091213650713,normal
2013-12-27,0.07321816126299181,0.12404370336754772,normal
2013-12-30,0.07270963173726523,0.12402649459858829,normal
2013-12-31,0.07219311801391878,0.12395660358973623,normal
2014-01-02,0.07456254747626918,0.12388671258088416,normal
2014-01-03,0.0739080177115324,0.1238168215720321,normal
2014-01-06,0.07374147258944269,0.12374693056318004,normal
2014-01-07,0.07320368708589997,0.12364886479956436,normal
2014-01-08,0.0719588000147047,0.12355079903594868,normal
2014-01-09,0.07195560232333696,0.12345273327233298,normal
2014-01-10,0.06914610291419472,0.1233546675087173,normal
2014-01-13,0.0699468839285504,0.12325116021885432,normal
2014-01-14,0.07043433976888883,0.12314765292899134,normal
2014-01-15,0.06982497925704549,0.12304414563912836,normal
2014-01-16,0.06747696687101774,0.12294063834926537,normal
2014-01-17,0.06593116336430943,0.12283405348234261,normal
2014-01-21,0.06555951254666206,0.12272746861541985,normal
2014-01-22,0.0655338827240225,0.12262088374849708,normal
2014-01-23,0.06443220627779983,0.12251429888157432,normal
2014-01-24,0.0689550914525527,0.1223942302359493,normal
2014-01-27,0.06948514473564657,0.12227416159032428,normal
2014-01-28,0.07020946044045287,0.12215409294469926,normal
2014-01-29,0.07084047332751196,0.12203402429907423,normal
2014-01-30,0.07136913682875591,0.12179017232250625,normal
2014-01-31,0.07104485287013076,0.12154632034593828,normal
2014-02-03,0.07439231532432672,0.12130246836937031,normal
2014-02-04,0.07480278438398871,0.12105861639280233,normal
2014-02-05,0.07459971267567796,0.12099753889431611,normal
2014-02-06,0.07536911111944077,0.12093646139582989,normal
2014-02-07,0.07662965479264515,0.12087538389734367,normal
2014-02-10,0.07503289596491335,0.12081430639885746,normal
2014-02-11,0.07618860198134561,0.12081420531225515,normal
2014-02-12,0.07618619945962542,0.12081410422565284,normal
2014-02-13,0.0765695087850365,0.12081400313905052,normal
2014-02-14,0.07631836978980389,0.12081390205244821,normal
2014-02-18,0.07561305795290191,0.12075437307252009,normal
2014-02-19,0.07586928777742666,0.12069484409259196,normal
2014-02-20,0.07601360080282415,0.12063531511266382,normal
2014-02-21,0.07565613389616682,0.12057578613273569,normal
2014-02-24,0.07479272458852815,0.12057494977587868,normal
2014-02-25,0.07427773536773395,0.12057411341902166,normal
2014-02-26,0.07383186781345645,0.12057327706216465,normal
2014-02-27,0.07434402031500575,0.12057244070530765,normal
2014-02-28,0.07430467809589042,0.12056723197244637,normal
2014-03-03,0.07522567458879133,0.12056202323958509,normal
2014-03-04,0.07639451594491922,0.1205568145067238,normal
2014-03-05,0.07512651184366191,0.12055160577386252,normal
2014-03-06,0.07500546572410853,0.12053673492623743,normal
2014-03-07,0.07515800208442582,0.12052186407861233,normal
2014-03-10,0.07483580355797086,0.12050699323098724,normal
2014-03-11,0.07356908931840567,0.12049212238336214,normal
2014-03-12,0.07358224938028932,0.12046919351549426,normal
2014-03-13,0.07472777632891513,0.1204462646476264,normal
2014-03-14,0.07214330597202391,0.12042333577975851,normal
2014-03-17,0.07216720461194517,0.12040040691189063,normal
2014-03-18,0.07307982418741349,0.12039377362569204,normal
2014-03-19,0.07532508569823225,0.12038714033949342,normal
2014-03-20,0.07530792515126387,0.12038050705329481,normal
2014-03-21,0.07324508904600475,0.12037387376709621,normal
2014-03-24,0.07280157119133633,0.12036025367360773,normal
2014-03-25,0.07244281579311707,0.12034663358011924,normal
2014-03-26,0.0722518571146127,0.12033301348663074,normal
2014-03-27,0.07231337727022184,0.12031939339314225,normal
2014-03-28,0.07240205076028247,0.12031432214710668,normal
2014-03-31,0.07285943835336585,0.12030925090107109,normal
2014-04-01,0.07303944776685492,0.12030417965503551,normal
2014-04-02,0.07301526489159602,0.12029910840899993,normal
2014-04-03,0.07072139103666432,0.12026596205734755,normal
2014-04-04,0.07113224053998926,0.12023281570569516,normal
2014-04-07,0.07141901034539053,0.12019966935404276,normal
2014-04-08,0.0713475793750455,0.12016652300239038,normal
2014-04-09,0.07217825327155396,0.12014071484100995,normal
2014-04-10,0.07513934863529202,0.12011490667962954,normal
2014-04-11,0.07415040555595834,0.12008909851824912,normal
2014-04-14,0.07324250777204652,0.12006329035686869,normal
2014-04-15,0.07273580098781168,0.12005765740782537,normal
2014-04-16,0.07369703270580134,0.12005202445878206,normal
2014-04-17,0.07370533579468742,0.12004639150973875,normal
2014-04-21,0.07362109262971603,0.12004075856069543,normal
2014-04-22,0.07370547463419395,0.1200023263518097,normal
2014-04-23,0.073752543986387,0.11996389414292397,normal
2014-04-24,0.07333838633803606,0.11992546193403825,normal
2014-04-25,0.0689180094263494,0.11988702972515251,normal
2014-04-28,0.06814172526437545,0.1198868981677767,normal
2014-04-29,0.06774148532218846,0.1198867666104009,normal
2014-04-30,0.06696641334530727,0.11988663505302509,normal
2014-05-01,0.06643707301892487,0.11988650349564928,normal
2014-05-02,0.06605718514724868,0.11987623850514637,normal
2014-05-05,0.061269345479732465,0.11986597351464345,normal
2014-05-06,0.06126714789660632,0.11985570852414056,normal
2014-05-07,0.06098955305546106,0.11984544353363764,normal
2014-05-08,0.059184779653280443,0.11982901179725296,normal
2014-05-09,0.05739928635979446,0.11981258006086828,normal
2014-05-12,0.05819298807257386,0.1197961483244836,normal
2014-05-13,0.05692651188636029,0.11977971658809891,normal
2014-05-14,0.0568784834412009,0.11976319692583454,normal
2014-05-15,0.056816463542788846,0.11974667726357016,normal
2014-05-16,0.05655514045608475,0.11973015760130577,normal
2014-05-19,0.05645730777613233,0.1197136379390414,normal
2014-05-20,0.05600334758814058,0.11967935174132921,normal
2014-05-21,0.056222948079346524,0.11964506554361702,normal
2014-05-22,0.056251154075615054,0.11961077934590483,normal
2014-05-23,0.05618370591020675,0.11957649314819264,normal
2014-05-27,0.05651351726406862,0.11951321791138925,normal
2014-05-28,0.056577998848827665,0.11944994267458585,normal
2014-05-29,0.055925364585743945,0.11938666743778245,normal
2014-05-30,0.056028152016359446,0.11932339220097905,normal
2014-06-02,0.0547791386867453,0.11930657253840396,normal
2014-06-03,0.0535369891746679,0.11928975287582888,normal
2014-06-04,0.05354584412366031,0.1192729332132538,normal
2014-06-05,0.05452425289369557,0.11925611355067871,normal
2014-06-06,0.05427282674344129,0.11925464634362652,normal
2014-06-09,0.054036795693414144,0.11925317913657432,normal
2014-06-10,0.05332508424629264,0.11925171192952214,normal
2014-06-11,0.0535558326505904,0.11925024472246995,normal
2014-06-12,0.051892869905574165,0.11922147295121172,normal
2014-06-13,0.05182816395478961,0.1191927011799535,normal
2014-06-16,0.05124008647490691,0.11916392940869527,normal
2014-06-17,0.04999284009667996,0.11913515763743704,normal
2014-06-18,0.047717657914434795,0.11907828188354219,normal
2014-06-19,0.04781172240678451,0.11902140612964734,normal
2014-06-20,0.047810491817206736,0.1189645303757525,normal
2014-06-23,0.04794946403014612,0.11890765462185765,normal
2014-06-24,0.047724393336840906,0.11890016884404783,normal
2014-06-25,0.04770822611867655,0.11889268306623801,normal
2014-06-26,0.04766260582057238,0.1188851972884282,normal
2014-06-27,0.04757131760655124,0.11887771151061838,normal
2014-06-30,0.04690705823093893,0.11887742659029257,normal
2014-07-01,0.04680502455764711,0.11887714166996677,normal
2014-07-02,0.04690449874835427,0.11887685674964096,normal
2014-07-03,0.04685173564109829,0.11887657182931516,normal
2014-07-07,0.046481829057073425,0.11886346365602043,normal
2014-07-08,0.04629611642802244,0.11885035548272571,normal
2014-07-09,0.046156043415267266,0.11883724730943099,normal
2014-07-10,0.045429629755925405,0.11882413913613626,normal
2014-07-11,0.0402038631760798,0.11880791398861666,normal
2014-07-14,0.03956113528730631,0.11879168884109706,normal
2014-07-15,0.03973057361099555,0.11877546369357747,normal
2014-07-16,0.040005970130942904,0.11875923854605787,normal
2014-07-17,0.040255127175786824,0.118748633156941,normal
2014-07-18,0.04154974603006335,0.1187380277678241,normal
2014-07-21,0.04162667299528429,0.11872742237870723,normal
2014-07-22,0.04196085244439251,0.11871681698959036,normal
2014-07-23,0.0418460941084698,0.11869439058584628,normal
2014-07-24,0.04198916600655963,0.11867196418210221,normal
2014-07-25,0.040478147147449364,0.11864953777835813,normal
2014-07-28,0.04049344840812525,0.11862711137461406,normal
2014-07-29,0.04030718573572506,0.11858289505569206,normal
2014-07-30,0.04082020242019191,0.11853867873677006,normal
2014-07-31,0.047689292615837035,0.11849446241784806,normal
2014-08-01,0.047683592475057976,0.11845024609892606,normal
2014-08-04,0.04825632294244096,0.11844269204831927,normal
2014-08-05,0.04962795429018513,0.11843513799771246,normal
2014-08-06,0.04948794756258584,0.11842758394710567,normal
2014-08-07,0.04957663759105963,0.11842002989649889,normal
2014-08-08,0.05060679131466737,0.11841427309772913,normal
2014-08-11,0.049808772719359067,0.11840851629895938,normal
2014-08-12,0.049792508020479964,0.11840275950018964,normal
2014-08-13,0.050720432093801615,0.11839700270141988,normal
2014-08-14,0.050577380829824006,0.11839289479996612,normal
2014-08-15,0.050473113884482924,0.11838878689851237,normal
2014-08-18,0.05089456861086592,0.11838467899705861,normal
2014-08-19,0.050277845804538916,0.11838057109560485,normal
2014-08-20,0.04994766894723122,0.11835048958169395,normal
2014-08-21,0.0500250198735285,0.11832040806778303,normal
2014-08-22,0.04989229623013091,0.11829032655387212,normal
2014-08-25,0.05001321937262189,0.11826024503996121,normal
2014-08-26,0.0499298867142104,0.11813152439059721,normal
2014-08-27,0.04991004767273256,0.11800280374123319,normal
2014-08-28,0.04990597562801,0.11787408309186917,normal
2014-08-29,0.04977711363899364,0.11774536244250516,normal
2014-09-02,0.04982963963785736,0.11773877196254084,normal
2014-09-03,0.05000830766302181,0.11773218148257654,normal
2014-09-04,0.04964979108763806,0.11772559100261223,normal
2014-09-05,0.04929642444205465,0.11771900052264792,normal
2014-09-08,0.050031021621069614,0.11770957950299343,normal
2014-09-09,0.05113335961147734,0.11770015848333895,normal
2014-09-10,0.050962936742558265,0.11769073746368447,normal
2014-09-11,0.05098009110323722,0.11768131644402999,normal
2014-09-12,0.05226278478404942,0.11766022067892606,normal
2014-09-15,0.052322358435288846,0.11763912491382214,normal
2014-09-16,0.05289366312080307,0.11761802914871822,normal
2014-09-17,0.05116338566592419,0.1175969333836143,normal
2014-09-18,0.05158514151394692,0.11758792686262252,normal
2014-09-19,0.05154087512998897,0.11757892034163075,normal
2014-09-22,0.05232653090969114,0.117569913820639,normal
2014-09-23,0.0526017521934164,0.11756090729964723,normal
2014-09-24,0.05291724415117941,0.11752143105295934,normal
2014-09-25,0.05529433115988555,0.11748195480627145,normal
2014-09-26,0.055602041740735866,0.11744247855958356,normal
2014-09-29,0.055893057561590694,0.11740300231289567,normal
2014-09-30,0.05560336415897342,0.11739069076740638,normal
2014-10-01,0.05641957430869486,0.1173783792219171,normal
2014-10-02,0.056294657908694756,0.11736606767642781,normal
2014-10-03,0.05721736796518909,0.11735375613093851,normal
2014-10-06,0.05716956165268096,0.1173214995939694,normal
2014-10-07,0.058196652006050315,0.11728924305700028,normal
2014-10-08,0.06235990174205737,0.11725698652003115,normal
2014-10-09,0.06818722456702078,0.11722472998306203,normal
2014-10-10,0.06916475300791859,0.11715899879466632,normal
2014-10-13,0.06921492346511351,0.11709326760627062,normal
2014-10-14,0.06921568715696211,0.11702753641787492,normal
2014-10-15,0.06847814622824669,0.1169618052294792,normal
2014-10-16,0.06752906768714485,0.11694511904287062,normal
2014-10-17,0.0688040470200293,0.11692843285626206,normal
2014-10-20,0.06927214416196807,0.11691174666965348,normal
2014-10-21,0.07107163448817913,0.1168950604830449,normal
2014-10-22,0.07162042384635961,0.11689341519653214,normal
2014-10-23,0.07215773341717213,0.11689176991001937,normal
2014-10-24,0.07270193459921453,0.11689012462350659,normal
2014-10-27,0.07270384655201738,0.11688847933699383,normal
2014-10-28,0.07413258408837854,0.11688805669423694,normal
2014-10-29,0.07026273972582318,0.11688763405148006,normal
2014-10-30,0.0708545324893757,0.11688721140872319,normal
2014-10-31,0.07164231468614222,0.1168867887659663,normal
2014-11-03,0.07070807599596679,0.11685424728735526,normal
2014-11-04,0.07077959063841423,0.11682170580874421,normal
2014-11-05,0.07069173661699746,0.11678916433013317,normal
2014-11-06,0.07007311884189338,0.11675662285152213,normal
2014-11-07,0.0702104504504589,0.11674801196150485,normal
2014-11-10,0.07013145542595968,0.11673940107148756,normal
2014-11-11,0.0694575883651472,0.11673079018147028,normal
2014-11-12,0.06923254626279647,0.116722179291453,normal
2014-11-13,0.06919718981912988,0.1167215984033742,normal
2014-11-14,0.06890170202641041,0.11672101751529543,normal
2014-11-17,0.06896041211557428,0.11672043662721664,normal
2014-11-18,0.0695706387468464,0.11671985573913785,normal
2014-11-19,0.06969265902903851,0.11666458860933163,normal
2014-11-20,0.0697129624085152,0.11660932147952542,normal
2014-11-21,0.07083397075270911,0.11655405434971922,normal
2014-11-24,0.0709052394428366,0.116498787219913,normal
2014-11-25,0.07084475270540139,0.11648890931756133,normal
2014-11-26,0.07118064638274255,0.11647903141520966,normal
2014-11-28,0.07142622735934052,0.11646915351285798,normal
2014-12-01,0.07226672823631729,0.11645927561050631,normal
2014-12-02,0.07207572288569115,0.11641854203743739,normal
2014-12-03,0.07175136693065393,0.11637780846436846,normal
2014-12-04,0.07160086432216109,0.11633707489129952,normal
2014-12-05,0.07117834519343418,0.11629634131823059,normal
2014-12-08,0.07076957700955241,0.11629477923396585,normal
2014-12-09,0.07075521801674522,0.1162932171497011,normal
2014-12-10,0.07253425506781434,0.11629165506543636,normal
2014-12-11,0.0716584547352073,0.11629009298117161,normal
2014-12-12,0.07312217167151555,0.11617243656730784,normal
2014-12-15,0.073894763383479,0.11605478015344407,normal
2014-12-16,0.0737479729295316,0.1159371237395803,normal
2014-12-17,0.07581212479027317,0.11581946732571653,normal
2014-12-18,0.07847730253047197,0.11579429721121524,normal
2014-12-19,0.07820280047687796,0.11576912709671397,normal
2014-12-22,0.0783365487307849,0.11574395698221268,normal
2014-12-23,0.07867392823793114,0.11571878686771139,normal
2014-12-24,0.07691670620650684,0.11570864189352742,normal
2014-12-26,0.07691251794556195,0.11569849691934345,normal
2014-12-29,0.07661529251071815,0.11568835194515946,normal
2014-12-30,0.07671486844175003,0.11567820697097549,normal
2014-12-31,0.07637867649592547,0.11562463151265388,normal
2015-01-02,0.07628077621624983,0.1155710560543323,normal
2015-01-05,0.07786392812315253,0.11551748059601069,normal
2015-01-06,0.0780273269110643,0.11546390513768909,normal
2015-01-07,0.07843598462583608,0.1154575922245116,normal
2015-01-08,0.07664590210526986,0.11545127931133412,normal
2015-01-09,0.0711008042097317,0.11544496639815663,normal
2015-01-12,0.06974110197323702,0.11543865348497914,normal
2015-01-13,0.06947546859603335,0.11542718524217344,normal
2015-01-14,0.06941502777611891,0.11541571699936772,normal
2015-01-15,0.06923725379801232,0.115404248756562,normal
2015-01-16,0.06917164233663602,0.11539278051375629,normal
2015-01-20,0.0684090002059598,0.11538039751322539,normal
2015-01-21,0.06791864507072717,0.11536801451269449,normal
2015-01-22,0.06767699153881955,0.11535563151216359,normal
2015-01-23,0.06680437773393495,0.11534324851163269,normal
2015-01-26,0.06656755459941135,0.11532671260118929,normal
2015-01-27,0.06683558445403603,0.1153101766907459,normal
2015-01-28,0.06746822018692193,0.11529364078030252,normal
2015-01-29,0.06625037577750517,0.11527710486985912,normal
2015-01-30,0.0672257248969856,0.11526627145613161,normal
2015-02-02,0.06817169870733912,0.11525543804240408,normal
2015-02-03,0.06776180685007265,0.11524460462867656,normal
2015-02-04,0.06777705803939724,0.11523377121494904,normal
2015-02-05,0.06816922706081074,0.11519071405587468,normal
2015-02-06,0.07082323463954292,0.11514765689680032,normal
2015-02-09,0.07094100196306222,0.11510459973772597,normal
2015-02-10,0.07086660034679433,0.1150615425786516,normal
2015-02-11,0.07094644491729385,0.11504445857115474,normal
2015-02-12,0.07272651610530062,0.11502737456365789,normal
2015-02-13,0.07266702231071255,0.11501029055616102,normal
2015-02-17,0.0728287733681526,0.11499320654866416,normal
2015-02-18,0.07291043307336495,0.11498699972566871,normal
2015-02-19,0.07273660107767359,0.11498079290267327,normal
2015-02-20,0.07266688382648076,0.11497458607967784,normal
2015-02-23,0.07229001925049176,0.1149683792566824,normal
2015-02-24,0.07314961455449866,0.11496676002122412,normal
2015-02-25,0.07183175786476291,0.11496514078576583,normal
2015-02-26,0.07213017177943637,0.11496352155030756,normal
2015-02-27,0.07212512131071366,0.11496190231484929,normal
2015-03-02,0.07188916824150275,0.11495756381260272,normal
2015-03-03,0.07208309044119007,0.11495322531035616,normal
2015-03-04,0.07126276256772271,0.11494888680810961,normal
2015-03-05,0.07127078157747627,0.11494454830586304,normal
2015-03-06,0.07612891902387975,0.11493604409200867,normal
2015-03-09,0.07639344885126498,0.11492753987815428,normal
2015-03-10,0.07862013064615356,0.1149190356642999,normal
2015-03-11,0.07841387429578248,0.11491053145044552,normal
2015-03-12,0.07963488869195359,0.11490516443842681,normal
2015-03-13,0.07857726946237739,0.1148997974264081,normal
2015-03-16,0.08026089574795779,0.1148944304143894,normal
2015-03-17,0.0787289428054103,0.11488906340237069,normal
2015-03-18,0.082233225267586,0.11480810115923715,normal
2015-03-19,0.08359583104584382,0.1147271389161036,normal
2015-03-20,0.08360232863527461,0.11464617667297006,normal
2015-03-23,0.0814392987236075,0.11456521442983651,normal
2015-03-24,0.08123115671206825,0.11454157847766522,normal
2015-03-25,0.0833880367410959,0.11451794252549391,normal
2015-03-26,0.08370423654069681,0.11449430657332262,normal
2015-03-27,0.08391022016772345,0.11447067062115132,normal
2015-03-30,0.08457366266333796,0.1144253282098953,normal
2015-03-31,0.08512534541677473,0.11437998579863928,normal
2015-04-01,0.08511599869110868,0.11433464338738328,normal
2015-04-02,0.08480101715051451,0.11428930097612726,normal
2015-04-06,0.08530183563817641,0.11428758049562027,normal
2015-04-07,0.08320937551125764,0.11428586001511326,normal
2015-04-08,0.08313969572485154,0.11428413953460625,normal
2015-04-09,0.08184672618446819,0.11428241905409926,normal
2015-04-10,0.08068534092838445,0.1142543140157401,normal
2015-04-13,0.08076155732449944,0.11422620897738095,normal
2015-04-14,0.08071681880394377,0.11419810393902179,normal
2015-04-15,0.0808730045150164,0.11416999890066262,normal
2015-04-16,0.08075826469484192,0.11416289069529768,normal
2015-04-17,0.08212661653821357,0.11415578248993274,normal
2015-04-20,0.08185367328602912,0.1141486742845678,normal
2015-04-21,0.08178647552005308,0.11414156607920287,normal
2015-04-22,0.08164421070605285,0.11413172236127413,normal
2015-04-23,0.08080039939899089,0.11412187864334539,normal
2015-04-24,0.08093932624399,0.11411203492541663,normal
2015-04-27,0.0808995878771045,0.1141021912074879,normal
2015-04-28,0.08043426368131375,0.11410149360346211,normal
2015-04-29,0.08122162734628136,0.11410079599943633,normal
2015-04-30,0.08235251639179166,0.11410009839541055,normal
2015-05-01,0.08156192741768786,0.11409940079138477,normal
2015-05-04,0.08032134529290581,0.11405581610267848,normal
2015-05-05,0.08136206734506919,0.11401223141397218,normal
2015-05-06,0.0816989098700207,0.11396864672526588,normal
2015-05-07,0.08136221120016512,0.1139250620365596,normal
2015-05-08,0.08197225415437645,0.11384040217879572,normal
2015-05-11,0.08359231766432282,0.11375574232103183,normal
2015-05-12,0.08341454534849099,0.11367108246326796,normal
2015-05-13,0.08335277183660154,0.11358642260550408,normal
2015-05-14,0.08315178338576272,0.1135171227385523,normal
2015-05-15,0.08352693446961743,0.11344782287160052,normal
2015-05-18,0.08371952556048794,0.11337852300464875,normal
2015-05-19,0.08378621780720143,0.11330922313769697,normal
2015-05-20,0.08373975620993941,0.11326502692301732,normal
2015-05-21,0.08363622652887277,0.11322083070833766,normal
2015-05-22,0.08377095796850559,0.113176634493658,normal
2015-05-26,0.08361671059829877,0.11313243827897836,normal
2015-05-27,0.08424334963125378,0.11308546713720648,normal
2015-05-28,0.08411867453399051,0.11303849599543458,normal
2015-05-29,0.08458388201924372,0.1129915248536627,normal
2015-06-01,0.08466516088135657,0.11294455371189083,normal
2015-06-02,0.0843845219935163,0.11294114353967494,normal
2015-06-03,0.08423517348957309,0.11293773336745906,normal
2015-06-04,0.08458237001545649,0.11293432319524319,normal
2015-06-05,0.08096542585981037,0.1129309130230273,normal
2015-06-08,0.08083422137453175,0.1128289364920856,normal
2015-06-09,0.07894845130015207,0.1127269599611439,normal
2015-06-10,0.08012462015679161,0.1126249834302022,normal
2015-06-11,0.0794818075634003,0.11252300689926051,normal
2015-06-12,0.07926637569129155,0.11243905204928015,normal
2015-06-15,0.07769478180415654,0.11235509719929977,normal
2015-06-16,0.07798269290732515,0.1122711423493194,normal
2015-06-17,0.07206786232947675,0.11218718749933904,normal
2015-06-18,0.07170640379967731,0.11210163958698537,normal
2015-06-19,0.06914960177364657,0.1120160916746317,normal
2015-06-22,0.06928834158952563,0.11193054376227804,normal
2015-06-23,0.06929762958911513,0.11184499584992437,normal
2015-06-24,0.06686090962800632,0.11183799981257181,normal
2015-06-25,0.06595856712050273,0.11183100377521923,normal
2015-06-26,0.06589044180643462,0.11182400773786667,normal
2015-06-29,0.06739910557030758,0.11181701170051411,normal
2015-06-30,0.06690142768304073,0.11180682441568882,normal
2015-07-01,0.06658185061307596,0.11179663713086352,normal
2015-07-02,0.0664158555408083,0.11178644984603821,normal
2015-07-06,0.06581372018674704,0.11177626256121291,normal
2015-07-07,0.06601422867015831,0.11176906509843194,normal
2015-07-08,0.06881607462354698,0.11176186763565098,normal
2015-07-09,0.06892724986310075,0.11175467017287001,normal
2015-07-10,0.07108411770077147,0.11174747271008904,normal
2015-07-13,0.07155872712221123,0.11174254823451184,normal
2015-07-14,0.07168362711955473,0.11173762375893465,normal
2015-07-15,0.07129582617750378,0.11173269928335744,normal
2015-07-16,0.07232017385056642,0.11172777480778023,normal
2015-07-17,0.07118300758454482,0.11171936656189001,normal
2015-07-20,0.07104694454098595,0.11171095831599978,normal
2015-07-21,0.07100964573513953,0.11170255007010954,normal
2015-07-22,0.07109504065771596,0.11169414182421931,normal
2015-07-23,0.07069792630281327,0.11167409308294088,normal
2015-07-24,0.0714137957279793,0.11165404434166246,normal
2015-07-27,0.07174603646090193,0.11163399560038402,normal
2015-07-28,0.07293227363795997,0.11161394685910558,normal
2015-07-29,0.07210524444553819,0.11146879007961738,normal
2015-07-30,0.07078734250582722,0.11132363330012916,normal
2015-07-31,0.07096204665588025,0.11117847652064095,normal
2015-08-03,0.07102580694170696,0.11103331974115274,normal
2015-08-04,0.06938261866845853,0.11101655783073283,normal
2015-08-05,0.06886770122010347,0.11099979592031292,normal
2015-08-06,0.06886223787045365,0.11098303400989303,normal
2015-08-07,0.06510437470330269,0.11096627209947311,normal
2015-08-10,0.06422468239443554,0.11094131740563828,normal
2015-08-11,0.06487559046374504,0.11091636271180347,normal
2015-08-12,0.06507274179673041,0.11089140801796864,normal
2015-08-13,0.06302635707870709,0.1108664533241338,normal
2015-08-14,0.06236483449339414,0.11086453522777096,normal
2015-08-17,0.062287789584868615,0.1108626171314081,normal
2015-08-18,0.06272432977512483,0.11086069903504524,normal
2015-08-19,0.06286747646397962,0.11085878093868239,normal
2015-08-20,0.06592363485004817,0.11085439051113863,normal
2015-08-21,0.07157089485791748,0.11085000008359487,normal
2015-08-24,0.08405774327050439,0.11084560965605111,normal
2015-08-25,0.08324400260133451,0.11084121922850736,normal
2015-08-26,0.09030566392767919,0.11084042738074917,normal
2015-08-27,0.09497866353882581,0.11083963553299098,normal
2015-08-28,0.09493161534904841,0.11083884368523278,normal
2015-08-31,0.09521707497628915,0.1108380518374746,normal
2015-09-01,0.10064254050624603,0.11080998973377264,normal
2015-09-02,0.1024073617514519,0.11078192763007066,normal
2015-09-03,0.10221708479758733,0.1107538655263687,normal
2015-09-04,0.10378385992384345,0.11072580342266675,normal
2015-09-08,0.10758129172668653,0.11070704569591702,normal
2015-09-09,0.1067517849705733,0.1106882879691673,normal
2015-09-10,0.106371373389013,0.11066953024241757,normal
2015-09-11,0.10641876686694561,0.11065077251566785,normal
2015-09-14,0.10637454802693509,0.11064987782143529,normal
2015-09-15,0.10623831791738814,0.11064898312720273,normal
2015-09-16,0.10757004167719472,0.11064808843297017,normal
2015-09-17,0.10710112935547944,0.1106471937387376,normal
2015-09-18,0.10842063745260912,0.11064579177313896,normal
2015-09-21,0.1082502478611236,0.11064438980754032,normal
2015-09-22,0.10907732171330076,0.11064298784194168,normal
2015-09-23,0.10907302621881512,0.11064158587634304,normal
2015-09-24,0.10904345445863262,0.11063497245713493,normal
2015-09-25,0.1089322871175343,0.11062835903792681,normal
2015-09-28,0.10957774474049242,0.11062174561871868,normal
2015-09-29,0.10961421707067044,0.11061513219951057,normal
2015-09-30,0.1123716724388803,0.11060852580748563,high
2015-10-01,0.11242551337542034,0.11062835903792681,high
2015-10-02,0.11527000749059671,0.11064298784194168,high
2015-10-05,0.11690238193776684,0.1106471937387376,high
2015-10-06,0.11483932808228865,0.11064987782143529,high
2015-10-07,0.11593370303109038,0.1106882879691673,high
2015-10-08,0.11490140384566394,0.1107538655263687,high
2015-10-09,0.11460861439983132,0.1108380518374746,high
2015-10-12,0.11430921289766685,0.11084042738074917,high
2015-10-13,0.11490300355705076,0.11085000008359487,high
2015-10-14,0.11427579216127394,0.11086069903504524,high
2015-10-15,0.11617281676913178,0.1108664533241338,high
2015-10-16,0.11619088376218158,0.11094131740563828,high
2015-10-19,0.1162183192448274,0.11099979592031292,high
2015-10-20,0.11623153258585196,0.11117847652064095,high
2015-10-21,0.11627561005744835,0.11161394685910558,high
2015-10-22,0.11732438294211321,0.11167409308294088,high
2015-10-23,0.11729115859051627,0.11171095831599978,high
2015-10-26,0.1167474272785805,0.11173269928335744,high
2015-10-27,0.11673538740503507,0.11174747271008904,high
2015-10-28,0.11690040920549478,0.11176906509843194,high
2015-10-29,0.11714919873372377,0.11179663713086352,high
2015-10-30,0.11710530264381688,0.11182400773786667,high
2015-11-02,0.1177764278440569,0.11184499584992437,high
2015-11-03,0.11781657338321058,0.11210163958698537,high
2015-11-04,0.11778596773408713,0.11227942996910967,high
2015-11-05,0.11778141545974924,0.11238513267301531,high
2015-11-06,0.11758727511768281,0.11242551337542034,high
2015-11-09,0.11835202406346933,0.11249863351830047,high
2015-11-10,0.1182633305694593,0.1127269599611439,high
2015-11-11,0.11821415930365264,0.11293432319524319,high
2015-11-12,0.11911974741205947,0.11294455371189083,high
2015-11-13,0.11937137969264074,0.11308546713720648,high
2015-11-16,0.12051868325389413,0.11322083070833766,high
2015-11-17,0.12039364794919073,0.11337852300464875,high
2015-11-18,0.11930791114970551,0.11358642260550408,high
2015-11-19,0.11549204155794869,0.11384040217879572,high
2015-11-20,0.10490825121802985,0.11401223141397218,normal
2015-11-23,0.1045364263916404,0.11396864672526588,normal
2015-11-24,0.09981356566536304,0.1139250620365596,normal
2015-11-25,0.09600966838804215,0.11384040217879572,normal
2015-11-27,0.09606181958725836,0.11375574232103183,normal
2015-11-30,0.09557474362316062,0.11367108246326796,normal
2015-12-01,0.08998644084899182,0.11358642260550408,normal
2015-12-02,0.08992855211681426,0.1135171227385523,normal
2015-12-03,0.09318858821594182,0.11344782287160052,normal
2015-12-04,0.09291624253523398,0.11337852300464875,normal
2015-12-07,0.08954930870312636,0.11330922313769697,normal
2015-12-08,0.0897047031104398,0.11326502692301732,normal
2015-12-09,0.09003064159051379,0.11322083070833766,normal
2015-12-10,0.08988336039842407,0.113176634493658,normal
2015-12-11,0.0919497424374517,0.11313243827897836,normal
2015-12-14,0.09182128739349164,0.11308546713720648,normal
2015-12-15,0.09108616755444778,0.11303849599543458,normal
2015-12-16,0.09282367229538134,0.1129915248536627,normal
2015-12-17,0.0919876141844365,0.11294455371189083,normal
2015-12-18,0.09302718101364163,0.11294114353967494,normal
2015-12-21,0.09206832377629931,0.11293773336745906,normal
2015-12-22,0.09207174904422077,0.11293432319524319,normal
2015-12-23,0.09308463845766786,0.1129309130230273,normal
2015-12-24,0.0930283920139031,0.1128289364920856,normal
2015-12-28,0.0899029362581591,0.1127269599611439,normal
2015-12-29,0.08998013720952479,0.1126249834302022,normal
2015-12-30,0.08793691512253221,0.11252300689926051,normal
2015-12-31,0.08860743536135475,0.11249863351830047,normal
2016-01-04,0.08721023618157728,0.11247426013734042,normal
2016-01-05,0.08502466862397265,0.11244988675638037,normal
2016-01-06,0.08592452672625922,0.11242551337542034,normal
2016-01-07,0.08851815706218517,0.11241205314128533,normal
2016-01-08,0.08865478812081087,0.11239859290715032,normal
2016-01-11,0.08856566436685598,0.11238513267301531,normal
2016-01-12,0.0893912409790051,0.1123716724388803,normal
2016-01-13,0.09080155346299074,0.11232555120399498,normal
2016-01-14,0.09196700141770986,0.11227942996910967,normal
2016-01-15,0.09343832541510282,0.11223330873422435,normal
2016-01-19,0.09344901519693251,0.11218718749933904,normal
2016-01-20,0.09419218112104885,0.11210163958698537,normal
2016-01-21,0.09431378654524851,0.1120160916746317,normal
2016-01-22,0.09889591029697084,0.11193054376227804,normal
2016-01-25,0.09745299185098273,0.11184499584992437,normal
2016-01-26,0.09921392460885936,0.11183799981257181,normal
2016-01-27,0.0995817665407599,0.11183100377521923,normal
2016-01-28,0.100007157050125,0.11182400773786667,normal
2016-01-29,0.10576615485156184,0.11181701170051411,normal
2016-02-01,0.10534753367104221,0.11180682441568882,normal
2016-02-02,0.10717846346552208,0.11179663713086352,normal
2016-02-03,0.10674674594794238,0.11178644984603821,normal
2016-02-04,0.10684331728081659,0.11177626256121291,normal
2016-02-05,0.10838040427782115,0.11176906509843194,normal
2016-02-08,0.10874143655237001,0.11176186763565098,normal
2016-02-09,0.10860136792624434,0.11175467017287001,normal
2016-02-10,0.10767608285644675,0.11174747271008904,normal
2016-02-11,0.10810912077084787,0.11174254823451184,normal
2016-02-12,0.10952177521492346,0.11173762375893465,normal
2016-02-16,0.11048070562376484,0.11173269928335744,normal
2016-02-17,0.11187252044117042,0.11172777480778023,high
2016-02-18,0.11023364224429363,0.11174254823451184,normal
2016-02-19,0.1102303877950027,0.11173762375893465,normal
2016-02-22,0.11055538711286354,0.11173269928335744,normal
2016-02-23,0.11135734873361156,0.11172777480778023,normal
2016-02-24,0.11131856244151578,0.11171936656189001,normal
2016-02-25,0.11259045362694682,0.11171095831599978,high
2016-02-26,0.11263619033924778,0.11173269928335744,high
2016-02-29,0.11265032952640465,0.11174747271008904,high
2016-03-01,0.11560209338029084,0.11176906509843194,high
2016-03-02,0.11600793553078899,0.11179663713086352,high
2016-03-03,0.11525327557222964,0.11182400773786667,high
2016-03-04,0.1146462318788186,0.11184499584992437,high
2016-03-07,0.11221898111001867,0.11186563929335891,high
2016-03-08,0.11075233780664297,0.11202985397025472,normal
2016-03-09,0.11059379494281678,0.11195118720571258,normal
2016-03-10,0.1100417240531717,0.11187252044117042,normal
2016-03-11,0.11216404427211524,0.11186563929335891,high
2016-03-14,0.11217291251867138,0.11201828235664282,high
2016-03-15,0.1107363370893025,0.11216626133375428,normal
2016-03-16,0.11166309390371548,0.11216404427211524,normal
2016-03-17,0.11205202226769226,0.11209116331437903,normal
2016-03-18,0.1106629924460605,0.11210803326990375,normal
2016-03-21,0.10977572466347216,0.112080027768798,normal
2016-03-22,0.108834747791448,0.11205202226769226,normal
2016-03-23,0.10891368285655877,0.1120071468110618,normal
2016-03-24,0.10872250416042284,0.11196227135443135,normal
2016-03-28,0.10777772712342239,0.11191739589780088,normal
2016-03-29,0.10949083252040748,0.11187252044117042,normal
2016-03-30,0.10949684448691953,0.11186563929335891,normal
2016-03-31,0.10941564468147848,0.1118587581455474,normal
2016-04-01,0.10887986986503666,0.11185187699773588,normal
2016-04-04,0.10845480214110383,0.11184499584992437,normal
2016-04-05,0.10761725354215557,0.11183799981257181,normal
2016-04-06,0.10828083433249523,0.11183100377521923,normal
2016-04-07,0.10827749080499321,0.11182400773786667,normal
2016-04-08,0.10450442787527199,0.11181701170051411,normal
2016-04-11,0.10358654355603816,0.11180682441568882,normal
2016-04-12,0.10385898607543197,0.11179663713086352,normal
2016-04-13,0.10473882866129149,0.11178644984603821,normal
2016-04-14,0.10222583114523563,0.11177626256121291,normal
2016-04-15,0.10162297781891169,0.11176906509843194,normal
2016-04-18,0.096633096412221,0.11176186763565098,normal
2016-04-19,0.09688232695368817,0.11175467017287001,normal
2016-04-20,0.09559244487222801,0.11174747271008904,normal
2016-04-21,0.09636484590112852,0.11174254823451184,normal
2016-04-22,0.09308673941760184,0.11173762375893465,normal
2016-04-25,0.09152567631839009,0.11173269928335744,normal
2016-04-26,0.09005314670722245,0.11172777480778023,normal
2016-04-27,0.08921159457278485,0.11171936656189001,normal
2016-04-28,0.09008742090682444,0.11171095831599978,normal
2016-04-29,0.08485418212746226,0.11170255007010954,normal
2016-05-02,0.08462801378923342,0.11169414182421931,normal
2016-05-03,0.08279324795609783,0.11168637984409335,normal
2016-05-04,0.08332194117738738,0.1116786178639674,normal
2016-05-05,0.08327029493293514,0.11167085588384144,normal
2016-05-06,0.08016887319322552,0.11166309390371548,normal
2016-05-09,0.07915572817564089,0.11165080714256301,normal
2016-05-10,0.07981915466931937,0.11163852038141053,normal
2016-05-11,0.08058872580811871,0.11162623362025806,normal
2016-05-12,0.07935649401506327,0.11161394685910558,normal
2016-05-13,0.07916442415146757,0.11154979732773207,normal
2016-05-16,0.07776801593142572,0.11148564779635857,normal
2016-05-17,0.07700781847836555,0.11142149826498507,normal
2016-05-18,0.0776472016413539,0.11135734873361156,normal
2016-05-19,0.07789757887861436,0.11134765216058762,normal
2016-05-20,0.0765837324223233,0.11133795558756367,normal
2016-05-23,0.07466538791491582,0.11132825901453972,normal
2016-05-24,0.07578215914395295,0.11131856244151578,normal
2016-05-25,0.07496260095779209,0.11124725176642503,normal
2016-05-26,0.0745566081699689,0.11117594109133426,normal
2016-05-27,0.0743285791923993,0.1111046304162435,normal
2016-05-31,0.07068351121242161,0.11103331974115274,normal
2016-06-01,0.07028763060333416,0.11101655783073283,normal
2016-06-02,0.0698370818828295,0.11099979592031292,normal
2016-06-03,0.07017317027076574,0.11098303400989303,normal
2016-06-06,0.07027861465461366,0.11096627209947311,normal
2016-06-07,0.0693145615815666,0.11094131740563828,normal
2016-06-08,0.06947542004265743,0.11091636271180347,normal
2016-06-09,0.06983985138136437,0.11089140801796864,normal
2016-06-10,0.06933899390357715,0.1108664533241338,normal
2016-06-13,0.07050990458306777,0.11086453522777096,normal
2016-06-14,0.0703834894749382,0.1108626171314081,normal
2016-06-15,0.06915734707635675,0.11086069903504524,normal
2016-06-16,0.06785964936280259,0.11085878093868239,normal
2016-06-17,0.067739211234243,0.11085439051113863,normal
2016-06-20,0.06874032797666314,0.11085000008359487,normal
2016-06-21,0.06871035223118349,0.11084560965605111,normal
2016-06-22,0.06806810370217663,0.11084121922850736,normal
2016-06-23,0.0703848311407911,0.11084042738074917,normal
2016-06-24,0.08955193562785194,0.11083963553299098,normal
2016-06-27,0.08859629297545178,0.11083884368523278,normal
2016-06-28,0.09255165394625166,0.1108380518374746,normal
2016-06-29,0.09460453293111921,0.11081662332976669,normal
2016-06-30,0.0962993070515457,0.11079519482205878,normal
2016-07-01,0.09633109883615763,0.11077376631435087,normal
2016-07-05,0.09607590203669776,0.11075233780664297,normal
2016-07-06,0.09536666179315677,0.11074833762730785,normal
2016-07-07,0.09442764784140334,0.11074433744797274,normal
2016-07-08,0.09668568692168274,0.11074033726863762,normal
2016-07-11,0.09678508924076745,0.1107363370893025,normal
2016-07-12,0.09649607165208754,0.11073370367264357,normal
2016-07-13,0.09496495150551378,0.11073107025598462,normal
2016-07-14,0.09501032039814974,0.11072843683932568,normal
2016-07-15,0.09527918867712158,0.11072580342266675,normal
2016-07-18,0.09507283408390796,0.11071010067851518,normal
2016-07-19,0.09474086800631336,0.11069439793436361,normal
2016-07-20,0.09473807525078111,0.11067869519021206,normal
2016-07-21,0.09430243698887233,0.1106629924460605,normal
2016-07-22,0.09438469635729177,0.11065993746346234,normal
2016-07-25,0.09429026078188951,0.11065688248086417,normal
2016-07-26,0.09429101418874661,0.11065382749826601,normal
2016-07-27,0.09413867917273075,0.11065077251566785,normal
2016-07-28,0.09336363551995856,0.11064987782143529,normal
2016-07-29,0.09341086115241025,0.11064898312720273,normal
2016-08-01,0.09370132798185322,0.11064808843297017,normal
2016-08-02,0.09347426040666985,0.1106471937387376,normal
2016-08-03,0.09277155912147977,0.11064579177313896,normal
2016-08-04,0.09290567670320624,0.11064438980754032,normal
2016-08-05,0.09297826932215236,0.11064298784194168,normal
2016-08-08,0.09292200184082784,0.11064158587634304,normal
2016-08-09,0.09190387235019896,0.11063497245713493,normal
2016-08-10,0.09134076504518915,0.11062835903792681,normal
2016-08-11,0.09123720114272817,0.11062174561871868,normal
2016-08-12,0.09052591477326224,0.11061513219951057,normal
2016-08-15,0.09020366693361731,0.11060979788533712,normal
2016-08-16,0.08972241196705028,0.11060446357116367,normal
2016-08-17,0.0891003487297862,0.11059912925699023,normal
2016-08-18,0.0889160542252615,0.11059379494281678,normal
2016-08-19,0.08902231717767005,0.11059252286496529,normal
2016-08-22,0.08895077055677383,0.1105912507871138,normal
2016-08-23,0.08805477012358141,0.11058997870926232,normal
2016-08-24,0.08789591780085795,0.11058870663141084,normal
2016-08-25,0.08794142358232578,0.11058037675177401,normal
2016-08-26,0.08845074779989667,0.11057204687213719,normal
2016-08-29,0.0888958007368343,0.11056371699250037,normal
2016-08-30,0.08899160632506066,0.11055538711286354,normal
2016-08-31,0.08910788194979617,0.11053930056482317,normal
2016-09-01,0.08871382797740707,0.11052321401678279,normal
2016-09-02,0.08887859611599287,0.11050712746874242,normal
2016-09-06,0.08936390146935275,0.11049104092070204,normal
2016-09-07,0.08920610472679619,0.11048845709646773,normal
2016-09-08,0.08943239575925159,0.11048587327223344,normal
2016-09-09,0.0948957298534446,0.11048328944799915,normal
2016-09-12,0.09489671508083501,0.11048070562376484,normal
2016-09-13,0.09819442588279088,0.11047825614221701,normal
2016-09-14,0.09806415730296207,0.11047580666066918,normal
2016-09-15,0.09879036129276463,0.11047335717912135,normal
2016-09-16,0.09900664671330757,0.11047090769757352,normal
2016-09-19,0.09835513143013651,0.11046511794766287,normal
2016-09-20,0.09833225197887109,0.11045932819775223,normal
2016-09-21,0.10058593922748811,0.11045353844784157,normal
2016-09-22,0.09960519208930131,0.11044774869793092,normal
2016-09-23,0.08302054828124489,0.1103942220845216,normal
2016-09-26,0.08219056720863457,0.11034069547111228,normal
2016-09-27,0.0786349449498662,0.11028716885770296,normal
2016-09-28,0.07667544655222171,0.11023364224429363,normal
2016-09-29,0.07619163882343032,0.1102328286319709,normal
2016-09-30,0.07609921720682376,0.11023201501964816,normal
2016-10-03,0.07519170745360201,0.11023120140732544,normal
2016-10-04,0.07597441530285795,0.1102303877950027,normal
2016-10-05,0.07605459213641959,0.110190974735588,normal
2016-10-06,0.07268857444362864,0.1101515616761733,normal
2016-10-07,0.07263726215233454,0.11011214861675861,normal
2016-10-10,0.07254492049695713,0.11007273555734391,normal
2016-10-11,0.07523780034248266,0.11007216357587951,normal
2016-10-12,0.07505933384258165,0.11007159159441512,normal
2016-10-13,0.0749126423794146,0.11007101961295072,normal
2016-10-14,0.07486341509794404,0.11007044763148632,normal
2016-10-17,0.07478785821204029,0.11006326673690767,normal
2016-10-18,0.07566813186623025,0.11005608584232901,normal
2016-10-19,0.07573600487752476,0.11004890494775035,normal
2016-10-20,0.07558786665625088,0.1100417240531717,normal
2016-10-21,0.07542719871655257,0.11001240682655267,normal
2016-10-24,0.07536653076915782,0.10998308959993364,normal
2016-10-25,0.07521763049486443,0.10995377237331462,normal
2016-10-26,0.07569156331668807,0.10992445514669559,normal
2016-10-27,0.07555241389871893,0.10989120370965837,normal
2016-10-28,0.07532830043110773,0.10985795227262113,normal
2016-10-31,0.07448168027227396,0.1098247008355839,normal
2016-11-01,0.07492157187584544,0.10979144939854668,normal
2016-11-02,0.07490139364079802,0.10978751821477806,normal
2016-11-03,0.07483824073908676,0.10978358703100942,normal
2016-11-04,0.07480240060394928,0.10977965584724078,normal
2016-11-07,0.07828740407622765,0.10977572466347216,normal
2016-11-08,0.07833200326722581,0.10976351890950763,normal
2016-11-09,0.07893903557099045,0.1097513131555431,normal
2016-11-10,0.07916636554067745,0.10973910740157858,normal
2016-11-11,0.07930206813006972,0.10972690164761405,normal
2016-11-14,0.07921125574371574,0.1097040572620413,normal
2016-11-15,0.08018445524900752,0.10968121287646856,normal
2016-11-16,0.0798374896688736,0.10965836849089582,normal
2016-11-17,0.07964041632139196,0.10963552410532307,normal
2016-11-18,0.07999395553214063,0.10963019734665991,normal
2016-11-21,0.08073870889791687,0.10962487058799675,normal
2016-11-22,0.0810298014622372,0.1096195438293336,normal
2016-11-23,0.08111516531208439,0.10961421707067044,normal
2016-11-25,0.08094603280002716,0.10960509898812594,normal
2016-11-28,0.08014517796074311,0.10959598090558142,normal
2016-11-29,0.08029763437642685,0.10958686282303692,normal
2016-11-30,0.08041777480860705,0.10957774474049242,normal
2016-12-01,0.08083298991869316,0.10956375235910018,normal
2016-12-02,0.0805551043520588,0.10954975997770794,normal
2016-12-05,0.08030953488585692,0.1095357675963157,normal
2016-12-06,0.08062633586616134,0.10952177521492346,normal
2016-12-07,0.08296610825078396,0.10951554253292248,normal
2016-12-08,0.07466750528738636,0.1095093098509215,normal
2016-12-09,0.07327633082996572,0.1095030771689205,normal
2016-12-12,0.06881765134816384,0.10949684448691953,normal
2016-12-13,0.06962289417928856,0.10949534149529151,normal
2016-12-14,0.0722195876102862,0.10949383850366351,normal
2016-12-15,0.07201269184487687,0.1094923355120355,normal
2016-12-16,0.07197752026001454,0.10949083252040748,normal
2016-12-19,0.07206348351663701,0.10947203556067522,normal
2016-12-20,0.06854537358555847,0.10945323860094297,normal
2016-12-21,0.06719292338069516,0.10943444164121073,normal
2016-12-22,0.06678060775196747,0.10941564468147848,normal
2016-12-23,0.06634800412442152,0.10935551841120723,normal
2016-12-27,0.06542950121000989,0.10929539214093599,normal
2016-12-28,0.0649467537306936,0.10923526587066475,normal
2016-12-29,0.06394452985777935,0.1091751396003935,normal
2016-12-30,0.06358051307457907,0.10915068512862032,normal
2017-01-03,0.06434031969157775,0.10912623065684712,normal
2017-01-04,0.06468679413018671,0.10910177618507394,normal
2017-01-05,0.0650400561286132,0.10907732171330076,normal
2017-01-06,0.06514495098486997,0.10907624783967934,normal
2017-01-09,0.06501578835663081,0.10907517396605794,normal
2017-01-10,0.06478815212470737,0.10907410009243654,normal
2017-01-11,0.06196099067587851,0.10907302621881512,normal
2017-01-12,0.06197733708457772,0.10907034784313482,normal
2017-01-13,0.06182625939599724,0.10906766946745451,normal
2017-01-17,0.06170898176892162,0.1090649910917742,normal
2017-01-18,0.06209733847679537,0.1090623127160939,normal
2017-01-19,0.061385520731863305,0.10905759815172858,normal
2017-01-20,0.06143664506624171,0.10905288358736326,normal
2017-01-23,0.06169008387733578,0.10904816902299794,normal
2017-01-24,0.0618159066414658,0.10904345445863262,normal
2017-01-25,0.062170277863464345,0.10901566262335805,normal
2017-01-26,0.06213072005631923,0.10898787078808346,normal
2017-01-27,0.06146505244532413,0.10896007895280888,normal
2017-01-30,0.06157735949144084,0.1089322871175343,normal
2017-01-31,0.06152637210120587,0.10892763605229042,normal
2017-02-01,0.06149568767086364,0.10892298498704653,normal
2017-02-02,0.06072628365504713,0.10891833392180265,normal
2017-02-03,0.06066055840730503,0.10891368285655877,normal
2017-02-06,0.060304868109601194,0.10891216361349493,normal
2017-02-07,0.060232820403209826,0.10891064437043108,normal
2017-02-08,0.055897432956716335,0.10890912512736724,normal
2017-02-09,0.055890781864678364,0.1089076058843034,normal
2017-02-10,0.054599240946568706,0.10890067187948671,normal
2017-02-13,0.05399892711577411,0.10889373787467002,normal
2017-02-14,0.053340387876685026,0.10888680386985335,normal
2017-02-15,0.05299809001761013,0.10887986986503666,normal
2017-02-16,0.052025822430474225,0.1088685893466395,normal
2017-02-17,0.051693766819562365,0.10885730882824232,normal
2017-02-21,0.05201290195290256,0.10884602830984516,normal
2017-02-22,0.05096406377594288,0.108834747791448,normal
2017-02-23,0.05021071693693658,0.10882917894282516,normal
2017-02-24,0.04994275587059565,0.10882361009420233,normal
2017-02-27,0.04958939792750001,0.10881804124557949,normal
2017-02-28,0.04998852012070098,0.10881247239695666,normal
2017-03-01,0.050637131976307787,0.10879471343580999,normal
2017-03-02,0.05249663329538684,0.10877695447466333,normal
2017-03-03,0.05183021108473121,0.10875919551351668,normal
2017-03-06,0.0507293768186901,0.10874143655237001,normal
2017-03-07,0.051139689165731174,0.10873670345438322,normal
2017-03-08,0.05115877491216806,0.10873197035639642,normal
2017-03-09,0.051141321436723286,0.10872723725840963,normal
2017-03-10,0.04810082595006473,0.10872250416042284,normal
2017-03-13,0.04810628670535567,0.1087104374096509,normal
2017-03-14,0.048484587737358587,0.10869837065887897,normal
2017-03-15,0.05321495735979521,0.10868630390810702,normal
2017-03-16,0.05236689581697882,0.10867423715733508,normal
2017-03-17,0.046248338327444655,0.1086560198495624,normal
2017-03-20,0.04625252864599575,0.1086378025417897,normal
2017-03-21,0.047893649233818655,0.10861958523401702,normal
2017-03-22,0.04788738200528474,0.10860136792624434,normal
2017-03-23,0.04786719931852782,0.10856472647995921,normal
2017-03-24,0.04780255507206838,0.10852808503367409,normal
2017-03-27,0.04731562626555672,0.10849144358738895,normal
2017-03-28,0.047319939479200185,0.10845480214110383,normal
2017-03-29,0.04737545405141098,0.10844626096898015,normal
2017-03-30,0.047346943772126185,0.10843771979685647,normal
2017-03-31,0.047185637441581475,0.1084291786247328,normal
2017-04-03,0.047129110122174175,0.10842063745260912,normal
2017-04-04,0.04646448106171993,0.10841057915891213,normal
2017-04-05,0.045431302324468396,0.10840052086521514,normal
2017-04-06,0.044758920576316585,0.10839046257151815,normal
2017-04-07,0.04466615042776593,0.10838040427782115,normal
2017-04-10,0.04464415348915889,0.10835551179148967,normal
2017-04-11,0.04483672820573333,0.1083306193051582,normal
2017-04-12,0.04443824741326755,0.10830572681882672,normal
2017-04-13,0.044880001200620995,0.10828083433249523,normal
2017-04-17,0.04556486081936822,0.10827999845061972,normal
2017-04-18,0.04556002125698941,0.10827916256874423,normal
2017-04-19,0.045446501346186524,0.10827832668686872,normal
2017-04-20,0.04529730187189959,0.10827749080499321,normal
2017-04-21,0.04520516324117763,0.10827068006902581,normal
2017-04-24,0.04744590600151069,0.1082638693330584,normal
2017-04-25,0.047420059516326885,0.108257058597091,normal
2017-04-26,0.04703782220046065,0.1082502478611236,normal
2017-04-27,0.046927629664308024,0.10821607866185216,normal
2017-04-28,0.04699207322142935,0.10818190946258074,normal
2017-05-01,0.04574395366251933,0.10814774026330931,normal
2017-05-02,0.045803240170405705,0.10811357106403788,normal
2017-05-03,0.046122335091404676,0.10811245849074037,normal
2017-05-04,0.04617354928171722,0.10811134591744287,normal
2017-05-05,0.046111617752844745,0.10811023334414538,normal
2017-05-08,0.04647527780219361,0.10810912077084787,normal
2017-05-09,0.046465791499757374,0.1080806878915852,normal
2017-05-10,0.04624211791785901,0.10805225501232255,normal
2017-05-11,0.04632659175651542,0.10802382213305987,normal
2017-05-12,0.04632481380801074,0.1079953892537972,normal
2017-05-15,0.04660249596263308,0.1079409737212035,normal
2017-05-16,0.04660592598455704,0.10788655818860979,normal
2017-05-17,0.048826272691880133,0.1078321426560161,normal
2017-05-18,0.048826714389781645,0.10777772712342239,normal
2017-05-19,0.05016296126517268,0.10775231605667848,normal
2017-05-22,0.049808617239372355,0.10772690498993456,normal
2017-05-23,0.04984003437983684,0.10770149392319066,normal
2017-05-24,0.04992234379752818,0.10767608285644675,normal
2017-05-25,0.05002320162358922,0.10766696640535672,normal
2017-05-26,0.04997373885694287,0.10765784995426671,normal
2017-05-30,0.0495859272409245,0.10764873350317669,normal
2017-05-31,0.04876436003757477,0.10763961705208666,normal
2017-06-01,0.04764519517000969,0.10763402617460388,normal
2017-06-02,0.048563756252173816,0.10762843529712111,normal
2017-06-05,0.04865558231488277,0.10762284441963835,normal
2017-06-06,0.04814374102175207,0.10761725354215557,normal
2017-06-07,0.0472935051619798,0.1076082630882883,normal
2017-06-08,0.046997744780312815,0.10759927263442104,normal
2017-06-09,0.046700863633753364,0.10759028218055379,normal
2017-06-12,0.04687045485652481,0.10758129172668653,normal
2017-06-13,0.04672185609082508,0.10757847921431357,normal
2017-06-14,0.04114434265007176,0.10757566670194063,normal
2017-06-15,0.04226475409960569,0.10757285418956768,normal
2017-06-16,0.04231199909003121,0.10757004167719472,normal
2017-06-19,0.042721750184567614,0.1075065239264115,normal
2017-06-20,0.04166145423467071,0.10744300617562827,normal
2017-06-21,0.04157407878126649,0.10737948842484503,normal
2017-06-22,0.04155315476808209,0.1073159706740618,normal
2017-06-23,0.04160001944585037,0.10728159387192687,normal
2017-06-26,0.04169344628324665,0.10724721706979194,normal
2017-06-27,0.043843338137879995,0.10721284026765701,normal
2017-06-28,0.04479143558859812,0.10717846346552208,normal
2017-06-29,0.04741565793279657,0.10717633600289606,normal
2017-06-30,0.04733091306285369,0.10717420854027002,normal
2017-07-03,0.04730333115127222,0.10717208107764398,normal
2017-07-05,0.047225274219068886,0.10716995361501795,normal
2017-07-06,0.04904679703320713,0.10715274755013332,normal
2017-07-07,0.04911536460802342,0.1071355414852487,normal
2017-07-10,0.04898588617074029,0.10711833542036407,normal
2017-07-11,0.04902242144485485,0.10710112935547944,normal
2017-07-12,0.050727762269908765,0.10708752969331134,normal
2017-07-13,0.050697131517758266,0.10707393003114324,normal
2017-07-14,0.050783701573541666,0.10706033036897515,normal
2017-07-17,0.05028434779005607,0.10704673070680705,normal
2017-07-18,0.05035313152715826,0.10699587735030944,normal
2017-07-19,0.05013598976896357,0.10694502399381181,normal
2017-07-20,0.04956090805312766,0.1068941706373142,normal
2017-07-21,0.04949193504399911,0.10684331728081659,normal
2017-07-24,0.04721511038776694,0.10682043420325577,normal
2017-07-25,0.04733677490510366,0.10679755112569495,normal
2017-07-26,0.04752273685648217,0.10677466804813412,normal
2017-07-27,0.04791601516746757,0.1067517849705733,normal
2017-07-28,0.04782581812126638,0.10675052521491557,normal
2017-07-31,0.04782828658749379,0.10674926545925784,normal
2017-08-01,0.047985000550905925,0.10674800570360012,normal
2017-08-02,0.04773577783063288,0.10674674594794238,normal
2017-08-03,0.04769585540482959,0.10674497578450476,normal
2017-08-04,0.047190022066554135,0.10674320562106712,normal
2017-08-07,0.046826006754174754,0.1067414354576295,normal
2017-08-08,0.047311703573599435,0.10673966529419188,normal
2017-08-09,0.0473420474312447,0.1067236903678386,normal
2017-08-10,0.05061780134259217,0.10670771544148532,normal
2017-08-11,0.05043304147685542,0.10669174051513203,normal
2017-08-14,0.05085448154297617,0.10667576558877875,normal
2017-08-15,0.050942912901351105,0.10667264855312172,normal
2017-08-16,0.049078115933749236,0.1066695315174647,normal
2017-08-17,0.051507075074663684,0.10666641448180766,normal
2017-08-18,0.05014657707572718,0.10666329744615063,normal
2017-08-21,0.05009592932249566,0.10661488604972369,normal
2017-08-22,0.05083546743499886,0.10656647465329674,normal
2017-08-23,0.05072748201294712,0.10651806325686979,normal
2017-08-24,0.05072053302526374,0.10646965186044284,normal
2017-08-25,0.05104196210698922,0.10645693061206854,normal
2017-08-28,0.05103140125784654,0.10644420936369423,normal
2017-08-29,0.051010389792864784,0.10643148811531991,normal
2017-08-30,0.050171883885682896,0.10641876686694561,normal
2017-08-31,0.04966401030784458,0.10640771215694297,normal
2017-09-01,0.049321701198850446,0.10639665744694035,normal
2017-09-05,0.049517085269136264,0.10638560273693773,normal
2017-09-06,0.04954354602375489,0.10637454802693509,normal
2017-09-07,0.05001010975808972,0.10637375436745457,normal
2017-09-08,0.04996019912503858,0.10637296070797404,normal
2017-09-11,0.05035324136167586,0.10637216704849352,normal
2017-09-12,0.049960008632385124,0.106371373389013,normal
2017-09-13,0.05006443212894219,0.10636887110299198,normal
2017-09-14,0.049190424708974,0.10636636881697097,normal
2017-09-15,0.0491925060779691,0.10636386653094995,normal
2017-09-18,0.04876715008351315,0.10636136424492894,normal
2017-09-19,0.04809065496279702,0.10634817518381245,normal
2017-09-20,0.04818215116353118,0.10633498612269597,normal
2017-09-21,0.04832814336990965,0.10632179706157949,normal
2017-09-22,0.048268714479197686,0.106308608000463,normal
2017-09-25,0.04832869222643373,0.10630429709665218,normal
2017-09-26,0.046449991317864446,0.10629998619284137,normal
2017-09-27,0.04540487121823721,0.10629567528903054,normal
2017-09-28,0.04263401192775391,0.10629136438521972,normal
2017-09-29,0.04297612663337688,0.10627810276826183,normal
2017-10-02,0.04301970317082548,0.10626484115130393,normal
2017-10-03,0.04341612967927325,0.10625157953434602,normal
2017-10-04,0.04101360255919757,0.10623831791738814,normal
2017-10-05,0.04102352691965221,0.1062019546985678,normal
2017-10-06,0.04118351675293214,0.10616559147974747,normal
2017-10-09,0.04118545410686122,0.10612922826092715,normal
2017-10-10,0.03932251251618164,0.10609286504210681,normal
2017-10-11,0.03936672668212044,0.1060883589507472,normal
2017-10-12,0.03857706339177129,0.10608385285938757,normal
2017-10-13,0.03903980790477781,0.10607934676802795,normal
2017-10-16,0.038932962783608,0.10607484067666834,normal
2017-10-17,0.03852452803844764,0.10607055675495686,normal
2017-10-18,0.03851385311996177,0.10606627283324538,normal
2017-10-19,0.038548432157952825,0.1060619889115339,normal
2017-10-20,0.03849401594233836,0.10605770498982242,normal
2017-10-23,0.038683690724197334,0.10604556977726168,normal
2017-10-24,0.03844052309372852,0.10603343456470095,normal
2017-10-25,0.03881670920897785,0.10602129935214022,normal
2017-10-26,0.03886684142549481,0.10600916413957948,normal
2017-10-27,0.04049757339809476,0.10597979124721038,normal
2017-10-30,0.04010920611094111,0.10595041835484129,normal
2017-10-31,0.04019411159347219,0.10592104546247218,normal
2017-11-01,0.04023126673536076,0.10589167257010308,normal
2017-11-02,0.04024479080557821,0.10588863332469,normal
2017-11-03,0.040187742168060384,0.10588559407927692,normal
2017-11-06,0.03982304461031347,0.10588255483386383,normal
2017-11-07,0.040000678146204095,0.10587951558845075,normal
2017-11-08,0.035552052223233134,0.10586141179862119,normal
2017-11-09,0.03644985868418615,0.10584330800879162,normal
2017-11-10,0.03633068754969334,0.10582520421896205,normal
2017-11-13,0.03618192752225979,0.10580710042913248,normal
2017-11-14,0.03580016220331838,0.10580201468187653,normal
2017-11-15,0.03234922683030519,0.10579692893462059,normal
2017-11-16,0.033788038110655984,0.10579184318736465,normal
2017-11-17,0.03379076641499969,0.1057867574401087,normal
2017-11-20,0.032768392986371776,0.10578160679297198,normal
2017-11-21,0.03433121111549733,0.10577645614583527,normal
2017-11-22,0.034168779605955345,0.10577130549869855,normal
2017-11-24,0.03379382521732957,0.10576615485156184,normal
2017-11-27,0.03442821812038964,0.10573949030748231,normal
2017-11-28,0.035951366184859286,0.10571282576340277,normal
2017-11-29,0.037044296975433356,0.10568616121932324,normal
2017-11-30,0.036268224137389726,0.10565949667524371,normal
2017-12-01,0.0362797917553018,0.10558150592419334,normal
2017-12-04,0.03604668408845259,0.10550351517314296,normal
2017-12-05,0.03618334167678973,0.10542552442209259,normal
2017-12-06,0.03566989045079235,0.10534753367104221,normal
2017-12-07,0.035431467897869384,0.10534019378807334,normal
2017-12-08,0.03516081514395944,0.10533285390510447,normal
2017-12-11,0.035236751054057595,0.10532551402213561,normal
2017-12-12,0.03498028740271276,0.10531817413916673,normal
2017-12-13,0.03556976255908786,0.10530073496658951,normal
2017-12-14,0.03614085091511156,0.1052832957940123,normal
2017-12-15,0.03672951540260717,0.10526585662143507,normal
2017-12-18,0.03741602728806122,0.10524841744885785,normal
2017-12-19,0.03887716238163291,0.10523012377074642,normal
2017-12-20,0.038934249361050575,0.10521183009263499,normal
2017-12-21,0.0392185254679143,0.10519353641452354,normal
2017-12-22,0.03899504563397081,0.10517524273641211,normal
2017-12-26,0.03895080757555424,0.10517290523085958,normal
2017-12-27,0.039189627369913306,0.10517056772530704,normal
2017-12-28,0.039203717008844355,0.10516823021975451,normal
2017-12-29,0.03889686143740562,0.10516589271420197,normal
2018-01-02,0.03925568796638421,0.1051430464755714,normal
2018-01-03,0.03955144487345508,0.10512020023694085,normal
2018-01-04,0.03990082023103161,0.1050973539983103,normal
2018-01-05,0.0401910806440682,0.10507450775967973,normal
2018-01-08,0.039936862002383444,0.10503294362426727,normal
2018-01-09,0.04014182668168361,0.10499137948885479,normal
2018-01-10,0.039925543921566185,0.10494981535344232,normal
2018-01-11,0.041039181208320966,0.10490825121802985,normal
2018-01-12,0.04176156334788737,0.10487155138655205,normal
2018-01-16,0.04167238852770086,0.10483485155507424,normal
2018-01-17,0.042352035751954314,0.10479815172359642,normal
2018-01-18,0.04274348802269362,0.10476145189211862,normal
2018-01-19,0.04288124609704273,0.10475579608441184,normal
2018-01-22,0.04326320689818789,0.10475014027670505,normal
2018-01-23,0.04349376537394605,0.10474448446899827,normal
2018-01-24,0.04305545708842109,0.10473882866129149,normal
2018-01-25,0.04297068495425609,0.10473042191058579,normal
2018-01-26,0.043005050731394955,0.10472201515988008,normal
2018-01-29,0.04552418996912046,0.10471360840917437,normal
2018-01-30,0.047512308649095836,0.10470520165846868,normal
2018-01-31,0.0474689710050689,0.10468246180893627,normal
2018-02-01,0.048182037183893515,0.10465972195940385,normal
2018-02-02,0.05759997132716018,0.10463698210987143,normal
2018-02-05,0.07292383878275897,0.10461424226033902,normal
2018-02-06,0.07602374742823843,0.10459478829316438,normal
2018-02-07,0.0775590968360911,0.10457533432598971,normal
2018-02-08,0.08756867388754783,0.10455588035881505,normal
2018-02-09,0.0883470632716961,0.1045364263916404,normal
2018-02-12,0.08982738394644528,0.1045284267625483,normal
2018-02-13,0.08956753918376004,0.10452042713345619,normal
2018-02-14,0.09076281957837362,0.1045124275043641,normal
2018-02-15,0.09210427697246026,0.10450442787527199,normal
2018-02-16,0.09209616314613563,0.10445516288240929,normal
2018-02-20,0.09247297610085599,0.10440589788954659,normal
2018-02-21,0.09291963878469263,0.10435663289668388,normal
2018-02-22,0.0929438117722854,0.10430736790382118,normal
2018-02-23,0.09447838612272498,0.10429155753933843,normal
2018-02-26,0.09526925631440472,0.10427574717485566,normal
2018-02-27,0.09790426975765433,0.1042599368103729,normal
2018-02-28,0.09841169378702241,0.10424412644589015,normal
2018-03-01,0.09852991341883975,0.10423502976254287,normal
2018-03-02,0.09828151269324562,0.1042259330791956,normal
2018-03-05,0.09865604569623965,0.10421683639584833,normal
2018-03-06,0.09885998228225475,0.10420773971250105,normal
2018-03-07,0.0988444384566345,0.10415160595587,normal
2018-03-08,0.09892647036522018,0.10409547219923897,normal
2018-03-09,0.10007112430850693,0.10403933844260793,normal
2018-03-12,0.10007532049501112,0.10398320468597688,normal
2018-03-13,0.10019551795756647,0.10396549941683222,normal
2018-03-14,0.10015892409890222,0.10394779414768757,normal
2018-03-15,0.10017995351175002,0.10393008887854292,normal
2018-03-16,0.09992578294307393,0.10391238360939827,normal
2018-03-19,0.10098273144039921,0.1039014102982895,normal
2018-03-20,0.10071590461972937,0.10389043698718076,normal
2018-03-21,0.10038761706907783,0.10387946367607201,normal
2018-03-22,0.10335999181629775,0.10386849036496325,normal
2018-03-23,0.10571012472047916,0.10386611429258043,high
2018-03-26,0.10976466288806207,0.10389043698718076,high
2018-03-27,0.11051832778758217,0.10393008887854292,high
2018-03-28,0.11051847024611333,0.10398320468597688,high
2018-03-29,0.11189646967411597,0.10415160595587,high
2018-04-02,0.1140759931953938,0.1042259330791956,high
2018-04-03,0.1145768452857046,0.1042599368103729,high
2018-04-04,0.11468578038267857,0.10430736790382118,high
2018-04-05,0.1145199782892078,0.10445516288240929,high
2018-04-06,0.11553644187636723,0.10452042713345619,high
2018-04-09,0.11549256947947542,0.10455588035881505,high
2018-04-10,0.11696624552282706,0.10461424226033902,high
2018-04-11,0.11696772888605528,0.10468246180893627,high
2018-04-12,0.1170270139630035,0.10472201515988008,high
2018-04-13,0.11647600187172752,0.10474448446899827,high
2018-04-16,0.11625528681484709,0.10476145189211862,high
2018-04-17,0.11670952538815858,0.10487155138655205,high
2018-04-18,0.11628036215662986,0.10499137948885479,high
2018-04-19,0.11652183907408382,0.1050973539983103,high
2018-04-20,0.11694564361478006,0.10516589271420197,high
2018-04-23,0.11658829260723745,0.10517290523085958,high
2018-04-24,0.11688062861404873,0.10521183009263499,high
2018-04-25,0.11687975615330974,0.10526585662143507,high
2018-04-26,0.11782322018344221,0.10531817413916673,high
2018-04-27,0.11725053856022721,0.10534019378807334,high
2018-04-30,0.11683100101148658,0.10550351517314296,high
2018-05-01,0.116002822353283,0.10567215368655258,high
2018-05-02,0.11602160865576032,0.10571012472047916,high
2018-05-03,0.11588786506733492,0.10575214731879116,high
2018-05-04,0.11279342718864159,0.10577645614583527,high
2018-05-07,0.10389027648148631,0.10579184318736465,normal
2018-05-08,0.10154802479100207,0.1057867574401087,normal
2018-05-09,0.10053446951599333,0.10578160679297198,normal
2018-05-10,0.09279795607868623,0.10577645614583527,normal
2018-05-11,0.09221384968246085,0.10577130549869855,normal
2018-05-14,0.09069115580837915,0.10576615485156184,normal
2018-05-15,0.09214465644786232,0.10575214731879116,normal
2018-05-16,0.0910688158423121,0.10573813978602051,normal
2018-05-17,0.08961857204810388,0.10572413225324984,normal
2018-05-18,0.08953471462117331,0.10571012472047916,normal
2018-05-21,0.08915744646737324,0.1056974677091703,normal
2018-05-22,0.08878043670852816,0.10568481069786144,normal
2018-05-23,0.08873725716024768,0.10567215368655258,normal
2018-05-24,0.08628623864422523,0.10565949667524371,normal
2018-05-25,0.085217153761975,0.10558150592419334,normal
2018-05-29,0.0829304866819721,0.10550351517314296,normal
2018-05-30,0.08308139119533901,0.10542552442209259,normal
2018-05-31,0.08244010476123402,0.10534753367104221,normal
2018-06-01,0.08287714288928838,0.10534019378807334,normal
2018-06-04,0.08249732146530868,0.10533285390510447,normal
2018-06-05,0.0822476765997877,0.10532551402213561,normal
2018-06-06,0.08262731384402025,0.10531817413916673,normal
2018-06-07,0.08249078902914671,0.10530073496658951,normal
2018-06-08,0.08095237235448029,0.1052832957940123,normal
2018-06-11,0.0809500162388536,0.10526585662143507,normal
2018-06-12,0.08065327717300617,0.10524841744885785,normal
2018-06-13,0.08075543303647725,0.10523012377074642,normal
2018-06-14,0.08080954016989814,0.10521183009263499,normal
2018-06-15,0.08090296041758312,0.10519353641452354,normal
2018-06-18,0.07958295265502631,0.10517524273641211,normal
2018-06-19,0.07977220898356559,0.10517290523085958,normal
2018-06-20,0.0797660675683217,0.10517056772530704,normal
2018-06-21,0.07561555539249502,0.10516823021975451,normal
2018-06-22,0.07216862624295385,0.10516589271420197,normal
2018-06-25,0.06799272268026917,0.1051430464755714,normal
2018-06-26,0.06665996880743921,0.10512020023694085,normal
2018-06-27,0.06739218665349722,0.1050973539983103,normal
2018-06-28,0.06513382753805869,0.10507450775967973,normal
2018-06-29,0.06111746737871757,0.10503294362426727,normal
2018-07-02,0.060409562603742105,0.10499137948885479,normal
2018-07-03,0.0598634998883966,0.10494981535344232,normal
2018-07-05,0.06031790942550154,0.10490825121802985,normal
2018-07-06,0.05859647526624584,0.10487155138655205,normal
2018-07-09,0.0592784461969506,0.10483485155507424,normal
2018-07-10,0.05670007405310827,0.10479815172359642,normal
2018-07-11,0.058038274091015564,0.10476145189211862,normal
2018-07-12,0.059025368049632626,0.10475579608441184,normal
2018-07-13,0.0589426779703955,0.10475014027670505,normal
2018-07-16,0.05876097058195522,0.10474448446899827,normal
2018-07-17,0.05808939292693187,0.10473882866129149,normal
2018-07-18,0.058091117915883034,0.10473042191058579,normal
2018-07-19,0.05734241950272138,0.10472201515988008,normal
2018-07-20,0.05584323772228958,0.10471360840917437,normal
2018-07-23,0.05596606192966252,0.10470520165846868,normal
2018-07-24,0.05485662934406432,0.10468246180893627,normal
2018-07-25,0.055654758741806976,0.10465972195940385,normal
2018-07-26,0.054446891301699704,0.10463698210987143,normal
2018-07-27,0.05451120358015729,0.10461424226033902,normal
2018-07-30,0.054216361137835574,0.10459478829316438,normal
2018-07-31,0.0545612339374738,0.10457533432598971,normal
2018-08-01,0.05476976303409026,0.10455588035881505,normal
2018-08-02,0.05476777361686306,0.1045364263916404,normal
2018-08-03,0.05396917666443034,0.1045284267625483,normal
2018-08-06,0.05396779876326435,0.10452042713345619,normal
2018-08-07,0.054087473697618516,0.1045124275043641,normal
2018-08-08,0.05385067609371992,0.10450442787527199,normal
2018-08-09,0.0517149120292488,0.10445516288240929,normal
2018-08-10,0.0529680813313629,0.10440589788954659,normal
2018-08-13,0.05350243713897,0.10435663289668388,normal
2018-08-14,0.05124368659803845,0.10430736790382118,normal
2018-08-15,0.0527806414220659,0.10429155753933843,normal
2018-08-16,0.05341404991233735,0.10427574717485566,normal
2018-08-17,0.053799939147325636,0.1042599368103729,normal
2018-08-20,0.05350098275749031,0.10424412644589015,normal
2018-08-21,0.05360985583789184,0.10423502976254287,normal
2018-08-22,0.053676247960290954,0.1042259330791956,normal
2018-08-23,0.054074227545829814,0.10421683639584833,normal
2018-08-24,0.054971971071,0.10420773971250105,normal
2018-08-27,0.05469352391132828,0.10415160595587,normal
2018-08-28,0.05364029145015468,0.10409547219923897,normal
2018-08-29,0.053331923510482146,0.10403933844260793,normal
2018-08-30,0.05356223972991802,0.10398320468597688,normal
2018-08-31,0.05351784115408272,0.10396549941683222,normal
2018-09-04,0.054531504721926846,0.10394779414768757,normal
2018-09-05,0.05457914137130355,0.10393008887854292,normal
2018-09-06,0.05455819583547201,0.10391238360939827,normal
2018-09-07,0.055229587757183556,0.10390685682742028,normal
2018-09-10,0.05525705490098977,0.10390133004544229,normal
2018-09-11,0.05524030185349914,0.1038958032634643,normal
2018-09-12,0.0551928998168163,0.10389027648148631,normal
2018-09-13,0.05583540012339154,0.10388482995235554,normal
2018-09-14,0.05569313198584378,0.10387938342322478,normal
2018-09-17,0.055731767313455687,0.10387393689409402,normal
2018-09-18,0.05560948829517427,0.10386849036496325,normal
2018-09-19,0.05562802547343087,0.10386611429258043,normal
2018-09-20,0.056305712034744985,0.10386373822019761,normal
2018-09-21,0.05602635098670851,0.10386136214781479,normal
2018-09-24,0.0539676563706489,0.10385898607543197,normal
2018-09-25,0.0539240675527625,0.10384353170841686,normal
2018-09-26,0.05286829931225847,0.10382807734140173,normal
2018-09-27,0.05267217900199361,0.10381262297438662,normal
2018-09-28,0.052728577926227635,0.10379716860737151,normal
2018-10-01,0.052615959804617134,0.1037938414364895,normal
2018-10-02,0.05278556302970409,0.10379051426560748,normal
2018-10-03,0.05259974266272705,0.10378718709472547,normal
2018-10-04,0.05441725386654521,0.10378385992384345,normal
2018-10-05,0.05409798268877869,0.10374020020470641,normal
2018-10-08,0.05411287900543938,0.10369654048556937,normal
2018-10-09,0.05270016489009126,0.10365288076643231,normal
2018-10-10,0.06191060524631493,0.10360922104729527,normal
2018-10-11,0.06383262637820786,0.10360355167448099,normal
2018-10-12,0.06557808330538094,0.10359788230166672,normal
2018-10-15,0.06556396819368791,0.10359221292885244,normal
2018-10-16,0.07114718452343916,0.10358654355603816,normal
2018-10-17,0.07147002618830196,0.10358653254730574,normal
2018-10-18,0.07391000387770649,0.10358652153857331,normal
2018-10-19,0.07386149605666355,0.10358651052984087,normal
2018-10-22,0.07328133324042539,0.10358649952110845,normal
2018-10-23,0.07243873262927181,0.1035780784751277,normal
2018-10-24,0.07877563798739207,0.10356965742914698,normal
2018-10-25,0.08120271412846197,0.10356123638316624,normal
2018-10-26,0.08185492707874502,0.1035528153371855,normal
2018-10-29,0.08160085293238795,0.1035440880287352,normal
2018-10-30,0.08326094574771946,0.10353536072028491,normal
2018-10-31,0.08381046145000809,0.10352663341183463,normal
2018-11-01,0.0864332611905169,0.10351790610338434,normal
2018-11-02,0.08655383884198668,0.10350845765914957,normal
2018-11-05,0.08659925502868902,0.10349900921491478,normal
2018-11-06,0.08684047791159767,0.10348956077068001,normal
2018-11-07,0.09028638929607745,0.10348011232644524,normal
2018-11-08,0.09024343753182987,0.10347285692753716,normal
2018-11-09,0.09059109714842416,0.10346560152862909,normal
2018-11-12,0.09218439158548605,0.10345834612972102,normal
2018-11-13,0.09141721490577366,0.10345109073081293,normal
2018-11-14,0.0908348813266893,0.10345103168289613,normal
2018-11-15,0.09156944004811861,0.10345097263497932,normal
2018-11-16,0.09142854922043968,0.10345091358706253,normal
2018-11-19,0.09255068961300265,0.10345085453914572,normal
2018-11-20,0.09491446418071128,0.10342813885843373,normal
2018-11-21,0.09580729732030825,0.10340542317772174,normal
2018-11-23,0.09522244748652023,0.10338270749700974,normal
2018-11-26,0.09648254774143329,0.10335999181629775,normal
2018-11-27,0.0965313239765992,0.10335133937185254,normal
2018-11-28,0.10004197792736562,0.1033426869274073,normal
2018-11-29,0.09977699466648489,0.10333403448296209,normal
2018-11-30,0.09990304711855288,0.10332538203851688,normal
2018-12-03,0.10165145685833273,0.10331184235902353,normal
2018-12-04,0.10620809373726245,0.10329830267953019,high
2018-12-06,0.10623283013760917,0.10333403448296209,high
2018-12-07,0.10785610482333541,0.10335999181629775,high
2018-12-10,0.10777687471957997,0.10342813885843373,high
2018-12-11,0.10782262384055076,0.10345097263497932,high
2018-12-12,0.10834047379718216,0.10345834612972102,high
2018-12-13,0.1078108175935639,0.10348011232644524,high
2018-12-14,0.10909265066898576,0.10350845765914957,high
2018-12-17,0.10988286474783608,0.10353536072028491,high
2018-12-18,0.10981752052668742,0.10356123638316624,high
2018-12-19,0.11037878457635779,0.10358649952110845,high
2018-12-20,0.10972696517613488,0.10358653254730574,high
2018-12-21,0.11110170558886445,0.10359788230166672,high
2018-12-24,0.11244708544649874,0.10365288076643231,high
2018-12-26,0.12008018657196529,0.10378385992384345,high
2018-12-27,0.12036777551649405,0.1037938414364895,high
2018-12-28,0.12069982986819613,0.10382807734140173,high
2018-12-31,0.1211430624644066,0.10386136214781479,high
2019-01-02,0.12126772585534377,0.10386849036496325,high
2019-01-03,0.12229030354688968,0.10388482995235554,high
2019-01-04,0.12757110004045208,0.10390133004544229,high
2019-01-07,0.12682270039455196,0.10393008887854292,high
2019-01-08,0.1269735121943203,0.10398320468597688,high
2019-01-09,0.12762255553359533,0.10415160595587,high
2019-01-10,0.12770170521910112,0.1042259330791956,high
2019-01-11,0.12288695714986624,0.1042599368103729,high
2019-01-14,0.12206784573658123,0.10430736790382118,high
2019-01-15,0.12167862468950774,0.10445516288240929,high
2019-01-16,0.12167943388678501,0.10452042713345619,high
2019-01-17,0.11891849077233982,0.10455588035881505,high
2019-01-18,0.11930393917478375,0.10461424226033902,high
2019-01-22,0.1187246363430308,0.10468246180893627,high
2019-01-23,0.11882146648469608,0.10472201515988008,high
2019-01-24,0.11892597719366518,0.10474448446899827,high
2019-01-25,0.11921988256940057,0.10476145189211862,high
2019-01-28,0.11482042701024261,0.10487155138655205,high
2019-01-29,0.11353151987775426,0.10499137948885479,high
2019-01-30,0.1144622410193349,0.1050973539983103,high
2019-01-31,0.11459856226158824,0.10516589271420197,high
2019-02-01,0.11388044774163206,0.10517290523085958,high
2019-02-04,0.11373138860504574,0.10521183009263499,high
2019-02-05,0.11231205028501308,0.10526585662143507,high
2019-02-06,0.11226728178483149,0.10531817413916673,high
2019-02-07,0.11280623022807594,0.10534019378807334,high
2019-02-08,0.1127188418762841,0.10550351517314296,high
2019-02-11,0.1103283633056009,0.10567215368655258,high
2019-02-12,0.11050330551231081,0.10571012472047916,high
2019-02-13,0.10986269126286607,0.10575214731879116,high
2019-02-14,0.10792859338728038,0.10577645614583527,high
2019-02-15,0.10850837684996796,0.10579184318736465,high
2019-02-19,0.10846456241180356,0.10580710042913248,high
2019-02-20,0.10787069601783121,0.10586141179862119,high
2019-02-21,0.1080928741576213,0.10588559407927692,high
2019-02-22,0.10691771664462575,0.10592104546247218,high
2019-02-25,0.10387802821254936,0.10600916413957948,normal
2019-02-26,0.103401049728494,0.10597979124721038,normal
2019-02-27,0.10326118519918527,0.10595041835484129,normal
2019-02-28,0.1023661382014052,0.10592104546247218,normal
2019-03-01,0.10239059547906224,0.10589167257010308,normal
2019-03-04,0.09947517792195283,0.10588863332469,normal
2019-03-05,0.0993186955131649,0.10588559407927692,normal
2019-03-06,0.09952772847071659,0.10588255483386383,normal
2019-03-07,0.09837780231859045,0.10587951558845075,normal
2019-03-08,0.09254078209525933,0.10586141179862119,normal
2019-03-11,0.09365529971895374,0.10584330800879162,normal
2019-03-12,0.09088389718325686,0.10582520421896205,normal
2019-03-13,0.09090783846291937,0.10580710042913248,normal
2019-03-14,0.09109223735584922,0.10580201468187653,normal
2019-03-15,0.0913255201751966,0.10579692893462059,normal
2019-03-18,0.09132721872145484,0.10579184318736465,normal
2019-03-19,0.08900716912786487,0.1057867574401087,normal
2019-03-20,0.08714387099868856,0.10578160679297198,normal
2019-03-21,0.08735110893804604,0.10577645614583527,normal
2019-03-22,0.08883859211916817,0.10577130549869855,normal
2019-03-25,0.08752316039698757,0.10576615485156184,normal
2019-03-26,0.0843837484068569,0.10575214731879116,normal
2019-03-27,0.0810256546591988,0.10573813978602051,normal
2019-03-28,0.07253806761357597,0.10572413225324984,normal
2019-03-29,0.07253702035016227,0.10571012472047916,normal
2019-04-01,0.07272968337941121,0.1056974677091703,normal
2019-04-02,0.07258725137405199,0.10568481069786144,normal
2019-04-03,0.07258716944403068,0.10567215368655258,normal
2019-04-04,0.06941060472249591,0.10565949667524371,normal
2019-04-05,0.061939197223563024,0.10558150592419334,normal
2019-04-08,0.06192219749841965,0.10550351517314296,normal
2019-04-09,0.06202663593598877,0.10542552442209259,normal
2019-04-10,0.06156687172077824,0.10534753367104221,normal
2019-04-11,0.06198600012366397,0.10534019378807334,normal
2019-04-12,0.061982395993310624,0.10533285390510447,normal
2019-04-15,0.060981038022818984,0.10532551402213561,normal
2019-04-16,0.06053312132016813,0.10531817413916673,normal
2019-04-17,0.06050050005363326,0.10530073496658951,normal
2019-04-18,0.0602669124278267,0.1052832957940123,normal
2019-04-22,0.05963582329538899,0.10526585662143507,normal
2019-04-23,0.05741216660571271,0.10524841744885785,normal
2019-04-24,0.0575590639948847,0.10523012377074642,normal
2019-04-25,0.057623215648161974,0.10521183009263499,normal
2019-04-26,0.05715896986405261,0.10519353641452354,normal
2019-04-29,0.05606134980725287,0.10517524273641211,normal
2019-04-30,0.056069313242009436,0.10517290523085958,normal
2019-05-01,0.053791443947606384,0.10517056772530704,normal
2019-05-02,0.052836394646630286,0.10516823021975451,normal
2019-05-03,0.05429289727527475,0.10516589271420197,normal
2019-05-06,0.05508177452698587,0.1051430464755714,normal
2019-05-07,0.05809989359958706,0.10512020023694085,normal
2019-05-08,0.05791425906154788,0.1050973539983103,normal
2019-05-09,0.056991081269605746,0.10507450775967973,normal
2019-05-10,0.057219965371179064,0.10503294362426727,normal
2019-05-13,0.06448397709463187,0.10499137948885479,normal
2019-05-14,0.0641414333092418,0.10494981535344232,normal
2019-05-15,0.06450386099915545,0.10490825121802985,normal
2019-05-16,0.064682502398108,0.10487155138655205,normal
2019-05-17,0.06458407811135149,0.10483485155507424,normal
2019-05-20,0.06503172537400875,0.10479815172359642,normal
2019-05-21,0.06577730762130095,0.10476145189211862,normal
2019-05-22,0.06546481199710757,0.10475579608441184,normal
2019-05-23,0.06548390700957185,0.10475014027670505,normal
2019-05-24,0.0656994922697051,0.10474448446899827,normal
2019-05-28,0.0659651664428245,0.10473882866129149,normal
2019-05-29,0.06585002089709988,0.10473042191058579,normal
2019-05-30,0.0659232673750506,0.10472201515988008,normal
2019-05-31,0.0661877821647865,0.10471360840917437,normal
2019-06-03,0.0663996970506009,0.10470520165846868,normal
2019-06-04,0.06840554133641569,0.10468246180893627,normal
2019-06-05,0.06812667653733123,0.10465972195940385,normal
2019-06-06,0.06733091926488503,0.10463698210987143,normal
2019-06-07,0.0688989272509855,0.10461424226033902,normal
2019-06-10,0.06720878944073785,0.10459478829316438,normal
2019-06-11,0.06709105557226865,0.10457533432598971,normal
2019-06-12,0.06706080761440991,0.10455588035881505,normal
2019-06-13,0.06704374331305833,0.1045364263916404,normal
2019-06-14,0.06634644312826758,0.1045284267625483,normal
2019-06-17,0.06620115688902836,0.10452042713345619,normal
2019-06-18,0.06882248544468622,0.1045124275043641,normal
2019-06-19,0.06916212371169204,0.10450442787527199,normal
2019-06-20,0.07002958643603782,0.10445516288240929,normal
2019-06-21,0.06706877192718022,0.10440589788954659,normal
2019-06-24,0.06705794324654414,0.10435663289668388,normal
2019-06-25,0.06784064275675557,0.10430736790382118,normal
2019-06-26,0.06776131838595427,0.10429155753933843,normal
2019-06-27,0.06823338643254595,0.10427574717485566,normal
2019-06-28,0.06825793026054076,0.1042599368103729,normal
2019-07-01,0.06818074470824502,0.10424412644589015,normal
2019-07-02,0.06824726107941766,0.10423502976254287,normal
2019-07-03,0.06872777824386733,0.1042259330791956,normal
2019-07-05,0.06971568125774352,0.10421683639584833,normal
2019-07-08,0.07004193837808204,0.10420773971250105,normal
2019-07-09,0.07007561460561579,0.10415160595587,normal
2019-07-10,0.06999896068956989,0.10409547219923897,normal
2019-07-11,0.06985250935222459,0.10403933844260793,normal
2019-07-12,0.06970869230252036,0.10398320468597688,normal
2019-07-15,0.06959033872365504,0.10396549941683222,normal
2019-07-16,0.0698380078143173,0.10394779414768757,normal
2019-07-17,0.06986568011915639,0.10393008887854292,normal
2019-07-18,0.07005215409244409,0.10391238360939827,normal
2019-07-19,0.07052945548944364,0.10390685682742028,normal
2019-07-22,0.07044463778912474,0.10390133004544229,normal
2019-07-23,0.07001949927759665,0.1038958032634643,normal
2019-07-24,0.07017437932897536,0.10389027648148631,normal
2019-07-25,0.07112872815462637,0.10388721441425208,normal
2019-07-26,0.07099657603524269,0.10388415234701784,normal
2019-07-29,0.07103120910316162,0.1038810902797836,normal
2019-07-30,0.07128081312849,0.10387802821254936,normal
2019-07-31,0.07146255834268798,0.10387564375065284,normal
2019-08-01,0.07140557225322051,0.1038732592887563,normal
2019-08-02,0.07035067715910111,0.10387087482685978,normal
2019-08-05,0.07616881173975362,0.10386849036496325,normal
2019-08-06,0.0755654634131431,0.10386611429258043,normal
2019-08-07,0.07546632088964914,0.10386373822019761,normal
2019-08-08,0.07763726690805164,0.10386136214781479,normal
2019-08-09,0.0783881782682319,0.10385898607543197,normal
2019-08-12,0.07288680449269233,0.10384353170841686,normal
2019-08-13,0.07309566742176661,0.10382807734140173,normal
2019-08-14,0.07827919366793672,0.10381262297438662,normal
2019-08-15,0.07853518051818513,0.10379716860737151,normal
2019-08-16,0.07907034298623929,0.1037938414364895,normal
2019-08-19,0.07863886327446468,0.10379051426560748,normal
2019-08-20,0.07809935458409746,0.10378718709472547,normal
2019-08-21,0.07831584063270222,0.10378385992384345,normal
2019-08-22,0.07784156466893795,0.10374020020470641,normal
2019-08-23,0.08026780241046844,0.10369654048556937,normal
2019-08-26,0.080475816424485,0.10365288076643231,normal
2019-08-27,0.08021617361105837,0.10360922104729527,normal
2019-08-28,0.08009791113312108,0.10360355167448099,normal
2019-08-29,0.08039111859135341,0.10359788230166672,normal
2019-08-30,0.08027594694432379,0.10359221292885244,normal
2019-09-03,0.0790879118129098,0.10358654355603816,normal
2019-09-04,0.08054707173213073,0.10358653254730574,normal
2019-09-05,0.08057109499056891,0.10358652153857331,normal
2019-09-06,0.07925662758778705,0.10358651052984087,normal
2019-09-09,0.07936911618003774,0.10358649952110845,normal
2019-09-10,0.07957814203994494,0.1035780784751277,normal
2019-09-11,0.07979728206326829,0.10356965742914698,normal
2019-09-12,0.07970771633987432,0.10356123638316624,normal
2019-09-13,0.07971883178047744,0.1035528153371855,normal
2019-09-16,0.07975928356934328,0.1035440880287352,normal
2019-09-17,0.07760140084659013,0.10353536072028491,normal
2019-09-18,0.07723157205128026,0.10352663341183463,normal
2019-09-19,0.07596497110745142,0.10351790610338434,normal
2019-09-20,0.07554478853406932,0.10350845765914957,normal
2019-09-23,0.07555167810643572,0.10349900921491478,normal
2019-09-24,0.07497477432015581,0.10348956077068001,normal
2019-09-25,0.07499527440351879,0.10348011232644524,normal
2019-09-26,0.07442348402459655,0.10347285692753716,normal
2019-09-27,0.0745237740047779,0.10346560152862909,normal
2019-09-30,0.07423410562835349,0.10345834612972102,normal
2019-10-01,0.07507765820352122,0.10345109073081293,normal
2019-10-02,0.07644010823695375,0.10345103168289613,normal
2019-10-03,0.07705282085553988,0.10345097263497932,normal
2019-10-04,0.0780532497394541,0.10345091358706253,normal
2019-10-07,0.07852635284285873,0.10345085453914572,normal
2019-10-08,0.07960099275917533,0.1034384033364828,normal
2019-10-09,0.07989227329833404,0.10342595213381986,normal
2019-10-10,0.07979289724156174,0.10341350093115692,normal
2019-10-11,0.08062160097334843,0.103401049728494,normal
2019-10-14,0.08042685220254622,0.10339078525044493,normal
2019-10-15,0.08081263417333076,0.10338052077239587,normal
2019-10-16,0.08059525285010169,0.10337025629434682,normal
2019-10-17,0.08031686961731836,0.10335999181629775,normal
2019-10-18,0.08038515541354985,0.10335133937185254,normal
2019-10-21,0.08035573322370156,0.1033426869274073,normal
2019-10-22,0.08009523294144123,0.10333403448296209,normal
2019-10-23,0.07932750188044678,0.10332538203851688,normal
2019-10-24,0.07908344793978099,0.10331184235902353,normal
2019-10-25,0.07909689161271127,0.10329830267953019,normal
2019-10-28,0.07894107785861249,0.10328476300003686,normal
2019-10-29,0.0782427907723921,0.10327122332054352,normal
2019-10-30,0.07849253092909603,0.10326871379020396,normal
2019-10-31,0.07794763970101748,0.1032662042598644,normal
2019-11-01,0.07202331805501312,0.10326369472952483,normal
2019-11-04,0.07029957389345814,0.10326118519918527,normal
2019-11-05,0.07059258193974283,0.10323450049953348,normal
2019-11-06,0.06806467142167115,0.1032078157998817,normal
2019-11-07,0.06703301213938927,0.10318113110022992,normal
2019-11-08,0.06664452619341325,0.10315444640057812,normal
2019-11-11,0.06566296257550458,0.10307612368767657,normal
2019-11-12,0.05874269389637345,0.10299780097477501,normal
2019-11-13,0.05831332643878997,0.10291947826187345,normal
2019-11-14,0.05670794324501966,0.1028411555489719,normal
2019-11-15,0.05691870337541075,0.10283135179123222,normal
2019-11-18,0.056868964628194234,0.10282154803349255,normal
2019-11-19,0.056459663390866284,0.10281174427575288,normal
2019-11-20,0.05608300886782557,0.1028019405180132,normal
2019-11-21,0.05255835888845538,0.10279207159520733,normal
2019-11-22,0.05188507016240027,0.10278220267240146,normal
2019-11-25,0.05309721635374305,0.10277233374959559,normal
2019-11-26,0.0529252594590109,0.10276246482678972,normal
2019-11-27,0.051921051362091034,0.10275448866607964,normal
2019-11-29,0.05301280862488433,0.10274651250536958,normal
2019-12-02,0.054101413104310304,0.10273853634465951,normal
2019-12-03,0.05181100508161475,0.10273056018394944,normal
2019-12-04,0.051753079403960386,0.1026585252613697,normal
2019-12-05,0.05167816370140372,0.10258649033878997,normal
2019-12-06,0.05208197861626681,0.10251445541621024,normal
2019-12-09,0.05194469749305343,0.1024424204936305,normal
2019-12-10,0.05136474103442312,0.10243365580808586,normal
2019-12-11,0.05206973008711383,0.1024248911225412,normal
2019-12-12,0.05182864324219138,0.10241612643699655,normal
2019-12-13,0.05211035852382205,0.1024073617514519,normal
2019-12-16,0.0522586488875786,0.10240665483057382,normal
2019-12-17,0.05224174463595504,0.10240594790969572,normal
2019-12-18,0.052298598034461415,0.10240524098881762,normal
2019-12-19,0.0523512963396155,0.10240453406793953,normal
2019-12-20,0.05235715767997087,0.1024010494207202,normal
2019-12-23,0.05186013808057179,0.10239756477350088,normal
2019-12-24,0.05174112268266896,0.10239408012628157,normal
2019-12-26,0.05205267786259226,0.10239059547906224,normal
2019-12-27,0.05131781624643883,0.10238448115964797,normal
2019-12-30,0.051879055117161975,0.10237836684023371,normal
2019-12-31,0.05011735497355991,0.10237225252081945,normal
2020-01-02,0.048319379849876,0.1023661382014052,normal
2020-01-03,0.047773692443405756,0.10235776953862621,normal
2020-01-06,0.04593260370354637,0.10234940087584722,normal
2020-01-07,0.045235109889805475,0.10234103221306823,normal
2020-01-08,0.04222993752519074,0.10233266355028925,normal
2020-01-09,0.042239879364232,0.1023214774911678,normal
2020-01-10,0.04226907038844879,0.10231029143204633,normal
2020-01-13,0.04152342226721951,0.10229910537292486,normal
2020-01-14,0.04149214862596801,0.1022879193138034,normal
2020-01-15,0.04098227546298284,0.10227831371980943,normal
2020-01-16,0.041435563472832976,0.10226870812581546,normal
2020-01-17,0.04136225011009401,0.10225910253182147,normal
2020-01-21,0.0416618876357481,0.10224949693782749,normal
2020-01-22,0.041505733837855496,0.10224358048967952,normal
2020-01-23,0.041484598540127746,0.10223766404153156,normal
2020-01-24,0.04232213165776062,0.1022317475933836,normal
2020-01-27,0.04705490497931968,0.10222583114523563,normal
2020-01-28,0.047650216779876256,0.10222491536452921,normal
2020-01-29,0.04766138604059475,0.10222399958382278,normal
2020-01-30,0.04761936514244401,0.10222308380311636,normal
2020-01-31,0.051013934591518185,0.10222216802240994,normal
2020-02-03,0.05145254293152313,0.10222089721620428,normal
2020-02-04,0.05256289970772484,0.10221962640999863,normal
2020-02-05,0.05322293432463163,0.10221835560379298,normal
2020-02-06,0.052865461876187916,0.10221708479758733,normal
2020-02-07,0.05340931352411955,0.10217236109488065,normal
2020-02-10,0.053731677456946424,0.10212763739217397,normal
2020-02-11,0.05371108670687049,0.10208291368946729,normal
2020-02-12,0.05376661144386918,0.1020381899867606,normal
2020-02-13,0.05416637111954964,0.10202875657499055,normal
2020-02-14,0.05412010577260477,0.1020193231632205,normal
2020-02-18,0.05427281658534447,0.10200988975145045,normal
2020-02-19,0.05402671295321744,0.1020004563396804,normal
2020-02-20,0.05436265553113722,0.1019604464429408,normal
2020-02-21,0.05500085306114778,0.1019204365462012,normal
2020-02-24,0.0676669155013401,0.1018804266494616,normal
2020-02-25,0.07269441592978514,0.10184041675272201,normal
2020-02-26,0.07273274589104414,0.10183742812016838,normal
2020-02-27,0.0830698398175039,0.10183443948761475,normal
2020-02-28,0.08312807929006637,0.10183145085506114,normal
2020-03-02,0.09074759878188794,0.10182846222250751,normal
2020-03-03,0.09136381036634404,0.10182571700274354,normal
2020-03-04,0.09857838340794108,0.10182297178297958,normal
2020-03-05,0.10330249509897597,0.10182022656321563,high
2020-03-06,0.10358188232663368,0.10182846222250751,high
2020-03-09,0.1393248720814993,0.10183742812016838,high
2020-03-10,0.14299562306581037,0.1019204365462012,high
2020-03-11,0.16191400497168282,0.10200988975145045,high
2020-03-12,0.20699709982279627,0.1020381899867606,high
2020-03-13,0.22812543099089894,0.10217236109488065,high
2020-03-16,0.25407150813295565,0.10221962640999863,high
2020-03-17,0.25568157040686,0.10222308380311636,high
2020-03-18,0.2711948716913964,0.10222583114523563,high
2020-03-19,0.271179045509273,0.10224358048967952,high
2020-03-20,0.27114014344669324,0.10226870812581546,high
2020-03-23,0.27140093278490385,0.10229910537292486,high
2020-03-24,0.28895482059462935,0.10233266355028925,high
2020-03-25,0.29227216900286224,0.10235776953862621,high
2020-03-26,0.2991194667571506,0.10237836684023371,high
2020-03-27,0.30044339298918293,0.10239408012628157,high
2020-03-30,0.3026336761323583,0.10240453406793953,high
2020-03-31,0.3027163584828318,0.10240665483057382,high
2020-04-01,0.30739781977350994,0.1024248911225412,high
2020-04-02,0.3084600102609409,0.10251445541621024,high
2020-04-03,0.3090186972963806,0.10273056018394944,high
2020-04-06,0.3196027992981344,0.10275448866607964,high
2020-04-07,0.31962783044001336,0.10278220267240146,high
2020-04-08,0.3216640894741019,0.10281174427575288,high
2020-04-09,0.32370785983415595,0.1028411555489719,high
2020-04-13,0.3239776939241428,0.10307612368767657,high
2020-04-14,0.3253522811230346,0.1032078157998817,high
2020-04-15,0.32608360147575843,0.10326369472952483,high
2020-04-16,0.3260990955791373,0.10327122332054352,high
2020-04-17,0.32775403117244095,0.10329467715436785,high
2020-04-20,0.3281635801565039,0.10331393856874643,high
2020-04-21,0.32942851233557224,0.10333403448296209,high
2020-04-22,0.3304065197903622,0.10335999181629775,high
2020-04-23,0.33041996948339325,0.10339078525044493,high
2020-04-24,0.3307791400690632,0.10342595213381986,high
2020-04-27,0.33075935596481804,0.10345091358706253,high
2020-04-28,0.33064598975223136,0.10345109073081293,high
2020-04-29,0.3327635221002038,0.10347285692753716,high
2020-04-30,0.33357784918625066,0.10349900921491478,high
2020-05-01,0.3346996321253505,0.10352663341183463,high
2020-05-04,0.33461092856712593,0.1035528153371855,high
2020-05-05,0.3342023428858333,0.10357461557927164,high
2020-05-06,0.33419302992551336,0.10358419092387106,high
2020-05-07,0.33487083114937366,0.10358651052984087,high
2020-05-08,0.3355045106038837,0.10358654355603816,high
2020-05-11,0.33537098726892783,0.10360355167448099,high
2020-05-12,0.33555902939534205,0.10369654048556937,high
2020-05-13,0.3356422508364458,0.10378718709472547,high
2020-05-14,0.3358503854646078,0.10379716860737151,high
2020-05-15,0.33585096161097516,0.10384353170841686,high
2020-05-18,0.3386231961908604,0.10386373822019761,high
2020-05-19,0.3387064289681611,0.10387087482685978,high
2020-05-20,0.33983451008043014,0.10387802821254936,high
2020-05-21,0.3398881122641113,0.10388721441425208,high
2020-05-22,0.33785005296894965,0.10390133004544229,high
2020-05-26,0.3375352984175088,0.10393008887854292,high
2020-05-27,0.33800844604877484,0.10398320468597688,high
2020-05-28,0.3353287289798362,0.10415160595587,high
2020-05-29,0.3353984879178458,0.1042259330791956,high
2020-06-01,0.3337489409233147,0.1042599368103729,high
2020-06-02,0.3336685087771825,0.10430736790382118,high
2020-06-03,0.33191269538934004,0.10445516288240929,high
2020-06-04,0.33062855123709267,0.10452042713345619,high
2020-06-05,0.3316646032861543,0.10455588035881505,high
2020-06-08,0.317723055951192,0.10461424226033902,high
2020-06-09,0.3166210403633941,0.10468246180893627,high
2020-06-10,0.3061515014121606,0.10472201515988008,high
2020-06-11,0.28422524148095785,0.10474448446899827,high
2020-06-12,0.2703219906856779,0.10476145189211862,high
2020-06-15,0.24192667446892707,0.10487155138655205,high
2020-06-16,0.2412528339021172,0.10499137948885479,high
2020-06-17,0.21836199891038321,0.1050973539983103,high
2020-06-18,0.21831891919145857,0.10516589271420197,high
2020-06-19,0.21838218430848963,0.10517290523085958,high
2020-06-22,0.21839804919499797,0.10521183009263499,high
2020-06-23,0.1999696038870657,0.10526585662143507,high
2020-06-24,0.1997629823234032,0.10531817413916673,high
2020-06-25,0.19200823583643506,0.10534019378807334,high
2020-06-26,0.1900034511137815,0.10550351517314296,high
2020-06-29,0.18818321289767392,0.10567215368655258,high
2020-06-30,0.18758935183307276,0.10571012472047916,high
2020-07-01,0.1770705807263015,0.10575214731879116,high
2020-07-02,0.1756545390176961,0.10577645614583527,high
2020-07-06,0.17435923211854057,0.10579184318736465,high
2020-07-07,0.15928772333109217,0.10580710042913248,high
2020-07-08,0.15944606566279265,0.10586141179862119,high
2020-07-09,0.15683870313682668,0.10588559407927692,high
2020-07-10,0.15358697765277923,0.10592104546247218,high
2020-07-13,0.15296925352042604,0.10600916413957948,high
2020-07-14,0.15126665121816596,0.10604556977726168,high
2020-07-15,0.14904466453915305,0.10606627283324538,high
2020-07-16,0.14935222222792544,0.10607934676802795,high
2020-07-17,0.14654383012543587,0.10609286504210681,high
2020-07-20,0.14493757223431092,0.10617928656347354,high
2020-07-21,0.14054271412063693,0.10622046193743581,high
2020-07-22,0.1392152149222092,0.10623420208255391,high
2020-07-23,0.1398368658702973,0.10623831791738814,high
2020-07-24,0.13995490977376437,0.10627810276826183,high
2020-07-27,0.13968900742773194,0.10629998619284137,high
2020-07-28,0.140070682092015,0.10632179706157949,high
2020-07-29,0.13687489022071572,0.10636136424492894,high
2020-07-30,0.134581227926257,0.10636887110299198,high
2020-07-31,0.12959659459291709,0.10637296070797404,high
2020-08-03,0.12992333253776459,0.10638560273693773,high
2020-08-04,0.130087009173822,0.10641876686694561,high
2020-08-05,0.12887905052446524,0.10645693061206854,high
2020-08-06,0.12794991743364476,0.10656647465329674,high
2020-08-07,0.1273673532734193,0.10666641448180766,high
2020-08-10,0.1269729561421088,0.10667576558877875,high
2020-08-11,0.12623971509097856,0.1067236903678386,high
2020-08-12,0.12543522790063164,0.10674320562106712,high
2020-08-13,0.12587789083837875,0.10674800570360012,high
2020-08-14,0.1261026093589976,0.1067517849705733,high
2020-08-17,0.12047969211327865,0.10682043420325577,high
2020-08-18,0.1194463291752271,0.10688051696272116,high
2020-08-19,0.11783075182407783,0.10694997016017108,high
2020-08-20,0.11714410518098786,0.10704673070680705,high
2020-08-21,0.11702951349447281,0.10708752969331134,high
2020-08-24,0.11608560023357302,0.1071355414852487,high
2020-08-25,0.11510779949674535,0.10717208107764398,high
2020-08-26,0.11506294736456726,0.10717846346552208,high
2020-08-27,0.11550257225510076,0.10728159387192687,high
2020-08-28,0.11528454368976536,0.10744300617562827,high
2020-08-31,0.11524929938506856,0.10757285418956768,high
2020-09-01,0.11476286546225048,0.10758129172668653,high
2020-09-02,0.1148537249061738,0.1076082630882883,high
2020-09-03,0.11748912590087082,0.10762843529712111,high
2020-09-04,0.11735014994382859,0.10764873350317669,high
2020-09-08,0.11940413536619984,0.10767608285644675,high
2020-09-09,0.1211152632613913,0.10775167675379667,high
2020-09-10,0.09850419843337649,0.10777730092150117,normal
2020-09-11,0.09714555208182314,0.10777708782054057,normal
2020-09-14,0.09765867263243287,0.10777687471957997,normal
2020-09-15,0.09679546336121364,0.10775167675379667,normal
2020-09-16,0.09683737838540131,0.10772647878801336,normal
2020-09-17,0.09713954914916731,0.10770128082223006,normal
2020-09-18,0.09791760721712435,0.10767608285644675,normal
2020-09-21,0.09956997265991323,0.10766696640535672,normal
2020-09-22,0.09955160148238693,0.10765784995426671,normal
2020-09-23,0.09836026487172085,0.10764873350317669,normal
2020-09-24,0.09754873279470694,0.10763961705208666,normal
2020-09-25,0.09541818326505017,0.10763402617460388,normal
2020-09-28,0.09599098386611812,0.10762843529712111,normal
2020-09-29,0.09597572681357516,0.10762284441963835,normal
2020-09-30,0.09585625682342269,0.10761725354215557,normal
2020-10-01,0.09557004907926582,0.1076082630882883,normal
2020-10-02,0.09341579298023946,0.10759927263442104,normal
2020-10-05,0.0934257268958493,0.10759028218055379,normal
2020-10-06,0.09355711221933959,0.10758129172668653,normal
2020-10-07,0.09454548952897314,0.10757847921431357,normal
2020-10-08,0.09497377274232391,0.10757566670194063,normal
2020-10-09,0.09468332506749534,0.10757285418956768,normal
2020-10-12,0.09476328486088903,0.10757004167719472,normal
2020-10-13,0.09449229267227066,0.1075065239264115,normal
2020-10-14,0.09450886011643869,0.10744300617562827,normal
2020-10-15,0.0946643142490437,0.10737948842484503,normal
2020-10-16,0.09424692573092196,0.1073159706740618,normal
2020-10-19,0.09525494961445422,0.10728159387192687,normal
2020-10-20,0.09522355839057442,0.10724721706979194,normal
2020-10-21,0.0947932062455278,0.10721284026765701,normal
2020-10-22,0.0943740981453025,0.10717846346552208,normal
2020-10-23,0.09410348929418513,0.10717633600289606,normal
2020-10-26,0.09588000121925326,0.10717420854027002,normal
2020-10-27,0.09425948814885768,0.10717208107764398,normal
2020-10-28,0.10186556918200812,0.10716995361501795,normal
2020-10-29,0.10206425004667169,0.10715274755013332,normal
2020-10-30,0.10238097349668493,0.1071355414852487,normal
2020-11-02,0.1033555743359617,0.10711833542036407,normal
2020-11-03,0.10534306761683189,0.10710112935547944,normal
2020-11-04,0.11023062541438572,0.10708752969331134,high
2020-11-05,0.11313134632129358,0.1071355414852487,high
2020-11-06,0.11317177665023039,0.10717208107764398,high
2020-11-09,0.11352769837284785,0.10717846346552208,high
2020-11-10,0.11260163453068683,0.10728159387192687,high
2020-11-11,0.11260894798891397,0.10744300617562827,high
2020-11-12,0.11295851862043486,0.10757285418956768,high
2020-11-13,0.11397172072717575,0.10758129172668653,high
2020-11-16,0.11497725116794678,0.1076082630882883,high
2020-11-17,0.11457440710980267,0.10762843529712111,high
2020-11-18,0.11521526972786758,0.10764873350317669,high
2020-11-19,0.11542845525659685,0.10767608285644675,high
2020-11-20,0.1149239163910308,0.10775167675379667,high
2020-11-23,0.11498192500236314,0.10777730092150117,high
2020-11-24,0.11592060535460287,0.10778599974095776,high
2020-11-25,0.11556489595327393,0.1078108175935639,high
2020-11-27,0.11542675695107497,0.10781967227880404,high
2020-11-30,0.11645343912283852,0.10783936433194308,high
2020-12-01,0.11632578952057636,0.10785975262195936,high
2020-12-02,0.1154418076113736,0.10787069601783121,high
2020-12-03,0.10978940977502182,0.10791411904491809,high
2020-12-04,0.10897841602017555,0.1079619913205388,high
2020-12-07,0.10588884545093512,0.10801976047975323,normal
2020-12-08,0.10417414365754549,0.1079953892537972,normal
2020-12-09,0.10302217957179975,0.107978690287168,normal
2020-12-10,0.10307849535608017,0.1079619913205388,normal
2020-12-11,0.10230042165108737,0.10794529235390958,normal
2020-12-14,0.10235811297359787,0.10792859338728038,normal
2020-12-15,0.10322302740726512,0.10791411904491809,normal
2020-12-16,0.10290743967478735,0.1078996447025558,normal
2020-12-17,0.10198584475801739,0.1078851703601935,normal
2020-12-18,0.10005203749272401,0.10787069601783121,normal
2020-12-21,0.10073285847756573,0.10786704821920726,normal
2020-12-22,0.0970629784615719,0.10786340042058332,normal
2020-12-23,0.09704835235097892,0.10785975262195936,normal
2020-12-24,0.09661632121638376,0.10785610482333541,normal
2020-12-28,0.09520903958426297,0.10784773457763924,normal
2020-12-29,0.09496373066688085,0.10783936433194308,normal
2020-12-30,0.09500346015390017,0.10783099408624693,normal
2020-12-31,0.09472313014020743,0.10782262384055076,normal
2021-01-04,0.09463675387835951,0.10781967227880404,normal
2021-01-05,0.09416733013033417,0.10781672071705733,normal
2021-01-06,0.09320540357974504,0.10781376915531062,normal
2021-01-07,0.09263553680708314,0.1078108175935639,normal
2021-01-08,0.09241291072459737,0.10780254497602852,normal
2021-01-11,0.09344924622989116,0.10779427235849315,normal
2021-01-12,0.09242673499650833,0.10778599974095776,normal
2021-01-13,0.09193686493421789,0.10777772712342239,normal
2021-01-14,0.09153335403278083,0.10777751402246179,normal
2021-01-15,0.0923145073056703,0.10777730092150117,normal
2021-01-19,0.09286783695655285,0.10777708782054057,normal
2021-01-20,0.09211474758537243,0.10777687471957997,normal
2021-01-21,0.09225705020198909,0.10775167675379667,normal
2021-01-22,0.0922033458429848,0.10772647878801336,normal
2021-01-25,0.09230638284129132,0.10770128082223006,normal
2021-01-26,0.09239048982722063,0.10767608285644675,normal
2021-01-27,0.09538882856984994,0.10766696640535672,normal
2021-01-28,0.09534077515450455,0.10765784995426671,normal
2021-01-29,0.0904684165319836,0.10764873350317669,normal
2021-02-01,0.09247268072947343,0.10763961705208666,normal
2021-02-02,0.09102829982081784,0.10763402617460388,normal
2021-02-03,0.0900089654774101,0.10762843529712111,normal
2021-02-04,0.08844085203269557,0.10762284441963835,normal
2021-02-05,0.08310976441796496,0.10761725354215557,normal
2021-02-08,0.08000662832901496,0.1076082630882883,normal
2021-02-09,0.07982821005417953,0.10759927263442104,normal
2021-02-10,0.07890376768634837,0.10759028218055379,normal
2021-02-11,0.07883734915032152,0.10758129172668653,normal
2021-02-12,0.07847817457980463,0.10757847921431357,normal
2021-02-16,0.07797032514267214,0.10757566670194063,normal
2021-02-17,0.07638521424334375,0.10757285418956768,normal
2021-02-18,0.07589679987882512,0.10757004167719472,normal
2021-02-19,0.07592409192808645,0.1075065239264115,normal
2021-02-22,0.0768843165681919,0.10744300617562827,normal
2021-02-23,0.0765782963861071,0.10737948842484503,normal
2021-02-24,0.0768242147624755,0.1073159706740618,normal
2021-02-25,0.08731630861951392,0.10728159387192687,normal
2021-02-26,0.08575435346453147,0.10724721706979194,normal
2021-03-01,0.08976820632168302,0.10721284026765701,normal
2021-03-02,0.08991520711223609,0.10717846346552208,normal
2021-03-03,0.08996361101308184,0.10717633600289606,normal
2021-03-04,0.09209826169042493,0.10717420854027002,normal
2021-03-05,0.09349510910014515,0.10717208107764398,normal
2021-03-08,0.09446356853939616,0.10716995361501795,normal
2021-03-09,0.09729997612035585,0.10715274755013332,normal
2021-03-10,0.09758888572691835,0.1071355414852487,normal
2021-03-11,0.09864265781609624,0.10711833542036407,normal
2021-03-12,0.09865699443308118,0.10710112935547944,normal
2021-03-15,0.09863915345916485,0.10708752969331134,normal
2021-03-16,0.09862913757072908,0.10707393003114324,normal
2021-03-17,0.09853669807791146,0.10706033036897515,normal
2021-03-18,0.10040552738074551,0.10704673070680705,normal
2021-03-19,0.10044869047982843,0.10701447719126173,normal
2021-03-22,0.10038850115131347,0.1069822236757164,normal
2021-03-23,0.10111098552411231,0.10694997016017108,normal
2021-03-24,0.10115181233115109,0.10691771664462575,normal
2021-03-25,0.10139222541721322,0.10689911680367346,normal
2021-03-26,0.10295007618235232,0.10688051696272116,normal
2021-03-29,0.10331598488420222,0.10686191712176887,normal
2021-03-30,0.10302781527122092,0.10684331728081659,normal
2021-03-31,0.10305877068106478,0.10682043420325577,normal
2021-04-01,0.10457827587252393,0.10679755112569495,normal
2021-04-05,0.10512824122319768,0.10677466804813412,normal
2021-04-06,0.10474114658047746,0.1067517849705733,normal
2021-04-07,0.10438490189017306,0.10675052521491557,normal
2021-04-08,0.10481765251082187,0.10674926545925784,normal
2021-04-09,0.1043362918183486,0.10674800570360012,normal
2021-04-12,0.10398724979184874,0.10674674594794238,normal
2021-04-13,0.1033167847233863,0.10674497578450476,normal
2021-04-14,0.10319831663831508,0.10674320562106712,normal
2021-04-15,0.10443136897538476,0.1067414354576295,normal
2021-04-16,0.10443028417425164,0.10673966529419188,normal
2021-04-19,0.10394259226461416,0.1067236903678386,normal
2021-04-20,0.10393984098921065,0.10670771544148532,normal
2021-04-21,0.10382541899135155,0.10669174051513203,normal
2021-04-22,0.10404004801621342,0.10667576558877875,normal
2021-04-23,0.10482000370366588,0.10667264855312172,normal
2021-04-26,0.10460761619566156,0.1066695315174647,normal
2021-04-27,0.10468303632716541,0.10666641448180766,normal
2021-04-28,0.1001828840713904,0.10666329744615063,normal
2021-04-29,0.10005508062096827,0.10661488604972369,normal
2021-04-30,0.09684671418719022,0.10656647465329674,normal
2021-05-03,0.09455529945596351,0.10651806325686979,normal
2021-05-04,0.09439251069924755,0.10646965186044284,normal
2021-05-05,0.09453132777730136,0.10645693061206854,normal
2021-05-06,0.09459367115850313,0.10644420936369423,normal
2021-05-07,0.09503757980800645,0.10643148811531991,normal
2021-05-10,0.09608671808419304,0.10641876686694561,normal
2021-05-11,0.09688498508782077,0.10640771215694297,normal
2021-05-12,0.10170742498989166,0.10639665744694035,normal
2021-05-13,0.10258996413592596,0.10638560273693773,normal
2021-05-14,0.10531009406355726,0.10637454802693509,normal
2021-05-17,0.10524647860726187,0.10637375436745457,normal
2021-05-18,0.10532284826357645,0.10637296070797404,normal
2021-05-19,0.10514861213609632,0.10637216704849352,normal
2021-05-20,0.1064387163246665,0.106371373389013,high
2021-05-21,0.1052286399115203,0.10637375436745457,normal
2021-05-24,0.10581834032445452,0.10637296070797404,normal
2021-05-25,0.10558041571844573,0.10637216704849352,normal
2021-05-26,0.09717915341924645,0.106371373389013,normal
2021-05-27,0.09717797149693873,0.10636887110299198,normal
2021-05-28,0.0934857729839305,0.10636636881697097,normal
2021-06-01,0.09308177258034267,0.10636386653094995,normal
2021-06-02,0.09128950902241986,0.10636136424492894,normal
2021-06-03,0.08856142422094165,0.10634817518381245,normal
2021-06-04,0.08847081810713289,0.10633498612269597,normal
2021-06-07,0.08701434469515285,0.10632179706157949,normal
2021-06-08,0.08392421511457854,0.106308608000463,normal
2021-06-09,0.08365783707690105,0.10630429709665218,normal
2021-06-10,0.08268272330357064,0.10629998619284137,normal
2021-06-11,0.08191935879364698,0.10629567528903054,normal
2021-06-14,0.08178851081360117,0.10629136438521972,normal
2021-06-15,0.08180509158092152,0.10627810276826183,normal
2021-06-16,0.0828304656531826,0.10626484115130393,normal
2021-06-17,0.07887974566495486,0.10625157953434602,normal
2021-06-18,0.08004010635549881,0.10623831791738814,normal
2021-06-21,0.0803510893599319,0.1062369459724434,normal
2021-06-22,0.07904498176207662,0.10623557402749866,normal
2021-06-23,0.07834536594015629,0.10623420208255391,normal
2021-06-24,0.07861627814434871,0.10623283013760917,normal
2021-06-25,0.07668957438159885,0.10622664603752249,normal
2021-06-28,0.07599703742319129,0.10622046193743581,normal
2021-06-29,0.07600587262690896,0.10621427783734913,normal
2021-06-30,0.07606522525252388,0.10620809373726245,normal
2021-07-01,0.07404152803122177,0.10617928656347354,normal
2021-07-02,0.07360923153495773,0.10615047938968464,normal
2021-07-06,0.07377517855538936,0.10612167221589572,normal
2021-07-07,0.0736475847566672,0.10609286504210681,normal
2021-07-08,0.07431314835049574,0.1060883589507472,normal
2021-07-09,0.07512002195948365,0.10608385285938757,normal
2021-07-12,0.07499755630223934,0.10607934676802795,normal
2021-07-13,0.0753363842238376,0.10607484067666834,normal
2021-07-14,0.07541141530161866,0.10607055675495686,normal
2021-07-15,0.07365041264103787,0.10606627283324538,normal
2021-07-16,0.07449798144349082,0.1060619889115339,normal
2021-07-19,0.07503912254042976,0.10605770498982242,normal
2021-07-20,0.07491316016461307,0.10604556977726168,normal
2021-07-21,0.07406924400234934,0.10603343456470095,normal
2021-07-22,0.07370402349697618,0.10602129935214022,normal
2021-07-23,0.07263772871463267,0.10600916413957948,normal
2021-07-26,0.07271554455589643,0.10597979124721038,normal
2021-07-27,0.07271101233998883,0.10595041835484129,normal
2021-07-28,0.07306034829061116,0.10592104546247218,normal
2021-07-29,0.07310339487242284,0.10589167257010308,normal
2021-07-30,0.07226105762692621,0.1058909657903111,normal
2021-08-02,0.07214245161147499,0.1058902590105191,normal
2021-08-03,0.07161799844383032,0.1058895522307271,normal
2021-08-04,0.07165913732574587,0.10588884545093512,normal
2021-08-05,0.0711218708196372,0.10588651298531403,normal
2021-08-06,0.07094849426503665,0.10588418051969294,normal
2021-08-09,0.06870198217634463,0.10588184805407184,normal
2021-08-10,0.06731311428231791,0.10587951558845075,normal
2021-08-11,0.05902185604919645,0.1058642217724517,normal
2021-08-12,0.05783993352325546,0.10584892795645263,normal
2021-08-13,0.053671874341866994,0.10583363414045358,normal
2021-08-16,0.05356737060854432,0.10581834032445452,normal
2021-08-17,0.05507497001296111,0.105815530350624,normal
2021-08-18,0.055220091948643,0.1058127203767935,normal
2021-08-19,0.05315564066200487,0.10580991040296299,normal
2021-08-20,0.05349690749658737,0.10580710042913248,normal
2021-08-23,0.05379472943822886,0.10580201468187653,normal
2021-08-24,0.05385748500739713,0.10579692893462059,normal
2021-08-25,0.053843572605389314,0.10579184318736465,normal
2021-08-26,0.0545677988011711,0.1057867574401087,normal
2021-08-27,0.05689414869806238,0.10578160679297198,normal
2021-08-30,0.05678274895835105,0.10577645614583527,normal
2021-08-31,0.05673828898621838,0.10577130549869855,normal
2021-09-01,0.05607965936423588,0.10576615485156184,normal
2021-09-02,0.054139520226030184,0.10575214731879116,normal
2021-09-03,0.054170589195473684,0.10573813978602051,normal
2021-09-07,0.05449032515530326,0.10572413225324984,normal
2021-09-08,0.054752825118066874,0.10571012472047916,normal
2021-09-09,0.05428746596694821,0.1056974677091703,normal
2021-09-10,0.05524538102290454,0.10568481069786144,normal
2021-09-13,0.05557825400488457,0.10567215368655258,normal
2021-09-14,0.05568188232650824,0.10565949667524371,normal
2021-09-15,0.054412769187649944,0.10563972643604422,normal
2021-09-16,0.0547984949303864,0.10561995619684472,normal
2021-09-17,0.05496610013243101,0.10560018595764523,normal
2021-09-20,0.057499147583332445,0.10558041571844573,normal
2021-09-21,0.05745831545193273,0.10552219520659485,normal
2021-09-22,0.058778382584438495,0.10546397469474397,normal
2021-09-23,0.058169638816157145,0.1054057541828931,normal
2021-09-24,0.05869510671289054,0.10534753367104221,normal
2021-09-27,0.05866980272469124,0.10534641715748963,normal
2021-09-28,0.06591954792329906,0.10534530064393705,normal
2021-09-29,0.06591202185833198,0.10534418413038447,normal
2021-09-30,0.06628946757944157,0.10534306761683189,normal
2021-10-01,0.06738688541266552,0.10533801277851804,normal
2021-10-04,0.06911847584166676,0.10533295794020417,normal
2021-10-05,0.06919798247196345,0.1053279031018903,normal
2021-10-06,0.06817685488847944,0.10532284826357645,normal
2021-10-07,0.06767379946193758,0.10532167973247403,normal
2021-10-08,0.06767809639850687,0.10532051120137159,normal
2021-10-11,0.06764044746398437,0.10531934267026916,normal
2021-10-12,0.0675229866859907,0.10531817413916673,normal
2021-10-13,0.06858529345527543,0.10531615412026436,normal
2021-10-14,0.07018599042603829,0.105314134101362,normal
2021-10-15,0.06944130527937328,0.10531211408245963,normal
2021-10-18,0.06840159432503369,0.10531009406355726,normal
2021-10-19,0.06819431347511877,0.10529467490988241,normal
2021-10-20,0.06816205508486718,0.10527925575620756,normal
2021-10-21,0.06808035126550165,0.1052638366025327,normal
2021-10-22,0.06811743280285407,0.10524841744885785,normal
2021-10-25,0.06810785038907105,0.10524793273845885,normal
2021-10-26,0.06765303348604307,0.10524744802805985,normal
2021-10-27,0.06759429172617569,0.10524696331766087,normal
2021-10-28,0.06798412613769295,0.10524647860726187,normal
2021-10-29,0.06792891212570915,0.10524201893332648,normal
2021-11-01,0.06771311477980163,0.10523755925939109,normal
2021-11-02,0.06762838309972136,0.1052330995854557,normal
2021-11-03,0.06777951531129028,0.1052286399115203,normal
2021-11-04,0.06758714211549223,0.10521529061774326,normal
2021-11-05,0.06806735296693742,0.10520194132396621,normal
2021-11-08,0.06806747357016622,0.10518859203018915,normal
2021-11-09,0.06790930539698385,0.10517524273641211,normal
2021-11-10,0.07077139555621047,0.10517290523085958,normal
2021-11-11,0.07048512774495562,0.10517056772530704,normal
2021-11-12,0.07075624898389364,0.10516823021975451,normal
2021-11-15,0.06989581377939215,0.10516589271420197,normal
2021-11-16,0.0692924836677858,0.10516157256967557,normal
2021-11-17,0.069126763761701,0.10515725242514914,normal
2021-11-18,0.06880460978866085,0.10515293228062272,normal
2021-11-19,0.06765901907816779,0.10514861213609632,normal
2021-11-22,0.06869408098059616,0.10514351940787166,normal
2021-11-23,0.06888148176241148,0.105138426679647,normal
2021-11-24,0.06847699955188735,0.10513333395142234,normal
2021-11-26,0.06990106522514597,0.10512824122319768,normal
2021-11-29,0.07026133477699983,0.1051148078573182,normal
2021-11-30,0.07123964605198324,0.1051013744914387,normal
2021-12-01,0.07128346976672503,0.10508794112555922,normal
2021-12-02,0.07354052625304676,0.10507450775967973,normal
2021-12-03,0.07369997047908015,0.10503294362426727,normal
2021-12-06,0.0740891365830827,0.10499137948885479,normal
2021-12-07,0.0772613450806607,0.10494981535344232,normal
2021-12-08,0.07727054027295957,0.10490825121802985,normal
2021-12-09,0.07715490985680089,0.10488618933943886,normal
2021-12-10,0.07713675995466031,0.10486412746084786,normal
2021-12-13,0.07749628426642877,0.10484206558225688,normal
2021-12-14,0.07786816997059796,0.10482000370366588,normal
2021-12-15,0.07882937947898544,0.10481941590545488,normal
2021-12-16,0.07797650729545191,0.10481882810724388,normal
2021-12-17,0.07595680041852532,0.10481824030903288,normal
2021-12-20,0.07719636690686776,0.10481765251082187,normal
2021-12-21,0.07837437235857893,0.10480360235614605,normal
2021-12-22,0.07909386250094282,0.10478955220147024,normal
2021-12-23,0.07884190725074082,0.10477550204679444,normal
2021-12-27,0.07999243325905109,0.10476145189211862,normal
2021-12-28,0.07382223232997775,0.10475637556420833,normal
2021-12-29,0.07402425395702197,0.10475129923629804,normal
2021-12-30,0.07344118128667713,0.10474622290838775,normal
2021-12-31,0.0724698242804715,0.10474114658047746,normal
2022-01-03,0.07043456006405827,0.10474056710068097,normal
2022-01-04,0.07023335137709212,0.10473998762088448,normal
2022-01-05,0.07490378425211855,0.10473940814108798,normal
2022-01-06,0.07447615749675662,0.10473882866129149,normal
2022-01-07,0.0744773056064229,0.10473042191058579,normal
2022-01-10,0.0741041585933137,0.10472201515988008,normal
2022-01-11,0.0758425485656942,0.10471360840917437,normal
2022-01-12,0.07529612675245803,0.10470520165846868,normal
2022-01-13,0.07418805973346648,0.10469966032564286,normal
2022-01-14,0.07433356622257763,0.10469411899281705,normal
2022-01-18,0.0798037870824802,0.10468857765999123,normal
2022-01-19,0.07973738123806963,0.10468303632716541,normal
2022-01-20,0.07995553770448217,0.10466583781045882,normal
2022-01-21,0.08120535012687868,0.10464863929375222,normal
2022-01-24,0.08111567742135813,0.10463144077704561,normal
2022-01-25,0.08163259945925763,0.10461424226033902,normal
2022-01-26,0.08238478489960428,0.10461258574416965,normal
2022-01-27,0.08244096403947335,0.10461092922800029,normal
2022-01-28,0.08440891705861148,0.10460927271183093,normal
2022-01-31,0.08812530940497164,0.10460761619566156,normal
2022-02-01,0.08832559379490591,0.10460028111487715,normal
2022-02-02,0.08869323561538814,0.10459294603409275,normal
2022-02-03,0.09245323681103737,0.10458561095330833,normal
2022-02-04,0.09208890350750465,0.10457827587252393,normal
2022-02-07,0.0914088851450962,0.10456781350230304,normal
2022-02-08,0.09181169464289458,0.10455735113208217,normal
2022-02-09,0.0944290425193085,0.10454688876186129,normal
2022-02-10,0.09619499452048155,0.1045364263916404,normal
2022-02-11,0.09677318020471341,0.1045284267625483,normal
2022-02-14,0.0969690873763006,0.10452042713345619,normal
2022-02-15,0.09897122768204306,0.1045124275043641,normal
2022-02-16,0.09917642152226616,0.10450442787527199,normal
2022-02-17,0.10085433978341891,0.10448616315030018,normal
2022-02-18,0.10087433002775419,0.10446789842532837,normal
2022-02-22,0.10165085051614049,0.10444963370035656,normal
2022-02-23,0.1033919998994442,0.10443136897538476,normal
2022-02-24,0.10364409567885641,0.10443109777510148,normal
2022-02-25,0.10768657965131988,0.1044308265748182,high
2022-02-28,0.10569750876221225,0.10444963370035656,high
2022-03-01,0.10603374844199331,0.10450442787527199,high
2022-03-02,0.10561228155026008,0.1045284267625483,high
2022-03-03,0.10565493409269368,0.10455735113208217,high
2022-03-04,0.10439891698086083,0.10458561095330833,normal
2022-03-07,0.1121069383626015,0.10457827587252393,high
2022-03-08,0.11160866042818782,0.10460028111487715,high
2022-03-09,0.11464532824527317,0.10461092922800029,high
2022-03-10,0.11551634710882762,0.10463144077704561,high
2022-03-11,0.11617519040653039,0.10468303632716541,high
2022-03-14,0.11703953154546334,0.10469966032564286,high
2022-03-15,0.11922554198251031,0.10472201515988008,high
2022-03-16,0.1284185018509768,0.10473940814108798,high
2022-03-17,0.12827594446732637,0.10474114658047746,high
2022-03-18,0.1295364640030378,0.10475637556420833,high
2022-03-21,0.13035200710613673,0.10478955220147024,high
2022-03-22,0.130365042989001,0.10481824030903288,high
2022-03-23,0.12896628162991702,0.10482000370366588,high
2022-03-24,0.12891014204563878,0.10488618933943886,high
2022-03-25,0.1287536811123608,0.10499137948885479,high
2022-03-28,0.12807199591477314,0.10508794112555922,high
2022-03-29,0.1310730653556328,0.10512824122319768,high
2022-03-30,0.13107660829222492,0.10514351940787166,high
2022-03-31,0.13204305852544795,0.10515725242514914,high
2022-04-01,0.1323985217881631,0.10516823021975451,high
2022-04-04,0.13295100660435677,0.10517524273641211,high
2022-04-05,0.1358958035279668,0.10521529061774326,high
2022-04-06,0.134855845317294,0.10523755925939109,high
2022-04-07,0.13485753233626582,0.10524696331766087,high
2022-04-08,0.13495177921220444,0.10524841744885785,high
2022-04-11,0.1365530631760474,0.10529467490988241,high
2022-04-12,0.13510980188086028,0.105314134101362,high
2022-04-13,0.13627084321713392,0.10531934267026916,high
2022-04-14,0.1373050219753508,0.10532284826357645,high
2022-04-18,0.13730203800696544,0.10533801277851804,high
2022-04-19,0.13499982979294511,0.10534530064393705,high
2022-04-20,0.13541271773757338,0.1054057541828931,high
2022-04-21,0.1371845347461609,0.10558041571844573,high
2022-04-22,0.13879117959838289,0.10560431509230649,high
2022-04-25,0.13918133617609665,0.10563360782147688,high
2022-04-26,0.14153242165068466,0.10565607473833119,high
2022-04-27,0.14114890055840912,0.10565949667524371,high
2022-04-28,0.14363117461504152,0.10568800574047012,high
2022-04-29,0.14560508749832116,0.10570381674134571,high
2022-05-02,0.14302826375776287,0.10572413225324984,high
2022-05-03,0.14317176739179943,0.10576615485156184,high
2022-05-04,0.14767822741680064,0.10578160679297198,high
2022-05-05,0.154381724941389,0.10579692893462059,high
2022-05-06,0.15501568062218254,0.10580991040296299,high
2022-05-09,0.15787386888332,0.10581834032445452,high
2022-05-10,0.1579504253619577,0.1058642217724517,high
2022-05-11,0.1560585302574909,0.10588418051969294,high
2022-05-12,0.1544273022414418,0.1058895522307271,high
2022-05-13,0.15688752687782598,0.10589167257010308,high
2022-05-16,0.15663189533756944,0.10597979124721038,high
2022-05-17,0.15677744115016032,0.1060214562907864,high
2022-05-18,0.15944908572588332,0.10603973757895059,high
2022-05-19,0.15885097304605392,0.10605770498982242,high
2022-05-20,0.15920941029830027,0.10607055675495686,high
2022-05-23,0.1596452686753896,0.10608385285938757,high
2022-05-24,0.15827381739680782,0.10612167221589572,high
2022-05-25,0.15875942063855553,0.10620809373726245,high
2022-05-26,0.1574215005623923,0.10622664603752249,high
2022-05-27,0.15985464666996732,0.10623557402749866,high
2022-05-31,0.15971360282996916,0.10625157953434602,high
2022-06-01,0.1600847571799322,0.10629136438521972,high
2022-06-02,0.16210046910667222,0.10630429709665218,high
2022-06-03,0.1627842272872022,0.10633498612269597,high
2022-06-06,0.15735887598420242,0.10636386653094995,high
2022-06-07,0.1579143048433978,0.106371373389013,high
2022-06-08,0.15469200980592232,0.10637375436745457,high
2022-06-09,0.15646651866414668,0.10639665744694035,high
2022-06-10,0.15972027777009776,0.10642375423137583,high
2022-06-13,0.16945568554460258,0.1064387163246665,high
2022-06-14,0.1679451347444696,0.10646191797649876,high
2022-06-15,0.1641676253169052,0.10656647465329674,high
2022-06-16,0.16597191418043566,0.10666641448180766,high
2022-06-17,0.1647962779221271,0.10667576558877875,high
2022-06-21,0.16561559692993696,0.1067236903678386,high
2022-06-22,0.16512793351119337,0.10674320562106712,high
2022-06-23,0.16586768513629774,0.10674800570360012,high
2022-06-24,0.16909002343010315,0.1067517849705733,high
2022-06-27,0.16916302679942205,0.10682043420325577,high
2022-06-28,0.1692893381024279,0.10688051696272116,high
2022-06-29,0.16679910427654593,0.10694997016017108,high
2022-06-30,0.16680047728500277,0.10704673070680705,high
2022-07-01,0.16735118058748147,0.10708752969331134,high
2022-07-05,0.16695920213772236,0.1071355414852487,high
2022-07-06,0.16637841983318205,0.10717208107764398,high
2022-07-07,0.16548301784926375,0.10717846346552208,high
2022-07-08,0.1648368759519477,0.10728159387192687,high
2022-07-11,0.16516161165535173,0.10744300617562827,high
2022-07-12,0.16510997726852855,0.10757285418956768,high
2022-07-13,0.16391796081076157,0.10758129172668653,high
2022-07-14,0.16425977772860856,0.1076082630882883,high
2022-07-15,0.16518181168056464,0.10762843529712111,high
2022-07-18,0.16415892626506817,0.10764873350317669,high
2022-07-19,0.16723690494980029,0.10767608285644675,high
2022-07-20,0.1670714952693818,0.10768395545260159,high
2022-07-21,0.1685114767332219,0.10773172718544993,high
2022-07-22,0.16693570358865684,0.10777708782054057,high
2022-07-25,0.16495713522766248,0.10777772712342239,high
2022-07-26,0.16513882804504335,0.10780254497602852,high
2022-07-27,0.16573989695527036,0.10781672071705733,high
2022-07-28,0.16683387243623918,0.10783099408624693,high
2022-07-29,0.16556745370551212,0.10785610482333541,high
2022-08-01,0.16188456696827355,0.10786704821920726,high
2022-08-02,0.1632705414526908,0.1078996447025558,high
2022-08-03,0.16426270889323863,0.10794529235390958,high
2022-08-04,0.160572802132423,0.1079953892537972,high
2022-08-05,0.15174167902177613,0.10806850293166527,high
2022-08-08,0.15081723307621242,0.10810099746423459,high
2022-08-09,0.14713526399444915,0.10811023334414538,high
2022-08-10,0.14928588887957125,0.10811357106403788,high
2022-08-11,0.14913041393727258,0.10821607866185216,high
2022-08-12,0.15065723928505906,0.1082638693330584,high
2022-08-15,0.14873602709448103,0.10827832668686872,high
2022-08-16,0.1487182236389845,0.10828083433249523,high
2022-08-17,0.1485285173963586,0.10832556393101042,high
2022-08-18,0.14435064360961677,0.10836043903750166,high
2022-08-19,0.1468192844988161,0.10839046257151815,high
2022-08-22,0.1490596089567823,0.10842063745260912,high
2022-08-23,0.1484782944380482,0.10844626096898015,high
2022-08-24,0.1484772924548842,0.1084596822764537,high
2022-08-25,0.15003376624936207,0.10847551602134467,high
2022-08-26,0.15315730398077917,0.10850837684996796,high
2022-08-29,0.15126700131489437,0.10857812015717525,high
2022-08-30,0.1512616207479324,0.1086378025417897,high
2022-08-31,0.15110791765578505,0.10868630390810702,high
2022-09-01,0.14922824352529404,0.10872250416042284,high
2022-09-02,0.14816747629095683,0.10873670345438322,high
2022-09-06,0.14901649707637118,0.10877695447466333,high
2022-09-07,0.15079755986216054,0.10881804124557949,high
2022-09-08,0.1501577793481628,0.108834747791448,high
2022-09-09,0.1492980874100266,0.1088685893466395,high
2022-09-12,0.1451517774843354,0.10889373787467002,high
2022-09-13,0.14117938952214668,0.10890912512736724,high
2022-09-14,0.1410178085525544,0.10891368285655877,high
2022-09-15,0.13863217860058163,0.10892763605229042,high
2022-09-16,0.1350213385152564,0.10895535156885493,high
2022-09-19,0.13515580133124683,0.10899467562978982,high
2022-09-20,0.1357753801832202,0.10904345445863262,high
2022-09-21,0.13651728621741446,0.10905759815172858,high
2022-09-22,0.13752461310536473,0.10906766946745451,high
2022-09-23,0.13562247134630265,0.10907410009243654,high
2022-09-26,0.13795083456520804,0.10907732171330076,high
2022-09-27,0.13768105226471325,0.1090888184300645,high
2022-09-28,0.14462828672301808,0.10913389513468963,high
2022-09-29,0.1468832244165061,0.10923526587066475,high
2022-09-30,0.14626741451949934,0.10941564468147848,high
2022-10-03,0.15218287545399653,0.10947203556067522,high
2022-10-04,0.15859779984359826,0.10949383850366351,high
2022-10-05,0.15797200864892813,0.1095030771689205,high
2022-10-06,0.1586951198991919,0.10952177521492346,high
2022-10-07,0.16172862088000026,0.10956375235910018,high
2022-10-10,0.16233740439573446,0.10959598090558142,high
2022-10-11,0.1624625247828742,0.1096195438293336,high
2022-10-12,0.16207705299288763,0.10963552410532307,high
2022-10-13,0.1619802957525646,0.1097040572620413,high
2022-10-14,0.1642892217732487,0.10972693341187446,high
2022-10-17,0.16500341537548013,0.10973638960411668,high
2022-10-18,0.16572335897790463,0.10976466288806207,high
2022-10-19,0.16511549664644545,0.10977295921961963,high
2022-10-20,0.16540921139316447,0.10978256721924698,high
2022-10-21,0.16792325529402333,0.10978991968090303,high
2022-10-24,0.1675879997177742,0.10979144939854668,high
2022-10-25,0.16792298443425016,0.10981100274465223,high
2022-10-26,0.16679580451715795,0.10984010589477675,high
2022-10-27,0.16597176879052072,0.10986773463410858,high
2022-10-28,0.16710622860018043,0.10988286474783608,high
2022-10-31,0.16632225367567108,0.10991405754698072,high
2022-11-01,0.1649038714603148,0.10998308959993364,high
2022-11-02,0.16645110071416785,0.11004890494775035,high
2022-11-03,0.16628071290390256,0.11007044763148632,high
2022-11-04,0.16904372111055502,0.11007216357587951,high
2022-11-07,0.16905479949004462,0.1101515616761733,high
2022-11-08,0.16710482898614487,0.11023044719984845,high
2022-11-09,0.1681368481070907,0.11023062541438572,high
2022-11-10,0.18860722957088935,0.11023288803681666,high
2022-11-11,0.18967005314606633,0.11028100277494726,high
2022-11-14,0.19000513869557836,0.11034096862329013,high
2022-11-15,0.19101640120022634,0.11037878457635779,high
2022-11-16,0.19098587072876805,0.11043050766753763,high
2022-11-17,0.189519875812697,0.11045932819775223,high
2022-11-18,0.18788976567718335,0.11047335717912135,high
2022-11-21,0.18802124087219246,0.11048070562376484,high
2022-11-22,0.1892084149853455,0.11048845709646773,high
2022-11-23,0.18820452749393368,0.11049717321650643,high
2022-11-25,0.18469321627794624,0.11050706108112865,high
2022-11-28,0.18517477363467427,0.11051832778758217,high
2022-11-29,0.18479147445410293,0.11051843463148053,high
2022-11-30,0.1888148299918898,0.11053692867948844,high
2022-12-01,0.18878462470127266,0.11056371699250037,high
2022-12-02,0.1885897324495403,0.11058870663141084,high
2022-12-05,0.1899060937233153,0.11059252286496529,high
2022-12-06,0.18840950088836603,0.11060446357116367,high
2022-12-07,0.18851899828233948,0.11062174561871868,high
2022-12-08,0.1872293726022648,0.11064158587634304,high
2022-12-09,0.18742041815441782,0.11064579177313896,high
2022-12-12,0.18015273601139295,0.11064898312720273,high
2022-12-13,0.18090207988288318,0.11065382749826601,high
2022-12-14,0.18018466166859945,0.1106629924460605,high
2022-12-15,0.18209934085279986,0.11071010067851518,high
2022-12-16,0.1825545750631826,0.11073107025598462,high
2022-12-19,0.18193461566026184,0.11074033726863762,high
2022-12-20,0.18137401886239496,0.11075233780664297,high
2022-12-21,0.18064398362606687,0.11081662332976669,high
2022-12-22,0.17905939478485997,0.11083963553299098,high
2022-12-23,0.17648650561079285,0.11084560965605111,high
2022-12-27,0.17613624566081224,0.11085878093868239,high
2022-12-28,0.1724419464755364,0.11086453522777096,high
2022-12-29,0.17173339425330153,0.11091636271180347,high
2022-12-30,0.1715101794290792,0.11098303400989303,high
2023-01-03,0.16739830990130952,0.11103331974115274,high
2023-01-04,0.163434428641279,0.11108460912693652,high
2023-01-05,0.16340880388465143,0.11121013401519012,high
2023-01-06,0.16673799950691998,0.11132825901453972,high
2023-01-09,0.1624076321525727,0.11135734873361156,high
2023-01-10,0.16123043623158953,0.11154583250454375,high
2023-01-11,0.16142043954917779,0.1116113036436467,high
2023-01-12,0.16197389350281158,0.11162623362025806,high
2023-01-13,0.1608250073687657,0.11166309390371548,high
2023-01-17,0.15737367268027694,0.11168637984409335,high
2023-01-18,0.15470793200406838,0.11171095831599978,high
2023-01-19,0.15466542202009215,0.11173269928335744,high
2023-01-20,0.15254992824849273,0.11174747271008904,high
2023-01-23,0.15165445803271402,0.11176906509843194,high
2023-01-24,0.15004790981303065,0.11179663713086352,high
2023-01-25,0.14997277891629024,0.11182400773786667,high
2023-01-26,0.14716014482120762,0.11184499584992437,high
2023-01-27,0.1472080414944035,0.11186563929335891,high
2023-01-30,0.14860678320583126,0.1118844950576432,high
2023-01-31,0.14864509909376722,0.11193535782251005,high
2023-02-01,0.14882380603361678,0.11205202226769226,high
2023-02-02,0.148911318500873,0.11209320933887418,high
2023-02-03,0.148069909994932,0.11213549131735837,high
2023-02-06,0.14883280687410638,0.11216626133375428,high
2023-02-07,0.14678904567533904,0.11217291251867138,high
2023-02-08,0.1472306407120265,0.11218361875417213,high
2023-02-09,0.14749667999321267,0.11220308430467885,high
2023-02-10,0.14568608157142318,0.11223105627872187,high
2023-02-13,0.11977031709743241,0.11226728178483149,high
2023-02-14,0.11872589353930968,0.11230085815996768,high
2023-02-15,0.11785334431172326,0.11234186136194668,high
2023-02-16,0.11731734788214865,0.11238513267301531,high
2023-02-17,0.11725176611932162,0.11242551337542034,high
2023-02-21,0.12141063998859418,0.11244169242872915,high
2023-02-22,0.12142059304007775,0.11248504617287963,high
2023-02-23,0.12153748664779676,0.11253986858118209,high
2023-02-24,0.12227598292015181,0.11259045362694682,high
2023-02-27,0.12153619575637557,0.11259883930475183,high
2023-02-28,0.12163494351744257,0.1126052912598004,high
2023-03-01,0.12024205806476904,0.11261575857649742,high
2023-03-02,0.12029338808354541,0.11263619033924778,high
2023-03-03,0.1161862277089498,0.11264679472961543,high
2023-03-06,0.11558086298035643,0.11268458570134438,high
2023-03-07,0.11705268457126085,0.11273748820437347,high
2023-03-08,0.11374226075617787,0.11279342718864159,high
2023-03-09,0.11499253788227756,0.11280302946821735,high
2023-03-10,0.11476920805051782,0.11286857162555161,high
2023-03-13,0.11463146945411583,0.11293432319524319,high
2023-03-14,0.11402680387142558,0.11294455371189083,high
2023-03-15,0.11387644225596834,0.11295502739329885,high
2023-03-16,0.11327203856537277,0.11304493247086422,high
2023-03-17,0.11340825002094328,0.11313161931071478,high
2023-03-20,0.11027242240543736,0.11313243827897836,normal
2023-03-21,0.11008955154989537,0.11313216528955716,normal
2023-03-22,0.10906134578616229,0.11313189230013597,normal
2023-03-23,0.10900685287334395,0.11313161931071478,normal
2023-03-24,0.10770208427070553,0.11313134632129358,normal
2023-03-27,0.10696539447944202,0.1130881393960789,normal
2023-03-28,0.10696242569473198,0.11304493247086422,normal
2023-03-29,0.10729317900849995,0.11300172554564955,normal
2023-03-30,0.10592709841065989,0.11295851862043486,normal
2023-03-31,0.10424968301097379,0.11295502739329885,normal
2023-04-03,0.10351224736362195,0.11295153616616285,normal
2023-04-04,0.10337153906997737,0.11294804493902684,normal
2023-04-05,0.10130068032744617,0.11294455371189083,normal
2023-04-06,0.10043895951706676,0.11294114353967494,normal
2023-04-10,0.09296500096276043,0.11293773336745906,normal
2023-04-11,0.09288391225189975,0.11293432319524319,normal
2023-04-12,0.09292212459558764,0.1129309130230273,normal
2023-04-13,0.09216734032608784,0.11289974232428945,normal
2023-04-14,0.09091530010299183,0.11286857162555161,normal
2023-04-17,0.09093130118074379,0.11283740092681378,normal
2023-04-18,0.09085031422366088,0.11280623022807594,normal
2023-04-19,0.09099888176278847,0.11280302946821735,normal
2023-04-20,0.09075164033617866,0.11279982870835877,normal
2023-04-21,0.08994753687281516,0.11279662794850018,normal
2023-04-24,0.08970019040514221,0.11279342718864159,normal
2023-04-25,0.0906196437395276,0.11277478086055222,normal
2023-04-26,0.09077860108288215,0.11275613453246285,normal
2023-04-27,0.09171945546405126,0.11273748820437347,normal
2023-04-28,0.09274124465092806,0.1127188418762841,normal
2023-05-01,0.09208131716334772,0.11270171378881425,normal
2023-05-02,0.09044510373049677,0.11268458570134438,normal
2023-05-03,0.08806862884333172,0.1126674576138745,normal
2023-05-04,0.08767964352798642,0.11265032952640465,normal
2023-05-05,0.08647103106706354,0.11264679472961543,normal
2023-05-08,0.0848282306336664,0.11264325993282621,normal
2023-05-09,0.08456520421721195,0.112639725136037,normal
2023-05-10,0.0846344700742626,0.11263619033924778,normal
2023-05-11,0.08393166126373833,0.11262937975166433,normal
2023-05-12,0.08415638985813337,0.11262256916408087,normal
2023-05-15,0.08285357401565116,0.11261575857649742,normal
2023-05-16,0.08382305871688053,0.11260894798891397,normal
2023-05-17,0.0843705479696693,0.11260711962435718,normal
2023-05-18,0.082755900979638,0.1126052912598004,normal
2023-05-19,0.08279738319570486,0.11260346289524362,normal
2023-05-22,0.07618764439966205,0.11260163453068683,normal
2023-05-23,0.07751069305294767,0.11259883930475183,normal
2023-05-24,0.07815508023882847,0.11259604407881682,normal
2023-05-25,0.07453537472686629,0.11259324885288183,normal
2023-05-26,0.07619034488500162,0.11259045362694682,normal
2023-05-30,0.07598411322857952,0.11257359194502524,normal
2023-05-31,0.0762297237229228,0.11255673026310367,normal
2023-06-01,0.07790133148043675,0.11253986858118209,normal
2023-06-02,0.07491900709803488,0.11252300689926051,normal
2023-06-05,0.07495652974571937,0.11250402653607007,normal
2023-06-06,0.07263222213286867,0.11248504617287963,normal
2023-06-07,0.07360052661057095,0.11246606580968918,normal
2023-06-08,0.0719696819824975,0.11244708544649874,normal
2023-06-09,0.0720158764421523,0.11244169242872915,normal
2023-06-12,0.07244137286591744,0.11243629941095953,normal
2023-06-13,0.07216074383049602,0.11243090639318994,normal
2023-06-14,0.07164048965339553,0.11242551337542034,normal
2023-06-15,0.07289515120147555,0.11241205314128533,normal
2023-06-16,0.07296111169066245,0.11239859290715032,normal
2023-06-20,0.07344564124979353,0.11238513267301531,normal
2023-06-21,0.07277504327468384,0.1123716724388803,normal
2023-06-22,0.07291129486790593,0.11235676690041349,normal
2023-06-23,0.07363712318576575,0.11234186136194668,normal
2023-06-26,0.07355264316686284,0.11232695582347989,normal
2023-06-27,0.07368376799080585,0.11231205028501308,normal
2023-06-28,0.07370090986102416,0.11230085815996768,normal
2023-06-29,0.07286531254255775,0.11228966603492228,normal
2023-06-30,0.07406255170419743,0.11227847390987689,normal
2023-07-03,0.0721188206232774,0.11226728178483149,normal
2023-07-05,0.07265247306993323,0.11225520661612828,normal
2023-07-06,0.0764573401158304,0.11224313144742508,normal
2023-07-07,0.07644443016134751,0.11223105627872187,normal
2023-07-10,0.07669976247927211,0.11221898111001867,normal
2023-07-11,0.07739673883020892,0.11221103270734877,normal
2023-07-12,0.08075508678559436,0.11220308430467885,normal
2023-07-13,0.08277505601276508,0.11219513590200894,normal
2023-07-14,0.08235980498443622,0.11218718749933904,normal
2023-07-17,0.08185373037410197,0.11218361875417213,normal
2023-07-18,0.08206438138435274,0.11218005000900522,normal
2023-07-19,0.08213820497061299,0.11217648126383829,normal
2023-07-20,0.08334984614896271,0.11217291251867138,normal
2023-07-21,0.08334355139553508,0.11217069545703234,normal
2023-07-24,0.08333691727938071,0.11216847839539332,normal
2023-07-25,0.08325348988628034,0.11216626133375428,normal
2023-07-26,0.08205011189125533,0.11216404427211524,normal
2023-07-27,0.08405532991792572,0.1121497677947368,normal
2023-07-28,0.08464117039916241,0.11213549131735837,normal
2023-07-31,0.0837520648122874,0.11212121483997993,normal
2023-08-01,0.08400777576128893,0.1121069383626015,normal
2023-08-02,0.08757588252517916,0.11209320933887418,normal
2023-08-03,0.08825492453772397,0.11207948031514688,normal
2023-08-04,0.08817145965887617,0.11206575129141957,normal
2023-08-07,0.0868101673358674,0.11205202226769226,normal
2023-08-08,0.08663704163077077,0.11201313411929818,normal
2023-08-09,0.08643780091065566,0.11197424597090411,normal
2023-08-10,0.08627864719296345,0.11193535782251005,normal
2023-08-11,0.08676067914437921,0.11189646967411597,normal
2023-08-14,0.08623124073336644,0.11189048236587959,normal
2023-08-15,0.08788237146528179,0.1118844950576432,normal
2023-08-16,0.08797987233089223,0.1118785077494068,normal
2023-08-17,0.08788077276820438,0.11187252044117042,normal
2023-08-18,0.08790967643122298,0.11186563929335891,normal
2023-08-21,0.08788488475846833,0.1118587581455474,normal
2023-08-22,0.08786554898235238,0.11185187699773588,normal
2023-08-23,0.0903549023650589,0.11184499584992437,normal
2023-08-24,0.09102902534043229,0.11183799981257181,normal
2023-08-25,0.09127206680781899,0.11183100377521923,normal
2023-08-28,0.09022467213330604,0.11182400773786667,normal
2023-08-29,0.09288096088272504,0.11181701170051411,normal
2023-08-30,0.09262218096392444,0.11180682441568882,normal
2023-08-31,0.09120545134884252,0.11179663713086352,normal
2023-09-01,0.0901119676684121,0.11178644984603821,normal
2023-09-05,0.0912323827276344,0.11177626256121291,normal
2023-09-06,0.09101897337327808,0.11176906509843194,normal
2023-09-07,0.09044137158725755,0.11176186763565098,normal
2023-09-08,0.08939936894768079,0.11175467017287001,normal
2023-09-11,0.08973261698493452,0.11174747271008904,normal
2023-09-12,0.08930792031661922,0.11174254823451184,normal
2023-09-13,0.08914596579800657,0.11173762375893465,normal
2023-09-14,0.08958084894877681,0.11173269928335744,normal
2023-09-15,0.08795234512370413,0.11172777480778023,normal
2023-09-18,0.08773153872534956,0.11171936656189001,normal
2023-09-19,0.08748522781145975,0.11171095831599978,normal
2023-09-20,0.0877465714886404,0.11170255007010954,normal
2023-09-21,0.0919231232947775,0.11169414182421931,normal
2023-09-22,0.09161040508356189,0.11168637984409335,normal
2023-09-25,0.09186848089191581,0.1116786178639674,normal
2023-09-26,0.0926850051625145,0.11167085588384144,normal
2023-09-27,0.09259244455626953,0.11166309390371548,normal
2023-09-28,0.09308179226318819,0.11165080714256301,normal
2023-09-29,0.09121050455063108,0.11163852038141053,normal
2023-10-02,0.09217328842425666,0.11162623362025806,normal
2023-10-03,0.0946021131027438,0.11161394685910558,normal
2023-10-04,0.09291513414270289,0.11161262525137614,normal
2023-10-05,0.0929369883791025,0.1116113036436467,normal
2023-10-06,0.09314703471533242,0.11160998203591727,normal
2023-10-09,0.0934229730499081,0.11160866042818782,normal
2023-10-10,0.09068894470779777,0.11154583250454375,normal
2023-10-11,0.08905480304308011,0.11148300458089969,normal
2023-10-12,0.09069382241844694,0.11142017665725562,normal
2023-10-13,0.09048453074979895,0.11135734873361156,normal
2023-10-16,0.09026399600233596,0.11134765216058762,normal
2023-10-17,0.09007427752900551,0.11133795558756367,normal
2023-10-18,0.09181042748190034,0.11132825901453972,normal
2023-10-19,0.09293405675040049,0.11131856244151578,normal
2023-10-20,0.09301767762280311,0.11126434822835295,normal
2023-10-23,0.09309845010955045,0.11121013401519012,normal
2023-10-24,0.09410963695766711,0.11115591980202728,normal
2023-10-25,0.0951198182644963,0.11110170558886445,normal
2023-10-26,0.09273744850861074,0.11108460912693652,normal
2023-10-27,0.09247793429686345,0.1110675126650086,normal
2023-10-30,0.09267899402315007,0.11105041620308068,normal
2023-10-31,0.09034886042100423,0.11103331974115274,normal
2023-11-01,0.09341159477340977,0.11101655783073283,normal
2023-11-02,0.09905574589306225,0.11099979592031292,normal
2023-11-03,0.1013262615622882,0.11098303400989303,normal
2023-11-06,0.10136766803796986,0.11096627209947311,normal
2023-11-07,0.10155149596041013,0.11094131740563828,normal
2023-11-08,0.1015097117318804,0.11091636271180347,normal
2023-11-09,0.102581459704474,0.11089140801796864,normal
2023-11-10,0.10396407505832306,0.1108664533241338,normal
2023-11-13,0.10262791033156302,0.11086453522777096,normal
2023-11-14,0.11068365506710397,0.1108626171314081,normal
2023-11-15,0.11032877158523824,0.11086069903504524,normal
2023-11-16,0.11035779165742042,0.11085878093868239,normal
2023-11-17,0.11061585920592318,0.11085439051113863,normal
2023-11-20,0.11111897325311726,0.11085000008359487,high
2023-11-21,0.10842480498908785,0.11086069903504524,normal
2023-11-22,0.10695409902822305,0.11085878093868239,normal
2023-11-24,0.10676265892214006,0.11085439051113863,normal
2023-11-27,0.10619081887123395,0.11085000008359487,normal
2023-11-28,0.10389509783459866,0.11084560965605111,normal
2023-11-29,0.104017627885992,0.11084121922850736,normal
2023-11-30,0.10399174756529767,0.11084042738074917,normal
2023-12-01,0.10579559383439079,0.11083963553299098,normal
2023-12-04,0.10518980080834624,0.11083884368523278,normal
2023-12-05,0.10492568736599481,0.1108380518374746,normal
2023-12-06,0.10485747077075797,0.11081662332976669,normal
2023-12-07,0.10500788371257468,0.11079519482205878,normal
2023-12-08,0.10480562236502257,0.11077376631435087,normal
2023-12-11,0.1047348588783887,0.11075233780664297,normal
2023-12-12,0.10485671389739318,0.11074833762730785,normal
2023-12-13,0.1088611166526436,0.11074433744797274,normal
2023-12-14,0.10941410086119302,0.11074033726863762,normal
2023-12-15,0.10972417624259671,0.1107363370893025,normal
2023-12-18,0.10946255052999361,0.11073370367264357,normal
2023-12-19,0.1094258880757316,0.11073107025598462,normal
2023-12-20,0.10614448139363146,0.11072843683932568,normal
2023-12-21,0.10679530602008784,0.11072580342266675,normal
2023-12-22,0.10632261640670632,0.11071526633377606,normal
2023-12-26,0.10432050709837623,0.11070472924488536,normal
2023-12-27,0.10451050343772059,0.11069419215599466,normal
2023-12-28,0.10449406511332399,0.11068365506710397,normal
2023-12-29,0.1047319191806559,0.1106784894118431,normal
2024-01-02,0.10455014003773051,0.11067332375658223,normal
2024-01-03,0.10150596435463101,0.11066815810132136,normal
2024-01-04,0.1018027132632544,0.1106629924460605,normal
2024-01-05,0.10195438319799792,0.11065993746346234,normal
2024-01-08,0.10294366426562178,0.11065688248086417,normal
2024-01-09,0.10287039006236215,0.11065382749826601,normal
2024-01-10,0.10257861420231988,0.11065077251566785,normal
2024-01-11,0.10225082430306065,0.11064987782143529,normal
2024-01-12,0.09959363142657891,0.11064898312720273,normal
2024-01-16,0.10240697705644232,0.11064808843297017,normal
2024-01-17,0.10337650075899935,0.1106471937387376,normal
2024-01-18,0.10311669186583214,0.11064579177313896,normal
2024-01-19,0.10004558197343016,0.11064438980754032,normal
2024-01-22,0.09792988720894887,0.11064298784194168,normal
2024-01-23,0.09708514038606611,0.11064158587634304,normal
2024-01-24,0.09709844985592352,0.11063515420873807,normal
2024-01-25,0.09678713353583268,0.11062872254113311,normal
2024-01-26,0.09294446770578504,0.11062229087352815,normal
2024-01-29,0.09310417443889304,0.11061585920592318,normal
2024-01-30,0.09275415966937331,0.11061567745432002,normal
2024-01-31,0.0935888585875677,0.11061549570271687,normal
2024-02-01,0.09509884683201407,0.11061531395111372,normal
2024-02-02,0.09388021639443789,0.11061513219951057,normal
2024-02-05,0.09088835747906561,0.11060979788533712,normal
2024-02-06,0.08978045859410533,0.11060446357116367,normal
2024-02-07,0.0894569549668888,0.11059912925699023,normal
2024-02-08,0.08964042531631616,0.11059379494281678,normal
2024-02-09,0.0896888868054882,0.11059252286496529,normal
2024-02-12,0.08726330319955035,0.1105912507871138,normal
2024-02-13,0.09255667670933877,0.11058997870926232,normal
2024-02-14,0.09371749045580295,0.11058870663141084,normal
2024-02-15,0.0851238201485937,0.11058037675177401,normal
2024-02-16,0.08538033670039502,0.11057204687213719,normal
2024-02-20,0.08545708908881626,0.11056371699250037,normal
2024-02-21,0.0853499671107074,0.11055538711286354,normal
2024-02-22,0.08673671458256035,0.11054615789617599,normal
2024-02-23,0.08650410623099931,0.11053692867948844,normal
2024-02-26,0.08675680655693083,0.11052769946280089,normal
2024-02-27,0.08668606535803325,0.11051847024611333,normal
2024-02-28,0.08690924473591279,0.11051843463148053,normal
2024-02-29,0.08692734242821434,0.11051839901684775,normal
2024-03-01,0.08802990795839412,0.11051836340221496,normal
2024-03-04,0.0881487999185358,0.11051832778758217,normal
2024-03-05,0.0865318626832858,0.11051457221876433,normal
2024-03-06,0.08631583824358467,0.1105108166499465,normal
2024-03-07,0.08695985380405273,0.11050706108112865,normal
2024-03-08,0.08721823350255828,0.11050330551231081,normal
2024-03-11,0.08727555889797803,0.11050023936440861,normal
2024-03-12,0.08734820489327275,0.11049717321650643,normal
2024-03-13,0.08747429019246993,0.11049410706860424,normal
2024-03-14,0.08865956018937649,0.11049104092070204,normal
2024-03-15,0.083718842825314,0.11048845709646773,normal
2024-03-18,0.08175085656020373,0.11048587327223344,normal
2024-03-19,0.08150614938752823,0.11048328944799915,normal
2024-03-20,0.08258138300255398,0.11048070562376484,normal
2024-03-21,0.08197997963264322,0.11047825614221701,normal
2024-03-22,0.08062113271669667,0.11047580666066918,normal
2024-03-25,0.07974431848130485,0.11047335717912135,normal
2024-03-26,0.07975245085928392,0.11047090769757352,normal
2024-03-27,0.08049068584067129,0.11046511794766287,normal
2024-03-28,0.07978098777573721,0.11045932819775223,normal
2024-04-01,0.08065950444117363,0.11045353844784157,normal
2024-04-02,0.08094865257728658,0.11044774869793092,normal
2024-04-03,0.07961215396415028,0.11043050766753763,normal
2024-04-04,0.07947253347593475,0.11041326663714435,normal
2024-04-05,0.07896166730336958,0.11039602560675107,normal
2024-04-08,0.07887397030168991,0.11037878457635779,normal
2024-04-09,0.07707920267931949,0.11037353634662345,normal
2024-04-10,0.08168072553122557,0.1103682881168891,normal
2024-04-11,0.08177627499861423,0.11036303988715476,normal
2024-04-12,0.08361582199798039,0.11035779165742042,normal
2024-04-15,0.08572279376796699,0.11035053663937487,normal
2024-04-16,0.0835989952540511,0.11034328162132934,normal
2024-04-17,0.08265104233166205,0.11033602660328379,normal
2024-04-18,0.08244609777726665,0.11032877158523824,normal
2024-04-19,0.08176408207492468,0.11032866951532891,normal
2024-04-22,0.08259199803026052,0.11032856744541958,normal
2024-04-23,0.08382526507880704,0.11032846537551023,normal
2024-04-24,0.08391987589531832,0.1103283633056009,normal
2024-04-25,0.08372503554169584,0.11031437808056002,normal
2024-04-26,0.08485902485896517,0.11030039285551912,normal
2024-04-29,0.08440540612502351,0.11028640763047824,normal
2024-04-30,0.08745977248522421,0.11027242240543736,normal
2024-05-01,0.08686172767796034,0.11026272736515143,normal
2024-05-02,0.08685916567752434,0.1102530323248655,normal
2024-05-03,0.08840989914358642,0.11024333728457957,normal
2024-05-06,0.087848117962123,0.11023364224429363,normal
2024-05-07,0.08689508664296869,0.11023288803681666,normal
2024-05-08,0.08696923521835487,0.11023213382933968,normal
2024-05-09,0.08731347165386519,0.11023137962186269,normal
2024-05-10,0.08721565948653888,0.11023062541438572,normal
2024-05-13,0.08716846930795999,0.11023056600953997,normal
2024-05-14,0.08164265153495877,0.11023050660469422,normal
2024-05-15,0.0824279036859064,0.11023044719984845,normal
2024-05-16,0.08165837165590428,0.1102303877950027,normal
2024-05-17,0.08130266145697179,0.11019517873372586,normal
2024-05-20,0.0812740549299736,0.11015996967244904,normal
2024-05-21,0.08120390601443891,0.11012476061117221,normal
2024-05-22,0.07939430142324322,0.11008955154989537,normal
2024-05-23,0.0804189160711174,0.1100853475517575,normal
2024-05-24,0.08072855178770888,0.11008114355361964,normal
2024-05-28,0.08097769450124624,0.11007693955548178,normal
2024-05-29,0.08305376401157678,0.11007273555734391,normal
2024-05-30,0.08295765477955112,0.11007216357587951,normal
2024-05-31,0.08211510110886817,0.11007159159441512,normal
2024-06-03,0.08245284035690523,0.11007101961295072,normal
2024-06-04,0.0823270370219678,0.11007044763148632,normal
2024-06-05,0.08310815289469235,0.11006326673690767,normal
2024-06-06,0.08220247028806027,0.11005608584232901,normal
2024-06-07,0.08376963747594188,0.11004890494775035,normal
2024-06-10,0.08369386301092974,0.1100417240531717,normal
2024-06-11,0.0834031847659266,0.11001240682655267,normal
2024-06-12,0.08491972852084986,0.10998308959993364,normal
2024-06-13,0.08378631736421704,0.10995377237331462,normal
2024-06-14,0.08357270831368112,0.10992445514669559,normal
2024-06-17,0.0836120030594687,0.10991405754698072,normal
2024-06-18,0.08384903723452318,0.10990365994726584,normal
2024-06-20,0.08293903456834867,0.10989326234755095,normal
2024-06-21,0.0829700497531107,0.10988286474783608,normal
2024-06-24,0.08296459483358974,0.10987782137659358,normal
2024-06-25,0.0828159980689474,0.10987277800535108,normal
2024-06-26,0.08323486272426762,0.10986773463410858,normal
2024-06-27,0.0822211728939214,0.10986269126286607,normal
2024-06-28,0.08258447618467155,0.10985139857882141,normal
2024-07-01,0.08191994509532766,0.10984010589477675,normal
2024-07-02,0.08186605982169462,0.10982881321073208,normal
2024-07-03,0.08307315247705975,0.10981752052668742,normal
2024-07-05,0.08293251485260411,0.10981100274465223,normal
2024-07-08,0.08293014085895963,0.10980448496261705,normal
2024-07-09,0.08297308481709,0.10979796718058187,normal
2024-07-10,0.08375359266476808,0.10979144939854668,normal
2024-07-11,0.07869589819655702,0.10979093949266547,normal
2024-07-12,0.07918203887948187,0.10979042958678426,normal
2024-07-15,0.07721504001056304,0.10978991968090303,normal
2024-07-16,0.07527682704732686,0.10978940977502182,normal
2024-07-17,0.07599353071512675,0.1097859884971344,normal
2024-07-18,0.07792090933900468,0.10978256721924698,normal
2024-07-19,0.0788637999547809,0.10977914594135957,normal
2024-07-22,0.07912815645492793,0.10977572466347216,normal
2024-07-23,0.07863008069894549,0.10977295921961963,normal
2024-07-24,0.08263096434947101,0.1097701937757671,normal
2024-07-25,0.08251978389853112,0.1097674283319146,normal
2024-07-26,0.0837719964288184,0.10976466288806207,normal
2024-07-29,0.08291334820151831,0.10975523846008027,normal
2024-07-30,0.08257294938457847,0.10974581403209847,normal
2024-07-31,0.08198053012268208,0.10973638960411668,normal
2024-08-01,0.084878699701021,0.10972696517613488,normal
2024-08-02,0.08348031553587279,0.10972694929400467,normal
2024-08-05,0.088171871656878,0.10972693341187446,normal
2024-08-06,0.08752022628254924,0.10972691752974426,normal
2024-08-07,0.08775504507540642,0.10972690164761405,normal
2024-08-08,0.090617610005197,0.10972622029635971,normal
2024-08-09,0.09055268181796108,0.10972553894510538,normal
2024-08-12,0.0905202614317117,0.10972485759385105,normal
2024-08-13,0.09321942525868594,0.10972417624259671,normal
2024-08-14,0.09285875530316469,0.1097020132082783,normal
2024-08-15,0.09157976624896698,0.1096798501739599,normal
2024-08-16,0.09163619479650635,0.10965768713964148,normal
2024-08-19,0.09254034126322096,0.10963552410532307,normal
2024-08-20,0.092559987539171,0.10963019734665991,normal
2024-08-21,0.09282109222543707,0.10962487058799675,normal
2024-08-22,0.09371939041108943,0.1096195438293336,normal
2024-08-23,0.09496027119610512,0.10961421707067044,normal
2024-08-26,0.09491957578788734,0.10960509898812594,normal
2024-08-27,0.09463695428714182,0.10959598090558142,normal
2024-08-28,0.09290133868914444,0.10958686282303692,normal
2024-08-29,0.09290099884098457,0.10957774474049242,normal
2024-08-30,0.09245310508576174,0.10956375235910018,normal
2024-09-03,0.09443976409400508,0.10954975997770794,normal
2024-09-04,0.09444838587880827,0.1095357675963157,normal
2024-09-05,0.0930961958775457,0.10952177521492346,normal
2024-09-06,0.09559536301133223,0.10951554253292248,normal
2024-09-09,0.09478213592962818,0.1095093098509215,normal
2024-09-10,0.09480939376408941,0.1095030771689205,normal
2024-09-11,0.0951401534507811,0.10949684448691953,normal
2024-09-12,0.09416921252158107,0.10949534149529151,normal
2024-09-13,0.0944871875234519,0.10949383850366351,normal
2024-09-16,0.0946126264630833,0.1094923355120355,normal
2024-09-17,0.09464167016408949,0.10949083252040748,normal
2024-09-18,0.0947955055231057,0.10948376202280401,normal
2024-09-19,0.09676124853678283,0.10947669152520054,normal
2024-09-20,0.0969226948273368,0.10946962102759708,normal
2024-09-23,0.09693046087321464,0.10946255052999361,normal
2024-09-24,0.09741180684267631,0.10945338491642811,normal
2024-09-25,0.09774662089541593,0.1094442193028626,normal
2024-09-26,0.098877572462306,0.1094350536892971,normal
2024-09-27,0.0984411477718644,0.1094258880757316,normal
2024-09-30,0.0983716365686152,0.10942332722716833,normal
2024-10-01,0.09822955493172145,0.10942076637860504,normal
2024-10-02,0.09729756699562866,0.10941820553004175,normal
2024-10-03,0.09781789908366,0.10941564468147848,normal
2024-10-04,0.09783999841420737,0.10941525872640712,normal
2024-10-07,0.09844085785702725,0.10941487277133574,normal
2024-10-08,0.09762076523175905,0.10941448681626438,normal
2024-10-09,0.09751941407504473,0.10941410086119302,normal
2024-10-10,0.09699774366206186,0.10935436054599314,normal
2024-10-11,0.09709146181810255,0.10929462023079325,normal
2024-10-14,0.09620157280881113,0.10923487991559339,normal
2024-10-15,0.09558805582202289,0.1091751396003935,normal
2024-10-16,0.09456101866049513,0.10915451736754156,normal
2024-10-17,0.0940283366274062,0.10913389513468963,normal
2024-10-18,0.09356290247614865,0.1091132729018377,normal
2024-10-21,0.09491086867441058,0.10909265066898576,normal
2024-10-22,0.09085471314421642,0.1090888184300645,normal
2024-10-23,0.09193491021073548,0.10908498619114326,normal
2024-10-24,0.09033034111453407,0.10908115395222201,normal
2024-10-25,0.09044287266264406,0.10907732171330076,normal
2024-10-28,0.09051576465846645,0.10907624783967934,normal
2024-10-29,0.08735485830434452,0.10907517396605794,normal
2024-10-30,0.08521234824521029,0.10907410009243654,normal
2024-10-31,0.08657258765522989,0.10907302621881512,normal
2024-11-01,0.07997811577691225,0.10907034784313482,normal
2024-11-04,0.08012798242081985,0.10906766946745451,normal
2024-11-05,0.08126494969296924,0.1090649910917742,normal
2024-11-06,0.07827521796511162,0.1090623127160939,normal
2024-11-07,0.0803791519636781,0.109062070983611,normal
2024-11-08,0.08048677018155982,0.10906182925112809,normal
2024-11-11,0.07746282542431632,0.1090615875186452,normal
2024-11-12,0.08013456633538289,0.10906134578616229,normal
2024-11-13,0.07927272997012474,0.10905687295427988,normal
2024-11-14,0.07915949862059184,0.10905240012239745,normal
2024-11-15,0.07860863405237654,0.10904792729051503,normal
2024-11-18,0.07902945258592496,0.10904345445863262,normal
2024-11-19,0.07870660115783916,0.10903430406231045,normal
2024-11-20,0.07747775587974082,0.10902515366598828,normal
2024-11-21,0.0742040870320029,0.10901600326966612,normal
2024-11-22,0.07421851205947494,0.10900685287334395,normal
2024-11-25,0.07587568958324457,0.10899974366005186,normal
2024-11-26,0.07551541760955137,0.10899263444675975,normal
2024-11-27,0.0755783707590647,0.10898552523346765,normal
2024-11-29,0.076544525901839,0.10897841602017555,normal
2024-12-02,0.07398156356683681,0.10896688379451525,normal
2024-12-03,0.07398930446743412,0.10895535156885493,normal
2024-12-04,0.0744196210025498,0.10894381934319461,normal
2024-12-05,0.07114945667134898,0.1089322871175343,normal
2024-12-06,0.07015505607814464,0.10892763605229042,normal
2024-12-09,0.07021272147140212,0.10892298498704653,normal
2024-12-10,0.07055058084799183,0.10891833392180265,normal
2024-12-11,0.07019449252635238,0.10891368285655877,normal
2024-12-12,0.07086401435939438,0.10891216361349493,normal
2024-12-13,0.07074449227275702,0.10891064437043108,normal
2024-12-16,0.07074420646863078,0.10890912512736724,normal
2024-12-17,0.07044403589760147,0.1089076058843034,normal
2024-12-18,0.07918932983744448,0.10890067187948671,normal
2024-12-19,0.07919800395737649,0.10889373787467002,normal
2024-12-20,0.08004203069050737,0.10888680386985335,normal
2024-12-23,0.07918986271898235,0.10887986986503666,normal
2024-12-24,0.07940651489117154,0.1088751815619384,normal
2024-12-26,0.07748865866617737,0.10887049325884013,normal
2024-12-27,0.07832323723926597,0.10886580495574186,normal
2024-12-30,0.07848914270008106,0.1088611166526436,normal
2024-12-31,0.07852718423255221,0.1088545244373447,normal
2025-01-02,0.0785155285377925,0.1088479322220458,normal
2025-01-03,0.07855215004951611,0.1088413400067469,normal
2025-01-06,0.07867311815535359,0.108834747791448,normal
2025-01-07,0.07920276700318923,0.10882917894282516,normal
2025-01-08,0.07918581115420315,0.10882361009420233,normal
2025-01-10,0.08271693431964355,0.10881804124557949,normal
2025-01-13,0.08272257441253714,0.10881247239695666,normal
2025-01-14,0.08245086111369053,0.10879471343580999,normal
2025-01-15,0.08754775709539024,0.10877695447466333,normal
2025-01-16,0.08716623328352992,0.10875919551351668,normal
2025-01-17,0.0873278049519728,0.10874143655237001,normal
2025-01-21,0.08942607062666927,0.10873670345438322,normal
2025-01-22,0.08918574092094006,0.10873197035639642,normal
2025-01-23,0.0879919165016523,0.10872723725840963,normal
2025-01-24,0.08797305287299642,0.10872250416042284,normal
2025-01-27,0.08732451968072288,0.1087104374096509,normal
2025-01-28,0.08736380300634353,0.10869837065887897,normal
2025-01-29,0.08736908531104752,0.10868630390810702,normal
2025-01-30,0.08813961347188985,0.10867423715733508,normal
2025-01-31,0.0889360370116306,0.1086560198495624,normal
2025-02-03,0.0891185834726707,0.1086378025417897,normal
2025-02-04,0.0883798981524877,0.10861958523401702,normal
2025-02-05,0.08907163837522711,0.10860136792624434,normal
2025-02-06,0.08891825025648478,0.10857812015717525,normal
2025-02-07,0.08841174839806218,0.10855487238810616,normal
2025-02-10,0.08872478403274767,0.10853162461903705,normal
2025-02-11,0.08621710540938692,0.10850837684996796,normal
2025-02-12,0.08641432349739696,0.10849742324042685,normal
2025-02-13,0.08854636564206692,0.10848646963088576,normal
2025-02-14,0.08633560302804907,0.10847551602134467,normal
2025-02-18,0.08606535776596495,0.10846456241180356,normal
2025-02-19,0.08585953707508492,0.10846212234412864,normal
2025-02-20,0.08507108696778164,0.1084596822764537,normal
2025-02-21,0.08560150349606047,0.10845724220877875,normal
2025-02-24,0.08569811967950607,0.10845480214110383,normal
2025-02-25,0.08586884856047984,0.10844730285309984,normal
2025-02-26,0.08592525010916689,0.10843980356509583,normal
2025-02-27,0.08841621116134615,0.10843230427709184,normal
2025-02-28,0.0879194778847632,0.10842480498908785,normal
2025-03-03,0.08836694362733469,0.10842376310496817,normal
2025-03-04,0.08889169289807099,0.10842272122084848,normal
2025-03-05,0.08950251826334372,0.1084216793367288,normal
2025-03-06,0.09122171605775763,0.10842063745260912,normal
2025-03-07,0.09146849445221474,0.10841057915891213,normal
2025-03-10,0.0944342707941582,0.10840052086521514,normal
2025-03-11,0.09472940055586802,0.10839046257151815,normal
2025-03-12,0.09476030795177183,0.10838040427782115,normal
2025-03-13,0.09505968763760192,0.1083704216576614,normal
2025-03-14,0.09720177350630707,0.10836043903750166,normal
2025-03-17,0.09816043428459514,0.10835045641734191,normal
2025-03-18,0.09761921431040106,0.10834047379718216,normal
2025-03-19,0.09828028067615882,0.10832556393101042,normal
2025-03-20,0.09849466376181276,0.1083106540648387,normal
2025-03-21,0.09851301997597552,0.10829574419866697,normal
2025-03-24,0.08898198450262135,0.10828083433249523,normal
2025-03-25,0.08875145983110345,0.10827999845061972,normal
2025-03-26,0.08971109647404117,0.10827916256874423,normal
2025-03-27,0.0896929291087013,0.10827832668686872,normal
2025-03-28,0.0901909164199373,0.10827749080499321,normal
2025-03-31,0.09021698029397206,0.10827068006902581,normal
2025-04-01,0.08954358650223622,0.1082638693330584,normal
2025-04-02,0.089452824195933,0.108257058597091,normal
2025-04-03,0.09899114352720169,0.1082502478611236,normal
2025-04-04,0.1197488181656343,0.10821607866185216,high
2025-04-07,0.12273096876512714,0.1082638693330584,high
2025-04-08,0.12438887488113884,0.10827832668686872,high
2025-04-09,0.16592915246213677,0.10828083433249523,high
2025-04-10,0.1732558868548134,0.10832556393101042,high
2025-04-11,0.17329625765243042,0.10836043903750166,high
2025-04-14,0.17421609403397204,0.10839046257151815,high
2025-04-15,0.17417594880944973,0.10842063745260912,high
2025-04-16,0.17221983046896164,0.10842376310496817,high
2025-04-17,0.17225793805897963,0.10843980356509583,high
2025-04-21,0.17357836041851019,0.10845724220877875,high
2025-04-22,0.17487734832743407,0.10846456241180356,high
2025-04-23,0.175780078624133,0.10849742324042685,high
2025-04-24,0.17790404130912887,0.10855487238810616,high
2025-04-25,0.17813200667966902,0.10861958523401702,high
2025-04-28,0.17809013583421587,0.10867423715733508,high
2025-04-29,0.17819211369094445,0.1087104374096509,high
2025-04-30,0.17815685689471028,0.10873197035639642,high
2025-05-01,0.1776737054210839,0.10875919551351668,high
2025-05-02,0.17823826836677512,0.10881247239695666,high
2025-05-05,0.17806190175530168,0.10882917894282516,high
2025-05-06,0.1775798587807726,0.1088479322220458,high
2025-05-07,0.17717028695609016,0.10886580495574186,high
2025-05-08,0.17714310890231308,0.10887986986503666,high
2025-05-09,0.17668379101615614,0.10890067187948671,high
2025-05-12,0.17841159901164128,0.10891064437043108,high
2025-05-13,0.17845397606088237,0.10891833392180265,high
2025-05-14,0.17836964154974652,0.1089322871175343,high
2025-05-15,0.1777467914743727,0.10896688379451525,high
2025-05-16,0.17777815301419067,0.10899263444675975,high
2025-05-19,0.1777970920296674,0.10901600326966612,high
2025-05-20,0.1778139648368874,0.10904345445863262,high
2025-05-21,0.17935924627658206,0.10905687295427988,high
2025-05-22,0.1790354092024165,0.10906182925112809,high
2025-05-23,0.17897466438655407,0.1090649910917742,high
2025-05-27,0.18055193622963664,0.10907302621881512,high
2025-05-28,0.18087111563145916,0.10907624783967934,high
2025-05-29,0.17979237385104718,0.10908498619114326,high
2025-05-30,0.1793847763263221,0.1091132729018377,high
2025-06-02,0.17919200900887183,0.1091751396003935,high
2025-06-03,0.17886953015482138,0.10935436054599314,high
2025-06-04,0.1784069326813734,0.10941487277133574,high
2025-06-05,0.1774619861477084,0.10941820553004175,high
2025-06-06,0.17738904543758824,0.1094258880757316,high
2025-06-09,0.17536596125941478,0.10945338491642811,high
2025-06-10,0.1751795841134725,0.10947669152520054,high
2025-06-11,0.17516704326861066,0.1094923355120355,high
2025-06-12,0.17501063017309756,0.10949684448691953,high
2025-06-13,0.17521138219413832,0.10951554253292248,high
2025-06-16,0.1748525956553977,0.10954975997770794,high
2025-06-17,0.17493367632808798,0.10958686282303692,high
2025-06-18,0.17454145128761556,0.10961421707067044,high
2025-06-20,0.17448124223472422,0.10963019734665991,high
2025-06-23,0.17482576370706035,0.1096798501739599,high
2025-06-24,0.1757015440404788,0.10972485759385105,high
2025-06-25,0.175737158764832,0.10972690164761405,high
2025-06-26,0.17527456413219875,0.10972694929400467,high
2025-06-27,0.17524643411065216,0.10974581403209847,high
2025-06-30,0.1745966428411714,0.1097674283319146,high
2025-07-01,0.17460316436780604,0.10977572466347216,high
2025-07-02,0.17457193227879703,0.1097859884971344,high
2025-07-03,0.17452431528605455,0.10979042958678426,high
2025-07-07,0.16968930353472575,0.10979796718058187,high
2025-07-08,0.15405474298071695,0.10981752052668742,high
2025-07-09,0.15022739352630943,0.10985139857882141,high
2025-07-10,0.14757503907207253,0.10987277800535108,high
2025-07-11,0.10449975965106477,0.10989326234755095,normal
2025-07-14,0.08958322888990634,0.10988286474783608,normal
2025-07-15,0.08822359818251695,0.10987782137659358,normal
2025-07-16,0.08705500483351059,0.10987277800535108,normal
2025-07-17,0.08716778789935968,0.10986773463410858,normal
2025-07-18,0.08553413357578017,0.10986269126286607,normal
2025-07-21,0.08561505754382795,0.10985139857882141,normal
2025-07-22,0.08073610408539286,0.10984010589477675,normal
2025-07-23,0.07743232856366845,0.10982881321073208,normal
2025-07-24,0.07680322913015208,0.10981752052668742,normal
2025-07-25,0.07288718595028822,0.10981100274465223,normal
2025-07-28,0.07347956537245998,0.10980448496261705,normal
2025-07-29,0.07340200288003389,0.10979796718058187,normal
2025-07-30,0.07387990523587193,0.10979144939854668,normal
2025-07-31,0.07436797507767277,0.10979093949266547,normal
2025-08-01,0.074742776435597,0.10979042958678426,normal
2025-08-04,0.07483176460832389,0.10978991968090303,normal
2025-08-05,0.07469016580728872,0.10978940977502182,normal
2025-08-06,0.07440631051887497,0.1097859884971344,normal
2025-08-07,0.0744038532283368,0.10978256721924698,normal
2025-08-08,0.07436256401840989,0.10977914594135957,normal
2025-08-11,0.07451460938297162,0.10977572466347216,normal
2025-08-12,0.07169906173974779,0.10977295921961963,normal
2025-08-13,0.07234158949556262,0.1097701937757671,normal
2025-08-14,0.07267429795861853,0.1097674283319146,normal
2025-08-15,0.07204778199552637,0.10976466288806207,normal
2025-08-18,0.07194568686648026,0.10975523846008027,normal
2025-08-19,0.07214570870693629,0.10974581403209847,normal
2025-08-20,0.07203114150268991,0.10973638960411668,normal
2025-08-21,0.06806735775994113,0.10972696517613488,normal
2025-08-22,0.0725062314735247,0.10972694929400467,normal
2025-08-25,0.07359736883729359,0.10972693341187446,normal
2025-08-26,0.06996176768051837,0.10972691752974426,normal
2025-08-27,0.06865766504571466,0.10972690164761405,normal
2025-08-28,0.06846656346585708,0.10972622029635971,normal
2025-08-29,0.06927871061177632,0.10972553894510538,normal
2025-09-02,0.07041423303360388,0.10972485759385105,normal
2025-09-03,0.07074373080963875,0.10972417624259671,normal
2025-09-04,0.07105552113114627,0.1097020132082783,normal
2025-09-05,0.07104977958979836,0.1096798501739599,normal
2025-09-08,0.07149769222356024,0.10965768713964148,normal
2025-09-09,0.07153073443273364,0.10963552410532307,normal
2025-09-10,0.07140497939858403,0.10963019734665991,normal
2025-09-11,0.0726698650628946,0.10962487058799675,normal
2025-09-12,0.072654075582501,0.1096195438293336,normal
2025-09-15,0.06943948941571788,0.10961421707067044,normal
2025-09-16,0.06927311749487876,0.10960509898812594,normal
2025-09-17,0.06856285364694992,0.10959598090558142,normal
2025-09-18,0.06855740715886753,0.10958686282303692,normal
2025-09-19,0.06816459303857116,0.10957774474049242,normal
2025-09-22,0.06726570352128522,0.10956375235910018,normal
2025-09-23,0.06486570983602012,0.10954975997770794,normal
2025-09-24,0.06548856181003718,0.1095357675963157,normal
2025-09-25,0.0651513528235349,0.10952177521492346,normal
2025-09-26,0.065308949146199,0.10951554253292248,normal
2025-09-29,0.0652889278862494,0.1095093098509215,normal
2025-09-30,0.06530840924900595,0.1095030771689205,normal
2025-10-01,0.06567473332022421,0.10949684448691953,normal
2025-10-02,0.06567608932627701,0.10949534149529151,normal
2025-10-03,0.06309483659985132,0.10949383850366351,normal
2025-10-06,0.06310064958115391,0.1094923355120355,normal
2025-10-07,0.0628162615433991,0.10949083252040748,normal
2025-10-08,0.06301701049569952,0.10948376202280401,normal
2025-10-09,0.06220563842476574,0.10947669152520054,normal
2025-10-10,0.06875227644949414,0.10946962102759708,normal
2025-10-13,0.07054982561202719,0.10946255052999361,normal
2025-10-14,0.07037586913115951,0.10945338491642811,normal
2025-10-15,0.07038247648500565,0.1094442193028626,normal
2025-10-16,0.07035611207490138,0.1094350536892971,normal
2025-10-17,0.07016690801341606,0.1094258880757316,normal
2025-10-20,0.0713532789446843,0.10942332722716833,normal
2025-10-21,0.07056678305043529,0.10942076637860504,normal
2025-10-22,0.07046664737506965,0.10941820553004175,normal
2025-10-23,0.07051903694209478,0.10941564468147848,normal
2025-10-24,0.07006886501716417,0.10941525872640712,normal
2025-10-27,0.07084454118525596,0.10941487277133574,normal
2025-10-28,0.07010400181184907,0.10941448681626438,normal
2025-10-29,0.06999861273204705,0.10941410086119302,normal
2025-10-30,0.07139420924104624,0.10935436054599314,normal
2025-10-31,0.0694597754674719,0.10929462023079325,normal
2025-11-03,0.06936667846941444,0.10923487991559339,normal
2025-11-04,0.071142372923112,0.1091751396003935,normal
2025-11-05,0.0711518142619312,0.10915451736754156,normal
2025-11-06,0.07149567987961962,0.10913389513468963,normal
2025-11-07,0.07138990399104568,0.1091132729018377,normal
2025-11-10,0.07166818676617663,0.10909265066898576,normal
2025-11-11,0.0710708108867932,0.1090888184300645,normal
2025-11-12,0.07057346669739002,0.10908498619114326,normal
2025-11-13,0.07428478155720585,0.10908115395222201,normal
2025-11-14,0.0743761954443753,0.10907732171330076,normal
2025-11-17,0.07556940106315005,0.10907624783967934,normal
2025-11-18,0.07621513488553948,0.10907517396605794,normal
2025-11-19,0.07575107424113864,0.10907410009243654,normal
2025-11-20,0.07293355530384256,0.10907302621881512,normal
2025-11-21,0.0736329024730696,0.10907034784313482,normal
2025-11-24,0.07497259846268436,0.10906766946745451,normal
2025-11-25,0.07610917394207145,0.1090649910917742,normal
2025-11-26,0.07664608445316687,0.1090623127160939,normal
2025-11-28,0.07596281173255995,0.109062070983611,normal
2025-12-01,0.07589434639159323,0.10906182925112809,normal
2025-12-02,0.07555867050997797,0.1090615875186452,normal
2025-12-03,0.07498711268273081,0.10906134578616229,normal
2025-12-04,0.0747028532603738,0.10905687295427988,normal
2025-12-05,0.07415352786637051,0.10905240012239745,normal
2025-12-08,0.07436374588953519,0.10904792729051503,normal
2025-12-09,0.0742848018224414,0.10904345445863262,normal
2025-12-10,0.07397930829237004,0.10903430406231045,normal
2025-12-11,0.07379159933963877,0.10902515366598828,normal
2025-12-12,0.07522288194137897,0.10901600326966612,normal
2025-12-15,0.0752199149501821,0.10900685287334395,normal
2025-12-16,0.07522486176435902,0.10899974366005186,normal
2025-12-17,0.07624312047659068,0.10899263444675975,normal
2025-12-18,0.07714997005717189,0.10898552523346765,normal
2025-12-19,0.07746679929330953,0.10897841602017555,normal
2025-12-22,0.07761836206332096,0.10896688379451525,normal
2025-12-23,0.07724955509613418,0.10895535156885493,normal
2025-12-24,0.0768024967139766,0.10894381934319461,normal
2025-12-26,0.07662762886805309,0.1089322871175343,normal
2025-12-29,0.0764240751329296,0.10892763605229042,normal
2025-12-30,0.07640080648327222,0.10892298498704653,normal
2025-12-31,0.0767657676293209,0.10891833392180265,normal
2026-01-02,0.0773182802534081,0.10891368285655877,normal
2026-01-05,0.07841060197348268,0.10891216361349493,normal
2026-01-06,0.07860537296190336,0.10891064437043108,normal
2026-01-07,0.07846364022272374,0.10890912512736724,normal
2026-01-08,0.07826262215132358,0.1089076058843034,normal
2026-01-09,0.07834936296693636,0.10890067187948671,normal
2026-01-12,0.07291575898077562,0.10889373787467002,normal
2026-01-13,0.07031641798712138,0.10888680386985335,normal
2026-01-14,0.07030925902619875,0.10887986986503666,normal
2026-01-15,0.07001922585152677,0.1088751815619384,normal
2026-01-16,0.07015400248584944,0.10887049325884013,normal
2026-01-20,0.074735728007664,0.10886580495574186,normal
2026-01-21,0.07559809335538617,0.1088611166526436,normal
2026-01-22,0.07577145971735179,0.1088545244373447,normal
2026-01-23,0.07556123074972408,0.1088479322220458,normal
2026-01-26,0.07557878739397479,0.1088413400067469,normal
2026-01-27,0.07575916485155051,0.108834747791448,normal
2026-01-28,0.07497324316865046,0.10882917894282516,normal
2026-01-29,0.07497148152459081,0.10882361009420233,normal
2026-01-30,0.07572270823390495,0.10881804124557949,normal
2026-02-02,0.07442641584454904,0.10881247239695666,normal
2026-02-03,0.07452215285292384,0.10879471343580999,normal
2026-02-04,0.07486561733163903,0.10877695447466333,normal
2026-02-05,0.07400652673027577,0.10875919551351668,normal
2026-02-06,0.07851864638389804,0.10874143655237001,normal
2026-02-09,0.07856816951971522,0.10873670345438322,normal
2026-02-10,0.078575794268552,0.10873197035639642,normal
2026-02-11,0.07710284189379596,0.10872723725840963,normal
2026-02-12,0.07782882478751645,0.10872250416042284,normal
2026-02-13,0.0779803257523704,0.1087104374096509,normal
2026-02-17,0.07444033758278198,0.10869837065887897,normal
2026-02-18,0.07434138260532959,0.10868630390810702,normal
2026-02-19,0.07296416142496669,0.10867423715733508,normal
2026-02-20,0.07268517128344333,0.1086560198495624,normal
2026-02-23,0.0734989035418681,0.1086378025417897,normal
2026-02-24,0.07156472585822375,0.10861958523401702,normal
2026-02-25,0.07069420247457213,0.10860136792624434,normal
2026-02-26,0.06965811564798591,0.10857812015717525,normal
2026-02-27,0.06873717177710369,0.10855487238810616,normal
2026-03-02,0.06943818827888538,0.10853162461903705,normal
2026-03-03,0.07491922023662047,0.10850837684996796,normal
2026-03-04,0.07458638637556053,0.10849742324042685,normal
2026-03-05,0.07728683731354755,0.10848646963088576,normal
2026-03-06,0.078678174034693,0.10847551602134467,normal
2026-03-09,0.08024197842956231,0.10846456241180356,normal
2026-03-10,0.08038557918178932,0.10846212234412864,normal
2026-03-11,0.08053083749991798,0.1084596822764537,normal
2026-03-12,0.08454910025849736,0.10845724220877875,normal
2026-03-13,0.08394183235404234,0.10845480214110383,normal
2026-03-16,0.08674538317261339,0.10844730285309984,normal
2026-03-17,0.08547622427118765,0.10843980356509583,normal
2026-03-18,0.08864196494383421,0.10843230427709184,normal
2026-03-19,0.08860501336105574,0.10842480498908785,normal
2026-03-20,0.09478047772247677,0.10842376310496817,normal
2026-03-23,0.09731063417815079,0.10842272122084848,normal
2026-03-24,0.09729320320148548,0.1084216793367288,normal
2026-03-25,0.09846008925294995,0.10842063745260912,normal
2026-03-26,0.10317807146757849,0.10841057915891213,normal
2026-03-27,0.10419427618812173,0.10840052086521514,normal
2026-03-30,0.10421560674448957,0.10839046257151815,normal
2026-03-31,0.11184490706440008,0.10838040427782115,high
2026-04-01,0.1124318872766331,0.10841057915891213,high
2026-04-02,0.11194299311251488,0.10842272122084848,high
2026-04-06,0.11156380749687414,0.10843230427709184,high
2026-04-07,0.11069074667430612,0.10845480214110383,high
2026-04-08,0.11884357889906833,0.10846212234412864,high
2026-04-09,0.11880420623227736,0.10848646963088576,high
2026-04-10,0.11879592772932318,0.10853162461903705,high
2026-04-13,0.11906372058437481,0.10860136792624434,high
2026-04-14,0.12027127885988115,0.1086560198495624,high
2026-04-15,0.12022072991992445,0.10869837065887897,high
2026-04-16,0.12022338703879101,0.10872723725840963,high
2026-04-17,0.12210830262687537,0.10874143655237001,high
2026-04-20,0.12212609207520005,0.10879471343580999,high
2026-04-21,0.12090158468064328,0.10882361009420233,high
2026-04-22,0.12013029083827036,0.1088413400067469,high
2026-04-23,0.12043153499367582,0.1088611166526436,high
2026-04-24,0.12100829208695149,0.1088751815619384,high
2026-04-27,0.12094545246904005,0.10889373787467002,high
2026-04-28,0.12084189027061773,0.10890912512736724,high
2026-04-29,0.12115084222311301,0.10891368285655877,high
2026-04-30,0.12287160149207693,0.10892763605229042,high
2026-05-01,0.12221302893015533,0.10895535156885493,high
2026-05-04,0.12263049711412567,0.10898552523346765,high
2026-05-05,0.12361939805234343,0.10900685287334395,high
2026-05-06,0.12643731093052274,0.10903430406231045,high
2026-05-07,0.12698840855006352,0.10905240012239745,high
2026-05-08,0.12512815215856582,0.1090615875186452,high
2026-05-11,0.1249036905915369,0.1090623127160939,high
2026-05-12,0.12568280108522287,0.10907034784313482,high
2026-05-13,0.12597804458243134,0.10907517396605794,high
2026-05-14,0.12546253959745834,0.10908115395222201,high
2026-05-15,0.12878722603699386,0.10909265066898576,high
2026-05-18,0.1287871291903761,0.10915451736754156,high
2026-05-19,0.12949951162213835,0.10929462023079325,high
2026-05-20,0.13150942750045178,0.10941448681626438,high
2026-05-21,0.13127629623222684,0.10941564468147848,high
2026-05-22,0.1309297129705366,0.10942332722716833,high
2026-05-26,0.1321084699109585,0.1094442193028626,high
2026-05-27,0.13179448850656003,0.10946962102759708,high
2026-05-28,0.131841512962295,0.10949083252040748,high
2026-05-29,0.13176212061477213,0.10949534149529151,high
2026-06-01,0.1310359789129497,0.1095093098509215,high
2026-06-02,0.12786487636398974,0.1095357675963157,high
2026-06-03,0.1284520233447832,0.10957774474049242,high
2026-06-04,0.1267294931415575,0.10960509898812594,high
2026-06-05,0.13387614098095027,0.10962487058799675,high
2026-06-08,0.13313877252212153,0.10965768713964148,high
2026-06-09,0.13301915058870054,0.10972417624259671,high
2026-06-10,0.13436937781548727,0.10972622029635971,high
2026-06-11,0.1364138972741546,0.10972693341187446,high
2026-06-12,0.1358820799105974,0.10973638960411668,high
2026-06-15,0.135646116873086,0.10976466288806207,high
2026-06-16,0.13578109855766288,0.10977295921961963,high
2026-06-17,0.13423129183856092,0.10978256721924698,high
2026-06-18,0.13526592953642813,0.10978991968090303,high
2026-06-22,0.12967463080892982,0.10979144939854668,high
2026-06-23,0.13114469986138774,0.10981100274465223,high
2026-06-24,0.13071161871019985,0.10984010589477675,high
2026-06-25,0.13007842058504673,0.10986773463410858,high
2026-06-26,0.1257766586738139,0.10988286474783608,high
2026-06-29,0.12458366262811577,0.10991405754698072,high
2026-06-30,0.12457900761179376,0.10998308959993364,high
2026-07-01,0.11991335315432801,0.11004890494775035,high
2026-07-02,0.11961067541093537,0.11007044763148632,high
2026-07-06,0.12019107930587267,0.11007216357587951,high
2026-07-07,0.12196588861428098,0.11008114355361964,high
2026-07-08,0.12220126167883782,0.11012476061117221,high
2026-07-09,0.1151903591480505,0.1102303877950027,high
2026-07-10,0.11519213872647283,0.11023056600953997,high
2026-07-13,0.11704261937379083,0.11023213382933968,high
2026-07-14,0.11674999719228317,0.11024333728457957,high
2026-07-15,0.11565971867578341,0.11027242240543736,high
2026-07-16,0.11622588819631602,0.11031437808056002,high
2026-07-17,0.11669064457302045,0.11032856744541958,high
2026-07-20,0.1148703025076792,0.11033602660328379,high
2026-07-21,0.11559148730824817,0.11035779165742042,high
2026-07-22,0.11409134355369524,0.11037353634662345,high
2026-07-23,0.11462042918489213,0.11041326663714435,high
2026-07-24,0.11414564025563745,0.11045353844784157,high
2026-07-27,0.11360638576028553,0.11047090769757352,high
2026-07-28,0.11356902312595467,0.11047825614221701,high
2026-07-29,0.11537599293018073,0.11048587327223344,high
2026-07-30,0.11829397750811323,0.11049410706860424,high
2026-07-31,0.1165436822082422,0.11050330551231081,high
2026-08-03,0.11732098084408263,0.11051457221876433,high
2026-08-04,0.11946813518574358,0.11051839901684775,high
2026-08-05,0.11847525699506095,0.11052769946280089,high
2026-08-06,0.11535326980734043,0.11055538711286354,high
2026-08-07,0.11485864054567829,0.11058037675177401,high
2026-08-10,0.11418659319993345,0.1105912507871138,high
2026-08-11,0.11416565745141652,0.11059912925699023,high
2026-08-12,0.113508558010943,0.11061513219951057,high
2026-08-13,0.11345089658970679,0.11061567745432002,high
2026-08-14,0.11348852390540394,0.11062872254113311,high
2026-08-17,0.10972914347827796,0.11064298784194168,normal
2026-08-18,0.11070925296484449,0.11064158587634304,high
2026-08-19,0.11021543127621782,0.11064579177313896,normal
2026-08-20,0.1083840256834265,0.11064438980754032,normal
2026-08-21,0.1083315602379684,0.11064298784194168,normal
2026-08-24,0.10839086522804829,0.11064158587634304,normal
2026-08-25,0.10729885756519596,0.11063515420873807,normal
2026-08-26,0.10735029012787096,0.11062872254113311,normal
2026-08-27,0.10723102402388143,0.11062229087352815,normal
2026-08-28,0.10754351705211596,0.11061585920592318,normal
2026-08-31,0.1076033432496487,0.11061567745432002,normal
2026-09-01,0.10810845243876585,0.11061549570271687,normal
2026-09-02,0.10757964366623675,0.11061531395111372,normal
2026-09-03,0.1081060397001551,0.11061513219951057,normal
2026-09-04,0.09813031781723518,0.11060979788533712,normal
2026-09-08,0.09819076122314839,0.11060446357116367,normal
2026-09-09,0.09886127599239153,0.11059912925699023,normal
2026-09-10,0.09874566482489334,0.11059379494281678,normal
2026-09-11,0.09190459535476754,0.11059252286496529,normal
2026-09-14,0.09249005077228219,0.1105912507871138,normal
2026-09-15,0.09036889890406921,0.11058997870926232,normal
2026-09-16,0.09031782727832595,0.11058870663141084,normal
2026-09-17,0.0915497410700641,0.11058037675177401,normal
2026-09-18,0.08963636351486914,0.11057204687213719,normal
2026-09-21,0.09233438895206479,0.11056371699250037,normal
2026-09-22,0.08832818351127535,0.11055538711286354,normal
2026-09-23,0.09157515176309203,0.11054615789617599,normal
2026-09-24,0.09169558847836136,0.11053692867948844,normal
2026-09-25,0.09200643105187856,0.11052769946280089,normal
2026-09-28,0.09204637504799278,0.11051847024611333,normal
2026-09-29,0.09197164019346045,0.11051843463148053,normal
2026-09-30,0.09153757498948221,0.11051839901684775,normal
