date,gross,net,benchmark,active,gross_active,turnover,cost,rebalance,benchmark_turnover,benchmark_cost,benchmark_net
2011-01-03,0.004851459265246839,0.004771459265231253,0.005758296757441179,-0.0009868374922099256,-0.0009068374921943397,0.08000000001558573,8.000000001558572e-05,True,0.0,0.0,0.005758296757441179
2011-01-04,0.00023173172037967894,0.00023173172037967894,-0.00020089233104540923,0.0004326240514250882,0.0004326240514250882,0.0,0.0,False,0.0,0.0,-0.00020089233104540923
2011-01-05,-0.003586806155296979,-0.003586806155296979,-0.0030702972421233383,-0.0005165089131736406,-0.0005165089131736406,0.0,0.0,False,0.0,0.0,-0.0030702972421233383
2011-01-06,-0.0008416901592899967,-0.0008416901592899967,-0.0021675064486189983,0.0013258162893290016,0.0013258162893290016,0.0,0.0,False,0.0,0.0,-0.0021675064486189983
2011-01-07,0.0007869340862040313,0.0007869340862040313,-5.727830696466334e-05,0.0008442123931686947,0.0008442123931686947,0.0,0.0,False,0.0,0.0,-5.727830696466334e-05
2011-01-10,0.00024036399138492468,0.00024036399138492468,-0.00016957081203450346,0.00040993480341942814,0.00040993480341942814,0.0,0.0,False,0.0,0.0,-0.00016957081203450346
2011-01-11,0.0013446758929985458,0.0013446758929985458,0.002198163937179108,-0.0008534880441805623,-0.0008534880441805623,0.0,0.0,False,0.0,0.0,0.002198163937179108
2011-01-12,0.005397801047103981,0.005397801047103981,0.007372694293567227,-0.0019748932464632458,-0.0019748932464632458,0.0,0.0,False,0.0,0.0,0.007372694293567227
2011-01-13,0.0017419445552106381,0.0017419445552106381,0.0014255008444584221,0.000316443710752216,0.000316443710752216,0.0,0.0,False,0.0,0.0,0.0014255008444584221
2011-01-14,0.0015046888739856522,0.0015046888739856522,0.0022118698363226075,-0.0007071809623369553,-0.0007071809623369553,0.0,0.0,False,0.0,0.0,0.0022118698363226075
2011-01-18,-0.00011131869670721688,-0.00011131869670721688,0.000611217060078578,-0.0007225357567857949,-0.0007225357567857949,0.0,0.0,False,0.0,0.0,0.000611217060078578
2011-01-19,-0.004612684285680051,-0.004612684285680051,-0.0053593850235490875,0.0007467007378690362,0.0007467007378690362,0.0,0.0,False,0.0,0.0,-0.0053593850235490875
2011-01-20,-0.006095519904286991,-0.006095519904286991,-0.00616354755412692,6.802764983992841e-05,6.802764983992841e-05,0.0,0.0,False,0.0,0.0,-0.00616354755412692
2011-01-21,0.0012437773512611373,0.0012437773512611373,0.0014169000727246727,-0.00017312272146353534,-0.00017312272146353534,0.0,0.0,False,0.0,0.0,0.0014169000727246727
2011-01-24,0.0037314010611466685,0.0037314010611466685,0.004579098788427395,-0.0008476977272807262,-0.0008476977272807262,0.0,0.0,False,0.0,0.0,0.004579098788427395
2011-01-25,0.0021115388701228375,0.0021115388701228375,0.001545140120536434,0.0005663987495864034,0.0005663987495864034,0.0,0.0,False,0.0,0.0,0.001545140120536434
2011-01-26,1.3892159819559762e-05,1.3892159819559762e-05,0.0010121975605132346,-0.000998305400693675,-0.000998305400693675,0.0,0.0,False,0.0,0.0,0.0010121975605132346
2011-01-27,0.002236627910417034,0.002236627910417034,0.0021251190151424936,0.00011150889527454045,0.00011150889527454045,0.0,0.0,False,0.0,0.0,0.0021251190151424936
2011-01-28,-0.00954420754038502,-0.00954420754038502,-0.011696506406382366,0.0021522988659973454,0.0021522988659973454,0.0,0.0,False,0.0,0.0,-0.011696506406382366
2011-01-31,0.002363852891145028,0.002363852891145028,0.003377293916578691,-0.001013441025433663,-0.001013441025433663,0.0,0.0,False,0.0,0.0,0.003377293916578691
2011-02-01,0.00866829449084189,0.008585990121583417,0.010562427146867864,-0.0019764370252844474,-0.0018941326560259746,0.08230436925847365,8.230436925847364e-05,True,0.00803601025340903,8.036010253409028e-06,0.010554391136614456
2011-02-02,-0.002710930723068868,-0.002710930723068868,-0.002390682854599901,-0.00032024786846896695,-0.00032024786846896695,0.0,0.0,False,0.0,0.0,-0.002390682854599901
2011-02-03,-0.0003378346082968956,-0.0003378346082968956,-0.0011473888466842796,0.0008095542383873839,0.0008095542383873839,0.0,0.0,False,0.0,0.0,-0.0011473888466842796
2011-02-04,-0.0014375903976218973,-0.0014375903976218973,-0.0012876129650682367,-0.00014997743255366056,-0.00014997743255366056,0.0,0.0,False,0.0,0.0,-0.0012876129650682367
2011-02-07,0.0029520974075470125,0.0029520974075470125,0.003343671822138998,-0.0003915744145919853,-0.0003915744145919853,0.0,0.0,False,0.0,0.0,0.003343671822138998
2011-02-08,0.00046801982981634115,0.00046801982981634115,0.0004742017560123206,-6.1819261959794635e-06,-6.1819261959794635e-06,0.0,0.0,False,0.0,0.0,0.0004742017560123206
2011-02-09,-0.0008813650703565796,-0.0008813650703565796,-0.0012156840271915252,0.0003343189568349456,0.0003343189568349456,0.0,0.0,False,0.0,0.0,-0.0012156840271915252
2011-02-10,-0.0024717043488984057,-0.0024717043488984057,-0.0035402823413720206,0.0010685779924736148,0.0010685779924736148,0.0,0.0,False,0.0,0.0,-0.0035402823413720206
2011-02-11,0.005648762186130833,0.005648762186130833,0.006069183010295021,-0.00042042082416418776,-0.00042042082416418776,0.0,0.0,False,0.0,0.0,0.006069183010295021
2011-02-14,0.0012011439508514466,0.0012011439508514466,0.0009994484342230165,0.00020169551662843014,0.00020169551662843014,0.0,0.0,False,0.0,0.0,0.0009994484342230165
2011-02-15,7.142014794430564e-05,7.142014794430564e-05,-0.0005298812711746168,0.0006013014191189225,0.0006013014191189225,0.0,0.0,False,0.0,0.0,-0.0005298812711746168
2011-02-16,0.0033129365080410583,0.0033129365080410583,0.004385997253691326,-0.0010730607456502675,-0.0010730607456502675,0.0,0.0,False,0.0,0.0,0.004385997253691326
2011-02-17,0.003616577129333844,0.003616577129333844,0.003214436309302626,0.0004021408200312183,0.0004021408200312183,0.0,0.0,False,0.0,0.0,0.003214436309302626
2011-02-18,0.0017634413578240357,0.0017634413578240357,0.0018420629759062152,-7.862161808217948e-05,-7.862161808217948e-05,0.0,0.0,False,0.0,0.0,0.0018420629759062152
2011-02-22,-0.008918841020879479,-0.008918841020879479,-0.012057036031715065,0.0031381950108355858,0.0031381950108355858,0.0,0.0,False,0.0,0.0,-0.012057036031715065
2011-02-23,-0.0033342953441627323,-0.0033342953441627323,-0.0029621380594878036,-0.0003721572846749287,-0.0003721572846749287,0.0,0.0,False,0.0,0.0,-0.0029621380594878036
2011-02-24,0.0009259295900843554,0.0009259295900843554,0.0014735189767978761,-0.0005475893867135207,-0.0005475893867135207,0.0,0.0,False,0.0,0.0,0.0014735189767978761
2011-02-25,0.008547527886243095,0.008547527886243095,0.009035327021988906,-0.000487799135745811,-0.000487799135745811,0.0,0.0,False,0.0,0.0,0.009035327021988906
2011-02-28,0.003302931447511762,0.003302931447511762,0.004260715637368405,-0.0009577841898566427,-0.0009577841898566427,0.0,0.0,False,0.0,0.0,0.004260715637368405
2011-03-01,-0.007881644191024717,-0.007961900862903689,-0.008751366247647918,0.0007894653847442291,0.0008697220566232008,0.08025667187897088,8.025667187897089e-05,True,0.008100208428085846,8.100208428085845e-06,-0.008759466456076004
2011-03-02,0.00029965739000343476,0.00029965739000343476,0.00035188846518890125,-5.223107518546649e-05,-5.223107518546649e-05,0.0,0.0,False,0.0,0.0,0.00035188846518890125
2011-03-03,0.0071131133339314215,0.0071131133339314215,0.007693005119420092,-0.0005798917854886705,-0.0005798917854886705,0.0,0.0,False,0.0,0.0,0.007693005119420092
2011-03-04,-0.0006132293274646769,-0.0006132293274646769,-0.0013389854575861534,0.0007257561301214766,0.0007257561301214766,0.0,0.0,False,0.0,0.0,-0.0013389854575861534
2011-03-07,-0.006295075972393365,-0.006295075972393365,-0.007239174222174585,0.00094409824978122,0.00094409824978122,0.0,0.0,False,0.0,0.0,-0.007239174222174585
2011-03-08,0.004359374363078988,0.004359374363078988,0.0042865026037027035,7.287175937628447e-05,7.287175937628447e-05,0.0,0.0,False,0.0,0.0,0.0042865026037027035
2011-03-09,0.001519075146368893,0.001519075146368893,0.0020307102941144856,-0.0005116351477455925,-0.0005116351477455925,0.0,0.0,False,0.0,0.0,0.0020307102941144856
2011-03-10,-0.008862213665846747,-0.008862213665846747,-0.01042201664404365,0.0015598029781969027,0.0015598029781969027,0.0,0.0,False,0.0,0.0,-0.01042201664404365
2011-03-11,0.002477572200189183,0.002477572200189183,0.0023207171279878472,0.00015685507220133564,0.00015685507220133564,0.0,0.0,False,0.0,0.0,0.0023207171279878472
2011-03-14,-0.0018639143471948457,-0.0018639143471948457,-0.0034792684957921385,0.0016153541485972927,0.0016153541485972927,0.0,0.0,False,0.0,0.0,-0.0034792684957921385
2011-03-15,-0.005879632876316517,-0.005879632876316517,-0.007087014873216858,0.0012073819969003413,0.0012073819969003413,0.0,0.0,False,0.0,0.0,-0.007087014873216858
2011-03-16,-0.006584890388546815,-0.006584890388546815,-0.009202188423994447,0.0026172980354476323,0.0026172980354476323,0.0,0.0,False,0.0,0.0,-0.009202188423994447
2011-03-17,0.006276111312604712,0.006276111312604712,0.008708020795910416,-0.002431909483305704,-0.002431909483305704,0.0,0.0,False,0.0,0.0,0.008708020795910416
2011-03-18,0.00297422057004211,0.00297422057004211,0.003971012680260399,-0.0009967921102182887,-0.0009967921102182887,0.0,0.0,False,0.0,0.0,0.003971012680260399
2011-03-21,0.007570794306584218,0.007570794306584218,0.00932073297677883,-0.001749938670194612,-0.001749938670194612,0.0,0.0,False,0.0,0.0,0.00932073297677883
2011-03-22,-0.0007901888678471145,-0.0007901888678471145,-0.0008444702585422202,5.428139069510571e-05,5.428139069510571e-05,0.0,0.0,False,0.0,0.0,-0.0008444702585422202
2011-03-23,0.0018446960162983095,0.0018446960162983095,0.0020934882875003136,-0.00024879227120200406,-0.00024879227120200406,0.0,0.0,False,0.0,0.0,0.0020934882875003136
2011-03-24,0.003181794192097267,0.003181794192097267,0.004378878875946695,-0.0011970846838494278,-0.0011970846838494278,0.0,0.0,False,0.0,0.0,0.004378878875946695
2011-03-25,0.0001838976400895696,0.0001838976400895696,-0.0012670216051336803,0.0014509192452232499,0.0014509192452232499,0.0,0.0,False,0.0,0.0,-0.0012670216051336803
2011-03-28,-0.0012449343635674093,-0.0012449343635674093,-0.0012467984861808381,1.8641226134288175e-06,1.8641226134288175e-06,0.0,0.0,False,0.0,0.0,-0.0012467984861808381
2011-03-29,0.0025754671328389565,0.0025754671328389565,0.002715904973520161,-0.00014043784068120454,-0.00014043784068120454,0.0,0.0,False,0.0,0.0,0.002715904973520161
2011-03-30,0.006244278477489006,0.006244278477489006,0.007391127789615369,-0.001146849312126363,-0.001146849312126363,0.0,0.0,False,0.0,0.0,0.007391127789615369
2011-03-31,-0.0006665525686836236,-0.0006665525686836236,-0.0011164814786528289,0.0004499289099692053,0.0004499289099692053,0.0,0.0,False,0.0,0.0,-0.0011164814786528289
2011-04-01,0.0037021054586386295,0.003621183332368553,0.0058907793712313136,-0.0022695960388627607,-0.002188673912592684,0.08092212627007647,8.092212627007646e-05,True,0.007095628043848615,7.095628043848615e-06,0.005883683743187465
2011-04-04,0.0021535935155794265,0.0021535935155794265,0.0022664011902377825,-0.00011280767465835602,-0.00011280767465835602,0.0,0.0,False,0.0,0.0,0.0022664011902377825
2011-04-05,-0.0008526661648834221,-0.0008526661648834221,-0.0014714427613003482,0.0006187765964169261,0.0006187765964169261,0.0,0.0,False,0.0,0.0,-0.0014714427613003482
2011-04-06,0.00031944082963876404,0.00031944082963876404,0.0007597121696745775,-0.00044027134003581347,-0.00044027134003581347,0.0,0.0,False,0.0,0.0,0.0007597121696745775
2011-04-07,-0.0018432728721593775,-0.0018432728721593775,-0.002206854603755485,0.00036358173159610767,0.00036358173159610767,0.0,0.0,False,0.0,0.0,-0.002206854603755485
2011-04-08,-0.002848098290450606,-0.002848098290450606,-0.0011397323047210653,-0.0017083659857295408,-0.0017083659857295408,0.0,0.0,False,0.0,0.0,-0.0011397323047210653
2011-04-11,-0.0020456863034613824,-0.0020456863034613824,-0.0025358100983877857,0.0004901237949264032,0.0004901237949264032,0.0,0.0,False,0.0,0.0,-0.0025358100983877857
2011-04-12,-0.0029743786069126145,-0.0029743786069126145,-0.004036653145429448,0.0010622745385168338,0.0010622745385168338,0.0,0.0,False,0.0,0.0,-0.004036653145429448
2011-04-13,0.002027843290427596,0.002027843290427596,0.0026722042665950395,-0.0006443609761674434,-0.0006443609761674434,0.0,0.0,False,0.0,0.0,0.0026722042665950395
2011-04-14,-0.0005585658424041081,-0.0005585658424041081,0.0003517742306681928,-0.0009103400730723009,-0.0009103400730723009,0.0,0.0,False,0.0,0.0,0.0003517742306681928
2011-04-15,0.0051946210211352845,0.0051946210211352845,0.004440473339534422,0.0007541476816008627,0.0007541476816008627,0.0,0.0,False,0.0,0.0,0.004440473339534422
2011-04-18,-0.00623367599923756,-0.00623367599923756,-0.008953009116936764,0.0027193331176992037,0.0027193331176992037,0.0,0.0,False,0.0,0.0,-0.008953009116936764
2011-04-19,0.003450003324539256,0.003450003324539256,0.005042231072182674,-0.0015922277476434184,-0.0015922277476434184,0.0,0.0,False,0.0,0.0,0.005042231072182674
2011-04-20,0.007529202923741349,0.007529202923741349,0.010165717565109856,-0.0026365146413685073,-0.0026365146413685073,0.0,0.0,False,0.0,0.0,0.010165717565109856
2011-04-21,0.00348337484049137,0.00348337484049137,0.004011360059651236,-0.0005279852191598655,-0.0005279852191598655,0.0,0.0,False,0.0,0.0,0.004011360059651236
2011-04-25,0.00033080124887507575,0.00033080124887507575,-0.00016635505167334006,0.0004971563005484158,0.0004971563005484158,0.0,0.0,False,0.0,0.0,-0.00016635505167334006
2011-04-26,0.006463880554137084,0.006463880554137084,0.007138067680889591,-0.0006741871267525066,-0.0006741871267525066,0.0,0.0,False,0.0,0.0,0.007138067680889591
2011-04-27,0.002520627085422753,0.002520627085422753,0.0026962067048651485,-0.0001755796194423953,-0.0001755796194423953,0.0,0.0,False,0.0,0.0,0.0026962067048651485
2011-04-28,0.0032449904255576556,0.0032449904255576556,0.0030325479030402316,0.00021244252251742405,0.00021244252251742405,0.0,0.0,False,0.0,0.0,0.0030325479030402316
2011-04-29,0.002190382483697861,0.002190382483697861,0.0015908104445503553,0.0005995720391475058,0.0005995720391475058,0.0,0.0,False,0.0,0.0,0.0015908104445503553
2011-05-02,-0.0014009549244096082,-0.001480982661813266,0.00031204997824870736,-0.0017930326400619732,-0.0017130049026583155,0.08002773740365784,8.002773740365785e-05,True,0.003855802784934366,3.855802784934366e-06,0.000308194175463773
2011-05-03,-0.0028438269220053556,-0.0028438269220053556,-0.004404503350778707,0.0015606764287733514,0.0015606764287733514,0.0,0.0,False,0.0,0.0,-0.004404503350778707
2011-05-04,-0.0036843962939905306,-0.0036843962939905306,-0.004572707143054163,0.0008883108490636321,0.0008883108490636321,0.0,0.0,False,0.0,0.0,-0.004572707143054163
2011-05-05,-0.0038121618554166183,-0.0038121618554166183,-0.0047984737928831915,0.0009863119374665733,0.0009863119374665733,0.0,0.0,False,0.0,0.0,-0.0047984737928831915
2011-05-06,0.003274243571748289,0.003274243571748289,0.002781863668616383,0.0004923799031319059,0.0004923799031319059,0.0,0.0,False,0.0,0.0,0.002781863668616383
2011-05-09,0.0035132268986924602,0.0035132268986924602,0.003354229344822629,0.0001589975538698312,0.0001589975538698312,0.0,0.0,False,0.0,0.0,0.003354229344822629
2011-05-10,0.003972088322284276,0.003972088322284276,0.003884932956545043,8.715536573923295e-05,8.715536573923295e-05,0.0,0.0,False,0.0,0.0,0.003884932956545043
2011-05-11,-0.006090806836006386,-0.006090806836006386,-0.007969168285732273,0.001878361449725887,0.001878361449725887,0.0,0.0,False,0.0,0.0,-0.007969168285732273
2011-05-12,0.002143794084619347,0.002143794084619347,0.001484352568956813,0.0006594415156625341,0.0006594415156625341,0.0,0.0,False,0.0,0.0,0.001484352568956813
2011-05-13,-0.004577983096277325,-0.004577983096277325,-0.005705996641623594,0.0011280135453462688,0.0011280135453462688,0.0,0.0,False,0.0,0.0,-0.005705996641623594
2011-05-16,-0.0026381211626845475,-0.0026381211626845475,-0.001795407795694905,-0.0008427133669896424,-0.0008427133669896424,0.0,0.0,False,0.0,0.0,-0.001795407795694905
2011-05-17,0.0007559644712641978,0.0007559644712641978,0.0017662727497161535,-0.0010103082784519556,-0.0010103082784519556,0.0,0.0,False,0.0,0.0,0.0017662727497161535
2011-05-18,0.003914918559226665,0.003914918559226665,0.003562777363642012,0.0003521411955846529,0.0003521411955846529,0.0,0.0,False,0.0,0.0,0.003562777363642012
2011-05-19,0.0015215812948526537,0.0015215812948526537,0.0014827780065718617,3.880328828079205e-05,3.880328828079205e-05,0.0,0.0,False,0.0,0.0,0.0014827780065718617
2011-05-20,-0.003889435533991646,-0.003889435533991646,-0.005171587020117806,0.0012821514861261598,0.0012821514861261598,0.0,0.0,False,0.0,0.0,-0.005171587020117806
2011-05-23,-0.007616017146954377,-0.007616017146954377,-0.009259425396258694,0.0016434082493043175,0.0016434082493043175,0.0,0.0,False,0.0,0.0,-0.009259425396258694
2011-05-24,-0.0002900745642826169,-0.0002900745642826169,0.0018989419726229374,-0.002189016536905554,-0.002189016536905554,0.0,0.0,False,0.0,0.0,0.0018989419726229374
2011-05-25,0.0024112184077448085,0.0024112184077448085,0.0021873224100274037,0.00022389599771740478,0.00022389599771740478,0.0,0.0,False,0.0,0.0,0.0021873224100274037
2011-05-26,0.005017238336799165,0.005017238336799165,0.006850864409588325,-0.0018336260727891598,-0.0018336260727891598,0.0,0.0,False,0.0,0.0,0.006850864409588325
2011-05-27,0.00312226293904718,0.00312226293904718,0.003664394056973127,-0.0005421311179259467,-0.0005421311179259467,0.0,0.0,False,0.0,0.0,0.003664394056973127
2011-05-31,0.006766455592287869,0.006766455592287869,0.008799251962052066,-0.0020327963697641966,-0.0020327963697641966,0.0,0.0,False,0.0,0.0,0.008799251962052066
2011-06-01,-0.012156205335252072,-0.01223618034369765,-0.010619257905147866,-0.001616922438549783,-0.001536947430104206,0.07997500844557628,7.997500844557628e-05,True,0.00939822239913135,9.39822239913135e-06,-0.010628656127546997
2011-06-02,-0.00225006100683179,-0.00225006100683179,-0.002209926218659382,-4.0134788172408245e-05,-4.0134788172408245e-05,0.0,0.0,False,0.0,0.0,-0.002209926218659382
2011-06-03,-0.005167162382061119,-0.005167162382061119,-0.002678187424268135,-0.0024889749577929844,-0.0024889749577929844,0.0,0.0,False,0.0,0.0,-0.002678187424268135
2011-06-06,-0.0069850575650820135,-0.0069850575650820135,-0.008236365910487759,0.0012513083454057453,0.0012513083454057453,0.0,0.0,False,0.0,0.0,-0.008236365910487759
2011-06-07,0.0010587799171582403,0.0010587799171582403,0.0032171502762132946,-0.0021583703590550545,-0.0021583703590550545,0.0,0.0,False,0.0,0.0,0.0032171502762132946
2011-06-08,-0.0039672900179260045,-0.0039672900179260045,-0.003462198219461957,-0.0005050917984640475,-0.0005050917984640475,0.0,0.0,False,0.0,0.0,-0.003462198219461957
2011-06-09,0.0029901034137835418,0.0029901034137835418,0.0033503112611029287,-0.00036020784731938694,-0.00036020784731938694,0.0,0.0,False,0.0,0.0,0.0033503112611029287
2011-06-10,-0.009040851009578868,-0.009040851009578868,-0.009602974559693146,0.0005621235501142782,0.0005621235501142782,0.0,0.0,False,0.0,0.0,-0.009602974559693146
2011-06-13,-0.0009704399282007803,-0.0009704399282007803,-0.00039453307174626244,-0.0005759068564545178,-0.0005759068564545178,0.0,0.0,False,0.0,0.0,-0.00039453307174626244
2011-06-14,0.007561475739634175,0.007561475739634175,0.0059454837985093295,0.0016159919411248454,0.0016159919411248454,0.0,0.0,False,0.0,0.0,0.0059454837985093295
2011-06-15,-0.008511743377218767,-0.008511743377218767,-0.009162837659046214,0.0006510942818274464,0.0006510942818274464,0.0,0.0,False,0.0,0.0,-0.009162837659046214
2011-06-16,-0.003398352079804083,-0.003398352079804083,3.0406902654448928e-05,-0.0034287589824585317,-0.0034287589824585317,0.0,0.0,False,0.0,0.0,3.0406902654448928e-05
2011-06-17,0.003973034531102858,0.003973034531102858,0.0020979296920376153,0.001875104839065243,0.001875104839065243,0.0,0.0,False,0.0,0.0,0.0020979296920376153
2011-06-20,0.00408755951959492,0.00408755951959492,0.001385144358279927,0.002702415161314993,0.002702415161314993,0.0,0.0,False,0.0,0.0,0.001385144358279927
2011-06-21,0.00939448221345763,0.00939448221345763,0.009471035215856712,-7.65530023990827e-05,-7.65530023990827e-05,0.0,0.0,False,0.0,0.0,0.009471035215856712
2011-06-22,-0.004898376630430287,-0.004898376630430287,-0.0044072260633894415,-0.0004911505670408458,-0.0004911505670408458,0.0,0.0,False,0.0,0.0,-0.0044072260633894415
2011-06-23,0.0012187554407805188,0.0012187554407805188,-0.00017120444609853598,0.0013899598868790549,0.0013899598868790549,0.0,0.0,False,0.0,0.0,-0.00017120444609853598
2011-06-24,-0.005506190136831917,-0.005506190136831917,-0.0044875532051203895,-0.0010186369317115272,-0.0010186369317115272,0.0,0.0,False,0.0,0.0,-0.0044875532051203895
2011-06-27,0.0033334358024287108,0.0033334358024287108,0.0032840337032478033,4.940209918090745e-05,4.940209918090745e-05,0.0,0.0,False,0.0,0.0,0.0032840337032478033
2011-06-28,0.0055974505367606085,0.0055974505367606085,0.0042858487931425725,0.001311601743618036,0.001311601743618036,0.0,0.0,False,0.0,0.0,0.0042858487931425725
2011-06-29,0.005575717325761929,0.005575717325761929,0.004347565848599917,0.0012281514771620115,0.0012281514771620115,0.0,0.0,False,0.0,0.0,0.004347565848599917
2011-06-30,0.006192341321522048,0.006192341321522048,0.005887852876428207,0.00030448844509384145,0.00030448844509384145,0.0,0.0,False,0.0,0.0,0.005887852876428207
2011-07-01,0.009866266673217921,0.00978678208033529,0.007462897958582964,0.0023238841217523253,0.0024033687146349566,0.07948459288263075,7.948459288263075e-05,True,0.0025033962979100627,2.503396297910063e-06,0.007460394562285054
2011-07-05,0.0013872874658879934,0.0013872874658879934,0.0008261854184368176,0.0005611020474511758,0.0005611020474511758,0.0,0.0,False,0.0,0.0,0.0008261854184368176
2011-07-06,0.001565051821424935,0.001565051821424935,-0.00012356582011547945,0.0016886176415404144,0.0016886176415404144,0.0,0.0,False,0.0,0.0,-0.00012356582011547945
2011-07-07,0.007607761575367014,0.007607761575367014,0.0056841874765859455,0.0019235740987810683,0.0019235740987810683,0.0,0.0,False,0.0,0.0,0.0056841874765859455
2011-07-08,-0.0032453216181834036,-0.0032453216181834036,-0.0016869626358060198,-0.0015583589823773838,-0.0015583589823773838,0.0,0.0,False,0.0,0.0,-0.0016869626358060198
2011-07-11,-0.013052329311520092,-0.013052329311520092,-0.010999801062217873,-0.002052528249302219,-0.002052528249302219,0.0,0.0,False,0.0,0.0,-0.010999801062217873
2011-07-12,-0.002695043925684636,-0.002695043925684636,-0.002945584485052768,0.00025054055936813216,0.00025054055936813216,0.0,0.0,False,0.0,0.0,-0.002945584485052768
2011-07-13,0.004396980559842455,0.004396980559842455,0.006041905916301467,-0.0016449253564590118,-0.0016449253564590118,0.0,0.0,False,0.0,0.0,0.006041905916301467
2011-07-14,-0.006523872338383748,-0.006523872338383748,-0.008019123971126602,0.0014952516327428542,0.0014952516327428542,0.0,0.0,False,0.0,0.0,-0.008019123971126602
2011-07-15,0.004189999319300652,0.004189999319300652,0.004450069586479125,-0.0002600702671784732,-0.0002600702671784732,0.0,0.0,False,0.0,0.0,0.004450069586479125
2011-07-18,-0.006804117515458452,-0.006804117515458452,-0.007745463708428084,0.0009413461929696316,0.0009413461929696316,0.0,0.0,False,0.0,0.0,-0.007745463708428084
2011-07-19,0.011882055182200705,0.011882055182200705,0.012141965390597316,-0.0002599102083966111,-0.0002599102083966111,0.0,0.0,False,0.0,0.0,0.012141965390597316
2011-07-20,0.0003910564179829195,0.0003910564179829195,-0.00022293445181539872,0.0006139908697983182,0.0006139908697983182,0.0,0.0,False,0.0,0.0,-0.00022293445181539872
2011-07-21,0.008164103826048794,0.008164103826048794,0.007545279397726274,0.0006188244283225203,0.0006188244283225203,0.0,0.0,False,0.0,0.0,0.007545279397726274
2011-07-22,0.0018303765435786752,0.0018303765435786752,0.0021052608384846926,-0.00027488429490601734,-0.00027488429490601734,0.0,0.0,False,0.0,0.0,0.0021052608384846926
2011-07-25,-0.006201264329542383,-0.006201264329542383,-0.005319184444887543,-0.0008820798846548399,-0.0008820798846548399,0.0,0.0,False,0.0,0.0,-0.005319184444887543
2011-07-26,-0.0003746493235136331,-0.0003746493235136331,0.0015759848066674179,-0.001950634130181051,-0.001950634130181051,0.0,0.0,False,0.0,0.0,0.0015759848066674179
2011-07-27,-0.015968428689313398,-0.015968428689313398,-0.013738446644646296,-0.0022299820446671018,-0.0022299820446671018,0.0,0.0,False,0.0,0.0,-0.013738446644646296
2011-07-28,-0.00042700322002356633,-0.00042700322002356633,-0.00029130003266005433,-0.000135703187363512,-0.000135703187363512,0.0,0.0,False,0.0,0.0,-0.00029130003266005433
2011-07-29,-0.0003349846927984953,-0.0003349846927984953,0.0035718183748862055,-0.003906803067684701,-0.003906803067684701,0.0,0.0,False,0.0,0.0,0.0035718183748862055
2011-08-01,-0.0023596289366730966,-0.0024419783636205963,-0.0019017134586351903,-0.000540264904985406,-0.0004579154780379063,0.08234942694749978,8.234942694749978e-05,True,0.012236424965378839,1.223642496537884e-05,-0.001913949883600569
2011-08-02,-0.01734752358347045,-0.01734752358347045,-0.011564134355900715,-0.005783389227569734,-0.005783389227569734,0.0,0.0,False,0.0,0.0,-0.011564134355900715
2011-08-03,0.002479639033992913,0.002479639033992913,0.0026473929010459372,-0.00016775386705302408,-0.00016775386705302408,0.0,0.0,False,0.0,0.0,0.0026473929010459372
2011-08-04,-0.034600163020823735,-0.034600163020823735,-0.026923399256446483,-0.007676763764377252,-0.007676763764377252,0.0,0.0,False,0.0,0.0,-0.026923399256446483
2011-08-05,-0.007398906526697457,-0.007398906526697457,-0.005460737852006653,-0.0019381686746908038,-0.0019381686746908038,0.0,0.0,False,0.0,0.0,-0.005460737852006653
2011-08-08,-0.05254350425635376,-0.05254350425635376,-0.037985266434347686,-0.014558237822006076,-0.014558237822006076,0.0,0.0,False,0.0,0.0,-0.037985266434347686
2011-08-09,0.04006855600121602,0.04006855600121602,0.033610405270609,0.006458150730607015,0.006458150730607015,0.0,0.0,False,0.0,0.0,0.033610405270609
2011-08-10,-0.026442756843902473,-0.026442756843902473,-0.022280465711794886,-0.004162291132107587,-0.004162291132107587,0.0,0.0,False,0.0,0.0,-0.022280465711794886
2011-08-11,0.026011728862337262,0.026011728862337262,0.01657216513076376,0.009439563731573501,0.009439563731573501,0.0,0.0,False,0.0,0.0,0.01657216513076376
2011-08-12,0.004325305446184589,0.004325305446184589,0.008231018737006076,-0.0039057132908214866,-0.0039057132908214866,0.0,0.0,False,0.0,0.0,0.008231018737006076
2011-08-15,0.017910844529125,0.017910844529125,0.011716318798060277,0.006194525731064722,0.006194525731064722,0.0,0.0,False,0.0,0.0,0.011716318798060277
2011-08-16,-0.006955972635425547,-0.006955972635425547,-0.003739442390718422,-0.003216530244707125,-0.003216530244707125,0.0,0.0,False,0.0,0.0,-0.003739442390718422
2011-08-17,0.00370729879201959,0.00370729879201959,0.004637171564010918,-0.0009298727719913276,-0.0009298727719913276,0.0,0.0,False,0.0,0.0,0.004637171564010918
2011-08-18,-0.029016734327634172,-0.029016734327634172,-0.023750770334881044,-0.005265963992753128,-0.005265963992753128,0.0,0.0,False,0.0,0.0,-0.023750770334881044
2011-08-19,-0.01155877634385704,-0.01155877634385704,-0.0083390491545431,-0.00321972718931394,-0.00321972718931394,0.0,0.0,False,0.0,0.0,-0.0083390491545431
2011-08-22,-0.0005652648768225282,-0.0005652648768225282,-0.00031585620435806204,-0.00024940867246446617,-0.00024940867246446617,0.0,0.0,False,0.0,0.0,-0.00031585620435806204
2011-08-23,0.019657445769040834,0.019657445769040834,0.01535065921094745,0.004306786558093384,0.004306786558093384,0.0,0.0,False,0.0,0.0,0.01535065921094745
2011-08-24,0.004353182392269653,0.004353182392269653,-0.002084113459434134,0.0064372958517037865,0.0064372958517037865,0.0,0.0,False,0.0,0.0,-0.002084113459434134
2011-08-25,-0.011109249287292466,-0.011109249287292466,-0.007866221463452207,-0.003243027823840259,-0.003243027823840259,0.0,0.0,False,0.0,0.0,-0.007866221463452207
2011-08-26,0.012267080246688345,0.012267080246688345,0.010319885838877054,0.001947194407811291,0.001947194407811291,0.0,0.0,False,0.0,0.0,0.010319885838877054
2011-08-29,0.02217843335055819,0.02217843335055819,0.014924240431710822,0.007254192918847369,0.007254192918847369,0.0,0.0,False,0.0,0.0,0.014924240431710822
2011-08-30,0.0036858252979507147,0.0036858252979507147,0.0035861133816183994,9.97119163323153e-05,9.97119163323153e-05,0.0,0.0,False,0.0,0.0,0.0035861133816183994
2011-08-31,0.005097532287851493,0.005097532287851493,0.0044256857102163575,0.0006718465776351353,0.0006718465776351353,0.0,0.0,False,0.0,0.0,0.0044256857102163575
2011-09-01,-0.007325820834725313,-0.007405854738067946,-0.003836704289468606,-0.00356915044859934,-0.0034891165452567074,0.08003390334263287,8.003390334263287e-05,True,0.026889836835948717,2.6889836835948715e-05,-0.0038635941263045546
2011-09-02,-0.013314830711108689,-0.013314830711108689,-0.01055247718241656,-0.0027623535286921286,-0.0027623535286921286,0.0,0.0,False,0.0,0.0,-0.01055247718241656
2011-09-06,-0.005133173854219037,-0.005133173854219037,-0.006394313572490415,0.0012611397182713778,0.0012611397182713778,0.0,0.0,False,0.0,0.0,-0.006394313572490415
2011-09-07,0.015268057745852503,0.015268057745852503,0.015408423347531643,-0.00014036560167914047,-0.00014036560167914047,0.0,0.0,False,0.0,0.0,0.015408423347531643
2011-09-08,-0.004313056054874781,-0.004313056054874781,-0.007734005879632596,0.0034209498247578154,0.0034209498247578154,0.0,0.0,False,0.0,0.0,-0.007734005879632596
2011-09-09,-0.016417581328781572,-0.016417581328781572,-0.01573704781399373,-0.0006805335147878414,-0.0006805335147878414,0.0,0.0,False,0.0,0.0,-0.01573704781399373
2011-09-12,-0.001164977305556902,-0.001164977305556902,-2.7292538670183432e-05,-0.0011376847668867185,-0.0011376847668867185,0.0,0.0,False,0.0,0.0,-2.7292538670183432e-05
2011-09-13,0.008459108562497972,0.008459108562497972,0.003697017258903766,0.004762091303594206,0.004762091303594206,0.0,0.0,False,0.0,0.0,0.003697017258903766
2011-09-14,0.008867852712906897,0.008867852712906897,0.007349693241613366,0.0015181594712935318,0.0015181594712935318,0.0,0.0,False,0.0,0.0,0.007349693241613366
2011-09-15,0.008378015829831557,0.008378015829831557,0.007400810622516307,0.0009772052073152501,0.0009772052073152501,0.0,0.0,False,0.0,0.0,0.007400810622516307
2011-09-16,0.0027467150320183518,0.0027467150320183518,0.002859018525372155,-0.00011230349335380335,-0.00011230349335380335,0.0,0.0,False,0.0,0.0,0.002859018525372155
2011-09-19,-0.0069793024801442175,-0.0069793024801442175,-0.007162550530684742,0.00018324805054052446,0.00018324805054052446,0.0,0.0,False,0.0,0.0,-0.007162550530684742
2011-09-20,-0.001656008496641033,-0.001656008496641033,-0.0006595693148923705,-0.0009964391817486626,-0.0009964391817486626,0.0,0.0,False,0.0,0.0,-0.0006595693148923705
2011-09-21,-0.01897656364682755,-0.01897656364682755,-0.015266874337352937,-0.0037096893094746147,-0.0037096893094746147,0.0,0.0,False,0.0,0.0,-0.015266874337352937
2011-09-22,-0.020476054331628635,-0.020476054331628635,-0.017367411148564972,-0.0031086431830636627,-0.0031086431830636627,0.0,0.0,False,0.0,0.0,-0.017367411148564972
2011-09-23,-0.00022065022381343022,-0.00022065022381343022,0.002172985161739527,-0.002393635385552957,-0.002393635385552957,0.0,0.0,False,0.0,0.0,0.002172985161739527
2011-09-26,0.010959746881226723,0.010959746881226723,0.009894028198190699,0.0010657186830360238,0.0010657186830360238,0.0,0.0,False,0.0,0.0,0.009894028198190699
2011-09-27,0.008333061953253104,0.008333061953253104,0.007825797030960775,0.0005072649222923296,0.0005072649222923296,0.0,0.0,False,0.0,0.0,0.007825797030960775
2011-09-28,-0.018718163843989388,-0.018718163843989388,-0.013686471137629715,-0.005031692706359673,-0.005031692706359673,0.0,0.0,False,0.0,0.0,-0.013686471137629715
2011-09-29,0.005472144161556117,0.005472144161556117,0.007382958501635994,-0.0019108143400798768,-0.0019108143400798768,0.0,0.0,False,0.0,0.0,0.007382958501635994
2011-09-30,-0.0178382774631385,-0.0178382774631385,-0.014677188726937875,-0.003161088736200624,-0.003161088736200624,0.0,0.0,False,0.0,0.0,-0.014677188726937875
2011-10-03,-0.01807818789859794,-0.01816085847161298,-0.013668491157405475,-0.004492367314207504,-0.004409696741192466,0.0826705730150396,8.26705730150396e-05,True,0.03276811308942956,3.276811308942956e-05,-0.013701259270494905
2011-10-04,0.013233621117904017,0.013233621117904017,0.010451137332773478,0.0027824837851305392,0.0027824837851305392,0.0,0.0,False,0.0,0.0,0.010451137332773478
2011-10-05,0.012352628667224998,0.012352628667224998,0.010253064014107246,0.0020995646531177525,0.0020995646531177525,0.0,0.0,False,0.0,0.0,0.010253064014107246
2011-10-06,0.012284196759617566,0.012284196759617566,0.011034435525719892,0.001249761233897674,0.001249761233897674,0.0,0.0,False,0.0,0.0,0.011034435525719892
2011-10-07,-0.007489196639174379,-0.007489196639174379,-0.007066475285214891,-0.0004227213539594885,-0.0004227213539594885,0.0,0.0,False,0.0,0.0,-0.007066475285214891
2011-10-10,0.024898469782061852,0.024898469782061852,0.020297831394906946,0.004600638387154906,0.004600638387154906,0.0,0.0,False,0.0,0.0,0.020297831394906946
2011-10-11,-0.00048191767383661883,-0.00048191767383661883,0.001306114510734323,-0.0017880321845709418,-0.0017880321845709418,0.0,0.0,False,0.0,0.0,0.001306114510734323
2011-10-12,0.010355880151110684,0.010355880151110684,0.007530716790654634,0.0028251633604560508,0.0028251633604560508,0.0,0.0,False,0.0,0.0,0.007530716790654634
2011-10-13,-0.0017760426578925482,-0.0017760426578925482,-0.00021934454476788229,-0.001556698113124666,-0.001556698113124666,0.0,0.0,False,0.0,0.0,-0.00021934454476788229
2011-10-14,0.010908458474768231,0.010908458474768231,0.008534033353178056,0.002374425121590175,0.002374425121590175,0.0,0.0,False,0.0,0.0,0.008534033353178056
2011-10-17,-0.013277778259167431,-0.013277778259167431,-0.012850168533603717,-0.00042760972556371395,-0.00042760972556371395,0.0,0.0,False,0.0,0.0,-0.012850168533603717
2011-10-18,0.012440627490757014,0.012440627490757014,0.012423593147163398,1.7034343593616205e-05,1.7034343593616205e-05,0.0,0.0,False,0.0,0.0,0.012423593147163398
2011-10-19,-0.00870546039210508,-0.00870546039210508,-0.008866966404572556,0.0001615060124674772,0.0001615060124674772,0.0,0.0,False,0.0,0.0,-0.008866966404572556
2011-10-20,0.0027072722112296433,0.0027072722112296433,-0.0005320275225277906,0.003239299733757434,0.003239299733757434,0.0,0.0,False,0.0,0.0,-0.0005320275225277906
2011-10-21,0.013980850403569636,0.013980850403569636,0.01335311934292251,0.0006277310606471256,0.0006277310606471256,0.0,0.0,False,0.0,0.0,0.01335311934292251
2011-10-24,0.01639023593119713,0.01639023593119713,0.012685508025596696,0.003704727905600433,0.003704727905600433,0.0,0.0,False,0.0,0.0,0.012685508025596696
2011-10-25,-0.011410025020145556,-0.011410025020145556,-0.008991030225279157,-0.002418994794866399,-0.002418994794866399,0.0,0.0,False,0.0,0.0,-0.008991030225279157
2011-10-26,0.007810018005734529,0.007810018005734529,0.0058511808688219485,0.001958837136912581,0.001958837136912581,0.0,0.0,False,0.0,0.0,0.0058511808688219485
2011-10-27,0.024605195796480003,0.024605195796480003,0.025015038719867398,-0.00040984292338739486,-0.00040984292338739486,0.0,0.0,False,0.0,0.0,0.025015038719867398
2011-10-28,-0.0006206886980878375,-0.0006206886980878375,-0.0001639243156598127,-0.0004567643824280248,-0.0004567643824280248,0.0,0.0,False,0.0,0.0,-0.0001639243156598127
2011-10-31,-0.015140618685730432,-0.015140618685730432,-0.01702219817540271,0.0018815794896722762,0.0018815794896722762,0.0,0.0,False,0.0,0.0,-0.01702219817540271
2011-11-01,-0.015250250808542955,-0.015329092309209534,-0.012435709892045604,-0.00289338241716393,-0.002814540916497351,0.07884150066657958,7.884150066657958e-05,True,0.02694193838285549,2.694193838285549e-05,-0.012462651830428459
2011-11-02,0.011810494136561725,0.011810494136561725,0.009710065799251082,0.0021004283373106426,0.0021004283373106426,0.0,0.0,False,0.0,0.0,0.009710065799251082
2011-11-03,0.012336493666162275,0.012336493666162275,0.009812563130446598,0.0025239305357156773,0.0025239305357156773,0.0,0.0,False,0.0,0.0,0.009812563130446598
2011-11-04,-0.002806551901786299,-0.002806551901786299,-0.0036541083951877515,0.0008475564934014527,0.0008475564934014527,0.0,0.0,False,0.0,0.0,-0.0036541083951877515
2011-11-07,0.0030977645588579597,0.0030977645588579597,0.003189061603381404,-9.129704452344413e-05,-9.129704452344413e-05,0.0,0.0,False,0.0,0.0,0.003189061603381404
2011-11-08,0.004792619860188595,0.004792619860188595,0.005090033608189517,-0.00029741374800092146,-0.00029741374800092146,0.0,0.0,False,0.0,0.0,0.005090033608189517
2011-11-09,-0.02322543980417223,-0.02322543980417223,-0.024762112700511513,0.0015366728963392834,0.0015366728963392834,0.0,0.0,False,0.0,0.0,-0.024762112700511513
2011-11-10,0.002636790148711372,0.002636790148711372,0.003001283283648108,-0.00036449313493673585,-0.00036449313493673585,0.0,0.0,False,0.0,0.0,0.003001283283648108
2011-11-11,0.012915366333909661,0.012915366333909661,0.011466108409800597,0.0014492579241090642,0.0014492579241090642,0.0,0.0,False,0.0,0.0,0.011466108409800597
2011-11-14,-0.006046562775293416,-0.006046562775293416,-0.005543754603830378,-0.0005028081714630386,-0.0005028081714630386,0.0,0.0,False,0.0,0.0,-0.005543754603830378
2011-11-15,0.003193638708273944,0.003193638708273944,0.001846191365399275,0.0013474473428746693,0.0013474473428746693,0.0,0.0,False,0.0,0.0,0.001846191365399275
2011-11-16,-0.010294996802540299,-0.010294996802540299,-0.010343939877449974,4.8943074909674894e-05,4.8943074909674894e-05,0.0,0.0,False,0.0,0.0,-0.010343939877449974
2011-11-17,-0.011679681008763973,-0.011679681008763973,-0.009889263501921059,-0.0017904175068429139,-0.0017904175068429139,0.0,0.0,False,0.0,0.0,-0.009889263501921059
2011-11-18,-0.0004455552320376889,-0.0004455552320376889,-1.6741909703250684e-06,-0.00044388104106736384,-0.00044388104106736384,0.0,0.0,False,0.0,0.0,-1.6741909703250684e-06
2011-11-21,-0.014214462332115547,-0.014214462332115547,-0.013367994848390866,-0.0008464674837246819,-0.0008464674837246819,0.0,0.0,False,0.0,0.0,-0.013367994848390866
2011-11-22,-0.0026170794227359643,-0.0026170794227359643,-0.0008149264262045393,-0.001802152996531425,-0.001802152996531425,0.0,0.0,False,0.0,0.0,-0.0008149264262045393
2011-11-23,-0.015271839395041016,-0.015271839395041016,-0.01458439294761586,-0.0006874464474251555,-0.0006874464474251555,0.0,0.0,False,0.0,0.0,-0.01458439294761586
2011-11-25,-0.004886874775267202,-0.004886874775267202,-0.00498650915002029,9.963437475308742e-05,9.963437475308742e-05,0.0,0.0,False,0.0,0.0,-0.00498650915002029
2011-11-28,0.02171781072665485,0.02171781072665485,0.021352278704332685,0.0003655320223221667,0.0003655320223221667,0.0,0.0,False,0.0,0.0,0.021352278704332685
2011-11-29,0.0009859574290457833,0.0009859574290457833,8.406144501977891e-05,0.0009018959840260043,0.0009018959840260043,0.0,0.0,False,0.0,0.0,8.406144501977891e-05
2011-11-30,0.027103174358265397,0.027103174358265397,0.02707000261804747,3.3171740217927126e-05,3.3171740217927126e-05,0.0,0.0,False,0.0,0.0,0.02707000261804747
2011-12-01,-0.0004338684855339219,-0.0005153743628613042,-0.0019559047320410637,0.0014405303691797594,0.0015220362465071418,0.08150587732738239,8.150587732738239e-05,True,0.0063326590037958465,6.332659003795846e-06,-0.0019622373910448596
2011-12-02,0.003291560904090883,0.003291560904090883,0.0024778652750999442,0.0008136956289909389,0.0008136956289909389,0.0,0.0,False,0.0,0.0,0.0024778652750999442
2011-12-05,0.007553456633425163,0.007553456633425163,0.008347849720991212,-0.000794393087566049,-0.000794393087566049,0.0,0.0,False,0.0,0.0,0.008347849720991212
2011-12-06,-0.00014939398705338352,-0.00014939398705338352,-0.0037176745077548076,0.003568280520701424,0.003568280520701424,0.0,0.0,False,0.0,0.0,-0.0037176745077548076
2011-12-07,0.002948253583177396,0.002948253583177396,0.004493672466028351,-0.001545418882850955,-0.001545418882850955,0.0,0.0,False,0.0,0.0,0.004493672466028351
2011-12-08,-0.015744299226891422,-0.015744299226891422,-0.015512333136505036,-0.000231966090386386,-0.000231966090386386,0.0,0.0,False,0.0,0.0,-0.015512333136505036
2011-12-09,0.010623282799184192,0.010623282799184192,0.009138415708381501,0.0014848670908026908,0.0014848670908026908,0.0,0.0,False,0.0,0.0,0.009138415708381501
2011-12-12,-0.010236970500040517,-0.010236970500040517,-0.011905889940194935,0.0016689194401544177,0.0016689194401544177,0.0,0.0,False,0.0,0.0,-0.011905889940194935
2011-12-13,-0.007854487458744053,-0.007854487458744053,-0.00479022342979174,-0.0030642640289523133,-0.0030642640289523133,0.0,0.0,False,0.0,0.0,-0.00479022342979174
2011-12-14,-0.008237457614341255,-0.008237457614341255,-0.004803959708622588,-0.0034334979057186674,-0.0034334979057186674,0.0,0.0,False,0.0,0.0,-0.004803959708622588
2011-12-15,0.003167852045852391,0.003167852045852391,0.0027362012235108875,0.0004316508223415035,0.0004316508223415035,0.0,0.0,False,0.0,0.0,0.0027362012235108875
2011-12-16,0.005424209783909783,0.005424209783909783,0.0034225927089467476,0.002001617074963035,0.002001617074963035,0.0,0.0,False,0.0,0.0,0.0034225927089467476
2011-12-19,-0.005729898096834048,-0.005729898096834048,-0.0059050204320808975,0.00017512233524684916,0.00017512233524684916,0.0,0.0,False,0.0,0.0,-0.0059050204320808975
2011-12-20,0.018691692521989357,0.018691692521989357,0.01652305634289365,0.0021686361790957086,0.0021686361790957086,0.0,0.0,False,0.0,0.0,0.01652305634289365
2011-12-21,0.0005590269843785646,0.0005590269843785646,-0.001710590444643463,0.002269617429022028,0.002269617429022028,0.0,0.0,False,0.0,0.0,-0.001710590444643463
2011-12-22,0.005288374620686619,0.005288374620686619,0.006832978061587169,-0.0015446034409005507,-0.0015446034409005507,0.0,0.0,False,0.0,0.0,0.006832978061587169
2011-12-23,0.0035150069761154556,0.0035150069761154556,0.0024035620985125845,0.001111444877602871,0.001111444877602871,0.0,0.0,False,0.0,0.0,0.0024035620985125845
2011-12-27,0.0013918069365138604,0.0013918069365138604,-0.00025558749699585603,0.0016473944335097163,0.0016473944335097163,0.0,0.0,False,0.0,0.0,-0.00025558749699585603
2011-12-28,-0.009382339705938908,-0.009382339705938908,-0.006656454172802726,-0.002725885533136182,-0.002725885533136182,0.0,0.0,False,0.0,0.0,-0.006656454172802726
2011-12-29,0.0055664313466543235,0.0055664313466543235,0.007615313580277028,-0.0020488822336227046,-0.0020488822336227046,0.0,0.0,False,0.0,0.0,0.007615313580277028
2011-12-30,-0.0004432648940662198,-0.0004432648940662198,0.0005493300200002436,-0.0009925949140664634,-0.0009925949140664634,0.0,0.0,False,0.0,0.0,0.0005493300200002436
2012-01-03,0.009791242619601313,0.009711576947705662,0.010615532859231941,-0.0009039559115262795,-0.0008242902396306279,0.07966567189565145,7.966567189565145e-05,True,0.009245407031349882,9.24540703134988e-06,0.010606287452200592
2012-01-04,-0.0001298410121850466,-0.0001298410121850466,-0.002355469443620351,0.0022256284314353045,0.0022256284314353045,0.0,0.0,False,0.0,0.0,-0.002355469443620351
2012-01-05,0.0012137285597729813,0.0012137285597729813,-0.0022976529472545698,0.003511381507027551,0.003511381507027551,0.0,0.0,False,0.0,0.0,-0.0022976529472545698
2012-01-06,-0.0004803295425525937,-0.0004803295425525937,-0.0025132152518639126,0.0020328857093113188,0.0020328857093113188,0.0,0.0,False,0.0,0.0,-0.0025132152518639126
2012-01-09,0.0009908276424303096,0.0009908276424303096,0.0023474566552333332,-0.0013566290128030237,-0.0013566290128030237,0.0,0.0,False,0.0,0.0,0.0023474566552333332
2012-01-10,0.007244748703616672,0.007244748703616672,0.00778125778793205,-0.0005365090843153777,-0.0005365090843153777,0.0,0.0,False,0.0,0.0,0.00778125778793205
2012-01-11,0.0019975797817395635,0.0019975797817395635,0.0017064313793152004,0.0002911484024243631,0.0002911484024243631,0.0,0.0,False,0.0,0.0,0.0017064313793152004
2012-01-12,0.0019737019219671107,0.0019737019219671107,0.0017834216680045474,0.00019028025396256336,0.00019028025396256336,0.0,0.0,False,0.0,0.0,0.0017834216680045474
2012-01-13,-0.002064205823386866,-0.002064205823386866,-0.002499459633733942,0.00043525381034707593,0.00043525381034707593,0.0,0.0,False,0.0,0.0,-0.002499459633733942
2012-01-17,0.002978119801287624,0.002978119801287624,0.0057369291437692985,-0.0027588093424816746,-0.0027588093424816746,0.0,0.0,False,0.0,0.0,0.0057369291437692985
2012-01-18,0.006700009983737135,0.006700009983737135,0.007851406569516958,-0.001151396585779823,-0.001151396585779823,0.0,0.0,False,0.0,0.0,0.007851406569516958
2012-01-19,0.001990844369673215,0.001990844369673215,0.0028377838936531176,-0.0008469395239799025,-0.0008469395239799025,0.0,0.0,False,0.0,0.0,0.0028377838936531176
2012-01-20,0.0009573751273835295,0.0009573751273835295,0.00031688219758863913,0.0006404929297948904,0.0006404929297948904,0.0,0.0,False,0.0,0.0,0.00031688219758863913
2012-01-23,-0.0009244445827028688,-0.0009244445827028688,-0.0001798687113140629,-0.0007445758713888059,-0.0007445758713888059,0.0,0.0,False,0.0,0.0,-0.0001798687113140629
2012-01-24,0.0008989247871312375,0.0008989247871312375,7.847783802831089e-05,0.0008204469491029266,0.0008204469491029266,0.0,0.0,False,0.0,0.0,7.847783802831089e-05
2012-01-25,0.008621575742220874,0.008621575742220874,0.007080467136103684,0.0015411086061171905,0.0015411086061171905,0.0,0.0,False,0.0,0.0,0.007080467136103684
2012-01-26,0.0009827717967958649,0.0009827717967958649,0.0007784870886672046,0.0002042847081286603,0.0002042847081286603,0.0,0.0,False,0.0,0.0,0.0007784870886672046
2012-01-27,0.0024327195864623815,0.0024327195864623815,0.001979444352786976,0.00045327523367540536,0.00045327523367540536,0.0,0.0,False,0.0,0.0,0.001979444352786976
2012-01-30,-0.0030768119989194953,-0.0030768119989194953,-0.0037666766540959402,0.0006898646551764449,0.0006898646551764449,0.0,0.0,False,0.0,0.0,-0.0037666766540959402
2012-01-31,0.0016723117977936837,0.0016723117977936837,0.0032453573948535274,-0.0015730455970598438,-0.0015730455970598438,0.0,0.0,False,0.0,0.0,0.0032453573948535274
2012-02-01,0.006852451633549327,0.006772694210948569,0.007600154184699731,-0.0008274599737511622,-0.0007477025511504042,0.07975742260075834,7.975742260075834e-05,True,0.01122446361498804,1.1224463614988039e-05,0.007588929721084743
2012-02-02,0.002441851451663572,0.002441851451663572,0.001930185081858573,0.0005116663698049992,0.0005116663698049992,0.0,0.0,False,0.0,0.0,0.001930185081858573
2012-02-03,0.006297124842248421,0.006297124842248421,0.006541726080929788,-0.00024460123868136775,-0.00024460123868136775,0.0,0.0,False,0.0,0.0,0.006541726080929788
2012-02-06,0.00028936066916210724,0.00028936066916210724,-0.0005785286398423802,0.0008678893090044874,0.0008678893090044874,0.0,0.0,False,0.0,0.0,-0.0005785286398423802
2012-02-07,-0.00047371932472744317,-0.00047371932472744317,-0.0002580037412968859,-0.0002157155834305573,-0.0002157155834305573,0.0,0.0,False,0.0,0.0,-0.0002580037412968859
2012-02-08,0.001624034261690189,0.001624034261690189,0.0025584584517778348,-0.0009344241900876458,-0.0009344241900876458,0.0,0.0,False,0.0,0.0,0.0025584584517778348
2012-02-09,-0.0015662807849096839,-0.0015662807849096839,-0.0007933440086770404,-0.0007729367762326435,-0.0007729367762326435,0.0,0.0,False,0.0,0.0,-0.0007933440086770404
2012-02-10,-0.004506299019926736,-0.004506299019926736,-0.006564367957611455,0.0020580689376847195,0.0020580689376847195,0.0,0.0,False,0.0,0.0,-0.006564367957611455
2012-02-13,0.005565828613145649,0.005565828613145649,0.006744594320174795,-0.0011787657070291462,-0.0011787657070291462,0.0,0.0,False,0.0,0.0,0.006744594320174795
2012-02-14,-0.0006564899385421181,-0.0006564899385421181,-0.0018092181041403223,0.0011527281655982042,0.0011527281655982042,0.0,0.0,False,0.0,0.0,-0.0018092181041403223
2012-02-15,-0.0031909648895831998,-0.0031909648895831998,-0.001532091241897177,-0.0016588736476860228,-0.0016588736476860228,0.0,0.0,False,0.0,0.0,-0.001532091241897177
2012-02-16,0.005883752756669982,0.005883752756669982,0.005981923887578814,-9.817113090883258e-05,-9.817113090883258e-05,0.0,0.0,False,0.0,0.0,0.005981923887578814
2012-02-17,0.0002791239962355491,0.0002791239962355491,0.001219944535222162,-0.0009408205389866129,-0.0009408205389866129,0.0,0.0,False,0.0,0.0,0.001219944535222162
2012-02-21,-0.001400387648056606,-0.001400387648056606,-0.0020684716757396666,0.0006680840276830605,0.0006680840276830605,0.0,0.0,False,0.0,0.0,-0.0020684716757396666
2012-02-22,7.19859227735493e-05,7.19859227735493e-05,0.0006069964365171443,-0.000535010513743595,-0.000535010513743595,0.0,0.0,False,0.0,0.0,0.0006069964365171443
2012-02-23,0.004748779965955914,0.004748779965955914,0.00366476707133055,0.0010840128946253639,0.0010840128946253639,0.0,0.0,False,0.0,0.0,0.00366476707133055
2012-02-24,0.0008193201203722572,0.0008193201203722572,0.003088554217031695,-0.0022692340966594376,-0.0022692340966594376,0.0,0.0,False,0.0,0.0,0.003088554217031695
2012-02-27,0.0017291892057805013,0.0017291892057805013,0.00022720105919623028,0.0015019881465842709,0.0015019881465842709,0.0,0.0,False,0.0,0.0,0.00022720105919623028
2012-02-28,0.0017137421811871183,0.0017137421811871183,0.003994801784234453,-0.0022810596030473345,-0.0022810596030473345,0.0,0.0,False,0.0,0.0,0.003994801784234453
2012-02-29,-0.005433599115101916,-0.005433599115101916,-0.004947908836538648,-0.0004856902785632675,-0.0004856902785632675,0.0,0.0,False,0.0,0.0,-0.004947908836538648
2012-03-01,0.0012487288887283697,0.0011690057786516712,0.0029893702063194744,-0.0018203644276678032,-0.0017406413175911047,0.07972311007669855,7.972311007669854e-05,True,0.011079333096650754,1.1079333096650753e-05,0.0029782908732228237
2012-03-02,-0.002324754190590271,-0.002324754190590271,-0.001996936943310274,-0.00032781724727999704,-0.00032781724727999704,0.0,0.0,False,0.0,0.0,-0.001996936943310274
2012-03-05,-0.0021894386291205735,-0.0021894386291205735,-0.00476449751464369,0.0025750588855231165,0.0025750588855231165,0.0,0.0,False,0.0,0.0,-0.00476449751464369
2012-03-06,-0.007500821246749412,-0.007500821246749412,-0.012293242203372039,0.004792420956622627,0.004792420956622627,0.0,0.0,False,0.0,0.0,-0.012293242203372039
2012-03-07,0.003290077284710833,0.003290077284710833,0.004773160210994309,-0.0014830829262834763,-0.0014830829262834763,0.0,0.0,False,0.0,0.0,0.004773160210994309
2012-03-08,0.004758907856266642,0.004758907856266642,0.007800807160139799,-0.0030418993038731565,-0.0030418993038731565,0.0,0.0,False,0.0,0.0,0.007800807160139799
2012-03-09,0.00319630086469619,0.00319630086469619,0.0011670446608431034,0.0020292562038530864,0.0020292562038530864,0.0,0.0,False,0.0,0.0,0.0011670446608431034
2012-03-12,-0.0007991019884839936,-0.0007991019884839936,-0.0019079751413175637,0.00110887315283357,0.00110887315283357,0.0,0.0,False,0.0,0.0,-0.0019079751413175637
2012-03-13,0.007008391502431563,0.007008391502431563,0.008835267442402542,-0.00182687593997098,-0.00182687593997098,0.0,0.0,False,0.0,0.0,0.008835267442402542
2012-03-14,-0.0073269195144333825,-0.0073269195144333825,-0.008889411989765325,0.0015624924753319426,0.0015624924753319426,0.0,0.0,False,0.0,0.0,-0.008889411989765325
2012-03-15,0.002886076226837167,0.002886076226837167,0.004129877874906984,-0.001243801648069817,-0.001243801648069817,0.0,0.0,False,0.0,0.0,0.004129877874906984
2012-03-16,0.0006009639343577287,0.0006009639343577287,0.0015680937848826983,-0.0009671298505249696,-0.0009671298505249696,0.0,0.0,False,0.0,0.0,0.0015680937848826983
2012-03-19,0.0008726861915691155,0.0008726861915691155,8.091765976570757e-05,0.0007917685318034079,0.0007917685318034079,0.0,0.0,False,0.0,0.0,8.091765976570757e-05
2012-03-20,-0.002526677652932305,-0.002526677652932305,-0.004690491407935297,0.002163813755002992,0.002163813755002992,0.0,0.0,False,0.0,0.0,-0.004690491407935297
2012-03-21,0.0016812444921542945,0.0016812444921542945,0.0008665796507719347,0.0008146648413823597,0.0008146648413823597,0.0,0.0,False,0.0,0.0,0.0008665796507719347
2012-03-22,-0.0041827076832959284,-0.0041827076832959284,-0.005100727693905271,0.0009180200106093427,0.0009180200106093427,0.0,0.0,False,0.0,0.0,-0.005100727693905271
2012-03-23,0.0038908473376364347,0.0038908473376364347,0.004576463415274831,-0.0006856160776383966,-0.0006856160776383966,0.0,0.0,False,0.0,0.0,0.004576463415274831
2012-03-26,0.008575466429334221,0.008575466429334221,0.008858366601556207,-0.0002829001722219858,-0.0002829001722219858,0.0,0.0,False,0.0,0.0,0.008858366601556207
2012-03-27,0.0008307544927798906,0.0008307544927798906,-0.00024062551547489688,0.0010713800082547875,0.0010713800082547875,0.0,0.0,False,0.0,0.0,-0.00024062551547489688
2012-03-28,-0.003599108436776377,-0.003599108436776377,-0.005196256957849812,0.0015971485210734353,0.0015971485210734353,0.0,0.0,False,0.0,0.0,-0.005196256957849812
2012-03-29,0.00044164209887967464,0.00044164209887967464,-0.0002731170500729183,0.000714759148952593,0.000714759148952593,0.0,0.0,False,0.0,0.0,-0.0002731170500729183
2012-03-30,-0.0008745999391201289,-0.0008745999391201289,0.0009987760497843598,-0.0018733759889044887,-0.0018733759889044887,0.0,0.0,False,0.0,0.0,0.0009987760497843598
2012-04-02,0.00574389524726927,0.005732733187648883,0.007075496275955628,-0.001342763088306745,-0.001331601028686358,0.011162059620387469,1.1162059620387468e-05,True,0.01102323991151868,1.1023239911518682e-05,0.0070644730360441095
2012-04-03,-0.006567781087621533,-0.006567781087621533,-0.008523538428092283,0.0019557573404707495,0.0019557573404707495,0.0,0.0,False,0.0,0.0,-0.008523538428092283
2012-04-04,-0.004259480909863745,-0.004259480909863745,-0.00697212402465527,0.002712643114791525,0.002712643114791525,0.0,0.0,False,0.0,0.0,-0.00697212402465527
2012-04-05,0.0007124810976676653,0.0007124810976676653,0.0008030047947875532,-9.052369711988787e-05,-9.052369711988787e-05,0.0,0.0,False,0.0,0.0,0.0008030047947875532
2012-04-09,-0.0022795108583227534,-0.0022795108583227534,-0.0020532479870569477,-0.00022626287126580567,-0.00022626287126580567,0.0,0.0,False,0.0,0.0,-0.0020532479870569477
2012-04-10,-0.008303728316215958,-0.008303728316215958,-0.009731061247950805,0.0014273329317348472,0.0014273329317348472,0.0,0.0,False,0.0,0.0,-0.009731061247950805
2012-04-11,0.0036188037249779634,0.0036188037249779634,0.004539929186861656,-0.0009211254618836928,-0.0009211254618836928,0.0,0.0,False,0.0,0.0,0.004539929186861656
2012-04-12,0.006258888570844725,0.006258888570844725,0.009196889636519694,-0.00293800106567497,-0.00293800106567497,0.0,0.0,False,0.0,0.0,0.009196889636519694
2012-04-13,-0.00346179150289939,-0.00346179150289939,-0.005720319000002301,0.0022585274971029107,0.0022585274971029107,0.0,0.0,False,0.0,0.0,-0.005720319000002301
2012-04-16,-5.2918181067639395e-05,-5.2918181067639395e-05,0.00030555260293844034,-0.00035847078400607973,-0.00035847078400607973,0.0,0.0,False,0.0,0.0,0.00030555260293844034
2012-04-17,0.007320315399409157,0.007320315399409157,0.008478008811188624,-0.0011576934117794669,-0.0011576934117794669,0.0,0.0,False,0.0,0.0,0.008478008811188624
2012-04-18,-0.0018290492054436616,-0.0018290492054436616,-0.002073056721932351,0.00024400751648868935,0.00024400751648868935,0.0,0.0,False,0.0,0.0,-0.002073056721932351
2012-04-19,-0.0026406962873662346,-0.0026406962873662346,-0.003119949467584086,0.0004792531802178513,0.0004792531802178513,0.0,0.0,False,0.0,0.0,-0.003119949467584086
2012-04-20,0.001439039149203868,0.001439039149203868,0.002848593965503801,-0.001409554816299933,-0.001409554816299933,0.0,0.0,False,0.0,0.0,0.002848593965503801
2012-04-23,-0.00445228705669563,-0.00445228705669563,-0.007175374034634717,0.002723086977939087,0.002723086977939087,0.0,0.0,False,0.0,0.0,-0.007175374034634717
2012-04-24,0.0013527997691843987,0.0013527997691843987,0.0016801532623454498,-0.0003273534931610511,-0.0003273534931610511,0.0,0.0,False,0.0,0.0,0.0016801532623454498
2012-04-25,0.007152541485152521,0.007152541485152521,0.007425691765333873,-0.0002731502801813527,-0.0002731502801813527,0.0,0.0,False,0.0,0.0,0.007425691765333873
2012-04-26,0.005244868201439462,0.005244868201439462,0.005285857698295428,-4.098949685596605e-05,-4.098949685596605e-05,0.0,0.0,False,0.0,0.0,0.005285857698295428
2012-04-27,0.0024077349517446617,0.0024077349517446617,0.002092679087476492,0.0003150558642681699,0.0003150558642681699,0.0,0.0,False,0.0,0.0,0.002092679087476492
2012-04-30,-0.002921667442629593,-0.002921667442629593,-0.0026063988093878087,-0.00031526863324178415,-0.00031526863324178415,0.0,0.0,False,0.0,0.0,-0.0026063988093878087
2012-05-01,0.0014235514030860338,0.0014107753378009309,0.0022833216316882287,-0.0008725462938872978,-0.0008597702286021948,0.012776065285102976,1.2776065285102974e-05,True,0.008473918524125351,8.473918524125351e-06,0.0022748477131641033
2012-05-02,0.000616762715558095,0.000616762715558095,-0.0009048832521327778,0.0015216459676908726,0.0015216459676908726,0.0,0.0,False,0.0,0.0,-0.0009048832521327778
2012-05-03,-0.004817051300573599,-0.004817051300573599,-0.005004971624436865,0.00018792032386326547,0.00018792032386326547,0.0,0.0,False,0.0,0.0,-0.005004971624436865
2012-05-04,-0.007343584739060819,-0.007343584739060819,-0.008451500505520536,0.001107915766459717,0.001107915766459717,0.0,0.0,False,0.0,0.0,-0.008451500505520536
2012-05-07,0.0009814464441945012,0.0009814464441945012,0.0019932883915249645,-0.0010118419473304633,-0.0010118419473304633,0.0,0.0,False,0.0,0.0,0.0019932883915249645
2012-05-08,-0.00031287011897013776,-0.00031287011897013776,-0.003975380981079583,0.003662510862109445,0.003662510862109445,0.0,0.0,False,0.0,0.0,-0.003975380981079583
2012-05-09,-0.0030973131362751396,-0.0030973131362751396,-0.005068152436657468,0.0019708393003823287,0.0019708393003823287,0.0,0.0,False,0.0,0.0,-0.005068152436657468
2012-05-10,0.0004548645312394125,0.0004548645312394125,0.001134781298472795,-0.0006799167672333824,-0.0006799167672333824,0.0,0.0,False,0.0,0.0,0.001134781298472795
2012-05-11,0.00014063238054103495,0.00014063238054103495,-0.0016217294194171734,0.0017623617999582084,0.0017623617999582084,0.0,0.0,False,0.0,0.0,-0.0016217294194171734
2012-05-14,-0.004624704569517036,-0.004624704569517036,-0.007250047297056162,0.0026253427275391254,0.0026253427275391254,0.0,0.0,False,0.0,0.0,-0.007250047297056162
2012-05-15,-0.0024553529056963582,-0.0024553529056963582,-0.004344452353051555,0.0018890994473551971,0.0018890994473551971,0.0,0.0,False,0.0,0.0,-0.004344452353051555
2012-05-16,-0.002097738484901225,-0.002097738484901225,-0.0038474813846065044,0.0017497428997052793,0.0017497428997052793,0.0,0.0,False,0.0,0.0,-0.0038474813846065044
2012-05-17,-0.00922175932336716,-0.00922175932336716,-0.007922368430735145,-0.0012993908926320161,-0.0012993908926320161,0.0,0.0,False,0.0,0.0,-0.007922368430735145
2012-05-18,-0.00540149377133809,-0.00540149377133809,-0.005605284176460182,0.00020379040512209182,0.00020379040512209182,0.0,0.0,False,0.0,0.0,-0.005605284176460182
2012-05-21,0.008892084232653865,0.008892084232653865,0.01097765655496233,-0.0020855723223084655,-0.0020855723223084655,0.0,0.0,False,0.0,0.0,0.01097765655496233
2012-05-22,-0.0015463697014913287,-0.0015463697014913287,-0.0027673088774977806,0.001220939176006452,0.001220939176006452,0.0,0.0,False,0.0,0.0,-0.0027673088774977806
2012-05-23,0.0024527420661976276,0.0024527420661976276,-2.662395271365518e-05,0.002479366018911283,0.002479366018911283,0.0,0.0,False,0.0,0.0,-2.662395271365518e-05
2012-05-24,0.00043310427535899073,0.00043310427535899073,-0.0013519895492553043,0.001785093824614295,0.001785093824614295,0.0,0.0,False,0.0,0.0,-0.0013519895492553043
2012-05-25,0.0001712169811910384,0.0001712169811910384,-0.000724895129273308,0.0008961121104643465,0.0008961121104643465,0.0,0.0,False,0.0,0.0,-0.000724895129273308
2012-05-29,0.006445537006177393,0.006445537006177393,0.008546315638497837,-0.0021007786323204436,-0.0021007786323204436,0.0,0.0,False,0.0,0.0,0.008546315638497837
2012-05-30,-0.00510657813495326,-0.00510657813495326,-0.006677040044030802,0.001570461909077542,0.001570461909077542,0.0,0.0,False,0.0,0.0,-0.006677040044030802
2012-05-31,0.0017589638404153886,0.0017589638404153886,0.002847320061317469,-0.0010883562209020802,-0.0010883562209020802,0.0,0.0,False,0.0,0.0,0.002847320061317469
2012-06-01,-0.009977327628802208,-0.0099980100385822,-0.011710605579772698,0.0017125955411904977,0.00173327795097049,0.020682409779991934,2.0682409779991934e-05,True,0.027344933916253603,2.73449339162536e-05,-0.011737950513688951
2012-06-04,-0.0038204324063584594,-0.0038204324063584594,-0.0013270229546700457,-0.0024934094516884135,-0.0024934094516884135,0.0,0.0,False,0.0,0.0,-0.0013270229546700457
2012-06-05,0.0032659971154555137,0.0032659971154555137,0.0025382031484238858,0.000727793967031628,0.000727793967031628,0.0,0.0,False,0.0,0.0,0.0025382031484238858
2012-06-06,0.009308462827626048,0.009308462827626048,0.012216306461696184,-0.002907843634070137,-0.002907843634070137,0.0,0.0,False,0.0,0.0,0.012216306461696184
2012-06-07,0.00025967026706902405,0.00025967026706902405,0.0015446676397473246,-0.0012849973726783005,-0.0012849973726783005,0.0,0.0,False,0.0,0.0,0.0015446676397473246
2012-06-08,0.006004167289407978,0.006004167289407978,0.002376700733198424,0.003627466556209554,0.003627466556209554,0.0,0.0,False,0.0,0.0,0.002376700733198424
2012-06-11,-0.007377152717589264,-0.007377152717589264,-0.007135761442824653,-0.0002413912747646109,-0.0002413912747646109,0.0,0.0,False,0.0,0.0,-0.007135761442824653
2012-06-12,0.003961839591492322,0.003961839591492322,0.006703126901649419,-0.0027412873101570973,-0.0027412873101570973,0.0,0.0,False,0.0,0.0,0.006703126901649419
2012-06-13,-0.0019119810862753335,-0.0019119810862753335,-0.0020285324700759265,0.00011655138380059298,0.00011655138380059298,0.0,0.0,False,0.0,0.0,-0.0020285324700759265
2012-06-14,0.004563250004640128,0.004563250004640128,0.004813981831767149,-0.0002507318271270211,-0.0002507318271270211,0.0,0.0,False,0.0,0.0,0.004813981831767149
2012-06-15,0.007893189289656507,0.007893189289656507,0.009549538531974999,-0.0016563492423184913,-0.0016563492423184913,0.0,0.0,False,0.0,0.0,0.009549538531974999
2012-06-18,0.000705818539187198,0.000705818539187198,0.0005653020545713715,0.00014051648461582656,0.00014051648461582656,0.0,0.0,False,0.0,0.0,0.0005653020545713715
2012-06-19,0.005123099886239749,0.005123099886239749,0.006515270749824955,-0.0013921708635852058,-0.0013921708635852058,0.0,0.0,False,0.0,0.0,0.006515270749824955
2012-06-20,-0.0012508022450004005,-0.0012508022450004005,-0.00011315128871683321,-0.0011376509562835673,-0.0011376509562835673,0.0,0.0,False,0.0,0.0,-0.00011315128871683321
2012-06-21,-0.01105802593104839,-0.01105802593104839,-0.014934963526752196,0.003876937595703806,0.003876937595703806,0.0,0.0,False,0.0,0.0,-0.014934963526752196
2012-06-22,0.0032316515115089813,0.0032316515115089813,0.002877654025194753,0.00035399748631422846,0.00035399748631422846,0.0,0.0,False,0.0,0.0,0.002877654025194753
2012-06-25,-0.006205959582996464,-0.006205959582996464,-0.008757837320335624,0.0025518777373391595,0.0025518777373391595,0.0,0.0,False,0.0,0.0,-0.008757837320335624
2012-06-26,0.0020457732309465872,0.0020457732309465872,0.003070203226446055,-0.001024429995499468,-0.001024429995499468,0.0,0.0,False,0.0,0.0,0.003070203226446055
2012-06-27,0.006450979685734803,0.006450979685734803,0.006160921761887544,0.0002900579238472589,0.0002900579238472589,0.0,0.0,False,0.0,0.0,0.006160921761887544
2012-06-28,-9.374605335410292e-05,-9.374605335410292e-05,-0.00011848789967355041,2.4741846319447492e-05,2.4741846319447492e-05,0.0,0.0,False,0.0,0.0,-0.00011848789967355041
2012-06-29,0.012214640540120749,0.012214640540120749,0.017301368113661543,-0.005086727573540794,-0.005086727573540794,0.0,0.0,False,0.0,0.0,0.017301368113661543
2012-07-02,0.0052792754539842945,0.005194978877866637,0.004712824221143963,0.0004821546567226739,0.0005664512328403312,0.08429657611765748,8.429657611765748e-05,True,0.011978050349057377,1.1978050349057378e-05,0.004700846170794906
2012-07-03,0.003687871028044092,0.003687871028044092,0.005232043605736999,-0.0015441725776929073,-0.0015441725776929073,0.0,0.0,False,0.0,0.0,0.005232043605736999
2012-07-05,-0.0004723097664309829,-0.0004723097664309829,-0.0038022117739178315,0.003329902007486849,0.003329902007486849,0.0,0.0,False,0.0,0.0,-0.0038022117739178315
2012-07-06,-0.003561552649012415,-0.003561552649012415,-0.00509985652472031,0.0015383038757078946,0.0015383038757078946,0.0,0.0,False,0.0,0.0,-0.00509985652472031
2012-07-09,-1.51547111097108e-05,-1.51547111097108e-05,-0.00015025424524673958,0.00013509953413702878,0.00013509953413702878,0.0,0.0,False,0.0,0.0,-0.00015025424524673958
2012-07-10,-0.00468308089354131,-0.00468308089354131,-0.0050872301016256045,0.00040414920808429493,0.00040414920808429493,0.0,0.0,False,0.0,0.0,-0.0050872301016256045
2012-07-11,-0.000547046478026748,-0.000547046478026748,0.0009743916613532135,-0.0015214381393799615,-0.0015214381393799615,0.0,0.0,False,0.0,0.0,0.0009743916613532135
2012-07-12,-0.0006537579497942557,-0.0006537579497942557,-0.0031233388722907663,0.0024695809224965105,0.0024695809224965105,0.0,0.0,False,0.0,0.0,-0.0031233388722907663
2012-07-13,0.007508103371498553,0.007508103371498553,0.009298313439344896,-0.0017902100678463435,-0.0017902100678463435,0.0,0.0,False,0.0,0.0,0.009298313439344896
2012-07-16,-0.000284167512794944,-0.000284167512794944,-5.848686882706285e-05,-0.00022568064396788113,-0.00022568064396788113,0.0,0.0,False,0.0,0.0,-5.848686882706285e-05
2012-07-17,0.0020625172645270303,0.0020625172645270303,0.003013323653999942,-0.0009508063894729116,-0.0009508063894729116,0.0,0.0,False,0.0,0.0,0.003013323653999942
2012-07-18,0.004742159578355359,0.004742159578355359,0.00450022880389178,0.00024193077446357965,0.00024193077446357965,0.0,0.0,False,0.0,0.0,0.00450022880389178
2012-07-19,0.00014985865111453447,0.00014985865111453447,0.0027364830406911805,-0.002586624389576646,-0.002586624389576646,0.0,0.0,False,0.0,0.0,0.0027364830406911805
2012-07-20,-0.0037747262851215956,-0.0037747262851215956,-0.00681259042726316,0.0030378641421415645,0.0030378641421415645,0.0,0.0,False,0.0,0.0,-0.00681259042726316
2012-07-23,-0.005965434233456543,-0.005965434233456543,-0.009262599674427937,0.0032971654409713943,0.0032971654409713943,0.0,0.0,False,0.0,0.0,-0.009262599674427937
2012-07-24,-0.004115683595199746,-0.004115683595199746,-0.0041361955500067975,2.0511954807051966e-05,2.0511954807051966e-05,0.0,0.0,False,0.0,0.0,-0.0041361955500067975
2012-07-25,0.0009058888201975428,0.0009058888201975428,0.0019397607282866383,-0.0010338719080890955,-0.0010338719080890955,0.0,0.0,False,0.0,0.0,0.0019397607282866383
2012-07-26,0.006187602675981724,0.006187602675981724,0.011028473084277051,-0.004840870408295327,-0.004840870408295327,0.0,0.0,False,0.0,0.0,0.011028473084277051
2012-07-27,0.0068929756542295715,0.0068929756542295715,0.009334291474168265,-0.0024413158199386937,-0.0024413158199386937,0.0,0.0,False,0.0,0.0,0.009334291474168265
2012-07-30,0.0009443239796911293,0.0009443239796911293,0.00048545506915665814,0.00045886891053447114,0.00045886891053447114,0.0,0.0,False,0.0,0.0,0.00048545506915665814
2012-07-31,-0.0024683008959946054,-0.0024683008959946054,-0.0026766657253715805,0.00020836482937697503,0.00020836482937697503,0.0,0.0,False,0.0,0.0,-0.0026766657253715805
2012-08-01,-0.0043724211380424425,-0.004387452768108848,-0.0020227321187618053,-0.002364720649347043,-0.0023496890192806373,0.01503163006640581,1.503163006640581e-05,True,0.0047472521472635525,4.747252147263552e-06,-0.0020274793709090686
2012-08-02,-0.0020682560086003605,-0.0020682560086003605,-0.004675505194481946,0.0026072491858815856,0.0026072491858815856,0.0,0.0,False,0.0,0.0,-0.004675505194481946
2012-08-03,0.008514881913966318,0.008514881913966318,0.013054042248831138,-0.00453916033486482,-0.00453916033486482,0.0,0.0,False,0.0,0.0,0.013054042248831138
2012-08-06,0.0023370991507783816,0.0023370991507783816,0.0030237659669938,-0.0006866668162154184,-0.0006866668162154184,0.0,0.0,False,0.0,0.0,0.0030237659669938
2012-08-07,0.0006886450516880695,0.0006886450516880695,0.001085546160542087,-0.00039690110885401745,-0.00039690110885401745,0.0,0.0,False,0.0,0.0,0.001085546160542087
2012-08-08,-0.0006843301861354939,-0.0006843301861354939,-0.0005416283907459713,-0.00014270179538952254,-0.00014270179538952254,0.0,0.0,False,0.0,0.0,-0.0005416283907459713
2012-08-09,0.0007284525932208859,0.0007284525932208859,0.0007404067617001359,-1.1954168479249975e-05,-1.1954168479249975e-05,0.0,0.0,False,0.0,0.0,0.0007404067617001359
2012-08-10,0.0013937042343322452,0.0013937042343322452,0.0022871929228567463,-0.0008934886885245011,-0.0008934886885245011,0.0,0.0,False,0.0,0.0,0.0022871929228567463
2012-08-13,-0.0009511464346958896,-0.0009511464346958896,-0.002394315465371128,0.0014431690306752386,0.0014431690306752386,0.0,0.0,False,0.0,0.0,-0.002394315465371128
2012-08-14,-0.0026477148770693557,-0.0026477148770693557,-0.0020201103857583145,-0.0006276044913110413,-0.0006276044913110413,0.0,0.0,False,0.0,0.0,-0.0020201103857583145
2012-08-15,-0.0005427715318141618,-0.0005427715318141618,-0.002146693299131202,0.00160392176731704,0.00160392176731704,0.0,0.0,False,0.0,0.0,-0.002146693299131202
2012-08-16,0.0031116880885863887,0.0031116880885863887,0.004327422859557323,-0.0012157347709709342,-0.0012157347709709342,0.0,0.0,False,0.0,0.0,0.004327422859557323
2012-08-17,0.002237173360318496,0.002237173360318496,0.0011293583302839725,0.0011078150300345233,0.0011078150300345233,0.0,0.0,False,0.0,0.0,0.0011293583302839725
2012-08-20,0.000230474046184711,0.000230474046184711,0.00028818426274700756,-5.7710216562296566e-05,-5.7710216562296566e-05,0.0,0.0,False,0.0,0.0,0.00028818426274700756
2012-08-21,-0.0006693860427623222,-0.0006693860427623222,0.000394934577842292,-0.0010643206206046142,-0.0010643206206046142,0.0,0.0,False,0.0,0.0,0.000394934577842292
2012-08-22,0.002785546899966523,0.002785546899966523,0.0028625161401473,-7.696924018077683e-05,-7.696924018077683e-05,0.0,0.0,False,0.0,0.0,0.0028625161401473
2012-08-23,-0.0033647874014548617,-0.0033647874014548617,-0.004014038450684106,0.0006492510492292439,0.0006492510492292439,0.0,0.0,False,0.0,0.0,-0.004014038450684106
2012-08-24,0.0025825585109157207,0.0025825585109157207,0.0017807858798944308,0.00080177263102129,0.00080177263102129,0.0,0.0,False,0.0,0.0,0.0017807858798944308
2012-08-27,0.0016232049517209777,0.0016232049517209777,0.00023884664792182635,0.0013843583037991512,0.0013843583037991512,0.0,0.0,False,0.0,0.0,0.00023884664792182635
2012-08-28,0.0007170979611209299,0.0007170979611209299,-2.3061956026681108e-05,0.000740159917147611,0.000740159917147611,0.0,0.0,False,0.0,0.0,-2.3061956026681108e-05
2012-08-29,0.00027281796850369474,0.00027281796850369474,-0.0012014442360106215,0.0014742622045143161,0.0014742622045143161,0.0,0.0,False,0.0,0.0,-0.0012014442360106215
2012-08-30,-0.0035166832993172082,-0.0035166832993172082,-0.005491046754438418,0.00197436345512121,0.00197436345512121,0.0,0.0,False,0.0,0.0,-0.005491046754438418
2012-08-31,0.005536998875883738,0.005536998875883738,0.006921322943574455,-0.001384324067690717,-0.001384324067690717,0.0,0.0,False,0.0,0.0,0.006921322943574455
2012-09-04,0.0004924807740381495,0.00041266983881801104,-0.001844622999131057,0.002257292837949068,0.0023371037731692067,0.07981093522013852,7.981093522013851e-05,True,0.007227000584314799,7.2270005843148e-06,-0.0018518499997153717
2012-09-05,-0.00026768297111431807,-0.00026768297111431807,-0.001408092263055482,0.001140409291941164,0.001140409291941164,0.0,0.0,False,0.0,0.0,-0.001408092263055482
2012-09-06,0.00725865961730653,0.00725865961730653,0.010075151133250724,-0.0028164915159441936,-0.0028164915159441936,0.0,0.0,False,0.0,0.0,0.010075151133250724
2012-09-07,0.003388597439534107,0.003388597439534107,0.006507955494264072,-0.0031193580547299645,-0.0031193580547299645,0.0,0.0,False,0.0,0.0,0.006507955494264072
2012-09-10,-0.0026473562381100105,-0.0026473562381100105,-0.0042678864119337166,0.001620530173823706,0.001620530173823706,0.0,0.0,False,0.0,0.0,-0.0042678864119337166
2012-09-11,0.0010195260785401169,0.0010195260785401169,0.0033483651009827637,-0.0023288390224426468,-0.0023288390224426468,0.0,0.0,False,0.0,0.0,0.0033483651009827637
2012-09-12,0.00027590768511255885,0.00027590768511255885,0.0008727696620375773,-0.0005968619769250185,-0.0005968619769250185,0.0,0.0,False,0.0,0.0,0.0008727696620375773
2012-09-13,0.009486680372540314,0.009486680372540314,0.011568812126811956,-0.0020821317542716426,-0.0020821317542716426,0.0,0.0,False,0.0,0.0,0.011568812126811956
2012-09-14,-0.0006265643927706719,-0.0006265643927706719,0.0006553664756379417,-0.0012819308684086136,-0.0012819308684086136,0.0,0.0,False,0.0,0.0,0.0006553664756379417
2012-09-17,-0.0007236157860880342,-0.0007236157860880342,-0.0018049177060045992,0.001081301919916565,0.001081301919916565,0.0,0.0,False,0.0,0.0,-0.0018049177060045992
2012-09-18,0.00048572434374674796,0.00048572434374674796,0.00014350016564616914,0.0003422241781005788,0.0003422241781005788,0.0,0.0,False,0.0,0.0,0.00014350016564616914
2012-09-19,0.0008736089342561001,0.0008736089342561001,0.001723370546842131,-0.0008497616125860308,-0.0008497616125860308,0.0,0.0,False,0.0,0.0,0.001723370546842131
2012-09-20,-0.000741136574769103,-0.000741136574769103,-0.001719046755148213,0.0009779101803791099,0.0009779101803791099,0.0,0.0,False,0.0,0.0,-0.001719046755148213
2012-09-21,0.0014065306250183763,0.0014065306250183763,0.0011269627794028084,0.0002795678456155679,0.0002795678456155679,0.0,0.0,False,0.0,0.0,0.0011269627794028084
2012-09-24,-0.00016982599236517297,-0.00016982599236517297,-0.00025204791381175135,8.222192144657838e-05,8.222192144657838e-05,0.0,0.0,False,0.0,0.0,-0.00025204791381175135
2012-09-25,-0.004751819054822713,-0.004751819054822713,-0.005113868703258074,0.00036204964843536067,0.00036204964843536067,0.0,0.0,False,0.0,0.0,-0.005113868703258074
2012-09-26,-0.001308826247761876,-0.001308826247761876,-0.0022948124916822785,0.0009859862439204024,0.0009859862439204024,0.0,0.0,False,0.0,0.0,-0.0022948124916822785
2012-09-27,0.004404258954602474,0.004404258954602474,0.006006155142179593,-0.001601896187577119,-0.001601896187577119,0.0,0.0,False,0.0,0.0,0.006006155142179593
2012-09-28,-0.002328242582662383,-0.002328242582662383,-0.005067497280329725,0.0027392546976673423,0.0027392546976673423,0.0,0.0,False,0.0,0.0,-0.005067497280329725
2012-10-01,0.0018059702100325188,0.0017259702099932102,0.004125593897281121,-0.002399623687287911,-0.0023196236872486025,0.0800000000393085,8.00000000393085e-05,True,0.007461413343264736,7.461413343264736e-06,0.004118132483937857
2012-10-02,0.001218442153217842,0.001218442153217842,0.0009956110631127969,0.0002228310901050451,0.0002228310901050451,0.0,0.0,False,0.0,0.0,0.0009956110631127969
2012-10-03,0.001469048193644208,0.001469048193644208,0.00010292823755925879,0.0013661199560849493,0.0013661199560849493,0.0,0.0,False,0.0,0.0,0.00010292823755925879
2012-10-04,0.0026361928915321917,0.0026361928915321917,0.0038260032538549077,-0.001189810362322716,-0.001189810362322716,0.0,0.0,False,0.0,0.0,0.0038260032538549077
2012-10-05,-0.001275981591219873,-0.001275981591219873,-0.0016073326800501136,0.0003313510888302406,0.0003313510888302406,0.0,0.0,False,0.0,0.0,-0.0016073326800501136
2012-10-08,-0.0012006973445053259,-0.0012006973445053259,-0.001694625270533131,0.0004939279260278051,0.0004939279260278051,0.0,0.0,False,0.0,0.0,-0.001694625270533131
2012-10-09,-0.0058115601672513156,-0.0058115601672513156,-0.006840493388941851,0.0010289332216905358,0.0010289332216905358,0.0,0.0,False,0.0,0.0,-0.006840493388941851
2012-10-10,-0.0013098397220367639,-0.0013098397220367639,-0.0019275465497905772,0.0006177068277538134,0.0006177068277538134,0.0,0.0,False,0.0,0.0,-0.0019275465497905772
2012-10-11,0.0016024983186578537,0.0016024983186578537,0.003259796961031847,-0.0016572986423739934,-0.0016572986423739934,0.0,0.0,False,0.0,0.0,0.003259796961031847
2012-10-12,-0.002445944969011955,-0.002445944969011955,-0.0015485142556704128,-0.0008974307133415424,-0.0008974307133415424,0.0,0.0,False,0.0,0.0,-0.0015485142556704128
2012-10-15,0.005204871924214172,0.005204871924214172,0.005274886559445977,-7.001463523180484e-05,-7.001463523180484e-05,0.0,0.0,False,0.0,0.0,0.005274886559445977
2012-10-16,0.004147477004130745,0.004147477004130745,0.005216472864721265,-0.0010689958605905195,-0.0010689958605905195,0.0,0.0,False,0.0,0.0,0.005216472864721265
2012-10-17,0.0011686129133880391,0.0011686129133880391,0.0020400271314677037,-0.0008714142180796646,-0.0008714142180796646,0.0,0.0,False,0.0,0.0,0.0020400271314677037
2012-10-18,-0.0017183443476768531,-0.0017183443476768531,-0.0028538567388732713,0.0011355123911964181,0.0011355123911964181,0.0,0.0,False,0.0,0.0,-0.0028538567388732713
2012-10-19,-0.008580619266912268,-0.008580619266912268,-0.007917046689075594,-0.0006635725778366738,-0.0006635725778366738,0.0,0.0,False,0.0,0.0,-0.007917046689075594
2012-10-22,-0.0015618894319240483,-0.0015618894319240483,0.0007351762875898095,-0.002297065719513858,-0.002297065719513858,0.0,0.0,False,0.0,0.0,0.0007351762875898095
2012-10-23,-0.005173724574295726,-0.005173724574295726,-0.007877248380778757,0.0027035238064830316,0.0027035238064830316,0.0,0.0,False,0.0,0.0,-0.007877248380778757
2012-10-24,-0.0024794836501964047,-0.0024794836501964047,-0.002118636424155766,-0.00036084722604063854,-0.00036084722604063854,0.0,0.0,False,0.0,0.0,-0.002118636424155766
2012-10-25,8.765904406218177e-05,8.765904406218177e-05,0.0016586620955039379,-0.001571003051441756,-0.001571003051441756,0.0,0.0,False,0.0,0.0,0.0016586620955039379
2012-10-26,0.0006618890233617786,0.0006618890233617786,0.001323508501571668,-0.0006616194782098894,-0.0006616194782098894,0.0,0.0,False,0.0,0.0,0.001323508501571668
2012-10-31,0.0032046001439276686,0.0032046001439276686,0.0016173343829703189,0.0015872657609573497,0.0015872657609573497,0.0,0.0,False,0.0,0.0,0.0016173343829703189
2012-11-01,0.004494431847829393,0.004478791256531383,0.005592906422870003,-0.0011141151663386197,-0.00109847457504061,0.015640591298009595,1.5640591298009595e-05,True,0.005067175140127427,5.067175140127427e-06,0.0055878392477298755
2012-11-02,-0.005305445330303879,-0.005305445330303879,-0.0056128960664454915,0.00030745073614161286,0.00030745073614161286,0.0,0.0,False,0.0,0.0,-0.0056128960664454915
2012-11-05,0.0017472357081476462,0.0017472357081476462,0.0019039390421412596,-0.00015670333399361337,-0.00015670333399361337,0.0,0.0,False,0.0,0.0,0.0019039390421412596
2012-11-06,0.002463114615466013,0.002463114615466013,0.0028547768298875717,-0.0003916622144215587,-0.0003916622144215587,0.0,0.0,False,0.0,0.0,0.0028547768298875717
2012-11-07,-0.010268705782771802,-0.010268705782771802,-0.009131536450366058,-0.001137169332405744,-0.001137169332405744,0.0,0.0,False,0.0,0.0,-0.009131536450366058
2012-11-08,-0.0068309325330303886,-0.0068309325330303886,-0.005399124779016761,-0.0014318077540136278,-0.0014318077540136278,0.0,0.0,False,0.0,0.0,-0.005399124779016761
2012-11-09,-9.060866007480324e-05,-9.060866007480324e-05,0.00032193976517761824,-0.0004125484252524215,-0.0004125484252524215,0.0,0.0,False,0.0,0.0,0.00032193976517761824
2012-11-12,-0.0002311178500360038,-0.0002311178500360038,0.0005903966429462869,-0.0008215144929822907,-0.0008215144929822907,0.0,0.0,False,0.0,0.0,0.0005903966429462869
2012-11-13,-0.0018480777748149072,-0.0018480777748149072,-0.0024710986068225598,0.0006230208320076526,0.0006230208320076526,0.0,0.0,False,0.0,0.0,-0.0024710986068225598
2012-11-14,-0.008799430084102448,-0.008799430084102448,-0.007590134339891405,-0.0012092957442110426,-0.0012092957442110426,0.0,0.0,False,0.0,0.0,-0.007590134339891405
2012-11-15,-0.0023057886077069633,-0.0023057886077069633,-0.00041125246499048516,-0.0018945361427164782,-0.0018945361427164782,0.0,0.0,False,0.0,0.0,-0.00041125246499048516
2012-11-16,0.003737955578916158,0.003737955578916158,0.0021980937972047726,0.0015398617817113853,0.0015398617817113853,0.0,0.0,False,0.0,0.0,0.0021980937972047726
2012-11-19,0.01162966116966035,0.01162966116966035,0.011719189621875237,-8.952845221488724e-05,-8.952845221488724e-05,0.0,0.0,False,0.0,0.0,0.011719189621875237
2012-11-20,-0.0003718468282187839,-0.0003718468282187839,-0.0015755295850353546,0.0012036827568165705,0.0012036827568165705,0.0,0.0,False,0.0,0.0,-0.0015755295850353546
2012-11-21,0.0011885402525238335,0.0011885402525238335,0.0006557728154933133,0.0005327674370305202,0.0005327674370305202,0.0,0.0,False,0.0,0.0,0.0006557728154933133
2012-11-23,0.006961138494727467,0.006961138494727467,0.009325831177337453,-0.0023646926826099866,-0.0023646926826099866,0.0,0.0,False,0.0,0.0,0.009325831177337453
2012-11-26,0.0006101676217356158,0.0006101676217356158,-2.4111825150517304e-05,0.0006342794468861331,0.0006342794468861331,0.0,0.0,False,0.0,0.0,-2.4111825150517304e-05
2012-11-27,-0.001919805539564484,-0.001919805539564484,-0.002441096365432132,0.0005212908258676479,0.0005212908258676479,0.0,0.0,False,0.0,0.0,-0.002441096365432132
2012-11-28,0.0042613713085002695,0.0042613713085002695,0.00462664485696961,-0.0003652735484693404,-0.0003652735484693404,0.0,0.0,False,0.0,0.0,0.00462664485696961
2012-11-29,0.004300363473328188,0.004300363473328188,0.004316206627683197,-1.584315435500857e-05,-1.584315435500857e-05,0.0,0.0,False,0.0,0.0,0.004316206627683197
2012-11-30,-0.00010990167299550752,-0.00010990167299550752,-7.327337557534936e-05,-3.6628297420158166e-05,-3.6628297420158166e-05,0.0,0.0,False,0.0,0.0,-7.327337557534936e-05
2012-12-03,-0.0012703432337062255,-0.0013503374504662473,-0.0012560851137884575,-9.425233667778978e-05,-1.4258119917768056e-05,0.07999421676002182,7.999421676002182e-05,True,0.0036545015754961135,3.6545015754961133e-06,-0.0012597396153639535
2012-12-04,0.00030343239503699147,0.00030343239503699147,0.0010829483975490833,-0.0007795160025120918,-0.0007795160025120918,0.0,0.0,False,0.0,0.0,0.0010829483975490833
2012-12-05,0.000821779702730075,0.000821779702730075,0.0022113605855288423,-0.0013895808827987673,-0.0013895808827987673,0.0,0.0,False,0.0,0.0,0.0022113605855288423
2012-12-06,0.002288669600443389,0.002288669600443389,0.002347035248008699,-5.836564756530986e-05,-5.836564756530986e-05,0.0,0.0,False,0.0,0.0,0.002347035248008699
2012-12-07,0.0004983992089247602,0.0004983992089247602,-8.366216960234603e-05,0.0005820613785271062,0.0005820613785271062,0.0,0.0,False,0.0,0.0,-8.366216960234603e-05
2012-12-10,0.0011687323366864847,0.0011687323366864847,0.0016171123645788857,-0.000448380027892401,-0.000448380027892401,0.0,0.0,False,0.0,0.0,0.0016171123645788857
2012-12-11,0.003021876902543657,0.003021876902543657,0.002637310751947565,0.00038456615059609227,0.00038456615059609227,0.0,0.0,False,0.0,0.0,0.002637310751947565
2012-12-12,-0.002336500936022801,-0.002336500936022801,-0.0012075603963570976,-0.0011289405396657033,-0.0011289405396657033,0.0,0.0,False,0.0,0.0,-0.0012075603963570976
2012-12-13,-0.0045436750928757085,-0.0045436750928757085,-0.0036551410571138265,-0.000888534035761882,-0.000888534035761882,0.0,0.0,False,0.0,0.0,-0.0036551410571138265
2012-12-14,-0.0009472850887957589,-0.0009472850887957589,0.0007696114612105122,-0.001716896550006271,-0.001716896550006271,0.0,0.0,False,0.0,0.0,0.0007696114612105122
2012-12-17,0.005327315081563727,0.005327315081563727,0.0028356287441836845,0.0024916863373800426,0.0024916863373800426,0.0,0.0,False,0.0,0.0,0.0028356287441836845
2012-12-18,0.005915819946429287,0.005915819946429287,0.004720372109643373,0.0011954478367859137,0.0011954478367859137,0.0,0.0,False,0.0,0.0,0.004720372109643373
2012-12-19,-0.0011498599532227076,-0.0011498599532227076,-0.0006383652357682797,-0.0005114947174544279,-0.0005114947174544279,0.0,0.0,False,0.0,0.0,-0.0006383652357682797
2012-12-20,0.004380569582902305,0.004380569582902305,0.003922050408558881,0.00045851917434342436,0.00045851917434342436,0.0,0.0,False,0.0,0.0,0.003922050408558881
2012-12-21,-0.0032385536089614394,-0.0032385536089614394,-0.003781948592946906,0.0005433949839854665,0.0005433949839854665,0.0,0.0,False,0.0,0.0,-0.003781948592946906
2012-12-24,-0.0020590054738111405,-0.0020590054738111405,-0.0021811728113825587,0.00012216733757141815,0.00012216733757141815,0.0,0.0,False,0.0,0.0,-0.0021811728113825587
2012-12-26,-0.002443157554770551,-0.002443157554770551,-0.0005571581958235292,-0.001885999358947022,-0.001885999358947022,0.0,0.0,False,0.0,0.0,-0.0005571581958235292
2012-12-27,0.0008916343637820615,0.0008916343637820615,0.001898689134017726,-0.0010070547702356646,-0.0010070547702356646,0.0,0.0,False,0.0,0.0,0.001898689134017726
2012-12-28,-0.004628133647986044,-0.004628133647986044,-0.003764947484564813,-0.0008631861634212307,-0.0008631861634212307,0.0,0.0,False,0.0,0.0,-0.003764947484564813
2012-12-31,0.008266036736525071,0.008266036736525071,0.00731542120788888,0.0009506155286361914,0.0009506155286361914,0.0,0.0,False,0.0,0.0,0.00731542120788888
2013-01-02,0.015246443499522427,0.015165646354715876,0.012209976682508849,0.002955669672207027,0.003036466817013578,0.08079714480655018,8.079714480655018e-05,True,0.010758174065818384,1.0758174065818385e-05,0.01219921850844303
2013-01-03,-0.003389528939277767,-0.003389528939277767,-0.005455945630987609,0.002066416691709842,0.002066416691709842,0.0,0.0,False,0.0,0.0,-0.005455945630987609
2013-01-04,0.0030012484558010998,0.0030012484558010998,0.002884636911961965,0.00011661154383913472,0.00011661154383913472,0.0,0.0,False,0.0,0.0,0.002884636911961965
2013-01-07,-0.0007905715053663137,-0.0007905715053663137,-0.0020645417624902654,0.0012739702571239516,0.0012739702571239516,0.0,0.0,False,0.0,0.0,-0.0020645417624902654
2013-01-08,-0.0009190112194261209,-0.0009190112194261209,-0.0017114942315592685,0.0007924830121331476,0.0007924830121331476,0.0,0.0,False,0.0,0.0,-0.0017114942315592685
2013-01-09,0.0018553151432901256,0.0018553151432901256,0.002225859399875768,-0.0003705442565856425,-0.0003705442565856425,0.0,0.0,False,0.0,0.0,0.002225859399875768
2013-01-10,0.0034048354152812965,0.0034048354152812965,0.004690817843436777,-0.0012859824281554804,-0.0012859824281554804,0.0,0.0,False,0.0,0.0,0.004690817843436777
2013-01-11,0.0004947751274518684,0.0004947751274518684,0.0007401046844488383,-0.0002453295569969699,-0.0002453295569969699,0.0,0.0,False,0.0,0.0,0.0007401046844488383
2013-01-14,-0.000586795529769323,-0.000586795529769323,-7.505333861846942e-05,-0.0005117421911508535,-0.0005117421911508535,0.0,0.0,False,0.0,0.0,-7.505333861846942e-05
2013-01-15,0.0011567259977745047,0.0011567259977745047,0.0003521732530993931,0.0008045527446751116,0.0008045527446751116,0.0,0.0,False,0.0,0.0,0.0003521732530993931
2013-01-16,-0.0005929746885325277,-0.0005929746885325277,-0.0006524926717537522,5.951798322122452e-05,5.951798322122452e-05,0.0,0.0,False,0.0,0.0,-0.0006524926717537522
2013-01-17,0.0032491830420747227,0.0032491830420747227,0.0025841269650549014,0.0006650560770198213,0.0006650560770198213,0.0,0.0,False,0.0,0.0,0.0025841269650549014
2013-01-18,0.0020836361539397666,0.0020836361539397666,0.001966142103684393,0.00011749405025537375,0.00011749405025537375,0.0,0.0,False,0.0,0.0,0.001966142103684393
2013-01-22,0.0035468924251229397,0.0035468924251229397,0.0022092462467571523,0.0013376461783657875,0.0013376461783657875,0.0,0.0,False,0.0,0.0,0.0022092462467571523
2013-01-23,0.0006178394379427655,0.0006178394379427655,-0.00011142541556185214,0.0007292648535046177,0.0007292648535046177,0.0,0.0,False,0.0,0.0,-0.00011142541556185214
2013-01-24,0.00027103140907836545,0.00027103140907836545,-8.310312283484186e-05,0.0003541345319132073,0.0003541345319132073,0.0,0.0,False,0.0,0.0,-8.310312283484186e-05
2013-01-25,0.0018877238671698743,0.0018877238671698743,0.000783438884972142,0.0011042849821977323,0.0011042849821977323,0.0,0.0,False,0.0,0.0,0.000783438884972142
2013-01-28,-0.0005138971457860778,-0.0005138971457860778,-0.0024672831910477057,0.001953386045261628,0.001953386045261628,0.0,0.0,False,0.0,0.0,-0.0024672831910477057
2013-01-29,0.0009949499448924073,0.0009949499448924073,0.0024869724048540457,-0.0014920224599616384,-0.0014920224599616384,0.0,0.0,False,0.0,0.0,0.0024869724048540457
2013-01-30,-0.005234052652193731,-0.005234052652193731,-0.002611559358141367,-0.0026224932940523637,-0.0026224932940523637,0.0,0.0,False,0.0,0.0,-0.002611559358141367
2013-01-31,-0.00011436149471397866,-0.00011436149471397866,-0.0002760646513290469,0.00016170315661506827,0.00016170315661506827,0.0,0.0,False,0.0,0.0,-0.0002760646513290469
2013-02-01,0.004410542150939063,0.00433079925030835,0.0036602430056504984,0.0006705562446578518,0.0007502991452885649,0.07974290063071324,7.974290063071323e-05,True,0.014979261898450235,1.4979261898450236e-05,0.003645263743752048
2013-02-04,-0.005109213537322178,-0.005109213537322178,-0.005762148943338644,0.0006529354060164664,0.0006529354060164664,0.0,0.0,False,0.0,0.0,-0.005762148943338644
2013-02-05,0.003554112087602042,0.003554112087602042,0.002814583204445318,0.0007395288831567237,0.0007395288831567237,0.0,0.0,False,0.0,0.0,0.002814583204445318
2013-02-06,0.0019725558971189433,0.0019725558971189433,0.001693193066672624,0.00027936283044631936,0.00027936283044631936,0.0,0.0,False,0.0,0.0,0.001693193066672624
2013-02-07,-0.0015974973653401089,-0.0015974973653401089,-0.00263102546908412,0.0010335281037440111,0.0010335281037440111,0.0,0.0,False,0.0,0.0,-0.00263102546908412
2013-02-08,0.004659413017035848,0.004659413017035848,0.004377218492269648,0.0002821945247661996,0.0002821945247661996,0.0,0.0,False,0.0,0.0,0.004377218492269648
2013-02-11,-0.0003337184086487047,-0.0003337184086487047,-0.0006329053670580203,0.00029918695840931557,0.00029918695840931557,0.0,0.0,False,0.0,0.0,-0.0006329053670580203
2013-02-12,0.0016101846547215417,0.0016101846547215417,0.0012462178976110788,0.00036396675711046294,0.00036396675711046294,0.0,0.0,False,0.0,0.0,0.0012462178976110788
2013-02-13,-0.00019545920464966986,-0.00019545920464966986,-0.00013031034455146084,-6.514886009820902e-05,-6.514886009820902e-05,0.0,0.0,False,0.0,0.0,-0.00013031034455146084
2013-02-14,0.0009273744128463463,0.0009273744128463463,0.0012578506266410269,-0.00033047621379468054,-0.00033047621379468054,0.0,0.0,False,0.0,0.0,0.0012578506266410269
2013-02-15,-0.0007266347022881377,-0.0007266347022881377,-0.0014756278006789933,0.0007489930983908557,0.0007489930983908557,0.0,0.0,False,0.0,0.0,-0.0014756278006789933
2013-02-19,0.00482700955335745,0.00482700955335745,0.004070868819943579,0.0007561407334138711,0.0007561407334138711,0.0,0.0,False,0.0,0.0,0.004070868819943579
2013-02-20,-0.00665121521897682,-0.00665121521897682,-0.00625594198224104,-0.0003952732367357792,-0.0003952732367357792,0.0,0.0,False,0.0,0.0,-0.00625594198224104
2013-02-21,-0.004101409490335502,-0.004101409490335502,-0.004993039262783934,0.0008916297724484322,0.0008916297724484322,0.0,0.0,False,0.0,0.0,-0.004993039262783934
2013-02-22,0.006703059591394974,0.006703059591394974,0.0064879907044562615,0.00021506888693871226,0.00021506888693871226,0.0,0.0,False,0.0,0.0,0.0064879907044562615
2013-02-25,-0.009634819301632621,-0.009634819301632621,-0.008330444804017782,-0.0013043744976148387,-0.0013043744976148387,0.0,0.0,False,0.0,0.0,-0.008330444804017782
2013-02-26,0.003395761852668057,0.003395761852668057,0.0031054794927906507,0.0002902823598774063,0.0002902823598774063,0.0,0.0,False,0.0,0.0,0.0031054794927906507
2013-02-27,0.006736354274471361,0.006736354274471361,0.006948976191843327,-0.00021262191737196536,-0.00021262191737196536,0.0,0.0,False,0.0,0.0,0.006948976191843327
2013-02-28,-0.0005167426752413943,-0.0005167426752413943,-0.0006803426611700946,0.00016359998592870028,0.00016359998592870028,0.0,0.0,False,0.0,0.0,-0.0006803426611700946
2013-03-01,0.002577818170815621,0.0024977810631089214,0.0022520338155872345,0.0002457472475216869,0.0003257843552283866,0.08003710770669974,8.003710770669974e-05,True,0.005345125750626692,5.345125750626692e-06,0.0022466886898366077
2013-03-04,0.0028552315950726237,0.0028552315950726237,0.000583132345794274,0.0022720992492783498,0.0022720992492783498,0.0,0.0,False,0.0,0.0,0.000583132345794274
2013-03-05,0.005224176706186622,0.005224176706186622,0.005380046990509379,-0.00015587028432275697,-0.00015587028432275697,0.0,0.0,False,0.0,0.0,0.005380046990509379
2013-03-06,-0.0003511403386191372,-0.0003511403386191372,-0.00010385968788292595,-0.00024728065073621123,-0.00024728065073621123,0.0,0.0,False,0.0,0.0,-0.00010385968788292595
2013-03-07,-6.922172600978729e-05,-6.922172600978729e-05,-0.0001206285972768576,5.1406871267070306e-05,5.1406871267070306e-05,0.0,0.0,False,0.0,0.0,-0.0001206285972768576
2013-03-08,0.0016167291656046315,0.0016167291656046315,0.0009425047582549522,0.0006742244073496792,0.0006742244073496792,0.0,0.0,False,0.0,0.0,0.0009425047582549522
2013-03-11,0.001782676611988873,0.001782676611988873,0.0012873212811131364,0.0004953553308757366,0.0004953553308757366,0.0,0.0,False,0.0,0.0,0.0012873212811131364
2013-03-12,-0.001089393683293093,-0.001089393683293093,-0.001519011347606812,0.00042961766431371903,0.00042961766431371903,0.0,0.0,False,0.0,0.0,-0.001519011347606812
2013-03-13,0.0005321045673501196,0.0005321045673501196,-0.0009004513896386433,0.0014325559569887628,0.0014325559569887628,0.0,0.0,False,0.0,0.0,-0.0009004513896386433
2013-03-14,0.0045021220127650675,0.0045021220127650675,0.0040119208678628514,0.0004902011449022161,0.0004902011449022161,0.0,0.0,False,0.0,0.0,0.0040119208678628514
2013-03-15,0.0002508380253263763,0.0002508380253263763,8.835303096076694e-05,0.00016248499436560934,0.00016248499436560934,0.0,0.0,False,0.0,0.0,8.835303096076694e-05
2013-03-18,-0.0029938929445849,-0.0029938929445849,-0.0033789937014463874,0.0003851007568614873,0.0003851007568614873,0.0,0.0,False,0.0,0.0,-0.0033789937014463874
2013-03-19,-0.0014679214364208743,-0.0014679214364208743,-0.0008862541729627039,-0.0005816672634581704,-0.0005816672634581704,0.0,0.0,False,0.0,0.0,-0.0008862541729627039
2013-03-20,0.0033607759989401588,0.0033607759989401588,0.0023346587673789125,0.0010261172315612463,0.0010261172315612463,0.0,0.0,False,0.0,0.0,0.0023346587673789125
2013-03-21,-0.004581209484339705,-0.004581209484339705,-0.0042986821178965405,-0.0002825273664431643,-0.0002825273664431643,0.0,0.0,False,0.0,0.0,-0.0042986821178965405
2013-03-22,0.004195264396020917,0.004195264396020917,0.004409558267591191,-0.00021429387157027337,-0.00021429387157027337,0.0,0.0,False,0.0,0.0,0.004409558267591191
2013-03-25,-0.002468745651823184,-0.002468745651823184,-0.0031265955742800482,0.0006578499224568642,0.0006578499224568642,0.0,0.0,False,0.0,0.0,-0.0031265955742800482
2013-03-26,0.004713777770260511,0.004713777770260511,0.005300579927708246,-0.0005868021574477345,-0.0005868021574477345,0.0,0.0,False,0.0,0.0,0.005300579927708246
2013-03-27,0.0008240529523396293,0.0008240529523396293,0.0014462929764318972,-0.0006222400240922679,-0.0006222400240922679,0.0,0.0,False,0.0,0.0,0.0014462929764318972
2013-03-28,0.0018233069854978734,0.0018233069854978734,0.0012184307115035726,0.0006048762739943008,0.0006048762739943008,0.0,0.0,False,0.0,0.0,0.0012184307115035726
2013-04-01,-0.0036489774154546237,-0.0037297326033380136,-0.0042518478544184835,0.0005221152510804699,0.0006028704389638598,0.08075518788339012,8.075518788339012e-05,True,0.008361571040453434,8.361571040453433e-06,-0.004260209425458937
2013-04-02,0.001879550473248259,0.001879550473248259,0.0021916626457603758,-0.0003121121725121168,-0.0003121121725121168,0.0,0.0,False,0.0,0.0,0.0021916626457603758
2013-04-03,-0.004047515476297305,-0.004047515476297305,-0.0038337968398366087,-0.00021371863646069654,-0.00021371863646069654,0.0,0.0,False,0.0,0.0,-0.0038337968398366087
2013-04-04,0.004704772674442239,0.004704772674442239,0.004899568329205673,-0.0001947956547634338,-0.0001947956547634338,0.0,0.0,False,0.0,0.0,0.004899568329205673
2013-04-05,-0.0008480944397526308,-0.0008480944397526308,-0.0002237044995105149,-0.0006243899402421159,-0.0006243899402421159,0.0,0.0,False,0.0,0.0,-0.0002237044995105149
2013-04-08,0.00393444633795553,0.00393444633795553,0.002249504312221204,0.0016849420257343262,0.0016849420257343262,0.0,0.0,False,0.0,0.0,0.002249504312221204
2013-04-09,0.0020437258663031396,0.0020437258663031396,0.0024787368922212028,-0.0004350110259180632,-0.0004350110259180632,0.0,0.0,False,0.0,0.0,0.0024787368922212028
2013-04-10,0.006666344737933197,0.006666344737933197,0.005762320278955575,0.0009040244589776213,0.0009040244589776213,0.0,0.0,False,0.0,0.0,0.005762320278955575
2013-04-11,0.0021586887729892947,0.0021586887729892947,0.00275019379048498,-0.0005915050174956854,-0.0005915050174956854,0.0,0.0,False,0.0,0.0,0.00275019379048498
2013-04-12,0.0002602201162850252,0.0002602201162850252,-0.00021243283344169698,0.0004726529497267222,0.0004726529497267222,0.0,0.0,False,0.0,0.0,-0.00021243283344169698
2013-04-15,-0.014033543137527603,-0.014033543137527603,-0.013221759888541844,-0.000811783248985759,-0.000811783248985759,0.0,0.0,False,0.0,0.0,-0.013221759888541844
2013-04-16,0.008415223170234363,0.008415223170234363,0.00803932810405767,0.00037589506617669195,0.00037589506617669195,0.0,0.0,False,0.0,0.0,0.00803932810405767
2013-04-17,-0.008090707107247914,-0.008090707107247914,-0.008978817970716722,0.0008881108634688079,0.0008881108634688079,0.0,0.0,False,0.0,0.0,-0.008978817970716722
2013-04-18,-0.002843440132018869,-0.002843440132018869,-0.002207966416932251,-0.0006354737150866181,-0.0006354737150866181,0.0,0.0,False,0.0,0.0,-0.002207966416932251
2013-04-19,0.00520031843353548,0.00520031843353548,0.005740135699308104,-0.0005398172657726241,-0.0005398172657726241,0.0,0.0,False,0.0,0.0,0.005740135699308104
2013-04-22,0.0025413929672684207,0.0025413929672684207,0.002760069913793555,-0.00021867694652513443,-0.00021867694652513443,0.0,0.0,False,0.0,0.0,0.002760069913793555
2013-04-23,0.007080295075207241,0.007080295075207241,0.006313204277851312,0.0007670907973559293,0.0007670907973559293,0.0,0.0,False,0.0,0.0,0.006313204277851312
2013-04-24,0.0017503905677761734,0.0017503905677761734,0.0026143174529787106,-0.0008639268852025372,-0.0008639268852025372,0.0,0.0,False,0.0,0.0,0.0026143174529787106
2013-04-25,0.002550670846369128,0.002550670846369128,0.0026793927198581436,-0.00012872187348901554,-0.00012872187348901554,0.0,0.0,False,0.0,0.0,0.0026793927198581436
2013-04-26,-9.14835697370046e-05,-9.14835697370046e-05,7.61035424825309e-05,-0.0001675871122195355,-0.0001675871122195355,0.0,0.0,False,0.0,0.0,7.61035424825309e-05
2013-04-29,0.004371382736019703,0.004371382736019703,0.0050651580587800825,-0.0006937753227603798,-0.0006937753227603798,0.0,0.0,False,0.0,0.0,0.0050651580587800825
2013-04-30,0.001570121611071932,0.001570121611071932,0.0023190827343190024,-0.0007489611232470703,-0.0007489611232470703,0.0,0.0,False,0.0,0.0,0.0023190827343190024
2013-05-01,-0.005649155214262547,-0.005729596877258062,-0.0039889242407374625,-0.0017406726365205996,-0.0016602309735250847,0.08044166299551489,8.044166299551489e-05,True,0.005154728219674016,5.154728219674016e-06,-0.003994078968957137
2013-05-02,0.006701789806711983,0.006701789806711983,0.004736760630277236,0.001965029176434747,0.001965029176434747,0.0,0.0,False,0.0,0.0,0.004736760630277236
2013-05-03,0.003331260176096808,0.003331260176096808,0.0022558183470299032,0.0010754418290669049,0.0010754418290669049,0.0,0.0,False,0.0,0.0,0.0022558183470299032
2013-05-06,0.0018857323797193308,0.0018857323797193308,0.0006328053985359587,0.001252926981183372,0.001252926981183372,0.0,0.0,False,0.0,0.0,0.0006328053985359587
2013-05-07,0.0026597758395242024,0.0026597758395242024,0.0023266458719191315,0.00033312996760507087,0.00033312996760507087,0.0,0.0,False,0.0,0.0,0.0023266458719191315
2013-05-08,0.003080499730032077,0.003080499730032077,0.004349048132531173,-0.001268548402499096,-0.001268548402499096,0.0,0.0,False,0.0,0.0,0.004349048132531173
2013-05-09,-0.002807744202990262,-0.002807744202990262,-0.0037011537422305075,0.0008934095392402457,0.0008934095392402457,0.0,0.0,False,0.0,0.0,-0.0037011537422305075
2013-05-10,-0.00022621596100335826,-0.00022621596100335826,-0.0016450672714035494,0.0014188513104001913,0.0014188513104001913,0.0,0.0,False,0.0,0.0,-0.0016450672714035494
2013-05-13,-0.0013378247044047273,-0.0013378247044047273,-0.001882636568893004,0.0005448118644882766,0.0005448118644882766,0.0,0.0,False,0.0,0.0,-0.001882636568893004
2013-05-14,0.00498262729993734,0.00498262729993734,0.0028708441158650645,0.002111783184072275,0.002111783184072275,0.0,0.0,False,0.0,0.0,0.0028708441158650645
2013-05-15,0.0033789046154838226,0.0033789046154838226,0.003783135032555577,-0.0004042304170717545,-0.0004042304170717545,0.0,0.0,False,0.0,0.0,0.003783135032555577
2013-05-16,-0.0003400407135961272,-0.0003400407135961272,-0.0008648067122952832,0.000524765998699156,0.000524765998699156,0.0,0.0,False,0.0,0.0,-0.0008648067122952832
2013-05-17,0.0039094560086613,0.0039094560086613,0.0027280286435414905,0.00118142736511981,0.00118142736511981,0.0,0.0,False,0.0,0.0,0.0027280286435414905
2013-05-20,0.0001239710594562186,0.0001239710594562186,0.0007819295961229386,-0.0006579585366667199,-0.0006579585366667199,0.0,0.0,False,0.0,0.0,0.0007819295961229386
2013-05-21,0.0020377636110128178,0.0020377636110128178,0.001988094099399681,4.966951161313685e-05,4.966951161313685e-05,0.0,0.0,False,0.0,0.0,0.001988094099399681
2013-05-22,-0.008477699284794906,-0.008477699284794906,-0.0090751379977312,0.0005974387129362938,0.0005974387129362938,0.0,0.0,False,0.0,0.0,-0.0090751379977312
2013-05-23,-0.0012065400892110798,-0.0012065400892110798,-0.00316588417253943,0.0019593440833283503,0.0019593440833283503,0.0,0.0,False,0.0,0.0,-0.00316588417253943
2013-05-24,-0.0009794992472458878,-0.0009794992472458878,-0.0023910803898281063,0.0014115811425822185,0.0014115811425822185,0.0,0.0,False,0.0,0.0,-0.0023910803898281063
2013-05-28,0.0005678302030276695,0.0005678302030276695,-0.0014692922104406825,0.002037122413468352,0.002037122413468352,0.0,0.0,False,0.0,0.0,-0.0014692922104406825
2013-05-29,-0.004703613194199893,-0.004703613194199893,-0.003950231763146551,-0.0007533814310533415,-0.0007533814310533415,0.0,0.0,False,0.0,0.0,-0.003950231763146551
2013-05-30,0.0031358078044926804,0.0031358078044926804,0.002179553540510879,0.0009562542639818014,0.0009562542639818014,0.0,0.0,False,0.0,0.0,0.002179553540510879
2013-05-31,-0.010880963358713028,-0.010880963358713028,-0.011147665567650544,0.00026670220893751546,0.00026670220893751546,0.0,0.0,False,0.0,0.0,-0.011147665567650544
2013-06-03,0.0020470957625354624,0.0019665679831526325,0.004341808712463063,-0.002375240729310431,-0.002294712949927601,0.08052777938283001,8.052777938283001e-05,True,0.014414609238257964,1.4414609238257965e-05,0.0043273941032248055
2013-06-04,-0.0034730174902381076,-0.0034730174902381076,-0.004221990631657389,0.0007489731414192812,0.0007489731414192812,0.0,0.0,False,0.0,0.0,-0.004221990631657389
2013-06-05,-0.009769144035099929,-0.009769144035099929,-0.008567964703066725,-0.0012011793320332032,-0.0012011793320332032,0.0,0.0,False,0.0,0.0,-0.008567964703066725
2013-06-06,0.0072377297880122414,0.0072377297880122414,0.005753790573678825,0.0014839392143334166,0.0014839392143334166,0.0,0.0,False,0.0,0.0,0.005753790573678825
2013-06-07,0.0050520645867243846,0.0050520645867243846,0.0026294049352407816,0.002422659651483603,0.002422659651483603,0.0,0.0,False,0.0,0.0,0.0026294049352407816
2013-06-10,-0.0007290072892742949,-0.0007290072892742949,-0.002069018109533668,0.001340010820259373,0.001340010820259373,0.0,0.0,False,0.0,0.0,-0.002069018109533668
2013-06-11,-0.0072150683356675205,-0.0072150683356675205,-0.006574079862328042,-0.0006409884733394782,-0.0006409884733394782,0.0,0.0,False,0.0,0.0,-0.006574079862328042
2013-06-12,-0.004722581311704764,-0.004722581311704764,-0.0059744421644816,0.0012518608527768357,0.0012518608527768357,0.0,0.0,False,0.0,0.0,-0.0059744421644816
2013-06-13,0.013361294571143377,0.013361294571143377,0.01373414378614917,-0.00037284921500579417,-0.00037284921500579417,0.0,0.0,False,0.0,0.0,0.01373414378614917
2013-06-14,-0.003677056772755061,-0.003677056772755061,-0.005416856443910403,0.0017397996711553416,0.0017397996711553416,0.0,0.0,False,0.0,0.0,-0.005416856443910403
2013-06-17,0.0038972989186274913,0.0038972989186274913,0.004737186963985081,-0.0008398880453575897,-0.0008398880453575897,0.0,0.0,False,0.0,0.0,0.004737186963985081
2013-06-18,0.004180101194500321,0.004180101194500321,0.0040916235530151735,8.847764148514712e-05,8.847764148514712e-05,0.0,0.0,False,0.0,0.0,0.0040916235530151735
2013-06-19,-0.014385155052463622,-0.014385155052463622,-0.01598069370870195,0.0015955386562383263,0.0015955386562383263,0.0,0.0,False,0.0,0.0,-0.01598069370870195
2013-06-20,-0.019769271188414803,-0.019769271188414803,-0.022482155858884863,0.00271288467047006,0.00271288467047006,0.0,0.0,False,0.0,0.0,-0.022482155858884863
2013-06-21,-0.002073335602086195,-0.002073335602086195,-0.0012816526912225927,-0.0007916829108636024,-0.0007916829108636024,0.0,0.0,False,0.0,0.0,-0.0012816526912225927
2013-06-24,-0.01102279698230788,-0.01102279698230788,-0.010054275905192754,-0.0009685210771151267,-0.0009685210771151267,0.0,0.0,False,0.0,0.0,-0.010054275905192754
2013-06-25,0.008841523268791701,0.008841523268791701,0.0071205563165120545,0.0017209669522796466,0.0017209669522796466,0.0,0.0,False,0.0,0.0,0.0071205563165120545
2013-06-26,0.008024477081624942,0.008024477081624942,0.007609893995527398,0.00041458308609754364,0.00041458308609754364,0.0,0.0,False,0.0,0.0,0.007609893995527398
2013-06-27,0.007745123076512207,0.007745123076512207,0.008932280917055193,-0.0011871578405429862,-0.0011871578405429862,0.0,0.0,False,0.0,0.0,0.008932280917055193
2013-06-28,-0.0035314060632400334,-0.0035314060632400334,-0.0012633714162829223,-0.002268034646957111,-0.002268034646957111,0.0,0.0,False,0.0,0.0,-0.0012633714162829223
2013-07-01,0.0054260758508430495,0.005345588253778084,0.0048626345821756066,0.00048295367160247713,0.0005634412686674429,0.0804875970649655,8.048759706496549e-05,True,0.0045886460259711714,4.5886460259711715e-06,0.004858045936149635
2013-07-02,-0.0007553356684705404,-0.0007553356684705404,-0.002333584071374296,0.0015782484029037555,0.0015782484029037555,0.0,0.0,False,0.0,0.0,-0.002333584071374296
2013-07-03,-0.0002113716379648215,-0.0002113716379648215,-0.0015956825331905533,0.0013843108952257318,0.0013843108952257318,0.0,0.0,False,0.0,0.0,-0.0015956825331905533
2013-07-05,-0.001180043400060781,-0.001180043400060781,-0.002909199518981882,0.0017291561189211012,0.0017291561189211012,0.0,0.0,False,0.0,0.0,-0.002909199518981882
2013-07-08,0.008019438785697419,0.008019438785697419,0.005868448233112698,0.0021509905525847212,0.0021509905525847212,0.0,0.0,False,0.0,0.0,0.005868448233112698
2013-07-09,0.003836759236832475,0.003836759236832475,0.005292709929109749,-0.0014559506922772738,-0.0014559506922772738,0.0,0.0,False,0.0,0.0,0.005292709929109749
2013-07-10,0.00048698101692548786,0.00048698101692548786,-0.0017382786282403098,0.002225259645165798,0.002225259645165798,0.0,0.0,False,0.0,0.0,-0.0017382786282403098
2013-07-11,0.014816292109408838,0.014816292109408838,0.017751894997707927,-0.0029356028882990895,-0.0029356028882990895,0.0,0.0,False,0.0,0.0,0.017751894997707927
2013-07-12,-0.0019014363960919629,-0.0019014363960919629,-0.00245717378997224,0.0005557373938802771,0.0005557373938802771,0.0,0.0,False,0.0,0.0,-0.00245717378997224
2013-07-15,0.005059666125084896,0.005059666125084896,0.005397847298741364,-0.0003381811736564676,-0.0003381811736564676,0.0,0.0,False,0.0,0.0,0.005397847298741364
2013-07-16,-0.002364871880812179,-0.002364871880812179,-0.0010657076286542133,-0.0012991642521579657,-0.0012991642521579657,0.0,0.0,False,0.0,0.0,-0.0010657076286542133
2013-07-17,0.0038829537102300572,0.0038829537102300572,0.003851804494333106,3.1149215896951205e-05,3.1149215896951205e-05,0.0,0.0,False,0.0,0.0,0.003851804494333106
2013-07-18,0.0034017544916777514,0.0034017544916777514,-4.644564526396313e-05,0.0034482001369417143,0.0034482001369417143,0.0,0.0,False,0.0,0.0,-4.644564526396313e-05
2013-07-19,0.001986359706570904,0.001986359706570904,0.002838457782958787,-0.0008520980763878833,-0.0008520980763878833,0.0,0.0,False,0.0,0.0,0.002838457782958787
2013-07-22,0.002398319384236877,0.002398319384236877,0.002931782401276145,-0.0005334630170392681,-0.0005334630170392681,0.0,0.0,False,0.0,0.0,0.002931782401276145
2013-07-23,-0.0013289370463025361,-0.0013289370463025361,6.37413599174567e-05,-0.0013926784062199928,-0.0013926784062199928,0.0,0.0,False,0.0,0.0,6.37413599174567e-05
2013-07-24,-0.004556219922938072,-0.004556219922938072,-0.00539960459709796,0.0008433846741598885,0.0008433846741598885,0.0,0.0,False,0.0,0.0,-0.00539960459709796
2013-07-25,0.00046296937342408276,0.00046296937342408276,0.002190630085213874,-0.0017276607117897912,-0.0017276607117897912,0.0,0.0,False,0.0,0.0,0.002190630085213874
2013-07-26,-0.0002662457410116059,-0.0002662457410116059,-0.000459535664611348,0.00019328992359974212,0.00019328992359974212,0.0,0.0,False,0.0,0.0,-0.000459535664611348
2013-07-29,-0.003554465404364802,-0.003554465404364802,-0.005020403297786568,0.0014659378934217654,0.0014659378934217654,0.0,0.0,False,0.0,0.0,-0.005020403297786568
2013-07-30,0.00031716933854009674,0.00031716933854009674,-0.0002436328543020961,0.0005608021928421928,0.0005608021928421928,0.0,0.0,False,0.0,0.0,-0.0002436328543020961
2013-07-31,0.0012036816346254983,0.0012036816346254983,0.00040226620661022044,0.0008014154280152778,0.0008014154280152778,0.0,0.0,False,0.0,0.0,0.00040226620661022044
2013-08-01,0.0020234676140184127,0.0020114510063166057,0.004081913077348426,-0.00207046207103182,-0.002058445463330013,0.012016607701806781,1.201660770180678e-05,True,0.012644633087101901,1.26446330871019e-05,0.004069268444261324
2013-08-02,0.004527198295912065,0.004527198295912065,0.0047209371239122205,-0.00019373882800015514,-0.00019373882800015514,0.0,0.0,False,0.0,0.0,0.0047209371239122205
2013-08-05,-0.002889994154592756,-0.002889994154592756,-0.0027853113935660573,-0.00010468276102669873,-0.00010468276102669873,0.0,0.0,False,0.0,0.0,-0.0027853113935660573
2013-08-06,-0.002299278136642961,-0.002299278136642961,-0.0034255732005996015,0.0011262950639566406,0.0011262950639566406,0.0,0.0,False,0.0,0.0,-0.0034255732005996015
2013-08-07,-0.0017748035080077567,-0.0017748035080077567,-0.0016556234836143495,-0.0001191800243934072,-0.0001191800243934072,0.0,0.0,False,0.0,0.0,-0.0016556234836143495
2013-08-08,0.0037465839243462306,0.0037465839243462306,0.005313574698589101,-0.0015669907742428706,-0.0015669907742428706,0.0,0.0,False,0.0,0.0,0.005313574698589101
2013-08-09,-0.0007133291748574042,-0.0007133291748574042,-0.000227635681099782,-0.00048569349375762223,-0.00048569349375762223,0.0,0.0,False,0.0,0.0,-0.000227635681099782
2013-08-12,-0.0011462082061312522,-0.0011462082061312522,-0.0003735436736063448,-0.0007726645325249074,-0.0007726645325249074,0.0,0.0,False,0.0,0.0,-0.0003735436736063448
2013-08-13,-0.00013121242323471815,-0.00013121242323471815,-0.0011499215468454606,0.0010187091236107423,0.0010187091236107423,0.0,0.0,False,0.0,0.0,-0.0011499215468454606
2013-08-14,-0.002589413331661446,-0.002589413331661446,-0.001329248553815664,-0.0012601647778457822,-0.0012601647778457822,0.0,0.0,False,0.0,0.0,-0.001329248553815664
2013-08-15,-0.009409229188084105,-0.009409229188084105,-0.010378067687799473,0.0009688384997153677,0.0009688384997153677,0.0,0.0,False,0.0,0.0,-0.010378067687799473
2013-08-16,-0.003021945262458153,-0.003021945262458153,-0.003477834861975888,0.00045588959951773506,0.00045588959951773506,0.0,0.0,False,0.0,0.0,-0.003477834861975888
2013-08-19,-0.006286522349444083,-0.006286522349444083,-0.007517578772181293,0.0012310564227372102,0.0012310564227372102,0.0,0.0,False,0.0,0.0,-0.007517578772181293
2013-08-20,0.005144701981946607,0.005144701981946607,0.004158410698189773,0.0009862912837568343,0.0009862912837568343,0.0,0.0,False,0.0,0.0,0.004158410698189773
2013-08-21,-0.0065321525860352996,-0.0065321525860352996,-0.008979076767694973,0.002446924181659673,0.002446924181659673,0.0,0.0,False,0.0,0.0,-0.008979076767694973
2013-08-22,0.007140678249470553,0.007140678249470553,0.007637840720158032,-0.0004971624706874792,-0.0004971624706874792,0.0,0.0,False,0.0,0.0,0.007637840720158032
2013-08-23,0.005348588755824925,0.005348588755824925,0.006295473224346727,-0.0009468844685218024,-0.0009468844685218024,0.0,0.0,False,0.0,0.0,0.006295473224346727
2013-08-26,-0.0018144971519480353,-0.0018144971519480353,-0.0023778938284727455,0.0005633966765247102,0.0005633966765247102,0.0,0.0,False,0.0,0.0,-0.0023778938284727455
2013-08-27,-0.008323156996688945,-0.008323156996688945,-0.008490650442410926,0.00016749344572198135,0.00016749344572198135,0.0,0.0,False,0.0,0.0,-0.008490650442410926
2013-08-28,0.0017608063679232892,0.0017608063679232892,-2.042726433721699e-05,0.0017812336322605062,0.0017812336322605062,0.0,0.0,False,0.0,0.0,-2.042726433721699e-05
2013-08-29,0.0014123527755014352,0.0014123527755014352,0.002246646509841518,-0.0008342937343400829,-0.0008342937343400829,0.0,0.0,False,0.0,0.0,0.002246646509841518
2013-08-30,-0.003296530774217176,-0.003296530774217176,-0.0032748340099267243,-2.169676429045154e-05,-2.169676429045154e-05,0.0,0.0,False,0.0,0.0,-0.0032748340099267243
2013-09-03,0.0032470184492094903,0.003165575900810132,0.0027851374048703803,0.0003804384959397518,0.00046188104433911,0.08144254839935833,8.144254839935832e-05,True,0.0037174041981988017,3.7174041981988016e-06,0.0027814200006721817
2013-09-04,0.004918631244579398,0.004918631244579398,0.0047680884268427775,0.00015054281773662064,0.00015054281773662064,0.0,0.0,False,0.0,0.0,0.0047680884268427775
2013-09-05,-0.002318671582253945,-0.002318671582253945,-0.0018647539733988383,-0.0004539176088551068,-0.0004539176088551068,0.0,0.0,False,0.0,0.0,-0.0018647539733988383
2013-09-06,0.002189932921603138,0.002189932921603138,0.004275088941096435,-0.002085156019493297,-0.002085156019493297,0.0,0.0,False,0.0,0.0,0.004275088941096435
2013-09-09,0.007864635187882954,0.007864635187882954,0.009293581966560304,-0.0014289467786773504,-0.0014289467786773504,0.0,0.0,False,0.0,0.0,0.009293581966560304
2013-09-10,0.004923421383599022,0.004923421383599022,0.0033950377075990233,0.001528383675999999,0.001528383675999999,0.0,0.0,False,0.0,0.0,0.0033950377075990233
2013-09-11,0.0029747022655706497,0.0029747022655706497,0.003669213402173513,-0.0006945111366028632,-0.0006945111366028632,0.0,0.0,False,0.0,0.0,0.003669213402173513
2013-09-12,-0.0028564361121121763,-0.0028564361121121763,-0.0034448747963392663,0.0005884386842270901,0.0005884386842270901,0.0,0.0,False,0.0,0.0,-0.0034448747963392663
2013-09-13,0.002020213670260845,0.002020213670260845,0.002925580791137879,-0.0009053671208770339,-0.0009053671208770339,0.0,0.0,False,0.0,0.0,0.002925580791137879
2013-09-16,0.004746942106005271,0.004746942106005271,0.004530780769528657,0.00021616133647661424,0.00021616133647661424,0.0,0.0,False,0.0,0.0,0.004530780769528657
2013-09-17,0.0037014716396093776,0.0037014716396093776,0.0028876090078681672,0.0008138626317412104,0.0008138626317412104,0.0,0.0,False,0.0,0.0,0.0028876090078681672
2013-09-18,0.014128942384827488,0.014128942384827488,0.01766113599901998,-0.0035321936141924914,-0.0035321936141924914,0.0,0.0,False,0.0,0.0,0.01766113599901998
2013-09-19,-0.00336174118964667,-0.00336174118964667,-0.0037332281165986516,0.0003714869269519816,0.0003714869269519816,0.0,0.0,False,0.0,0.0,-0.0037332281165986516
2013-09-20,-0.003989044338599095,-0.003989044338599095,-0.005278919055922267,0.001289874717323172,0.001289874717323172,0.0,0.0,False,0.0,0.0,-0.005278919055922267
2013-09-23,-0.00040672650640480985,-0.00040672650640480985,0.0008707462939125873,-0.0012774728003173972,-0.0012774728003173972,0.0,0.0,False,0.0,0.0,0.0008707462939125873
2013-09-24,-0.0006368209771605285,-0.0006368209771605285,-9.356348292800202e-05,-0.0005432574942325264,-0.0005432574942325264,0.0,0.0,False,0.0,0.0,-9.356348292800202e-05
2013-09-25,-0.0006408601259372151,-0.0006408601259372151,-0.0005158241181904943,-0.00012503600774672083,-0.00012503600774672083,0.0,0.0,False,0.0,0.0,-0.0005158241181904943
2013-09-26,0.0018586256631461908,0.0018586256631461908,0.0013975003171234474,0.0004611253460227434,0.0004611253460227434,0.0,0.0,False,0.0,0.0,0.0013975003171234474
2013-09-27,-0.002945664173131858,-0.002945664173131858,-0.003127654830866325,0.00018199065773446708,0.00018199065773446708,0.0,0.0,False,0.0,0.0,-0.003127654830866325
2013-09-30,-0.004004319812807482,-0.004004319812807482,-0.00395280876704855,-5.151104575893198e-05,-5.151104575893198e-05,0.0,0.0,False,0.0,0.0,-0.00395280876704855
2013-10-01,0.005116881683620815,0.005037083881695527,0.0049947329156374235,4.235096605810333e-05,0.00012214876798339117,0.0797978019252881,7.979780192528809e-05,True,0.010748769317719762,1.0748769317719761e-05,0.004983984146319704
2013-10-02,6.532183232011048e-05,6.532183232011048e-05,0.0007098183436907337,-0.0006444965113706232,-0.0006444965113706232,0.0,0.0,False,0.0,0.0,0.0007098183436907337
2013-10-03,-0.0043594001665002505,-0.0043594001665002505,-0.0043826551195540586,2.3254953053808078e-05,2.3254953053808078e-05,0.0,0.0,False,0.0,0.0,-0.0043826551195540586
2013-10-04,0.003650651277373077,0.003650651277373077,0.003540906675330624,0.00010974460204245338,0.00010974460204245338,0.0,0.0,False,0.0,0.0,0.003540906675330624
2013-10-07,-0.005173896690384549,-0.005173896690384549,-0.004959866448402312,-0.0002140302419822368,-0.0002140302419822368,0.0,0.0,False,0.0,0.0,-0.004959866448402312
2013-10-08,-0.006219097244512048,-0.006219097244512048,-0.006528572635527718,0.0003094753910156704,0.0003094753910156704,0.0,0.0,False,0.0,0.0,-0.006528572635527718
2013-10-09,2.980278959190943e-05,2.980278959190943e-05,0.0003431755693057425,-0.00031337277971383307,-0.00031337277971383307,0.0,0.0,False,0.0,0.0,0.0003431755693057425
2013-10-10,0.012502151583648449,0.012502151583648449,0.012547960209461901,-4.5808625813452755e-05,-4.5808625813452755e-05,0.0,0.0,False,0.0,0.0,0.012547960209461901
2013-10-11,0.004694693283210817,0.004694693283210817,0.004386260676141053,0.0003084326070697642,0.0003084326070697642,0.0,0.0,False,0.0,0.0,0.004386260676141053
2013-10-14,0.0018374131186233594,0.0018374131186233594,0.0010555602757632242,0.0007818528428601352,0.0007818528428601352,0.0,0.0,False,0.0,0.0,0.0010555602757632242
2013-10-15,-0.0038316014388299797,-0.0038316014388299797,-0.004387008524135921,0.0005554070853059411,0.0005554070853059411,0.0,0.0,False,0.0,0.0,-0.004387008524135921
2013-10-16,0.009584311801496178,0.009584311801496178,0.009442620580686066,0.0001416912208101126,0.0001416912208101126,0.0,0.0,False,0.0,0.0,0.009442620580686066
2013-10-17,0.007068868118764282,0.007068868118764282,0.007757331889550985,-0.000688463770786703,-0.000688463770786703,0.0,0.0,False,0.0,0.0,0.007757331889550985
2013-10-18,0.004661602873947267,0.004661602873947267,0.003920952982753287,0.0007406498911939801,0.0007406498911939801,0.0,0.0,False,0.0,0.0,0.003920952982753287
2013-10-21,-0.001177609034531157,-0.001177609034531157,-0.0006973031758882196,-0.00048030585864293745,-0.00048030585864293745,0.0,0.0,False,0.0,0.0,-0.0006973031758882196
2013-10-22,0.005207333533707522,0.005207333533707522,0.00720234358352664,-0.0019950100498191178,-0.0019950100498191178,0.0,0.0,False,0.0,0.0,0.00720234358352664
2013-10-23,-0.0026253768212669997,-0.0026253768212669997,-0.005016009154189926,0.002390632332922926,0.002390632332922926,0.0,0.0,False,0.0,0.0,-0.005016009154189926
2013-10-24,0.00206343321547607,0.00206343321547607,0.0013630282723228904,0.0007004049431531796,0.0007004049431531796,0.0,0.0,False,0.0,0.0,0.0013630282723228904
2013-10-25,0.001516915321883749,0.001516915321883749,0.0019854053091833907,-0.00046848998729964167,-0.00046848998729964167,0.0,0.0,False,0.0,0.0,0.0019854053091833907
2013-10-28,0.0005377232698720174,0.0005377232698720174,0.0005866847462903925,-4.896147641837516e-05,-4.896147641837516e-05,0.0,0.0,False,0.0,0.0,0.0005866847462903925
2013-10-29,0.003030093790688612,0.003030093790688612,0.0029530710647096966,7.702272597891538e-05,7.702272597891538e-05,0.0,0.0,False,0.0,0.0,0.0029530710647096966
2013-10-30,-0.004715919989738635,-0.004715919989738635,-0.004413985119752701,-0.00030193486998593335,-0.00030193486998593335,0.0,0.0,False,0.0,0.0,-0.004413985119752701
2013-10-31,-0.0021259902662964917,-0.0021259902662964917,-0.0033714985043001044,0.0012455082380036127,0.0012455082380036127,0.0,0.0,False,0.0,0.0,-0.0033714985043001044
2013-11-01,-0.0014875868226532397,-0.001568188886911087,-0.002235275214817733,0.0006670863279066462,0.0007476883921644934,0.08060206425784733,8.060206425784733e-05,True,0.00672665361435567,6.72665361435567e-06,-0.002242001868432089
2013-11-04,0.0037702374291993727,0.0037702374291993727,0.003454762030709964,0.00031547539848940853,0.00031547539848940853,0.0,0.0,False,0.0,0.0,0.003454762030709964
2013-11-05,-0.0037845638833823884,-0.0037845638833823884,-0.006573332799536447,0.0027887689161540585,0.0027887689161540585,0.0,0.0,False,0.0,0.0,-0.006573332799536447
2013-11-06,0.0024233975544816497,0.0024233975544816497,0.003742085598273171,-0.0013186880437915213,-0.0013186880437915213,0.0,0.0,False,0.0,0.0,0.003742085598273171
2013-11-07,-0.006985477046010522,-0.006985477046010522,-0.007594114960105489,0.0006086379140949668,0.0006086379140949668,0.0,0.0,False,0.0,0.0,-0.007594114960105489
2013-11-08,0.004582711802964519,0.004582711802964519,0.0006871421539581201,0.003895569649006399,0.003895569649006399,0.0,0.0,False,0.0,0.0,0.0006871421539581201
2013-11-11,-0.0008901778423027635,-0.0008901778423027635,-0.000588317159334305,-0.0003018606829684585,-0.0003018606829684585,0.0,0.0,False,0.0,0.0,-0.000588317159334305
2013-11-12,-0.0009205601583612489,-0.0009205601583612489,-0.0014528030806378845,0.0005322429222766356,0.0005322429222766356,0.0,0.0,False,0.0,0.0,-0.0014528030806378845
2013-11-13,0.005561450312568083,0.005561450312568083,0.0049349102414690095,0.0006265400710990738,0.0006265400710990738,0.0,0.0,False,0.0,0.0,0.0049349102414690095
2013-11-14,0.0035236659669673305,0.0035236659669673305,0.0058021505525059774,-0.002278484585538647,-0.002278484585538647,0.0,0.0,False,0.0,0.0,0.0058021505525059774
2013-11-15,0.002898265641342525,0.002898265641342525,0.00453197187341289,-0.001633706232070365,-0.001633706232070365,0.0,0.0,False,0.0,0.0,0.00453197187341289
2013-11-18,-0.001939962150987613,-0.001939962150987613,0.001119111261501683,-0.003059073412489296,-0.003059073412489296,0.0,0.0,False,0.0,0.0,0.001119111261501683
2013-11-19,-0.0026995444695749604,-0.0026995444695749604,-0.0035916111588971938,0.0008920666893222334,0.0008920666893222334,0.0,0.0,False,0.0,0.0,-0.0035916111588971938
2013-11-20,-0.0026826917795373276,-0.0026826917795373276,-0.005935631964724806,0.003252940185187479,0.003252940185187479,0.0,0.0,False,0.0,0.0,-0.005935631964724806
2013-11-21,0.007045661912360168,0.007045661912360168,0.004759241061024228,0.00228642085133594,0.00228642085133594,0.0,0.0,False,0.0,0.0,0.004759241061024228
2013-11-22,0.00340046114602041,0.00340046114602041,0.0044577718180031835,-0.0010573106719827734,-0.0010573106719827734,0.0,0.0,False,0.0,0.0,0.0044577718180031835
2013-11-25,0.00044149500624716134,0.00044149500624716134,-0.0014058239331065734,0.0018473189393537347,0.0018473189393537347,0.0,0.0,False,0.0,0.0,-0.0014058239331065734
2013-11-26,0.0019367644602363162,0.0019367644602363162,0.0016995625022858387,0.00023720195795047744,0.00023720195795047744,0.0,0.0,False,0.0,0.0,0.0016995625022858387
2013-11-27,0.0016872161203267577,0.0016872161203267577,0.0015248896330986466,0.00016232648722811112,0.00016232648722811112,0.0,0.0,False,0.0,0.0,0.0015248896330986466
2013-11-29,0.00017395469853443853,0.00017395469853443853,0.0009042812806465412,-0.0007303265821121027,-0.0007303265821121027,0.0,0.0,False,0.0,0.0,0.0009042812806465412
2013-12-02,-0.0035463499281984893,-0.003626352592874604,-0.006451641884192133,0.002825289291317529,0.0029052919559936436,0.08000266467611447,8.000266467611448e-05,True,0.007963890474373611,7.963890474373612e-06,-0.0064596057746665065
2013-12-03,-0.002571848838385264,-0.002571848838385264,-0.001998258298486508,-0.000573590539898756,-0.000573590539898756,0.0,0.0,False,0.0,0.0,-0.001998258298486508
2013-12-04,-0.0022245965429096076,-0.0022245965429096076,-0.0029679008042968018,0.0007433042613871942,0.0007433042613871942,0.0,0.0,False,0.0,0.0,-0.0029679008042968018
2013-12-05,-0.002120601246567807,-0.002120601246567807,-0.0036804095777321476,0.0015598083311643405,0.0015598083311643405,0.0,0.0,False,0.0,0.0,-0.0036804095777321476
2013-12-06,0.006658677650583407,0.006658677650583407,0.008513933078978679,-0.0018552554283952725,-0.0018552554283952725,0.0,0.0,False,0.0,0.0,0.008513933078978679
2013-12-09,0.0020172100651287615,0.0020172100651287615,0.0013157273224964773,0.0007014827426322842,0.0007014827426322842,0.0,0.0,False,0.0,0.0,0.0013157273224964773
2013-12-10,-0.0021206448755362022,-0.0021206448755362022,5.8146126111841316e-05,-0.0021787910016480435,-0.0021787910016480435,0.0,0.0,False,0.0,0.0,5.8146126111841316e-05
2013-12-11,-0.008022745318919618,-0.008022745318919618,-0.009369684967724331,0.0013469396488047132,0.0013469396488047132,0.0,0.0,False,0.0,0.0,-0.009369684967724331
2013-12-12,-0.0019974395539880192,-0.0019974395539880192,-0.0035630188231699986,0.0015655792691819793,0.0015655792691819793,0.0,0.0,False,0.0,0.0,-0.0035630188231699986
2013-12-13,0.0013783472435185936,0.0013783472435185936,0.0012357029719745822,0.00014264427154401138,0.00014264427154401138,0.0,0.0,False,0.0,0.0,0.0012357029719745822
2013-12-16,0.004679490546408495,0.004679490546408495,0.004000880885355234,0.0006786096610532618,0.0006786096610532618,0.0,0.0,False,0.0,0.0,0.004000880885355234
2013-12-17,-0.0010389647714814576,-0.0010389647714814576,-0.0012177511172426219,0.00017878634576116428,0.00017878634576116428,0.0,0.0,False,0.0,0.0,-0.0012177511172426219
2013-12-18,0.008886596224581007,0.008886596224581007,0.00906855616627494,-0.00018195994169393354,-0.00018195994169393354,0.0,0.0,False,0.0,0.0,0.00906855616627494
2013-12-19,-0.0021317811546487904,-0.0021317811546487904,-0.0036465972613555445,0.001514816106706754,0.001514816106706754,0.0,0.0,False,0.0,0.0,-0.0036465972613555445
2013-12-20,0.00574365428858971,0.00574365428858971,0.005397074912388629,0.0003465793762010812,0.0003465793762010812,0.0,0.0,False,0.0,0.0,0.005397074912388629
2013-12-23,0.0042880414835376164,0.0042880414835376164,0.003292529819913578,0.0009955116636240382,0.0009955116636240382,0.0,0.0,False,0.0,0.0,0.003292529819913578
2013-12-24,0.0012124621113485377,0.0012124621113485377,0.0005236691834759448,0.0006887929278725929,0.0006887929278725929,0.0,0.0,False,0.0,0.0,0.0005236691834759448
2013-12-26,0.002108967656997616,0.002108967656997616,0.0010743561959033743,0.0010346114610942415,0.0010346114610942415,0.0,0.0,False,0.0,0.0,0.0010743561959033743
2013-12-27,0.00015014182172102286,0.00015014182172102286,0.0018380262884528128,-0.0016878844667317899,-0.0016878844667317899,0.0,0.0,False,0.0,0.0,0.0018380262884528128
2013-12-30,0.0008777514532540799,0.0008777514532540799,0.002297360463159863,-0.001419609009905783,-0.001419609009905783,0.0,0.0,False,0.0,0.0,0.002297360463159863
2013-12-31,0.0019203200586076882,0.0019203200586076882,0.0013124599213670857,0.0006078601372406026,0.0006078601372406026,0.0,0.0,False,0.0,0.0,0.0013124599213670857
2014-01-02,-0.004231965188972726,-0.004312187029325919,-0.008701508622183707,0.004389321592857789,0.004469543433210981,0.08022184035319277,8.022184035319277e-05,True,0.008567939290206956,8.567939290206955e-06,-0.008710076561473915
2014-01-03,0.0008824976337186028,0.0008824976337186028,0.00029660139981752833,0.0005858962339010744,0.0005858962339010744,0.0,0.0,False,0.0,0.0,0.00029660139981752833
2014-01-06,-0.0012782731915875457,-0.0012782731915875457,-0.001258818191481647,-1.9455000105898616e-05,-1.9455000105898616e-05,0.0,0.0,False,0.0,0.0,-0.001258818191481647
2014-01-07,0.0033834767756914987,0.0033834767756914987,0.003833908187884754,-0.0004504314121932555,-0.0004504314121932555,0.0,0.0,False,0.0,0.0,0.003833908187884754
2014-01-08,-0.0005397855312052084,-0.0005397855312052084,-0.0020060980740913086,0.0014663125428861002,0.0014663125428861002,0.0,0.0,False,0.0,0.0,-0.0020060980740913086
2014-01-09,0.0011127192412876189,0.0011127192412876189,0.0007598874330041422,0.0003528318082834767,0.0003528318082834767,0.0,0.0,False,0.0,0.0,0.0007598874330041422
2014-01-10,0.0037050834411038853,0.0037050834411038853,0.007286228841929239,-0.0035811454008253534,-0.0035811454008253534,0.0,0.0,False,0.0,0.0,0.007286228841929239
2014-01-13,-0.00690562788632813,-0.00690562788632813,-0.005980012178156404,-0.0009256157081717255,-0.0009256157081717255,0.0,0.0,False,0.0,0.0,-0.005980012178156404
2014-01-14,0.005826920840960469,0.005826920840960469,0.004615481365418076,0.0012114394755423927,0.0012114394755423927,0.0,0.0,False,0.0,0.0,0.004615481365418076
2014-01-15,0.0038223895692861684,0.0038223895692861684,0.0023900180523087743,0.001432371516977394,0.001432371516977394,0.0,0.0,False,0.0,0.0,0.0023900180523087743
2014-01-16,-5.068561406165037e-05,-5.068561406165037e-05,0.0003395689391400203,-0.0003902545532016707,-0.0003902545532016707,0.0,0.0,False,0.0,0.0,0.0003395689391400203
2014-01-17,-0.0017824439873633537,-0.0017824439873633537,-0.0014976370630816367,-0.000284806924281717,-0.000284806924281717,0.0,0.0,False,0.0,0.0,-0.0014976370630816367
2014-01-21,0.002263234179306851,0.002263234179306851,0.0013554589181356339,0.000907775261171217,0.000907775261171217,0.0,0.0,False,0.0,0.0,0.0013554589181356339
2014-01-22,0.0002110170120254897,0.0002110170120254897,0.0006581072140742913,-0.00044709020204880155,-0.00044709020204880155,0.0,0.0,False,0.0,0.0,0.0006581072140742913
2014-01-23,-0.003806024516866929,-0.003806024516866929,-0.00348299210078614,-0.00032303241608078875,-0.00032303241608078875,0.0,0.0,False,0.0,0.0,-0.00348299210078614
2014-01-24,-0.013930226231615866,-0.013930226231615866,-0.013137066739480393,-0.0007931594921354729,-0.0007931594921354729,0.0,0.0,False,0.0,0.0,-0.013137066739480393
2014-01-27,-0.004503745107568031,-0.004503745107568031,-0.004526684189693353,2.2939082125321766e-05,2.2939082125321766e-05,0.0,0.0,False,0.0,0.0,-0.004526684189693353
2014-01-28,0.0059944069983220005,0.0059944069983220005,0.005326576658105667,0.0006678303402163337,0.0006678303402163337,0.0,0.0,False,0.0,0.0,0.005326576658105667
2014-01-29,-0.006384432073025147,-0.006384432073025147,-0.004813304397063223,-0.0015711276759619247,-0.0015711276759619247,0.0,0.0,False,0.0,0.0,-0.004813304397063223
2014-01-30,0.006665051360008107,0.006665051360008107,0.005169672620249712,0.0014953787397583946,0.0014953787397583946,0.0,0.0,False,0.0,0.0,0.005169672620249712
2014-01-31,-0.002901399154967341,-0.002901399154967341,-0.002803795360950448,-9.760379401689296e-05,-9.760379401689296e-05,0.0,0.0,False,0.0,0.0,-0.002803795360950448
2014-02-03,-0.015031163819378324,-0.01511294232458312,-0.011546267778214497,-0.003566674546368623,-0.003484896041163827,0.08177850520479532,8.177850520479533e-05,True,0.01892966835032686,1.8929668350326862e-05,-0.011565197446564824
2014-02-04,0.004494108597894895,0.004494108597894895,0.004262136675609049,0.00023197192228584587,0.00023197192228584587,0.0,0.0,False,0.0,0.0,0.004262136675609049
2014-02-05,-0.001765699399682036,-0.001765699399682036,-0.002480177623967984,0.000714478224285948,0.000714478224285948,0.0,0.0,False,0.0,0.0,-0.002480177623967984
2014-02-06,0.008225328748692327,0.008225328748692327,0.008336659636011606,-0.00011133088731927858,-0.00011133088731927858,0.0,0.0,False,0.0,0.0,0.008336659636011606
2014-02-07,0.00903977468445471,0.00903977468445471,0.007861808645917427,0.0011779660385372835,0.0011779660385372835,0.0,0.0,False,0.0,0.0,0.007861808645917427
2014-02-10,0.001112408409691034,0.001112408409691034,-0.0006540827734359404,0.0017664911831269743,0.0017664911831269743,0.0,0.0,False,0.0,0.0,-0.0006540827734359404
2014-02-11,0.0068017058053215385,0.0068017058053215385,0.006842822300384817,-4.111649506327846e-05,-4.111649506327846e-05,0.0,0.0,False,0.0,0.0,0.006842822300384817
2014-02-12,0.000169396829405578,0.000169396829405578,-0.000537403778988263,0.000706800608393841,0.000706800608393841,0.0,0.0,False,0.0,0.0,-0.000537403778988263
2014-02-13,0.005417397002860129,0.005417397002860129,0.00458044365114822,0.0008369533517119084,0.0008369533517119084,0.0,0.0,False,0.0,0.0,0.00458044365114822
2014-02-14,0.0031121972780159095,0.0031121972780159095,0.0037314883166825238,-0.0006192910386666143,-0.0006192910386666143,0.0,0.0,False,0.0,0.0,0.0037314883166825238
2014-02-18,0.0033420151050170864,0.0033420151050170864,0.0021436849115799234,0.001198330193437163,0.001198330193437163,0.0,0.0,False,0.0,0.0,0.0021436849115799234
2014-02-19,-0.0054567906557681095,-0.0054567906557681095,-0.0050034846789256075,-0.00045330597684250205,-0.00045330597684250205,0.0,0.0,False,0.0,0.0,-0.0050034846789256075
2014-02-20,0.005096565050949054,0.005096565050949054,0.002698653689642631,0.002397911361306423,0.002397911361306423,0.0,0.0,False,0.0,0.0,0.002698653689642631
2014-02-21,0.000613697961299241,0.000613697961299241,0.001459975076247675,-0.0008462771149484339,-0.0008462771149484339,0.0,0.0,False,0.0,0.0,0.001459975076247675
2014-02-24,0.00456739481730188,0.00456739481730188,0.003152358232118505,0.0014150365851833746,0.0014150365851833746,0.0,0.0,False,0.0,0.0,0.003152358232118505
2014-02-25,0.0005468524512762604,0.0005468524512762604,8.512865336324075e-05,0.00046172379791301966,0.00046172379791301966,0.0,0.0,False,0.0,0.0,8.512865336324075e-05
2014-02-26,0.001644085765812033,0.001644085765812033,0.0011870660085939939,0.00045701975721803905,0.00045701975721803905,0.0,0.0,False,0.0,0.0,0.0011870660085939939
2014-02-27,0.003768426818749008,0.003768426818749008,0.005033136054581435,-0.0012647092358324275,-0.0012647092358324275,0.0,0.0,False,0.0,0.0,0.005033136054581435
2014-02-28,0.0006527711318986691,0.0006527711318986691,-9.769389679830103e-05,0.0007504650286969701,0.0007504650286969701,0.0,0.0,False,0.0,0.0,-9.769389679830103e-05
2014-03-03,-0.0032748010551583795,-0.0033524135595246725,-0.005612579416215001,0.0022601658566903287,0.0023377783610566217,0.07761250436629316,7.761250436629317e-05,True,0.009532381287120088,9.532381287120086e-06,-0.005622111797502122
2014-03-04,0.00942431912502011,0.00942431912502011,0.006949938145418101,0.002474380979602008,0.002474380979602008,0.0,0.0,False,0.0,0.0,0.006949938145418101
2014-03-05,-0.00047481417026248044,-0.00047481417026248044,0.0004303694729807793,-0.0009051836432432598,-0.0009051836432432598,0.0,0.0,False,0.0,0.0,0.0004303694729807793
2014-03-06,-0.00015622763539303522,-0.00015622763539303522,0.001855965552231294,-0.002012193187624329,-0.002012193187624329,0.0,0.0,False,0.0,0.0,0.001855965552231294
2014-03-07,-0.0017311298385699475,-0.0017311298385699475,-0.0036967470677419885,0.001965617229172041,0.001965617229172041,0.0,0.0,False,0.0,0.0,-0.0036967470677419885
2014-03-10,-0.0009076072061780935,-0.0009076072061780935,-0.0018949709120000286,0.000987363705821935,0.000987363705821935,0.0,0.0,False,0.0,0.0,-0.0018949709120000286
2014-03-11,-0.0037472882258833776,-0.0037472882258833776,-0.003860164783300965,0.00011287655741758738,0.00011287655741758738,0.0,0.0,False,0.0,0.0,-0.003860164783300965
2014-03-12,0.0016692808583902378,0.0016692808583902378,0.0015392267771826595,0.0001300540812075783,0.0001300540812075783,0.0,0.0,False,0.0,0.0,0.0015392267771826595
2014-03-13,-0.006241733971759442,-0.006241733971759442,-0.0061562313248256385,-8.550264693380372e-05,-8.550264693380372e-05,0.0,0.0,False,0.0,0.0,-0.0061562313248256385
2014-03-14,-0.0007287713857677465,-0.0007287713857677465,-0.0005516940537178154,-0.00017707733204993116,-0.00017707733204993116,0.0,0.0,False,0.0,0.0,-0.0005516940537178154
2014-03-17,0.0041739743598099574,0.0041739743598099574,0.004605959569792694,-0.00043198520998273624,-0.00043198520998273624,0.0,0.0,False,0.0,0.0,0.004605959569792694
2014-03-18,0.006321685680666228,0.006321685680666228,0.006323632497059661,-1.946816393432957e-06,-1.946816393432957e-06,0.0,0.0,False,0.0,0.0,0.006323632497059661
2014-03-19,-0.005700223549010048,-0.005700223549010048,-0.009193353282924114,0.003493129733914066,0.003493129733914066,0.0,0.0,False,0.0,0.0,-0.009193353282924114
2014-03-20,0.003647992535820582,0.003647992535820582,0.0018723846601156073,0.0017756078757049747,0.0017756078757049747,0.0,0.0,False,0.0,0.0,0.0018723846601156073
2014-03-21,-0.0018561298114188577,-0.0018561298114188577,0.0003349855049199177,-0.0021911153163387755,-0.0021911153163387755,0.0,0.0,False,0.0,0.0,0.0003349855049199177
2014-03-24,-0.002916117527108307,-0.002916117527108307,0.00023799278466473902,-0.0031541103117730456,-0.0031541103117730456,0.0,0.0,False,0.0,0.0,0.00023799278466473902
2014-03-25,0.0023804650304462176,0.0023804650304462176,0.003900400497693994,-0.0015199354672477765,-0.0015199354672477765,0.0,0.0,False,0.0,0.0,0.003900400497693994
2014-03-26,-0.004974757081196823,-0.004974757081196823,-0.0011103930836266877,-0.003864363997570136,-0.003864363997570136,0.0,0.0,False,0.0,0.0,-0.0011103930836266877
2014-03-27,-0.0016232987837579032,-0.0016232987837579032,0.0017911185212313924,-0.0034144173049892954,-0.0034144173049892954,0.0,0.0,False,0.0,0.0,0.0017911185212313924
2014-03-28,0.002066567976563178,0.002066567976563178,0.0022464285368212185,-0.00017986056025804048,-0.00017986056025804048,0.0,0.0,False,0.0,0.0,0.0022464285368212185
2014-03-31,0.006203030956295303,0.006203030956295303,0.004655090577371547,0.0015479403789237563,0.0015479403789237563,0.0,0.0,False,0.0,0.0,0.004655090577371547
2014-04-01,0.005928983996218273,0.005850045082642531,0.003563050905472759,0.0022869941771697716,0.002365933090745514,0.07893891357574243,7.893891357574244e-05,True,0.004683445775489823,4.683445775489823e-06,0.003558367459697269
2014-04-02,0.0017875410150029688,0.0017875410150029688,0.0003652316709963864,0.0014223093440065824,0.0014223093440065824,0.0,0.0,False,0.0,0.0,0.0003652316709963864
2014-04-03,-0.002621166056448108,-0.002621166056448108,-0.0010900659062561117,-0.0015311001501919965,-0.0015311001501919965,0.0,0.0,False,0.0,0.0,-0.0010900659062561117
2014-04-04,-0.008575980300572602,-0.008575980300572602,-0.003325701827384373,-0.005250278473188229,-0.005250278473188229,0.0,0.0,False,0.0,0.0,-0.003325701827384373
2014-04-07,-0.007874994629834086,-0.007874994629834086,-0.0031678996513139763,-0.004707094978520109,-0.004707094978520109,0.0,0.0,False,0.0,0.0,-0.0031678996513139763
2014-04-08,0.004064460458580059,0.004064460458580059,0.003446426459630729,0.00061803399894933,0.00061803399894933,0.0,0.0,False,0.0,0.0,0.003446426459630729
2014-04-09,0.007731526273684399,0.007731526273684399,0.00642000151839127,0.001311524755293129,0.001311524755293129,0.0,0.0,False,0.0,0.0,0.00642000151839127
2014-04-10,-0.01496483675009792,-0.01496483675009792,-0.009915911864669117,-0.005048924885428803,-0.005048924885428803,0.0,0.0,False,0.0,0.0,-0.009915911864669117
2014-04-11,-0.007803678889310018,-0.007803678889310018,-0.0032931138725910748,-0.004510565016718943,-0.004510565016718943,0.0,0.0,False,0.0,0.0,-0.0032931138725910748
2014-04-14,0.004570464809989093,0.004570464809989093,0.0027300585352308497,0.0018404062747582432,0.0018404062747582432,0.0,0.0,False,0.0,0.0,0.0027300585352308497
2014-04-15,0.0038095056187018852,0.0038095056187018852,0.00092394498485353,0.0028855606338483554,0.0028855606338483554,0.0,0.0,False,0.0,0.0,0.00092394498485353
2014-04-16,0.006378135106667029,0.006378135106667029,0.0065505702610035785,-0.00017243515433654905,-0.00017243515433654905,0.0,0.0,False,0.0,0.0,0.0065505702610035785
2014-04-17,0.0008544092661013521,0.0008544092661013521,-0.00021156331177077988,0.001065972577872132,0.001065972577872132,0.0,0.0,False,0.0,0.0,-0.00021156331177077988
2014-04-21,0.0023985108792860563,0.0023985108792860563,0.0009595554955619162,0.0014389553837241401,0.0014389553837241401,0.0,0.0,False,0.0,0.0,0.0009595554955619162
2014-04-22,0.004397239029274368,0.004397239029274368,0.002382508528052138,0.0020147305012222306,0.0020147305012222306,0.0,0.0,False,0.0,0.0,0.002382508528052138
2014-04-23,-0.002036382349846384,-0.002036382349846384,-0.0009617716147866626,-0.0010746107350597211,-0.0010746107350597211,0.0,0.0,False,0.0,0.0,-0.0009617716147866626
2014-04-24,0.00020687689425509656,0.00020687689425509656,0.0006198660995108784,-0.0004129892052557819,-0.0004129892052557819,0.0,0.0,False,0.0,0.0,0.0006198660995108784
2014-04-25,-0.00708933202534371,-0.00708933202534371,-0.005078614757352348,-0.002010717267991362,-0.002010717267991362,0.0,0.0,False,0.0,0.0,-0.005078614757352348
2014-04-28,-0.00037262682404811277,-0.00037262682404811277,0.0008991885670720389,-0.0012718153911201518,-0.0012718153911201518,0.0,0.0,False,0.0,0.0,0.0008991885670720389
2014-04-29,0.002756650770240461,0.002756650770240461,0.0035770830633900896,-0.0008204322931496285,-0.0008204322931496285,0.0,0.0,False,0.0,0.0,0.0035770830633900896
2014-04-30,0.0026764916741959044,0.0026764916741959044,0.002777162754768362,-0.00010067108057245765,-0.00010067108057245765,0.0,0.0,False,0.0,0.0,0.002777162754768362
2014-05-01,-0.0004350651209340591,-0.0005141613779228349,0.002293226384160413,-0.002807387762083248,-0.002728291505094472,0.07909625698877576,7.909625698877576e-05,True,0.00270233609534851,2.70233609534851e-06,0.0022905240480650645
2014-05-02,0.0005773884486432342,0.0005773884486432342,0.0008466676429838702,-0.000269279194340636,-0.000269279194340636,0.0,0.0,False,0.0,0.0,0.0008466676429838702
2014-05-05,0.00011978451765363551,0.00011978451765363551,-0.0009585561704772059,0.0010783406881308415,0.0010783406881308415,0.0,0.0,False,0.0,0.0,-0.0009585561704772059
2014-05-06,-0.007907512806739824,-0.007907512806739824,-0.0025309656488941928,-0.005376547157845631,-0.005376547157845631,0.0,0.0,False,0.0,0.0,-0.0025309656488941928
2014-05-07,0.0027336406683664393,0.0027336406683664393,0.002494151576546355,0.00023948909182008437,0.00023948909182008437,0.0,0.0,False,0.0,0.0,0.002494151576546355
2014-05-08,-0.0035074411526967763,-0.0035074411526967763,-0.0009949421901858865,-0.0025124989625108897,-0.0025124989625108897,0.0,0.0,False,0.0,0.0,-0.0009949421901858865
2014-05-09,0.0036242156958653867,0.0036242156958653867,1.9158411594695604e-05,0.0036050572842706912,0.0036050572842706912,0.0,0.0,False,0.0,0.0,1.9158411594695604e-05
2014-05-12,0.010622938860408895,0.010622938860408895,0.005592872933871411,0.005030065926537484,0.005030065926537484,0.0,0.0,False,0.0,0.0,0.005592872933871411
2014-05-13,-0.0021448671897700304,-0.0021448671897700304,0.00214847137680057,-0.0042933385665706,-0.0042933385665706,0.0,0.0,False,0.0,0.0,0.00214847137680057
2014-05-14,-0.006402340840727384,-0.006402340840727384,0.000412772586384104,-0.006815113427111488,-0.006815113427111488,0.0,0.0,False,0.0,0.0,0.000412772586384104
2014-05-15,-0.005401522866134727,-0.005401522866134727,-0.003174063486625329,-0.002227459379509398,-0.002227459379509398,0.0,0.0,False,0.0,0.0,-0.003174063486625329
2014-05-16,0.0038178244011223385,0.0038178244011223385,0.0022607242291554277,0.0015571001719669108,0.0015571001719669108,0.0,0.0,False,0.0,0.0,0.0022607242291554277
2014-05-19,0.005042718607106747,0.005042718607106747,0.0005405413024550328,0.004502177304651714,0.004502177304651714,0.0,0.0,False,0.0,0.0,0.0005405413024550328
2014-05-20,-0.007252378674967093,-0.007252378674967093,-0.0037077502592776116,-0.0035446284156894813,-0.0035446284156894813,0.0,0.0,False,0.0,0.0,-0.0037077502592776116
2014-05-21,0.004402274760963087,0.004402274760963087,0.00380460039801276,0.0005976743629503272,0.0005976743629503272,0.0,0.0,False,0.0,0.0,0.00380460039801276
2014-05-22,0.004241009908892247,0.004241009908892247,0.001810505717063763,0.0024305041918284837,0.0024305041918284837,0.0,0.0,False,0.0,0.0,0.001810505717063763
2014-05-23,0.004810582955298205,0.004810582955298205,0.002769947692261294,0.002040635263036911,0.002040635263036911,0.0,0.0,False,0.0,0.0,0.002769947692261294
2014-05-27,0.006841774364736317,0.006841774364736317,0.0036055715938550378,0.003236202770881279,0.003236202770881279,0.0,0.0,False,0.0,0.0,0.0036055715938550378
2014-05-28,-0.0017413620583619659,-0.0017413620583619659,0.002051394899779404,-0.0037927569581413696,-0.0037927569581413696,0.0,0.0,False,0.0,0.0,0.002051394899779404
2014-05-29,0.0031415833291067743,0.0031415833291067743,0.001946190252475985,0.0011953930766307893,0.0011953930766307893,0.0,0.0,False,0.0,0.0,0.001946190252475985
2014-05-30,-0.0004596201645079409,-0.0004596201645079409,-0.0012659215926771284,0.0008063014281691875,0.0008063014281691875,0.0,0.0,False,0.0,0.0,-0.0012659215926771284
2014-06-02,-0.0023845434302185,-0.0024640159044857545,-0.0014395323318723953,-0.0010244835726133592,-0.0009450110983461046,0.07947247426725473,7.947247426725473e-05,True,0.0022986925835692257,2.2986925835692256e-06,-0.0014418310244559646
2014-06-03,-0.001043267005775185,-0.001043267005775185,-0.0023737990036422473,0.0013305319978670622,0.0013305319978670622,0.0,0.0,False,0.0,0.0,-0.0023737990036422473
2014-06-04,0.0015480852745941452,0.0015480852745941452,-4.791164394943065e-05,0.001595996918543576,0.001595996918543576,0.0,0.0,False,0.0,0.0,-4.791164394943065e-05
2014-06-05,0.00803144674385094,0.00803144674385094,0.005749669015127697,0.0022817777287232437,0.0022817777287232437,0.0,0.0,False,0.0,0.0,0.005749669015127697
2014-06-06,0.005008023782439338,0.005008023782439338,0.0039203514972461564,0.0010876722851931812,0.0010876722851931812,0.0,0.0,False,0.0,0.0,0.0039203514972461564
2014-06-09,0.0026292713944620688,0.0026292713944620688,0.00032483866124529207,0.0023044327332167767,0.0023044327332167767,0.0,0.0,False,0.0,0.0,0.00032483866124529207
2014-06-10,-0.0007467352208302613,-0.0007467352208302613,-0.0006540597295786213,-9.267549125164002e-05,-9.267549125164002e-05,0.0,0.0,False,0.0,0.0,-0.0006540597295786213
2014-06-11,-0.002236407588839089,-0.002236407588839089,-0.0019387530992267508,-0.00029765448961233836,-0.00029765448961233836,0.0,0.0,False,0.0,0.0,-0.0019387530992267508
2014-06-12,-0.003824641460482131,-0.003824641460482131,-0.001225478936862904,-0.002599162523619227,-0.002599162523619227,0.0,0.0,False,0.0,0.0,-0.001225478936862904
2014-06-13,0.0018376063916991968,0.0018376063916991968,0.0007236956673485323,0.0011139107243506646,0.0011139107243506646,0.0,0.0,False,0.0,0.0,0.0007236956673485323
2014-06-16,0.0012105368974260778,0.0012105368974260778,0.0001801373394898096,0.0010303995579362681,0.0010303995579362681,0.0,0.0,False,0.0,0.0,0.0001801373394898096
2014-06-17,0.002071577965245675,0.002071577965245675,-0.0006011132955856492,0.002672691260831324,0.002672691260831324,0.0,0.0,False,0.0,0.0,-0.0006011132955856492
2014-06-18,0.0061098077674613845,0.0061098077674613845,0.00725596589749609,-0.0011461581300347056,-0.0011461581300347056,0.0,0.0,False,0.0,0.0,0.00725596589749609
2014-06-19,0.00023923748550518665,0.00023923748550518665,-0.0010311221643515857,0.0012703596498567723,0.0012703596498567723,0.0,0.0,False,0.0,0.0,-0.0010311221643515857
2014-06-20,0.0019460557264772687,0.0019460557264772687,0.0012019914168484515,0.0007440643096288172,0.0007440643096288172,0.0,0.0,False,0.0,0.0,0.0012019914168484515
2014-06-23,-0.0006019842329288595,-0.0006019842329288595,-0.0011079171825522803,0.0005059329496234208,0.0005059329496234208,0.0,0.0,False,0.0,0.0,-0.0011079171825522803
2014-06-24,-0.0045302437456892965,-0.0045302437456892965,-0.0014546761399093402,-0.003075567605779956,-0.003075567605779956,0.0,0.0,False,0.0,0.0,-0.0014546761399093402
2014-06-25,0.0041063026850804004,0.0041063026850804004,0.0024308092171423695,0.001675493467938031,0.001675493467938031,0.0,0.0,False,0.0,0.0,0.0024308092171423695
2014-06-26,-0.0008619510282194757,-0.0008619510282194757,0.0009461754285541508,-0.0018081264567736265,-0.0018081264567736265,0.0,0.0,False,0.0,0.0,0.0009461754285541508
2014-06-27,0.002217599393854023,0.002217599393854023,0.0011574514315021208,0.0010601479623519022,0.0010601479623519022,0.0,0.0,False,0.0,0.0,0.0011574514315021208
2014-06-30,0.0003899673137741495,0.0003899673137741495,3.897427777922477e-05,0.0003509930359949247,0.0003509930359949247,0.0,0.0,False,0.0,0.0,3.897427777922477e-05
2014-07-01,0.004361113164799045,0.004280277949642138,0.0031292761828426107,0.0011510017667995275,0.0012318369819564342,0.08083521515690681,8.083521515690681e-05,True,0.0057336348080480465,5.733634808048047e-06,0.0031235425480345626
2014-07-02,-0.0001692994185519286,-0.0001692994185519286,-0.0009149404378739389,0.0007456410193220103,0.0007456410193220103,0.0,0.0,False,0.0,0.0,-0.0009149404378739389
2014-07-03,0.0022062691803156217,0.0022062691803156217,0.0019610720689060487,0.0002451971114095729,0.0002451971114095729,0.0,0.0,False,0.0,0.0,0.0019610720689060487
2014-07-07,-0.00459068430776239,-0.00459068430776239,-0.0020630220885153416,-0.002527662219247048,-0.002527662219247048,0.0,0.0,False,0.0,0.0,-0.0020630220885153416
2014-07-08,-0.004562898440750597,-0.004562898440750597,-0.002571445719558102,-0.001991452721192495,-0.001991452721192495,0.0,0.0,False,0.0,0.0,-0.002571445719558102
2014-07-09,0.0018731913521418259,0.0018731913521418259,0.0027924467836701063,-0.0009192554315282805,-0.0009192554315282805,0.0,0.0,False,0.0,0.0,0.0027924467836701063
2014-07-10,-0.004975179799958989,-0.004975179799958989,-0.0035864753748136935,-0.0013887044251452959,-0.0013887044251452959,0.0,0.0,False,0.0,0.0,-0.0035864753748136935
2014-07-11,0.0011570529475240076,0.0011570529475240076,0.0014381247754247759,-0.00028107182790076827,-0.00028107182790076827,0.0,0.0,False,0.0,0.0,0.0014381247754247759
2014-07-14,0.0028331996061931658,0.0028331996061931658,0.002673030995096864,0.00016016861109630163,0.00016016861109630163,0.0,0.0,False,0.0,0.0,0.002673030995096864
2014-07-15,-0.0029629108497119883,-0.0029629108497119883,-0.0019252219780968157,-0.0010376888716151726,-0.0010376888716151726,0.0,0.0,False,0.0,0.0,-0.0019252219780968157
2014-07-16,0.0010150225812632025,0.0010150225812632025,0.003069344824897614,-0.0020543222436344116,-0.0020543222436344116,0.0,0.0,False,0.0,0.0,0.003069344824897614
2014-07-17,-0.009405566156039548,-0.009405566156039548,-0.005638595963204271,-0.003766970192835277,-0.003766970192835277,0.0,0.0,False,0.0,0.0,-0.005638595963204271
2014-07-18,0.007826241753994713,0.007826241753994713,0.0057786145821832,0.0020476271718115136,0.0020476271718115136,0.0,0.0,False,0.0,0.0,0.0057786145821832
2014-07-21,-0.002134086639797696,-0.002134086639797696,-0.0006505401383966326,-0.0014835465014010635,-0.0014835465014010635,0.0,0.0,False,0.0,0.0,-0.0006505401383966326
2014-07-22,0.00366778684618466,0.00366778684618466,0.003788607261739389,-0.0001208204155547293,-0.0001208204155547293,0.0,0.0,False,0.0,0.0,0.003788607261739389
2014-07-23,0.0018731895867281044,0.0018731895867281044,0.0012152390540094466,0.0006579505327186578,0.0006579505327186578,0.0,0.0,False,0.0,0.0,0.0012152390540094466
2014-07-24,0.00022190388467694769,0.00022190388467694769,-0.0010444550651842832,0.0012663589498612309,0.0012663589498612309,0.0,0.0,False,0.0,0.0,-0.0010444550651842832
2014-07-25,-0.0036026233342428366,-0.0036026233342428366,-0.0009382997381343518,-0.0026643235961084847,-0.0026643235961084847,0.0,0.0,False,0.0,0.0,-0.0009382997381343518
2014-07-28,-0.0017056165684326686,-0.0017056165684326686,0.00014051902982988252,-0.001846135598262551,-0.001846135598262551,0.0,0.0,False,0.0,0.0,0.00014051902982988252
2014-07-29,-0.0016722899215887608,-0.0016722899215887608,-0.0014986890199660922,-0.00017360090162266855,-0.00017360090162266855,0.0,0.0,False,0.0,0.0,-0.0014986890199660922
2014-07-30,-0.0012697595106830064,-0.0012697595106830064,-0.003292284805812718,0.0020225252951297117,0.0020225252951297117,0.0,0.0,False,0.0,0.0,-0.003292284805812718
2014-07-31,-0.014664731561335635,-0.014664731561335635,-0.01194748337051837,-0.002717248190817265,-0.002717248190817265,0.0,0.0,False,0.0,0.0,-0.01194748337051837
2014-08-01,-0.002124092957430107,-0.002205919764640887,0.0007025271074395546,-0.0029084468720804416,-0.002826620064869662,0.08182680721077973,8.182680721077973e-05,True,0.005930526634328529,5.930526634328529e-06,0.0006965965808052261
2014-08-04,0.005992625850130389,0.005992625850130389,0.004253860838641007,0.0017387650114893821,0.0017387650114893821,0.0,0.0,False,0.0,0.0,0.004253860838641007
2014-08-05,-0.006192548597047085,-0.006192548597047085,-0.006071248846573649,-0.00012129975047343606,-0.00012129975047343606,0.0,0.0,False,0.0,0.0,-0.006071248846573649
2014-08-06,0.0006245052619910166,0.0006245052619910166,-0.0008562409197856771,0.0014807461817766938,0.0014807461817766938,0.0,0.0,False,0.0,0.0,-0.0008562409197856771
2014-08-07,-0.003071596013975126,-0.003071596013975126,-0.0016669106162797256,-0.0014046853976954004,-0.0014046853976954004,0.0,0.0,False,0.0,0.0,-0.0016669106162797256
2014-08-08,0.006682998628251802,0.006682998628251802,0.005362243312914019,0.0013207553153377826,0.0013207553153377826,0.0,0.0,False,0.0,0.0,0.005362243312914019
2014-08-11,0.0039455947563849045,0.0039455947563849045,0.003148744213917286,0.0007968505424676186,0.0007968505424676186,0.0,0.0,False,0.0,0.0,0.003148744213917286
2014-08-12,-0.001200387501070687,-0.001200387501070687,-0.0014588455664412505,0.0002584580653705636,0.0002584580653705636,0.0,0.0,False,0.0,0.0,-0.0014588455664412505
2014-08-13,0.004951525649014436,0.004951525649014436,0.005089731930867095,-0.00013820628185265936,-0.00013820628185265936,0.0,0.0,False,0.0,0.0,0.005089731930867095
2014-08-14,0.0033386973740692615,0.0033386973740692615,0.0034071584728666273,-6.846109879736582e-05,-6.846109879736582e-05,0.0,0.0,False,0.0,0.0,0.0034071584728666273
2014-08-15,0.0006001882234476446,0.0006001882234476446,0.001299161462814578,-0.0006989732393669334,-0.0006989732393669334,0.0,0.0,False,0.0,0.0,0.001299161462814578
2014-08-18,0.005780291443973521,0.005780291443973521,0.003692733967173143,0.002087557476800378,0.002087557476800378,0.0,0.0,False,0.0,0.0,0.003692733967173143
2014-08-19,0.0022910103616807557,0.0022910103616807557,0.002110435488420787,0.00018057487325996886,0.00018057487325996886,0.0,0.0,False,0.0,0.0,0.002110435488420787
2014-08-20,0.0002299936006262432,0.0002299936006262432,-0.0010827855207687388,0.001312779121394982,0.001312779121394982,0.0,0.0,False,0.0,0.0,-0.0010827855207687388
2014-08-21,0.0021031252441659014,0.0021031252441659014,0.0024007233062326378,-0.00029759806206673635,-0.00029759806206673635,0.0,0.0,False,0.0,0.0,0.0024007233062326378
2014-08-22,-0.002034136662268564,-0.002034136662268564,-0.0009564043754578962,-0.0010777322868106677,-0.0010777322868106677,0.0,0.0,False,0.0,0.0,-0.0009564043754578962
2014-08-25,0.003982060898349259,0.003982060898349259,0.004044950610214638,-6.288971186537914e-05,-6.288971186537914e-05,0.0,0.0,False,0.0,0.0,0.004044950610214638
2014-08-26,0.0011943459434403838,0.0011943459434403838,0.0011805642215303139,1.3781721910069954e-05,1.3781721910069954e-05,0.0,0.0,False,0.0,0.0,0.0011805642215303139
2014-08-27,-0.00021071392059866388,-0.00021071392059866388,0.0017757710518139275,-0.0019864849724125916,-0.0019864849724125916,0.0,0.0,False,0.0,0.0,0.0017757710518139275
2014-08-28,-0.001600435306578015,-0.001600435306578015,-0.0012361796006929325,-0.00036425570588508255,-0.00036425570588508255,0.0,0.0,False,0.0,0.0,-0.0012361796006929325
2014-08-29,0.0016433230793002841,0.0016433230793002841,0.0010919303332770848,0.0005513927460231993,0.0005513927460231993,0.0,0.0,False,0.0,0.0,0.0010919303332770848
2014-09-02,0.0003123892091689894,0.00023199313461802704,-0.002591854104049224,0.002823847238667251,0.0029042433132182134,0.08039607455096237,8.039607455096238e-05,True,0.006044293980772705,6.0442939807727054e-06,-0.0025978983980299965
2014-09-03,0.0007164336530829564,0.0007164336530829564,0.002650959364222622,-0.0019345257111396657,-0.0019345257111396657,0.0,0.0,False,0.0,0.0,0.002650959364222622
2014-09-04,-0.003294173458591707,-0.003294173458591707,-0.00398097020184279,0.000686796743251083,0.000686796743251083,0.0,0.0,False,0.0,0.0,-0.00398097020184279
2014-09-05,0.0012262946600666946,0.0012262946600666946,0.00239097985534347,-0.0011646851952767756,-0.0011646851952767756,0.0,0.0,False,0.0,0.0,0.00239097985534347
2014-09-08,-0.003878701895736488,-0.003878701895736488,-0.0039397447671846945,6.104287144820643e-05,6.104287144820643e-05,0.0,0.0,False,0.0,0.0,-0.0039397447671846945
2014-09-09,-0.004657913740605303,-0.004657913740605303,-0.005083506153934835,0.00042559241332953187,0.00042559241332953187,0.0,0.0,False,0.0,0.0,-0.005083506153934835
2014-09-10,0.0027017482649433085,0.0027017482649433085,0.0008131521635653253,0.0018885961013779832,0.0018885961013779832,0.0,0.0,False,0.0,0.0,0.0008131521635653253
2014-09-11,-0.000974768307220223,-0.000974768307220223,-0.001365952376271893,0.0003911840690516699,0.0003911840690516699,0.0,0.0,False,0.0,0.0,-0.001365952376271893
2014-09-12,-0.003144768005798419,-0.003144768005798419,-0.005548594948611908,0.002403826942813489,0.002403826942813489,0.0,0.0,False,0.0,0.0,-0.005548594948611908
2014-09-15,-0.0013630354214253936,-0.0013630354214253936,-0.0011145725816227722,-0.0002484628398026214,-0.0002484628398026214,0.0,0.0,False,0.0,0.0,-0.0011145725816227722
2014-09-16,0.004329806342747292,0.004329806342747292,0.004070190730697662,0.0002596156120496301,0.0002596156120496301,0.0,0.0,False,0.0,0.0,0.004070190730697662
2014-09-17,-0.00032835346979985264,-0.00032835346979985264,-0.00248647060510359,0.002158117135303737,0.002158117135303737,0.0,0.0,False,0.0,0.0,-0.00248647060510359
2014-09-18,0.003948843748744954,0.003948843748744954,0.003516014359191175,0.0004328293895537786,0.0004328293895537786,0.0,0.0,False,0.0,0.0,0.003516014359191175
2014-09-19,-0.00033575586590678624,-0.00033575586590678624,-0.00022550700803608244,-0.0001102488578707038,-0.0001102488578707038,0.0,0.0,False,0.0,0.0,-0.00022550700803608244
2014-09-22,-0.004302467180696319,-0.004302467180696319,-0.0045734474437979095,0.0002709802631015905,0.0002709802631015905,0.0,0.0,False,0.0,0.0,-0.0045734474437979095
2014-09-23,-0.005559300620425582,-0.005559300620425582,-0.0030283141492402858,-0.0025309864711852963,-0.0025309864711852963,0.0,0.0,False,0.0,0.0,-0.0030283141492402858
2014-09-24,0.0027414690202807695,0.0027414690202807695,0.0037598876112777684,-0.0010184185909969988,-0.0010184185909969988,0.0,0.0,False,0.0,0.0,0.0037598876112777684
2014-09-25,-0.0112094859983713,-0.0112094859983713,-0.008063892807383802,-0.0031455931909874987,-0.0031455931909874987,0.0,0.0,False,0.0,0.0,-0.008063892807383802
2014-09-26,0.0033855493895756945,0.0033855493895756945,0.0030566079547517393,0.0003289414348239552,0.0003289414348239552,0.0,0.0,False,0.0,0.0,0.0030566079547517393
2014-09-29,-0.0035399975881842127,-0.0035399975881842127,-0.002941333448692979,-0.0005986641394912337,-0.0005986641394912337,0.0,0.0,False,0.0,0.0,-0.002941333448692979
2014-09-30,0.0011627152828711921,0.0011627152828711921,-0.001900153627444323,0.003062868910315515,0.003062868910315515,0.0,0.0,False,0.0,0.0,-0.001900153627444323
2014-10-01,-0.0057348229728278665,-0.005814822972786924,-0.0050377164199138956,-0.0007771065528730282,-0.000697106552913971,0.07999999995905711,7.999999995905712e-05,True,0.008877771206000296,8.877771206000296e-06,-0.005046594191119896
2014-10-02,-0.0011370790703898231,-0.0011370790703898231,-0.001609099865692383,0.0004720207953025598,0.0004720207953025598,0.0,0.0,False,0.0,0.0,-0.001609099865692383
2014-10-03,0.005690941152308698,0.005690941152308698,0.005099493017234994,0.0005914481350737045,0.0005914481350737045,0.0,0.0,False,0.0,0.0,0.005099493017234994
2014-10-06,0.001205232730814883,0.001205232730814883,0.0018933789715696258,-0.0006881462407547427,-0.0006881462407547427,0.0,0.0,False,0.0,0.0,0.0018933789715696258
2014-10-07,-0.00967422029512588,-0.00967422029512588,-0.006411736344080798,-0.0032624839510450813,-0.0032624839510450813,0.0,0.0,False,0.0,0.0,-0.006411736344080798
2014-10-08,0.012304956073418461,0.012304956073418461,0.011443112701746555,0.0008618433716719061,0.0008618433716719061,0.0,0.0,False,0.0,0.0,0.011443112701746555
2014-10-09,-0.014993639038101185,-0.014993639038101185,-0.013959211256542267,-0.0010344277815589175,-0.0010344277815589175,0.0,0.0,False,0.0,0.0,-0.013959211256542267
2014-10-10,-0.00885639672230653,-0.00885639672230653,-0.0068891505144513905,-0.001967246207855139,-0.001967246207855139,0.0,0.0,False,0.0,0.0,-0.0068891505144513905
2014-10-13,-0.007264917111309998,-0.007264917111309998,-0.0024235602292227696,-0.004841356882087228,-0.004841356882087228,0.0,0.0,False,0.0,0.0,-0.0024235602292227696
2014-10-14,0.0035824899764314764,0.0035824899764314764,0.003073023018184774,0.0005094669582467026,0.0005094669582467026,0.0,0.0,False,0.0,0.0,0.003073023018184774
2014-10-15,-0.003430478703424899,-0.003430478703424899,-0.0018820868314421365,-0.0015483918719827623,-0.0015483918719827623,0.0,0.0,False,0.0,0.0,-0.0018820868314421365
2014-10-16,0.00012822971905365721,0.00012822971905365721,-0.0031894654234527987,0.003317695142506456,0.003317695142506456,0.0,0.0,False,0.0,0.0,-0.0031894654234527987
2014-10-17,0.009815288797371024,0.009815288797371024,0.006047356757557359,0.0037679320398136644,0.0037679320398136644,0.0,0.0,False,0.0,0.0,0.006047356757557359
2014-10-20,0.008160345016544088,0.008160345016544088,0.005375496641643583,0.002784848374900505,0.002784848374900505,0.0,0.0,False,0.0,0.0,0.005375496641643583
2014-10-21,0.012090525162902791,0.012090525162902791,0.007674831589366925,0.004415693573535866,0.004415693573535866,0.0,0.0,False,0.0,0.0,0.007674831589366925
2014-10-22,-0.005889638885488568,-0.005889638885488568,-0.0047879383026836414,-0.0011017005828049264,-0.0011017005828049264,0.0,0.0,False,0.0,0.0,-0.0047879383026836414
2014-10-23,0.005837984372891074,0.005837984372891074,0.004068647517403627,0.0017693368554874472,0.0017693368554874472,0.0,0.0,False,0.0,0.0,0.004068647517403627
2014-10-24,0.004417135676456857,0.004417135676456857,0.004161082956308362,0.0002560527201484943,0.0002560527201484943,0.0,0.0,False,0.0,0.0,0.004161082956308362
2014-10-27,-0.0019870392712872135,-0.0019870392712872135,-0.0015253553235237828,-0.00046168394776343073,-0.00046168394776343073,0.0,0.0,False,0.0,0.0,-0.0015253553235237828
2014-10-28,0.006975810181084256,0.006975810181084256,0.0077020400506563474,-0.0007262298695720915,-0.0007262298695720915,0.0,0.0,False,0.0,0.0,0.0077020400506563474
2014-10-29,-0.002591874143475046,-0.002591874143475046,-0.002378953648766,-0.000212920494709046,-0.000212920494709046,0.0,0.0,False,0.0,0.0,-0.002378953648766
2014-10-30,0.0038014598377132977,0.0038014598377132977,0.004697425629840219,-0.0008959657921269212,-0.0008959657921269212,0.0,0.0,False,0.0,0.0,0.004697425629840219
2014-10-31,0.008214979412165244,0.008214979412165244,0.006829635097588294,0.0013853443145769497,0.0013853443145769497,0.0,0.0,False,0.0,0.0,0.006829635097588294
2014-11-03,-0.0007373475579708122,-0.0008188357418358027,-0.00241311995387844,0.001594284212042637,0.0016757723959076277,0.08148818386499049,8.148818386499048e-05,True,0.004602882623748989,4.6028826237489895e-06,-0.002417722836502189
2014-11-04,-0.0029334821363065314,-0.0029334821363065314,-0.0016759025290757465,-0.001257579607230785,-0.001257579607230785,0.0,0.0,False,0.0,0.0,-0.0016759025290757465
2014-11-05,0.002145456793616285,0.002145456793616285,0.0010960463866473914,0.0010494104069688937,0.0010494104069688937,0.0,0.0,False,0.0,0.0,0.0010960463866473914
2014-11-06,0.0009132373728296321,0.0009132373728296321,-0.0019818626416291934,0.0028951000144588255,0.0028951000144588255,0.0,0.0,False,0.0,0.0,-0.0019818626416291934
2014-11-07,0.0016840492733249106,0.0016840492733249106,0.0038612821151416715,-0.0021772328418167607,-0.0021772328418167607,0.0,0.0,False,0.0,0.0,0.0038612821151416715
2014-11-10,0.0012330179291763369,0.0012330179291763369,8.00352651128091e-05,0.0011529826640635278,0.0011529826640635278,0.0,0.0,False,0.0,0.0,8.00352651128091e-05
2014-11-11,0.002012768999606124,0.002012768999606124,0.0011694180060407096,0.0008433509935654143,0.0008433509935654143,0.0,0.0,False,0.0,0.0,0.0011694180060407096
2014-11-12,-0.002857109994519125,-0.002857109994519125,-0.0016870156166991451,-0.00117009437781998,-0.00117009437781998,0.0,0.0,False,0.0,0.0,-0.0016870156166991451
2014-11-13,-0.0003522146210474153,-0.0003522146210474153,0.0006348515198918749,-0.0009870661409392902,-0.0009870661409392902,0.0,0.0,False,0.0,0.0,0.0006348515198918749
2014-11-14,-0.0011978137529460179,-0.0011978137529460179,0.0018565146544012273,-0.003054328407347245,-0.003054328407347245,0.0,0.0,False,0.0,0.0,0.0018565146544012273
2014-11-17,-0.0007690833091909833,-0.0007690833091909833,-0.0025585464575815725,0.0017894631483905891,0.0017894631483905891,0.0,0.0,False,0.0,0.0,-0.0025585464575815725
2014-11-18,0.003283231179854043,0.003283231179854043,0.0046847381403814356,-0.0014015069605273927,-0.0014015069605273927,0.0,0.0,False,0.0,0.0,0.0046847381403814356
2014-11-19,-0.0019762787016723744,-0.0019762787016723744,-0.003154151308329924,0.0011778726066575497,0.0011778726066575497,0.0,0.0,False,0.0,0.0,-0.003154151308329924
2014-11-20,0.00030631380175365647,0.00030631380175365647,0.0012217242850911503,-0.0009154104833374939,-0.0009154104833374939,0.0,0.0,False,0.0,0.0,0.0012217242850911503
2014-11-21,0.005770477941864648,0.005770477941864648,0.00743236098849724,-0.0016618830466325913,-0.0016618830466325913,0.0,0.0,False,0.0,0.0,0.00743236098849724
2014-11-24,0.002146920524499514,0.002146920524499514,0.0019900884253961,0.00015683209910341426,0.00015683209910341426,0.0,0.0,False,0.0,0.0,0.0019900884253961
2014-11-25,0.00120869698165596,0.00120869698165596,0.0009817526585841002,0.00022694432307185982,0.00022694432307185982,0.0,0.0,False,0.0,0.0,0.0009817526585841002
2014-11-26,0.0025349807237209283,0.0025349807237209283,0.0037551207260325013,-0.001220140002311573,-0.001220140002311573,0.0,0.0,False,0.0,0.0,0.0037551207260325013
2014-11-28,-0.004747125172779709,-0.004747125172779709,-0.003010633775354241,-0.0017364913974254686,-0.0017364913974254686,0.0,0.0,False,0.0,0.0,-0.003010633775354241
2014-12-01,-0.005988645037956143,-0.0060680447946391426,-0.006018254642189002,-4.979015245014026e-05,2.9609604232858945e-05,0.07939975668299884,7.939975668299883e-05,True,0.00548254151547058,5.48254151547058e-06,-0.006023737183704473
2014-12-02,0.0025662447838117448,0.0025662447838117448,0.0005464814360554291,0.002019763347756316,0.002019763347756316,0.0,0.0,False,0.0,0.0,0.0005464814360554291
2014-12-03,0.0018170765271777805,0.0018170765271777805,0.0021456519513201044,-0.0003285754241423239,-0.0003285754241423239,0.0,0.0,False,0.0,0.0,0.0021456519513201044
2014-12-04,-0.0007193370526761149,-0.0007193370526761149,0.00045396092037229926,-0.0011732979730484142,-0.0011732979730484142,0.0,0.0,False,0.0,0.0,0.00045396092037229926
2014-12-05,-0.00022154884423821868,-0.00022154884423821868,-0.0010153553161631852,0.0007938064719249665,0.0007938064719249665,0.0,0.0,False,0.0,0.0,-0.0010153553161631852
2014-12-08,-0.003990232483356347,-0.003990232483356347,-0.0034469746863350216,-0.0005432577970213254,-0.0005432577970213254,0.0,0.0,False,0.0,0.0,-0.0034469746863350216
2014-12-09,-0.0010429420486537076,-0.0010429420486537076,3.921124610450563e-05,-0.0010821532947582133,-0.0010821532947582133,0.0,0.0,False,0.0,0.0,3.921124610450563e-05
2014-12-10,-0.01068931930997133,-0.01068931930997133,-0.0079996681527604,-0.0026896511572109313,-0.0026896511572109313,0.0,0.0,False,0.0,0.0,-0.0079996681527604
2014-12-11,0.0004023179737318921,0.0004023179737318921,0.0004309903123938188,-2.8672338661926667e-05,-2.8672338661926667e-05,0.0,0.0,False,0.0,0.0,0.0004309903123938188
2014-12-12,-0.011843267171287506,-0.011843267171287506,-0.0072743081331822276,-0.0045689590381052785,-0.0045689590381052785,0.0,0.0,False,0.0,0.0,-0.0072743081331822276
2014-12-15,-0.004593884434724621,-0.004593884434724621,-0.006829342235799382,0.002235457801074761,0.002235457801074761,0.0,0.0,False,0.0,0.0,-0.006829342235799382
2014-12-16,-0.002680154897897625,-0.002680154897897625,8.752856397363555e-05,-0.0027676834618712604,-0.0027676834618712604,0.0,0.0,False,0.0,0.0,8.752856397363555e-05
2014-12-17,0.013978014990207793,0.013978014990207793,0.009337333645043104,0.004640681345164689,0.004640681345164689,0.0,0.0,False,0.0,0.0,0.009337333645043104
2014-12-18,0.01372948353163543,0.01372948353163543,0.010092638562717032,0.003636844968918399,0.003636844968918399,0.0,0.0,False,0.0,0.0,0.010092638562717032
2014-12-19,0.00409108316573174,0.00409108316573174,0.003641585150247234,0.0004494980154845056,0.0004494980154845056,0.0,0.0,False,0.0,0.0,0.003641585150247234
2014-12-22,0.002490558817575266,0.002490558817575266,0.0043316362296909085,-0.0018410774121156424,-0.0018410774121156424,0.0,0.0,False,0.0,0.0,0.0043316362296909085
2014-12-23,-0.0008755888992498436,-0.0008755888992498436,-0.004712397543385444,0.003836808644135601,0.003836808644135601,0.0,0.0,False,0.0,0.0,-0.004712397543385444
2014-12-24,0.002366710193594251,0.002366710193594251,0.0019715613625549125,0.0003951488310393386,0.0003951488310393386,0.0,0.0,False,0.0,0.0,0.0019715613625549125
2014-12-26,0.0009152028422303005,0.0009152028422303005,0.0030267785799229013,-0.0021115757376926007,-0.0021115757376926007,0.0,0.0,False,0.0,0.0,0.0030267785799229013
2014-12-29,-7.234036878269023e-05,-7.234036878269023e-05,0.00032608731298736847,-0.00039842768177005873,-0.00039842768177005873,0.0,0.0,False,0.0,0.0,0.00032608731298736847
2014-12-30,-0.0036663172835803715,-0.0036663172835803715,-0.0026006673121372293,-0.0010656499714431422,-0.0010656499714431422,0.0,0.0,False,0.0,0.0,-0.0026006673121372293
2014-12-31,-0.005013501873049862,-0.005013501873049862,-0.0037230480258935664,-0.0012904538471562952,-0.0012904538471562952,0.0,0.0,False,0.0,0.0,-0.0037230480258935664
2015-01-02,0.00020926981781459322,0.00013040864796497626,-0.0003111927839571484,0.00044160143192212466,0.0005204626017717416,0.07886116984961697,7.886116984961697e-05,True,0.008161055402220698,8.161055402220699e-06,-0.0003193538393593691
2015-01-05,-0.010508413102028056,-0.010508413102028056,-0.008727770919780074,-0.0017806421822479813,-0.0017806421822479813,0.0,0.0,False,0.0,0.0,-0.008727770919780074
2015-01-06,-0.004476590346094948,-0.004476590346094948,-0.0028069106632001685,-0.0016696796828947792,-0.0016696796828947792,0.0,0.0,False,0.0,0.0,-0.0028069106632001685
2015-01-07,0.007594950526021832,0.007594950526021832,0.008072904698355154,-0.00047795417233332214,-0.00047795417233332214,0.0,0.0,False,0.0,0.0,0.008072904698355154
2015-01-08,0.008643207608758975,0.008643207608758975,0.0077381813841483635,0.000905026224610612,0.000905026224610612,0.0,0.0,False,0.0,0.0,0.0077381813841483635
2015-01-09,-0.0018285990174099183,-0.0018285990174099183,-0.0019570427556342817,0.00012844373822436337,0.00012844373822436337,0.0,0.0,False,0.0,0.0,-0.0019570427556342817
2015-01-12,-0.00272685060668093,-0.00272685060668093,-0.0023498043098828495,-0.0003770462967980807,-0.0003770462967980807,0.0,0.0,False,0.0,0.0,-0.0023498043098828495
2015-01-13,0.00010180363289081071,0.00010180363289081071,0.001138049894352092,-0.0010362462614612814,-0.0010362462614612814,0.0,0.0,False,0.0,0.0,0.001138049894352092
2015-01-14,-0.0024200250981251735,-0.0024200250981251735,-0.0013507724150016768,-0.0010692526831234967,-0.0010692526831234967,0.0,0.0,False,0.0,0.0,-0.0013507724150016768
2015-01-15,-0.0016444179949913664,-0.0016444179949913664,0.0010336422637852402,-0.0026780602587766064,-0.0026780602587766064,0.0,0.0,False,0.0,0.0,0.0010336422637852402
2015-01-16,0.005479513059969047,0.005479513059969047,0.004287022049277945,0.001192491010691102,0.001192491010691102,0.0,0.0,False,0.0,0.0,0.004287022049277945
2015-01-20,0.001681080291930055,0.001681080291930055,0.0023034562622012054,-0.0006223759702711504,-0.0006223759702711504,0.0,0.0,False,0.0,0.0,0.0023034562622012054
2015-01-21,0.0038500453907683464,0.0038500453907683464,0.0030469509757182407,0.0008030944150501057,0.0008030944150501057,0.0,0.0,False,0.0,0.0,0.0030469509757182407
2015-01-22,0.005815760905712134,0.005815760905712134,0.007074860634773883,-0.001259099729061749,-0.001259099729061749,0.0,0.0,False,0.0,0.0,0.007074860634773883
2015-01-23,-0.001008101248602181,-0.001008101248602181,-0.00036220178958755944,-0.0006458994590146215,-0.0006458994590146215,0.0,0.0,False,0.0,0.0,-0.00036220178958755944
2015-01-26,0.0037532204584320747,0.0037532204584320747,0.0025832887745488725,0.0011699316838832022,0.0011699316838832022,0.0,0.0,False,0.0,0.0,0.0025832887745488725
2015-01-27,-0.004236653510518011,-0.004236653510518011,-0.003974894151362166,-0.00026175935915584425,-0.00026175935915584425,0.0,0.0,False,0.0,0.0,-0.003974894151362166
2015-01-28,-0.005084050407536159,-0.005084050407536159,-0.004473575523559454,-0.0006104748839767049,-0.0006104748839767049,0.0,0.0,False,0.0,0.0,-0.004473575523559454
2015-01-29,0.0052503098080627746,0.0052503098080627746,0.003943783959280877,0.0013065258487818974,0.0013065258487818974,0.0,0.0,False,0.0,0.0,0.003943783959280877
2015-01-30,-0.004774633867188713,-0.004774633867188713,-0.005885527903752982,0.0011108940365642693,0.0011108940365642693,0.0,0.0,False,0.0,0.0,-0.005885527903752982
2015-02-02,0.007029420568737935,0.006946746825240632,0.007481130766657162,-0.0005343839414165301,-0.00045171019791922715,0.08267374349730251,8.267374349730252e-05,True,0.015458048919073084,1.5458048919073084e-05,0.007465672717738089
2015-02-03,0.006265443928451868,0.006265443928451868,0.005647175051389232,0.000618268877062636,0.000618268877062636,0.0,0.0,False,0.0,0.0,0.005647175051389232
2015-02-04,-0.002672992177127959,-0.002672992177127959,-0.0025011432210920257,-0.0001718489560359332,-0.0001718489560359332,0.0,0.0,False,0.0,0.0,-0.0025011432210920257
2015-02-05,0.005793597756628233,0.005793597756628233,0.004697317574373298,0.001096280182254935,0.001096280182254935,0.0,0.0,False,0.0,0.0,0.004697317574373298
2015-02-06,-0.0052512213844709485,-0.0052512213844709485,-0.009097161232572131,0.0038459398481011826,0.0038459398481011826,0.0,0.0,False,0.0,0.0,-0.009097161232572131
2015-02-09,-0.0028315710726113364,-0.0028315710726113364,-0.002735992532451648,-9.557854015968849e-05,-9.557854015968849e-05,0.0,0.0,False,0.0,0.0,-0.002735992532451648
2015-02-10,0.00485111908464003,0.00485111908464003,0.003469150547653401,0.0013819685369866291,0.0013819685369866291,0.0,0.0,False,0.0,0.0,0.003469150547653401
2015-02-11,-0.00024017617343006907,-0.00024017617343006907,-0.0013484440065317464,0.0011082678331016773,0.0011082678331016773,0.0,0.0,False,0.0,0.0,-0.0013484440065317464
2015-02-12,0.006420421911201086,0.006420421911201086,0.008357486956730976,-0.0019370650455298906,-0.0019370650455298906,0.0,0.0,False,0.0,0.0,0.008357486956730976
2015-02-13,0.001568138703630662,0.001568138703630662,0.0020670049177453744,-0.0004988662141147124,-0.0004988662141147124,0.0,0.0,False,0.0,0.0,0.0020670049177453744
2015-02-17,-0.0004981415862103711,-0.0004981415862103711,-0.0019281627341628013,0.0014300211479524303,0.0014300211479524303,0.0,0.0,False,0.0,0.0,-0.0019281627341628013
2015-02-18,0.0023188600002331515,0.0023188600002331515,0.00267201531645295,-0.00035315531621979857,-0.00035315531621979857,0.0,0.0,False,0.0,0.0,0.00267201531645295
2015-02-19,-0.000590371196234019,-0.000590371196234019,-0.0012574903499548472,0.0006671191537208283,0.0006671191537208283,0.0,0.0,False,0.0,0.0,-0.0012574903499548472
2015-02-20,0.004140283210088053,0.004140283210088053,0.0043758054398104675,-0.00023552222972241486,-0.00023552222972241486,0.0,0.0,False,0.0,0.0,0.0043758054398104675
2015-02-23,0.0008426788808433023,0.0008426788808433023,0.0002974360266540119,0.0005452428541892904,0.0005452428541892904,0.0,0.0,False,0.0,0.0,0.0002974360266540119
2015-02-24,0.0038092338647323525,0.0038092338647323525,0.0061677421379862886,-0.002358508273253936,-0.002358508273253936,0.0,0.0,False,0.0,0.0,0.0061677421379862886
2015-02-25,0.0006894839466760366,0.0006894839466760366,0.00021933054475901134,0.0004701534019170252,0.0004701534019170252,0.0,0.0,False,0.0,0.0,0.00021933054475901134
2015-02-26,-0.0020712612474500514,-0.0020712612474500514,-0.003119617457227703,0.0010483562097776517,0.0010483562097776517,0.0,0.0,False,0.0,0.0,-0.003119617457227703
2015-02-27,-0.0008319001291661212,-0.0008319001291661212,5.48033385503616e-05,-0.0008867034677164827,-0.0008867034677164827,0.0,0.0,False,0.0,0.0,5.48033385503616e-05
2015-03-02,0.0007212265610222444,0.0006408874921075598,-0.0013801460312637013,0.002021033523371261,0.0021013725922859458,0.08033906891468465,8.033906891468465e-05,True,0.01913396048828423,1.913396048828423e-05,-0.0013992799917519855
2015-03-03,-0.0030525421754049546,-0.0030525421754049546,-0.003916999224452272,0.0008644570490473173,0.0008644570490473173,0.0,0.0,False,0.0,0.0,-0.003916999224452272
2015-03-04,-0.003230071777446391,-0.003230071777446391,-0.0030522710444827487,-0.00017780073296364213,-0.00017780073296364213,0.0,0.0,False,0.0,0.0,-0.0030522710444827487
2015-03-05,0.0016367640087683213,0.0016367640087683213,0.0009278220104746375,0.0007089419982936839,0.0007089419982936839,0.0,0.0,False,0.0,0.0,0.0009278220104746375
2015-03-06,-0.013574346466919737,-0.013574346466919737,-0.013157966688032138,-0.0004163797788875982,-0.0004163797788875982,0.0,0.0,False,0.0,0.0,-0.013157966688032138
2015-03-09,0.0035083421571748884,0.0035083421571748884,0.0033164238423734607,0.00019191831480142767,0.00019191831480142767,0.0,0.0,False,0.0,0.0,0.0033164238423734607
2015-03-10,-0.008431571089569408,-0.008431571089569408,-0.009174432965402633,0.0007428618758332246,0.0007428618758332246,0.0,0.0,False,0.0,0.0,-0.009174432965402633
2015-03-11,0.0017716604269418508,0.0017716604269418508,0.002219600141325146,-0.0004479397143832952,-0.0004479397143832952,0.0,0.0,False,0.0,0.0,0.002219600141325146
2015-03-12,0.008001264277950518,0.008001264277950518,0.007082493388474983,0.0009187708894755351,0.0009187708894755351,0.0,0.0,False,0.0,0.0,0.007082493388474983
2015-03-13,-0.004179549403334225,-0.004179549403334225,-0.0049474788644601735,0.0007679294611259487,0.0007679294611259487,0.0,0.0,False,0.0,0.0,-0.0049474788644601735
2015-03-16,0.00706562722886874,0.00706562722886874,0.008470198776666396,-0.0014045715477976565,-0.0014045715477976565,0.0,0.0,False,0.0,0.0,0.008470198776666396
2015-03-17,-0.0011354915912371762,-0.0011354915912371762,0.0010684149846100928,-0.002203906575847269,-0.002203906575847269,0.0,0.0,False,0.0,0.0,0.0010684149846100928
2015-03-18,0.012981478572696664,0.012981478572696664,0.014720554790568479,-0.0017390762178718152,-0.0017390762178718152,0.0,0.0,False,0.0,0.0,0.014720554790568479
2015-03-19,-0.004887887719198234,-0.004887887719198234,-0.0066510088274089755,0.0017631211082107419,0.0017631211082107419,0.0,0.0,False,0.0,0.0,-0.0066510088274089755
2015-03-20,0.00937495482462182,0.00937495482462182,0.009352954824983236,2.1999999638583692e-05,2.1999999638583692e-05,0.0,0.0,False,0.0,0.0,0.009352954824983236
2015-03-23,0.00035477018668362924,0.00035477018668362924,0.0009636134523725467,-0.0006088432656889175,-0.0006088432656889175,0.0,0.0,False,0.0,0.0,0.0009636134523725467
2015-03-24,-0.002255451055253084,-0.002255451055253084,-0.00030095042700932614,-0.001954500628243758,-0.001954500628243758,0.0,0.0,False,0.0,0.0,-0.00030095042700932614
2015-03-25,-0.009982409352116067,-0.009982409352116067,-0.009640509510439129,-0.0003418998416769379,-0.0003418998416769379,0.0,0.0,False,0.0,0.0,-0.009640509510439129
2015-03-26,-0.00397285461266687,-0.00397285461266687,-0.00586474579642385,0.0018918911837569798,0.0018918911837569798,0.0,0.0,False,0.0,0.0,-0.00586474579642385
2015-03-27,0.0028814256253689285,0.0028814256253689285,0.0036884015780240345,-0.000806975952655106,-0.000806975952655106,0.0,0.0,False,0.0,0.0,0.0036884015780240345
2015-03-30,0.007275122200777254,0.007275122200777254,0.006262733643652693,0.0010123885571245612,0.0010123885571245612,0.0,0.0,False,0.0,0.0,0.006262733643652693
2015-03-31,-0.004931375456464258,-0.004931375456464258,-0.004416192998383835,-0.0005151824580804229,-0.0005151824580804229,0.0,0.0,False,0.0,0.0,-0.004416192998383835
2015-04-01,0.0006832611017393527,0.0006043696158061685,0.003320200470155943,-0.0027158308543497743,-0.0026369393684165902,0.07889148593318415,7.889148593318415e-05,True,0.005675988699185626,5.675988699185626e-06,0.0033145244814567574
2015-04-02,0.0016900916570193327,0.0016900916570193327,0.002631293312502763,-0.0009412016554834304,-0.0009412016554834304,0.0,0.0,False,0.0,0.0,0.002631293312502763
2015-04-06,0.004398902765574792,0.004398902765574792,0.005249837674456818,-0.0008509349088820263,-0.0008509349088820263,0.0,0.0,False,0.0,0.0,0.005249837674456818
2015-04-07,0.00039136906694454965,0.00039136906694454965,-0.0007182656807369512,0.0011096347476815009,0.0011096347476815009,0.0,0.0,False,0.0,0.0,-0.0007182656807369512
2015-04-08,0.002049005542285678,0.002049005542285678,0.0040088565459704935,-0.0019598510036848153,-0.0019598510036848153,0.0,0.0,False,0.0,0.0,0.0040088565459704935
2015-04-09,-0.0005872629374480986,-0.0005872629374480986,0.00017917290219661257,-0.0007664358396447112,-0.0007664358396447112,0.0,0.0,False,0.0,0.0,0.00017917290219661257
2015-04-10,0.003244216755143925,0.003244216755143925,0.002467642937073024,0.000776573818070901,0.000776573818070901,0.0,0.0,False,0.0,0.0,0.002467642937073024
2015-04-13,-0.0024705984833568737,-0.0024705984833568737,-0.002484146573337988,1.3548089981114519e-05,1.3548089981114519e-05,0.0,0.0,False,0.0,0.0,-0.002484146573337988
2015-04-14,0.0021686575783610314,0.0021686575783610314,0.0034277700405710857,-0.0012591124622100543,-0.0012591124622100543,0.0,0.0,False,0.0,0.0,0.0034277700405710857
2015-04-15,0.003232477401746991,0.003232477401746991,0.003276660839225551,-4.4183437478560045e-05,-4.4183437478560045e-05,0.0,0.0,False,0.0,0.0,0.003276660839225551
2015-04-16,-0.0003801625514704139,-0.0003801625514704139,0.0009445111187840126,-0.0013246736702544263,-0.0013246736702544263,0.0,0.0,False,0.0,0.0,0.0009445111187840126
2015-04-17,-0.005855376863807521,-0.005855376863807521,-0.00666272255673726,0.0008073456929297389,0.0008073456929297389,0.0,0.0,False,0.0,0.0,-0.00666272255673726
2015-04-20,0.0034919557215036213,0.0034919557215036213,0.0021097600654012222,0.001382195656102399,0.001382195656102399,0.0,0.0,False,0.0,0.0,0.0021097600654012222
2015-04-21,0.0002848660507559357,0.0002848660507559357,0.0008823323662163782,-0.0005974663154604425,-0.0005974663154604425,0.0,0.0,False,0.0,0.0,0.0008823323662163782
2015-04-22,-0.0003687455621967691,-0.0003687455621967691,0.00012147753388565502,-0.000490223096082424,-0.000490223096082424,0.0,0.0,False,0.0,0.0,0.00012147753388565502
2015-04-23,0.0024027098889104776,0.0024027098889104776,0.0035187308576548524,-0.0011160209687443748,-0.0011160209687443748,0.0,0.0,False,0.0,0.0,0.0035187308576548524
2015-04-24,0.0019622157706460767,0.0019622157706460767,0.003077675516711147,-0.0011154597460650705,-0.0011154597460650705,0.0,0.0,False,0.0,0.0,0.003077675516711147
2015-04-27,-0.0020795076630742773,-0.0020795076630742773,-0.0010413415297816832,-0.001038166133292594,-0.001038166133292594,0.0,0.0,False,0.0,0.0,-0.0010413415297816832
2015-04-28,-0.0006273044300391585,-0.0006273044300391585,-0.0008627842644984115,0.00023547983445925292,0.00023547983445925292,0.0,0.0,False,0.0,0.0,-0.0008627842644984115
2015-04-29,-0.00620429352121479,-0.00620429352121479,-0.006968915235251895,0.0007646217140371055,0.0007646217140371055,0.0,0.0,False,0.0,0.0,-0.006968915235251895
2015-04-30,-0.005899399029533548,-0.005899399029533548,-0.007153615826794439,0.0012542167972608908,0.0012542167972608908,0.0,0.0,False,0.0,0.0,-0.007153615826794439
2015-05-01,0.003296334337491056,0.003215158917138762,0.0032594516102188937,-4.429269308013151e-05,3.688272727216243e-05,0.08117542035229376,8.117542035229375e-05,True,0.010102546824464105,1.0102546824464104e-05,0.0032493490633944294
2015-05-04,0.0003966203686649892,0.0003966203686649892,0.00011784815608911157,0.00027877221257587763,0.00027877221257587763,0.0,0.0,False,0.0,0.0,0.00011784815608911157
2015-05-05,-0.00696671732021519,-0.00696671732021519,-0.008104263338604792,0.001137546018389602,0.001137546018389602,0.0,0.0,False,0.0,0.0,-0.008104263338604792
2015-05-06,-0.0028197836463941402,-0.0028197836463941402,-0.004381231441556042,0.0015614477951619017,0.0015614477951619017,0.0,0.0,False,0.0,0.0,-0.004381231441556042
2015-05-07,0.0033455012329918006,0.0033455012329918006,0.002846315330709265,0.0004991859022825357,0.0004991859022825357,0.0,0.0,False,0.0,0.0,0.002846315330709265
2015-05-08,0.009136332253726256,0.009136332253726256,0.010859077348654394,-0.0017227450949281378,-0.0017227450949281378,0.0,0.0,False,0.0,0.0,0.010859077348654394
2015-05-11,-0.006105930216362298,-0.006105930216362298,-0.008320131753158396,0.0022142015367960987,0.0022142015367960987,0.0,0.0,False,0.0,0.0,-0.008320131753158396
2015-05-12,-0.0018194952453012528,-0.0018194952453012528,-0.0013603655958964451,-0.00045912964940480767,-0.00045912964940480767,0.0,0.0,False,0.0,0.0,-0.0013603655958964451
2015-05-13,-0.0003918918316754337,-0.0003918918316754337,0.0005943179299332213,-0.000986209761608655,-0.000986209761608655,0.0,0.0,False,0.0,0.0,0.0005943179299332213
2015-05-14,0.007327196269633246,0.007327196269633246,0.007830191131805976,-0.0005029948621727304,-0.0005029948621727304,0.0,0.0,False,0.0,0.0,0.007830191131805976
2015-05-15,0.00295359321536201,0.00295359321536201,0.004603360192142298,-0.0016497669767802877,-0.0016497669767802877,0.0,0.0,False,0.0,0.0,0.004603360192142298
2015-05-18,-0.00012429146972023374,-0.00012429146972023374,-0.0032857279454463068,0.0031614364757260732,0.0031614364757260732,0.0,0.0,False,0.0,0.0,-0.0032857279454463068
2015-05-19,-0.00241467345338849,-0.00241467345338849,-0.0026693520149060567,0.00025467856151756675,0.00025467856151756675,0.0,0.0,False,0.0,0.0,-0.0026693520149060567
2015-05-20,0.000298305420021822,0.000298305420021822,0.0007845840973537065,-0.0004862786773318845,-0.0004862786773318845,0.0,0.0,False,0.0,0.0,0.0007845840973537065
2015-05-21,0.0027489755018450523,0.0027489755018450523,0.0038228556570763144,-0.001073880155231262,-0.001073880155231262,0.0,0.0,False,0.0,0.0,0.0038228556570763144
2015-05-22,-0.0017254111086076052,-0.0017254111086076052,-0.0021363936722265274,0.0004109825636189222,0.0004109825636189222,0.0,0.0,False,0.0,0.0,-0.0021363936722265274
2015-05-26,-0.004273563445642928,-0.004273563445642928,-0.005399741624856137,0.0011261781792132088,0.0011261781792132088,0.0,0.0,False,0.0,0.0,-0.005399741624856137
2015-05-27,0.005977188535495774,0.005977188535495774,0.005146511301698135,0.0008306772337976394,0.0008306772337976394,0.0,0.0,False,0.0,0.0,0.005146511301698135
2015-05-28,-0.0013260064442134434,-0.0013260064442134434,-0.0021820437028198894,0.000856037258606446,0.000856037258606446,0.0,0.0,False,0.0,0.0,-0.0021820437028198894
2015-05-29,-0.0029273293256663582,-0.0029273293256663582,-0.004318247622956349,0.0013909182972899905,0.0013909182972899905,0.0,0.0,False,0.0,0.0,-0.004318247622956349
2015-06-01,-0.0008456533911866463,-0.0009261254930295864,-0.00228637162138941,0.0013602461283598237,0.0014407182302027639,0.08047210184294022,8.047210184294022e-05,True,0.006552608715922208,6.552608715922209e-06,-0.0022929242301053324
2015-06-02,-0.0024569258127842826,-0.0024569258127842826,-0.001958807551743779,-0.0004981182610405035,-0.0004981182610405035,0.0,0.0,False,0.0,0.0,-0.001958807551743779
2015-06-03,-0.0007076227184047981,-0.0007076227184047981,-0.0018134404797264245,0.0011058177613216264,0.0011058177613216264,0.0,0.0,False,0.0,0.0,-0.0018134404797264245
2015-06-04,-0.002764212227601416,-0.002764212227601416,-0.003860273869365163,0.0010960616417637473,0.0010960616417637473,0.0,0.0,False,0.0,0.0,-0.003860273869365163
2015-06-05,-0.0019361924727971248,-0.0019361924727971248,-0.00518171577577073,0.0032455233029736047,0.0032455233029736047,0.0,0.0,False,0.0,0.0,-0.00518171577577073
2015-06-08,-0.003039689375960507,-0.003039689375960507,-0.0022008069343951433,-0.0008388824415653637,-0.0008388824415653637,0.0,0.0,False,0.0,0.0,-0.0022008069343951433
2015-06-09,-0.0024441739486706837,-0.0024441739486706837,-0.0033251526243956854,0.0008809786757250017,0.0008809786757250017,0.0,0.0,False,0.0,0.0,-0.0033251526243956854
2015-06-10,0.0051650228573316016,0.0051650228573316016,0.007260012125852913,-0.0020949892685213113,-0.0020949892685213113,0.0,0.0,False,0.0,0.0,0.007260012125852913
2015-06-11,0.005257287900297018,0.005257287900297018,0.004905619681741973,0.000351668218555045,0.000351668218555045,0.0,0.0,False,0.0,0.0,0.004905619681741973
2015-06-12,-0.004074265467753468,-0.004074265467753468,-0.004049406563692709,-2.4858904060759413e-05,-2.4858904060759413e-05,0.0,0.0,False,0.0,0.0,-0.004049406563692709
2015-06-15,-0.002258405279364257,-0.002258405279364257,-0.002951231463399928,0.0006928261840356709,0.0006928261840356709,0.0,0.0,False,0.0,0.0,-0.002951231463399928
2015-06-16,0.004631724116549365,0.004631724116549365,0.0035102665024391586,0.0011214576141102064,0.0011214576141102064,0.0,0.0,False,0.0,0.0,0.0035102665024391586
2015-06-17,0.00029962276862122194,0.00029962276862122194,0.00038112983071188114,-8.15070620906592e-05,-8.15070620906592e-05,0.0,0.0,False,0.0,0.0,0.00038112983071188114
2015-06-18,0.005497157184091566,0.005497157184091566,0.005430695877325662,6.646130676590378e-05,6.646130676590378e-05,0.0,0.0,False,0.0,0.0,0.005430695877325662
2015-06-19,0.0005440201088701437,0.0005440201088701437,-0.0001242289593612985,0.0006682490682314422,0.0006682490682314422,0.0,0.0,False,0.0,0.0,-0.0001242289593612985
2015-06-22,-0.00022415724484234302,-0.00022415724484234302,0.002306220820854278,-0.002530378065696621,-0.002530378065696621,0.0,0.0,False,0.0,0.0,0.002306220820854278
2015-06-23,-0.0004515770341228508,-0.0004515770341228508,0.00048691738749153995,-0.0009384944216143908,-0.0009384944216143908,0.0,0.0,False,0.0,0.0,0.00048691738749153995
2015-06-24,-0.003046104254865371,-0.003046104254865371,-0.0032647868257613564,0.00021868257089598542,0.00021868257089598542,0.0,0.0,False,0.0,0.0,-0.0032647868257613564
2015-06-25,-0.0021445206570391345,-0.0021445206570391345,-0.0022607406443060168,0.00011621998726688227,0.00011621998726688227,0.0,0.0,False,0.0,0.0,-0.0022607406443060168
2015-06-26,-0.0025905882098130016,-0.0025905882098130016,-0.003374273387839073,0.0007836851780260714,0.0007836851780260714,0.0,0.0,False,0.0,0.0,-0.003374273387839073
2015-06-29,-0.008365813410282412,-0.008365813410282412,-0.009722370055976096,0.0013565566456936844,0.0013565566456936844,0.0,0.0,False,0.0,0.0,-0.009722370055976096
2015-06-30,0.000979512779691841,0.000979512779691841,0.0005976247870301141,0.0003818879926617268,0.0003818879926617268,0.0,0.0,False,0.0,0.0,0.0005976247870301141
2015-07-01,0.0017053098462854943,0.0016254033766152237,0.0012448905948987733,0.0003805127817164504,0.000460419251386721,0.07990646967027065,7.990646967027066e-05,True,0.0032847422014064716,3.2847422014064714e-06,0.0012416058526973667
2015-07-02,0.00030534612365247396,0.00030534612365247396,0.0014592079574465785,-0.0011538618337941045,-0.0011538618337941045,0.0,0.0,False,0.0,0.0,0.0014592079574465785
2015-07-06,0.0008572844377341001,0.0008572844377341001,-0.0037881476068963712,0.004645432044630471,0.004645432044630471,0.0,0.0,False,0.0,0.0,-0.0037881476068963712
2015-07-07,0.003983201505945103,0.003983201505945103,0.002168039319390232,0.0018151621865548713,0.0018151621865548713,0.0,0.0,False,0.0,0.0,0.002168039319390232
2015-07-08,-0.007705154567630842,-0.007705154567630842,-0.011141637244495203,0.003436482676864361,0.003436482676864361,0.0,0.0,False,0.0,0.0,-0.011141637244495203
2015-07-09,-0.0014844502847516032,-0.0014844502847516032,0.0014860287428478758,-0.002970479027599479,-0.002970479027599479,0.0,0.0,False,0.0,0.0,0.0014860287428478758
2015-07-10,0.004286665895721152,0.004286665895721152,0.008582604742878839,-0.004295938847157687,-0.004295938847157687,0.0,0.0,False,0.0,0.0,0.008582604742878839
2015-07-13,0.004780272190874108,0.004780272190874108,0.004111330971248642,0.0006689412196254655,0.0006689412196254655,0.0,0.0,False,0.0,0.0,0.004111330971248642
2015-07-14,0.0030742053896166484,0.0030742053896166484,0.003965964825483465,-0.0008917594358668168,-0.0008917594358668168,0.0,0.0,False,0.0,0.0,0.003965964825483465
2015-07-15,0.0002879320615202746,0.0002879320615202746,-0.0003682975755311636,0.0006562296370514382,0.0006562296370514382,0.0,0.0,False,0.0,0.0,-0.0003682975755311636
2015-07-16,0.004283575171670043,0.004283575171670043,0.0057584332664344,-0.0014748580947643569,-0.0014748580947643569,0.0,0.0,False,0.0,0.0,0.0057584332664344
2015-07-17,-0.0004099893686692763,-0.0004099893686692763,3.7763458175496875e-05,-0.00044775282684477314,-0.00044775282684477314,0.0,0.0,False,0.0,0.0,3.7763458175496875e-05
2015-07-20,-0.0019093651994435197,-0.0019093651994435197,-0.001289783047423959,-0.0006195821520195608,-0.0006195821520195608,0.0,0.0,False,0.0,0.0,-0.001289783047423959
2015-07-21,-0.0013435897074159156,-0.0013435897074159156,-0.0007381317430456484,-0.0006054579643702672,-0.0006054579643702672,0.0,0.0,False,0.0,0.0,-0.0007381317430456484
2015-07-22,2.4948389115444353e-05,2.4948389115444353e-05,-0.0021550638262130303,0.0021800122153284745,0.0021800122153284745,0.0,0.0,False,0.0,0.0,-0.0021550638262130303
2015-07-23,-0.0024576452505319164,-0.0024576452505319164,-0.001711001079963471,-0.0007466441705684455,-0.0007466441705684455,0.0,0.0,False,0.0,0.0,-0.001711001079963471
2015-07-24,-0.006368737513064129,-0.006368737513064129,-0.006713677795745945,0.0003449402826818165,0.0003449402826818165,0.0,0.0,False,0.0,0.0,-0.006713677795745945
2015-07-27,-0.003106865563736607,-0.003106865563736607,-0.0040858231698571975,0.0009789576061205903,0.0009789576061205903,0.0,0.0,False,0.0,0.0,-0.0040858231698571975
2015-07-28,0.005391028932790632,0.005391028932790632,0.005890590355927521,-0.0004995614231368892,-0.0004995614231368892,0.0,0.0,False,0.0,0.0,0.005890590355927521
2015-07-29,0.002867182054041753,0.002867182054041753,0.0030716920623418123,-0.00020451000830005919,-0.00020451000830005919,0.0,0.0,False,0.0,0.0,0.0030716920623418123
2015-07-30,0.0010353551787396342,0.0010353551787396342,-0.00013385298398886674,0.001169208162728501,0.001169208162728501,0.0,0.0,False,0.0,0.0,-0.00013385298398886674
2015-07-31,0.002469362348273813,0.002469362348273813,0.004034835875016596,-0.001565473526742783,-0.001565473526742783,0.0,0.0,False,0.0,0.0,0.004034835875016596
2015-08-03,-0.0011722799402780518,-0.0012521082983314416,-0.001838562642053948,0.0005864543437225063,0.0006662827017758961,0.07982835805338988,7.982835805338988e-05,True,0.00839012581038778,8.39012581038778e-06,-0.0018469527678643357
2015-08-04,-0.003179670901308382,-0.003179670901308382,-0.002439371534596565,-0.000740299366711817,-0.000740299366711817,0.0,0.0,False,0.0,0.0,-0.002439371534596565
2015-08-05,-0.00024650966213694446,-0.00024650966213694446,0.0001825417116917045,-0.000429051373828649,-0.000429051373828649,0.0,0.0,False,0.0,0.0,0.0001825417116917045
2015-08-06,-0.004734159535087015,-0.004734159535087015,-0.003200224913898708,-0.0015339346211883076,-0.0015339346211883076,0.0,0.0,False,0.0,0.0,-0.003200224913898708
2015-08-07,-0.0008101037459247603,-0.0008101037459247603,0.0007401001853073223,-0.0015502039312320825,-0.0015502039312320825,0.0,0.0,False,0.0,0.0,0.0007401001853073223
2015-08-10,0.004709310624335602,0.004709310624335602,0.005752771771447772,-0.0010434611471121704,-0.0010434611471121704,0.0,0.0,False,0.0,0.0,0.005752771771447772
2015-08-11,-0.0027667463503083974,-0.0027667463503083974,-0.004896850508742064,0.002130104158433666,0.002130104158433666,0.0,0.0,False,0.0,0.0,-0.004896850508742064
2015-08-12,-0.0006725504077539435,-0.0006725504077539435,-0.002913935799023714,0.0022413853912697703,0.0022413853912697703,0.0,0.0,False,0.0,0.0,-0.002913935799023714
2015-08-13,-0.0025239223028379184,-0.0025239223028379184,-0.0020124835474564667,-0.0005114387553814517,-0.0005114387553814517,0.0,0.0,False,0.0,0.0,-0.0020124835474564667
2015-08-14,0.0026412007115716287,0.0026412007115716287,0.0018358807676499772,0.0008053199439216514,0.0008053199439216514,0.0,0.0,False,0.0,0.0,0.0018358807676499772
2015-08-17,0.005135873316463023,0.005135873316463023,0.0019372938848590817,0.003198579431603942,0.003198579431603942,0.0,0.0,False,0.0,0.0,0.0019372938848590817
2015-08-18,-0.004003069343527826,-0.004003069343527826,-0.004720921637211843,0.0007178522936840169,0.0007178522936840169,0.0,0.0,False,0.0,0.0,-0.004720921637211843
2015-08-19,-0.002490006933112876,-0.002490006933112876,-0.0029166525660143223,0.00042664563290144633,0.00042664563290144633,0.0,0.0,False,0.0,0.0,-0.0029166525660143223
2015-08-20,-0.011446140649163612,-0.011446140649163612,-0.011415492236860572,-3.064841230304011e-05,-3.064841230304011e-05,0.0,0.0,False,0.0,0.0,-0.011415492236860572
2015-08-21,-0.01053653811774458,-0.01053653811774458,-0.01472190765181502,0.00418536953407044,0.00418536953407044,0.0,0.0,False,0.0,0.0,-0.01472190765181502
2015-08-24,-0.02136517987208808,-0.02136517987208808,-0.023370218717647846,0.0020050388455597652,0.0020050388455597652,0.0,0.0,False,0.0,0.0,-0.023370218717647846
2015-08-25,-0.0069920790632986216,-0.0069920790632986216,-0.00413436758995105,-0.002857711473347572,-0.002857711473347572,0.0,0.0,False,0.0,0.0,-0.00413436758995105
2015-08-26,0.015250759180930502,0.015250759180930502,0.016164229622270095,-0.0009134704413395929,-0.0009134704413395929,0.0,0.0,False,0.0,0.0,0.016164229622270095
2015-08-27,0.0114275097410141,0.0114275097410141,0.014047133322979926,-0.002619623581965826,-0.002619623581965826,0.0,0.0,False,0.0,0.0,0.014047133322979926
2015-08-28,0.0028405684151862204,0.0028405684151862204,-0.0004820980078861078,0.003322666423072328,0.003322666423072328,0.0,0.0,False,0.0,0.0,-0.0004820980078861078
2015-08-31,-0.004073651939384804,-0.004073651939384804,-0.004621097331372153,0.0005474453919873494,0.0005474453919873494,0.0,0.0,False,0.0,0.0,-0.004621097331372153
2015-09-01,-0.012894986530573492,-0.012904128991753963,-0.017117997616350696,0.004213868624596733,0.0042230110857772035,0.009142461180470345,9.142461180470345e-06,True,0.016412273155330847,1.6412273155330848e-05,-0.017134409889506028
2015-09-02,0.008751944053276298,0.008751944053276298,0.008887087610111862,-0.00013514355683556453,-0.00013514355683556453,0.0,0.0,False,0.0,0.0,0.008887087610111862
2015-09-03,0.0015543090164432114,0.0015543090164432114,0.0023404869031171814,-0.00078617788667397,-0.00078617788667397,0.0,0.0,False,0.0,0.0,0.0023404869031171814
2015-09-04,-0.004863190804021607,-0.004863190804021607,-0.009807535642776975,0.004944344838755368,0.004944344838755368,0.0,0.0,False,0.0,0.0,-0.009807535642776975
2015-09-08,0.010549674772840158,0.010549674772840158,0.013583022979333318,-0.0030333482064931593,-0.0030333482064931593,0.0,0.0,False,0.0,0.0,0.013583022979333318
2015-09-09,-0.005838082426548022,-0.005838082426548022,-0.0050573307235829345,-0.0007807517029650877,-0.0007807517029650877,0.0,0.0,False,0.0,0.0,-0.0050573307235829345
2015-09-10,0.00183898006992076,0.00183898006992076,0.002744082364457139,-0.0009051022945363791,-0.0009051022945363791,0.0,0.0,False,0.0,0.0,0.002744082364457139
2015-09-11,0.002920942177566067,0.002920942177566067,0.0029038951158705437,1.7047061695523325e-05,1.7047061695523325e-05,0.0,0.0,False,0.0,0.0,0.0029038951158705437
2015-09-14,-0.0020933412355646887,-0.0020933412355646887,-0.0023623005786302543,0.0002689593430655656,0.0002689593430655656,0.0,0.0,False,0.0,0.0,-0.0023623005786302543
2015-09-15,0.002803851784478458,0.002803851784478458,0.0025541018402978665,0.0002497499441805914,0.0002497499441805914,0.0,0.0,False,0.0,0.0,0.0025541018402978665
2015-09-16,0.0045832106364457875,0.0045832106364457875,0.007789200452740829,-0.0032059898162950413,-0.0032059898162950413,0.0,0.0,False,0.0,0.0,0.007789200452740829
2015-09-17,0.0036931746101350918,0.0036931746101350918,0.0028102206106762626,0.0008829539994588292,0.0008829539994588292,0.0,0.0,False,0.0,0.0,0.0028102206106762626
2015-09-18,-0.0064337476221681174,-0.0064337476221681174,-0.009081131251973176,0.0026473836298050585,0.0026473836298050585,0.0,0.0,False,0.0,0.0,-0.009081131251973176
2015-09-21,-0.001404233458513138,-0.001404233458513138,-0.0015445822725957455,0.00014034881408260752,0.00014034881408260752,0.0,0.0,False,0.0,0.0,-0.0015445822725957455
2015-09-22,-0.0057283068707848555,-0.0057283068707848555,-0.00768589998278347,0.001957593111998615,0.001957593111998615,0.0,0.0,False,0.0,0.0,-0.00768589998278347
2015-09-23,-0.0016001390078618787,-0.0016001390078618787,-0.003214251931632342,0.0016141129237704633,0.0016141129237704633,0.0,0.0,False,0.0,0.0,-0.003214251931632342
2015-09-24,-0.0014368909492940836,-0.0014368909492940836,-0.0013107636370658844,-0.0001261273122281992,-0.0001261273122281992,0.0,0.0,False,0.0,0.0,-0.0013107636370658844
2015-09-25,-0.004737267211579821,-0.004737267211579821,-0.0011171152640350392,-0.003620151947544782,-0.003620151947544782,0.0,0.0,False,0.0,0.0,-0.0011171152640350392
2015-09-28,-0.01301572212199473,-0.01301572212199473,-0.011511816866751644,-0.001503905255243087,-0.001503905255243087,0.0,0.0,False,0.0,0.0,-0.011511816866751644
2015-09-29,-0.000564397506066067,-0.000564397506066067,0.0011434514253540278,-0.0017078489314200948,-0.0017078489314200948,0.0,0.0,False,0.0,0.0,0.0011434514253540278
2015-09-30,0.008957884504810824,0.008957884504810824,0.01160387860040504,-0.0026459940955942153,-0.0026459940955942153,0.0,0.0,False,0.0,0.0,0.01160387860040504
2015-10-01,-0.0003934290618165335,-0.00047359053916746574,0.0020516443546599317,-0.0025252348938273974,-0.002445073416476465,0.08016147735093229,8.016147735093228e-05,True,0.011672208425690497,1.1672208425690497e-05,0.002039972146234241
2015-10-02,0.009580919390245985,0.009580919390245985,0.01238907238917957,-0.0028081529989335847,-0.0028081529989335847,0.0,0.0,False,0.0,0.0,0.01238907238917957
2015-10-05,0.010260450523575618,0.010260450523575618,0.009564098068455273,0.000696352455120345,0.000696352455120345,0.0,0.0,False,0.0,0.0,0.009564098068455273
2015-10-06,-0.001644724481556164,-0.001644724481556164,-0.0004882833229888862,-0.0011564411585672778,-0.0011564411585672778,0.0,0.0,False,0.0,0.0,-0.0004882833229888862
2015-10-07,0.00838135139048795,0.00838135139048795,0.007893519746649591,0.0004878316438383587,0.0004878316438383587,0.0,0.0,False,0.0,0.0,0.007893519746649591
2015-10-08,0.0035786131428630907,0.0035786131428630907,0.004042568791858025,-0.00046395564899493445,-0.00046395564899493445,0.0,0.0,False,0.0,0.0,0.004042568791858025
2015-10-09,0.0009563279364600105,0.0009563279364600105,0.0012392635322834122,-0.0002829355958234017,-0.0002829355958234017,0.0,0.0,False,0.0,0.0,0.0012392635322834122
2015-10-12,0.0011264271767058446,0.0011264271767058446,0.0007101414586730005,0.0004162857180328441,0.0004162857180328441,0.0,0.0,False,0.0,0.0,0.0007101414586730005
2015-10-13,-0.005817375140327716,-0.005817375140327716,-0.006109841640803202,0.0002924665004754856,0.0002924665004754856,0.0,0.0,False,0.0,0.0,-0.006109841640803202
2015-10-14,-0.0022485221418717337,-0.0022485221418717337,0.001213276022347663,-0.0034617981642193966,-0.0034617981642193966,0.0,0.0,False,0.0,0.0,0.001213276022347663
2015-10-15,0.01008643676191235,0.01008643676191235,0.010017171674392651,6.926508751969873e-05,6.926508751969873e-05,0.0,0.0,False,0.0,0.0,0.010017171674392651
2015-10-16,0.0008065578753343285,0.0008065578753343285,0.0011822934123357025,-0.000375735537001374,-0.000375735537001374,0.0,0.0,False,0.0,0.0,0.0011822934123357025
2015-10-19,0.0007968219497962704,0.0007968219497962704,-0.001594149181323161,0.0023909711311194313,0.0023909711311194313,0.0,0.0,False,0.0,0.0,-0.001594149181323161
2015-10-20,-0.0016481010775841222,-0.0016481010775841222,-0.0023447607207658285,0.0006966596431817063,0.0006966596431817063,0.0,0.0,False,0.0,0.0,-0.0023447607207658285
2015-10-21,-0.004384349838729193,-0.004384349838729193,-0.0024126996164882154,-0.0019716502222409775,-0.0019716502222409775,0.0,0.0,False,0.0,0.0,-0.0024126996164882154
2015-10-22,0.006951254413949949,0.006951254413949949,0.010036543981244022,-0.0030852895672940726,-0.0030852895672940726,0.0,0.0,False,0.0,0.0,0.010036543981244022
2015-10-23,0.003799853661373902,0.003799853661373902,0.003965646011841842,-0.00016579235046794037,-0.00016579235046794037,0.0,0.0,False,0.0,0.0,0.003965646011841842
2015-10-26,-0.0018751418194586909,-0.0018751418194586909,-0.0015620929061380142,-0.0003130489133206767,-0.0003130489133206767,0.0,0.0,False,0.0,0.0,-0.0015620929061380142
2015-10-27,-0.003590616745686455,-0.003590616745686455,-0.0030465402991508303,-0.0005440764465356246,-0.0005440764465356246,0.0,0.0,False,0.0,0.0,-0.0030465402991508303
2015-10-28,0.009821679078924722,0.009821679078924722,0.003013082070806853,0.00680859700811787,0.00680859700811787,0.0,0.0,False,0.0,0.0,0.003013082070806853
2015-10-29,-0.00635371836325512,-0.00635371836325512,-0.005740631310675042,-0.0006130870525800783,-0.0006130870525800783,0.0,0.0,False,0.0,0.0,-0.005740631310675042
2015-10-30,-0.001328864430065823,-0.001328864430065823,-0.00062864652353535,-0.0007002179065304729,-0.0007002179065304729,0.0,0.0,False,0.0,0.0,-0.00062864652353535
2015-11-02,0.006998966825701723,0.006918859920105147,0.006542746194813515,0.0003761137252916323,0.00045622063088820823,0.08010690559657584,8.010690559657585e-05,True,0.017451874726124077,1.7451874726124077e-05,0.006525294320087391
2015-11-03,0.0015871377776225356,0.0015871377776225356,0.0015141739103180776,7.296386730445796e-05,7.296386730445796e-05,0.0,0.0,False,0.0,0.0,0.0015141739103180776
2015-11-04,-0.0013379682707033152,-0.0013379682707033152,-0.002908621395646554,0.0015706531249432387,0.0015706531249432387,0.0,0.0,False,0.0,0.0,-0.002908621395646554
2015-11-05,-0.00010647775287114756,-0.00010647775287114756,-0.0005818495100611688,0.0004753717571900212,0.0004753717571900212,0.0,0.0,False,0.0,0.0,-0.0005818495100611688
2015-11-06,-0.0011560149748633501,-0.0011560149748633501,-0.004932569562917068,0.0037765545880537182,0.0037765545880537182,0.0,0.0,False,0.0,0.0,-0.004932569562917068
2015-11-09,-0.00640895265064527,-0.00640895265064527,-0.008363889134200332,0.0019549364835550623,0.0019549364835550623,0.0,0.0,False,0.0,0.0,-0.008363889134200332
2015-11-10,0.002431262584155881,0.002431262584155881,0.0012184732534640274,0.0012127893306918534,0.0012127893306918534,0.0,0.0,False,0.0,0.0,0.0012184732534640274
2015-11-11,-0.0036398349255497924,-0.0036398349255497924,-0.0008831083148784012,-0.002756726610671391,-0.002756726610671391,0.0,0.0,False,0.0,0.0,-0.0008831083148784012
2015-11-12,-0.008757854725207865,-0.008757854725207865,-0.007813578198915884,-0.0009442765262919813,-0.0009442765262919813,0.0,0.0,False,0.0,0.0,-0.007813578198915884
2015-11-13,-0.0029360605336193734,-0.0029360605336193734,-0.004866324937603381,0.0019302644039840078,0.0019302644039840078,0.0,0.0,False,0.0,0.0,-0.004866324937603381
2015-11-16,0.006148059542312944,0.006148059542312944,0.009005185456382816,-0.002857125914069872,-0.002857125914069872,0.0,0.0,False,0.0,0.0,0.009005185456382816
2015-11-17,-0.0011074378211214154,-0.0011074378211214154,-0.00012201190397067685,-0.0009854259171507384,-0.0009854259171507384,0.0,0.0,False,0.0,0.0,-0.00012201190397067685
2015-11-18,0.008370971435027776,0.008370971435027776,0.008102265754291245,0.00026870568073653067,0.00026870568073653067,0.0,0.0,False,0.0,0.0,0.008102265754291245
2015-11-19,-0.0002915228929090683,-0.0002915228929090683,0.0023843802370106157,-0.002675903129919684,-0.002675903129919684,0.0,0.0,False,0.0,0.0,0.0023843802370106157
2015-11-20,0.0023549143464272554,0.0023549143464272554,0.0016460958924997926,0.0007088184539274628,0.0007088184539274628,0.0,0.0,False,0.0,0.0,0.0016460958924997926
2015-11-23,0.0016390847344362439,0.0016390847344362439,-0.0015097726432314628,0.0031488573776677067,0.0031488573776677067,0.0,0.0,False,0.0,0.0,-0.0015097726432314628
2015-11-24,0.002812746422070911,0.002812746422070911,0.0015549617442425841,0.0012577846778283267,0.0012577846778283267,0.0,0.0,False,0.0,0.0,0.0015549617442425841
2015-11-25,0.0026986195743726508,0.0026986195743726508,0.00029373334359161644,0.002404886230781034,0.002404886230781034,0.0,0.0,False,0.0,0.0,0.00029373334359161644
2015-11-27,0.001732487228682952,0.001732487228682952,-0.0014051340032270735,0.003137621231910025,0.003137621231910025,0.0,0.0,False,0.0,0.0,-0.0014051340032270735
2015-11-30,-0.002018715701485291,-0.002018715701485291,-0.0011259907081871826,-0.0008927249932981086,-0.0008927249932981086,0.0,0.0,False,0.0,0.0,-0.0011259907081871826
2015-12-01,0.007355331074997395,0.007275444851817399,0.008406889211592295,-0.0011314443597748962,-0.0010515581365948996,0.07988622317999648,7.988622317999648e-05,True,0.0037276962867815663,3.7276962867815664e-06,0.008403161515305513
2015-12-02,-0.006606476822609692,-0.006606476822609692,-0.007296314649344754,0.0006898378267350619,0.0006898378267350619,0.0,0.0,False,0.0,0.0,-0.007296314649344754
2015-12-03,-0.013529130399248631,-0.013529130399248631,-0.011786097987117945,-0.0017430324121306857,-0.0017430324121306857,0.0,0.0,False,0.0,0.0,-0.011786097987117945
2015-12-04,0.009989237017873564,0.009989237017873564,0.010230366314291325,-0.0002411292964177615,-0.0002411292964177615,0.0,0.0,False,0.0,0.0,0.010230366314291325
2015-12-07,-0.003954253774027899,-0.003954253774027899,-0.0038010165623538553,-0.0001532372116740434,-0.0001532372116740434,0.0,0.0,False,0.0,0.0,-0.0038010165623538553
2015-12-08,-0.003411044773942928,-0.003411044773942928,-0.005652649263261403,0.002241604489318475,0.002241604489318475,0.0,0.0,False,0.0,0.0,-0.005652649263261403
2015-12-09,-0.004339122005453137,-0.004339122005453137,-0.004151343961847382,-0.00018777804360575485,-0.00018777804360575485,0.0,0.0,False,0.0,0.0,-0.004151343961847382
2015-12-10,0.00033020490445990526,0.00033020490445990526,-0.00042445563172385553,0.0007546605361837608,0.0007546605361837608,0.0,0.0,False,0.0,0.0,-0.00042445563172385553
2015-12-11,-0.008174079756172764,-0.008174079756172764,-0.009768776722772727,0.0015946969665999629,0.0015946969665999629,0.0,0.0,False,0.0,0.0,-0.009768776722772727
2015-12-14,-0.003838867496960032,-0.003838867496960032,-0.0004068467531753878,-0.003432020743784644,-0.003432020743784644,0.0,0.0,False,0.0,0.0,-0.0004068467531753878
2015-12-15,0.0056002411570891,0.0056002411570891,0.005228696726192279,0.0003715444308968214,0.0003715444308968214,0.0,0.0,False,0.0,0.0,0.005228696726192279
2015-12-16,0.006861860695918812,0.006861860695918812,0.009358001319437816,-0.0024961406235190038,-0.0024961406235190038,0.0,0.0,False,0.0,0.0,0.009358001319437816
2015-12-17,-0.0055154971662752,-0.0055154971662752,-0.0067206117454354,0.0012051145791602,0.0012051145791602,0.0,0.0,False,0.0,0.0,-0.0067206117454354
2015-12-18,-0.007555978202632791,-0.007555978202632791,-0.006952009998768476,-0.000603968203864315,-0.000603968203864315,0.0,0.0,False,0.0,0.0,-0.006952009998768476
2015-12-21,0.0042231300359376195,0.0042231300359376195,0.0044486570467710315,-0.00022552701083341196,-0.00022552701083341196,0.0,0.0,False,0.0,0.0,0.0044486570467710315
2015-12-22,0.00363359907064144,0.00363359907064144,0.003902857733429081,-0.0002692586627876408,-0.0002692586627876408,0.0,0.0,False,0.0,0.0,0.003902857733429081
2015-12-23,0.005982538005958101,0.005982538005958101,0.007479326568590412,-0.0014967885626323112,-0.0014967885626323112,0.0,0.0,False,0.0,0.0,0.007479326568590412
2015-12-24,0.0011918226710056377,0.0011918226710056377,0.00012916711468712933,0.0010626555563185084,0.0010626555563185084,0.0,0.0,False,0.0,0.0,0.00012916711468712933
2015-12-28,-0.0019649702784882376,-0.0019649702784882376,-0.0019511556682941448,-1.381461019409275e-05,-1.381461019409275e-05,0.0,0.0,False,0.0,0.0,-0.0019511556682941448
2015-12-29,0.0029172875782011963,0.0029172875782011963,0.0026105708565437175,0.00030671672165747885,0.00030671672165747885,0.0,0.0,False,0.0,0.0,0.0026105708565437175
2015-12-30,-0.004170419634945716,-0.004170419634945716,-0.005048975946964562,0.0008785563120188465,0.0008785563120188465,0.0,0.0,False,0.0,0.0,-0.005048975946964562
2015-12-31,-0.004925816068040308,-0.004925816068040308,-0.0052411658982035175,0.00031534983016320937,0.00031534983016320937,0.0,0.0,False,0.0,0.0,-0.0052411658982035175
2016-01-04,-0.008218392139717388,-0.008227587509431132,-0.009251448593565541,0.0010238610841344087,0.0010330564538481527,0.009195369713743547,9.195369713743547e-06,True,0.004606242365478748,4.6062423654787476e-06,-0.00925605483593102
2016-01-05,0.0010065894401398935,0.0010065894401398935,0.0004173055091517974,0.0005892839309880961,0.0005892839309880961,0.0,0.0,False,0.0,0.0,0.0004173055091517974
2016-01-06,-0.004476115862106847,-0.004476115862106847,-0.006350235844167792,0.0018741199820609452,0.0018741199820609452,0.0,0.0,False,0.0,0.0,-0.006350235844167792
2016-01-07,-0.011844617397582134,-0.011844617397582134,-0.013836279214302827,0.0019916618167206933,0.0019916618167206933,0.0,0.0,False,0.0,0.0,-0.013836279214302827
2016-01-08,-0.005897724887898796,-0.005897724887898796,-0.005961697885748452,6.397299784965602e-05,6.397299784965602e-05,0.0,0.0,False,0.0,0.0,-0.005961697885748452
2016-01-11,-0.0022492603120708166,-0.0022492603120708166,-0.0010919295028571194,-0.0011573308092136972,-0.0011573308092136972,0.0,0.0,False,0.0,0.0,-0.0010919295028571194
2016-01-12,0.004629480634151461,0.004629480634151461,0.005444029188112846,-0.0008145485539613846,-0.0008145485539613846,0.0,0.0,False,0.0,0.0,0.005444029188112846
2016-01-13,-0.011938123201073788,-0.011938123201073788,-0.010296598811218268,-0.0016415243898555195,-0.0016415243898555195,0.0,0.0,False,0.0,0.0,-0.010296598811218268
2016-01-14,0.005609913298756921,0.005609913298756921,0.006768836325142691,-0.0011589230263857695,-0.0011589230263857695,0.0,0.0,False,0.0,0.0,0.006768836325142691
2016-01-15,-0.008583104714642326,-0.008583104714642326,-0.014506104599892482,0.005922999885250156,0.005922999885250156,0.0,0.0,False,0.0,0.0,-0.014506104599892482
2016-01-19,-0.0038239568153989774,-0.0038239568153989774,0.0012888930173122616,-0.005112849832711239,-0.005112849832711239,0.0,0.0,False,0.0,0.0,0.0012888930173122616
2016-01-20,-0.001089867331754334,-0.001089867331754334,-0.0069890136708825904,0.005899146339128256,0.005899146339128256,0.0,0.0,False,0.0,0.0,-0.0069890136708825904
2016-01-21,-0.00031399248321166455,-0.00031399248321166455,0.0015465910392724591,-0.0018605835224841237,-0.0018605835224841237,0.0,0.0,False,0.0,0.0,0.0015465910392724591
2016-01-22,0.010253411583780209,0.010253411583780209,0.013865831371378853,-0.0036124197875986447,-0.0036124197875986447,0.0,0.0,False,0.0,0.0,0.013865831371378853
2016-01-25,-0.008186966348323187,-0.008186966348323187,-0.008164764283562208,-2.220206476097851e-05,-2.220206476097851e-05,0.0,0.0,False,0.0,0.0,-0.008164764283562208
2016-01-26,0.00877397261998606,0.00877397261998606,0.009439704736579995,-0.0006657321165939346,-0.0006657321165939346,0.0,0.0,False,0.0,0.0,0.009439704736579995
2016-01-27,-0.006339200168875802,-0.006339200168875802,-0.005336917049314079,-0.001002283119561723,-0.001002283119561723,0.0,0.0,False,0.0,0.0,-0.005336917049314079
2016-01-28,0.002039503098592164,0.002039503098592164,0.003950259298170377,-0.0019107561995782125,-0.0019107561995782125,0.0,0.0,False,0.0,0.0,0.003950259298170377
2016-01-29,0.016193751241853193,0.016193751241853193,0.016635440508470108,-0.00044168926661691463,-0.00044168926661691463,0.0,0.0,False,0.0,0.0,0.016635440508470108
2016-02-01,-0.0021469035219767755,-0.0022275240610979325,-0.0025397237175315114,0.0003121996564335789,0.0003928201955547359,0.08062053912115702,8.062053912115702e-05,True,0.019236726332433708,1.9236726332433706e-05,-0.002558960443863945
2016-02-02,-0.007472030027233607,-0.007472030027233607,-0.010583252438147648,0.003111222410914041,0.003111222410914041,0.0,0.0,False,0.0,0.0,-0.010583252438147648
2016-02-03,0.001504520211244642,0.001504520211244642,0.004812945998498951,-0.003308425787254309,-0.003308425787254309,0.0,0.0,False,0.0,0.0,0.004812945998498951
2016-02-04,0.00187394192878186,0.00187394192878186,0.0024028559641548486,-0.0005289140353729885,-0.0005289140353729885,0.0,0.0,False,0.0,0.0,0.0024028559641548486
2016-02-05,-0.010524981223345138,-0.010524981223345138,-0.010179835250682627,-0.0003451459726625111,-0.0003451459726625111,0.0,0.0,False,0.0,0.0,-0.010179835250682627
2016-02-08,-0.00399701021800189,-0.00399701021800189,-0.005459615619963987,0.0014626054019620978,0.0014626054019620978,0.0,0.0,False,0.0,0.0,-0.005459615619963987
2016-02-09,-0.001789778278393371,-0.001789778278393371,-0.003794257902723212,0.002004479624329841,0.002004479624329841,0.0,0.0,False,0.0,0.0,-0.003794257902723212
2016-02-10,0.0008765331803200747,0.0008765331803200747,0.0012859481369586567,-0.000409414956638582,-0.000409414956638582,0.0,0.0,False,0.0,0.0,0.0012859481369586567
2016-02-11,-0.00410036847870444,-0.00410036847870444,-0.006241305112844769,0.002140936634140329,0.002140936634140329,0.0,0.0,False,0.0,0.0,-0.006241305112844769
2016-02-12,0.006421294699557479,0.006421294699557479,0.007736154421972694,-0.0013148597224152151,-0.0013148597224152151,0.0,0.0,False,0.0,0.0,0.007736154421972694
2016-02-16,0.0074969395544477214,0.0074969395544477214,0.00932791938095937,-0.001830979826511649,-0.001830979826511649,0.0,0.0,False,0.0,0.0,0.00932791938095937
2016-02-17,0.007391524159153222,0.007391524159153222,0.009244590210210717,-0.0018530660510574955,-0.0018530660510574955,0.0,0.0,False,0.0,0.0,0.009244590210210717
2016-02-18,0.000876870768658225,0.000876870768658225,-2.8110885489511387e-05,0.0009049816541477364,0.0009049816541477364,0.0,0.0,False,0.0,0.0,-2.8110885489511387e-05
2016-02-19,0.00039876188872670635,0.00039876188872670635,-0.0005814286208816407,0.000980190509608347,0.000980190509608347,0.0,0.0,False,0.0,0.0,-0.0005814286208816407
2016-02-22,0.00696682454021838,0.00696682454021838,0.009069536497552044,-0.002102711957333664,-0.002102711957333664,0.0,0.0,False,0.0,0.0,0.009069536497552044
2016-02-23,-0.00495383246009027,-0.00495383246009027,-0.007878077310200416,0.0029242448501101467,0.0029242448501101467,0.0,0.0,False,0.0,0.0,-0.007878077310200416
2016-02-24,0.003184984066761441,0.003184984066761441,0.0011380126730462662,0.002046971393715175,0.002046971393715175,0.0,0.0,False,0.0,0.0,0.0011380126730462662
2016-02-25,0.007745577973629635,0.007745577973629635,0.007787469300341859,-4.1891326712223745e-05,-4.1891326712223745e-05,0.0,0.0,False,0.0,0.0,0.007787469300341859
2016-02-26,-0.00128606668797334,-0.00128606668797334,-0.003268035112586302,0.001981968424612962,0.001981968424612962,0.0,0.0,False,0.0,0.0,-0.003268035112586302
2016-02-29,-0.002870289907076189,-0.002870289907076189,-0.0019436666571052618,-0.0009266232499709273,-0.0009266232499709273,0.0,0.0,False,0.0,0.0,-0.0019436666571052618
2016-03-01,0.008774359506185915,0.008692586048451825,0.012344250259903728,-0.0036516642114519035,-0.003569890753717813,0.0817734577340906,8.17734577340906e-05,True,0.006127643319763149,6.1276433197631484e-06,0.012338122616583964
2016-03-02,0.002940509670355082,0.002940509670355082,0.00445769360952275,-0.0015171839391676682,-0.0015171839391676682,0.0,0.0,False,0.0,0.0,0.00445769360952275
2016-03-03,0.0043817548178934984,0.0043817548178934984,0.005476139437514998,-0.0010943846196214994,-0.0010943846196214994,0.0,0.0,False,0.0,0.0,0.005476139437514998
2016-03-04,0.0013048688375570966,0.0013048688375570966,0.003460606441938974,-0.0021557376043818775,-0.0021557376043818775,0.0,0.0,False,0.0,0.0,0.003460606441938974
2016-03-07,0.0006776737358345746,0.0006776737358345746,0.00020770400795961465,0.00046996972787496,0.00046996972787496,0.0,0.0,False,0.0,0.0,0.00020770400795961465
2016-03-08,-0.003901563491729634,-0.003901563491729634,-0.005435387370319656,0.001533823878590022,0.001533823878590022,0.0,0.0,False,0.0,0.0,-0.005435387370319656
2016-03-09,0.0011777857572462399,0.0011777857572462399,0.0017417545775635082,-0.0005639688203172683,-0.0005639688203172683,0.0,0.0,False,0.0,0.0,0.0017417545775635082
2016-03-10,-0.00047677063683081546,-0.00047677063683081546,-0.0005314462939169419,5.467565708612641e-05,5.467565708612641e-05,0.0,0.0,False,0.0,0.0,-0.0005314462939169419
2016-03-11,0.009558781056658142,0.009558781056658142,0.011542548531421924,-0.0019837674747637812,-0.0019837674747637812,0.0,0.0,False,0.0,0.0,0.011542548531421924
2016-03-14,-1.2537041456931358e-05,-1.2537041456931358e-05,-0.0007661688254928298,0.0007536317840358984,0.0007536317840358984,0.0,0.0,False,0.0,0.0,-0.0007661688254928298
2016-03-15,-0.0027132349768583188,-0.0027132349768583188,-0.004291178077545992,0.001577943100687673,0.001577943100687673,0.0,0.0,False,0.0,0.0,-0.004291178077545992
2016-03-16,0.005807033693483215,0.005807033693483215,0.007420151987253936,-0.0016131182937707215,-0.0016131182937707215,0.0,0.0,False,0.0,0.0,0.007420151987253936
2016-03-17,0.005039493742562352,0.005039493742562352,0.007072094949270131,-0.0020326012067077796,-0.0020326012067077796,0.0,0.0,False,0.0,0.0,0.007072094949270131
2016-03-18,0.0028471848351860995,0.0028471848351860995,0.0027200488718658314,0.00012713596332026818,0.00012713596332026818,0.0,0.0,False,0.0,0.0,0.0027200488718658314
2016-03-21,-0.0007994633058014888,-0.0007994633058014888,-0.0007829035779113632,-1.6559727890125536e-05,-1.6559727890125536e-05,0.0,0.0,False,0.0,0.0,-0.0007829035779113632
2016-03-22,-0.0013920679474353844,-0.0013920679474353844,-0.001429174878958875,3.710693152349058e-05,3.710693152349058e-05,0.0,0.0,False,0.0,0.0,-0.001429174878958875
2016-03-23,-0.002373905796183404,-0.002373905796183404,-0.004204362937370393,0.001830457141186989,0.001830457141186989,0.0,0.0,False,0.0,0.0,-0.004204362937370393
2016-03-24,-0.0009159081062916394,-0.0009159081062916394,-0.001497277088442167,0.0005813689821505275,0.0005813689821505275,0.0,0.0,False,0.0,0.0,-0.001497277088442167
2016-03-28,0.0013608200545253309,0.0013608200545253309,0.0019370962367768851,-0.0005762761822515543,-0.0005762761822515543,0.0,0.0,False,0.0,0.0,0.0019370962367768851
2016-03-29,0.009026133397446467,0.009026133397446467,0.009770351498627601,-0.0007442181011811343,-0.0007442181011811343,0.0,0.0,False,0.0,0.0,0.009770351498627601
2016-03-30,0.0016586126260532178,0.0016586126260532178,0.002648931431174864,-0.000990318805121646,-0.000990318805121646,0.0,0.0,False,0.0,0.0,0.002648931431174864
2016-03-31,0.00022116219079511043,0.00022116219079511043,-0.0005981664062936103,0.0008193285970887207,0.0008193285970887207,0.0,0.0,False,0.0,0.0,-0.0005981664062936103
2016-04-01,0.0020871668799872438,0.00200710805290785,0.0009281267791032275,0.0010789812738046225,0.0011590401008840163,0.08005882707939388,8.005882707939388e-05,True,0.014884680730180778,1.4884680730180776e-05,0.0009132420983730468
2016-04-04,-0.001487156518022186,-0.001487156518022186,-0.0026284563174132636,0.0011412997993910776,0.0011412997993910776,0.0,0.0,False,0.0,0.0,-0.0026284563174132636
2016-04-05,-0.00423054504265569,-0.00423054504265569,-0.00659478996455015,0.00236424492189446,0.00236424492189446,0.0,0.0,False,0.0,0.0,-0.00659478996455015
2016-04-06,0.005161551576231513,0.005161551576231513,0.006463748177071109,-0.0013021966008395953,-0.0013021966008395953,0.0,0.0,False,0.0,0.0,0.006463748177071109
2016-04-07,-0.004279515994203969,-0.004279515994203969,-0.006337359798839766,0.0020578438046357965,0.0020578438046357965,0.0,0.0,False,0.0,0.0,-0.006337359798839766
2016-04-08,0.0020555519053830724,0.0020555519053830724,0.004507379638210949,-0.0024518277328278767,-0.0024518277328278767,0.0,0.0,False,0.0,0.0,0.004507379638210949
2016-04-11,-0.0010503929794121664,-0.0010503929794121664,0.00036685167994467507,-0.0014172446593568415,-0.0014172446593568415,0.0,0.0,False,0.0,0.0,0.00036685167994467507
2016-04-12,0.0033635470453940485,0.0033635470453940485,0.0052999491129781485,-0.0019364020675841,-0.0019364020675841,0.0,0.0,False,0.0,0.0,0.0052999491129781485
2016-04-13,0.007222325889888589,0.007222325889888589,0.00909979308206845,-0.0018774671921798604,-0.0018774671921798604,0.0,0.0,False,0.0,0.0,0.00909979308206845
2016-04-14,-0.0006522422323629516,-0.0006522422323629516,-0.0008519754522005244,0.00019973321983757274,0.00019973321983757274,0.0,0.0,False,0.0,0.0,-0.0008519754522005244
2016-04-15,0.0012126436867071141,0.0012126436867071141,0.000522094386416196,0.0006905493002909182,0.0006905493002909182,0.0,0.0,False,0.0,0.0,0.000522094386416196
2016-04-18,0.0036121442552205086,0.0036121442552205086,0.00399803112054544,-0.0003858868653249313,-0.0003858868653249313,0.0,0.0,False,0.0,0.0,0.00399803112054544
2016-04-19,0.002535278941998746,0.002535278941998746,0.004949688569083315,-0.002414409627084569,-0.002414409627084569,0.0,0.0,False,0.0,0.0,0.004949688569083315
2016-04-20,-0.0015891286238379143,-0.0015891286238379143,-0.0019161479019534475,0.0003270192781155332,0.0003270192781155332,0.0,0.0,False,0.0,0.0,-0.0019161479019534475
2016-04-21,-0.0034224006186972015,-0.0034224006186972015,-0.004479429120799937,0.0010570285021027355,0.0010570285021027355,0.0,0.0,False,0.0,0.0,-0.004479429120799937
2016-04-22,0.0005247166675852293,0.0005247166675852293,-0.00020535334849976293,0.0007300700160849923,0.0007300700160849923,0.0,0.0,False,0.0,0.0,-0.00020535334849976293
2016-04-25,-0.0022953307610609286,-0.0022953307610609286,-0.003056710787249002,0.0007613800261880733,0.0007613800261880733,0.0,0.0,False,0.0,0.0,-0.003056710787249002
2016-04-26,0.0007682177555298666,0.0007682177555298666,0.0018634803936569445,-0.001095262638127078,-0.001095262638127078,0.0,0.0,False,0.0,0.0,0.0018634803936569445
2016-04-27,0.0038208699147845725,0.0038208699147845725,0.004017620193090802,-0.00019675027830622993,-0.00019675027830622993,0.0,0.0,False,0.0,0.0,0.004017620193090802
2016-04-28,-0.00398916010838946,-0.00398916010838946,-0.005423694945867321,0.0014345348374778608,0.0014345348374778608,0.0,0.0,False,0.0,0.0,-0.005423694945867321
2016-04-29,-0.0028605495915375733,-0.0028605495915375733,-0.002940770267733745,8.022067619617174e-05,8.022067619617174e-05,0.0,0.0,False,0.0,0.0,-0.002940770267733745
2016-05-02,0.00308972746829966,0.0030095681727860773,0.0027014410571219393,0.00030812711566413804,0.0003882864111777206,0.08015929551358272,8.015929551358272e-05,True,0.003877987232148314,3.877987232148314e-06,0.002697563069889791
2016-05-03,-0.003399739530821465,-0.003399739530821465,-0.006681818855028642,0.0032820793242071765,0.0032820793242071765,0.0,0.0,False,0.0,0.0,-0.006681818855028642
2016-05-04,-0.0033751139464637077,-0.0033751139464637077,-0.005002079858297707,0.0016269659118339991,0.0016269659118339991,0.0,0.0,False,0.0,0.0,-0.005002079858297707
2016-05-05,0.0008384832800041635,0.0008384832800041635,0.0005976611883572795,0.000240822091646884,0.000240822091646884,0.0,0.0,False,0.0,0.0,0.0005976611883572795
2016-05-06,0.0005869820056467914,0.0005869820056467914,0.0009280907041012998,-0.00034110869845450844,-0.00034110869845450844,0.0,0.0,False,0.0,0.0,0.0009280907041012998
2016-05-09,0.0005008556446645944,0.0005008556446645944,-0.0007545350928889112,0.0012553907375535056,0.0012553907375535056,0.0,0.0,False,0.0,0.0,-0.0007545350928889112
2016-05-10,0.006760611396102882,0.006760611396102882,0.0084146587350568,-0.0016540473389539184,-0.0016540473389539184,0.0,0.0,False,0.0,0.0,0.0084146587350568
2016-05-11,-0.003972437501246666,-0.003972437501246666,-0.004210261517419996,0.00023782401617332936,0.00023782401617332936,0.0,0.0,False,0.0,0.0,-0.004210261517419996
2016-05-12,-0.0012101563856217904,-0.0012101563856217904,-0.0015855199877595806,0.00037536360213779024,0.00037536360213779024,0.0,0.0,False,0.0,0.0,-0.0015855199877595806
2016-05-13,-0.003066812384262339,-0.003066812384262339,-0.0046669310160469225,0.0016001186317845836,0.0016001186317845836,0.0,0.0,False,0.0,0.0,-0.0046669310160469225
2016-05-16,0.003560771334446136,0.003560771334446136,0.00481449919617121,-0.0012537278617250742,-0.0012537278617250742,0.0,0.0,False,0.0,0.0,0.00481449919617121
2016-05-17,-0.004966512420018782,-0.004966512420018782,-0.005370813756639009,0.0004043013366202266,0.0004043013366202266,0.0,0.0,False,0.0,0.0,-0.005370813756639009
2016-05-18,-0.003876716864175882,-0.003876716864175882,-0.0042035821454692425,0.00032686528129336053,0.00032686528129336053,0.0,0.0,False,0.0,0.0,-0.0042035821454692425
2016-05-19,-0.0016660877305958823,-0.0016660877305958823,-0.002620775111135641,0.0009546873805397588,0.0009546873805397588,0.0,0.0,False,0.0,0.0,-0.002620775111135641
2016-05-20,0.0038494662167717717,0.0038494662167717717,0.005183861100375568,-0.001334394883603796,-0.001334394883603796,0.0,0.0,False,0.0,0.0,0.005183861100375568
2016-05-23,-0.0007724557501755662,-0.0007724557501755662,-0.0008986188631061865,0.00012616311293062025,0.00012616311293062025,0.0,0.0,False,0.0,0.0,-0.0008986188631061865
2016-05-24,0.006034825997302817,0.006034825997302817,0.007266448087742645,-0.0012316220904398274,-0.0012316220904398274,0.0,0.0,False,0.0,0.0,0.007266448087742645
2016-05-25,0.004142525912966846,0.004142525912966846,0.005056722705711029,-0.0009141967927441827,-0.0009141967927441827,0.0,0.0,False,0.0,0.0,0.005056722705711029
2016-05-26,0.002005421746542987,0.002005421746542987,0.002386399712079077,-0.0003809779655360901,-0.0003809779655360901,0.0,0.0,False,0.0,0.0,0.002386399712079077
2016-05-27,0.0006097969412231662,0.0006097969412231662,0.001058039462649323,-0.00044824252142615676,-0.00044824252142615676,0.0,0.0,False,0.0,0.0,0.001058039462649323
2016-05-31,-0.000762985104763662,-0.000762985104763662,-0.0003860371503077247,-0.00037694795445593733,-0.00037694795445593733,0.0,0.0,False,0.0,0.0,-0.0003860371503077247
2016-06-01,0.0005641085836779526,0.0005569113662299514,0.001006096345321117,-0.0004491849790911655,-0.00044198776164316436,0.007197217448001151,7.19721744800115e-06,True,0.005880415405235508,5.8804154052355085e-06,0.0010002159299158813
2016-06-02,0.0024518245138037656,0.0024518245138037656,0.00339868393498437,-0.0009468594211806043,-0.0009468594211806043,0.0,0.0,False,0.0,0.0,0.00339868393498437
2016-06-03,0.0043831695859863,0.0043831695859863,0.005079862070326227,-0.0006966924843399263,-0.0006966924843399263,0.0,0.0,False,0.0,0.0,0.005079862070326227
2016-06-06,0.0014247050746522213,0.0014247050746522213,0.002706557042171447,-0.0012818519675192256,-0.0012818519675192256,0.0,0.0,False,0.0,0.0,0.002706557042171447
2016-06-07,0.002435419424485226,0.002435419424485226,0.0032626498701433895,-0.0008272304456581636,-0.0008272304456581636,0.0,0.0,False,0.0,0.0,0.0032626498701433895
2016-06-08,0.0023580405644335754,0.0023580405644335754,0.0033896088019957603,-0.0010315682375621848,-0.0010315682375621848,0.0,0.0,False,0.0,0.0,0.0033896088019957603
2016-06-09,-0.0017171620206747535,-0.0017171620206747535,-0.0029174409759119826,0.001200278955237229,0.001200278955237229,0.0,0.0,False,0.0,0.0,-0.0029174409759119826
2016-06-10,-0.006549159416115096,-0.006549159416115096,-0.009302165069577895,0.002753005653462799,0.002753005653462799,0.0,0.0,False,0.0,0.0,-0.009302165069577895
2016-06-13,-0.004471438281753095,-0.004471438281753095,-0.005970668282716922,0.001499230000963827,0.001499230000963827,0.0,0.0,False,0.0,0.0,-0.005970668282716922
2016-06-14,-0.003536344465403037,-0.003536344465403037,-0.0038056869630979217,0.00026934249769488454,0.00026934249769488454,0.0,0.0,False,0.0,0.0,-0.0038056869630979217
2016-06-15,0.0021638090660269396,0.0021638090660269396,0.0030252740202528377,-0.0008614649542258981,-0.0008614649542258981,0.0,0.0,False,0.0,0.0,0.0030252740202528377
2016-06-16,0.0019460757762370276,0.0019460757762370276,0.001528267193748567,0.00041780858248846066,0.00041780858248846066,0.0,0.0,False,0.0,0.0,0.001528267193748567
2016-06-17,-0.0014374788893708323,-0.0014374788893708323,-0.0011104993061542593,-0.00032697958321657294,-0.00032697958321657294,0.0,0.0,False,0.0,0.0,-0.0011104993061542593
2016-06-20,0.004350345361623815,0.004350345361623815,0.006204522054773261,-0.0018541766931494457,-0.0018541766931494457,0.0,0.0,False,0.0,0.0,0.006204522054773261
2016-06-21,0.0013465667087522559,0.0013465667087522559,0.0018990603608040567,-0.0005524936520518008,-0.0005524936520518008,0.0,0.0,False,0.0,0.0,0.0018990603608040567
2016-06-22,0.00029969622001986177,0.00029969622001986177,0.00024721915868982465,5.2477061330037124e-05,5.2477061330037124e-05,0.0,0.0,False,0.0,0.0,0.00024721915868982465
2016-06-23,0.007090240293579248,0.007090240293579248,0.009694706966309762,-0.0026044666727305142,-0.0026044666727305142,0.0,0.0,False,0.0,0.0,0.009694706966309762
2016-06-24,-0.020922723517456953,-0.020922723517456953,-0.027072507617327535,0.0061497840998705824,0.0061497840998705824,0.0,0.0,False,0.0,0.0,-0.027072507617327535
2016-06-27,-0.005328154086903586,-0.005328154086903586,-0.007162508455036052,0.0018343543681324662,0.0018343543681324662,0.0,0.0,False,0.0,0.0,-0.007162508455036052
2016-06-28,0.010791764931574313,0.010791764931574313,0.013554336300290633,-0.0027625713687163198,-0.0027625713687163198,0.0,0.0,False,0.0,0.0,0.013554336300290633
2016-06-29,0.007104211569535744,0.007104211569535744,0.009943861830041738,-0.0028396502605059944,-0.0028396502605059944,0.0,0.0,False,0.0,0.0,0.009943861830041738
2016-06-30,0.008283552916680459,0.008283552916680459,0.00928076675003339,-0.000997213833352932,-0.000997213833352932,0.0,0.0,False,0.0,0.0,0.00928076675003339
2016-07-01,0.002675637430125599,0.0025967817727126125,0.0037768114684519354,-0.001180029695739323,-0.0011011740383263364,0.07885565741298642,7.885565741298641e-05,True,0.01054751572140128,1.054751572140128e-05,0.003766263952730534
2016-07-05,-0.002876665392116516,-0.002876665392116516,-0.005687243416924124,0.0028105780248076084,0.0028105780248076084,0.0,0.0,False,0.0,0.0,-0.005687243416924124
2016-07-06,0.0027985775136272436,0.0027985775136272436,0.002010303614532062,0.0007882738990951815,0.0007882738990951815,0.0,0.0,False,0.0,0.0,0.002010303614532062
2016-07-07,-0.0008263121558765808,-0.0008263121558765808,-0.0011792353065120731,0.00035292315063549236,0.00035292315063549236,0.0,0.0,False,0.0,0.0,-0.0011792353065120731
2016-07-08,0.009697890537690705,0.009697890537690705,0.011613156723554462,-0.0019152661858637572,-0.0019152661858637572,0.0,0.0,False,0.0,0.0,0.011613156723554462
2016-07-11,0.0011472821868253812,0.0011472821868253812,0.002861203047103059,-0.0017139208602776777,-0.0017139208602776777,0.0,0.0,False,0.0,0.0,0.002861203047103059
2016-07-12,0.0018811798621704038,0.0018811798621704038,0.0034431443562640317,-0.0015619644940936279,-0.0015619644940936279,0.0,0.0,False,0.0,0.0,0.0034431443562640317
2016-07-13,0.0009926336701203335,0.0009926336701203335,0.0010945320692442423,-0.00010189839912390884,-0.00010189839912390884,0.0,0.0,False,0.0,0.0,0.0010945320692442423
2016-07-14,0.0010227375256474489,0.0010227375256474489,0.002581709896298664,-0.001558972370651215,-0.001558972370651215,0.0,0.0,False,0.0,0.0,0.002581709896298664
2016-07-15,-0.0025397047007157895,-0.0025397047007157895,-0.002992628948578984,0.0004529242478631943,0.0004529242478631943,0.0,0.0,False,0.0,0.0,-0.002992628948578984
2016-07-18,0.001205283361437463,0.001205283361437463,0.002088953107817458,-0.0008836697463799948,-0.0008836697463799948,0.0,0.0,False,0.0,0.0,0.002088953107817458
2016-07-19,-0.00026489384789030445,-0.00026489384789030445,-0.001746208276262538,0.0014813144283722336,0.0014813144283722336,0.0,0.0,False,0.0,0.0,-0.001746208276262538
2016-07-20,0.0020124442422677635,0.0020124442422677635,0.0027440987720148114,-0.0007316545297470479,-0.0007316545297470479,0.0,0.0,False,0.0,0.0,0.0027440987720148114
2016-07-21,-0.001145063983435539,-0.001145063983435539,-0.0016124798954205832,0.00046741591198504423,0.00046741591198504423,0.0,0.0,False,0.0,0.0,-0.0016124798954205832
2016-07-22,0.0019823976388894785,0.0019823976388894785,0.002621824383279715,-0.0006394267443902363,-0.0006394267443902363,0.0,0.0,False,0.0,0.0,0.002621824383279715
2016-07-25,-0.0015411487056535748,-0.0015411487056535748,-0.002389188028686327,0.0008480393230327523,0.0008480393230327523,0.0,0.0,False,0.0,0.0,-0.002389188028686327
2016-07-26,0.0009677334683711974,0.0009677334683711974,0.0018768819827079354,-0.0009091485143367379,-0.0009091485143367379,0.0,0.0,False,0.0,0.0,0.0018768819827079354
2016-07-27,0.0021929391491396937,0.0021929391491396937,0.0027741036976353293,-0.0005811645484956355,-0.0005811645484956355,0.0,0.0,False,0.0,0.0,0.0027741036976353293
2016-07-28,0.00015979317870783028,0.00015979317870783028,-4.304964025470781e-05,0.0002028428189625381,0.0002028428189625381,0.0,0.0,False,0.0,0.0,-4.304964025470781e-05
2016-07-29,0.00355589565190816,0.00355589565190816,0.00461157426716206,-0.0010556786152539,-0.0010556786152539,0.0,0.0,False,0.0,0.0,0.00461157426716206
2016-08-01,-0.0022518368186390646,-0.002331870516202932,-0.0034645980965138153,0.0011327275803108832,0.0012127612778747507,0.08003369756386754,8.003369756386753e-05,True,0.007779135827220684,7.779135827220685e-06,-0.003472377232341036
2016-08-02,-0.006022605825076558,-0.006022605825076558,-0.005931298109294258,-9.130771578229942e-05,-9.130771578229942e-05,0.0,0.0,False,0.0,0.0,-0.005931298109294258
2016-08-03,0.002564733098795954,0.002564733098795954,0.0014276694134919493,0.0011370636853040047,0.0011370636853040047,0.0,0.0,False,0.0,0.0,0.0014276694134919493
2016-08-04,0.002013508320324032,0.002013508320324032,0.0032716151941525927,-0.0012581068738285609,-0.0012581068738285609,0.0,0.0,False,0.0,0.0,0.0032716151941525927
2016-08-05,0.0023274101007711196,0.0023274101007711196,0.0026489069331371174,-0.00032149683236599785,-0.00032149683236599785,0.0,0.0,False,0.0,0.0,0.0026489069331371174
2016-08-08,-0.00035166074648311523,-0.00035166074648311523,0.0009084211001751365,-0.0012600818466582517,-0.0012600818466582517,0.0,0.0,False,0.0,0.0,0.0009084211001751365
2016-08-09,0.0025255958760708867,0.0025255958760708867,0.004180658973693069,-0.0016550630976221825,-0.0016550630976221825,0.0,0.0,False,0.0,0.0,0.004180658973693069
2016-08-10,-0.0005898020891291001,-0.0005898020891291001,0.0005800771721320742,-0.0011698792612611743,-0.0011698792612611743,0.0,0.0,False,0.0,0.0,0.0005800771721320742
2016-08-11,0.00028955000663730184,0.00028955000663730184,0.0021422364081360953,-0.0018526864014987935,-0.0018526864014987935,0.0,0.0,False,0.0,0.0,0.0021422364081360953
2016-08-12,0.0016909155569132892,0.0016909155569132892,0.0008098230710985924,0.0008810924858146968,0.0008810924858146968,0.0,0.0,False,0.0,0.0,0.0008098230710985924
2016-08-15,0.001093116053608301,0.001093116053608301,0.0015192996875296497,-0.0004261836339213487,-0.0004261836339213487,0.0,0.0,False,0.0,0.0,0.0015192996875296497
2016-08-16,-0.003895875454628601,-0.003895875454628601,-0.0033832683744982016,-0.0005126070801303993,-0.0005126070801303993,0.0,0.0,False,0.0,0.0,-0.0033832683744982016
2016-08-17,0.0011624909449452943,0.0011624909449452943,0.0007248063021276658,0.0004376846428176285,0.0004376846428176285,0.0,0.0,False,0.0,0.0,0.0007248063021276658
2016-08-18,0.0029155613326322253,0.0029155613326322253,0.0035672515217855163,-0.000651690189153291,-0.000651690189153291,0.0,0.0,False,0.0,0.0,0.0035672515217855163
2016-08-19,-0.0021858770271355934,-0.0021858770271355934,-0.003507945750996994,0.0013220687238614005,0.0013220687238614005,0.0,0.0,False,0.0,0.0,-0.003507945750996994
2016-08-22,0.0015938413424058432,0.0015938413424058432,0.00024108615940672973,0.0013527551829991134,0.0013527551829991134,0.0,0.0,False,0.0,0.0,0.00024108615940672973
2016-08-23,0.0019428266845343397,0.0019428266845343397,0.0013922144625898314,0.0005506122219445084,0.0005506122219445084,0.0,0.0,False,0.0,0.0,0.0013922144625898314
2016-08-24,-0.0032759429144519174,-0.0032759429144519174,-0.00231852968308919,-0.0009574132313627274,-0.0009574132313627274,0.0,0.0,False,0.0,0.0,-0.00231852968308919
2016-08-25,-0.0006811401690119072,-0.0006811401690119072,-0.0012913329064000892,0.0006101927373881819,0.0006101927373881819,0.0,0.0,False,0.0,0.0,-0.0012913329064000892
2016-08-26,-0.002803579972428115,-0.002803579972428115,-0.003965673018191687,0.001162093045763572,0.001162093045763572,0.0,0.0,False,0.0,0.0,-0.003965673018191687
2016-08-29,0.004781839063618014,0.004781839063618014,0.005302515739643319,-0.0005206766760253046,-0.0005206766760253046,0.0,0.0,False,0.0,0.0,0.005302515739643319
2016-08-30,-0.000527811854458778,-0.000527811854458778,-0.0012819256699464457,0.0007541138154876677,0.0007541138154876677,0.0,0.0,False,0.0,0.0,-0.0012819256699464457
2016-08-31,-0.0023353127681079873,-0.0023353127681079873,-0.002798720621190221,0.00046340785308223364,0.00046340785308223364,0.0,0.0,False,0.0,0.0,-0.002798720621190221
2016-09-01,0.00039873002827531045,0.00031822426034001293,0.0022140725702174623,-0.0018958483098774493,-0.001815342541942152,0.08050576793529754,8.050576793529754e-05,True,0.0026970283573682224,2.6970283573682226e-06,0.002211375541860094
2016-09-02,0.002882002549777922,0.002882002549777922,0.004021600367090504,-0.0011395978173125822,-0.0011395978173125822,0.0,0.0,False,0.0,0.0,0.004021600367090504
2016-09-06,0.0036121370760460146,0.0036121370760460146,0.005956090341759788,-0.002343953265713773,-0.002343953265713773,0.0,0.0,False,0.0,0.0,0.005956090341759788
2016-09-07,0.0013559485079961073,0.0013559485079961073,-9.606043082968714e-05,0.0014520089388257943,0.0014520089388257943,0.0,0.0,False,0.0,0.0,-9.606043082968714e-05
2016-09-08,-0.004423403248369249,-0.004423403248369249,-0.004120347688438537,-0.00030305555993071203,-0.00030305555993071203,0.0,0.0,False,0.0,0.0,-0.004120347688438537
2016-09-09,-0.01886304639288682,-0.01886304639288682,-0.01802603132840532,-0.0008370150644815,-0.0008370150644815,0.0,0.0,False,0.0,0.0,-0.01802603132840532
2016-09-12,0.008372434224818103,0.008372434224818103,0.007116101342040186,0.0012563328827779174,0.0012563328827779174,0.0,0.0,False,0.0,0.0,0.007116101342040186
2016-09-13,-0.011570181929571443,-0.011570181929571443,-0.012666242639525687,0.001096060709954244,0.001096060709954244,0.0,0.0,False,0.0,0.0,-0.012666242639525687
2016-09-14,0.0008332768791917915,0.0008332768791917915,0.0006195763574448917,0.00021370052174689985,0.00021370052174689985,0.0,0.0,False,0.0,0.0,0.0006195763574448917
2016-09-15,0.0058322154204522745,0.0058322154204522745,0.006548888034989271,-0.0007166726145369966,-0.0007166726145369966,0.0,0.0,False,0.0,0.0,0.006548888034989271
2016-09-16,-0.00118997311863616,-0.00118997311863616,-0.003089113317004747,0.0018991401983685873,0.0018991401983685873,0.0,0.0,False,0.0,0.0,-0.003089113317004747
2016-09-19,0.0013212021953814357,0.0013212021953814357,0.0014194900967925393,-9.82879014111036e-05,-9.82879014111036e-05,0.0,0.0,False,0.0,0.0,0.0014194900967925393
2016-09-20,-0.00010793297804085656,-0.00010793297804085656,0.0014395036998656467,-0.0015474366779065032,-0.0015474366779065032,0.0,0.0,False,0.0,0.0,0.0014395036998656467
2016-09-21,0.00845456120576377,0.00845456120576377,0.011053249617038872,-0.0025986884112751026,-0.0025986884112751026,0.0,0.0,False,0.0,0.0,0.011053249617038872
2016-09-22,0.007277720880717115,0.007277720880717115,0.006462080017243179,0.0008156408634739359,0.0008156408634739359,0.0,0.0,False,0.0,0.0,0.006462080017243179
2016-09-23,-0.0028225422604291595,-0.0028225422604291595,-0.004664994976617411,0.0018424527161882511,0.0018424527161882511,0.0,0.0,False,0.0,0.0,-0.004664994976617411
2016-09-26,-0.0032595115913331826,-0.0032595115913331826,-0.00471633793241337,0.0014568263410801871,0.0014568263410801871,0.0,0.0,False,0.0,0.0,-0.00471633793241337
2016-09-27,0.0027667962952888595,0.0027667962952888595,0.0052903084701708975,-0.002523512174882038,-0.002523512174882038,0.0,0.0,False,0.0,0.0,0.0052903084701708975
2016-09-28,0.0035889902942115915,0.0035889902942115915,0.003764872430120616,-0.00017588213590902452,-0.00017588213590902452,0.0,0.0,False,0.0,0.0,0.003764872430120616
2016-09-29,-0.006458935874038817,-0.006458935874038817,-0.006921940221994671,0.00046300434795585373,0.00046300434795585373,0.0,0.0,False,0.0,0.0,-0.006921940221994671
2016-09-30,0.0028958627398585697,0.0028958627398585697,0.0032004084302610153,-0.00030454569040244553,-0.00030454569040244553,0.0,0.0,False,0.0,0.0,0.0032004084302610153
2016-10-03,-0.004058948970522044,-0.004137548973585084,-0.001645053775964089,-0.0024924951976209946,-0.0024138951945579554,0.07860000306303959,7.86000030630396e-05,True,0.003746803134698485,3.746803134698485e-06,-0.0016488005790987875
2016-10-04,-0.005633533236722754,-0.005633533236722754,-0.00511836146463396,-0.000515171772088794,-0.000515171772088794,0.0,0.0,False,0.0,0.0,-0.00511836146463396
2016-10-05,7.380379313415785e-05,7.380379313415785e-05,0.0028498423749867352,-0.002776038581852577,-0.002776038581852577,0.0,0.0,False,0.0,0.0,0.0028498423749867352
2016-10-06,-0.0002813714266191153,-0.0002813714266191153,-0.0012533830702818876,0.0009720116436627722,0.0009720116436627722,0.0,0.0,False,0.0,0.0,-0.0012533830702818876
2016-10-07,-0.001873652063648694,-0.001873652063648694,-0.001977022355918568,0.0001033702922698743,0.0001033702922698743,0.0,0.0,False,0.0,0.0,-0.001977022355918568
2016-10-10,0.0037726023474333086,0.0037726023474333086,0.002884922430884289,0.0008876799165490196,0.0008876799165490196,0.0,0.0,False,0.0,0.0,0.002884922430884289
2016-10-11,-0.008928849485587663,-0.008928849485587663,-0.009824443768643457,0.0008955942830557936,0.0008955942830557936,0.0,0.0,False,0.0,0.0,-0.009824443768643457
2016-10-12,0.0015931044290963055,0.0015931044290963055,7.520539236990472e-05,0.0015178990367264009,0.0015178990367264009,0.0,0.0,False,0.0,0.0,7.520539236990472e-05
2016-10-13,-0.0008705535436088819,-0.0008705535436088819,-0.00188289710199369,0.0010123435583848082,0.0010123435583848082,0.0,0.0,False,0.0,0.0,-0.00188289710199369
2016-10-14,-0.002420371397969622,-0.002420371397969622,-0.0016425671271006748,-0.0007778042708689471,-0.0007778042708689471,0.0,0.0,False,0.0,0.0,-0.0016425671271006748
2016-10-17,-0.00010691192786605613,-0.00010691192786605613,-0.0004038010853226248,0.00029688915745656867,0.00029688915745656867,0.0,0.0,False,0.0,0.0,-0.0004038010853226248
2016-10-18,0.004560283241017038,0.004560283241017038,0.0063338258419576516,-0.0017735426009406136,-0.0017735426009406136,0.0,0.0,False,0.0,0.0,0.0063338258419576516
2016-10-19,0.002150570334447415,0.002150570334447415,0.002368378484672194,-0.0002178081502247787,-0.0002178081502247787,0.0,0.0,False,0.0,0.0,0.002368378484672194
2016-10-20,-0.0015685177131666505,-0.0015685177131666505,-0.0009508025917725025,-0.000617715121394148,-0.000617715121394148,0.0,0.0,False,0.0,0.0,-0.0009508025917725025
2016-10-21,9.039506468178437e-05,9.039506468178437e-05,0.00013241767734967048,-4.202261266788611e-05,-4.202261266788611e-05,0.0,0.0,False,0.0,0.0,0.00013241767734967048
2016-10-24,0.0018408865795589,0.0018408865795589,0.001077817145753857,0.000763069433805043,0.000763069433805043,0.0,0.0,False,0.0,0.0,0.001077817145753857
2016-10-25,-0.0027093472066901233,-0.0027093472066901233,-0.0013902630322365943,-0.001319084174453529,-0.001319084174453529,0.0,0.0,False,0.0,0.0,-0.0013902630322365943
2016-10-26,-0.004709855114028119,-0.004709855114028119,-0.0042315314170672256,-0.00047832369696089363,-0.00047832369696089363,0.0,0.0,False,0.0,0.0,-0.0042315314170672256
2016-10-27,-0.006634664369474634,-0.006634664369474634,-0.004312978273961453,-0.0023216860955131815,-0.0023216860955131815,0.0,0.0,False,0.0,0.0,-0.004312978273961453
2016-10-28,-0.0014838435298334457,-0.0014838435298334457,-0.0017315266720811678,0.0002476831422477221,0.0002476831422477221,0.0,0.0,False,0.0,0.0,-0.0017315266720811678
2016-10-31,0.002385595948694713,0.002385595948694713,0.0014565403001666234,0.0009290556485280895,0.0009290556485280895,0.0,0.0,False,0.0,0.0,0.0014565403001666234
2016-11-01,-0.0049423904637936975,-0.005022755305265452,-0.004419521513260705,-0.0006032337920047473,-0.0005228689505329927,0.08036484147175484,8.036484147175483e-05,True,0.0030903441852266345,3.0903441852266346e-06,-0.004422611857445932
2016-11-02,-0.0030162781821964687,-0.0030162781821964687,-0.003591495710940574,0.0005752175287441052,0.0005752175287441052,0.0,0.0,False,0.0,0.0,-0.003591495710940574
2016-11-03,-0.003559646298207053,-0.003559646298207053,-0.0028503128520102564,-0.0007093334461967965,-0.0007093334461967965,0.0,0.0,False,0.0,0.0,-0.0028503128520102564
2016-11-04,0.0026302436737868336,0.0026302436737868336,-0.0009327565038478766,0.00356300017763471,0.00356300017763471,0.0,0.0,False,0.0,0.0,-0.0009327565038478766
2016-11-07,0.01002484970431308,0.01002484970431308,0.011987281306512217,-0.0019624316021991366,-0.0019624316021991366,0.0,0.0,False,0.0,0.0,0.011987281306512217
2016-11-08,0.0005734854155103383,0.0005734854155103383,0.0012990929254277073,-0.000725607509917369,-0.000725607509917369,0.0,0.0,False,0.0,0.0,0.0012990929254277073
2016-11-09,-0.0007075858188673673,-0.0007075858188673673,-0.005745009663789595,0.005037423844922228,0.005037423844922228,0.0,0.0,False,0.0,0.0,-0.005745009663789595
2016-11-10,0.0009739740497111714,0.0009739740497111714,-0.0036244015219746833,0.004598375571685855,0.004598375571685855,0.0,0.0,False,0.0,0.0,-0.0036244015219746833
2016-11-11,0.0014167920976188662,0.0014167920976188662,-0.0035367174843559356,0.004953509581974802,0.004953509581974802,0.0,0.0,False,0.0,0.0,-0.0035367174843559356
2016-11-14,0.0003202306752645024,0.0003202306752645024,-0.002677929209654381,0.002998159884918883,0.002998159884918883,0.0,0.0,False,0.0,0.0,-0.002677929209654381
2016-11-15,0.004198845496222976,0.004198845496222976,0.005819061161737124,-0.0016202156655141476,-0.0016202156655141476,0.0,0.0,False,0.0,0.0,0.005819061161737124
2016-11-16,0.0003940659346022183,0.0003940659346022183,-0.002124886122278938,0.0025189520568811566,0.0025189520568811566,0.0,0.0,False,0.0,0.0,-0.002124886122278938
2016-11-17,-0.00040252761063164433,-0.00040252761063164433,0.0006804220330902699,-0.0010829496437219142,-0.0010829496437219142,0.0,0.0,False,0.0,0.0,0.0006804220330902699
2016-11-18,-0.002014433855703099,-0.002014433855703099,-0.004291396681022445,0.0022769628253193463,0.0022769628253193463,0.0,0.0,False,0.0,0.0,-0.004291396681022445
2016-11-21,0.0040323329009972035,0.0040323329009972035,0.005248171862138343,-0.0012158389611411392,-0.0012158389611411392,0.0,0.0,False,0.0,0.0,0.005248171862138343
2016-11-22,0.0031245995542354414,0.0031245995542354414,0.0034741668166399504,-0.000349567262404509,-0.000349567262404509,0.0,0.0,False,0.0,0.0,0.0034741668166399504
2016-11-23,-0.0004089604490487976,-0.0004089604490487976,-0.0024411220268210046,0.002032161577772207,0.002032161577772207,0.0,0.0,False,0.0,0.0,-0.0024411220268210046
2016-11-25,0.0019321217413419273,0.0019321217413419273,0.0021762449079274857,-0.00024412316658555845,-0.00024412316658555845,0.0,0.0,False,0.0,0.0,0.0021762449079274857
2016-11-28,-0.0017053609175987521,-0.0017053609175987521,-0.0007355365098643391,-0.0009698244077344131,-0.0009698244077344131,0.0,0.0,False,0.0,0.0,-0.0007355365098643391
2016-11-29,0.0014510089908211993,0.0014510089908211993,0.0022542628792072343,-0.000803253888386035,-0.000803253888386035,0.0,0.0,False,0.0,0.0,0.0022542628792072343
2016-11-30,-0.004967627853416676,-0.004967627853416676,-0.003626516650449287,-0.0013411112029673893,-0.0013411112029673893,0.0,0.0,False,0.0,0.0,-0.003626516650449287
2016-12-01,-0.005018741552360536,-0.005099860201794978,-0.005241526010028597,0.00014166580823361894,0.00022278445766806074,0.08111864943444155,8.111864943444156e-05,True,0.01947133662564299,1.947133662564299e-05,-0.00526099734665424
2016-12-02,0.0026109018108286435,0.0026109018108286435,0.0025580753068118658,5.282650401677771e-05,5.282650401677771e-05,0.0,0.0,False,0.0,0.0,0.0025580753068118658
2016-12-05,0.004526902690254407,0.004526902690254407,0.005153178970056495,-0.000626276279802088,-0.000626276279802088,0.0,0.0,False,0.0,0.0,0.005153178970056495
2016-12-06,0.0025669357232985636,0.0025669357232985636,0.003083445669750482,-0.0005165099464519182,-0.0005165099464519182,0.0,0.0,False,0.0,0.0,0.003083445669750482
2016-12-07,0.008655703688188696,0.008655703688188696,0.010073213529948829,-0.001417509841760133,-0.001417509841760133,0.0,0.0,False,0.0,0.0,0.010073213529948829
2016-12-08,0.00048486363812740984,0.00048486363812740984,-8.89656307347088e-05,0.0005738292688621186,0.0005738292688621186,0.0,0.0,False,0.0,0.0,-8.89656307347088e-05
2016-12-09,-0.0007924772412581278,-0.0007924772412581278,-0.0001423480398399068,-0.000650129201418221,-0.000650129201418221,0.0,0.0,False,0.0,0.0,-0.0001423480398399068
2016-12-12,-0.0018592055644858175,-0.0018592055644858175,-0.002248489908678715,0.00038928434419289743,0.00038928434419289743,0.0,0.0,False,0.0,0.0,-0.002248489908678715
2016-12-13,0.0035717015847003524,0.0035717015847003524,0.005403046861689254,-0.0018313452769889013,-0.0018313452769889013,0.0,0.0,False,0.0,0.0,0.005403046861689254
2016-12-14,-0.009800419136706507,-0.009800419136706507,-0.011493115963827731,0.0016926968271212244,0.0016926968271212244,0.0,0.0,False,0.0,0.0,-0.011493115963827731
2016-12-15,0.0019317662577710627,0.0019317662577710627,0.001263469230258241,0.0006682970275128217,0.0006682970275128217,0.0,0.0,False,0.0,0.0,0.001263469230258241
2016-12-16,-0.0009866893766248253,-0.0009866893766248253,-0.001016421233290976,2.9731856666150632e-05,2.9731856666150632e-05,0.0,0.0,False,0.0,0.0,-0.001016421233290976
2016-12-19,0.003926874467477515,0.003926874467477515,0.002238566671247728,0.0016883077962297874,0.0016883077962297874,0.0,0.0,False,0.0,0.0,0.002238566671247728
2016-12-20,0.0014361657238597752,0.0014361657238597752,0.001727372864301463,-0.00029120714044168793,-0.00029120714044168793,0.0,0.0,False,0.0,0.0,0.001727372864301463
2016-12-21,-0.0007102953445405472,-0.0007102953445405472,-0.0005494621512135813,-0.00016083319332696596,-0.00016083319332696596,0.0,0.0,False,0.0,0.0,-0.0005494621512135813
2016-12-22,-0.0024282788424587237,-0.0024282788424587237,-0.00263366561209567,0.0002053867696369463,0.0002053867696369463,0.0,0.0,False,0.0,0.0,-0.00263366561209567
2016-12-23,0.0021278692674187565,0.0021278692674187565,0.0022022215268538573,-7.435225943510076e-05,-7.435225943510076e-05,0.0,0.0,False,0.0,0.0,0.0022022215268538573
2016-12-27,0.000952631673959431,0.000952631673959431,0.0005190066927718647,0.0004336249811875663,0.0004336249811875663,0.0,0.0,False,0.0,0.0,0.0005190066927718647
2016-12-28,-0.001830823032188479,-0.001830823032188479,-0.0012886054308269817,-0.0005422176013614973,-0.0005422176013614973,0.0,0.0,False,0.0,0.0,-0.0012886054308269817
2016-12-29,0.002768456935296531,0.002768456935296531,0.0033100684466576148,-0.0005416115113610837,-0.0005416115113610837,0.0,0.0,False,0.0,0.0,0.0033100684466576148
2016-12-30,-0.0013129592053588608,-0.0013129592053588608,-0.0005939551179861788,-0.000719004087372682,-0.000719004087372682,0.0,0.0,False,0.0,0.0,-0.0005939551179861788
2017-01-03,0.004396511466240199,0.0043160577673397255,0.004925166376215184,-0.0006091086088754584,-0.000528654909974985,0.08045369890047316,8.045369890047316e-05,True,0.005456568845847186,5.456568845847186e-06,0.004919709807369337
2017-01-04,0.0058115919542634275,0.0058115919542634275,0.006026909760250138,-0.00021531780598671012,-0.00021531780598671012,0.0,0.0,False,0.0,0.0,0.006026909760250138
2017-01-05,0.0013731747797796616,0.0013731747797796616,0.004426230922281974,-0.003053056142502312,-0.003053056142502312,0.0,0.0,False,0.0,0.0,0.004426230922281974
2017-01-06,-0.0014867426483318024,-0.0014867426483318024,-0.0021920690161824612,0.0007053263678506588,0.0007053263678506588,0.0,0.0,False,0.0,0.0,-0.0021920690161824612
2017-01-09,-0.0006489667701748234,-0.0006489667701748234,-0.00018879124670740158,-0.0004601755234674218,-0.0004601755234674218,0.0,0.0,False,0.0,0.0,-0.00018879124670740158
2017-01-10,0.0013258749697035621,0.0013258749697035621,0.0008741037513379562,0.0004517712183656059,0.0004517712183656059,0.0,0.0,False,0.0,0.0,0.0008741037513379562
2017-01-11,0.0023334922667842904,0.0023334922667842904,0.0035634454924045053,-0.001229953225620215,-0.001229953225620215,0.0,0.0,False,0.0,0.0,0.0035634454924045053
2017-01-12,-0.0014093315559733323,-0.0014093315559733323,-0.0004667437754827795,-0.0009425877804905528,-0.0009425877804905528,0.0,0.0,False,0.0,0.0,-0.0004667437754827795
2017-01-13,0.0009558549331296418,0.0009558549331296418,0.0005481926740335018,0.00040766225909614,0.00040766225909614,0.0,0.0,False,0.0,0.0,0.0005481926740335018
2017-01-17,-0.0007192185817211424,-0.0007192185817211424,-0.0001878194240461634,-0.000531399157674979,-0.000531399157674979,0.0,0.0,False,0.0,0.0,-0.0001878194240461634
2017-01-18,-0.0018823340726537156,-0.0018823340726537156,-0.003211313637941543,0.0013289795652878273,0.0013289795652878273,0.0,0.0,False,0.0,0.0,-0.003211313637941543
2017-01-19,-0.004035894532408241,-0.004035894532408241,-0.0038088712153441953,-0.0002270233170640454,-0.0002270233170640454,0.0,0.0,False,0.0,0.0,-0.0038088712153441953
2017-01-20,0.002654214975171887,0.002654214975171887,0.0026888716001746103,-3.465662500272328e-05,-3.465662500272328e-05,0.0,0.0,False,0.0,0.0,0.0026888716001746103
2017-01-23,0.0012637598981281042,0.0012637598981281042,0.003136188976477061,-0.0018724290783489568,-0.0018724290783489568,0.0,0.0,False,0.0,0.0,0.003136188976477061
2017-01-24,0.0029391911341410193,0.0029391911341410193,0.002158518409310176,0.0007806727248308434,0.0007806727248308434,0.0,0.0,False,0.0,0.0,0.002158518409310176
2017-01-25,0.0029603753858383854,0.0029603753858383854,0.0036316381204488943,-0.0006712627346105089,-0.0006712627346105089,0.0,0.0,False,0.0,0.0,0.0036316381204488943
2017-01-26,-0.0009034158017474994,-0.0009034158017474994,-0.0009709370303591126,6.752122861161322e-05,6.752122861161322e-05,0.0,0.0,False,0.0,0.0,-0.0009709370303591126
2017-01-27,-0.0003437341848528807,-0.0003437341848528807,-0.00021899735623560717,-0.00012473682861727356,-0.00012473682861727356,0.0,0.0,False,0.0,0.0,-0.00021899735623560717
2017-01-30,-0.004487803120567401,-0.004487803120567401,-0.004665976834852562,0.00017817371428516075,0.00017817371428516075,0.0,0.0,False,0.0,0.0,-0.004665976834852562
2017-01-31,0.0022523244639060837,0.0022523244639060837,0.0020269393597587403,0.00022538510414734335,0.00022538510414734335,0.0,0.0,False,0.0,0.0,0.0020269393597587403
2017-02-01,-0.00011858170295982369,-0.00019835136209543907,-0.0001306317476152674,-6.771961448017165e-05,1.2050044655443726e-05,0.07976965913561537,7.976965913561538e-05,True,0.006924984724114236,6.924984724114236e-06,-0.00013755673233938165
2017-02-02,1.3011080219465457e-05,1.3011080219465457e-05,0.0006699119830737765,-0.000656900902854311,-0.000656900902854311,0.0,0.0,False,0.0,0.0,0.0006699119830737765
2017-02-03,0.005404854933650985,0.005404854933650985,0.004347393760188766,0.0010574611734622194,0.0010574611734622194,0.0,0.0,False,0.0,0.0,0.004347393760188766
2017-02-06,-0.00044892268866516,-0.00044892268866516,-0.0005135447923234611,6.462210365830109e-05,6.462210365830109e-05,0.0,0.0,False,0.0,0.0,-0.0005135447923234611
2017-02-07,-0.00020438796550975905,-0.00020438796550975905,0.0001165985894707915,-0.00032098655498055055,-0.00032098655498055055,0.0,0.0,False,0.0,0.0,0.0001165985894707915
2017-02-08,0.0016721371490689614,0.0016721371490689614,0.003189727169520475,-0.0015175900204515138,-0.0015175900204515138,0.0,0.0,False,0.0,0.0,0.003189727169520475
2017-02-09,0.0026142474567544247,0.0026142474567544247,0.0011789494463755467,0.001435298010378878,0.001435298010378878,0.0,0.0,False,0.0,0.0,0.0011789494463755467
2017-02-10,0.002516357497199721,0.002516357497199721,0.0026492892418516515,-0.0001329317446519306,-0.0001329317446519306,0.0,0.0,False,0.0,0.0,0.0026492892418516515
2017-02-13,0.0021518113402994917,0.0021518113402994917,0.0021666558529169224,-1.4844512617430677e-05,-1.4844512617430677e-05,0.0,0.0,False,0.0,0.0,0.0021666558529169224
2017-02-14,0.0009208052649892174,0.0009208052649892174,-0.00016707132945703134,0.0010878765944462487,0.0010878765944462487,0.0,0.0,False,0.0,0.0,-0.00016707132945703134
2017-02-15,0.002369605393113704,0.002369605393113704,0.002563350067445732,-0.00019374467433202818,-0.00019374467433202818,0.0,0.0,False,0.0,0.0,0.002563350067445732
2017-02-16,0.00040458299946467054,0.00040458299946467054,0.0010473037758942944,-0.0006427207764296239,-0.0006427207764296239,0.0,0.0,False,0.0,0.0,0.0010473037758942944
2017-02-17,0.0015362409312322826,0.0015362409312322826,0.0008239602418821331,0.0007122806893501495,0.0007122806893501495,0.0,0.0,False,0.0,0.0,0.0008239602418821331
2017-02-21,0.00375094582232746,0.00375094582232746,0.0036912464074132104,5.969941491424952e-05,5.969941491424952e-05,0.0,0.0,False,0.0,0.0,0.0036912464074132104
2017-02-22,-0.000548890085910172,-0.000548890085910172,0.00033104189642247956,-0.0008799319823326516,-0.0008799319823326516,0.0,0.0,False,0.0,0.0,0.00033104189642247956
2017-02-23,0.0003435466678075685,0.0003435466678075685,0.0012976167920804391,-0.0009540701242728706,-0.0009540701242728706,0.0,0.0,False,0.0,0.0,0.0012976167920804391
2017-02-24,0.0022284872404724288,0.0022284872404724288,0.000275759139268532,0.0019527281012038968,0.0019527281012038968,0.0,0.0,False,0.0,0.0,0.000275759139268532
2017-02-27,0.0011617584417320725,0.0011617584417320725,-0.0006033164138742394,0.0017650748556063119,0.0017650748556063119,0.0,0.0,False,0.0,0.0,-0.0006033164138742394
2017-02-28,-0.00349362754016495,-0.00349362754016495,-0.0026044079343377647,-0.0008892196058271854,-0.0008892196058271854,0.0,0.0,False,0.0,0.0,-0.0026044079343377647
2017-03-01,0.006709263403492969,0.006627636848285411,0.005114582660177602,0.0015130541881078086,0.001594680743315367,0.08162655520755795,8.162655520755796e-05,True,0.005524186235055694,5.524186235055694e-06,0.005109058473942546
2017-03-02,-0.005285418217091716,-0.005285418217091716,-0.006225830782218373,0.0009404125651266571,0.0009404125651266571,0.0,0.0,False,0.0,0.0,-0.006225830782218373
2017-03-03,0.00048487491029480394,0.00048487491029480394,0.002284175175151959,-0.0017993002648571553,-0.0017993002648571553,0.0,0.0,False,0.0,0.0,0.002284175175151959
2017-03-06,-0.0031349225258705234,-0.0031349225258705234,-0.0022012926927648603,-0.0009336298331056631,-0.0009336298331056631,0.0,0.0,False,0.0,0.0,-0.0022012926927648603
2017-03-07,-0.004455200577619926,-0.004455200577619926,-0.002815219995220967,-0.001639980582398959,-0.001639980582398959,0.0,0.0,False,0.0,0.0,-0.002815219995220967
2017-03-08,-0.003929912396770964,-0.003929912396770964,-0.0037773093424838225,-0.00015260305428714148,-0.00015260305428714148,0.0,0.0,False,0.0,0.0,-0.0037773093424838225
2017-03-09,-0.0020223180324029427,-0.0020223180324029427,-0.0017824999814969838,-0.00023981805090595885,-0.00023981805090595885,0.0,0.0,False,0.0,0.0,-0.0017824999814969838
2017-03-10,0.0025820819784593647,0.0025820819784593647,0.004641382880451055,-0.0020593009019916906,-0.0020593009019916906,0.0,0.0,False,0.0,0.0,0.004641382880451055
2017-03-13,-0.0001839104779713834,-0.0001839104779713834,0.0011724486703803714,-0.0013563591483517548,-0.0013563591483517548,0.0,0.0,False,0.0,0.0,0.0011724486703803714
2017-03-14,-0.0024324836963737235,-0.0024324836963737235,-0.002581332766343055,0.0001488490699693315,0.0001488490699693315,0.0,0.0,False,0.0,0.0,-0.002581332766343055
2017-03-15,0.010749784236793182,0.010749784236793182,0.01181275833802839,-0.0010629741012352072,-0.0010629741012352072,0.0,0.0,False,0.0,0.0,0.01181275833802839
2017-03-16,-0.0015952276736562049,-0.0015952276736562049,-0.00016495787144880838,-0.0014302698022073965,-0.0014302698022073965,0.0,0.0,False,0.0,0.0,-0.00016495787144880838
2017-03-17,0.0008048223208138122,0.0008048223208138122,0.0010539597187785182,-0.00024913739796470597,-0.00024913739796470597,0.0,0.0,False,0.0,0.0,0.0010539597187785182
2017-03-20,-0.0007813238416023093,-0.0007813238416023093,0.0013563453895628123,-0.002137669231165122,-0.002137669231165122,0.0,0.0,False,0.0,0.0,0.0013563453895628123
2017-03-21,-0.009650545626071191,-0.009650545626071191,-0.005655986032329727,-0.003994559593741465,-0.003994559593741465,0.0,0.0,False,0.0,0.0,-0.005655986032329727
2017-03-22,0.002022401624191807,0.002022401624191807,0.0021890261731188983,-0.00016662454892709148,-0.00016662454892709148,0.0,0.0,False,0.0,0.0,0.0021890261731188983
2017-03-23,0.00037448958041517066,0.00037448958041517066,-4.090517250451256e-05,0.0004153947529196832,0.0004153947529196832,0.0,0.0,False,0.0,0.0,-4.090517250451256e-05
2017-03-24,0.0007826033002900359,0.0007826033002900359,0.0009434879640364236,-0.00016088466374638774,-0.00016088466374638774,0.0,0.0,False,0.0,0.0,0.0009434879640364236
2017-03-27,0.0004025614705452103,0.0004025614705452103,0.0009246290921548641,-0.0005220676216096538,-0.0005220676216096538,0.0,0.0,False,0.0,0.0,0.0009246290921548641
2017-03-28,0.004094010764956965,0.004094010764956965,0.002236985574278187,0.0018570251906787783,0.0018570251906787783,0.0,0.0,False,0.0,0.0,0.002236985574278187
2017-03-29,0.002160648343461496,0.002160648343461496,0.0019552748762340848,0.0002053734672274113,0.0002053734672274113,0.0,0.0,False,0.0,0.0,0.0019552748762340848
2017-03-30,0.0024351747209154792,0.0024351747209154792,-0.0011229443473606306,0.00355811906827611,0.00355811906827611,0.0,0.0,False,0.0,0.0,-0.0011229443473606306
2017-03-31,-0.0002253851579138983,-0.0002253851579138983,-0.0008792005390185061,0.0006538153811046078,0.0006538153811046078,0.0,0.0,False,0.0,0.0,-0.0008792005390185061
2017-04-03,-0.0014771431865175707,-0.0015571655599763954,0.0014552024880432057,-0.003012368048019601,-0.0029323456745607764,0.08002237345882472,8.002237345882472e-05,True,0.0064016257746900875,6.4016257746900866e-06,0.0014488008622685156
2017-04-04,-0.00041178423591001006,-0.00041178423591001006,-0.0008173112397407133,0.00040552700383070326,0.00040552700383070326,0.0,0.0,False,0.0,0.0,-0.0008173112397407133
2017-04-05,-0.0027796027658737606,-0.0027796027658737606,-0.0018249375294959766,-0.000954665236377784,-0.000954665236377784,0.0,0.0,False,0.0,0.0,-0.0018249375294959766
2017-04-06,0.002967425449675999,0.002967425449675999,0.0010751061673601003,0.0018923192823158985,0.0018923192823158985,0.0,0.0,False,0.0,0.0,0.0010751061673601003
2017-04-07,-0.0010990760040905296,-0.0010990760040905296,-0.001781920993068928,0.0006828449889783985,0.0006828449889783985,0.0,0.0,False,0.0,0.0,-0.001781920993068928
2017-04-10,0.0013401704836520736,0.0013401704836520736,0.000587143672088347,0.0007530268115637266,0.0007530268115637266,0.0,0.0,False,0.0,0.0,0.000587143672088347
2017-04-11,0.0013300245453646612,0.0013300245453646612,0.0026181036943718596,-0.0012880791490071984,-0.0012880791490071984,0.0,0.0,False,0.0,0.0,0.0026181036943718596
2017-04-12,-0.0028125672179452705,-0.0028125672179452705,-0.00022322313948859075,-0.00258934407845668,-0.00258934407845668,0.0,0.0,False,0.0,0.0,-0.00022322313948859075
2017-04-13,-0.003980384140134542,-0.003980384140134542,-0.0027863518689653947,-0.0011940322711691473,-0.0011940322711691473,0.0,0.0,False,0.0,0.0,-0.0027863518689653947
2017-04-17,0.00533540767102209,0.00533540767102209,0.004382418475173603,0.0009529891958484872,0.0009529891958484872,0.0,0.0,False,0.0,0.0,0.004382418475173603
2017-04-18,0.00021354341883026993,0.00021354341883026993,-0.00010505812734188551,0.0003186015461721554,0.0003186015461721554,0.0,0.0,False,0.0,0.0,-0.00010505812734188551
2017-04-19,-0.000989247969838241,-0.000989247969838241,-0.002852774338259706,0.001863526368421465,0.001863526368421465,0.0,0.0,False,0.0,0.0,-0.002852774338259706
2017-04-20,0.005437115677488854,0.005437115677488854,0.004575500084719266,0.0008616155927695882,0.0008616155927695882,0.0,0.0,False,0.0,0.0,0.004575500084719266
2017-04-21,-0.0016796150314454035,-0.0016796150314454035,-0.0008722916446494043,-0.0008073233867959993,-0.0008073233867959993,0.0,0.0,False,0.0,0.0,-0.0008722916446494043
2017-04-24,0.006797325129971153,0.006797325129971153,0.008205043622832354,-0.0014077184928612011,-0.0014077184928612011,0.0,0.0,False,0.0,0.0,0.008205043622832354
2017-04-25,0.003214749616124434,0.003214749616124434,0.0019396946848694303,0.0012750549312550035,0.0012750549312550035,0.0,0.0,False,0.0,0.0,0.0019396946848694303
2017-04-26,0.0008979023732060289,0.0008979023732060289,0.00042995914212056054,0.0004679432310854684,0.0004679432310854684,0.0,0.0,False,0.0,0.0,0.00042995914212056054
2017-04-27,0.0006252189673275393,0.0006252189673275393,0.0005070112742619658,0.00011820769306557352,0.00011820769306557352,0.0,0.0,False,0.0,0.0,0.0005070112742619658
2017-04-28,-0.002792999160692834,-0.002792999160692834,-0.0008537721639968406,-0.0019392269966959936,-0.0019392269966959936,0.0,0.0,False,0.0,0.0,-0.0008537721639968406
2017-05-01,0.0012975191241021982,0.001218402846762226,0.0009161169400235258,0.0003022859067387002,0.0003814021840786723,0.07911627733997217,7.911627733997217e-05,True,0.001993399962087687,1.9933999620876873e-06,0.0009141235400614381
2017-05-02,0.0009701497755495301,0.0009701497755495301,0.0024654497455695867,-0.0014952999700200567,-0.0014952999700200567,0.0,0.0,False,0.0,0.0,0.0024654497455695867
2017-05-03,-0.0013507563472584345,-0.0013507563472584345,-0.002103871996227198,0.0007531156489687637,0.0007531156489687637,0.0,0.0,False,0.0,0.0,-0.002103871996227198
2017-05-04,-0.00245879035078197,-0.00245879035078197,-0.00039120112426764466,-0.0020675892265143254,-0.0020675892265143254,0.0,0.0,False,0.0,0.0,-0.00039120112426764466
2017-05-05,0.003090475855087694,0.003090475855087694,0.004150541116809921,-0.001060065261722227,-0.001060065261722227,0.0,0.0,False,0.0,0.0,0.004150541116809921
2017-05-08,-0.0005077552184689989,-0.0005077552184689989,-0.002447958892228276,0.0019402036737592773,0.0019402036737592773,0.0,0.0,False,0.0,0.0,-0.002447958892228276
2017-05-09,0.0004359571318342819,0.0004359571318342819,0.00039290182054194166,4.3055311292340226e-05,4.3055311292340226e-05,0.0,0.0,False,0.0,0.0,0.00039290182054194166
2017-05-10,0.0030990663899397464,0.0030990663899397464,0.00182449148080798,0.0012745749091317665,0.0012745749091317665,0.0,0.0,False,0.0,0.0,0.00182449148080798
2017-05-11,-0.0009774386111411023,-0.0009774386111411023,-0.0008872483626429592,-9.019024849814315e-05,-9.019024849814315e-05,0.0,0.0,False,0.0,0.0,-0.0008872483626429592
2017-05-12,0.0002945173764799776,0.0002945173764799776,0.0026394013625800966,-0.002344883986100119,-0.002344883986100119,0.0,0.0,False,0.0,0.0,0.0026394013625800966
2017-05-15,0.003965371994773145,0.003965371994773145,0.003569830124657482,0.0003955418701156628,0.0003955418701156628,0.0,0.0,False,0.0,0.0,0.003569830124657482
2017-05-16,0.0004918798384174537,0.0004918798384174537,0.0014752895191610868,-0.000983409680743633,-0.000983409680743633,0.0,0.0,False,0.0,0.0,0.0014752895191610868
2017-05-17,-0.009634865608362079,-0.009634865608362079,-0.006923025221272387,-0.002711840387089692,-0.002711840387089692,0.0,0.0,False,0.0,0.0,-0.006923025221272387
2017-05-18,0.0006610206545221731,0.0006610206545221731,-8.944354020534381e-05,0.0007504641947275169,0.0007504641947275169,0.0,0.0,False,0.0,0.0,-8.944354020534381e-05
2017-05-19,0.004912767532263565,0.004912767532263565,0.006230425021916081,-0.0013176574896525163,-0.0013176574896525163,0.0,0.0,False,0.0,0.0,0.006230425021916081
2017-05-22,0.00305035198017623,0.00305035198017623,0.0016345782906440468,0.001415773689532183,0.001415773689532183,0.0,0.0,False,0.0,0.0,0.0016345782906440468
2017-05-23,0.0004310553571898507,0.0004310553571898507,-0.000376064021447228,0.0008071193786370787,0.0008071193786370787,0.0,0.0,False,0.0,0.0,-0.000376064021447228
2017-05-24,0.001993896643782589,0.001993896643782589,0.0021418483555596924,-0.0001479517117771033,-0.0001479517117771033,0.0,0.0,False,0.0,0.0,0.0021418483555596924
2017-05-25,0.0019834121737592274,0.0019834121737592274,0.0021423683013188175,-0.0001589561275595901,-0.0001589561275595901,0.0,0.0,False,0.0,0.0,0.0021423683013188175
2017-05-26,0.0005016860130949125,0.0005016860130949125,0.0001786756210807092,0.0003230103920142033,0.0003230103920142033,0.0,0.0,False,0.0,0.0,0.0001786756210807092
2017-05-30,-0.0005756498935122094,-0.0005756498935122094,-0.00025135180111777094,-0.0003242980923944385,-0.0003242980923944385,0.0,0.0,False,0.0,0.0,-0.00025135180111777094
2017-05-31,-0.0005732257342396861,-0.0005732257342396861,-0.0003334802770902655,-0.00023974545714942062,-0.00023974545714942062,0.0,0.0,False,0.0,0.0,-0.0003334802770902655
2017-06-01,0.006700686804753713,0.00662077679413406,0.005109523544836913,0.0015112532492971469,0.0015911632599168004,0.07991001061965369,7.991001061965369e-05,True,0.004233867374862407,4.233867374862407e-06,0.005105289677462051
2017-06-02,0.003360430168441426,0.003360430168441426,0.0056447152565791865,-0.0022842850881377606,-0.0022842850881377606,0.0,0.0,False,0.0,0.0,0.0056447152565791865
2017-06-05,-0.0020925608235409054,-0.0020925608235409054,-0.0025521491769674577,0.00045958835342655227,0.00045958835342655227,0.0,0.0,False,0.0,0.0,-0.0025521491769674577
2017-06-06,-0.0010780412780595433,-0.0010780412780595433,-5.311770022117427e-05,-0.001024923577838369,-0.001024923577838369,0.0,0.0,False,0.0,0.0,-5.311770022117427e-05
2017-06-07,-3.9059317047281474e-05,-3.9059317047281474e-05,-0.00026939966358039563,0.00023034034653311415,0.00023034034653311415,0.0,0.0,False,0.0,0.0,-0.00026939966358039563
2017-06-08,0.0022346020769426515,0.0022346020769426515,0.0004637584093249382,0.0017708436676177133,0.0017708436676177133,0.0,0.0,False,0.0,0.0,0.0004637584093249382
2017-06-09,0.0003224426528789853,0.0003224426528789853,-0.001933366950771534,0.0022558096036505194,0.0022558096036505194,0.0,0.0,False,0.0,0.0,-0.001933366950771534
2017-06-12,0.00016706269183037136,0.00016706269183037136,-0.0012559986144893595,0.0014230613063197309,0.0014230613063197309,0.0,0.0,False,0.0,0.0,-0.0012559986144893595
2017-06-13,0.003254233213581265,0.003254233213581265,0.0036128593900530957,-0.00035862617647183055,-0.00035862617647183055,0.0,0.0,False,0.0,0.0,0.0036128593900530957
2017-06-14,2.695109607664056e-05,2.695109607664056e-05,0.001995468127360511,-0.0019685170312838704,-0.0019685170312838704,0.0,0.0,False,0.0,0.0,0.001995468127360511
2017-06-15,-0.003051483229345532,-0.003051483229345532,-0.0042111372831312496,0.0011596540537857176,0.0011596540537857176,0.0,0.0,False,0.0,0.0,-0.0042111372831312496
2017-06-16,-0.0006221679346516573,-0.0006221679346516573,0.001706081076326884,-0.002328249010978541,-0.002328249010978541,0.0,0.0,False,0.0,0.0,0.001706081076326884
2017-06-19,0.004657575594460154,0.004657575594460154,0.0036616507740207613,0.0009959248204393922,0.0009959248204393922,0.0,0.0,False,0.0,0.0,0.0036616507740207613
2017-06-20,-0.004496003395189139,-0.004496003395189139,-0.0035803533983738015,-0.0009156499968153379,-0.0009156499968153379,0.0,0.0,False,0.0,0.0,-0.0035803533983738015
2017-06-21,-0.0019757607846932882,-0.0019757607846932882,-7.253017312307708e-06,-0.0019685077673809804,-0.0019685077673809804,0.0,0.0,False,0.0,0.0,-7.253017312307708e-06
2017-06-22,0.0013812418596302362,0.0013812418596302362,0.0009625925826716139,0.00041864927695862226,0.00041864927695862226,0.0,0.0,False,0.0,0.0,0.0009625925826716139
2017-06-23,0.002714718838043715,0.002714718838043715,0.0016999776235941842,0.0010147412144495306,0.0010147412144495306,0.0,0.0,False,0.0,0.0,0.0016999776235941842
2017-06-26,0.0011645832825306198,0.0011645832825306198,0.0021046607597721,-0.0009400774772414799,-0.0009400774772414799,0.0,0.0,False,0.0,0.0,0.0021046607597721
2017-06-27,-0.006100013727327842,-0.006100013727327842,-0.0062668488575208315,0.0001668351301929898,0.0001668351301929898,0.0,0.0,False,0.0,0.0,-0.0062668488575208315
2017-06-28,0.006921524692163521,0.006921524692163521,0.005348040521312696,0.0015734841708508248,0.0015734841708508248,0.0,0.0,False,0.0,0.0,0.005348040521312696
2017-06-29,-0.005394061298456567,-0.005394061298456567,-0.007319511601485012,0.0019254503030284448,0.0019254503030284448,0.0,0.0,False,0.0,0.0,-0.007319511601485012
2017-06-30,0.0008313749346104404,0.0008313749346104404,0.0003265768840828877,0.0005047980505275527,0.0005047980505275527,0.0,0.0,False,0.0,0.0,0.0003265768840828877
2017-07-03,0.0005744062534261638,0.0004947987264158163,0.00010315752229058674,0.0003916412041252296,0.00047124873113557706,0.0796075270103475,7.96075270103475e-05,True,0.002376515167595381,2.3765151675953813e-06,0.00010078100712299136
2017-07-05,0.0006209287320752043,0.0006209287320752043,0.0007324221250564027,-0.00011149339298119842,-0.00011149339298119842,0.0,0.0,False,0.0,0.0,0.0007324221250564027
2017-07-06,-0.005875326302557185,-0.005875326302557185,-0.006455263730148672,0.0005799374275914865,0.0005799374275914865,0.0,0.0,False,0.0,0.0,-0.006455263730148672
2017-07-07,0.0026470962392136127,0.0026470962392136127,0.0019028199804901418,0.0007442762587234709,0.0007442762587234709,0.0,0.0,False,0.0,0.0,0.0019028199804901418
2017-07-10,0.0008587087319015688,0.0008587087319015688,0.002007869540513169,-0.0011491608086116004,-0.0011491608086116004,0.0,0.0,False,0.0,0.0,0.002007869540513169
2017-07-11,8.165426460466098e-05,8.165426460466098e-05,0.0015015396872885252,-0.0014198854226838643,-0.0014198854226838643,0.0,0.0,False,0.0,0.0,0.0015015396872885252
2017-07-12,0.00659082558380248,0.00659082558380248,0.007382175770667706,-0.0007913501868652261,-0.0007913501868652261,0.0,0.0,False,0.0,0.0,0.007382175770667706
2017-07-13,0.0007437815745078213,0.0007437815745078213,0.0007097413597596519,3.404021474816938e-05,3.404021474816938e-05,0.0,0.0,False,0.0,0.0,0.0007097413597596519
2017-07-14,0.0035672784855170702,0.0035672784855170702,0.004518785117832408,-0.0009515066323153376,-0.0009515066323153376,0.0,0.0,False,0.0,0.0,0.004518785117832408
2017-07-17,0.00029822092234537637,0.00029822092234537637,-0.00018197769941486798,0.00048019862176024435,0.00048019862176024435,0.0,0.0,False,0.0,0.0,-0.00018197769941486798
2017-07-18,0.0010612841471630764,0.0010612841471630764,0.0022680066756997496,-0.0012067225285366731,-0.0012067225285366731,0.0,0.0,False,0.0,0.0,0.0022680066756997496
2017-07-19,0.003476832318201865,0.003476832318201865,0.003607216964763587,-0.000130384646561722,-0.000130384646561722,0.0,0.0,False,0.0,0.0,0.003607216964763587
2017-07-20,0.0008581894081032001,0.0008581894081032001,0.0009919854813982359,-0.00013379607329503578,-0.00013379607329503578,0.0,0.0,False,0.0,0.0,0.0009919854813982359
2017-07-21,-0.0007321917870186451,-0.0007321917870186451,-0.00025157746194649755,-0.00048061432507214756,-0.00048061432507214756,0.0,0.0,False,0.0,0.0,-0.00025157746194649755
2017-07-24,-0.00019126967331975698,-0.00019126967331975698,-0.0005943936048421387,0.00040312393152238177,0.00040312393152238177,0.0,0.0,False,0.0,0.0,-0.0005943936048421387
2017-07-25,0.0005963113874267512,0.0005963113874267512,-0.0015020412418186556,0.002098352629245407,0.002098352629245407,0.0,0.0,False,0.0,0.0,-0.0015020412418186556
2017-07-26,0.0011094486154039364,0.0011094486154039364,0.002712800083459149,-0.0016033514680552125,-0.0016033514680552125,0.0,0.0,False,0.0,0.0,0.002712800083459149
2017-07-27,-0.0017584311165783897,-0.0017584311165783897,-0.0024251394213711673,0.0006667083047927776,0.0006667083047927776,0.0,0.0,False,0.0,0.0,-0.0024251394213711673
2017-07-28,1.1781737264590403e-05,1.1781737264590403e-05,0.0006364283038130926,-0.0006246465665485022,-0.0006246465665485022,0.0,0.0,False,0.0,0.0,0.0006364283038130926
2017-07-31,-0.00029991954890960944,-0.00029991954890960944,0.00022129655031893146,-0.0005212160992285409,-0.0005212160992285409,0.0,0.0,False,0.0,0.0,0.00022129655031893146
2017-08-01,0.0025466663857312425,0.0024669318446522426,0.00328195446844256,-0.0008150226237903175,-0.0007352880827113176,0.079734541079,7.9734541079e-05,True,0.005981339232789311,5.981339232789311e-06,0.0032759731292097707
2017-08-02,-0.0003192771173768517,-0.0003192771173768517,-0.0006363377400672096,0.0003170606226903579,0.0003170606226903579,0.0,0.0,False,0.0,0.0,-0.0006363377400672096
2017-08-03,-0.0010526046351643959,-0.0010526046351643959,0.0002729945188749371,-0.001325599154039333,-0.001325599154039333,0.0,0.0,False,0.0,0.0,0.0002729945188749371
2017-08-04,0.00028209208377887724,0.00028209208377887724,-0.00020475355419131535,0.0004868456379701926,0.0004868456379701926,0.0,0.0,False,0.0,0.0,-0.00020475355419131535
2017-08-07,0.0006689414864580447,0.0006689414864580447,0.0015946185735757905,-0.0009256770871177458,-0.0009256770871177458,0.0,0.0,False,0.0,0.0,0.0015946185735757905
2017-08-08,-0.0038513941405603747,-0.0038513941405603747,-0.0027398224632423423,-0.0011115716773180324,-0.0011115716773180324,0.0,0.0,False,0.0,0.0,-0.0027398224632423423
2017-08-09,-0.0014437932235610983,-0.0014437932235610983,-0.0009305077158181666,-0.0005132855077429317,-0.0005132855077429317,0.0,0.0,False,0.0,0.0,-0.0009305077158181666
2017-08-10,-0.009316070007604831,-0.009316070007604831,-0.008498960015977525,-0.0008171099916273062,-0.0008171099916273062,0.0,0.0,False,0.0,0.0,-0.008498960015977525
2017-08-11,0.0011857103996284987,0.0011857103996284987,0.0009978023717196667,0.00018790802790883201,0.00018790802790883201,0.0,0.0,False,0.0,0.0,0.0009978023717196667
2017-08-14,0.00630071021199521,0.00630071021199521,0.004938457986745897,0.0013622522252493127,0.0013622522252493127,0.0,0.0,False,0.0,0.0,0.004938457986745897
2017-08-15,-0.0004954091159211962,-0.0004954091159211962,-0.0014278321506501059,0.0009324230347289097,0.0009324230347289097,0.0,0.0,False,0.0,0.0,-0.0014278321506501059
2017-08-16,0.0019410088502140412,0.0019410088502140412,0.0034104706229447267,-0.0014694617727306855,-0.0014694617727306855,0.0,0.0,False,0.0,0.0,0.0034104706229447267
2017-08-17,-0.008947286074971639,-0.008947286074971639,-0.007285553427831435,-0.0016617326471402034,-0.0016617326471402034,0.0,0.0,False,0.0,0.0,-0.007285553427831435
2017-08-18,0.00012725904349630254,0.00012725904349630254,0.0007137616580066349,-0.0005865026145103324,-0.0005865026145103324,0.0,0.0,False,0.0,0.0,0.0007137616580066349
2017-08-21,0.000794381408766089,0.000794381408766089,0.0009940080594879014,-0.00019962665072181232,-0.00019962665072181232,0.0,0.0,False,0.0,0.0,0.0009940080594879014
2017-08-22,0.00562497446067394,0.00562497446067394,0.004725334581741999,0.0008996398789319409,0.0008996398789319409,0.0,0.0,False,0.0,0.0,0.004725334581741999
2017-08-23,-0.0005197238854226716,-0.0005197238854226716,0.000967420385212506,-0.0014871442706351776,-0.0014871442706351776,0.0,0.0,False,0.0,0.0,0.000967420385212506
2017-08-24,-0.0009432459399336307,-0.0009432459399336307,-0.0013552205077409082,0.0004119745678072775,0.0004119745678072775,0.0,0.0,False,0.0,0.0,-0.0013552205077409082
2017-08-25,0.002673986958513017,0.002673986958513017,0.003208001035342511,-0.0005340140768294939,-0.0005340140768294939,0.0,0.0,False,0.0,0.0,0.003208001035342511
2017-08-28,0.00016781987505488954,0.00016781987505488954,6.970770200067782e-06,0.00016084910485482176,0.00016084910485482176,0.0,0.0,False,0.0,0.0,6.970770200067782e-06
2017-08-29,-0.0003579527231181705,-0.0003579527231181705,0.00030884122091451045,-0.000666793944032681,-0.000666793944032681,0.0,0.0,False,0.0,0.0,0.00030884122091451045
2017-08-30,0.002633728767901211,0.002633728767901211,0.00161485942598289,0.001018869341918321,0.001018869341918321,0.0,0.0,False,0.0,0.0,0.00161485942598289
2017-08-31,0.004530357565285478,0.004530357565285478,0.00429886502919441,0.00023149253609106805,0.00023149253609106805,0.0,0.0,False,0.0,0.0,0.00429886502919441
2017-09-01,0.0005305919282125795,0.0004504581377540086,8.049035159017907e-05,0.00036996778616382953,0.0004501015766224004,0.08013379045857087,8.013379045857087e-05,True,0.004079558848254141,4.079558848254141e-06,7.641079274192493e-05
2017-09-05,-0.003743694030413046,-0.003743694030413046,-0.0018634392720057046,-0.0018802547584073413,-0.0018802547584073413,0.0,0.0,False,0.0,0.0,-0.0018634392720057046
2017-09-06,0.0017814823281632989,0.0017814823281632989,0.0013683990134836918,0.0004130833146796071,0.0004130833146796071,0.0,0.0,False,0.0,0.0,0.0013683990134836918
2017-09-07,0.0022651377809710656,0.0022651377809710656,0.0037731360621121902,-0.0015079982811411247,-0.0015079982811411247,0.0,0.0,False,0.0,0.0,0.0037731360621121902
2017-09-08,-0.0017447773303329805,-0.0017447773303329805,-0.0016562784703849556,-8.84988599480249e-05,-8.84988599480249e-05,0.0,0.0,False,0.0,0.0,-0.0016562784703849556
2017-09-11,0.005914192502585592,0.005914192502585592,0.004022570037624463,0.0018916224649611285,0.0018916224649611285,0.0,0.0,False,0.0,0.0,0.004022570037624463
2017-09-12,0.002060950502351617,0.002060950502351617,0.0007767223068402128,0.0012842281955114043,0.0012842281955114043,0.0,0.0,False,0.0,0.0,0.0007767223068402128
2017-09-13,-0.0010220847206183251,-0.0010220847206183251,-0.0018087347879017775,0.0007866500672834523,0.0007866500672834523,0.0,0.0,False,0.0,0.0,-0.0018087347879017775
2017-09-14,0.0010119842375343221,0.0010119842375343221,0.001000190099884619,1.1794137649703135e-05,1.1794137649703135e-05,0.0,0.0,False,0.0,0.0,0.001000190099884619
2017-09-15,0.0010444567025295116,0.0010444567025295116,0.0017265194790368529,-0.0006820627765073413,-0.0006820627765073413,0.0,0.0,False,0.0,0.0,0.0017265194790368529
2017-09-18,0.0007550776633672999,0.0007550776633672999,0.0003375477477846597,0.00041752991558264023,0.00041752991558264023,0.0,0.0,False,0.0,0.0,0.0003375477477846597
2017-09-19,0.0017321651499279563,0.0017321651499279563,0.0009806667296194552,0.0007514984203085011,0.0007514984203085011,0.0,0.0,False,0.0,0.0,0.0009806667296194552
2017-09-20,-0.0005448201127839248,-0.0005448201127839248,-0.00106028983325105,0.0005154697204671253,0.0005154697204671253,0.0,0.0,False,0.0,0.0,-0.00106028983325105
2017-09-21,-0.001748041594114483,-0.001748041594114483,-0.0014588430357623653,-0.00028919855835211764,-0.00028919855835211764,0.0,0.0,False,0.0,0.0,-0.0014588430357623653
2017-09-22,0.0012113215742936612,0.0012113215742936612,0.0008549755626757868,0.0003563460116178744,0.0003563460116178744,0.0,0.0,False,0.0,0.0,0.0008549755626757868
2017-09-25,-0.0012488715052208488,-0.0012488715052208488,-0.001671955471382747,0.0004230839661618982,0.0004230839661618982,0.0,0.0,False,0.0,0.0,-0.001671955471382747
2017-09-26,9.202649521211387e-05,9.202649521211387e-05,-0.0005350305414728591,0.000627057036684973,0.000627057036684973,0.0,0.0,False,0.0,0.0,-0.0005350305414728591
2017-09-27,0.0011197527241371382,0.0011197527241371382,-0.0003928750246720217,0.00151262774880916,0.00151262774880916,0.0,0.0,False,0.0,0.0,-0.0003928750246720217
2017-09-28,0.0011878350848466396,0.0011878350848466396,0.0008787752655172259,0.00030905981932941376,0.00030905981932941376,0.0,0.0,False,0.0,0.0,0.0008787752655172259
2017-09-29,0.0030435918319698368,0.0030435918319698368,0.003219978645443812,-0.0001763868134739754,-0.0001763868134739754,0.0,0.0,False,0.0,0.0,0.003219978645443812
2017-10-02,0.0012372178651581958,0.0011851051336197241,0.001627789458993517,-0.00044268432537379284,-0.0003905715938353211,0.05211273153847171,5.211273153847171e-05,True,0.008379503344722903,8.379503344722902e-06,0.001619409955648794
2017-10-03,0.0022914714637750273,0.0022914714637750273,0.0035038680705436528,-0.0012123966067686255,-0.0012123966067686255,0.0,0.0,False,0.0,0.0,0.0035038680705436528
2017-10-04,-0.00039031545578914814,-0.00039031545578914814,-0.00024872167389612806,-0.00014159378189302008,-0.00014159378189302008,0.0,0.0,False,0.0,0.0,-0.00024872167389612806
2017-10-05,0.0022705224963885193,0.0022705224963885193,0.0019845580844869604,0.00028596441190155896,0.00028596441190155896,0.0,0.0,False,0.0,0.0,0.0019845580844869604
2017-10-06,-0.0011404144848747126,-0.0011404144848747126,-0.001538560331750456,0.0003981458468757433,0.0003981458468757433,0.0,0.0,False,0.0,0.0,-0.001538560331750456
2017-10-09,-0.00040872976808731736,-0.00040872976808731736,-0.0002262381647918356,-0.00018249160329548175,-0.00018249160329548175,0.0,0.0,False,0.0,0.0,-0.0002262381647918356
2017-10-10,0.0032658021677458454,0.0032658021677458454,0.0036095237822904207,-0.00034372161454457534,-0.00034372161454457534,0.0,0.0,False,0.0,0.0,0.0036095237822904207
2017-10-11,0.0006774434705463831,0.0006774434705463831,0.0015158129116614523,-0.0008383694411150692,-0.0008383694411150692,0.0,0.0,False,0.0,0.0,0.0015158129116614523
2017-10-12,-0.0010803549887164544,-0.0010803549887164544,-0.00022648995785522875,-0.0008538650308612256,-0.0008538650308612256,0.0,0.0,False,0.0,0.0,-0.00022648995785522875
2017-10-13,0.0020399682248204805,0.0020399682248204805,0.0036026904851842482,-0.0015627222603637678,-0.0015627222603637678,0.0,0.0,False,0.0,0.0,0.0036026904851842482
2017-10-16,0.00038941742641229184,0.00038941742641229184,-0.0003945078925409229,0.0007839253189532147,0.0007839253189532147,0.0,0.0,False,0.0,0.0,-0.0003945078925409229
2017-10-17,0.00019286284116497868,0.00019286284116497868,-0.000884074417019941,0.0010769372581849197,0.0010769372581849197,0.0,0.0,False,0.0,0.0,-0.000884074417019941
2017-10-18,0.0011802095129201965,0.0011802095129201965,0.0001554164328782954,0.001024793080041901,0.001024793080041901,0.0,0.0,False,0.0,0.0,0.0001554164328782954
2017-10-19,-7.074911262263189e-05,-7.074911262263189e-05,-0.0006237311590387427,0.0005529820464161108,0.0005529820464161108,0.0,0.0,False,0.0,0.0,-0.0006237311590387427
2017-10-20,0.001619236160636881,0.001619236160636881,0.000217841411681131,0.00140139474895575,0.00140139474895575,0.0,0.0,False,0.0,0.0,0.000217841411681131
2017-10-23,-0.0021388266594282784,-0.0021388266594282784,-0.0022733572995950048,0.00013453064016672638,0.00013453064016672638,0.0,0.0,False,0.0,0.0,-0.0022733572995950048
2017-10-24,0.000740395979435722,0.000740395979435722,-0.00039637191033783454,0.0011367678897735566,0.0011367678897735566,0.0,0.0,False,0.0,0.0,-0.00039637191033783454
2017-10-25,-0.003787030237399491,-0.003787030237399491,-0.003494630406292051,-0.00029239983110743986,-0.00029239983110743986,0.0,0.0,False,0.0,0.0,-0.003494630406292051
2017-10-26,-1.4089242906664191e-05,-1.4089242906664191e-05,-0.0006516480175061943,0.0006375587745995301,0.0006375587745995301,0.0,0.0,False,0.0,0.0,-0.0006516480175061943
2017-10-27,0.004588114135042559,0.004588114135042559,0.006046034999107138,-0.0014579208640645791,-0.0014579208640645791,0.0,0.0,False,0.0,0.0,0.006046034999107138
2017-10-30,-0.0006227398064455521,-0.0006227398064455521,-0.00028812215375362943,-0.0003346176526919227,-0.0003346176526919227,0.0,0.0,False,0.0,0.0,-0.00028812215375362943
2017-10-31,0.0013935879395661854,0.0013935879395661854,0.0020773501445516727,-0.0006837622049854872,-0.0006837622049854872,0.0,0.0,False,0.0,0.0,0.0020773501445516727
2017-11-01,0.0004570504870653775,0.0003769924616909462,0.0013150189126938717,-0.0009380264510029256,-0.0008579684256284942,0.08005802537443128,8.005802537443129e-05,True,0.005576813618528267,5.576813618528267e-06,0.0013094420990753435
2017-11-02,0.000762946639715967,0.000762946639715967,0.0013050788765513787,-0.0005421322368354117,-0.0005421322368354117,0.0,0.0,False,0.0,0.0,0.0013050788765513787
2017-11-03,0.0006008296673827135,0.0006008296673827135,0.0008435982739016988,-0.0002427686065189853,-0.0002427686065189853,0.0,0.0,False,0.0,0.0,0.0008435982739016988
2017-11-06,0.0009001219111376765,0.0009001219111376765,0.0023262230621327678,-0.0014261011509950914,-0.0014261011509950914,0.0,0.0,False,0.0,0.0,0.0023262230621327678
2017-11-07,-0.0023281413275682747,-0.0023281413275682747,-0.0018391824171052216,-0.0004889589104630531,-0.0004889589104630531,0.0,0.0,False,0.0,0.0,-0.0018391824171052216
2017-11-08,-0.0002438665164443423,-0.0002438665164443423,0.0009904969148063344,-0.0012343634312506767,-0.0012343634312506767,0.0,0.0,False,0.0,0.0,0.0009904969148063344
2017-11-09,-0.0045981442783021576,-0.0045981442783021576,-0.003360157679811106,-0.0012379865984910514,-0.0012379865984910514,0.0,0.0,False,0.0,0.0,-0.003360157679811106
2017-11-10,-0.000621088102347492,-0.000621088102347492,-0.003606376962818541,0.002985288860471049,0.002985288860471049,0.0,0.0,False,0.0,0.0,-0.003606376962818541
2017-11-13,-0.0011754765249775904,-0.0011754765249775904,-0.000513483437139706,-0.0006619930878378845,-0.0006619930878378845,0.0,0.0,False,0.0,0.0,-0.000513483437139706
2017-11-14,-0.002308765679058915,-0.002308765679058915,-0.0009554306978026186,-0.0013533349812562964,-0.0013533349812562964,0.0,0.0,False,0.0,0.0,-0.0009554306978026186
2017-11-15,-0.0023913688231738117,-0.0023913688231738117,-0.0010347718929540279,-0.0013565969302197839,-0.0013565969302197839,0.0,0.0,False,0.0,0.0,-0.0010347718929540279
2017-11-16,0.007962297851893792,0.007962297851893792,0.0053961679391466115,0.0025661299127471802,0.0025661299127471802,0.0,0.0,False,0.0,0.0,0.0053961679391466115
2017-11-17,-0.0019807350907128838,-0.0019807350907128838,0.00012425995887106799,-0.0021049950495839517,-0.0021049950495839517,0.0,0.0,False,0.0,0.0,0.00012425995887106799
2017-11-20,0.0011754112533475755,0.0011754112533475755,0.0013745461679387644,-0.00019913491459118892,-0.00019913491459118892,0.0,0.0,False,0.0,0.0,0.0013745461679387644
2017-11-21,0.004978485893429941,0.004978485893429941,0.005657843027209291,-0.0006793571337793507,-0.0006793571337793507,0.0,0.0,False,0.0,0.0,0.005657843027209291
2017-11-22,0.0014380144618387491,0.0014380144618387491,0.0017099152176841283,-0.0002719007558453792,-0.0002719007558453792,0.0,0.0,False,0.0,0.0,0.0017099152176841283
2017-11-24,0.0031292664452104834,0.0031292664452104834,0.0012352726231053641,0.0018939938221051193,0.0018939938221051193,0.0,0.0,False,0.0,0.0,0.0012352726231053641
2017-11-27,-0.0029850758418447166,-0.0029850758418447166,-0.002720490316035072,-0.00026458552580964443,-0.00026458552580964443,0.0,0.0,False,0.0,0.0,-0.002720490316035072
2017-11-28,0.005649665924961261,0.005649665924961261,0.005761713328424921,-0.00011204740346365972,-0.00011204740346365972,0.0,0.0,False,0.0,0.0,0.005761713328424921
2017-11-29,-0.0020984851977654613,-0.0020984851977654613,-0.003925330403366279,0.0018268452056008177,0.0018268452056008177,0.0,0.0,False,0.0,0.0,-0.003925330403366279
2017-11-30,0.002700484321595151,0.002700484321595151,0.0008518644204651938,0.0018486199011299572,0.0018486199011299572,0.0,0.0,False,0.0,0.0,0.0008518644204651938
2017-12-01,-0.0016058584381771774,-0.001687537262662247,-0.00011340278954784515,-0.0015741344731144019,-0.0014924556486293323,0.08167882448506966,8.167882448506967e-05,True,0.006746972295844162,6.7469722958441614e-06,-0.00012014976184368931
2017-12-04,-0.0014484701074540468,-0.0014484701074540468,-0.0007212629333803696,-0.0007272071740736772,-0.0007272071740736772,0.0,0.0,False,0.0,0.0,-0.0007212629333803696
2017-12-05,-0.001468580921589608,-0.001468580921589608,-0.001266692179098714,-0.00020188874249089397,-0.00020188874249089397,0.0,0.0,False,0.0,0.0,-0.001266692179098714
2017-12-06,-0.0007907462253581569,-0.0007907462253581569,-0.0009410239582561525,0.00015027773289799564,0.00015027773289799564,0.0,0.0,False,0.0,0.0,-0.0009410239582561525
2017-12-07,0.0014836841393972863,0.0014836841393972863,0.0008915890567341824,0.000592095082663104,0.000592095082663104,0.0,0.0,False,0.0,0.0,0.0008915890567341824
2017-12-08,0.0031684870324937236,0.0031684870324937236,0.0032893279980823224,-0.00012084096558859876,-0.00012084096558859876,0.0,0.0,False,0.0,0.0,0.0032893279980823224
2017-12-11,0.0016540741848289347,0.0016540741848289347,0.0016436227843809126,1.0451400448022044e-05,1.0451400448022044e-05,0.0,0.0,False,0.0,0.0,0.0016436227843809126
2017-12-12,0.0005631816020423302,0.0005631816020423302,-0.00040238602855831583,0.000965567630600646,0.000965567630600646,0.0,0.0,False,0.0,0.0,-0.00040238602855831583
2017-12-13,0.001878788277666566,0.001878788277666566,0.0037397511490262878,-0.0018609628713597219,-0.0018609628713597219,0.0,0.0,False,0.0,0.0,0.0037397511490262878
2017-12-14,-0.0032846210780723122,-0.0032846210780723122,-0.0029201030889955248,-0.00036451798907678745,-0.00036451798907678745,0.0,0.0,False,0.0,0.0,-0.0029201030889955248
2017-12-15,0.0017371799336022673,0.0017371799336022673,0.003729126591400876,-0.0019919466577986086,-0.0019919466577986086,0.0,0.0,False,0.0,0.0,0.003729126591400876
2017-12-18,0.005458035767926885,0.005458035767926885,0.004096641853973284,0.001361393913953601,0.001361393913953601,0.0,0.0,False,0.0,0.0,0.004096641853973284
2017-12-19,-0.0032920274463220803,-0.0032920274463220803,-0.004948136291079686,0.0016561088447576058,0.0016561088447576058,0.0,0.0,False,0.0,0.0,-0.004948136291079686
2017-12-20,-0.0006988006787442387,-0.0006988006787442387,-0.0017215267424579364,0.0010227260637136978,0.0010227260637136978,0.0,0.0,False,0.0,0.0,-0.0017215267424579364
2017-12-21,0.0023078100341170655,0.0023078100341170655,0.002868096808311289,-0.0005602867741942236,-0.0005602867741942236,0.0,0.0,False,0.0,0.0,0.002868096808311289
2017-12-22,0.0012466574976108175,0.0012466574976108175,0.0013238021660310247,-7.714466842020712e-05,-7.714466842020712e-05,0.0,0.0,False,0.0,0.0,0.0013238021660310247
2017-12-26,0.00031488903676926423,0.00031488903676926423,-4.1622747824587956e-05,0.0003565117845938522,0.0003565117845938522,0.0,0.0,False,0.0,0.0,-4.1622747824587956e-05
2017-12-27,0.0014728728041508553,0.0014728728041508553,0.002964332099214875,-0.0014914592950640198,-0.0014914592950640198,0.0,0.0,False,0.0,0.0,0.002964332099214875
2017-12-28,0.0003826717852610257,0.0003826717852610257,0.0012082928120689426,-0.0008256210268079169,-0.0008256210268079169,0.0,0.0,False,0.0,0.0,0.0012082928120689426
2017-12-29,0.00015099147555889647,0.00015099147555889647,-0.00036414903759507443,0.0005151405131539709,0.0005151405131539709,0.0,0.0,False,0.0,0.0,-0.00036414903759507443
