,SPY,IWM,EFA,EEM,IEF,TLT,LQD,HYG,GLD,VNQ
2011-01-03,0.30000000001127675,0.1999999999651268,0.0,1.457973846271023e-11,0.3499999999146422,1.1099681405150724e-11,0.15000000002179148,9.707397385381306e-12,4.934484662406207e-11,2.4311190589510948e-12
2011-01-04,0.3012706251418139,0.20224740096006058,0.0,1.4631596944848036e-11,0.3468106882571838,1.0949411044047936e-11,0.14967128555445086,9.656243071323409e-12,4.879222333947662e-11,2.4613865666621038e-12
2011-01-05,0.30175515189490887,0.19967979587440232,0.0,1.4730283645669565e-11,0.34837738708559857,1.0985996847340823e-11,0.1501876650594874,9.721017334861385e-12,4.774607415940289e-11,2.419469577569435e-12
2011-01-06,0.30361029394833716,0.20221333499021293,0.0,1.4707588500081724e-11,0.34495004951923514,1.0754164302497816e-11,0.14922632145691128,9.754860914195927e-12,4.765642839104931e-11,2.430511169656603e-12
2011-01-07,0.30287385889541574,0.20117608328421038,0.0,1.454515727776671e-11,0.34657303549201424,1.0796140316364624e-11,0.14937702224340707,9.762080108893023e-12,4.744270679842632e-11,2.4066212646564833e-12
2011-01-10,0.3018802566753587,0.1997655505175725,0.0,1.4391927240475467e-11,0.34841735962453535,1.0839395008025595e-11,0.14993683309789463,9.711741920660036e-12,4.7291533514115794e-11,2.4043160121053893e-12
2011-01-11,0.3008340080273202,0.20046635961408893,0.0,1.4211204286905039e-11,0.34883301146078166,1.0873993477063605e-11,0.14986662081326488,9.682798828990705e-12,4.7377774837670416e-11,2.39856798682894e-12
2011-01-12,0.30176765973055575,0.2011904083467166,0.0,1.4356861169570155e-11,0.34730985424880284,1.080834131267949e-11,0.1497320775890155,9.715900083681903e-12,4.7635925706742776e-11,2.392284362767709e-12
2011-01-13,0.30347344766472906,0.20223784152942548,0.0,1.4596513627920025e-11,0.34515267379571646,1.0688223862901838e-11,0.1491360369250761,9.70364335238782e-12,4.767029768763028e-11,2.3942813277633282e-12
2011-01-14,0.3022533685842773,0.20167855456320014,0.0,1.4434756126391612e-11,0.3466470147013396,1.075811423967348e-11,0.14942106206685418,9.678322079412552e-12,4.706129955778945e-11,2.3963564598151075e-12
2011-01-18,0.3038245047724992,0.20277934445342263,0.0,1.4447623631103481e-11,0.34498718814937024,1.0667717219474325e-11,0.14840896254102146,9.674541087599962e-12,4.648918415915201e-11,2.4074867596003002e-12
2011-01-19,0.3044203496531149,0.2029829411672031,0.0,1.4430252475266372e-11,0.3442312534442384,1.0620522257809406e-11,0.14836545565152762,9.67598241609551e-12,4.6760545197733196e-11,2.4288734746748085e-12
2011-01-20,0.303690276261087,0.19924927003078582,0.0,1.4425812187450655e-11,0.34769485092850205,1.0777218052957719e-11,0.14936560269507626,9.718491041616904e-12,4.7212738283016824e-11,2.41479366473166e-12
2011-01-21,0.30506656132152643,0.19832527083780385,0.0,1.435154165152301e-11,0.3470155181168286,1.0690903226192526e-11,0.14959264964001856,9.75616099871185e-12,4.659470825229972e-11,2.429396721660691e-12
2011-01-24,0.3055314686747102,0.1968526494376077,0.0,1.4191337817250482e-11,0.3479128622705256,1.076772405862385e-11,0.14970301953347975,9.788643433168912e-12,4.649996461610469e-11,2.429354946538513e-12
2011-01-25,0.3062591545151219,0.1976545721296062,0.0,1.4254252736725826e-11,0.34680658502260486,1.0737027654467683e-11,0.14927968824936177,9.770381619170592e-12,4.611016642944184e-11,2.433595577390694e-12
2011-01-26,0.3055215874706454,0.19737584866796307,0.0,1.4127261887295034e-11,0.3475224218415272,1.0807091333585605e-11,0.14958014193683647,9.756495295938892e-12,4.588250013064519e-11,2.4547142210786426e-12
2011-01-27,0.3062813668562244,0.20024211601297615,0.0,1.423201661211229e-11,0.3449380736920504,1.0628721960483384e-11,0.14853844335547753,9.76326270844719e-12,4.619256495912344e-11,2.4552425016162033e-12
2011-01-28,0.30615653680579247,0.20024798733376464,0.0,1.4142844062950413e-11,0.3452373674747444,1.064596333771182e-11,0.14835810830374938,9.747996076945615e-12,4.4925746761692136e-11,2.486777137339749e-12
2011-01-31,0.30337890024185454,0.19702046299529646,0.0,1.3812646669507623e-11,0.3497826765241732,1.0793239760409475e-11,0.1498179601556896,9.772361366079234e-12,4.6141709568300856e-11,2.466483724700003e-12
2011-02-01,0.30337890024144937,0.2966210997582441,0.0,8.914192280490575e-12,0.0497826765317358,4.038753290721687e-12,0.14981796015635523,0.10039936330400012,0.09999999999344066,1.821690867509917e-12
2011-02-02,0.3045235797560291,0.2998159826524899,0.0,9.020235529282738e-12,0.04895449387423009,3.9703579408546395e-12,0.1478177594715238,0.0993849770828397,0.09950320714809258,1.8041589177907135e-12
2011-02-03,0.3046330509131675,0.299367938693674,0.0,8.973328009318258e-12,0.04895006155546052,3.980275650300917e-12,0.1478659285413802,0.09972020758603732,0.09946281269551857,1.8082652134929968e-12
2011-02-04,0.30456992740352007,0.29969471992442137,0.0,8.9400395212656e-12,0.048552765599924885,3.937710467485319e-12,0.14715136279211563,0.09947846303138495,0.10055276123394641,1.8089181247987512e-12
2011-02-07,0.30523005300250616,0.300022687186246,0.0,8.932213529731944e-12,0.04822136288247054,3.89519654419373e-12,0.14660251165953614,0.09984748522405835,0.10007590003056094,1.7945120806520427e-12
2011-02-08,0.30554374976525134,0.3014171699454595,0.0,8.897305149496126e-12,0.04795006777637939,3.89504545365888e-12,0.14600467873020026,0.0995129009562085,0.09957143281190585,1.8027179921398357e-12
2011-02-09,0.30574929922341254,0.30237668570222526,0.0,8.866801655272239e-12,0.047437276886115085,3.844384550427636e-12,0.14491263918788017,0.09923689449925228,0.10028720448659974,1.8035599449504737e-12
2011-02-10,0.30549684632854085,0.30146996996890507,0.0,8.675600212634395e-12,0.0477766494327314,3.883438055309984e-12,0.146058742903506,0.0988189233614409,0.10037886799050919,1.8074064146104461e-12
2011-02-11,0.30549809908257064,0.30254974372917015,0.0,8.590415358938553e-12,0.04760246317780788,3.8371692777170725e-12,0.14528445958251923,0.09888981032238887,0.10017542409130122,1.8142197526881893e-12
2011-02-14,0.3054976524926829,0.304013758922909,0.0,8.643604543411314e-12,0.047537447722793426,3.869322594772743e-12,0.14521833752912172,0.09854930881848058,0.09918349449968396,1.8152372517983646e-12
2011-02-15,0.3053320503200812,0.30467157461443917,0.0,8.574765420575834e-12,0.047413242777776025,3.860540629184921e-12,0.14488578342739042,0.09833447311978147,0.09936287572628598,1.810212081387777e-12
2011-02-16,0.3048878860670579,0.3034501932492596,0.0,8.606354480835631e-12,0.0476024023486785,3.884373361032696e-12,0.1454554361117175,0.09830885765039162,0.10029522455859756,1.806470967143786e-12
2011-02-17,0.3055137837646729,0.3045961322221102,0.0,8.641485767978212e-12,0.04733376226665065,3.855444685397052e-12,0.14466473454449824,0.09792431398992871,0.09996727319783945,1.8028284706379544e-12
2011-02-18,0.3050789058685003,0.3053837759058539,0.0,8.633484640723635e-12,0.04729994092146224,3.844479887947806e-12,0.1442956788691114,0.0977164808325032,0.10022521758829417,1.7967421281504782e-12
2011-02-22,0.3051836434313571,0.30518221816304586,0.0,8.670901697222279e-12,0.04720748658599284,3.825830756413544e-12,0.1442582819286025,0.09784325387444648,0.10032511600225766,1.8006703162370138e-12
2011-02-23,0.303076758327955,0.30134180246662595,0.0,8.506569031078636e-12,0.048303497162686906,3.935288209511789e-12,0.14660218364546324,0.09834194425381906,0.10233381412919877,1.809016808492808e-12
2011-02-24,0.30313640258073155,0.29803629750220956,0.0,8.568478166697782e-12,0.04849161047804612,3.974782613896118e-12,0.14736058369992294,0.09906653479958252,0.10390857092515857,1.8052349328275954e-12
2011-02-25,0.3025401415696148,0.29955683630041047,0.0,8.578484629850622e-12,0.04855463689906532,3.994949430564279e-12,0.14733490906650873,0.09901525990662087,0.10299821624341707,1.7891823244049423e-12
2011-02-28,0.3021485696106309,0.30285852676301783,0.0,8.578510644115635e-12,0.04813336456057273,3.97080424779339e-12,0.14627235141216993,0.09813940948742854,0.10244777815182816,1.8025258137026027e-12
2011-03-01,0.3499999999940374,0.1499999999875352,0.0,2.0721125517422147e-11,0.003439669493162792,9.062729205067873e-15,0.14627235141631878,0.3499999999997193,0.0,0.0002879790884962984
2011-03-02,0.34742415966666246,0.14838387403165973,0.0,2.0702694317109528e-11,0.003476202414544542,9.17508604154743e-15,0.14766057621393153,0.3527731255276627,0.0,0.0002820621248272323
2011-03-03,0.3478652106954025,0.14888041367394397,0.0,2.096770101502022e-11,0.0034549375042167343,9.026205700467124e-15,0.14674593950223083,0.35277425280441266,0.0,0.00027924579881666176
2011-03-04,0.35035357470859224,0.1507565888973256,0.0,2.117134157338285e-11,0.0033975009479080965,8.849389139510721e-15,0.14467542676347336,0.3505364399815946,0.0,0.00028046867992605217
2011-03-07,0.3489256231906465,0.15061776399067997,0.0,2.12668955425671e-11,0.0034336151188704804,8.953797068613796e-15,0.14572590259975973,0.3510183606223982,0.0,0.00027873445636942184
2011-03-08,0.34810226276609263,0.14897130332108452,0.0,2.1083660793313392e-11,0.003444060710576206,8.945848580355857e-15,0.14616657892011192,0.3530375531418989,0.0,0.0002782411191434402
2011-03-09,0.34941155924277884,0.15064757513725166,0.0,2.126069013838319e-11,0.0034188871970258945,8.847352667206928e-15,0.14525500964874194,0.3509861966095995,0.0,0.0002807721433328605
2011-03-10,0.34937260252029695,0.150242873664111,0.0,2.1329724592909784e-11,0.003443425791487336,8.944992944212654e-15,0.14620327410778478,0.35045696990477126,0.0,0.0002808539902103371
2011-03-11,0.3469117632116743,0.14809022776287392,0.0,2.0939953170805074e-11,0.003513269709946491,9.201375506182295e-15,0.14851148170887427,0.35269347235526455,0.0,0.00027978523041769334
2011-03-14,0.3484183040512041,0.14809800990323665,0.0,2.1101687952949846e-11,0.0034960255288875703,9.12592769597444e-15,0.14799429987101487,0.3517114666839134,0.0,0.0002818939406329017
2011-03-15,0.34776014555649176,0.1479187124285619,0.0,2.131407336647402e-11,0.0035185080848912057,9.160015198735302e-15,0.14877606822741196,0.35174633345340084,0.0,0.00028023222791942123
2011-03-16,0.3462423528919246,0.1476537183411286,0.0,2.1109986480481117e-11,0.0035566133013735135,9.363865827510396e-15,0.14982999328565422,0.3524365580251561,0.0,0.0002807641336438746
2011-03-17,0.3429702541148001,0.14752763360436513,0.0,2.0869731320543853e-11,0.003619999804732949,9.557149354565313e-15,0.1521169761779169,0.3534859584626239,0.0,0.00027917781468205405
2011-03-18,0.3445559504198648,0.1465914877358675,0.0,2.0947517486716492e-11,0.0035782544421442135,9.403291124999198e-15,0.15072753499589986,0.3542678466428052,0.0,0.00027892574246169013
2011-03-21,0.3440978399292143,0.14780049582678179,0.0,2.0880787588257553e-11,0.003558285736612693,9.381855381076965e-15,0.15007766116635832,0.3541853743240391,0.0,0.0002803429961038958
2011-03-22,0.3458219226097869,0.1496613744594821,0.0,2.1062642523481166e-11,0.0035032714715278277,9.230320707762386e-15,0.14805267426725324,0.3526802975938475,0.0,0.0002804595770308726
2011-03-23,0.3451496367550579,0.1490974301048928,0.0,2.1158934409131628e-11,0.0035104971193045576,9.275285648208637e-15,0.14855106284875927,0.353412284544282,0.0,0.00027908860653555104
2011-03-24,0.3458183418877093,0.14942051755321475,0.0,2.1418294896877493e-11,0.003502780768644659,9.254809304313596e-15,0.14831909131389373,0.3526634991804951,0.0,0.0002757692746151074
2011-03-25,0.3476857456981506,0.14983188050980203,0.0,2.1575820057714788e-11,0.003470508966003888,9.147344341644198e-15,0.14722042230771645,0.35151564883568637,0.0,0.0002757936610558641
2011-03-28,0.34796235463780717,0.15079642950895966,0.0,2.1504484798105634e-11,0.003453418143476501,9.104008627533544e-15,0.14667258841945552,0.35083788707260083,0.0,0.0002773221961868148
2011-03-29,0.34746465568683627,0.15061828337245703,0.0,2.1417057276829853e-11,0.0034580187622334614,9.12606051508093e-15,0.1468747915968744,0.35130698923373677,0.0,0.0002772613264360104
2011-03-30,0.3486783884902468,0.15154468302374552,0.0,2.159319689615893e-11,0.003436955487928827,9.026841827557047e-15,0.1456904936020108,0.350371990138071,0.0,0.0002774892363950179
2011-03-31,0.34919466240538766,0.15267657451362138,0.0,2.1751956789201985e-11,0.0034302207272551874,9.049803200356135e-15,0.14540173653486893,0.3490168031751792,0.0,0.0002800026219268126
2011-04-01,0.34999999999197684,0.14999999998588057,6.200542013756472e-12,0.0,3.750816074531027e-13,0.0,0.04999999995580398,0.3499999999877144,0.10000000000799958,6.404919460797646e-11
2011-04-04,0.3509585359927237,0.15043659649249874,6.250111977349323e-12,0.0,3.7532659968993953e-13,0.0,0.0501618250034955,0.34906209631906643,0.09938094612153738,6.40529344090615e-11
2011-04-05,0.35007835921648206,0.15027241724082616,6.237507652560331e-12,0.0,3.7492135329615e-13,0.0,0.05011015414984397,0.350033792293019,0.0995052770294204,6.379595316391813e-11
2011-04-06,0.34933335908722507,0.15078937857551275,6.209793004757286e-12,0.0,3.722921436728977e-13,0.0,0.05003867981165877,0.3489606934021827,0.10087788905310342,6.373504958100191e-11
2011-04-07,0.3496404708310969,0.15078322711763076,6.246856347684108e-12,0.0,3.698455986840619e-13,0.0,0.049764332655339846,0.3489288972928584,0.10088307203283405,6.362312909706513e-11
2011-04-08,0.34925051508051214,0.15009718903184346,6.225075237051307e-12,0.0,3.704153817072612e-13,0.0,0.049761951101199166,0.34977054986051564,0.10111979485632626,6.300764990980643e-11
2011-04-11,0.3487396702743156,0.14881940792557752,6.288805170306881e-12,0.0,3.700686393280629e-13,0.0,0.04983353980228423,0.35046824864326326,0.1021391332852245,6.267584596662559e-11
2011-04-12,0.34889067428734083,0.14799979270574495,6.298171535742452e-12,0.0,3.7183110407347397e-13,0.0,0.050010283182713715,0.35133502421734913,0.10176422553724512,6.293605246008988e-11
2011-04-13,0.3484479058944479,0.14697478470769798,6.2784811547756986e-12,0.0,3.7626668205754464e-13,0.0,0.05049997033938976,0.35241631953259667,0.10166101945599318,6.321954015854666e-11
2011-04-14,0.34767086031893624,0.1468545371482843,6.283566836950982e-12,0.0,3.7691485697994325e-13,0.0,0.050479512483880974,0.3533453496258231,0.10164974035343008,6.298457116762237e-11
2011-04-15,0.3476691419695095,0.1474200443905125,6.306657787667292e-12,0.0,3.7537121209923714e-13,0.0,0.05031546455083258,0.3516562074623764,0.10293914155624023,6.384658075163109e-11
2011-04-18,0.3473912337717331,0.14832978267089744,6.269448416289979e-12,0.0,3.7644826244113036e-13,0.0,0.05035607135727425,0.35055630508419733,0.10336660704486933,6.438248191257068e-11
2011-04-19,0.34587368278453556,0.14688777794595234,6.1833541353627966e-12,0.0,3.799858261878037e-13,0.0,0.05077427950226732,0.35175112534483666,0.10471313435159939,6.424521492309452e-11
2011-04-20,0.3466956372102473,0.14643160684190035,6.20806603426086e-12,0.0,3.7919854367239745e-13,0.0,0.050710959401997026,0.35179933552957926,0.10436246094515446,6.453406649904926e-11
2011-04-21,0.34811740046751843,0.14802115151492484,6.3061471216775855e-12,0.0,3.741509484440024e-13,0.0,0.05025712204592692,0.3498193262739959,0.10378499962627714,6.467619853463112e-11
2011-04-25,0.3485282759004983,0.1485330630227037,6.32224046890995e-12,0.0,3.729676338253633e-13,0.0,0.05010648950638348,0.3492834819337041,0.10354868956515906,6.485580621430503e-11
2011-04-26,0.348440307845817,0.14845747800052936,6.327265020918588e-12,0.0,3.7458245239347064e-13,0.0,0.05019670483160782,0.3491827236595675,0.10372278559043598,6.534016694885128e-11
2011-04-27,0.3496348511146489,0.1491665487699383,6.343467233420112e-12,0.0,3.742488461388575e-13,0.0,0.05017157324276201,0.34818088911461725,0.10284613768574019,6.557529477178994e-11
2011-04-28,0.3500555670873438,0.14926566268538488,6.388589948160011e-12,0.0,3.7120152084538944e-13,0.0,0.049842613324855595,0.34656332711464827,0.10427282971529721,6.571013920098219e-11
2011-04-29,0.3502822688358678,0.14955708129801884,6.415326939585806e-12,0.0,3.716600896190558e-13,0.0,0.04987198206613723,0.3458534095681723,0.1044352581586007,6.64158781103101e-11
2011-05-02,0.34999999999086945,0.14999999996084207,0.0,1.1746149666499224e-11,1.1681131114417559e-10,0.0,0.04999999989982526,0.3499999999983178,0.10000000002158795,0.0
2011-05-03,0.350737975692989,0.14878801206154363,0.0,1.1791422698020986e-11,1.1720201239673515e-10,0.0,0.050299914590367964,0.351099797772257,0.0990742997538489,0.0
2011-05-04,0.350682454632388,0.14741294959901935,0.0,1.1569499172411238e-11,1.1791861142018632e-10,0.0,0.050450649408019486,0.3523880089968402,0.09906593723424473,0.0
2011-05-05,0.3503520185926981,0.14634005192558988,0.0,1.1443012685679872e-11,1.188953211055395e-10,0.0,0.050813176248416046,0.35429075586109227,0.0982039972418652,0.0
2011-05-06,0.34996581278546784,0.14683998826895314,0.0,1.142443625171187e-11,1.2044351761840114e-10,0.0,0.05139690345011254,0.3556603677599569,0.09613692760364143,0.0
2011-05-09,0.34963334278982827,0.14683122751776204,0.0,1.1511315537863103e-11,1.1986297897589178e-10,0.0,0.0511223038678551,0.3555701282814413,0.09684299741173881,0.0
2011-05-10,0.34925410894958553,0.1478078516459682,0.0,1.1475818102647395e-11,1.1944627062609532e-10,0.0,0.05092026539101821,0.35427370451321033,0.09774406936929542,0.0
2011-05-11,0.35008249769958644,0.14915405444304383,0.0,1.154016634480849e-11,1.1814349222024438e-10,0.0,0.050403691465258096,0.35287032787994604,0.09748942838248183,0.0
2011-05-12,0.3491166829220372,0.1475477647292474,0.0,1.1373914853693757e-11,1.1949743521490556e-10,0.0,0.05088203612138415,0.35510243830233856,0.09735107779412126,0.0
2011-05-13,0.349652250068852,0.14837028720482728,0.0,1.1370576013245617e-11,1.188509235196645e-10,0.0,0.05059947365888795,0.3543064294987852,0.09707155943842603,0.0
2011-05-16,0.34929979365338926,0.1472896059198369,0.0,1.1196683584819341e-11,1.2011829476381956e-10,0.0,0.051092993789081165,0.3552314720265757,0.09708613447980195,0.0
2011-05-17,0.3483733733584959,0.14567669728118984,0.0,1.1221485760979397e-11,1.2085491381955635e-10,0.0,0.05143091193521052,0.3572464275194117,0.0972725897736155,0.0
2011-05-18,0.34840674714243963,0.14525213765463635,0.0,1.1260182319308578e-11,1.21238583728982e-10,0.0,0.05151305382574019,0.35795320728060304,0.09687485396408185,0.0
2011-05-19,0.3493486335316294,0.1465722870558554,0.0,1.1371580797646988e-11,1.1979874408067595e-10,0.0,0.05106592642051616,0.3561646496602978,0.0968485032005307,0.0
2011-05-20,0.3497903077938318,0.14672525911955947,0.0,1.1285176971988464e-11,1.1979059425649028e-10,0.0,0.051096394735471694,0.3556142890819135,0.09677374913814747,0.0
2011-05-23,0.34803250356900967,0.14608165364728798,0.0,1.1227743975554025e-11,1.204327012396826e-10,0.0,0.05120983604019611,0.3563913074583534,0.09828469915349215,0.0
2011-05-24,0.34682681725515285,0.14463561625719934,0.0,1.1084488392695008e-11,1.2158905869053638e-10,0.0,0.05159888713834401,0.3576164576902011,0.09932222152642886,0.0
2011-05-25,0.3468809723337452,0.1440849296585023,0.0,1.1206194615493227e-11,1.218364798734701e-10,0.0,0.05171509316006124,0.3573873611151498,0.09993164359949844,0.0
2011-05-26,0.34704433175806226,0.14548333989769552,0.0,1.1198215663748163e-11,1.2150130619333805e-10,0.0,0.051465385030375316,0.35636724422899396,0.09963969895217306,0.0
2011-05-27,0.34753584415068767,0.1469312552943885,0.0,1.1306212235176357e-11,1.2178462299870162e-10,0.0,0.05152399172286241,0.3549263639441882,0.09908254475478216,0.0
2011-05-31,0.34731686947809454,0.14728136804972364,0.0,1.1375041280799244e-11,1.212304184451424e-10,0.0,0.05135017380666553,0.3544247527439705,0.09962683578894,0.0
2011-06-01,0.34999999984878183,0.12081307295100804,0.17918692698871141,5.717345131252378e-11,0.0,0.0,4.407329432176001e-11,0.349999999988768,7.202741653084138e-11,4.945644396394071e-11
2011-06-02,0.34842017045532225,0.11907214396513928,0.17815447834908965,5.7179391155340694e-11,0.0,0.0,4.5106870272810346e-11,0.3543532070057622,7.348217498087587e-11,4.891809979282733e-11
2011-06-03,0.3479579744832739,0.11899710797579079,0.17901853574919913,5.770396947332719e-11,0.0,0.0,4.468668395931126e-11,0.354026381567532,7.326177729772106e-11,4.855169654297325e-11
2011-06-06,0.34675459194592806,0.11802565422320506,0.1802800973969177,5.779224335176364e-11,0.0,0.0,4.507704022015941e-11,0.3549396562079192,7.409686933514894e-11,4.906381583235753e-11
2011-06-07,0.3461338342287343,0.11711619108611321,0.17952365063755235,5.736787012406339e-11,0.0,0.0,4.539958331573809e-11,0.3572263238211743,7.48846091387026e-11,4.877375745954436e-11
2011-06-08,0.3454249716595613,0.1172281414742457,0.18090649836183495,5.7735905073765505e-11,0.0,0.0,4.549044270432538e-11,0.3564403882771665,7.474776568488954e-11,4.921722522548607e-11
2011-06-09,0.34632364649687103,0.11671005634476421,0.17979902883088392,5.771321228583461e-11,0.0,0.0,4.582948714652104e-11,0.3571672680995724,7.495219612904629e-11,4.941334529620087e-11
2011-06-10,0.3471051402469886,0.11670581486995713,0.18069075132965817,5.785602271994651e-11,0.0,0.0,4.5461876174590687e-11,0.35549829332653277,7.492563463727334e-11,4.8619540116970165e-11
2011-06-13,0.34685584253917534,0.11637242178854909,0.17887301388214102,5.735869342341971e-11,0.0,0.0,4.6015988277787965e-11,0.35789872156346736,7.526232595596352e-11,4.8029959810987476e-11
2011-06-14,0.34752446217724564,0.11617684099478284,0.17935005291590836,5.7325415690716666e-11,0.0,0.0,4.6118601869795605e-11,0.3569486436857292,7.460620696986179e-11,4.8283490576982703e-11
2011-06-15,0.3476497043060208,0.11722678736318443,0.18030833779932978,5.748214723724103e-11,0.0,0.0,4.542150774094375e-11,0.3548151703060069,7.414698566126466e-11,4.840711337224794e-11
2011-06-16,0.34691378975628057,0.11696833393919759,0.17716675066690735,5.714658703477352e-11,0.0,0.0,4.640103870684275e-11,0.3589511254101185,7.55578397947568e-11,4.839024889306294e-11
2011-06-17,0.34976053799143647,0.1179401562032012,0.1776160668695952,5.7052115068064614e-11,0.0,0.0,4.6590586589215736e-11,0.354683238707126,7.59338203383976e-11,4.9064352850308913e-11
2011-06-20,0.34845856751108983,0.11718149610620156,0.1781596160056738,5.674497591289848e-11,0.0,0.0,4.6295721175774216e-11,0.3562003201488754,7.591721507915043e-11,4.9201091003167196e-11
2011-06-21,0.34845217670049394,0.11765591205166279,0.1770380755367239,5.636882738163109e-11,0.0,0.0,4.606759873381355e-11,0.3568538354835636,7.55747653614471e-11,4.9544277046692735e-11
2011-06-22,0.34850375845832887,0.11859679806158886,0.17845672719769695,5.6636812057523574e-11,0.0,0.0,4.543926703891477e-11,0.35444271605611744,7.492690928330842e-11,4.92646544487274e-11
2011-06-23,0.34895088443791805,0.11855047037409844,0.17802681574892135,5.648516471460414e-11,0.0,0.0,4.5835265953313365e-11,0.35447182921166936,7.559296341675646e-11,4.9479129768174486e-11
2011-06-24,0.3480072374214465,0.11903011364035258,0.17652643121173311,5.6420614779163337e-11,0.0,0.0,4.596289424425789e-11,0.35643621750131865,7.427902073874471e-11,4.8486253018351655e-11
2011-06-27,0.34675288493739015,0.11938233404670859,0.1762590568594071,5.6777945044394247e-11,0.0,0.0,4.6360349094327034e-11,0.3576057239306379,7.383093139812767e-11,4.888664118332522e-11
2011-06-28,0.3479683772378278,0.11966358618721193,0.17675775191616722,5.713158619744803e-11,0.0,0.0,4.596287658653242e-11,0.35561028443369663,7.316925388387916e-11,4.8832240562762024e-11
2011-06-29,0.3490380012480054,0.12032334413106006,0.17711426485254111,5.734304113032318e-11,0.0,0.0,4.519440976775752e-11,0.35352438954439946,7.2702062624202e-11,4.8753932087729846e-11
2011-06-30,0.34848416849901215,0.11968009546300976,0.17840130015020494,5.728906145670675e-11,0.0,0.0,4.4638076605342483e-11,0.3534344356646447,7.243293894871215e-11,4.8767682432077033e-11
2011-07-01,0.34999999996962233,0.2499999999258487,0.0,0.0,0.0,0.0,0.0,0.30000000009547295,0.0,0.10000000000905608
2011-07-05,0.35083040330006277,0.2507914946255189,0.0,0.0,0.0,0.0,0.0,0.29790751682911054,0.0,0.10047058524530773
2011-07-06,0.35002397778037175,0.2510242099050234,0.0,0.0,0.0,0.0,0.0,0.2978584492207504,0.0,0.10109336309385447
2011-07-07,0.34963155045882427,0.2514565058494912,0.0,0.0,0.0,0.0,0.0,0.2972993458325867,0.0,0.10161259785909772
2011-07-08,0.34980978618382136,0.2527488452320194,0.0,0.0,0.0,0.0,0.0,0.2955563065997118,0.0,0.10188506198444734
2011-07-11,0.3490568811649098,0.25246432471683555,0.0,0.0,0.0,0.0,0.0,0.2962171259795574,0.0,0.10226166813869714
2011-07-12,0.34844965725498056,0.2512086186846683,0.0,0.0,0.0,0.0,0.0,0.2981839448197024,0.0,0.10215777924064853
2011-07-13,0.3481271819300222,0.2506430330218274,0.0,0.0,0.0,0.0,0.0,0.2983747052054675,0.0,0.10285507984268275
2011-07-14,0.3476579903885743,0.2516980110313736,0.0,0.0,0.0,0.0,0.0,0.2992795090663348,0.0,0.10136448951371711
2011-07-15,0.34787146981504075,0.24956786909274858,0.0,0.0,0.0,0.0,0.0,0.30137912586537835,0.0,0.10118153522683218
2011-07-18,0.3482522340759284,0.2500599081640074,0.0,0.0,0.0,0.0,0.0,0.29986855739910045,0.0,0.1018193003609637
2011-07-19,0.3482214058799487,0.2480563353251902,0.0,0.0,0.0,0.0,0.0,0.30178942702851913,0.0,0.1019328317663419
2011-07-20,0.34889958432777163,0.2500927558691053,0.0,0.0,0.0,0.0,0.0,0.29889136282177736,0.0,0.10211629698134561
2011-07-21,0.3485589205417791,0.24957920094061048,0.0,0.0,0.0,0.0,0.0,0.2990418795121602,0.0,0.10281999900545
2011-07-22,0.350109637301574,0.24951885904512866,0.0,0.0,0.0,0.0,0.0,0.2976904524115365,0.0,0.10268105124176073
2011-07-25,0.349834034751858,0.24948223570567632,0.0,0.0,0.0,0.0,0.0,0.29764655344915925,0.0,0.10303717609330632
2011-07-26,0.35049165893593337,0.24839129338805208,0.0,0.0,0.0,0.0,0.0,0.2982770946232916,0.0,0.10283995305272282
2011-07-27,0.35000225662598833,0.24708627361274402,0.0,0.0,0.0,0.0,0.0,0.29959945853844583,0.0,0.10331201122282171
2011-07-28,0.34975938537773676,0.2445533618338611,0.0,0.0,0.0,0.0,0.0,0.30324591100788784,0.0,0.10244134178051421
2011-07-29,0.3490372952898312,0.24436275296913257,0.0,0.0,0.0,0.0,0.0,0.30397089455142745,0.0,0.10262905718960869
2011-08-01,0.3499999999939554,0.3499999999965604,0.0,0.0,2.841865826533124e-12,0.0,1.3202757054979261e-10,0.2999999998737105,9.040674326005953e-13,0.0
2011-08-02,0.34959681863232306,0.348800380283477,0.0,0.0,2.861084507298017e-12,0.0,1.3283040260464606e-10,0.30160280094760467,9.036171881012146e-13,0.0
2011-08-03,0.3488747835097501,0.34606853563517104,0.0,0.0,2.957025961320221e-12,0.0,1.3717007685262135e-10,0.30505668071400394,9.476882372832173e-13,0.0
2011-08-04,0.3493609051023247,0.3469734450069338,0.0,0.0,2.9475490950622675e-12,0.0,1.3657260086375696e-10,0.30366564975027754,9.437189072983277e-13,0.0
2011-08-05,0.34906858268632873,0.3417821066308726,0.0,0.0,3.130694339803997e-12,0.0,1.442016252191166e-10,0.3091493105344822,9.840608307703819e-13,0.0
2011-08-08,0.35094001858888124,0.3381098499392544,0.0,0.0,3.115715604261394e-12,0.0,1.433963082655613e-10,0.3109501313243546,9.97665996966263e-13,0.0
2011-08-09,0.3510951035547247,0.33032169739449,0.0,0.0,3.3872831391858675e-12,0.0,1.5199453732568444e-10,0.3185831988943003,1.1030794001390607e-12,0.0
2011-08-10,0.3505684492708559,0.3361760816841356,0.0,0.0,3.2507038808962057e-12,0.0,1.4632357981317928e-10,0.3132554688943723,1.061869171459811e-12,0.0
2011-08-11,0.3480433069163555,0.3320885795879272,0.0,0.0,3.4210981198896505e-12,0.0,1.5334813484286188e-10,0.31986811333780607,1.1419980091397602e-12,0.0
2011-08-12,0.3503446706641147,0.33590685923220315,0.0,0.0,3.2473666624551386e-12,0.0,1.4469946761387804e-10,0.31374846995465927,1.0760336139524543e-12,0.0
2011-08-15,0.3516563686348825,0.3369855985076442,0.0,0.0,3.2602767257265797e-12,0.0,1.4591744495611224e-10,0.31135803270722767,1.0679379164953615e-12,0.0
2011-08-16,0.351360788121636,0.33903112139933594,0.0,0.0,3.1782099936643862e-12,0.0,1.4303966303412182e-10,0.3096080903317541,1.0561747931216427e-12,0.0
2011-08-17,0.3523059782265251,0.33656400571623374,0.0,0.0,3.228978287868462e-12,0.0,1.451861631480204e-10,0.3111300159077448,1.0813176753074191e-12,0.0
2011-08-18,0.3512212991649093,0.3353985728607546,0.0,0.0,3.2394318691917392e-12,0.0,1.4503887416736643e-10,0.3133801278249776,1.0803648623776536e-12,0.0
2011-08-19,0.3493681081392557,0.3288197052757428,0.0,0.0,3.3851188426563573e-12,0.0,1.5097413308614721e-10,0.3218121864294981,1.1443390529338677e-12,0.0
2011-08-22,0.34864774943030336,0.32771569106307696,0.0,0.0,3.4378548980396053e-12,0.0,1.529752805137787e-10,0.32363655934903124,1.1755052301231084e-12,0.0
2011-08-23,0.34909952605764094,0.3267235817912088,0.0,0.0,3.4332862783638532e-12,0.0,1.524844488831123e-10,0.3241768919940264,1.2064150591746406e-12,0.0
2011-08-24,0.3501923466379677,0.3326198207412125,0.0,0.0,3.320823422189145e-12,0.0,1.463974139962016e-10,0.31718783246997406,1.1277094850874281e-12,0.0
2011-08-25,0.35215864721831924,0.3347273194088609,0.0,0.0,3.2577646623750383e-12,0.0,1.434590891834706e-10,0.31311403322502285,1.0803996090689387e-12,0.0
2011-08-26,0.3524693127377551,0.33185116509392776,0.0,0.0,3.331491125741527e-12,0.0,1.466143157970401e-10,0.3156795220172689,1.1026345520700218e-12,0.0
2011-08-29,0.3518806767753691,0.33433962833994146,0.0,0.0,3.288783468650494e-12,0.0,1.4433731232150894e-10,0.3137796947359464,1.1171909188048049e-12,0.0
2011-08-30,0.3517528469370575,0.34025436071228954,0.0,0.0,3.174725381149269e-12,0.0,1.407094241986582e-10,0.3079927922057053,1.0636906850549257e-12,0.0
2011-08-31,0.35146071471928253,0.34104539131286327,0.0,0.0,3.185628621611154e-12,0.0,1.4096550166652442e-10,0.30749389382261144,1.0917719605003289e-12,0.0
2011-09-01,0.3499999998735342,0.24250610825957816,0.0,0.0,0.0,0.0,5.502150859736714e-11,0.30749389527367943,0.09999999653818673,0.0
2011-09-02,0.3494759500933169,0.23945111493593624,0.0,0.0,0.0,0.0,5.55617326015069e-11,0.3100807512289254,0.10099218368625973,0.0
2011-09-06,0.34615207353797883,0.23438813559222085,0.0,0.0,0.0,0.0,5.6824169506959436e-11,0.31370612230483924,0.1057536685081369,0.0
2011-09-07,0.3460786574156309,0.23540584090590896,0.0,0.0,0.0,0.0,5.7564930232552926e-11,0.31220466202299085,0.10631083959790438,0.0
2011-09-08,0.3499610907378474,0.2402653704526904,0.0,0.0,0.0,0.0,5.672369051536766e-11,0.30854626032874827,0.10122727842399017,0.0
2011-09-09,0.3478470177206336,0.2368938521753297,0.0,0.0,0.0,0.0,5.6922891292498914e-11,0.31087104665550735,0.10438808339160639,0.0
2011-09-12,0.34547896948799683,0.2344920639519837,0.0,0.0,0.0,0.0,5.811839884998158e-11,0.3142110829904277,0.10581788351147338,0.0
2011-09-13,0.3479984854240998,0.23670042939088415,0.0,0.0,0.0,0.0,5.78126366701476e-11,0.31175852254511327,0.10354256258209021,0.0
2011-09-14,0.34754361166176034,0.2380275080664558,0.0,0.0,0.0,0.0,5.720219755020236e-11,0.31087684171052066,0.103552038504061,0.0
2011-09-15,0.3487378865972778,0.23980665983991556,0.0,0.0,0.0,0.0,5.658989931370636e-11,0.30972992278650474,0.10172553071971195,0.0
2011-09-16,0.35129358587584814,0.2408043944567959,0.0,0.0,0.0,0.0,5.584387236155202e-11,0.3087666800882578,0.09913533952325428,0.0
2011-09-19,0.3522459602137542,0.24040628893443025,0.0,0.0,0.0,0.0,5.5665811330660886e-11,0.3076049092843307,0.09974284151181913,0.0
2011-09-20,0.35219403668827387,0.2384431707996379,0.0,0.0,0.0,0.0,5.6527324038436095e-11,0.31018815090058216,0.09917464155497889,0.0
2011-09-21,0.3525585042408458,0.2352596597519315,0.0,0.0,0.0,0.0,5.6676779896091433e-11,0.31137237631558623,0.10080945963495988,0.0
2011-09-22,0.35024172800769426,0.23189254473132417,0.0,0.0,0.0,0.0,5.814670965988638e-11,0.3159645772063244,0.10190114999651062,0.0
2011-09-23,0.34752326851619225,0.23113705661637413,0.0,0.0,0.0,0.0,5.973835637042297e-11,0.3195846799111475,0.10175499489654803,0.0
2011-09-26,0.34970213399270617,0.2335597430807014,0.0,0.0,0.0,0.0,5.938470215483475e-11,0.3205275137049442,0.09621060916226375,0.0
2011-09-27,0.35356565046667104,0.2350103639811127,0.0,0.0,0.0,0.0,5.853700660229138e-11,0.3177298834410921,0.09369410205258745,0.0
2011-09-28,0.3535590428205322,0.23741421529332088,0.0,0.0,0.0,0.0,5.770357142497581e-11,0.3145772451069726,0.09444949672147095,0.0
2011-09-29,0.35429127373367386,0.23355137847021815,0.0,0.0,0.0,0.0,5.879185057225974e-11,0.3181920427420044,0.09396530499531193,0.0
2011-09-30,0.35456093623542795,0.23591559168188025,0.0,0.0,0.0,0.0,5.831262370491534e-11,0.31534011485849817,0.09418335716588126,0.0
2011-10-03,0.349999999969347,0.15000000002933978,0.0,0.0,0.29418335697970543,0.0,6.672888665294279e-11,0.10581664293914488,0.10000000001543013,3.0399788141797775e-13
2011-10-04,0.3450074262238912,0.144356906096208,0.0,0.0,0.30124484611228597,0.0,6.782957778392985e-11,0.10606835142104507,0.10332247007844635,2.9388705195132466e-13
2011-10-05,0.34819653005059387,0.15144833182563314,0.0,0.0,0.2959892697197132,0.0,6.64023589438214e-11,0.10443010333816319,0.09993576499919264,3.0167780176455454e-13
2011-10-06,0.35122954015644586,0.1520508469322151,0.0,0.0,0.29191502494634375,0.0,6.603539218307879e-11,0.10468814042962188,0.10011644746904182,2.962238532008591e-13
2011-10-07,0.35405417553531493,0.1538966307420643,0.0,0.0,0.28702124227620623,0.0,6.511995180663733e-11,0.10525939806597406,0.09976855331501927,3.0134437686217723e-13
2011-10-10,0.3546428327482553,0.15140075746762421,0.0,0.0,0.2879353693916524,0.0,6.560875553074239e-11,0.10623420016609907,0.099786840160465,2.9541259086360165e-13
2011-10-11,0.3592086835560552,0.15488891743321975,0.0,0.0,0.2792340027467816,0.0,6.442444347975919e-11,0.10635494484012613,0.10031345135908915,3.0398285944436677e-13
2011-10-12,0.359404180444781,0.15588214734171446,0.0,0.0,0.2800319349516153,0.0,6.456853926898826e-11,0.10513283205286442,0.09954890514415869,2.97810631261215e-13
2011-10-13,0.3598302134565889,0.15691229423089798,0.0,0.0,0.2769800495432334,0.0,6.418065126849475e-11,0.10677014863994053,0.09950729406485849,3.004069725007005e-13
2011-10-14,0.35939289158795834,0.15689873387959255,0.0,0.0,0.2783031767459712,0.0,6.428774930161397e-11,0.10640652343706564,0.09899867428482609,2.986803435872744e-13
2011-10-17,0.36217439043433175,0.15853097432985758,0.0,0.0,0.2743767848965346,0.0,6.365665581062651e-11,0.10616487718500912,0.09875297309030782,3.0278373552610117e-13
2011-10-18,0.35921782270722813,0.15543000484705682,0.0,0.0,0.27924916107565523,0.0,6.431966685647204e-11,0.10672654958533534,0.0993764617201056,2.9951884440250016e-13
2011-10-19,0.36227528890900795,0.15782657890410784,0.0,0.0,0.2759320124981133,0.0,6.38457997068037e-11,0.10613668919816431,0.0978294304264544,3.067258884166457e-13
2011-10-20,0.3610469419333939,0.15607227056145304,0.0,0.0,0.27872089138957407,0.0,6.455763933261095e-11,0.10669606025513112,0.09746383579558479,3.0577485411164754e-13
2011-10-21,0.3622280645494714,0.15632738717065808,0.0,0.0,0.27784730091886894,0.0,6.463019465417322e-11,0.10751939048483013,0.09607785681123449,3.071644084613507e-13
2011-10-24,0.3646856228259632,0.15780528254400267,0.0,0.0,0.27401309150711145,0.0,6.406602370204354e-11,0.10751576845391772,0.09598023460462592,3.134884714728733e-13
2011-10-25,0.3643363108934673,0.1607586539907048,0.0,0.0,0.270303163778498,0.0,6.355407131841305e-11,0.10898429538141516,0.09561757589204403,3.170792025134575e-13
2011-10-26,0.3603130043933321,0.1575867996969879,0.0,0.0,0.2749559829751172,0.0,6.441477818637649e-11,0.10797041616523853,0.09917379670459531,3.1459113674874267e-13
2011-10-27,0.36183677786332563,0.15936199833194162,0.0,0.0,0.27133551179873755,0.0,6.399174627839149e-11,0.10779639985227521,0.09966931208941356,3.1505034258649615e-13
2011-10-28,0.36688191284489396,0.1643832461908262,0.0,0.0,0.2626499987504869,0.0,6.268883546192744e-11,0.10717342633666137,0.09891141581411975,3.233474201424013e-13
2011-10-31,0.3666591333117588,0.1634832370114738,0.0,0.0,0.26412900625178853,0.0,6.290727262546903e-11,0.10681338617087732,0.09891523719087078,3.238876205806918e-13
2011-11-01,0.35000000000005366,0.1499999999585402,8.925386577306639e-12,0.0,0.3499999999553674,0.14999999998258523,2.551673113100724e-11,0.0,6.90115556645602e-11,0.0
2011-11-02,0.34224189535015054,0.14554159591957594,8.696825286252558e-12,0.0,0.3562828815844859,0.1559336270418612,2.5795384373609616e-11,0.0,6.943438406014686e-11,0.0
2011-11-03,0.345621605479117,0.14818533317398,8.714988342563472e-12,0.0,0.35317969601970345,0.15301336522307174,2.5725744614105427e-11,0.0,6.968716946781429e-11,0.0
2011-11-04,0.34974381978332575,0.15093246835780064,8.879411201425769e-12,0.0,0.3493455630502213,0.14997814870384765,2.55798619811274e-11,0.0,7.034565572816075e-11,0.0
2011-11-07,0.34818655221819345,0.15043637285419834,8.782224335870843e-12,0.0,0.3509695888454058,0.15040748597764184,2.56733501895557e-11,0.0,7.010521113553548e-11,0.0
2011-11-08,0.3492258804621129,0.14965178418247943,8.791198527798338e-12,0.0,0.3502453431168727,0.15087699213268566,2.548904503311339e-11,0.0,7.156929748422444e-11,0.0
2011-11-09,0.3525918565614209,0.15136421179647241,8.86962411886139e-12,0.0,0.34756718790997965,0.1484767436272531,2.5252015360765273e-11,0.0,7.07525469814776e-11,0.0
2011-11-10,0.34442257835843015,0.14620732401892247,8.534825457541997e-12,0.0,0.35565172542679946,0.15371837209061004,2.5545132630198134e-11,0.0,7.115819512791905e-11,0.0
2011-11-11,0.3475631634992084,0.14724052696410672,8.63306601093368e-12,0.0,0.3538134473113466,0.15138286212054292,2.5409960608431677e-11,0.0,7.075251947258685e-11,0.0
2011-11-14,0.35134049167663417,0.14994135870212638,8.779214457692578e-12,0.0,0.3494336714935673,0.14928447802236924,2.5167157920185032e-11,0.0,7.13568795664735e-11,0.0
2011-11-15,0.34832330824566704,0.14791665835696718,8.631009460507129e-12,0.0,0.3519388002234238,0.15182123306901515,2.5187461046321252e-11,0.0,7.11087305229412e-11,0.0
2011-11-16,0.34902599697674,0.14935712086525574,8.582205698989699e-12,0.0,0.35044362606865126,0.15117325598471393,2.508978121413638e-11,0.0,7.096726772920035e-11,0.0
2011-11-17,0.34531749449995186,0.1477250969233922,8.462950311598138e-12,0.0,0.35359378877410097,0.15336361969836554,2.514312005476153e-11,0.0,7.058364738898565e-11,0.0
2011-11-18,0.34176447558435924,0.1464484794840325,8.418651447468395e-12,0.0,0.35631537693370363,0.1554716678952406,2.508648533301424e-11,0.0,6.915918563235435e-11,0.0
2011-11-21,0.3420058482267311,0.14666729937137593,8.462701822718371e-12,0.0,0.3556186700246799,0.155708182274082,2.5171347703886038e-11,0.0,6.949738107245783e-11,0.0
2011-11-22,0.3382392084074263,0.14433102494846856,8.315883727074646e-12,0.0,0.3595168458849873,0.1579129206571873,2.527267524516096e-11,0.0,6.834244051472777e-11,0.0
2011-11-23,0.33680259585859146,0.14307309170731136,8.289041782937607e-12,0.0,0.36050002858694014,0.15962428374459262,2.519897858618758e-11,0.0,6.90768258033882e-11,0.0
2011-11-25,0.3324051501132783,0.13985230004925475,8.1354045532271e-12,0.0,0.3650684933498175,0.1626740563847027,2.5300990956498254e-11,0.0,6.951078027380632e-11,0.0
2011-11-28,0.33414793969973533,0.1390563617029053,8.151407952072571e-12,0.0,0.3653385789895367,0.16145711950489114,2.53805863399314e-11,0.0,6.940001742824139e-11,0.0
2011-11-29,0.3383290263110071,0.143343726771568,8.362967624316599e-12,0.0,0.35953093805570024,0.15879630875873602,2.4986039305021365e-11,0.0,6.964017956139868e-11,0.0
2011-11-30,0.33973003052705225,0.1432623076104316,8.429147673856614e-12,0.0,0.3593091114997861,0.15769855025950452,2.4961825350151037e-11,0.0,6.983511796437151e-11,0.0
2011-12-01,0.3500000000005827,0.14326230760841951,0.006737692388750268,0.0,0.21700766175481206,1.2420695837604267e-11,0.18299233823385555,1.6570535814756948e-12,0.09999999999917615,3.2586914682008803e-13
2011-12-02,0.3503208136647249,0.1423856212465563,0.006687028773663875,0.0,0.21717847515038613,1.2371680806922974e-11,0.18361459724241527,1.6661433830832531e-12,0.09981346390789197,3.2353693257829424e-13
2011-12-05,0.34899671260433285,0.14255423155948196,0.006666309965935211,0.0,0.21750917832339436,1.2508691268057228e-11,0.18463828324415674,1.6707272558869603e-12,0.09963528428819701,3.2230718353192055e-13
2011-12-06,0.3506577478926678,0.14411835031230677,0.006701533872473989,0.0,0.21606507493465224,1.240765454812205e-11,0.18488433355041745,1.6699534933048653e-12,0.09757295942308089,3.23068786824168e-13
2011-12-07,0.35106086481139753,0.14437339491146756,0.006675774668132344,0.0,0.21568398720794338,1.2299462811300302e-11,0.18404989528314417,1.678798572323668e-12,0.09815608310361373,3.2281702154800287e-13
2011-12-08,0.35099678820758523,0.14352343347016586,0.006696623909556925,0.0,0.21581752905147014,1.2295495403121369e-11,0.18448214719924425,1.666935049130242e-12,0.09848347814768985,3.2507631712732737e-13
2011-12-09,0.34813366648804384,0.14102402909088896,0.006568077054255845,0.0,0.21997039004746138,1.2624461727777524e-11,0.18644914763876208,1.6794102561129612e-12,0.09785468966596164,3.2217610398408363e-13
2011-12-12,0.35110669941282524,0.14407232799218392,0.00667600010722916,0.0,0.2166542384379266,1.2262727362831764e-11,0.18419901303811953,1.6798998978489916e-12,0.09729172099744612,3.2652676929047744e-13
2011-12-13,0.34919437775407536,0.14332288510179042,0.006541293623966495,0.0,0.21942253975354314,1.2514464647627337e-11,0.18592609765090692,1.686414828532931e-12,0.09559280610119289,3.2370963904251785e-13
2011-12-14,0.3482953283393552,0.14129650512461878,0.006496904042807245,0.0,0.22193606644416616,1.2717355856376038e-11,0.18783295390142923,1.6915060302530869e-12,0.09414224213289223,3.2209174541565195e-13
2011-12-15,0.3472286725058241,0.14059831956064903,0.0064690231555702355,0.0,0.22457510541525882,1.3056921160690008e-11,0.18959377829327428,1.7015288247776807e-12,0.09153510105433839,3.264596547402406e-13
2011-12-16,0.34765953840551095,0.1415689598959028,0.006485795307095194,0.0,0.22385271495155995,1.2977739731707724e-11,0.18944882262033555,1.7035716080806788e-12,0.09098416880458284,3.3113458505557905e-13
2011-12-19,0.34627969849146223,0.1418980911449511,0.0064239095852893155,0.0,0.22371274779734435,1.3057607322402728e-11,0.18947397469055668,1.7022772621135234e-12,0.09221157827530323,3.3298274550953123e-13
2011-12-20,0.3442985294330476,0.14014390968160814,0.006396083728082568,0.0,0.2256017628937243,1.3289508254280197e-11,0.19109978996084784,1.7086786012459385e-12,0.09245992428735932,3.317559210931537e-13
2011-12-21,0.34935327039504893,0.14356446675120166,0.006521543869833292,0.0,0.22018086226651887,1.276204688007108e-11,0.1880773812196568,1.7038377122105662e-12,0.09230247548293775,3.366474558168251e-13
2011-12-22,0.3500919778041257,0.14417313639356302,0.006488085291287821,0.0,0.21950801307686038,1.2586772463995802e-11,0.187314050904438,1.7089578246877395e-12,0.09242473651509263,3.365907821464648e-13
2011-12-23,0.3515513632292266,0.1444166983602087,0.006516230412178493,0.0,0.21875841349239697,1.2580848913014067e-11,0.18741787681419983,1.7075328369510656e-12,0.09133941767716099,3.3984192982637526e-13
2011-12-27,0.35383938183237096,0.1446117116522401,0.006545471717680226,0.0,0.21733717968460056,1.2410950421612464e-11,0.1863893580374367,1.7112596154778362e-12,0.09127689706120856,3.404975381957122e-13
2011-12-28,0.35387488318266663,0.144938399584958,0.006511889845130674,0.0,0.21731004012944344,1.246128899134254e-11,0.18696786002125126,1.7169063438672356e-12,0.09039692722202969,3.4178285842115005e-13
2011-12-29,0.35202631339327595,0.1434411882990087,0.006445493865156503,0.0,0.22043422982607225,1.2793299109398893e-11,0.1888145143005858,1.722506431175572e-12,0.08883826030104432,3.403921383008634e-13
2011-12-30,0.35390554259040025,0.14417078514913448,0.006531560437048185,0.0,0.21961548164565903,1.275324667394276e-11,0.18778149887015116,1.7242135543870162e-12,0.0879951312927874,3.417008574908643e-13
2012-01-03,0.349999999999958,1.704533518166611e-11,0.14999999995566965,6.651454368352458e-12,0.3499999999884319,0.014142173219709592,0.03585782681215042,0.0,0.10000000000038374,0.0
2012-01-04,0.3521303606208992,1.7159314871902356e-11,0.15259458362232559,6.788364798029535e-12,0.3444070136824739,0.013794849014207008,0.03548207973781247,0.0,0.10159111329833412,0.0
2012-01-05,0.3530540951662121,1.708345185211376e-11,0.15185461425929825,6.7572786526216024e-12,0.3436851200591425,0.01364518678489058,0.03554758467943532,0.0,0.10221339902718041,0.0
2012-01-06,0.35425111446030977,1.7192154989928276e-11,0.1497114978686351,6.732614468634515e-12,0.3440004535024055,0.013630796043415659,0.03542015351160255,0.0,0.10298598458970659,0.0
2012-01-09,0.3539543132618799,1.7178493913886836e-11,0.1479260447664184,6.658983687244374e-12,0.34595116220854316,0.013762365343025558,0.03561976492588676,0.0,0.10278634947040866,0.0
2012-01-10,0.3544726831213251,1.7249184235416516e-11,0.14835519074682757,6.722212280406671e-12,0.3456846137597334,0.013724818750470411,0.03553234174700734,0.0,0.10223035185066458,0.0
2012-01-11,0.3553739350422637,1.739527779100714e-11,0.1496953153324933,6.8266961397110725e-12,0.34289759912027673,0.013618424270434965,0.03541600317835302,0.0,0.10299872303195616,0.0
2012-01-12,0.354662164691987,1.741929139058992e-11,0.1488376349875706,6.814508588970368e-12,0.34401610300399327,0.013760585612328948,0.035319725606649484,0.0,0.10340378607323684,0.0
2012-01-13,0.3550588043339838,1.7449278588569778e-11,0.1492725878555693,6.833372796503185e-12,0.3428591632880451,0.013723505070959702,0.03535512855336554,0.0,0.10373081087379393,0.0
2012-01-17,0.3540622588556116,1.7397421927178823e-11,0.14801626949526847,6.787441803372545e-12,0.3452104690838078,0.013892923063646404,0.035566580784657506,0.0,0.10325149869282338,0.0
2012-01-18,0.3538656883042554,1.731373441307739e-11,0.1491150614701257,6.8864378599441935e-12,0.344010404659843,0.013895603842474909,0.03551764844275938,0.0,0.10359559325634139,0.0
2012-01-19,0.355713047922736,1.7520394043562607e-11,0.15073569318898447,7.0193999258733805e-12,0.340957500244939,0.01364818042910272,0.035241970501904085,0.0,0.1037036076877939,0.0
2012-01-20,0.35714007424298566,1.7606416253655145e-11,0.15240456052903173,7.072048548476134e-12,0.33849390755606706,0.013443528499127716,0.035188394615554765,0.0,0.10332953453255464,0.0
2012-01-23,0.3580170746044024,1.759535710652932e-11,0.15300702729552546,7.0579723366985094e-12,0.3369038444138644,0.01327444135642414,0.035054884459985565,0.0,0.1037427278451447,0.0
2012-01-24,0.3572779164593484,1.7581898580529095e-11,0.15367524910236155,7.129856936418757e-12,0.3363347548521541,0.013197253424680193,0.03502073120236597,0.0,0.10449409493437799,0.0
2012-01-25,0.357393246068104,1.770901232694018e-11,0.15304404983097153,7.150548261631937e-12,0.3372148217624096,0.013240438288618036,0.03519797712726611,0.0,0.10390946689777114,0.0
2012-01-26,0.3571277453144732,1.769862664379199e-11,0.153241165986833,7.165542745575535e-12,0.33576949860289923,0.013089265462494375,0.034998721129592944,0.0,0.1057736034788431,0.0
2012-01-27,0.3549379984881668,1.7660721989281623e-11,0.15314531545906931,7.129565882921389e-12,0.3372232150613374,0.013249431104939093,0.03523724441402326,0.0,0.10620679544767374,0.0
2012-01-30,0.35396313135185786,1.7740396041205835e-11,0.15305656853853303,7.150357351629215e-12,0.3374714099577213,0.013260601473829698,0.035208063313317946,0.0,0.10704022533984943,0.0
2012-01-31,0.35358624767259905,1.76439189312535e-11,0.15160529767663483,7.064001677445154e-12,0.3394190263991176,0.013448338325357195,0.0352454328267409,0.0,0.10669565707484255,0.0
2012-02-01,0.3500000000083104,0.1499999998661372,9.574347252711079e-11,0.0,0.3499999999757126,0.11475456711986516,0.03524543290340675,1.297321209080384e-11,1.7851313940022023e-11,0.0
2012-02-02,0.3516924420768949,0.15263147399932372,9.687117665051098e-11,0.0,0.34742876318574206,0.1129991507201644,0.03524816989024895,1.2946691939484632e-11,1.780817609952389e-11,0.0
2012-02-03,0.3515661424729397,0.15320324492908488,9.688393058826834e-11,0.0,0.3472458602759083,0.11273241570636383,0.03525233648795943,1.2930139059445081e-11,1.7929788590042374e-11,0.0
2012-02-06,0.3554124848394694,0.15606832771915247,9.810049219666767e-11,0.0,0.34345004253687134,0.1099750695678246,0.035094075208134796,1.2927944529053438e-11,1.7519005984633843e-11,0.0
2012-02-07,0.35468339297947316,0.15534521158538958,9.749222073919585e-11,0.0,0.34391979814820706,0.11091572892111493,0.03513586823796353,1.2912900988949306e-11,1.744676190064635e-11,0.0
2012-02-08,0.3565984153632058,0.155695787471868,9.837286135609392e-11,0.0,0.3426818998919966,0.10985387893940142,0.035170018204419416,1.2975568714742264e-11,1.7760459066406423e-11,0.0
2012-02-09,0.3570560482632297,0.15577290583391248,9.85533853300248e-11,0.0,0.3422696419489131,0.10975425609619233,0.03514714772862869,1.2965176987429794e-11,1.7605249683121453e-11,0.0
2012-02-10,0.35823499689141386,0.15531813197846708,9.900990169667809e-11,0.0,0.3421836464682186,0.10915611274308265,0.035107111789219644,1.2997353130194907e-11,1.7590946018631162e-11,0.0
2012-02-13,0.356109397402559,0.15341255671556467,9.727410815334909e-11,0.0,0.3446169168414245,0.11073589124679399,0.03512523766595593,1.290345101778325e-11,1.752445051390377e-11,0.0
2012-02-14,0.35709346934357206,0.1546729212039178,9.793102978157323e-11,0.0,0.34278815320185035,0.11036286770007721,0.035082588422289465,1.2880513408985423e-11,1.7481666289770684e-11,0.0
2012-02-15,0.356579224399126,0.15394925083669705,9.718604861468732e-11,0.0,0.34344188907566936,0.11092640291617462,0.0351032326448311,1.287813573528879e-11,1.743774569220137e-11,0.0
2012-02-16,0.3559584935956078,0.1531195664483674,9.758045539373855e-11,0.0,0.34471061357885885,0.11105348268348958,0.035157843565628934,1.2874532428492545e-11,1.7592491336485943e-11,0.0
2012-02-17,0.35835669132890285,0.15533329124359796,9.8504913338154e-11,0.0,0.3416701386548732,0.10969294716840207,0.034946931475340205,1.28733110980967e-11,1.750559053870973e-11,0.0
2012-02-21,0.35912914776334115,0.15523854844191398,9.889207315361842e-11,0.0,0.3411454419627044,0.10961113724134278,0.034875724461513755,1.2862745792362926e-11,1.742932963153065e-11,0.0
2012-02-22,0.3605121154206519,0.15471427789909803,9.924750368473425e-11,0.0,0.34106844560815125,0.10876783384050878,0.03493732710151529,1.2955057983748536e-11,1.7872291569083737e-11,0.0
2012-02-23,0.3591565361481928,0.15340877177862372,9.890302573745599e-11,0.0,0.34222248766079105,0.11007659167006612,0.03513561261237091,1.2989399995108774e-11,1.806322067540934e-11,0.0
2012-02-24,0.359154826291331,0.15501841224927493,9.928320725560662e-11,0.0,0.34120490552679594,0.10959266081827451,0.03502919498406927,1.2979096357187111e-11,1.7992128440476553e-11,0.0
2012-02-27,0.3594081616736661,0.1544887244279246,9.973232739234152e-11,0.0,0.34095706116428126,0.11014200550565754,0.035004047097855484,1.2999428124188407e-11,1.788333770793977e-11,0.0
2012-02-28,0.35908507459399774,0.15383003831305342,9.897055739352805e-11,0.0,0.34121145197097263,0.11083092766128917,0.03504250733096533,1.2968787622513271e-11,1.7782415829468223e-11,0.0
2012-02-29,0.35993628605867106,0.15333634387481043,9.983610129282528e-11,0.0,0.3411872992605571,0.11040611912975443,0.03513395154542574,1.2987146112426376e-11,1.7958021581133516e-11,0.0
2012-03-01,0.3500000000000358,0.1499999999289007,0.0,0.0,0.34999999997295184,0.11486604892124364,0.03513395110964869,0.0,4.9991604430456346e-11,1.7227807842416684e-11
2012-03-02,0.35171069968436003,0.15073313178760747,0.0,0.0,0.34876404079710804,0.11375139185182617,0.035040735811088346,0.0,5.068274137006193e-11,1.732725427704329e-11
2012-03-05,0.3509361593572981,0.14860208260813837,0.0,0.0,0.3504619682398421,0.11491726846880057,0.035082521257960825,0.0,5.064359498837073e-11,1.7316540474946087e-11
2012-03-06,0.3505357059155182,0.14920756641334657,0.0,0.0,0.35079259271621466,0.11434128795632832,0.035122846930466745,0.0,5.0582265651370136e-11,1.754335629072533e-11
2012-03-07,0.3472467873779829,0.14701408681522515,0.0,0.0,0.35413965935660846,0.11634412428407173,0.03525534209876297,0.0,4.9945796128282015e-11,1.7403021574805964e-11
2012-03-08,0.3488307072529501,0.14803981231927563,0.0,0.0,0.3526190307757013,0.11535471898530006,0.03515573059920712,0.0,5.011082542283818e-11,1.7455097831799774e-11
2012-03-09,0.3511773686981779,0.14947999420515784,0.0,0.0,0.3504570583313653,0.11383600374035491,0.035049574957180855,0.0,5.045468113951098e-11,1.7308746512203363e-11
2012-03-12,0.3513682579926129,0.1510020254736249,0.0,0.0,0.34902960180993814,0.1136845649796418,0.03491554967622394,0.0,5.062228441486595e-11,1.7336152914256203e-11
2012-03-13,0.35155500181047444,0.15077515692938892,0.0,0.0,0.34909002984442805,0.11371711723724506,0.03486269411074552,0.0,5.024675518030996e-11,1.747127447635826e-11
2012-03-14,0.3562046012244906,0.1530493018210214,0.0,0.0,0.3449535839870231,0.11118964393429326,0.03460286896626058,0.0,4.917063784762935e-11,1.7740442016233285e-11
2012-03-15,0.3589816948564846,0.15314371403294125,0.0,0.0,0.34402949947228684,0.10935029897898732,0.03449479259267758,0.0,4.8772677865065715e-11,1.7849676329336657e-11
2012-03-16,0.35985354077461534,0.15391051259231694,0.0,0.0,0.34277964110176457,0.10915173606635124,0.03430456939811773,0.0,4.906969530079438e-11,1.7764583776033826e-11
2012-03-19,0.36015895614243026,0.15369853772928824,0.0,0.0,0.3424961568444447,0.1093091630242349,0.034337186192634844,0.0,4.9110432694566735e-11,1.7856832742217674e-11
2012-03-20,0.3618411158620948,0.15511055069943475,0.0,0.0,0.3406482275526313,0.10808526566231716,0.034314840156292145,0.0,4.9235484205265554e-11,1.799461766651314e-11
2012-03-21,0.36146208650003675,0.1540078904729442,0.0,0.0,0.34145218002527145,0.10871989790083718,0.03435794503402604,0.0,4.888181783366587e-11,1.8002747665813532e-11
2012-03-22,0.3599714342976393,0.15358746431099216,0.0,0.0,0.3423373152014189,0.10967554417955404,0.03442824194367873,0.0,4.878446168256889e-11,1.7932480126824482e-11
2012-03-23,0.3585777557806943,0.15261615963588995,0.0,0.0,0.3439213552372102,0.11039809888685673,0.03448663039285037,0.0,4.875262910639136e-11,1.7745911446817258e-11
2012-03-26,0.35794888001404923,0.15334335846907415,0.0,0.0,0.34347805875059945,0.11088752809403486,0.03434217460536846,0.0,4.910616912773817e-11,1.7767777784156438e-11
2012-03-27,0.3603349056476298,0.15539564423178207,0.0,0.0,0.34058492127345746,0.10951767828209331,0.03416685049757667,0.0,4.961544838699438e-11,1.7845367897092408e-11
2012-03-28,0.3589526844830413,0.1541966046316498,0.0,0.0,0.34221990651755413,0.11022471173808836,0.034406092562602145,0.0,4.92293603333106e-11,1.7835143141949713e-11
2012-03-29,0.35842624290972275,0.1538330517760606,0.0,0.0,0.342823906078468,0.11045551343951852,0.03446128572948231,0.0,4.887855675274983e-11,1.78694139258524e-11
2012-03-30,0.35736068624155215,0.15319569436551017,0.0,0.0,0.34381414339005667,0.11114340479863488,0.034486071137643855,0.0,4.8747135918840354e-11,1.7855263033999284e-11
2012-04-02,0.3499999999998553,0.1499999977691963,3.384685584684213e-11,2.1956720636937417e-09,0.3499999998251295,4.133594929940637e-11,0.1500000001212344,7.804234797204374e-12,4.577364510693989e-12,1.3479345326287989e-12
2012-04-03,0.3505853686647144,0.15099706358224854,3.4049698713716967e-11,2.2133668783199126e-09,0.3488733161253886,4.133214250999808e-11,0.14954424932520136,7.7738638573674e-12,4.574748982417974e-12,1.3498611961049924e-12
2012-04-04,0.35141186281701847,0.15095927877477422,3.3671481994904116e-11,2.2149036026590517e-09,0.348549563231535,4.08788642870817e-11,0.14907929287352967,7.817261580178985e-12,4.518174987209261e-12,1.3533001129796478e-12
2012-04-05,0.34927052345793014,0.14912082125971798,3.3045477657078485e-11,2.183380872064447e-09,0.351666975425834,4.16005025944784e-11,0.1499416775848691,7.818699497796036e-12,4.459570804233827e-12,1.3436240451390497e-12
2012-04-09,0.34875133844938533,0.14831920742675228,3.2814818228286046e-11,2.193027462661227e-09,0.35288743600593203,4.185975828232514e-11,0.15004201583661292,7.791875744287583e-12,4.486343293445235e-12,1.3371966058756881e-12
2012-04-10,0.34544292732794973,0.146140488863476,3.273013297335041e-11,2.1645155609193893e-09,0.3571281028110671,4.2914128414631315e-11,0.15128847874373216,7.765596108597809e-12,4.524353501842281e-12,1.325290750251509e-12
2012-04-11,0.3422663097251018,0.14379960883467677,3.2276745175769766e-11,2.138748122606162e-09,0.36157017821725684,4.3735605477798054e-11,0.15236390099450162,7.786951004646874e-12,4.608767861494073e-12,1.3067669535423624e-12
2012-04-12,0.34392279811175475,0.1453660465192026,3.2620945813912935e-11,2.1550767212173864e-09,0.35899697961819627,4.307213366163853e-11,0.15171417350635533,7.809012957641695e-12,4.5930325169325856e-12,1.3192307566269913e-12
2012-04-13,0.3463642098882573,0.1465830168337972,3.3023149611802376e-11,2.1973036144183054e-09,0.3561668851715942,4.264046952921645e-11,0.15088588581960977,7.83253108443458e-12,4.612186714466867e-12,1.3295333376307406e-12
2012-04-16,0.343337935908567,0.14511665104340243,3.24949490234328e-11,2.170841996264889e-09,0.35945716078337836,4.3468394932777704e-11,0.15208825000411216,7.832227931119931e-12,4.57428498934909e-12,1.3282277587578442e-12
2012-04-17,0.3431439630656108,0.1453669937480144,3.273394805826087e-11,2.1602259361771337e-09,0.35938694218877154,4.340912674020236e-11,0.15210209874747904,7.84514764208209e-12,4.56360961994164e-12,1.346481406596156e-12
2012-04-18,0.3458053608037144,0.14644012475944995,3.3024495119326067e-11,2.1697519289280475e-09,0.3565146537634659,4.308146300707931e-11,0.15123985841381296,7.824366036473743e-12,4.525948929258752e-12,1.3485589843348066e-12
2012-04-19,0.3451845731828698,0.14556572036223964,3.290398084723824e-11,2.162955796825141e-09,0.3577955349376239,4.3275751455784765e-11,0.15145416926444877,7.834199121643754e-12,4.5065507922107e-12,1.3415775349550827e-12
2012-04-20,0.34384105077435684,0.14509937486961388,3.278954074527055e-11,2.1587054400736938e-09,0.3591153097519067,4.342668734523875e-11,0.1519442623554952,7.839363086122982e-12,4.521423774967083e-12,1.3449920753177683e-12
2012-04-23,0.34393161116653204,0.14573132654429383,3.305892864275881e-11,2.170545034625299e-09,0.35864527513317673,4.3373119006379506e-11,0.15169178489530233,7.840507603379745e-12,4.518191279048633e-12,1.3594603733871781e-12
2012-04-24,0.3424668600437678,0.14431609776798132,3.253272468324619e-11,2.137920421457024e-09,0.36086417973543927,4.387089641568758e-11,0.1523528602247561,7.856757320265364e-12,4.523733704858437e-12,1.351071039924776e-12
2012-04-25,0.3433574794677121,0.14523679630178649,3.275432622767786e-11,2.1399904200576694e-09,0.35951024361814515,4.350996263013789e-11,0.15189547838234138,7.865641270914748e-12,4.524853300502272e-12,1.3696946803302823e-12
2012-04-26,0.34571505528704394,0.14650336614551077,3.2977440071049956e-11,2.1449937732711135e-09,0.356648728851859,4.299555544845058e-11,0.1511328474808701,7.869759473807909e-12,4.503415233942694e-12,1.3761313957024566e-12
2012-04-27,0.3462918076182399,0.14717261704815732,3.299998718954894e-11,2.1469154055528536e-09,0.3559523846050193,4.3026247441683794e-11,0.15058318849191674,7.83350055148903e-12,4.519282515466367e-12,1.3722560260771877e-12
2012-04-30,0.3460601606626719,0.14798278754436298,3.3058427941354624e-11,2.1450048592473236e-09,0.35550168623366585,4.296363829744566e-11,0.15045536332456313,7.811997681423472e-12,4.518659642636291e-12,1.3785418452316674e-12
2012-05-01,0.35000000000048337,0.14999999999403932,0.0,0.0,0.25172420680778734,0.0,0.24827579318940166,6.2138231567629185e-12,2.0743130181687733e-12,0.0
2012-05-02,0.3516869316134964,0.14993833251990646,0.0,0.0,0.25091658671677786,0.0,0.24745814914154482,6.209900804954707e-12,2.064260901697608e-12,0.0
2012-05-03,0.35041218562906895,0.1502462821356558,0.0,0.0,0.25123140938297045,0.0,0.24811012284402115,6.229837560409737e-12,2.0535988604522718e-12,0.0
2012-05-04,0.34936792861441374,0.14882677967741526,0.0,0.0,0.252383545177443,0.0,0.2494217465224305,6.254883902196347e-12,2.042399656175277e-12,0.0
2012-05-07,0.3462107821424074,0.14705902377003618,0.0,0.0,0.2552221645654275,0.0,0.2515080295137773,6.287701658658005e-12,2.0636528144653533e-12,0.0
2012-05-08,0.34611641977195584,0.14730180842450655,0.0,0.0,0.25489415669512044,0.0,0.2516876151000685,6.291771034834353e-12,2.0565433691731867e-12,0.0
2012-05-09,0.34482379393103996,0.14724985225142867,0.0,0.0,0.25554290798385193,0.0,0.25238344582536965,6.2921396498674856e-12,2.01728673066767e-12,0.0
2012-05-10,0.34384311991359345,0.14686851583077692,0.0,0.0,0.2565540237992696,0.0,0.2527343404480664,6.289487376457247e-12,2.003706966007496e-12,0.0
2012-05-11,0.34441911184492435,0.14737074658301647,0.0,0.0,0.2560928696662478,0.0,0.25211727189752414,6.280123021162046e-12,2.006822477520146e-12,0.0
2012-05-14,0.34331532255545627,0.1469700471492685,0.0,0.0,0.25688826947181814,0.0,0.252826360815171,6.294863834715443e-12,1.9907519726275023e-12,0.0
2012-05-15,0.34107097899218625,0.14567751284909441,0.0,0.0,0.25920339263300196,0.0,0.25404811551746914,6.277003517420824e-12,1.970817022405005e-12,0.0
2012-05-16,0.3399537215446382,0.14577609376558004,0.0,0.0,0.2599186937526674,0.0,0.2543514909288972,6.26186108404012e-12,1.9549465053392807e-12,0.0
2012-05-17,0.339340803499361,0.1450193834407199,0.0,0.0,0.2606412437626368,0.0,0.25499856928911363,6.213007253758154e-12,1.9552509407554976e-12,0.0
2012-05-18,0.3374283463545329,0.1430527931714283,0.0,0.0,0.2640574465029235,0.0,0.2554614139629131,6.184158225034566e-12,2.0176028791186153e-12,0.0
2012-05-21,0.33635632076597505,0.1424749266432211,0.0,0.0,0.2653176299333854,0.0,0.2558511226491484,6.217726892036491e-12,2.0517875651860028e-12,0.0
2012-05-22,0.3391752208027008,0.1445694823113045,0.0,0.0,0.2623342099954127,0.0,0.25392108688231807,6.227924740761859e-12,2.0353374111865755e-12,0.0
2012-05-23,0.3402845401795467,0.1439188335298532,0.0,0.0,0.26217001211571217,0.0,0.25362661416664595,6.2367175202386404e-12,2.004566673773452e-12,0.0
2012-05-24,0.3396457930383888,0.1444983077751047,0.0,0.0,0.26222505039669036,0.0,0.2536308487816062,6.2153900269617536e-12,1.9936962401059603e-12,0.0
2012-05-25,0.34016008205717374,0.14473545692312045,0.0,0.0,0.2615439231428994,0.0,0.2535605378686016,6.213993928552948e-12,1.990037817956002e-12,0.0
2012-05-29,0.3389898885618123,0.14461262757470514,0.0,0.0,0.26225081539924516,0.0,0.2541466684560371,6.193103822177163e-12,2.006335888485414e-12,0.0
2012-05-30,0.34092941355990386,0.14578214593008332,0.0,0.0,0.2603761087430437,0.0,0.25291233175877453,6.221724852377894e-12,1.971991489702093e-12,0.0
2012-05-31,0.3376859305401313,0.14371155035345243,0.0,0.0,0.26418862214402505,0.0,0.2544138969541714,6.225198742984359e-12,1.9936708141625975e-12,0.0
2012-06-01,0.35000000000661746,0.14999999992609517,0.0,0.0,0.24558610439734452,0.0,0.25441389563194067,1.474545698514403e-11,1.411498418621062e-11,9.141808454200013e-12
2012-06-04,0.3445136817140977,0.14690483209372182,0.0,0.0,0.2501099406182842,0.0,0.2584715455353262,1.475980712871483e-11,1.4805297337433365e-11,9.00501712848766e-12
2012-06-05,0.3457013705127392,0.14714068524578716,0.0,0.0,0.24964272633411944,0.0,0.2575152178687002,1.4829617393907664e-11,1.4846313023042993e-11,8.978044018085682e-12
2012-06-06,0.3472304007379801,0.14857278255833103,0.0,0.0,0.24803796449482982,0.0,0.2561588521700642,1.487721250926803e-11,1.4782973771284044e-11,9.134682388936374e-12
2012-06-07,0.35183374695458614,0.15086592597554663,0.0,0.0,0.24419225887896917,0.0,0.25310806815208814,1.4900630142263527e-11,1.4656322639489687e-11,9.252998804870533e-12
2012-06-08,0.3519270947157707,0.14982799627037577,0.0,0.0,0.24469886118008638,0.0,0.253546047795233,1.4951403075323606e-11,1.439876807700177e-11,9.183974647612835e-12
2012-06-11,0.352626719866798,0.15096173131665178,0.0,0.0,0.24343160230881344,0.0,0.25297994646922256,1.4920138668753683e-11,1.433488589867677e-11,9.259148133083728e-12
2012-06-12,0.3506745768581139,0.14869826058451585,0.0,0.0,0.24585604098508446,0.0,0.25477112153374126,1.4930083555419757e-11,1.4497652894162341e-11,9.11671049013906e-12
2012-06-13,0.3533454591890631,0.1499982079314481,0.0,0.0,0.24360190425480532,0.0,0.2530544285859935,1.4977548404447352e-11,1.4544377531746524e-11,9.167936756526564e-12
2012-06-14,0.351714154147439,0.1485317780267698,0.0,0.0,0.2453298326654529,0.0,0.25442423512160833,1.4960385168317892e-11,1.4631866420875738e-11,9.137535537622322e-12
2012-06-15,0.35386401171258425,0.14956004238725945,0.0,0.0,0.24358581141553592,0.0,0.25299013444576035,1.50050527350485e-11,1.462529753598308e-11,9.229471864465037e-12
2012-06-18,0.35471888916582767,0.15039007864736753,0.0,0.0,0.24282203654318305,0.0,0.2520689956049708,1.4915760894088193e-11,1.4520484214677495e-11,9.214460354105201e-12
2012-06-19,0.35516211911385903,0.15046193356202303,0.0,0.0,0.2425880531740117,0.0,0.25178789411139213,1.4910511001137174e-11,1.4518780297129897e-11,9.284655128681673e-12
2012-06-20,0.35682109223035313,0.1523116078888916,0.0,0.0,0.24056251555036326,0.0,0.25030478429179814,1.4941295830075622e-11,1.4376422004968319e-11,9.276019366552544e-12
2012-06-21,0.3566683405385235,0.1522609625996561,0.0,0.0,0.24035941286183188,0.0,0.25071128396140363,1.5017364033907594e-11,1.4284617922767818e-11,9.282786190498647e-12
2012-06-22,0.35247434699993735,0.15018073007355837,0.0,0.0,0.2435037990962346,0.0,0.2538411237919061,1.505701950007921e-11,1.407496172108883e-11,9.231506461057431e-12
2012-06-25,0.35406833852477854,0.15140678339224606,0.0,0.0,0.2416795899501646,0.0,0.25284528809440726,1.511174147533028e-11,1.4087773668342736e-11,9.203831286805932e-12
2012-06-26,0.3505175913289328,0.14995225578950352,0.0,0.0,0.2444882979919131,0.0,0.2550418548509794,1.5180371209147943e-11,1.4277767470068841e-11,9.212810018232978e-12
2012-06-27,0.3515524312675456,0.150228464332384,0.0,0.0,0.2434426764333089,0.0,0.2547764279282668,1.5127194405540507e-11,1.4142677236479114e-11,9.224620915187687e-12
2012-06-28,0.3525014176070756,0.15171718170914428,0.0,0.0,0.24225475262666357,0.0,0.2535266480187168,1.5122784393921628e-11,1.4073468235475064e-11,9.203323803024729e-12
2012-06-29,0.35152617781727385,0.15147581569748989,0.0,0.0,0.2430606055012495,0.0,0.25393740094564865,1.5122423765906238e-11,1.3910772124354836e-11,9.304762723693236e-12
2012-07-02,0.34999999999831277,0.14999999998784563,0.0,0.0,0.34999999998949,1.10191441377016e-11,0.15000000000345937,0.0,9.873232835782341e-12,0.0
2012-07-03,0.3492352524150231,0.15094825015838773,0.0,0.0,0.34980169813185824,1.1075147750242326e-11,0.1500147992738401,0.0,9.81574015833633e-12,0.0
2012-07-05,0.35030218462200885,0.1523802379150457,0.0,0.0,0.3477032101096429,1.0951409775718303e-11,0.1496143673324204,0.0,9.930716058427367e-12,0.0
2012-07-06,0.3488731890982659,0.15227816455469134,0.0,0.0,0.34878833527627984,1.1012149552106426e-11,0.1500603110499281,0.0,9.82272012319214e-12,0.0
2012-07-09,0.346740907532247,0.15109220922206615,0.0,0.0,0.35121066555529046,1.1152545672144624e-11,0.15095621766951223,0.0,9.731630560982583e-12,0.0
2012-07-10,0.3462869951696962,0.15050236728325272,0.0,0.0,0.35216088402081386,1.1250240683987454e-11,0.15104975350523508,0.0,9.751990769676808e-12,0.0
2012-07-11,0.34484185254309535,0.14951525980175928,0.0,0.0,0.3539386177600542,1.132477161402169e-11,0.15170426987408997,0.0,9.676520539987769e-12,0.0
2012-07-12,0.3450748487659108,0.14908479844311923,0.0,0.0,0.35380020439671334,1.1344846918535479e-11,0.15204014837317684,0.0,9.735068202209894e-12,0.0
2012-07-13,0.3436093166002987,0.14866505585575515,0.0,0.0,0.3548254804730004,1.1431996427321606e-11,0.15290014704979843,0.0,9.715451951825347e-12,0.0
2012-07-16,0.34681728943742485,0.14941254971380385,0.0,0.0,0.35193822746524284,1.1318531683070485e-11,0.1518319333624678,0.0,9.74231079942882e-12,0.0
2012-07-17,0.3460769616502789,0.1488463913732434,0.0,0.0,0.3527912568048603,1.137364730472277e-11,0.15228539015049503,0.0,9.748909176587645e-12,0.0
2012-07-18,0.3477588918297924,0.1490731451679383,0.0,0.0,0.3511861512889306,1.1261751705930966e-11,0.15198181169239441,0.0,9.682786183311447e-12,0.0
2012-07-19,0.34870134382455853,0.14929009348969063,0.0,0.0,0.3499014121984871,1.1215341032759284e-11,0.15210715046643725,0.0,9.611270318686077e-12,0.0
2012-07-20,0.3495578057405921,0.14876329319028894,0.0,0.0,0.34933136324119324,1.1184789388662234e-11,0.15234753780711058,0.0,9.630417053605284e-12,0.0
2012-07-23,0.34761272377908226,0.14739652513777374,0.0,0.0,0.35197814272970107,1.136239537889139e-11,0.153012608332397,0.0,9.683522550572112e-12,0.0
2012-07-24,0.3460992063855869,0.14588727863753834,0.0,0.0,0.35460806219470564,1.1492634365583055e-11,0.15340545276097717,0.0,9.699285678587329e-12,0.0
2012-07-25,0.3444936941862544,0.14454473344446764,0.0,0.0,0.35670214707046727,1.1629273277810924e-11,0.15425942527741224,0.0,9.769091524033894e-12,0.0
2012-07-26,0.34426548011536173,0.14473684728990688,0.0,0.0,0.35658073074971763,1.1648933340159706e-11,0.15441694182346774,0.0,9.897121127281785e-12,0.0
2012-07-27,0.3478361234205754,0.14510073202283263,0.0,0.0,0.35333518945107445,1.1472721779428468e-11,0.15372795508413772,0.0,9.906994624331492e-12,0.0
2012-07-30,0.35193050129095127,0.14757490188107514,0.0,0.0,0.3484920869447989,1.1182695863714916e-11,0.15200250986210131,0.0,9.890535095015451e-12,0.0
2012-07-31,0.35157516998333793,0.1469240677141959,0.0,0.0,0.3492606266746721,1.1254873978846511e-11,0.1522401356066654,0.0,9.873649997478192e-12,0.0
2012-08-01,0.3499999999629398,0.15000000002522734,0.0,0.0,0.34999999999298603,1.0990138779306468e-10,0.14999999989099294,1.5861030374615528e-11,0.0,2.091534599318877e-12
2012-08-02,0.35117648928859657,0.1481553798230599,0.0,0.0,0.35020070761673056,1.0981532571971964e-10,0.15046742314369277,1.6014686482443866e-11,0.0,2.090324782239998e-12
2012-08-03,0.349459640013744,0.14791668288941526,0.0,0.0,0.35175103806098557,1.1066186965039873e-10,0.15087263890711047,1.5982432252695952e-11,0.0,2.100558331204805e-12
2012-08-06,0.3534728306129754,0.15020243004021613,0.0,0.0,0.34704632305129673,1.0798475027082175e-10,0.1492784161695099,1.591757361487351e-11,0.0,2.099626550824579e-12
2012-08-07,0.3533546842770609,0.15102474572578703,0.0,0.0,0.34648299955566403,1.0778219626439536e-10,0.14913757031574218,1.5871067080586848e-11,0.0,2.0926808078675377e-12
2012-08-08,0.3549327439071535,0.15231423262124694,0.0,0.0,0.3444747315573044,1.06337451640512e-10,0.14827829179005972,1.583127164480398e-11,0.0,2.066900652304454e-12
2012-08-09,0.3556106740947504,0.15219170381619385,0.0,0.0,0.34423591612032634,1.058450796807293e-10,0.14796170584497753,1.5852714296010255e-11,0.0,2.054297845813837e-12
2012-08-10,0.355674818628741,0.1528132925125507,0.0,0.0,0.3437486456136316,1.0569774431957535e-10,0.147763243121489,1.5843754879920898e-11,0.0,2.0463649896173992e-12
2012-08-13,0.3557378549345467,0.15205804417222665,0.0,0.0,0.34423677569876876,1.0607555027663375e-10,0.14796732507052943,1.5806873249705276e-11,0.0,2.0461897997961344e-12
2012-08-14,0.3559011900853345,0.15195592330573157,0.0,0.0,0.344342521641612,1.0599964082898828e-10,0.14780036484344522,1.5830635918547558e-11,0.0,2.0465878928606733e-12
2012-08-15,0.35690429299372795,0.15199972448737156,0.0,0.0,0.34356836694344833,1.0484344514289711e-10,0.147527615452664,1.5897281566127186e-11,0.0,2.047688055143611e-12
2012-08-16,0.3575523916473651,0.15344056193769096,0.0,0.0,0.3420728224270901,1.0343988187127772e-10,0.14693422386652413,1.5831698630640418e-11,0.0,2.0584616352898823e-12
2012-08-17,0.35912146785252547,0.15458539271851568,0.0,0.0,0.34022725306865725,1.022540630175202e-10,0.14606588624013644,1.5843544255566605e-11,0.0,2.0679434669312915e-12
2012-08-20,0.358820039735811,0.15533288132142403,0.0,0.0,0.33990164771421605,1.0252920516305968e-10,0.14594543110814684,1.5809092807556784e-11,0.0,2.0640711046090653e-12
2012-08-21,0.3587445996062352,0.15494720787847296,0.0,0.0,0.3399973066755655,1.027111707805759e-10,0.1463108857191342,1.582365770285987e-11,0.0,2.05758024242308e-12
2012-08-22,0.3578913210277248,0.1549524022190479,0.0,0.0,0.34050407629078616,1.0323311550458064e-10,0.14665220034127657,1.5868446895891715e-11,0.0,2.0632707417810648e-12
2012-08-23,0.35701007803702167,0.1537659693542945,0.0,0.0,0.34215909390946403,1.0463430151858027e-10,0.14706485857672258,1.5807195295030055e-11,0.0,2.056078159216049e-12
2012-08-24,0.35525774267646465,0.15318862872447714,0.0,0.0,0.3438927822315451,1.0541814466049864e-10,0.14766084624418274,1.5855866632621175e-11,0.0,2.0566310036901065e-12
2012-08-27,0.35648964837420755,0.15321395520473519,0.0,0.0,0.3428537598062578,1.0504733085957802e-10,0.14744263649180822,1.5885944509503815e-11,0.0,2.0581999032445535e-12
2012-08-28,0.3559935390562664,0.1534230614591604,0.0,0.0,0.34319279905289013,1.0549232377298294e-10,0.14739060030828163,1.5848436833496635e-11,0.0,2.0611028170436532e-12
2012-08-29,0.35539816304010774,0.15401861011230758,0.0,0.0,0.3430849400251048,1.0567201241533917e-10,0.1474982866989177,1.582383649666894e-11,0.0,2.066820769698602e-12
2012-08-30,0.35559607937491483,0.15445781128784006,0.0,0.0,0.3427870762163739,1.0518705392980069e-10,0.14715903299777627,1.584269228204516e-11,0.0,2.0657444596357367e-12
2012-08-31,0.35424199461627304,0.15344831526335828,0.0,0.0,0.34459754158779643,1.0609480513429977e-10,0.1477121484085198,1.5890040994500174e-11,0.0,2.06815503802252e-12
2012-09-04,0.35000000000017223,0.14999999999494493,5.265445672689785e-13,1.6865694648238036e-12,0.12207671877824015,0.02792328120394878,0.349999999993256,1.6031390185807568e-11,0.0,1.1193483920053007e-11
2012-09-05,0.3495471032577384,0.15177403905073475,5.236960520106792e-13,1.6764975081512283e-12,0.12175208388534571,0.027884806042123563,0.3490419677345643,1.6025059321306847e-11,0.0,1.1268118218583956e-11
2012-09-06,0.34935154885195746,0.1518552427991982,5.224203608086996e-13,1.6683998480813929e-12,0.12174275368684827,0.02776150730942855,0.34928894732309407,1.60314791921238e-11,0.0,1.1251275978103322e-11
2012-09-07,0.3539467658450932,0.15356450246115477,5.316305673406092e-13,1.693384029793466e-12,0.12006620145636747,0.027108136341213913,0.34531439386666046,1.6012850423988372e-11,0.0,1.1272438917980835e-11
2012-09-10,0.354167914827069,0.1541989585518226,5.37876863994636e-13,1.7269615532414286e-12,0.11983056331082251,0.02689404729984681,0.34490851598094036,1.5988339338892774e-11,0.0,1.1245679200155066e-11
2012-09-11,0.3530792980513987,0.15390615980798844,5.350351812243624e-13,1.7093369501847383e-12,0.12020038803310437,0.027029818448430866,0.3457843356296421,1.6004293650596047e-11,0.0,1.1186961292547936e-11
2012-09-12,0.35363536949841695,0.15404995287701928,5.404561250278291e-13,1.7276961392137831e-12,0.11983286948428344,0.026827765009295873,0.3456540431014158,1.6093948215535364e-11,0.0,1.12066784298233e-11
2012-09-13,0.3546897942684461,0.15478337026375133,5.438040343406588e-13,1.734743873267144e-12,0.11920152729193437,0.026484016233149995,0.3448412919130771,1.613670741958904e-11,0.0,1.1225997643239885e-11
2012-09-14,0.35669807273854887,0.15533785044336004,5.468872911674953e-13,1.764735108647419e-12,0.11841869564981,0.026131031778308906,0.3434143493603166,1.6087334085474274e-11,0.0,1.1256760861867038e-11
2012-09-17,0.35857598664533374,0.15691933937922262,5.527517912059763e-13,1.7868590692176587e-12,0.11740382054786562,0.02545756823598991,0.341643285161821,1.6098910123937475e-11,0.0,1.1328678254114549e-11
2012-09-18,0.3574390160440504,0.15622819015019881,5.499695284039302e-13,1.7678595782235423e-12,0.11767289761138369,0.025768969364484362,0.34289092680017796,1.6088835741957098e-11,0.0,1.1298281863725233e-11
2012-09-19,0.35690318559006745,0.15561334555932563,5.472905336691078e-13,1.767498009120556e-12,0.11788996449857528,0.025880477431057623,0.3437130268913911,1.6084728866050085e-11,0.0,1.1183533677614591e-11
2012-09-20,0.35676343718040643,0.15519543961701784,5.490795428560935e-13,1.7658411805753239e-12,0.11805448824513122,0.026025967697558,0.343960667230412,1.6049100451674755e-11,0.0,1.1110534009427577e-11
2012-09-21,0.3570803103638598,0.15463291395283588,5.460237721981382e-13,1.7567516347196356e-12,0.11821737601233595,0.026111843690766377,0.34395755595095745,1.598685317466612e-11,0.0,1.0954979833659644e-11
2012-09-24,0.35645892133355694,0.15499041954658715,5.456016412907469e-13,1.7586370767444027e-12,0.11831385962899883,0.026107390463394994,0.3441294089982722,1.5943450327349645e-11,0.0,1.0942134695074578e-11
2012-09-25,0.35594356250186776,0.15449419863435543,5.437351874408983e-13,1.757063889766329e-12,0.11858525902584005,0.02631308244244947,0.3446638973663604,1.592390856007004e-11,0.0,1.0902207221452755e-11
2012-09-26,0.3537919810601849,0.1529813491106227,5.42442194935341e-13,1.7390077606343016e-12,0.11957816035841591,0.026696452612634675,0.34695205682921393,1.5855174842319805e-11,0.0,1.0791329155662748e-11
2012-09-27,0.3522260393685552,0.152195040796919,5.376601585090156e-13,1.7330529625807039e-12,0.12021961205385781,0.02701589062745261,0.3483434171243471,1.579503559648473e-11,0.0,1.080263051873779e-11
2012-09-28,0.35400556566111846,0.1531766238330727,5.417452989692731e-13,1.7529535340810565e-12,0.11944589005517138,0.02670748958271961,0.3466644308389228,1.58980858343577e-11,0.0,1.0802353933103591e-11
2012-10-01,0.34999999999920245,0.15000000000105362,0.0,1.8515876149828985e-15,9.194562843812683e-13,4.50986061864489e-14,0.2000000002548742,0.19999999974406535,0.0,0.09999999999983789
2012-10-02,0.3506137550717873,0.15037038735770167,0.0,1.868303653580606e-15,9.203486133867485e-13,4.522595009177516e-14,0.20035659607401515,0.19948580186686787,0.0,0.09917345962866055
2012-10-03,0.35028732888367686,0.1503613029722695,0.0,1.867308241610003e-15,9.179460348022654e-13,4.507530045132279e-14,0.20002819625119234,0.1995927327043005,0.0,0.09973043918759592
2012-10-04,0.3510749230407673,0.1496571053712484,0.0,1.8514102231895408e-15,9.171973859451754e-13,4.500742548512528e-14,0.1997938161687092,0.19972683103921307,0.0,0.09974732437909795
2012-10-05,0.3521169957856339,0.15004871966443908,0.0,1.8627849904578834e-15,9.097551961893708e-13,4.4260832452878395e-14,0.1987974627077654,0.19973593648393606,0.0,0.09930088535726975
2012-10-08,0.35229976813278,0.14993800073074917,0.0,1.8636235045010643e-15,9.060392024779328e-13,4.370711431297121e-14,0.19857651679777832,0.19971801698024827,0.0,0.09946769735749268
2012-10-09,0.3518409575970775,0.14931005415350385,0.0,1.8511137436328716e-15,9.109191143327473e-13,4.4168820642823573e-14,0.19952268133195758,0.1998612194169709,0.0,0.09946508749953327
2012-10-10,0.3504461223499966,0.14844207191322797,0.0,1.8483035341752576e-15,9.14500889594051e-13,4.4353033553423915e-14,0.20093039089099562,0.2004906162916721,0.0,0.09969079855314707
2012-10-11,0.34897318508983244,0.14853320206362794,0.0,1.8411325502320083e-15,9.187162659264614e-13,4.4763682181108324e-14,0.20173374413778647,0.2004497278860439,0.0,0.10031014082174407
2012-10-12,0.34832861022325473,0.14871511818285868,0.0,1.8537221425918002e-15,9.17356392449991e-13,4.4965164996663556e-14,0.20190761013285377,0.20105653550609467,0.0,0.0999921259539741
2012-10-15,0.34792461331230806,0.14782477993285884,0.0,1.85182791215971e-15,9.193902101011365e-13,4.5173694976810887e-14,0.20256773030200664,0.2018328050959252,0.0,0.09985007135593495
2012-10-16,0.34870332906340346,0.14789844857685083,0.0,1.8513475075650846e-15,9.140911793855703e-13,4.4799429458917696e-14,0.20196758451591465,0.20152477162144192,0.0,0.09990586622142858
2012-10-17,0.35019015296789363,0.14812445820495734,0.0,1.859657911407275e-15,9.044962928750895e-13,4.3923397681544234e-14,0.20066379310785093,0.20108685785159475,0.0,0.09993473786675315
2012-10-18,0.3508275901032189,0.14905505224796886,0.0,1.869224598306333e-15,8.963535053179992e-13,4.339888908514693e-14,0.1997310939221004,0.20099501654962856,0.0,0.09939124717614167
2012-10-19,0.3503332583548531,0.14841565331765502,0.0,1.8661431468920125e-15,8.958298836039751e-13,4.3184625559445594e-14,0.19959491722175882,0.2011272016063077,0.0,0.10052896949848446
2012-10-22,0.3480912926202184,0.14693113657348658,0.0,1.856543766937567e-15,9.089947964906916e-13,4.422756039282705e-14,0.20204029238575155,0.20220430116467927,0.0,0.10073297725490914
2012-10-23,0.34846319327714453,0.14703167305417056,0.0,1.8761799800734627e-15,9.067854586284074e-13,4.3985037281284494e-14,0.20175047304994984,0.20243576301406163,0.0,0.10031889760372083
2012-10-24,0.34605138670279306,0.14732685804584258,0.0,1.850632617244114e-15,9.175386419073705e-13,4.4928800847514947e-14,0.20352166420520487,0.2030960999080433,0.0,0.10000399113715183
2012-10-25,0.3458256645284046,0.14724935465768807,0.0,1.8564781653887732e-15,9.175708683103846e-13,4.458275485492777e-14,0.2034171424910806,0.20336330428826244,0.0,0.10014453403360031
2012-10-26,0.3464594885434753,0.14768942187285658,0.0,1.8748032821694616e-15,9.132520848471675e-13,4.4307680521964867e-14,0.20261823880964142,0.2034747954671159,0.0,0.09975805530595132
2012-10-31,0.3466995320057231,0.1471680015262128,0.0,1.8627006227379685e-15,9.202253538797484e-13,4.5016865039568944e-14,0.20387079359235757,0.20324762635346225,0.0,0.09901404652127709
2012-11-01,0.34999999999491055,0.15000000001139807,0.0,0.0,0.19612920633190964,0.0,0.2038707935877905,9.03516170127443e-11,0.0,0.09999999998363968
2012-11-02,0.35210130464010414,0.15091022419417202,0.0,0.0,0.19487249641463003,0.0,0.2020786114936415,8.99036731963627e-11,0.0,0.10003736316754862
2012-11-05,0.3507511832607987,0.1492899184919093,0.0,0.0,0.1960308539616604,0.0,0.20271182939285992,9.023549665147966e-11,0.0,0.10121621480253613
2012-11-06,0.3509025150344962,0.15004039381822004,0.0,0.0,0.1961873587366589,0.0,0.2024841341809963,8.994370618483224e-11,0.0,0.10038559813968471
2012-11-07,0.35279044602998755,0.15079340125303647,0.0,0.0,0.19482243963366663,0.0,0.20101822908510594,8.986154387833154e-11,0.0,0.10057548390834169
2012-11-08,0.3482993637522468,0.14862598579175737,0.0,0.0,0.19845196785665759,0.0,0.2034785307122969,9.02345462427339e-11,0.0,0.10114415179680662
2012-11-09,0.3464683577795167,0.1475393748368858,0.0,0.0,0.20069698224272853,0.0,0.20467062008288667,9.0555935314837e-11,0.0,0.10062466496742616
2012-11-12,0.3468164241313514,0.1478760007748141,0.0,0.0,0.20074263887068475,0.0,0.20419436338973435,9.040988360507867e-11,0.0,0.1003705727430053
2012-11-13,0.3471708334074613,0.1474808426162547,0.0,0.0,0.20091717248944632,0.0,0.20427415661839884,9.045999240766684e-11,0.0,0.10015699477797863
2012-11-14,0.34658920585742936,0.14690655947437284,0.0,0.0,0.20151940412190147,0.0,0.2047262334811231,9.041476053475251e-11,0.0,0.10025859697475831
2012-11-15,0.34494786410850103,0.1454620810428274,0.0,0.0,0.2033656511795582,0.0,0.20696956275183886,9.071794586317842e-11,0.0,0.09925484082655636
2012-11-16,0.3451579843193103,0.14504229789547549,0.0,0.0,0.2037407870772945,0.0,0.20703806585081638,9.088695719739895e-11,0.0,0.09902086476621616
2012-11-19,0.34557745228184045,0.145708696729064,0.0,0.0,0.20311666308336968,0.0,0.20633901753117045,9.080998064784827e-11,0.0,0.09925817028374509
2012-11-20,0.3485502420230945,0.1470958419594305,0.0,0.0,0.2003949253708393,0.0,0.20462280150232243,9.090964422377182e-11,0.0,0.09933618905340338
2012-11-21,0.34881111546930743,0.14740278668894413,0.0,0.0,0.19962931255033847,0.0,0.2040502739863378,9.094830369735096e-11,0.0,0.10010651121412369
2012-11-23,0.34907323009576047,0.14801866195043906,0.0,0.0,0.1991122974234792,0.0,0.20397362539994943,9.081734990348084e-11,0.0,0.09982218503955433
2012-11-26,0.35139237776997884,0.1484567325972666,0.0,0.0,0.19763130722694588,0.0,0.2026519526029788,9.04955254853341e-11,0.0,0.09986762971233422
2012-11-27,0.35043689690584773,0.14884731040949062,0.0,0.0,0.19784188321065316,0.0,0.20286338777518217,9.046103841916462e-11,0.0,0.10001052160836513
2012-11-28,0.3493330984419044,0.14895508210860983,0.0,0.0,0.1986881530255583,0.0,0.20337879680460264,9.072712516376552e-11,0.0,0.09964486952859757
2012-11-29,0.35068482551531216,0.1495879965612204,0.0,0.0,0.1981188646972831,0.0,0.2025013591084321,9.037016160675851e-11,0.0,0.09910695402738201
2012-11-30,0.3508330391737512,0.1506598823925146,0.0,0.0,0.19748170707602722,0.0,0.20179494554081068,9.038741513620468e-11,0.0,0.09923042572650884
2012-12-03,0.3499999999802889,0.14999999996743751,0.0,0.0,0.0,0.0,0.3499999999555985,0.1499999997403775,0.0,3.562975810292583e-10
2012-12-04,0.34853430518812517,0.14994652514928705,0.0,0.0,0.0,0.0,0.3506474011239883,0.1508717681805941,0.0,3.5800535346670723e-10
2012-12-05,0.348039215494296,0.1501283567966996,0.0,0.0,0.0,0.0,0.3509616635639045,0.15087076378654157,0.0,3.5855826291927047e-10
2012-12-06,0.3481691990984677,0.1497365821502479,0.0,0.0,0.0,0.0,0.35119072126765777,0.15090349712667708,0.0,3.569495104330355e-10
2012-12-07,0.34877968530671527,0.14972901145609058,0.0,0.0,0.0,0.0,0.35055958464080217,0.1509317182367037,0.0,3.596881235914624e-10
2012-12-10,0.3497984394285515,0.14982223537657724,0.0,0.0,0.0,0.0,0.3496901452026189,0.15068917963127443,0.0,3.609779476005891e-10
2012-12-11,0.34950948392168074,0.15029095459674804,0.0,0.0,0.0,0.0,0.3495691073563927,0.15063045376481646,0.0,3.603621365469475e-10
2012-12-12,0.35089941938289215,0.15144791742356484,0.0,0.0,0.0,0.0,0.34730097669902665,0.15035168613428593,0.0,3.6023051500145643e-10
2012-12-13,0.35152333192760643,0.15078877602107627,0.0,0.0,0.0,0.0,0.3466907923477972,0.15099709934381855,0.0,3.597016123939733e-10
2012-12-14,0.3508394905634462,0.15045633623325577,0.0,0.0,0.0,0.0,0.347605335106124,0.151098837738729,0.0,3.5844503784308837e-10
2012-12-17,0.3499730602470362,0.1505531351281372,0.0,0.0,0.0,0.0,0.3482993705979782,0.15117443366801037,0.0,3.5883802204862476e-10
2012-12-18,0.352080854122962,0.1518089884669788,0.0,0.0,0.0,0.0,0.34521158684011855,0.15089857021125835,0.0,3.586823247398506e-10
2012-12-19,0.35415284885253445,0.15308300859854188,0.0,0.0,0.0,0.0,0.34256803478010966,0.1501961074083134,0.0,3.605006508807599e-10
2012-12-20,0.35191363768513384,0.15359516059837833,0.0,0.0,0.0,0.0,0.3442880903521669,0.15020311100391318,0.0,3.604078864593161e-10
2012-12-21,0.35264631913943084,0.1537986928766209,0.0,0.0,0.0,0.0,0.343372315803718,0.150182671816428,0.0,3.638024616060001e-10
2012-12-24,0.35073383923644935,0.1537268097415575,0.0,0.0,0.0,0.0,0.3452363484464063,0.1503030022110478,0.0,3.645392714410465e-10
2012-12-26,0.35056556768776714,0.15337734940052453,0.0,0.0,0.0,0.0,0.34590898522877483,0.15014809731695788,0.0,3.659758049844241e-10
2012-12-27,0.3496891265986744,0.15254124561023338,0.0,0.0,0.0,0.0,0.34699815552439983,0.1507714719018187,0.0,3.6487394061238794e-10
2012-12-28,0.3489245742284877,0.15230204355849203,0.0,0.0,0.0,0.0,0.3478219058222088,0.1509514760249071,0.0,3.6590465114031897e-10
2012-12-31,0.34670791111111127,0.1519020046150775,0.0,0.0,0.0,0.0,0.3501655964909855,0.15122448741768496,0.0,3.6514114619101505e-10
2013-01-02,0.34999999998661957,0.0,0.1499999999248937,0.0,0.0,0.0,0.3499999999909855,0.15000000001184516,0.0,8.565599797686306e-11
2013-01-03,0.35418326331472566,0.0,0.1502900799336337,0.0,0.0,0.0,0.34613187773773774,0.14939477892833608,0.0,8.556686374705293e-11
2013-01-04,0.3550167009574274,0.0,0.14952044786903465,0.0,0.0,0.0,0.3458393407171951,0.14962351037039337,0.0,8.59495166830633e-11
2013-01-07,0.3557785349500147,0.0,0.14994282199341155,0.0,0.0,0.0,0.3448942255336742,0.14938441743674302,0.0,8.615647084598277e-11
2013-01-08,0.35513480102974454,0.0,0.14942881466279356,0.0,0.0,0.0,0.3457863976779173,0.14964998654311504,0.0,8.642955669151148e-11
2013-01-09,0.35469977884568554,0.0,0.14883930799579956,0.0,0.0,0.0,0.3466746595776753,0.1497862534944347,0.0,8.640493841331447e-11
2013-01-10,0.3549508036838441,0.0,0.1493242631072583,0.0,0.0,0.0,0.34592625236195357,0.14979868076045236,0.0,8.649169325147408e-11
2013-01-11,0.35593806016938556,0.0,0.15045487149154776,0.0,0.0,0.0,0.34432331099011565,0.1492837572628131,0.0,8.613795055520458e-11
2013-01-14,0.3554934138053241,0.0,0.15058840473522264,0.0,0.0,0.0,0.3445422496583613,0.14937593171510702,0.0,8.598494016959667e-11
2013-01-15,0.3555888504747925,0.0,0.150913171496205,0.0,0.0,0.0,0.34418584340362446,0.14931213453906808,0.0,8.631005147143004e-11
2013-01-16,0.35591796572730705,0.0,0.1507163127929055,0.0,0.0,0.0,0.3439853950672206,0.14938032632582562,0.0,8.674135688546123e-11
2013-01-17,0.3562361254616035,0.0,0.15014348098663152,0.0,0.0,0.0,0.34433974524112615,0.1492806482239109,0.0,8.672807736599974e-11
2013-01-18,0.35730012434156905,0.0,0.15084321605563597,0.0,0.0,0.0,0.3425544738380463,0.14930218567805148,0.0,8.669727325014818e-11
2013-01-22,0.35767194601548563,0.0,0.15050904603181328,0.0,0.0,0.0,0.3424888102354114,0.14933019763032504,0.0,8.69648295622313e-11
2013-01-23,0.35884709393927383,0.0,0.15027092214346818,0.0,0.0,0.0,0.34177066113995147,0.14911132269007812,0.0,8.722856613146909e-11
2013-01-24,0.35918237319104673,0.0,0.15001475070441414,0.0,0.0,0.0,0.34196505026231205,0.1488378257550828,0.0,8.714431235148446e-11
2013-01-25,0.3590388289413198,0.0,0.15063687764887398,0.0,0.0,0.0,0.34125577637481935,0.14906851694772255,0.0,8.726438024353116e-11
2013-01-28,0.3603217768412284,0.0,0.15195181931448215,0.0,0.0,0.0,0.3390084911548258,0.14871791260188172,0.0,8.758199077692176e-11
2013-01-29,0.36044503985837306,0.0,0.15143831782104528,0.0,0.0,0.0,0.3392479980679409,0.14886864416469484,0.0,8.794595303736216e-11
2013-01-30,0.3613439899746235,0.0,0.15225127400531616,0.0,0.0,0.0,0.33800025470285794,0.14840448122912844,0.0,8.807414372778116e-11
2013-01-31,0.36117727799638094,0.0,0.1529343012653918,0.0,0.0,0.0,0.3380391902458,0.14784923040488931,0.0,8.753822625040989e-11
2013-02-01,0.15000000001095057,0.0,0.3499999999678014,2.300941753141791e-12,1.573409159833623e-12,0.0,0.3499999999988016,0.15000000000263744,0.0,1.593456021103141e-11
2013-02-04,0.15095117134519334,0.0,0.35141109889582495,2.3069855234686886e-12,1.5619387452615564e-12,0.0,0.34772806790597127,0.1499096618331761,0.0,1.5965328952575063e-11
2013-02-05,0.15037856674752326,0.0,0.3476854770755265,2.293551078371069e-12,1.5827935793543054e-12,0.0,0.3515272700720937,0.15040868608493196,0.0,1.6048096669684414e-11
2013-02-06,0.1514793113104635,0.0,0.34833280329846755,2.289847363976769e-12,1.5727937088737292e-12,0.0,0.3498544736971453,0.15033341167409425,0.0,1.5966578784761155e-11
2013-02-07,0.1514778989068835,0.0,0.34801675947084126,2.2855581855621997e-12,1.5763873859446244e-12,0.0,0.3505081979897044,0.14999714361269775,0.0,1.601084225751196e-11
2013-02-08,0.1517663927256122,0.0,0.34628362058425666,2.2725839071443955e-12,1.582226448696284e-12,0.0,0.35175881215090693,0.1501911745193744,0.0,1.59946635537697e-11
2013-02-11,0.15202611967236804,0.0,0.34715113860311847,2.2805167150788436e-12,1.577349926406291e-12,0.0,0.35117491047884586,0.14964783122572914,0.0,1.6080366912453397e-11
2013-02-12,0.15208396303902105,0.0,0.3469960248383929,2.2807967526399755e-12,1.5766296998708125e-12,0.0,0.35120167901102567,0.14971833309158966,0.0,1.611301375751175e-11
2013-02-13,0.15201012841107356,0.0,0.3479744494072787,2.282170235936555e-12,1.5716410952860606e-12,0.0,0.35010180430614674,0.14991361785544713,0.0,1.619983660253457e-11
2013-02-14,0.1520849341107139,0.0,0.34867719996732366,2.292762916043855e-12,1.5655916798905636e-12,0.0,0.34915372057508076,0.15008414532683845,0.0,1.618465424701368e-11
2013-02-15,0.1523544913819828,0.0,0.34707806144793,2.2936759175437564e-12,1.5735957701666866e-12,0.0,0.3504198142533368,0.15014763289675206,0.0,1.6130845854521717e-11
2013-02-19,0.1523571787377736,0.0,0.3466051529261099,2.2881099423565826e-12,1.5740015241742316e-12,0.0,0.35069366821372466,0.15034400010237228,0.0,1.615722020626497e-11
2013-02-20,0.15269108374878793,0.0,0.34885214994055935,2.280721277005627e-12,1.5632064277735032e-12,0.0,0.348759980411538,0.14969678587907062,0.0,1.6199835266488776e-11
2013-02-21,0.15152830992588412,0.0,0.3471253838203553,2.271639211095993e-12,1.574293583253233e-12,0.0,0.35105954661739147,0.15028675961634846,0.0,1.6174392067730666e-11
2013-02-22,0.15142781835129815,0.0,0.34377063327748286,2.2526525613072067e-12,1.5860054141859393e-12,0.0,0.3535339421554648,0.15126760619577462,0.0,1.614058249908352e-11
2013-02-25,0.15183921838586067,0.0,0.34628251753590134,2.2467755643723775e-12,1.5768488007515824e-12,0.0,0.35129827954969,0.15057998450853557,0.0,1.6188489986951758e-11
2013-02-26,0.15038810213525075,0.0,0.34125647298758993,2.238064193533601e-12,1.6043353678146883e-12,0.0,0.3567921424692958,0.1515632823879864,0.0,1.6034382325854704e-11
2013-02-27,0.15080221703375052,0.0,0.34260815216523244,2.2414956598115697e-12,1.5948364135991124e-12,0.0,0.354899397461038,0.15169023332006307,0.0,1.6079280175431656e-11
2013-02-28,0.15173306216109733,0.0,0.34475229153496695,2.2516510783942757e-12,1.5839755307566963e-12,0.0,0.3525302159028186,0.1509844303811875,0.0,1.6093598111356048e-11
2013-03-01,0.15000000015527704,2.590618115530449e-12,0.3499999997910992,0.0,0.0,0.0,0.14999999929122068,0.3499999999152502,0.0,8.445622606569015e-10
2013-03-04,0.1503725474785776,2.6002457146541983e-12,0.3489952746715768,0.0,0.0,0.0,0.1502207122484177,0.35041146475214097,0.0,8.466866267148202e-10
2013-03-05,0.1508372752632371,2.6013172886207426e-12,0.34971793334571327,0.0,0.0,0.0,0.14977469830274606,0.3496700922345603,0.0,8.51142007685289e-10
2013-03-06,0.15138824639363047,2.6177358810894413e-12,0.35133670941240713,0.0,0.0,0.0,0.1487390256018669,0.3485360177361451,0.0,8.533327039201933e-10
2013-03-07,0.1515271239618049,2.623386610428435e-12,0.352074792160471,0.0,0.0,0.0,0.1482390439890377,0.34815903903565315,0.0,8.504099695817939e-10
2013-03-08,0.15160101370815462,2.6323895546365044e-12,0.3526209994666814,0.0,0.0,0.0,0.1475604593325154,0.34821752664472383,0.0,8.45292391736194e-10
2013-03-11,0.15204872511076573,2.653297551445231e-12,0.35293324825529715,0.0,0.0,0.0,0.14684841127427645,0.3481696145113689,0.0,8.456385577287856e-10
2013-03-12,0.15239346187725228,2.6484116795355777e-12,0.3534645086034075,0.0,0.0,0.0,0.14672375248425623,0.3474182761873598,0.0,8.45075805359269e-10
2013-03-13,0.15235240743776104,2.6482688329778744e-12,0.3523795796302497,0.0,0.0,0.0,0.14731072334500975,0.3479572887407276,0.0,8.436037226519671e-10
2013-03-14,0.15262608772443712,2.6591971622313e-12,0.3519788430819092,0.0,0.0,0.0,0.1472308792863279,0.34816418905989394,0.0,8.447727087100576e-10
2013-03-15,0.1525753999559742,2.6707183669279346e-12,0.35342946956312643,0.0,0.0,0.0,0.1464641019021613,0.3475310277307551,0.0,8.453122837054486e-10
2013-03-18,0.1522721461012115,2.6675263681475445e-12,0.3539027816065593,0.0,0.0,0.0,0.14656312486672762,0.3472619465761635,0.0,8.466706571054167e-10
2013-03-19,0.15208755802431081,2.664374661306197e-12,0.35151690136002367,0.0,0.0,0.0,0.14755578932643088,0.3488397504409413,0.0,8.456291148259177e-10
2013-03-20,0.1520027176237166,2.657758199556749e-12,0.3510684130359369,0.0,0.0,0.0,0.14806429465771576,0.3488645738369597,0.0,8.430134348705919e-10
2013-03-21,0.15246719917917406,2.6719341373055607e-12,0.3518311092343525,0.0,0.0,0.0,0.14705519598972178,0.34864649475170556,0.0,8.423741913808062e-10
2013-03-22,0.1519214099529549,2.6617727184764977e-12,0.35037718088893194,0.0,0.0,0.0,0.14793997872175946,0.3497614295896435,0.0,8.44048426869814e-10
2013-03-25,0.1525301443221017,2.6593332512044994e-12,0.35200219008930567,0.0,0.0,0.0,0.1473615023703555,0.3481061623704774,0.0,8.451004236953635e-10
2013-03-26,0.1527394833679128,2.6756903775986514e-12,0.3495510567566668,0.0,0.0,0.0,0.1481827060383919,0.3495267529844206,0.0,8.499322653014871e-10
2013-03-27,0.15332420762591178,2.6731183590360847e-12,0.3503007494275626,0.0,0.0,0.0,0.14766780754240613,0.34870723454773295,0.0,8.537133802824893e-10
2013-03-28,0.15359985540494436,2.6796295795612687e-12,0.3492053520848411,0.0,0.0,0.0,0.148452954811021,0.3487418368396812,0.0,8.568327763864464e-10
2013-04-01,0.15359985552367786,5.0194592503967685e-12,0.34640014434698585,0.0,0.0,0.0,0.1500000001203381,0.34999999989083685,0.0,1.1314199893238223e-10
2013-04-02,0.15373573623729334,4.976022288749637e-12,0.343421567732884,0.0,0.0,0.0,0.15051211604409073,0.35233057986672556,0.0,1.1403047443390047e-10
2013-04-03,0.15385687466582665,4.924636339789447e-12,0.3456486710373396,0.0,0.0,0.0,0.14987862280185274,0.3506158313761432,0.0,1.1391319287546398e-10
2013-04-04,0.15270338913287476,4.8604429113817115e-12,0.34486206125472574,0.0,0.0,0.0,0.15088305033632896,0.35155149915739536,0.0,1.1381471034445008e-10
2013-04-05,0.15265479265235546,4.880681052672077e-12,0.3464099886537834,0.0,0.0,0.0,0.15102778916727896,0.34990742940653974,0.0,1.1516169031609018e-10
2013-04-08,0.15219302938153897,4.878295118144622e-12,0.3453336644843985,0.0,0.0,0.0,0.15171477035018438,0.35075853566304255,0.0,1.1595722083989449e-10
2013-04-09,0.15278105390042834,4.904525732928874e-12,0.3456852148240255,0.0,0.0,0.0,0.15141484728438864,0.35011888386970197,0.0,1.1655091673474691e-10
2013-04-10,0.15284681311600976,4.875462672743853e-12,0.34586943979991,0.0,0.0,0.0,0.1511079900021356,0.35017575696085373,0.0,1.1621545210103678e-10
2013-04-11,0.15353287420475215,4.925694717784157e-12,0.34831873929815205,0.0,0.0,0.0,0.14955312897751932,0.34859525739861397,0.0,1.1603690992734055e-10
2013-04-12,0.1535252596837166,4.9161594370984474e-12,0.3498792706225661,0.0,0.0,0.0,0.1491560808568196,0.347439388715651,0.0,1.1633070165391499e-10
2013-04-15,0.15320922892756808,4.898212475003744e-12,0.34914948269645585,0.0,0.0,0.0,0.1499555867857455,0.34768570146867217,0.0,1.1666046310416414e-10
2013-04-16,0.15156557252420844,4.7736135232792845e-12,0.3466325844216075,0.0,0.0,0.0,0.1519161586606129,0.3498856842730972,0.0,1.1570074519210546e-10
2013-04-17,0.15238671103583404,4.811535062577979e-12,0.348311896780378,0.0,0.0,0.0,0.15024445350481144,0.3490569385576293,0.0,1.1653606150461576e-10
2013-04-18,0.15164888038098645,4.77495834091389e-12,0.3444443003146731,0.0,0.0,0.0,0.15194689909692047,0.35195992008620164,0.0,1.1644375455737115e-10
2013-04-19,0.15106656352304165,4.7599887293109066e-12,0.3442240228352771,0.0,0.0,0.0,0.15245390035176237,0.3522555131686092,0.0,1.1655010782102935e-10
2013-04-22,0.15175581614698325,4.795000940987454e-12,0.34556242357856326,0.0,0.0,0.0,0.1520544093347371,0.3506273508170602,0.0,1.178615444641295e-10
2013-04-23,0.1519730616161284,4.794364941556218e-12,0.3459854691970559,0.0,0.0,0.0,0.15164911477053664,0.35039235429413557,0.0,1.1734949601567645e-10
2013-04-24,0.1523163905292835,4.831534493695464e-12,0.3480864722310415,0.0,0.0,0.0,0.15063843072875271,0.34895870638902915,0.0,1.1706206961862153e-10
2013-04-25,0.15183744483054873,4.838318708730579e-12,0.3497681050830832,0.0,0.0,0.0,0.1501312584528708,0.34826319151178764,0.0,1.1687188957311796e-10
2013-04-26,0.151947870146479,4.853994107382247e-12,0.35044686022690497,0.0,0.0,0.0,0.14954807148322918,0.3480571980224409,0.0,1.1609260215250704e-10
2013-04-29,0.15165008947194789,4.8270714037623296e-12,0.3506659975120269,0.0,0.0,0.0,0.15005876316916067,0.3476251497263444,0.0,1.156937594022389e-10
2013-04-30,0.15173097701940733,4.83210964361978e-12,0.35296894748339136,0.0,0.0,0.0,0.14915194297913814,0.3461481323972647,0.0,1.1596704460503975e-10
2013-05-01,0.15173097724391862,0.2961481320106629,0.052968947570496895,0.0,5.120285208839934e-11,0.0,0.14915194318450617,0.3499999998645724,0.0,7.464015585245866e-11
2013-05-02,0.15173992787313031,0.2915457514168732,0.053121393695721233,0.0,5.1827535736914744e-11,0.0,0.15114992987336004,0.352442997014383,0.0,7.470465095239983e-11
2013-05-03,0.15186331799914204,0.2936946969730994,0.05283793571562819,0.0,5.139238645097183e-11,0.0,0.14988085961718217,0.35172318956899234,0.0,7.456345377361053e-11
2013-05-06,0.1524858248603943,0.2965700491779823,0.05319374008492731,0.0,5.064933272747059e-11,0.0,0.14758364509796634,0.35016674065366715,0.0,7.441328715655354e-11
2013-05-07,0.15250367259807243,0.2977576822526987,0.05299729890993316,0.0,5.0461469085412196e-11,0.0,0.14720257005229745,0.34953877606191996,0.0,7.461701302126645e-11
2013-05-08,0.15282906486807207,0.29931622942649505,0.052927089637132343,0.0,5.024420367050744e-11,0.0,0.14666363023996082,0.3482639857032848,0.0,7.481099874680882e-11
2013-05-09,0.1529902077064151,0.2991429985602234,0.05329922115065769,0.0,5.012969675317051e-11,0.0,0.1462859721696418,0.3482816002883429,0.0,7.458972602759108e-11
2013-05-10,0.15306376382801276,0.2991051357168304,0.05295954734205771,0.0,5.0286119421035155e-11,0.0,0.14645467059635822,0.348416882392109,0.0,7.43460499535351e-11
2013-05-13,0.15352324352649618,0.3013012781105109,0.05300542137972817,0.0,4.998938884473428e-11,0.0,0.14565486848974585,0.34651518836892803,0.0,7.460183927873108e-11
2013-05-14,0.15393956837994335,0.30166003513852746,0.05308150689334392,0.0,4.999642616265838e-11,0.0,0.14555768907645142,0.3457612003866396,0.0,7.509826384325164e-11
2013-05-15,0.15467445884933076,0.30384452315930577,0.05289049020872405,0.0,4.952172240042399e-11,0.0,0.1443704760654501,0.34422005159270963,0.0,7.495849488898102e-11
2013-05-16,0.15516262926526042,0.3037890560526803,0.053000106985104815,0.0,4.954148490490094e-11,0.0,0.14455578881565234,0.34349241875622827,0.0,7.553291826651471e-11
2013-05-17,0.15449148275135402,0.3031284911152354,0.05265822772309206,0.0,4.9796179420436754e-11,0.0,0.14527201864868017,0.34444977963667167,0.0,7.517103066378862e-11
2013-05-20,0.1552669375883856,0.30511857661959846,0.05277523165496166,0.0,4.929904591064037e-11,0.0,0.14397848123086987,0.3428607727816444,0.0,7.524158206512686e-11
2013-05-21,0.15510738924092932,0.3053158405283271,0.05301687668934631,0.0,4.921450156224765e-11,0.0,0.14367149453037534,0.3428883988864648,0.0,7.534329404870549e-11
2013-05-22,0.15508569975624176,0.30489620139772594,0.05304188490210083,0.0,4.9265746547827246e-11,0.0,0.14398325544834129,0.3429929583706745,0.0,7.565052596888391e-11
2013-05-23,0.15539446717643962,0.30328873037075676,0.0530052457664745,0.0,4.933808964216175e-11,0.0,0.14420122663630797,0.34411032992617274,0.0,7.451094912350934e-11
2013-05-24,0.15519817326160446,0.30415725405275473,0.052332076270369364,0.0,4.946987612250318e-11,0.0,0.1445819919047904,0.34373050438777875,0.0,7.323303904276425e-11
2013-05-28,0.15528391972522088,0.3045208207680595,0.05194880899768922,0.0,4.9557714431385714e-11,0.0,0.14468753060917017,0.3435589197771538,0.0,7.314929242420902e-11
2013-05-29,0.15584697783772739,0.30774736140474784,0.051961760615938664,0.0,4.8860583800410845e-11,0.0,0.1429584257041205,0.3414854743162538,0.0,7.235164313175921e-11
2013-05-30,0.15573825485265266,0.3066707475707581,0.051764424974550874,0.0,4.934662524688898e-11,0.0,0.14373180341136343,0.3420947690700992,0.0,7.122959184382425e-11
2013-05-31,0.15573490542477564,0.30758914315732405,0.05177577512740292,0.0,4.9168736199657745e-11,0.0,0.14338171692148244,0.341518459249547,0.0,7.029976911819519e-11
