date,gross,net,benchmark,active,gross_active,turnover,cost,rebalance,benchmark_turnover,benchmark_cost,benchmark_net
2011-01-03,0.006125311345644953,0.005845311345661849,0.005758296757441179,8.701458822066993e-05,0.00036701458820377446,0.279999999983105,0.00027999999998310496,True,0.0,0.0,0.005758296757441179
2011-01-04,-0.003173708745836621,-0.003173708745836621,-0.00020089233104540923,-0.002972816414791212,-0.002972816414791212,0.0,0.0,False,0.0,0.0,-0.00020089233104540923
2011-01-05,-0.0006858811337394255,-0.0006858811337394255,-0.0030702972421233383,0.002384416108383913,0.002384416108383913,0.0,0.0,False,0.0,0.0,-0.0030702972421233383
2011-01-06,6.470403501497525e-05,6.470403501497525e-05,-0.0021675064486189983,0.0022322104836339737,0.0022322104836339737,0.0,0.0,False,0.0,0.0,-0.0021675064486189983
2011-01-07,0.0009037751186315114,0.0009037751186315114,-5.727830696466334e-05,0.0009610534255961747,0.0009610534255961747,0.0,0.0,False,0.0,0.0,-5.727830696466334e-05
2011-01-10,0.0022948330033358824,0.0022948330033358824,-0.00016957081203450346,0.002464403815370386,0.002464403815370386,0.0,0.0,False,0.0,0.0,-0.00016957081203450346
2011-01-11,0.0007955076663982212,0.0007955076663982212,0.002198163937179108,-0.0014026562707808868,-0.0014026562707808868,0.0,0.0,False,0.0,0.0,0.002198163937179108
2011-01-12,0.0035946676694327035,0.0035946676694327035,0.007372694293567227,-0.0037780266241345234,-0.0037780266241345234,0.0,0.0,False,0.0,0.0,0.007372694293567227
2011-01-13,0.001832352480656517,0.001832352480656517,0.0014255008444584221,0.0004068516361980948,0.0004068516361980948,0.0,0.0,False,0.0,0.0,0.0014255008444584221
2011-01-14,0.0018502216930882931,0.0018502216930882931,0.0022118698363226075,-0.0003616481432343144,-0.0003616481432343144,0.0,0.0,False,0.0,0.0,0.0022118698363226075
2011-01-18,-2.294435544328955e-05,-2.294435544328955e-05,0.000611217060078578,-0.0006341614155218676,-0.0006341614155218676,0.0,0.0,False,0.0,0.0,0.000611217060078578
2011-01-19,-0.007648432365545356,-0.007648432365545356,-0.0053593850235490875,-0.0022890473419962688,-0.0022890473419962688,0.0,0.0,False,0.0,0.0,-0.0053593850235490875
2011-01-20,-0.006312136133209482,-0.006312136133209482,-0.00616354755412692,-0.00014858857908256213,-0.00014858857908256213,0.0,0.0,False,0.0,0.0,-0.00616354755412692
2011-01-21,0.0005828305018505109,0.0005828305018505109,0.0014169000727246727,-0.0008340695708741617,-0.0008340695708741617,0.0,0.0,False,0.0,0.0,0.0014169000727246727
2011-01-24,0.0032243784897250877,0.0032243784897250877,0.004579098788427395,-0.001354720298702307,-0.001354720298702307,0.0,0.0,False,0.0,0.0,0.004579098788427395
2011-01-25,0.0027942285352996255,0.0027942285352996255,0.001545140120536434,0.0012490884147631914,0.0012490884147631914,0.0,0.0,False,0.0,0.0,0.001545140120536434
2011-01-26,0.0018638746449342386,0.0018638746449342386,0.0010121975605132346,0.0008516770844210039,0.0008516770844210039,0.0,0.0,False,0.0,0.0,0.0010121975605132346
2011-01-27,0.0020283473311191826,0.0020283473311191826,0.0021251190151424936,-9.677168402331092e-05,-9.677168402331092e-05,0.0,0.0,False,0.0,0.0,0.0021251190151424936
2011-01-28,-0.00837991346745923,-0.00837991346745923,-0.011696506406382366,0.0033165929389231356,0.0033165929389231356,0.0,0.0,False,0.0,0.0,-0.011696506406382366
2011-01-31,0.0019425729596841954,0.0019425729596841954,0.003377293916578691,-0.0014347209568944955,-0.0014347209568944955,0.0,0.0,False,0.0,0.0,0.003377293916578691
2011-02-01,0.010095732447550701,0.009814875010809927,0.010562427146867864,-0.0007475521360579378,-0.00046669469931716334,0.2808574367407747,0.0002808574367407747,True,0.00803601025340903,8.036010253409028e-06,0.010554391136614456
2011-02-02,-0.001505995389853043,-0.001505995389853043,-0.002390682854599901,0.0008846874647468581,0.0008846874647468581,0.0,0.0,False,0.0,0.0,-0.002390682854599901
2011-02-03,0.0013041665696018104,0.0013041665696018104,-0.0011473888466842796,0.00245155541628609,0.00245155541628609,0.0,0.0,False,0.0,0.0,-0.0011473888466842796
2011-02-04,0.0017040632647863602,0.0017040632647863602,-0.0012876129650682367,0.0029916762298545967,0.0029916762298545967,0.0,0.0,False,0.0,0.0,-0.0012876129650682367
2011-02-07,0.004668020200743732,0.004668020200743732,0.003343671822138998,0.0013243483786047339,0.0013243483786047339,0.0,0.0,False,0.0,0.0,0.003343671822138998
2011-02-08,0.0028035345679728336,0.0028035345679728336,0.0004742017560123206,0.002329332811960513,0.002329332811960513,0.0,0.0,False,0.0,0.0,0.0004742017560123206
2011-02-09,-0.002124314212564203,-0.002124314212564203,-0.0012156840271915252,-0.000908630185372678,-0.000908630185372678,0.0,0.0,False,0.0,0.0,-0.0012156840271915252
2011-02-10,0.00039266979166674746,0.00039266979166674746,-0.0035402823413720206,0.003932952133038768,0.003932952133038768,0.0,0.0,False,0.0,0.0,-0.0035402823413720206
2011-02-11,0.005641117131725221,0.005641117131725221,0.006069183010295021,-0.0004280658785697994,-0.0004280658785697994,0.0,0.0,False,0.0,0.0,0.006069183010295021
2011-02-14,0.002287927182119282,0.002287927182119282,0.0009994484342230165,0.0012884787478962653,0.0012884787478962653,0.0,0.0,False,0.0,0.0,0.0009994484342230165
2011-02-15,-0.002109404122932177,-0.002109404122932177,-0.0005298812711746168,-0.0015795228517575602,-0.0015795228517575602,0.0,0.0,False,0.0,0.0,-0.0005298812711746168
2011-02-16,0.003561483962915079,0.003561483962915079,0.004385997253691326,-0.0008245132907762466,-0.0008245132907762466,0.0,0.0,False,0.0,0.0,0.004385997253691326
2011-02-17,0.0036335242486223813,0.0036335242486223813,0.003214436309302626,0.0004190879393197555,0.0004190879393197555,0.0,0.0,False,0.0,0.0,0.003214436309302626
2011-02-18,0.0020017204224396347,0.0020017204224396347,0.0018420629759062152,0.0001596574465334195,0.0001596574465334195,0.0,0.0,False,0.0,0.0,0.0018420629759062152
2011-02-22,-0.01309473588795632,-0.01309473588795632,-0.012057036031715065,-0.0010376998562412545,-0.0010376998562412545,0.0,0.0,False,0.0,0.0,-0.012057036031715065
2011-02-23,-0.005230870278049733,-0.005230870278049733,-0.0029621380594878036,-0.0022687322185619293,-0.0022687322185619293,0.0,0.0,False,0.0,0.0,-0.0029621380594878036
2011-02-24,0.0013409654824842543,0.0013409654824842543,0.0014735189767978761,-0.00013255349431362182,-0.00013255349431362182,0.0,0.0,False,0.0,0.0,0.0014735189767978761
2011-02-25,0.00997418636263057,0.00997418636263057,0.009035327021988906,0.0009388593406416627,0.0009388593406416627,0.0,0.0,False,0.0,0.0,0.009035327021988906
2011-02-28,0.003946126089265848,0.003946126089265848,0.004260715637368405,-0.00031458954810255693,-0.00031458954810255693,0.0,0.0,False,0.0,0.0,0.004260715637368405
2011-03-01,-0.01225655534175852,-0.01246488518394358,-0.008751366247647918,-0.0037135189362956615,-0.003505189094110602,0.20832984218505896,0.00020832984218505896,True,0.008100208428085846,8.100208428085845e-06,-0.008759466456076004
2011-03-02,0.0006464403215115033,0.0006464403215115033,0.00035188846518890125,0.000294551856322602,0.000294551856322602,0.0,0.0,False,0.0,0.0,0.00035188846518890125
2011-03-03,0.011951005488660803,0.011951005488660803,0.007693005119420092,0.004258000369240711,0.004258000369240711,0.0,0.0,False,0.0,0.0,0.007693005119420092
2011-03-04,-0.00470466907436023,-0.00470466907436023,-0.0013389854575861534,-0.003365683616774076,-0.003365683616774076,0.0,0.0,False,0.0,0.0,-0.0013389854575861534
2011-03-07,-0.006066167692759028,-0.006066167692759028,-0.007239174222174585,0.0011730065294155573,0.0011730065294155573,0.0,0.0,False,0.0,0.0,-0.007239174222174585
2011-03-08,0.0065073953976784935,0.0065073953976784935,0.0042865026037027035,0.00222089279397579,0.00222089279397579,0.0,0.0,False,0.0,0.0,0.0042865026037027035
2011-03-09,-0.0019718973677022205,-0.0019718973677022205,0.0020307102941144856,-0.004002607661816706,-0.004002607661816706,0.0,0.0,False,0.0,0.0,0.0020307102941144856
2011-03-10,-0.013589876478054833,-0.013589876478054833,-0.01042201664404365,-0.0031678598340111833,-0.0031678598340111833,0.0,0.0,False,0.0,0.0,-0.01042201664404365
2011-03-11,0.0035945872919623963,0.0035945872919623963,0.0023207171279878472,0.001273870163974549,0.001273870163974549,0.0,0.0,False,0.0,0.0,0.0023207171279878472
2011-03-14,-0.00522261343387863,-0.00522261343387863,-0.0034792684957921385,-0.0017433449380864917,-0.0017433449380864917,0.0,0.0,False,0.0,0.0,-0.0034792684957921385
2011-03-15,-0.007705966520516133,-0.007705966520516133,-0.007087014873216858,-0.0006189516472992745,-0.0006189516472992745,0.0,0.0,False,0.0,0.0,-0.007087014873216858
2011-03-16,-0.011211307122240461,-0.011211307122240461,-0.009202188423994447,-0.002009118698246014,-0.002009118698246014,0.0,0.0,False,0.0,0.0,-0.009202188423994447
2011-03-17,0.00940054643958036,0.00940054643958036,0.008708020795910416,0.0006925256436699431,0.0006925256436699431,0.0,0.0,False,0.0,0.0,0.008708020795910416
2011-03-18,0.005953877093751295,0.005953877093751295,0.003971012680260399,0.001982864413490896,0.001982864413490896,0.0,0.0,False,0.0,0.0,0.003971012680260399
2011-03-21,0.012007188507575801,0.012007188507575801,0.00932073297677883,0.0026864555307969714,0.0026864555307969714,0.0,0.0,False,0.0,0.0,0.00932073297677883
2011-03-22,-0.002329009560587547,-0.002329009560587547,-0.0008444702585422202,-0.0014845393020453267,-0.0014845393020453267,0.0,0.0,False,0.0,0.0,-0.0008444702585422202
2011-03-23,6.6185886202253e-05,6.6185886202253e-05,0.0020934882875003136,-0.0020273024012980607,-0.0020273024012980607,0.0,0.0,False,0.0,0.0,0.0020934882875003136
2011-03-24,0.004938966126841688,0.004938966126841688,0.004378878875946695,0.0005600872508949931,0.0005600872508949931,0.0,0.0,False,0.0,0.0,0.004378878875946695
2011-03-25,0.003182968761903289,0.003182968761903289,-0.0012670216051336803,0.004449990367036969,0.004449990367036969,0.0,0.0,False,0.0,0.0,-0.0012670216051336803
2011-03-28,-0.0011775467242734865,-0.0011775467242734865,-0.0012467984861808381,6.925176190735165e-05,6.925176190735165e-05,0.0,0.0,False,0.0,0.0,-0.0012467984861808381
2011-03-29,0.0041542681937264715,0.0041542681937264715,0.002715904973520161,0.0014383632202063104,0.0014383632202063104,0.0,0.0,False,0.0,0.0,0.002715904973520161
2011-03-30,0.006476127624826987,0.006476127624826987,0.007391127789615369,-0.0009150001647883817,-0.0009150001647883817,0.0,0.0,False,0.0,0.0,0.007391127789615369
2011-03-31,0.0004497073796691082,0.0004497073796691082,-0.0011164814786528289,0.001566188858321937,0.001566188858321937,0.0,0.0,False,0.0,0.0,-0.0011164814786528289
2011-04-01,0.0014127147158536635,0.0013213560398229135,0.0058907793712313136,-0.0045694233314084,-0.00447806465537765,0.09135867603074997,9.135867603074998e-05,True,0.007095628043848615,7.095628043848615e-06,0.005883683743187465
2011-04-04,0.003169842175529671,0.003169842175529671,0.0022664011902377825,0.0009034409852918886,0.0009034409852918886,0.0,0.0,False,0.0,0.0,0.0022664011902377825
2011-04-05,0.0019042058961290748,0.0019042058961290748,-0.0014714427613003482,0.0033756486574294227,0.0033756486574294227,0.0,0.0,False,0.0,0.0,-0.0014714427613003482
2011-04-06,0.002457986669588338,0.002457986669588338,0.0007597121696745775,0.0016982744999137606,0.0016982744999137606,0.0,0.0,False,0.0,0.0,0.0007597121696745775
2011-04-07,-0.0019776626638523523,-0.0019776626638523523,-0.002206854603755485,0.00022919193990313287,0.00022919193990313287,0.0,0.0,False,0.0,0.0,-0.002206854603755485
2011-04-08,-0.002509239515652245,-0.002509239515652245,-0.0011397323047210653,-0.00136950721093118,-0.00136950721093118,0.0,0.0,False,0.0,0.0,-0.0011397323047210653
2011-04-11,-0.003434176690673079,-0.003434176690673079,-0.0025358100983877857,-0.0008983665922852936,-0.0008983665922852936,0.0,0.0,False,0.0,0.0,-0.0025358100983877857
2011-04-12,-0.006538975369986183,-0.006538975369986183,-0.004036653145429448,-0.0025023222245567347,-0.0025023222245567347,0.0,0.0,False,0.0,0.0,-0.004036653145429448
2011-04-13,0.0019888213751105715,0.0019888213751105715,0.0026722042665950395,-0.000683382891484468,-0.000683382891484468,0.0,0.0,False,0.0,0.0,0.0026722042665950395
2011-04-14,0.0015140842997263344,0.0015140842997263344,0.0003517742306681928,0.0011623100690581417,0.0011623100690581417,0.0,0.0,False,0.0,0.0,0.0003517742306681928
2011-04-15,0.004850615253655597,0.004850615253655597,0.004440473339534422,0.0004101419141211756,0.0004101419141211756,0.0,0.0,False,0.0,0.0,0.004440473339534422
2011-04-18,-0.007622841060781418,-0.007622841060781418,-0.008953009116936764,0.0013301680561553456,0.0013301680561553456,0.0,0.0,False,0.0,0.0,-0.008953009116936764
2011-04-19,0.003653891391135015,0.003653891391135015,0.005042231072182674,-0.0013883396810476594,-0.0013883396810476594,0.0,0.0,False,0.0,0.0,0.005042231072182674
2011-04-20,0.010229283566615155,0.010229283566615155,0.010165717565109856,6.356600150529863e-05,6.356600150529863e-05,0.0,0.0,False,0.0,0.0,0.010165717565109856
2011-04-21,0.004274639257971561,0.004274639257971561,0.004011360059651236,0.0002632791983203254,0.0002632791983203254,0.0,0.0,False,0.0,0.0,0.004011360059651236
2011-04-25,-0.0005289392046504048,-0.0005289392046504048,-0.00016635505167334006,-0.0003625841529770647,-0.0003625841529770647,0.0,0.0,False,0.0,0.0,-0.00016635505167334006
2011-04-26,0.005504767474311596,0.005504767474311596,0.007138067680889591,-0.001633300206577995,-0.001633300206577995,0.0,0.0,False,0.0,0.0,0.007138067680889591
2011-04-27,0.0056184225827337125,0.0056184225827337125,0.0026962067048651485,0.002922215877868564,0.002922215877868564,0.0,0.0,False,0.0,0.0,0.0026962067048651485
2011-04-28,0.0031196612098550645,0.0031196612098550645,0.0030325479030402316,8.711330681483286e-05,8.711330681483286e-05,0.0,0.0,False,0.0,0.0,0.0030325479030402316
2011-04-29,0.0035139945301151214,0.0035139945301151214,0.0015908104445503553,0.001923184085564766,0.001923184085564766,0.0,0.0,False,0.0,0.0,0.0015908104445503553
2011-05-02,-0.003628334294703138,-0.0036847381062676374,0.00031204997824870736,-0.003996788084516345,-0.003940384272951846,0.056403811564499216,5.640381156449922e-05,True,0.003855802784934366,3.855802784934366e-06,0.000308194175463773
2011-05-03,-0.003530098536497096,-0.003530098536497096,-0.004404503350778707,0.000874404814281611,0.000874404814281611,0.0,0.0,False,0.0,0.0,-0.004404503350778707
2011-05-04,-0.005679154376909771,-0.005679154376909771,-0.004572707143054163,-0.0011064472338556085,-0.0011064472338556085,0.0,0.0,False,0.0,0.0,-0.004572707143054163
2011-05-05,-0.007716924342525601,-0.007716924342525601,-0.0047984737928831915,-0.0029184505496424092,-0.0029184505496424092,0.0,0.0,False,0.0,0.0,-0.0047984737928831915
2011-05-06,0.005299863381882852,0.005299863381882852,0.002781863668616383,0.002517999713266469,0.002517999713266469,0.0,0.0,False,0.0,0.0,0.002781863668616383
2011-05-09,0.004939447503108317,0.004939447503108317,0.003354229344822629,0.0015852181582856877,0.0015852181582856877,0.0,0.0,False,0.0,0.0,0.003354229344822629
2011-05-10,0.006265331065292723,0.006265331065292723,0.003884932956545043,0.0023803981087476803,0.0023803981087476803,0.0,0.0,False,0.0,0.0,0.003884932956545043
2011-05-11,-0.007879830537632821,-0.007879830537632821,-0.007969168285732273,8.933774809945227e-05,8.933774809945227e-05,0.0,0.0,False,0.0,0.0,-0.007969168285732273
2011-05-12,0.00330476037243324,0.00330476037243324,0.001484352568956813,0.001820407803476427,0.001820407803476427,0.0,0.0,False,0.0,0.0,0.001484352568956813
2011-05-13,-0.0067709585622601105,-0.0067709585622601105,-0.005705996641623594,-0.0010649619206365164,-0.0010649619206365164,0.0,0.0,False,0.0,0.0,-0.005705996641623594
2011-05-16,-0.0038245160857440317,-0.0038245160857440317,-0.001795407795694905,-0.0020291082900491266,-0.0020291082900491266,0.0,0.0,False,0.0,0.0,-0.001795407795694905
2011-05-17,-0.00023435736662191065,-0.00023435736662191065,0.0017662727497161535,-0.002000630116338064,-0.002000630116338064,0.0,0.0,False,0.0,0.0,0.0017662727497161535
2011-05-18,0.006306600263533925,0.006306600263533925,0.003562777363642012,0.0027438228998919127,0.0027438228998919127,0.0,0.0,False,0.0,0.0,0.003562777363642012
2011-05-19,0.001133741871067546,0.001133741871067546,0.0014827780065718617,-0.0003490361355043157,-0.0003490361355043157,0.0,0.0,False,0.0,0.0,0.0014827780065718617
2011-05-20,-0.003127716003253612,-0.003127716003253612,-0.005171587020117806,0.002043871016864194,0.002043871016864194,0.0,0.0,False,0.0,0.0,-0.005171587020117806
2011-05-23,-0.008363427159229884,-0.008363427159229884,-0.009259425396258694,0.0008959982370288101,0.0008959982370288101,0.0,0.0,False,0.0,0.0,-0.009259425396258694
2011-05-24,-0.0010863244250524109,-0.0010863244250524109,0.0018989419726229374,-0.0029852663976753483,-0.0029852663976753483,0.0,0.0,False,0.0,0.0,0.0018989419726229374
2011-05-25,0.0029853637590898374,0.0029853637590898374,0.0021873224100274037,0.0007980413490624337,0.0007980413490624337,0.0,0.0,False,0.0,0.0,0.0021873224100274037
2011-05-26,0.003339334698500496,0.003339334698500496,0.006850864409588325,-0.003511529711087829,-0.003511529711087829,0.0,0.0,False,0.0,0.0,0.006850864409588325
2011-05-27,0.004436048496812701,0.004436048496812701,0.003664394056973127,0.0007716544398395741,0.0007716544398395741,0.0,0.0,False,0.0,0.0,0.003664394056973127
2011-05-31,0.006773194065064034,0.006773194065064034,0.008799251962052066,-0.002026057896988032,-0.002026057896988032,0.0,0.0,False,0.0,0.0,0.008799251962052066
2011-06-01,-0.014345478274018556,-0.01443756272836503,-0.010619257905147866,-0.0038183048232171644,-0.0037262203688706898,0.09208445434647497,9.208445434647496e-05,True,0.00939822239913135,9.39822239913135e-06,-0.010628656127546997
2011-06-02,-0.0019502768384065106,-0.0019502768384065106,-0.002209926218659382,0.0002596493802528713,0.0002596493802528713,0.0,0.0,False,0.0,0.0,-0.002209926218659382
2011-06-03,-0.006842474573796453,-0.006842474573796453,-0.002678187424268135,-0.004164287149528319,-0.004164287149528319,0.0,0.0,False,0.0,0.0,-0.002678187424268135
2011-06-06,-0.007335649578885649,-0.007335649578885649,-0.008236365910487759,0.0009007163316021097,0.0009007163316021097,0.0,0.0,False,0.0,0.0,-0.008236365910487759
2011-06-07,0.0003746948510836929,0.0003746948510836929,0.0032171502762132946,-0.002842455425129602,-0.002842455425129602,0.0,0.0,False,0.0,0.0,0.0032171502762132946
2011-06-08,-0.004772217875959011,-0.004772217875959011,-0.003462198219461957,-0.0013100196564970537,-0.0013100196564970537,0.0,0.0,False,0.0,0.0,-0.003462198219461957
2011-06-09,0.0032982504686284264,0.0032982504686284264,0.0033503112611029287,-5.206079247450229e-05,-5.206079247450229e-05,0.0,0.0,False,0.0,0.0,0.0033503112611029287
2011-06-10,-0.009783005733742344,-0.009783005733742344,-0.009602974559693146,-0.00018003117404919756,-0.00018003117404919756,0.0,0.0,False,0.0,0.0,-0.009602974559693146
2011-06-13,-0.0013553117052003106,-0.0013553117052003106,-0.00039453307174626244,-0.0009607786334540481,-0.0009607786334540481,0.0,0.0,False,0.0,0.0,-0.00039453307174626244
2011-06-14,0.00946843990003856,0.00946843990003856,0.0059454837985093295,0.00352295610152923,0.00352295610152923,0.0,0.0,False,0.0,0.0,0.0059454837985093295
2011-06-15,-0.00964192348078968,-0.00964192348078968,-0.009162837659046214,-0.0004790858217434673,-0.0004790858217434673,0.0,0.0,False,0.0,0.0,-0.009162837659046214
2011-06-16,-0.00549085053484635,-0.00549085053484635,3.0406902654448928e-05,-0.0055212574375007985,-0.0055212574375007985,0.0,0.0,False,0.0,0.0,3.0406902654448928e-05
2011-06-17,0.005008521198022536,0.005008521198022536,0.0020979296920376153,0.0029105915059849208,0.0029105915059849208,0.0,0.0,False,0.0,0.0,0.0020979296920376153
2011-06-20,0.005684020239200299,0.005684020239200299,0.001385144358279927,0.004298875880920372,0.004298875880920372,0.0,0.0,False,0.0,0.0,0.001385144358279927
2011-06-21,0.010426055440462292,0.010426055440462292,0.009471035215856712,0.0009550202246055798,0.0009550202246055798,0.0,0.0,False,0.0,0.0,0.009471035215856712
2011-06-22,-0.005645442710943851,-0.005645442710943851,-0.0044072260633894415,-0.0012382166475544097,-0.0012382166475544097,0.0,0.0,False,0.0,0.0,-0.0044072260633894415
2011-06-23,0.0018766119767193482,0.0018766119767193482,-0.00017120444609853598,0.002047816422817884,0.002047816422817884,0.0,0.0,False,0.0,0.0,-0.00017120444609853598
2011-06-24,-0.006419975684747731,-0.006419975684747731,-0.0044875532051203895,-0.0019324224796273418,-0.0019324224796273418,0.0,0.0,False,0.0,0.0,-0.0044875532051203895
2011-06-27,0.0037237950850997994,0.0037237950850997994,0.0032840337032478033,0.0004397613818519961,0.0004397613818519961,0.0,0.0,False,0.0,0.0,0.0032840337032478033
2011-06-28,0.007359874144096569,0.007359874144096569,0.0042858487931425725,0.003074025350953996,0.003074025350953996,0.0,0.0,False,0.0,0.0,0.0042858487931425725
2011-06-29,0.0068889588095798725,0.0068889588095798725,0.004347565848599917,0.0025413929609799553,0.0025413929609799553,0.0,0.0,False,0.0,0.0,0.004347565848599917
2011-06-30,0.007056811359070525,0.007056811359070525,0.005887852876428207,0.001168958482642318,0.001168958482642318,0.0,0.0,False,0.0,0.0,0.005887852876428207
2011-07-01,0.009531622219587291,0.009528390107391463,0.007462897958582964,0.002065492148808499,0.0020687242610043267,0.003232112195827076,3.2321121958270762e-06,True,0.0025033962979100627,2.503396297910063e-06,0.007460394562285054
2011-07-05,0.0010503394909023964,0.0010503394909023964,0.0008261854184368176,0.00022415407246557874,0.00022415407246557874,0.0,0.0,False,0.0,0.0,0.0008261854184368176
2011-07-06,0.001515172602728796,0.001515172602728796,-0.00012356582011547945,0.0016387384228442755,0.0016387384228442755,0.0,0.0,False,0.0,0.0,-0.00012356582011547945
2011-07-07,0.007484252428390976,0.007484252428390976,0.0056841874765859455,0.0018000649518050303,0.0018000649518050303,0.0,0.0,False,0.0,0.0,0.0056841874765859455
2011-07-08,-0.0035427303407685523,-0.0035427303407685523,-0.0016869626358060198,-0.0018557677049625325,-0.0018557677049625325,0.0,0.0,False,0.0,0.0,-0.0016869626358060198
2011-07-11,-0.012747311896655003,-0.012747311896655003,-0.010999801062217873,-0.0017475108344371295,-0.0017475108344371295,0.0,0.0,False,0.0,0.0,-0.010999801062217873
2011-07-12,-0.003262041166956321,-0.003262041166956321,-0.002945584485052768,-0.00031645668190355284,-0.00031645668190355284,0.0,0.0,False,0.0,0.0,-0.002945584485052768
2011-07-13,0.005659756778714292,0.005659756778714292,0.006041905916301467,-0.0003821491375871752,-0.0003821491375871752,0.0,0.0,False,0.0,0.0,0.006041905916301467
2011-07-14,-0.0060311293890559815,-0.0060311293890559815,-0.008019123971126602,0.0019879945820706207,0.0019879945820706207,0.0,0.0,False,0.0,0.0,-0.008019123971126602
2011-07-15,0.0032865350706093393,0.0032865350706093393,0.004450069586479125,-0.0011635345158697856,-0.0011635345158697856,0.0,0.0,False,0.0,0.0,0.004450069586479125
2011-07-18,-0.006590207724396669,-0.006590207724396669,-0.007745463708428084,0.0011552559840314145,0.0011552559840314145,0.0,0.0,False,0.0,0.0,-0.007745463708428084
2011-07-19,0.011504174091868397,0.011504174091868397,0.012141965390597316,-0.0006377912987289187,-0.0006377912987289187,0.0,0.0,False,0.0,0.0,0.012141965390597316
2011-07-20,-0.0005026528916990635,-0.0005026528916990635,-0.00022293445181539872,-0.00027971843988366474,-0.00027971843988366474,0.0,0.0,False,0.0,0.0,-0.00022293445181539872
2011-07-21,0.007777770075130011,0.007777770075130011,0.007545279397726274,0.0002324906774037374,0.0002324906774037374,0.0,0.0,False,0.0,0.0,0.007545279397726274
2011-07-22,0.0014675431648002142,0.0014675431648002142,0.0021052608384846926,-0.0006377176736844783,-0.0006377176736844783,0.0,0.0,False,0.0,0.0,0.0021052608384846926
2011-07-25,-0.006370037412156079,-0.006370037412156079,-0.005319184444887543,-0.0010508529672685358,-0.0010508529672685358,0.0,0.0,False,0.0,0.0,-0.005319184444887543
2011-07-26,-0.0011770072488697055,-0.0011770072488697055,0.0015759848066674179,-0.0027529920555371236,-0.0027529920555371236,0.0,0.0,False,0.0,0.0,0.0015759848066674179
2011-07-27,-0.015075096022543998,-0.015075096022543998,-0.013738446644646296,-0.0013366493778977015,-0.0013366493778977015,0.0,0.0,False,0.0,0.0,-0.013738446644646296
2011-07-28,-0.0004161731811693334,-0.0004161731811693334,-0.00029130003266005433,-0.00012487314850927905,-0.00012487314850927905,0.0,0.0,False,0.0,0.0,-0.00029130003266005433
2011-07-29,-0.0009374184933201213,-0.0009374184933201213,0.0035718183748862055,-0.004509236868206327,-0.004509236868206327,0.0,0.0,False,0.0,0.0,0.0035718183748862055
2011-08-01,-0.0018898395596134417,-0.00198837597672904,-0.0019017134586351903,-8.666251809384944e-05,1.1873899021748674e-05,0.09853641711559792,9.853641711559791e-05,True,0.012236424965378839,1.223642496537884e-05,-0.001913949883600569
2011-08-02,-0.014489220285558846,-0.014489220285558846,-0.011564134355900715,-0.002925085929658131,-0.002925085929658131,0.0,0.0,False,0.0,0.0,-0.011564134355900715
2011-08-03,0.0026897803040039454,0.0026897803040039454,0.0026473929010459372,4.2387402958008174e-05,4.2387402958008174e-05,0.0,0.0,False,0.0,0.0,0.0026473929010459372
2011-08-04,-0.03392182239977591,-0.03392182239977591,-0.026923399256446483,-0.006998423143329428,-0.006998423143329428,0.0,0.0,False,0.0,0.0,-0.026923399256446483
2011-08-05,-0.004223089293791059,-0.004223089293791059,-0.005460737852006653,0.0012376485582155936,0.0012376485582155936,0.0,0.0,False,0.0,0.0,-0.005460737852006653
2011-08-08,-0.045978402527164834,-0.045978402527164834,-0.037985266434347686,-0.007993136092817148,-0.007993136092817148,0.0,0.0,False,0.0,0.0,-0.037985266434347686
2011-08-09,0.036338981220972816,0.036338981220972816,0.033610405270609,0.0027285759503638124,0.0027285759503638124,0.0,0.0,False,0.0,0.0,0.033610405270609
2011-08-10,-0.022646600146936573,-0.022646600146936573,-0.022280465711794886,-0.00036613443514168717,-0.00036613443514168717,0.0,0.0,False,0.0,0.0,-0.022280465711794886
2011-08-11,0.02276698265358269,0.02276698265358269,0.01657216513076376,0.006194817522818929,0.006194817522818929,0.0,0.0,False,0.0,0.0,0.01657216513076376
2011-08-12,0.002611929963084335,0.002611929963084335,0.008231018737006076,-0.0056190887739217404,-0.0056190887739217404,0.0,0.0,False,0.0,0.0,0.008231018737006076
2011-08-15,0.017531773431924344,0.017531773431924344,0.011716318798060277,0.0058154546338640666,0.0058154546338640666,0.0,0.0,False,0.0,0.0,0.011716318798060277
2011-08-16,-0.005891179654955052,-0.005891179654955052,-0.003739442390718422,-0.00215173726423663,-0.00215173726423663,0.0,0.0,False,0.0,0.0,-0.003739442390718422
2011-08-17,0.004128232294771898,0.004128232294771898,0.004637171564010918,-0.0005089392692390199,-0.0005089392692390199,0.0,0.0,False,0.0,0.0,0.004637171564010918
2011-08-18,-0.024550847993170644,-0.024550847993170644,-0.023750770334881044,-0.0008000776582895996,-0.0008000776582895996,0.0,0.0,False,0.0,0.0,-0.023750770334881044
2011-08-19,-0.009355145783090515,-0.009355145783090515,-0.0083390491545431,-0.0010160966285474148,-0.0010160966285474148,0.0,0.0,False,0.0,0.0,-0.0083390491545431
2011-08-22,0.0025473381791223304,0.0025473381791223304,-0.00031585620435806204,0.0028631943834803923,0.0028631943834803923,0.0,0.0,False,0.0,0.0,-0.00031585620435806204
2011-08-23,0.014350877962790432,0.014350877962790432,0.01535065921094745,-0.0009997812481570174,-0.0009997812481570174,0.0,0.0,False,0.0,0.0,0.01535065921094745
2011-08-24,0.0005653133340288583,0.0005653133340288583,-0.002084113459434134,0.0026494267934629922,0.0026494267934629922,0.0,0.0,False,0.0,0.0,-0.002084113459434134
2011-08-25,-0.010173008925551728,-0.010173008925551728,-0.007866221463452207,-0.0023067874620995212,-0.0023067874620995212,0.0,0.0,False,0.0,0.0,-0.007866221463452207
2011-08-26,0.014587115132299315,0.014587115132299315,0.010319885838877054,0.004267229293422261,0.004267229293422261,0.0,0.0,False,0.0,0.0,0.010319885838877054
2011-08-29,0.017892579263111393,0.017892579263111393,0.014924240431710822,0.002968338831400571,0.002968338831400571,0.0,0.0,False,0.0,0.0,0.014924240431710822
2011-08-30,0.005987779315622286,0.005987779315622286,0.0035861133816183994,0.0024016659340038863,0.0024016659340038863,0.0,0.0,False,0.0,0.0,0.0035861133816183994
2011-08-31,0.004497307579806187,0.004497307579806187,0.0044256857102163575,7.162186958982984e-05,7.162186958982984e-05,0.0,0.0,False,0.0,0.0,0.0044256857102163575
2011-09-01,-0.007136826537176124,-0.007155504920047529,-0.003836704289468606,-0.0033188006305789226,-0.0033001222477075176,0.01867838287140467,1.8678382871404668e-05,True,0.026889836835948717,2.6889836835948715e-05,-0.0038635941263045546
2011-09-02,-0.012727061396814017,-0.012727061396814017,-0.01055247718241656,-0.0021745842143974566,-0.0021745842143974566,0.0,0.0,False,0.0,0.0,-0.01055247718241656
2011-09-06,-0.005992876973123071,-0.005992876973123071,-0.006394313572490415,0.00040143659936734376,0.00040143659936734376,0.0,0.0,False,0.0,0.0,-0.006394313572490415
2011-09-07,0.01416580386508341,0.01416580386508341,0.015408423347531643,-0.0012426194824482328,-0.0012426194824482328,0.0,0.0,False,0.0,0.0,0.015408423347531643
2011-09-08,-0.0032770807329879697,-0.0032770807329879697,-0.007734005879632596,0.004456925146644627,0.004456925146644627,0.0,0.0,False,0.0,0.0,-0.007734005879632596
2011-09-09,-0.0167634226609065,-0.0167634226609065,-0.01573704781399373,-0.0010263748469127691,-0.0010263748469127691,0.0,0.0,False,0.0,0.0,-0.01573704781399373
2011-09-12,-0.0018119104511872105,-0.0018119104511872105,-2.7292538670183432e-05,-0.001784617912517027,-0.001784617912517027,0.0,0.0,False,0.0,0.0,-2.7292538670183432e-05
2011-09-13,0.008889164607293361,0.008889164607293361,0.003697017258903766,0.005192147348389595,0.005192147348389595,0.0,0.0,False,0.0,0.0,0.003697017258903766
2011-09-14,0.008805672184775053,0.008805672184775053,0.007349693241613366,0.0014559789431616878,0.0014559789431616878,0.0,0.0,False,0.0,0.0,0.007349693241613366
2011-09-15,0.008362569108554877,0.008362569108554877,0.007400810622516307,0.0009617584860385706,0.0009617584860385706,0.0,0.0,False,0.0,0.0,0.007400810622516307
2011-09-16,0.002981665849762111,0.002981665849762111,0.002859018525372155,0.0001226473243899559,0.0001226473243899559,0.0,0.0,False,0.0,0.0,0.002859018525372155
2011-09-19,-0.0075603149208545665,-0.0075603149208545665,-0.007162550530684742,-0.0003977643901698245,-0.0003977643901698245,0.0,0.0,False,0.0,0.0,-0.007162550530684742
2011-09-20,-0.0010489824888369034,-0.0010489824888369034,-0.0006595693148923705,-0.00038941317394453295,-0.00038941317394453295,0.0,0.0,False,0.0,0.0,-0.0006595693148923705
2011-09-21,-0.019465190098209843,-0.019465190098209843,-0.015266874337352937,-0.004198315760856906,-0.004198315760856906,0.0,0.0,False,0.0,0.0,-0.015266874337352937
2011-09-22,-0.021667236731039458,-0.021667236731039458,-0.017367411148564972,-0.0042998255824744855,-0.0042998255824744855,0.0,0.0,False,0.0,0.0,-0.017367411148564972
2011-09-23,-0.0012319190004923047,-0.0012319190004923047,0.002172985161739527,-0.0034049041622318315,-0.0034049041622318315,0.0,0.0,False,0.0,0.0,0.002172985161739527
2011-09-26,0.010833044567334409,0.010833044567334409,0.009894028198190699,0.0009390163691437095,0.0009390163691437095,0.0,0.0,False,0.0,0.0,0.009894028198190699
2011-09-27,0.008833576197422215,0.008833576197422215,0.007825797030960775,0.0010077791664614404,0.0010077791664614404,0.0,0.0,False,0.0,0.0,0.007825797030960775
2011-09-28,-0.019232372907954307,-0.019232372907954307,-0.013686471137629715,-0.005545901770324591,-0.005545901770324591,0.0,0.0,False,0.0,0.0,-0.013686471137629715
2011-09-29,0.00551829516111328,0.00551829516111328,0.007382958501635994,-0.001864663340522714,-0.001864663340522714,0.0,0.0,False,0.0,0.0,0.007382958501635994
2011-09-30,-0.018672318348497752,-0.018672318348497752,-0.014677188726937875,-0.0039951296215598765,-0.0039951296215598765,0.0,0.0,False,0.0,0.0,-0.014677188726937875
2011-10-03,-0.01408599967667037,-0.014366893601571418,-0.013668491157405475,-0.0006984024441659426,-0.00041750851926489543,0.2808939249010465,0.0002808939249010465,True,0.03276811308942956,3.276811308942956e-05,-0.013701259270494905
2011-10-04,0.01277585971258045,0.01277585971258045,0.010451137332773478,0.002324722379806972,0.002324722379806972,0.0,0.0,False,0.0,0.0,0.010451137332773478
2011-10-05,0.009267734899219435,0.009267734899219435,0.010253064014107246,-0.0009853291148878111,-0.0009853291148878111,0.0,0.0,False,0.0,0.0,0.010253064014107246
2011-10-06,0.008535738826803887,0.008535738826803887,0.011034435525719892,-0.002498696698916005,-0.002498696698916005,0.0,0.0,False,0.0,0.0,0.011034435525719892
2011-10-07,-0.008564960430679168,-0.008564960430679168,-0.007066475285214891,-0.0014984851454642768,-0.0014984851454642768,0.0,0.0,False,0.0,0.0,-0.007066475285214891
2011-10-10,0.019137948650498282,0.019137948650498282,0.020297831394906946,-0.0011598827444086642,-0.0011598827444086642,0.0,0.0,False,0.0,0.0,0.020297831394906946
2011-10-11,0.0017764540656304228,0.0017764540656304228,0.001306114510734323,0.00047033955489609973,0.00047033955489609973,0.0,0.0,False,0.0,0.0,0.001306114510734323
2011-10-12,0.005913409635904701,0.005913409635904701,0.007530716790654634,-0.0016173071547499326,-0.0016173071547499326,0.0,0.0,False,0.0,0.0,0.007530716790654634
2011-10-13,-0.0003609268593400158,-0.0003609268593400158,-0.00021934454476788229,-0.0001415823145721335,-0.0001415823145721335,0.0,0.0,False,0.0,0.0,-0.00021934454476788229
2011-10-14,0.008891765192812505,0.008891765192812505,0.008534033353178056,0.0003577318396344488,0.0003577318396344488,0.0,0.0,False,0.0,0.0,0.008534033353178056
2011-10-17,-0.011057831397862825,-0.011057831397862825,-0.012850168533603717,0.0017923371357408922,0.0017923371357408922,0.0,0.0,False,0.0,0.0,-0.012850168533603717
2011-10-18,0.01123584502952183,0.01123584502952183,0.012423593147163398,-0.0011877481176415672,-0.0011877481176415672,0.0,0.0,False,0.0,0.0,0.012423593147163398
2011-10-19,-0.008054014397414034,-0.008054014397414034,-0.008866966404572556,0.0008129520071585225,0.0008129520071585225,0.0,0.0,False,0.0,0.0,-0.008866966404572556
2011-10-20,0.000781428610300753,0.000781428610300753,-0.0005320275225277906,0.0013134561328285435,0.0013134561328285435,0.0,0.0,False,0.0,0.0,-0.0005320275225277906
2011-10-21,0.011612021037733997,0.011612021037733997,0.01335311934292251,-0.0017410983051885133,-0.0017410983051885133,0.0,0.0,False,0.0,0.0,0.01335311934292251
2011-10-24,0.011705284570799133,0.011705284570799133,0.012685508025596696,-0.000980223454797563,-0.000980223454797563,0.0,0.0,False,0.0,0.0,0.012685508025596696
2011-10-25,-0.007199229672806589,-0.007199229672806589,-0.008991030225279157,0.0017918005524725682,0.0017918005524725682,0.0,0.0,False,0.0,0.0,-0.008991030225279157
2011-10-26,0.005720359244874568,0.005720359244874568,0.0058511808688219485,-0.00013082162394738046,-0.00013082162394738046,0.0,0.0,False,0.0,0.0,0.0058511808688219485
2011-10-27,0.020082461826158363,0.020082461826158363,0.025015038719867398,-0.004932576893709035,-0.004932576893709035,0.0,0.0,False,0.0,0.0,0.025015038719867398
2011-10-28,0.000847516706754326,0.000847516706754326,-0.0001639243156598127,0.0010114410224141388,0.0010114410224141388,0.0,0.0,False,0.0,0.0,-0.0001639243156598127
2011-10-31,-0.011419877736363854,-0.011419877736363854,-0.01702219817540271,0.005602320439038855,0.005602320439038855,0.0,0.0,False,0.0,0.0,-0.01702219817540271
2011-11-01,-0.010687255395657548,-0.010789416299921143,-0.012435709892045604,0.0016462935921244606,0.0017484544963880556,0.10216090426359539,0.00010216090426359538,True,0.02694193838285549,2.694193838285549e-05,-0.012462651830428459
2011-11-02,0.009336350168397239,0.009336350168397239,0.009710065799251082,-0.0003737156308538433,-0.0003737156308538433,0.0,0.0,False,0.0,0.0,0.009710065799251082
2011-11-03,0.009182868447387103,0.009182868447387103,0.009812563130446598,-0.0006296946830594945,-0.0006296946830594945,0.0,0.0,False,0.0,0.0,0.009812563130446598
2011-11-04,-0.001844122536246419,-0.001844122536246419,-0.0036541083951877515,0.0018099858589413326,0.0018099858589413326,0.0,0.0,False,0.0,0.0,-0.0036541083951877515
2011-11-07,0.0026469165442249477,0.0026469165442249477,0.003189061603381404,-0.0005421450591564562,-0.0005421450591564562,0.0,0.0,False,0.0,0.0,0.003189061603381404
2011-11-08,0.004292783343187145,0.004292783343187145,0.005090033608189517,-0.0007972502650023718,-0.0007972502650023718,0.0,0.0,False,0.0,0.0,0.005090033608189517
2011-11-09,-0.01816844490355933,-0.01816844490355933,-0.024762112700511513,0.006593667796952182,0.006593667796952182,0.0,0.0,False,0.0,0.0,-0.024762112700511513
2011-11-10,0.0019461773083363889,0.0019461773083363889,0.003001283283648108,-0.0010551059753117192,-0.0010551059753117192,0.0,0.0,False,0.0,0.0,0.003001283283648108
2011-11-11,0.009445639044345595,0.009445639044345595,0.011466108409800597,-0.0020204693654550018,-0.0020204693654550018,0.0,0.0,False,0.0,0.0,0.011466108409800597
2011-11-14,-0.00359941243961401,-0.00359941243961401,-0.005543754603830378,0.0019443421642163679,0.0019443421642163679,0.0,0.0,False,0.0,0.0,-0.005543754603830378
2011-11-15,0.0031884851497444204,0.0031884851497444204,0.001846191365399275,0.0013422937843451455,0.0013422937843451455,0.0,0.0,False,0.0,0.0,0.001846191365399275
2011-11-16,-0.00755171522673362,-0.00755171522673362,-0.010343939877449974,0.0027922246507163535,0.0027922246507163535,0.0,0.0,False,0.0,0.0,-0.010343939877449974
2011-11-17,-0.008766705049630012,-0.008766705049630012,-0.009889263501921059,0.0011225584522910476,0.0011225584522910476,0.0,0.0,False,0.0,0.0,-0.009889263501921059
2011-11-18,-0.0014710970452818173,-0.0014710970452818173,-1.6741909703250684e-06,-0.0014694228543114924,-0.0014694228543114924,0.0,0.0,False,0.0,0.0,-1.6741909703250684e-06
2011-11-21,-0.010596220667383124,-0.010596220667383124,-0.013367994848390866,0.002771774181007741,0.002771774181007741,0.0,0.0,False,0.0,0.0,-0.013367994848390866
2011-11-22,-0.001439378550308429,-0.001439378550308429,-0.0008149264262045393,-0.0006244521241038898,-0.0006244521241038898,0.0,0.0,False,0.0,0.0,-0.0008149264262045393
2011-11-23,-0.011761954194940968,-0.011761954194940968,-0.01458439294761586,0.002822438752674893,0.002822438752674893,0.0,0.0,False,0.0,0.0,-0.01458439294761586
2011-11-25,-0.0056422159957068,-0.0056422159957068,-0.00498650915002029,-0.0006557068456865102,-0.0006557068456865102,0.0,0.0,False,0.0,0.0,-0.00498650915002029
2011-11-28,0.017713251609596015,0.017713251609596015,0.021352278704332685,-0.0036390270947366694,-0.0036390270947366694,0.0,0.0,False,0.0,0.0,0.021352278704332685
2011-11-29,-0.00019763671291787166,-0.00019763671291787166,8.406144501977891e-05,-0.0002816981579376506,-0.0002816981579376506,0.0,0.0,False,0.0,0.0,8.406144501977891e-05
2011-11-30,0.022170788450065003,0.022170788450065003,0.02707000261804747,-0.004899214167982467,-0.004899214167982467,0.0,0.0,False,0.0,0.0,0.02707000261804747
2011-12-01,-0.0007665896387905461,-0.001042120149282851,-0.0019559047320410637,0.0009137845827582127,0.0011893150932505176,0.27553051049230487,0.00027553051049230485,True,0.0063326590037958465,6.332659003795846e-06,-0.0019622373910448596
2011-12-02,0.003491814395718139,0.003491814395718139,0.0024778652750999442,0.0010139491206181948,0.0010139491206181948,0.0,0.0,False,0.0,0.0,0.0024778652750999442
2011-12-05,0.007504842063995262,0.007504842063995262,0.008347849720991212,-0.0008430076569959505,-0.0008430076569959505,0.0,0.0,False,0.0,0.0,0.008347849720991212
2011-12-06,-0.0012404577916526305,-0.0012404577916526305,-0.0037176745077548076,0.002477216716102177,0.002477216716102177,0.0,0.0,False,0.0,0.0,-0.0037176745077548076
2011-12-07,0.00403805092997367,0.00403805092997367,0.004493672466028351,-0.00045562153605468135,-0.00045562153605468135,0.0,0.0,False,0.0,0.0,0.004493672466028351
2011-12-08,-0.015107465895558555,-0.015107465895558555,-0.015512333136505036,0.00040486724094648124,0.00040486724094648124,0.0,0.0,False,0.0,0.0,-0.015512333136505036
2011-12-09,0.009011557156285644,0.009011557156285644,0.009138415708381501,-0.0001268585520958574,-0.0001268585520958574,0.0,0.0,False,0.0,0.0,0.009138415708381501
2011-12-12,-0.00950862810344055,-0.00950862810344055,-0.011905889940194935,0.0023972618367543858,0.0023972618367543858,0.0,0.0,False,0.0,0.0,-0.011905889940194935
2011-12-13,-0.006941009550095776,-0.006941009550095776,-0.00479022342979174,-0.002150786120304036,-0.002150786120304036,0.0,0.0,False,0.0,0.0,-0.00479022342979174
2011-12-14,-0.007734973085171977,-0.007734973085171977,-0.004803959708622588,-0.0029310133765493894,-0.0029310133765493894,0.0,0.0,False,0.0,0.0,-0.004803959708622588
2011-12-15,0.002838658571996146,0.002838658571996146,0.0027362012235108875,0.00010245734848525869,0.00010245734848525869,0.0,0.0,False,0.0,0.0,0.0027362012235108875
2011-12-16,0.0054912321881136665,0.0054912321881136665,0.0034225927089467476,0.002068639479166919,0.002068639479166919,0.0,0.0,False,0.0,0.0,0.0034225927089467476
2011-12-19,-0.005130196757018287,-0.005130196757018287,-0.0059050204320808975,0.0007748236750626109,0.0007748236750626109,0.0,0.0,False,0.0,0.0,-0.0059050204320808975
2011-12-20,0.016767930620142712,0.016767930620142712,0.01652305634289365,0.0002448742772490631,0.0002448742772490631,0.0,0.0,False,0.0,0.0,0.01652305634289365
2011-12-21,-0.00028047027449982294,-0.00028047027449982294,-0.001710590444643463,0.00143012017014364,0.00143012017014364,0.0,0.0,False,0.0,0.0,-0.001710590444643463
2011-12-22,0.005334355462710689,0.005334355462710689,0.006832978061587169,-0.0014986225988764803,-0.0014986225988764803,0.0,0.0,False,0.0,0.0,0.006832978061587169
2011-12-23,0.0025574567846632958,0.0025574567846632958,0.0024035620985125845,0.00015389468615071124,0.00015389468615071124,0.0,0.0,False,0.0,0.0,0.0024035620985125845
2011-12-27,0.0012487031003425401,0.0012487031003425401,-0.00025558749699585603,0.0015042905973383961,0.0015042905973383961,0.0,0.0,False,0.0,0.0,-0.00025558749699585603
2011-12-28,-0.008461510944911804,-0.008461510944911804,-0.006656454172802726,-0.0018050567721090774,-0.0018050567721090774,0.0,0.0,False,0.0,0.0,-0.006656454172802726
2011-12-29,0.00484471585816044,0.00484471585816044,0.007615313580277028,-0.0027705977221165884,-0.0027705977221165884,0.0,0.0,False,0.0,0.0,0.007615313580277028
2011-12-30,-8.203102164000271e-06,-8.203102164000271e-06,0.0005493300200002436,-0.0005575331221642439,-0.0005575331221642439,0.0,0.0,False,0.0,0.0,0.0005493300200002436
2012-01-03,0.006097456179581986,0.005817777793917954,0.010615532859231941,-0.004797755065313988,-0.0045180766796499554,0.2796783856640326,0.00027967838566403256,True,0.009245407031349882,9.24540703134988e-06,0.010606287452200592
2012-01-04,-0.001316628307062374,-0.001316628307062374,-0.002355469443620351,0.0010388411365579771,0.0010388411365579771,0.0,0.0,False,0.0,0.0,-0.002355469443620351
2012-01-05,0.000919852279000554,0.000919852279000554,-0.0022976529472545698,0.003217505226255124,0.003217505226255124,0.0,0.0,False,0.0,0.0,-0.0022976529472545698
2012-01-06,0.00035282615045206193,0.00035282615045206193,-0.0025132152518639126,0.0028660414023159745,0.0028660414023159745,0.0,0.0,False,0.0,0.0,-0.0025132152518639126
2012-01-09,0.0015116182198623405,0.0015116182198623405,0.0023474566552333332,-0.0008358384353709927,-0.0008358384353709927,0.0,0.0,False,0.0,0.0,0.0023474566552333332
2012-01-10,0.0051448805453139825,0.0051448805453139825,0.00778125778793205,-0.0026363772426180676,-0.0026363772426180676,0.0,0.0,False,0.0,0.0,0.00778125778793205
2012-01-11,0.0026702231692325874,0.0026702231692325874,0.0017064313793152004,0.000963791789917387,0.000963791789917387,0.0,0.0,False,0.0,0.0,0.0017064313793152004
2012-01-12,0.0009607288205921601,0.0009607288205921601,0.0017834216680045474,-0.0008226928474123873,-0.0008226928474123873,0.0,0.0,False,0.0,0.0,0.0017834216680045474
2012-01-13,-0.000784691721705104,-0.000784691721705104,-0.002499459633733942,0.001714767912028838,0.001714767912028838,0.0,0.0,False,0.0,0.0,-0.002499459633733942
2012-01-17,0.0022917263481063697,0.0022917263481063697,0.0057369291437692985,-0.003445202795662929,-0.003445202795662929,0.0,0.0,False,0.0,0.0,0.0057369291437692985
2012-01-18,0.005435012117927062,0.005435012117927062,0.007851406569516958,-0.002416394451589896,-0.002416394451589896,0.0,0.0,False,0.0,0.0,0.007851406569516958
2012-01-19,0.0009372425395123697,0.0009372425395123697,0.0028377838936531176,-0.001900541354140748,-0.001900541354140748,0.0,0.0,False,0.0,0.0,0.0028377838936531176
2012-01-20,1.5458929236167085e-05,1.5458929236167085e-05,0.00031688219758863913,-0.00030142326835247207,-0.00030142326835247207,0.0,0.0,False,0.0,0.0,0.00031688219758863913
2012-01-23,-0.001985081264171989,-0.001985081264171989,-0.0001798687113140629,-0.0018052125528579262,-0.0018052125528579262,0.0,0.0,False,0.0,0.0,-0.0001798687113140629
2012-01-24,0.00120451122039788,0.00120451122039788,7.847783802831089e-05,0.001126033382369569,0.001126033382369569,0.0,0.0,False,0.0,0.0,7.847783802831089e-05
2012-01-25,0.006538885962641105,0.006538885962641105,0.007080467136103684,-0.0005415811734625787,-0.0005415811734625787,0.0,0.0,False,0.0,0.0,0.007080467136103684
2012-01-26,0.0008770219235794551,0.0008770219235794551,0.0007784870886672046,9.85348349122505e-05,9.85348349122505e-05,0.0,0.0,False,0.0,0.0,0.0007784870886672046
2012-01-27,0.0021030704709366225,0.0021030704709366225,0.001979444352786976,0.00012362611814964626,0.00012362611814964626,0.0,0.0,False,0.0,0.0,0.001979444352786976
2012-01-30,-0.0016155072868651815,-0.0016155072868651815,-0.0037666766540959402,0.0021511693672307585,0.0021511693672307585,0.0,0.0,False,0.0,0.0,-0.0037666766540959402
2012-01-31,0.0015087697373189957,0.0015087697373189957,0.0032453573948535274,-0.0017365876575345318,-0.0017365876575345318,0.0,0.0,False,0.0,0.0,0.0032453573948535274
2012-02-01,0.005849069421219015,0.005825158068050931,0.007600154184699731,-0.0017749961166488,-0.0017510847634807161,0.02391135316808351,2.391135316808351e-05,True,0.01122446361498804,1.1224463614988039e-05,0.007588929721084743
2012-02-02,0.002262411926091743,0.002262411926091743,0.001930185081858573,0.00033222684423317005,0.00033222684423317005,0.0,0.0,False,0.0,0.0,0.001930185081858573
2012-02-03,0.005524589987045841,0.005524589987045841,0.006541726080929788,-0.0010171360938839476,-0.0010171360938839476,0.0,0.0,False,0.0,0.0,0.006541726080929788
2012-02-06,0.0005236825039131322,0.0005236825039131322,-0.0005785286398423802,0.0011022111437555123,0.0011022111437555123,0.0,0.0,False,0.0,0.0,-0.0005785286398423802
2012-02-07,-0.001676541963582804,-0.001676541963582804,-0.0002580037412968859,-0.001418538222285918,-0.001418538222285918,0.0,0.0,False,0.0,0.0,-0.0002580037412968859
2012-02-08,0.0017191260107267351,0.0017191260107267351,0.0025584584517778348,-0.0008393324410510996,-0.0008393324410510996,0.0,0.0,False,0.0,0.0,0.0025584584517778348
2012-02-09,-0.0015921810396206677,-0.0015921810396206677,-0.0007933440086770404,-0.0007988370309436273,-0.0007988370309436273,0.0,0.0,False,0.0,0.0,-0.0007933440086770404
2012-02-10,-0.0031043617521011426,-0.0031043617521011426,-0.006564367957611455,0.0034600062055103126,0.0034600062055103126,0.0,0.0,False,0.0,0.0,-0.006564367957611455
2012-02-13,0.0049970222354397565,0.0049970222354397565,0.006744594320174795,-0.0017475720847350386,-0.0017475720847350386,0.0,0.0,False,0.0,0.0,0.006744594320174795
2012-02-14,-0.00036358214381557825,-0.00036358214381557825,-0.0018092181041403223,0.001445635960324744,0.001445635960324744,0.0,0.0,False,0.0,0.0,-0.0018092181041403223
2012-02-15,-0.0029442547929365683,-0.0029442547929365683,-0.001532091241897177,-0.0014121635510393913,-0.0014121635510393913,0.0,0.0,False,0.0,0.0,-0.001532091241897177
2012-02-16,0.005188421987272858,0.005188421987272858,0.005981923887578814,-0.0007935019003059568,-0.0007935019003059568,0.0,0.0,False,0.0,0.0,0.005981923887578814
2012-02-17,0.0003538992934767878,0.0003538992934767878,0.001219944535222162,-0.0008660452417453743,-0.0008660452417453743,0.0,0.0,False,0.0,0.0,0.001219944535222162
2012-02-21,-0.0024145489991322603,-0.0024145489991322603,-0.0020684716757396666,-0.0003460773233925937,-0.0003460773233925937,0.0,0.0,False,0.0,0.0,-0.0020684716757396666
2012-02-22,-0.0002645388907261709,-0.0002645388907261709,0.0006069964365171443,-0.0008715353272433152,-0.0008715353272433152,0.0,0.0,False,0.0,0.0,0.0006069964365171443
2012-02-23,0.004690630034891877,0.004690630034891877,0.00366476707133055,0.0010258629635613269,0.0010258629635613269,0.0,0.0,False,0.0,0.0,0.00366476707133055
2012-02-24,0.0008323925242629073,0.0008323925242629073,0.003088554217031695,-0.0022561616927687877,-0.0022561616927687877,0.0,0.0,False,0.0,0.0,0.003088554217031695
2012-02-27,0.001963105791650032,0.001963105791650032,0.00022720105919623028,0.001735904732453802,0.001735904732453802,0.0,0.0,False,0.0,0.0,0.00022720105919623028
2012-02-28,0.0012062615139090064,0.0012062615139090064,0.003994801784234453,-0.002788540270325446,-0.002788540270325446,0.0,0.0,False,0.0,0.0,0.003994801784234453
2012-02-29,-0.005063499202258398,-0.005063499202258398,-0.004947908836538648,-0.00011559036571975011,-0.00011559036571975011,0.0,0.0,False,0.0,0.0,-0.004947908836538648
2012-03-01,0.0011778814448180279,0.0011678046148789424,0.0029893702063194744,-0.001821565591440532,-0.0018114887615014465,0.010076829939085489,1.0076829939085489e-05,True,0.011079333096650754,1.1079333096650753e-05,0.0029782908732228237
2012-03-02,-0.0020300287272665067,-0.0020300287272665067,-0.001996936943310274,-3.309178395623268e-05,-3.309178395623268e-05,0.0,0.0,False,0.0,0.0,-0.001996936943310274
2012-03-05,-0.002205946821816122,-0.002205946821816122,-0.00476449751464369,0.002558550692827568,0.002558550692827568,0.0,0.0,False,0.0,0.0,-0.00476449751464369
2012-03-06,-0.007035906295761006,-0.007035906295761006,-0.012293242203372039,0.005257335907611033,0.005257335907611033,0.0,0.0,False,0.0,0.0,-0.012293242203372039
2012-03-07,0.0031672830210423683,0.0031672830210423683,0.004773160210994309,-0.0016058771899519408,-0.0016058771899519408,0.0,0.0,False,0.0,0.0,0.004773160210994309
2012-03-08,0.004502580623373792,0.004502580623373792,0.007800807160139799,-0.003298226536766007,-0.003298226536766007,0.0,0.0,False,0.0,0.0,0.007800807160139799
2012-03-09,0.003175011421975762,0.003175011421975762,0.0011670446608431034,0.0020079667611326586,0.0020079667611326586,0.0,0.0,False,0.0,0.0,0.0011670446608431034
2012-03-12,-0.0006638916137226957,-0.0006638916137226957,-0.0019079751413175637,0.001244083527594868,0.001244083527594868,0.0,0.0,False,0.0,0.0,-0.0019079751413175637
2012-03-13,0.006649166401661204,0.006649166401661204,0.008835267442402542,-0.0021861010407413384,-0.0021861010407413384,0.0,0.0,False,0.0,0.0,0.008835267442402542
2012-03-14,-0.00729223622356988,-0.00729223622356988,-0.008889411989765325,0.001597175766195445,0.001597175766195445,0.0,0.0,False,0.0,0.0,-0.008889411989765325
2012-03-15,0.0030347088062048586,0.0030347088062048586,0.004129877874906984,-0.0010951690687021256,-0.0010951690687021256,0.0,0.0,False,0.0,0.0,0.004129877874906984
2012-03-16,0.00046116326621895574,0.00046116326621895574,0.0015680937848826983,-0.0011069305186637425,-0.0011069305186637425,0.0,0.0,False,0.0,0.0,0.0015680937848826983
2012-03-19,0.0004995502313946908,0.0004995502313946908,8.091765976570757e-05,0.00041863257162898324,0.00041863257162898324,0.0,0.0,False,0.0,0.0,8.091765976570757e-05
2012-03-20,-0.0024411114153183562,-0.0024411114153183562,-0.004690491407935297,0.002249379992616941,0.002249379992616941,0.0,0.0,False,0.0,0.0,-0.004690491407935297
2012-03-21,0.001723618870286815,0.001723618870286815,0.0008665796507719347,0.0008570392195148802,0.0008570392195148802,0.0,0.0,False,0.0,0.0,0.0008665796507719347
2012-03-22,-0.003953379981079825,-0.003953379981079825,-0.005100727693905271,0.0011473477128254462,0.0011473477128254462,0.0,0.0,False,0.0,0.0,-0.005100727693905271
2012-03-23,0.004120921277981198,0.004120921277981198,0.004576463415274831,-0.0004555421372936337,-0.0004555421372936337,0.0,0.0,False,0.0,0.0,0.004576463415274831
2012-03-26,0.008309413241471778,0.008309413241471778,0.008858366601556207,-0.0005489533600844289,-0.0005489533600844289,0.0,0.0,False,0.0,0.0,0.008858366601556207
2012-03-27,0.0006586706102042273,0.0006586706102042273,-0.00024062551547489688,0.0008992961256791242,0.0008992961256791242,0.0,0.0,False,0.0,0.0,-0.00024062551547489688
2012-03-28,-0.0035867154066316223,-0.0035867154066316223,-0.005196256957849812,0.00160954155121819,0.00160954155121819,0.0,0.0,False,0.0,0.0,-0.005196256957849812
2012-03-29,0.0006126037125831443,0.0006126037125831443,-0.0002731170500729183,0.0008857207626560626,0.0008857207626560626,0.0,0.0,False,0.0,0.0,-0.0002731170500729183
2012-03-30,-0.001072210740544807,-0.001072210740544807,0.0009987760497843598,-0.002070986790329167,-0.002070986790329167,0.0,0.0,False,0.0,0.0,0.0009987760497843598
2012-04-02,0.005730050430068304,0.005718817433757995,0.007075496275955628,-0.0013566788421976329,-0.0013454458458873235,0.011232996310309726,1.1232996310309725e-05,True,0.01102323991151868,1.1023239911518682e-05,0.0070644730360441095
2012-04-03,-0.00640322975596003,-0.00640322975596003,-0.008523538428092283,0.002120308672132253,0.002120308672132253,0.0,0.0,False,0.0,0.0,-0.008523538428092283
2012-04-04,-0.0040198702112875535,-0.0040198702112875535,-0.00697212402465527,0.0029522538133677162,0.0029522538133677162,0.0,0.0,False,0.0,0.0,-0.00697212402465527
2012-04-05,0.0009274517974117729,0.0009274517974117729,0.0008030047947875532,0.0001244470026242197,0.0001244470026242197,0.0,0.0,False,0.0,0.0,0.0008030047947875532
2012-04-09,-0.00198975971755615,-0.00198975971755615,-0.0020532479870569477,6.348826950079755e-05,6.348826950079755e-05,0.0,0.0,False,0.0,0.0,-0.0020532479870569477
2012-04-10,-0.007885637441693955,-0.007885637441693955,-0.009731061247950805,0.00184542380625685,0.00184542380625685,0.0,0.0,False,0.0,0.0,-0.009731061247950805
2012-04-11,0.0033873736925417106,0.0033873736925417106,0.004539929186861656,-0.0011525554943199456,-0.0011525554943199456,0.0,0.0,False,0.0,0.0,0.004539929186861656
2012-04-12,0.00606199471342447,0.00606199471342447,0.009196889636519694,-0.0031348949230952244,-0.0031348949230952244,0.0,0.0,False,0.0,0.0,0.009196889636519694
2012-04-13,-0.0033563548154084506,-0.0033563548154084506,-0.005720319000002301,0.0023639641845938503,0.0023639641845938503,0.0,0.0,False,0.0,0.0,-0.005720319000002301
2012-04-16,-7.527682242835517e-05,-7.527682242835517e-05,0.00030555260293844034,-0.0003808294253667955,-0.0003808294253667955,0.0,0.0,False,0.0,0.0,0.00030555260293844034
2012-04-17,0.007131376461535274,0.007131376461535274,0.008478008811188624,-0.00134663234965335,-0.00134663234965335,0.0,0.0,False,0.0,0.0,0.008478008811188624
2012-04-18,-0.0016591570453159065,-0.0016591570453159065,-0.002073056721932351,0.0004138996766164444,0.0004138996766164444,0.0,0.0,False,0.0,0.0,-0.002073056721932351
2012-04-19,-0.00260233235515006,-0.00260233235515006,-0.003119949467584086,0.0005176171124340258,0.0005176171124340258,0.0,0.0,False,0.0,0.0,-0.003119949467584086
2012-04-20,0.0014649675068496054,0.0014649675068496054,0.002848593965503801,-0.0013836264586541956,-0.0013836264586541956,0.0,0.0,False,0.0,0.0,0.002848593965503801
2012-04-23,-0.004305359077699607,-0.004305359077699607,-0.007175374034634717,0.00287001495693511,0.00287001495693511,0.0,0.0,False,0.0,0.0,-0.007175374034634717
2012-04-24,0.0012901185798106386,0.0012901185798106386,0.0016801532623454498,-0.00039003468253481126,-0.00039003468253481126,0.0,0.0,False,0.0,0.0,0.0016801532623454498
2012-04-25,0.006914960506274382,0.006914960506274382,0.007425691765333873,-0.0005107312590594913,-0.0005107312590594913,0.0,0.0,False,0.0,0.0,0.007425691765333873
2012-04-26,0.005373186180418429,0.005373186180418429,0.005285857698295428,8.732848212300061e-05,8.732848212300061e-05,0.0,0.0,False,0.0,0.0,0.005285857698295428
2012-04-27,0.0023743820429526176,0.0023743820429526176,0.002092679087476492,0.00028170295547612573,0.00028170295547612573,0.0,0.0,False,0.0,0.0,0.002092679087476492
2012-04-30,-0.0028070099859747984,-0.0028070099859747984,-0.0026063988093878087,-0.00020061117658698967,-0.00020061117658698967,0.0,0.0,False,0.0,0.0,-0.0026063988093878087
2012-05-01,0.001430633652963977,0.00142300940793711,0.0022833216316882287,-0.0008603122237511188,-0.0008526879787242516,0.007624245026867125,7.624245026867124e-06,True,0.008473918524125351,8.473918524125351e-06,0.0022748477131641033
2012-05-02,0.000502173239887224,0.000502173239887224,-0.0009048832521327778,0.0014070564920200018,0.0014070564920200018,0.0,0.0,False,0.0,0.0,-0.0009048832521327778
2012-05-03,-0.0048755828798468185,-0.0048755828798468185,-0.005004971624436865,0.00012938874459004612,0.00012938874459004612,0.0,0.0,False,0.0,0.0,-0.005004971624436865
2012-05-04,-0.007105977203235553,-0.007105977203235553,-0.008451500505520536,0.001345523302284983,0.001345523302284983,0.0,0.0,False,0.0,0.0,-0.008451500505520536
2012-05-07,0.0008125083710172169,0.0008125083710172169,0.0019932883915249645,-0.0011807800205077476,-0.0011807800205077476,0.0,0.0,False,0.0,0.0,0.0019932883915249645
2012-05-08,-0.0003316464782652166,-0.0003316464782652166,-0.003975380981079583,0.003643734502814366,0.003643734502814366,0.0,0.0,False,0.0,0.0,-0.003975380981079583
2012-05-09,-0.002881100184667709,-0.002881100184667709,-0.005068152436657468,0.0021870522519897594,0.0021870522519897594,0.0,0.0,False,0.0,0.0,-0.005068152436657468
2012-05-10,0.0005093025330919513,0.0005093025330919513,0.001134781298472795,-0.0006254787653808436,-0.0006254787653808436,0.0,0.0,False,0.0,0.0,0.001134781298472795
2012-05-11,0.0001659414094766823,0.0001659414094766823,-0.0016217294194171734,0.0017876708288938558,0.0017876708288938558,0.0,0.0,False,0.0,0.0,-0.0016217294194171734
2012-05-14,-0.004270195027962279,-0.004270195027962279,-0.007250047297056162,0.0029798522690938824,0.0029798522690938824,0.0,0.0,False,0.0,0.0,-0.007250047297056162
2012-05-15,-0.002320846581122144,-0.002320846581122144,-0.004344452353051555,0.0020236057719294114,0.0020236057719294114,0.0,0.0,False,0.0,0.0,-0.004344452353051555
2012-05-16,-0.0020757481749920136,-0.0020757481749920136,-0.0038474813846065044,0.0017717332096144909,0.0017717332096144909,0.0,0.0,False,0.0,0.0,-0.0038474813846065044
2012-05-17,-0.008256198815175985,-0.008256198815175985,-0.007922368430735145,-0.0003338303844408405,-0.0003338303844408405,0.0,0.0,False,0.0,0.0,-0.007922368430735145
2012-05-18,-0.005117230241169397,-0.005117230241169397,-0.005605284176460182,0.0004880539352907845,0.0004880539352907845,0.0,0.0,False,0.0,0.0,-0.005605284176460182
2012-05-21,0.008549746786007863,0.008549746786007863,0.01097765655496233,-0.0024279097689544667,-0.0024279097689544667,0.0,0.0,False,0.0,0.0,0.01097765655496233
2012-05-22,-0.0015020119003715362,-0.0015020119003715362,-0.0027673088774977806,0.0012652969771262445,0.0012652969771262445,0.0,0.0,False,0.0,0.0,-0.0027673088774977806
2012-05-23,0.0024694767224963696,0.0024694767224963696,-2.662395271365518e-05,0.002496100675210025,0.002496100675210025,0.0,0.0,False,0.0,0.0,-2.662395271365518e-05
2012-05-24,0.00023159826390346127,0.00023159826390346127,-0.0013519895492553043,0.0015835878131587656,0.0015835878131587656,0.0,0.0,False,0.0,0.0,-0.0013519895492553043
2012-05-25,0.00020847076595388776,0.00020847076595388776,-0.000724895129273308,0.0009333658952271958,0.0009333658952271958,0.0,0.0,False,0.0,0.0,-0.000724895129273308
2012-05-29,0.006238181631423314,0.006238181631423314,0.008546315638497837,-0.002308134007074523,-0.002308134007074523,0.0,0.0,False,0.0,0.0,0.008546315638497837
2012-05-30,-0.004353598016489787,-0.004353598016489787,-0.006677040044030802,0.002323442027541015,0.002323442027541015,0.0,0.0,False,0.0,0.0,-0.006677040044030802
2012-05-31,0.0014928588766313533,0.0014928588766313533,0.002847320061317469,-0.0013544611846861155,-0.0013544611846861155,0.0,0.0,False,0.0,0.0,0.002847320061317469
2012-06-01,-0.009759839535271903,-0.009781400585898268,-0.011710605579772698,0.0019292049938744293,0.001950766044500795,0.02156105062636549,2.156105062636549e-05,True,0.027344933916253603,2.73449339162536e-05,-0.011737950513688951
2012-06-04,-0.0036561191086702527,-0.0036561191086702527,-0.0013270229546700457,-0.002329096154000207,-0.002329096154000207,0.0,0.0,False,0.0,0.0,-0.0013270229546700457
2012-06-05,0.0031587281220297877,0.0031587281220297877,0.0025382031484238858,0.000620524973605902,0.000620524973605902,0.0,0.0,False,0.0,0.0,0.0025382031484238858
2012-06-06,0.008979587691785026,0.008979587691785026,0.012216306461696184,-0.0032367187699111587,-0.0032367187699111587,0.0,0.0,False,0.0,0.0,0.012216306461696184
2012-06-07,0.00029000146572202476,0.00029000146572202476,0.0015446676397473246,-0.0012546661740252998,-0.0012546661740252998,0.0,0.0,False,0.0,0.0,0.0015446676397473246
2012-06-08,0.00574182815721706,0.00574182815721706,0.002376700733198424,0.0033651274240186356,0.0033651274240186356,0.0,0.0,False,0.0,0.0,0.002376700733198424
2012-06-11,-0.007127358162361746,-0.007127358162361746,-0.007135761442824653,8.403280462906948e-06,8.403280462906948e-06,0.0,0.0,False,0.0,0.0,-0.007135761442824653
2012-06-12,0.0037449827549253588,0.0037449827549253588,0.006703126901649419,-0.0029581441467240606,-0.0029581441467240606,0.0,0.0,False,0.0,0.0,0.006703126901649419
2012-06-13,-0.0017654732601855233,-0.0017654732601855233,-0.0020285324700759265,0.0002630592098904032,0.0002630592098904032,0.0,0.0,False,0.0,0.0,-0.0020285324700759265
2012-06-14,0.0044325175122384795,0.0044325175122384795,0.004813981831767149,-0.0003814643195286698,-0.0003814643195286698,0.0,0.0,False,0.0,0.0,0.004813981831767149
2012-06-15,0.007938947376867383,0.007938947376867383,0.009549538531974999,-0.0016105911551076157,-0.0016105911551076157,0.0,0.0,False,0.0,0.0,0.009549538531974999
2012-06-18,0.0007193509658430213,0.0007193509658430213,0.0005653020545713715,0.00015404891127164988,0.00015404891127164988,0.0,0.0,False,0.0,0.0,0.0005653020545713715
2012-06-19,0.004907169313250934,0.004907169313250934,0.006515270749824955,-0.0016081014365740207,-0.0016081014365740207,0.0,0.0,False,0.0,0.0,0.006515270749824955
2012-06-20,-0.0014660488827105687,-0.0014660488827105687,-0.00011315128871683321,-0.0013528975939937355,-0.0013528975939937355,0.0,0.0,False,0.0,0.0,-0.00011315128871683321
2012-06-21,-0.01101408456142329,-0.01101408456142329,-0.014934963526752196,0.003920878965328906,0.003920878965328906,0.0,0.0,False,0.0,0.0,-0.014934963526752196
2012-06-22,0.002918296644803637,0.002918296644803637,0.002877654025194753,4.064261960888419e-05,4.064261960888419e-05,0.0,0.0,False,0.0,0.0,0.002877654025194753
2012-06-25,-0.005958326495591146,-0.005958326495591146,-0.008757837320335624,0.0027995108247444774,0.0027995108247444774,0.0,0.0,False,0.0,0.0,-0.008757837320335624
2012-06-26,0.0017593447154009216,0.0017593447154009216,0.003070203226446055,-0.0013108585110451335,-0.0013108585110451335,0.0,0.0,False,0.0,0.0,0.003070203226446055
2012-06-27,0.006457854851560017,0.006457854851560017,0.006160921761887544,0.00029693308967247267,0.00029693308967247267,0.0,0.0,False,0.0,0.0,0.006160921761887544
2012-06-28,5.447447351342692e-05,5.447447351342692e-05,-0.00011848789967355041,0.00017296237318697733,0.00017296237318697733,0.0,0.0,False,0.0,0.0,-0.00011848789967355041
2012-06-29,0.011840565528721023,0.011840565528721023,0.017301368113661543,-0.00546080258494052,-0.00546080258494052,0.0,0.0,False,0.0,0.0,0.017301368113661543
2012-07-02,0.005271561321221165,0.0052607616286820405,0.004712824221143963,0.0005479374075380771,0.0005587371000772019,0.0107996925391251,1.07996925391251e-05,True,0.011978050349057377,1.1978050349057378e-05,0.004700846170794906
2012-07-03,0.003649369226056,0.003649369226056,0.005232043605736999,-0.0015826743796809994,-0.0015826743796809994,0.0,0.0,False,0.0,0.0,0.005232043605736999
2012-07-05,-0.0004708427496532484,-0.0004708427496532484,-0.0038022117739178315,0.0033313690242645832,0.0033313690242645832,0.0,0.0,False,0.0,0.0,-0.0038022117739178315
2012-07-06,-0.003550659470504043,-0.003550659470504043,-0.00509985652472031,0.0015491970542162664,0.0015491970542162664,0.0,0.0,False,0.0,0.0,-0.00509985652472031
2012-07-09,8.96960714401047e-06,8.96960714401047e-06,-0.00015025424524673958,0.00015922385239075006,0.00015922385239075006,0.0,0.0,False,0.0,0.0,-0.00015025424524673958
2012-07-10,-0.004674862014823085,-0.004674862014823085,-0.0050872301016256045,0.0004123680868025198,0.0004123680868025198,0.0,0.0,False,0.0,0.0,-0.0050872301016256045
2012-07-11,-0.0005774282068025592,-0.0005774282068025592,0.0009743916613532135,-0.0015518198681557728,-0.0015518198681557728,0.0,0.0,False,0.0,0.0,0.0009743916613532135
2012-07-12,-0.0006860929521285133,-0.0006860929521285133,-0.0031233388722907663,0.002437245920162253,0.002437245920162253,0.0,0.0,False,0.0,0.0,-0.0031233388722907663
2012-07-13,0.0074950013374005045,0.0074950013374005045,0.009298313439344896,-0.0018033121019443918,-0.0018033121019443918,0.0,0.0,False,0.0,0.0,0.009298313439344896
2012-07-16,-0.00029092978335617284,-0.00029092978335617284,-5.848686882706285e-05,-0.00023244291452911,-0.00023244291452911,0.0,0.0,False,0.0,0.0,-5.848686882706285e-05
2012-07-17,0.002032899943537206,0.002032899943537206,0.003013323653999942,-0.0009804237104627357,-0.0009804237104627357,0.0,0.0,False,0.0,0.0,0.003013323653999942
2012-07-18,0.004689928422053558,0.004689928422053558,0.00450022880389178,0.00018969961816177848,0.00018969961816177848,0.0,0.0,False,0.0,0.0,0.00450022880389178
2012-07-19,0.00011256721219670448,0.00011256721219670448,0.0027364830406911805,-0.0026239158284944763,-0.0026239158284944763,0.0,0.0,False,0.0,0.0,0.0027364830406911805
2012-07-20,-0.0037387930487055095,-0.0037387930487055095,-0.00681259042726316,0.0030737973785576506,0.0030737973785576506,0.0,0.0,False,0.0,0.0,-0.00681259042726316
2012-07-23,-0.005909300591535194,-0.005909300591535194,-0.009262599674427937,0.0033532990828927427,0.0033532990828927427,0.0,0.0,False,0.0,0.0,-0.009262599674427937
2012-07-24,-0.0041123667766893406,-0.0041123667766893406,-0.0041361955500067975,2.382877331745699e-05,2.382877331745699e-05,0.0,0.0,False,0.0,0.0,-0.0041361955500067975
2012-07-25,0.0008897501502862639,0.0008897501502862639,0.0019397607282866383,-0.0010500105780003742,-0.0010500105780003742,0.0,0.0,False,0.0,0.0,0.0019397607282866383
2012-07-26,0.006133270540278924,0.006133270540278924,0.011028473084277051,-0.004895202543998127,-0.004895202543998127,0.0,0.0,False,0.0,0.0,0.011028473084277051
2012-07-27,0.006865907111404053,0.006865907111404053,0.009334291474168265,-0.0024683843627642124,-0.0024683843627642124,0.0,0.0,False,0.0,0.0,0.009334291474168265
2012-07-30,0.0009513757092921677,0.0009513757092921677,0.00048545506915665814,0.0004659206401355096,0.0004659206401355096,0.0,0.0,False,0.0,0.0,0.00048545506915665814
2012-07-31,-0.0025089039031978844,-0.0025089039031978844,-0.0026766657253715805,0.0001677618221736961,0.0001677618221736961,0.0,0.0,False,0.0,0.0,-0.0026766657253715805
2012-08-01,-0.004370862579726169,-0.00437508546037835,-0.0020227321187618053,-0.0023523533416165447,-0.0023481304609643634,0.004222880652181317,4.222880652181317e-06,True,0.0047472521472635525,4.747252147263552e-06,-0.0020274793709090686
2012-08-02,-0.002069317666604775,-0.002069317666604775,-0.004675505194481946,0.002606187527877171,0.002606187527877171,0.0,0.0,False,0.0,0.0,-0.004675505194481946
2012-08-03,0.008516628513489102,0.008516628513489102,0.013054042248831138,-0.004537413735342036,-0.004537413735342036,0.0,0.0,False,0.0,0.0,0.013054042248831138
2012-08-06,0.002337512659017043,0.002337512659017043,0.0030237659669938,-0.0006862533079767569,-0.0006862533079767569,0.0,0.0,False,0.0,0.0,0.0030237659669938
2012-08-07,0.0006886504518860003,0.0006886504518860003,0.001085546160542087,-0.0003968957086560867,-0.0003968957086560867,0.0,0.0,False,0.0,0.0,0.001085546160542087
2012-08-08,-0.0006852085233465011,-0.0006852085233465011,-0.0005416283907459713,-0.00014358013260052976,-0.00014358013260052976,0.0,0.0,False,0.0,0.0,-0.0005416283907459713
2012-08-09,0.0007284950574462934,0.0007284950574462934,0.0007404067617001359,-1.19117042538425e-05,-1.19117042538425e-05,0.0,0.0,False,0.0,0.0,0.0007404067617001359
2012-08-10,0.0013936833300415364,0.0013936833300415364,0.0022871929228567463,-0.0008935095928152099,-0.0008935095928152099,0.0,0.0,False,0.0,0.0,0.0022871929228567463
2012-08-13,-0.0009520164968876935,-0.0009520164968876935,-0.002394315465371128,0.0014422989684834346,0.0014422989684834346,0.0,0.0,False,0.0,0.0,-0.002394315465371128
2012-08-14,-0.0026474733655086377,-0.0026474733655086377,-0.0020201103857583145,-0.0006273629797503232,-0.0006273629797503232,0.0,0.0,False,0.0,0.0,-0.0020201103857583145
2012-08-15,-0.0005425767260644164,-0.0005425767260644164,-0.002146693299131202,0.0016041165730667855,0.0016041165730667855,0.0,0.0,False,0.0,0.0,-0.002146693299131202
2012-08-16,0.0031113695600033064,0.0031113695600033064,0.004327422859557323,-0.0012160532995540165,-0.0012160532995540165,0.0,0.0,False,0.0,0.0,0.004327422859557323
2012-08-17,0.0022372517647125294,0.0022372517647125294,0.0011293583302839725,0.001107893434428557,0.001107893434428557,0.0,0.0,False,0.0,0.0,0.0011293583302839725
2012-08-20,0.00023180510790849575,0.00023180510790849575,0.00028818426274700756,-5.6379154838511814e-05,-5.6379154838511814e-05,0.0,0.0,False,0.0,0.0,0.00028818426274700756
2012-08-21,-0.0006688772335009189,-0.0006688772335009189,0.000394934577842292,-0.001063811811343211,-0.001063811811343211,0.0,0.0,False,0.0,0.0,0.000394934577842292
2012-08-22,0.002784327083234948,0.002784327083234948,0.0028625161401473,-7.818905691235178e-05,-7.818905691235178e-05,0.0,0.0,False,0.0,0.0,0.0028625161401473
2012-08-23,-0.003365388340401169,-0.003365388340401169,-0.004014038450684106,0.0006486501102829366,0.0006486501102829366,0.0,0.0,False,0.0,0.0,-0.004014038450684106
2012-08-24,0.0025834924217687867,0.0025834924217687867,0.0017807858798944308,0.000802706541874356,0.000802706541874356,0.0,0.0,False,0.0,0.0,0.0017807858798944308
2012-08-27,0.001622394116694278,0.001622394116694278,0.00023884664792182635,0.0013835474687724516,0.0013835474687724516,0.0,0.0,False,0.0,0.0,0.00023884664792182635
2012-08-28,0.0007177296993576364,0.0007177296993576364,-2.3061956026681108e-05,0.0007407916553843175,0.0007407916553843175,0.0,0.0,False,0.0,0.0,-2.3061956026681108e-05
2012-08-29,0.0002719497310148859,0.0002719497310148859,-0.0012014442360106215,0.0014733939670255073,0.0014733939670255073,0.0,0.0,False,0.0,0.0,-0.0012014442360106215
2012-08-30,-0.003517593917980351,-0.003517593917980351,-0.005491046754438418,0.0019734528364580674,0.0019734528364580674,0.0,0.0,False,0.0,0.0,-0.005491046754438418
2012-08-31,0.005537273187654842,0.005537273187654842,0.006921322943574455,-0.0013840497559196134,-0.0013840497559196134,0.0,0.0,False,0.0,0.0,0.006921322943574455
2012-09-04,0.0005858341315736358,0.0003286786485162883,-0.001844622999131057,0.0021733016476473454,0.0024304571307046927,0.2571554830573475,0.0002571554830573475,True,0.007227000584314799,7.2270005843148e-06,-0.0018518499997153717
2012-09-05,-0.0001425422635000889,-0.0001425422635000889,-0.001408092263055482,0.0012655499995553932,0.0012655499995553932,0.0,0.0,False,0.0,0.0,-0.001408092263055482
2012-09-06,0.008154185310740454,0.008154185310740454,0.010075151133250724,-0.0019209658225102701,-0.0019209658225102701,0.0,0.0,False,0.0,0.0,0.010075151133250724
2012-09-07,0.003508910042974823,0.003508910042974823,0.006507955494264072,-0.0029990454512892487,-0.0029990454512892487,0.0,0.0,False,0.0,0.0,0.006507955494264072
2012-09-10,-0.0028093875745003574,-0.0028093875745003574,-0.0042678864119337166,0.0014584988374333591,0.0014584988374333591,0.0,0.0,False,0.0,0.0,-0.0042678864119337166
2012-09-11,0.0017619628096029526,0.0017619628096029526,0.0033483651009827637,-0.0015864022913798111,-0.0015864022913798111,0.0,0.0,False,0.0,0.0,0.0033483651009827637
2012-09-12,0.0010102043534854005,0.0010102043534854005,0.0008727696620375773,0.00013743469144782312,0.00013743469144782312,0.0,0.0,False,0.0,0.0,0.0008727696620375773
2012-09-13,0.009951162572453497,0.009951162572453497,0.011568812126811956,-0.001617649554358459,-0.001617649554358459,0.0,0.0,False,0.0,0.0,0.011568812126811956
2012-09-14,0.00021303361411887712,0.00021303361411887712,0.0006553664756379417,-0.00044233286151906456,-0.00044233286151906456,0.0,0.0,False,0.0,0.0,0.0006553664756379417
2012-09-17,-0.0006717123534617447,-0.0006717123534617447,-0.0018049177060045992,0.0011332053525428547,0.0011332053525428547,0.0,0.0,False,0.0,0.0,-0.0018049177060045992
2012-09-18,0.0004688891606626789,0.0004688891606626789,0.00014350016564616914,0.00032538899501650975,0.00032538899501650975,0.0,0.0,False,0.0,0.0,0.00014350016564616914
2012-09-19,0.0006264956274514774,0.0006264956274514774,0.001723370546842131,-0.0010968749193906535,-0.0010968749193906535,0.0,0.0,False,0.0,0.0,0.001723370546842131
2012-09-20,-0.0011560543524535745,-0.0011560543524535745,-0.001719046755148213,0.0005629924026946385,0.0005629924026946385,0.0,0.0,False,0.0,0.0,-0.001719046755148213
2012-09-21,0.0012069389192011155,0.0012069389192011155,0.0011269627794028084,7.99761397983071e-05,7.99761397983071e-05,0.0,0.0,False,0.0,0.0,0.0011269627794028084
2012-09-24,-0.0004183401547160804,-0.0004183401547160804,-0.00025204791381175135,-0.00016629224090432905,-0.00016629224090432905,0.0,0.0,False,0.0,0.0,-0.00025204791381175135
2012-09-25,-0.005525374862736736,-0.005525374862736736,-0.005113868703258074,-0.0004115061594786619,-0.0004115061594786619,0.0,0.0,False,0.0,0.0,-0.005113868703258074
2012-09-26,-0.0018882768657808484,-0.0018882768657808484,-0.0022948124916822785,0.00040653562590143005,0.00040653562590143005,0.0,0.0,False,0.0,0.0,-0.0022948124916822785
2012-09-27,0.005194872196532504,0.005194872196532504,0.006006155142179593,-0.0008112829456470884,-0.0008112829456470884,0.0,0.0,False,0.0,0.0,0.006006155142179593
2012-09-28,-0.002247633896592786,-0.002247633896592786,-0.005067497280329725,0.0028198633837369395,0.0028198633837369395,0.0,0.0,False,0.0,0.0,-0.005067497280329725
2012-10-01,0.0008805192916499946,0.0006101980526683207,0.004125593897281121,-0.0035153958446128004,-0.0032450746056311265,0.2703212389816739,0.0002703212389816739,True,0.007461413343264736,7.461413343264736e-06,0.004118132483937857
2012-10-02,0.0019707421544374383,0.0019707421544374383,0.0009956110631127969,0.0009751310913246414,0.0009751310913246414,0.0,0.0,False,0.0,0.0,0.0009956110631127969
2012-10-03,0.001829101481057362,0.001829101481057362,0.00010292823755925879,0.0017261732434981033,0.0017261732434981033,0.0,0.0,False,0.0,0.0,0.00010292823755925879
2012-10-04,0.004386949998590791,0.004386949998590791,0.0038260032538549077,0.0005609467447358833,0.0005609467447358833,0.0,0.0,False,0.0,0.0,0.0038260032538549077
2012-10-05,-0.00044809903823248844,-0.00044809903823248844,-0.0016073326800501136,0.001159233641817625,0.001159233641817625,0.0,0.0,False,0.0,0.0,-0.0016073326800501136
2012-10-08,-0.0022656804026795546,-0.0022656804026795546,-0.001694625270533131,-0.0005710551321464236,-0.0005710551321464236,0.0,0.0,False,0.0,0.0,-0.001694625270533131
2012-10-09,-0.006125120158130458,-0.006125120158130458,-0.006840493388941851,0.0007153732308113935,0.0007153732308113935,0.0,0.0,False,0.0,0.0,-0.006840493388941851
2012-10-10,-0.0023493388246119754,-0.0023493388246119754,-0.0019275465497905772,-0.0004217922748213981,-0.0004217922748213981,0.0,0.0,False,0.0,0.0,-0.0019275465497905772
2012-10-11,0.0025088104511342105,0.0025088104511342105,0.003259796961031847,-0.0007509865098976366,-0.0007509865098976366,0.0,0.0,False,0.0,0.0,0.003259796961031847
2012-10-12,-0.002151003198861339,-0.002151003198861339,-0.0015485142556704128,-0.0006024889431909264,-0.0006024889431909264,0.0,0.0,False,0.0,0.0,-0.0015485142556704128
2012-10-15,0.00611318163475114,0.00611318163475114,0.005274886559445977,0.0008382950753051633,0.0008382950753051633,0.0,0.0,False,0.0,0.0,0.005274886559445977
2012-10-16,0.005967278108523596,0.005967278108523596,0.005216472864721265,0.000750805243802331,0.000750805243802331,0.0,0.0,False,0.0,0.0,0.005216472864721265
2012-10-17,0.0029344123286872015,0.0029344123286872015,0.0020400271314677037,0.0008943851972194978,0.0008943851972194978,0.0,0.0,False,0.0,0.0,0.0020400271314677037
2012-10-18,-0.0013141791614281523,-0.0013141791614281523,-0.0028538567388732713,0.001539677577445119,0.001539677577445119,0.0,0.0,False,0.0,0.0,-0.0028538567388732713
2012-10-19,-0.010621271070721507,-0.010621271070721507,-0.007917046689075594,-0.0027042243816459127,-0.0027042243816459127,0.0,0.0,False,0.0,0.0,-0.007917046689075594
2012-10-22,-0.000813594532543212,-0.000813594532543212,0.0007351762875898095,-0.0015487708201330215,-0.0015487708201330215,0.0,0.0,False,0.0,0.0,0.0007351762875898095
2012-10-23,-0.007093686907867495,-0.007093686907867495,-0.007877248380778757,0.0007835614729112626,0.0007835614729112626,0.0,0.0,False,0.0,0.0,-0.007877248380778757
2012-10-24,-0.0021490033514564868,-0.0021490033514564868,-0.002118636424155766,-3.0366927300720572e-05,-3.0366927300720572e-05,0.0,0.0,False,0.0,0.0,-0.002118636424155766
2012-10-25,0.0012568364185412016,0.0012568364185412016,0.0016586620955039379,-0.00040182567696273627,-0.00040182567696273627,0.0,0.0,False,0.0,0.0,0.0016586620955039379
2012-10-26,-0.001406579111901221,-0.001406579111901221,0.001323508501571668,-0.0027300876134728888,-0.0027300876134728888,0.0,0.0,False,0.0,0.0,0.001323508501571668
2012-10-31,0.002638406083518275,0.002638406083518275,0.0016173343829703189,0.0010210717005479561,0.0010210717005479561,0.0,0.0,False,0.0,0.0,0.0016173343829703189
2012-11-01,0.0042158359223887715,0.004037192975909027,0.005592906422870003,-0.0015557134469609754,-0.0013770705004812313,0.17864294647974405,0.00017864294647974407,True,0.005067175140127427,5.067175140127427e-06,0.0055878392477298755
2012-11-02,-0.005827308531411368,-0.005827308531411368,-0.0056128960664454915,-0.00021441246496587633,-0.00021441246496587633,0.0,0.0,False,0.0,0.0,-0.0056128960664454915
2012-11-05,0.0012718055474065589,0.0012718055474065589,0.0019039390421412596,-0.0006321334947347007,-0.0006321334947347007,0.0,0.0,False,0.0,0.0,0.0019039390421412596
2012-11-06,0.0027307316326287863,0.0027307316326287863,0.0028547768298875717,-0.0001240451972587854,-0.0001240451972587854,0.0,0.0,False,0.0,0.0,0.0028547768298875717
2012-11-07,-0.011906704241710944,-0.011906704241710944,-0.009131536450366058,-0.0027751677913448857,-0.0027751677913448857,0.0,0.0,False,0.0,0.0,-0.009131536450366058
2012-11-08,-0.008024191812140747,-0.008024191812140747,-0.005399124779016761,-0.0026250670331239862,-0.0026250670331239862,0.0,0.0,False,0.0,0.0,-0.005399124779016761
2012-11-09,-0.0005560381806181873,-0.0005560381806181873,0.00032193976517761824,-0.0008779779457958056,-0.0008779779457958056,0.0,0.0,False,0.0,0.0,0.00032193976517761824
2012-11-12,-0.00031814149839546723,-0.00031814149839546723,0.0005903966429462869,-0.0009085381413417541,-0.0009085381413417541,0.0,0.0,False,0.0,0.0,0.0005903966429462869
2012-11-13,-0.0021526134404192534,-0.0021526134404192534,-0.0024710986068225598,0.00031848516640330636,0.00031848516640330636,0.0,0.0,False,0.0,0.0,-0.0024710986068225598
2012-11-14,-0.008860030022333586,-0.008860030022333586,-0.007590134339891405,-0.001269895682442181,-0.001269895682442181,0.0,0.0,False,0.0,0.0,-0.007590134339891405
2012-11-15,-0.002533254896452894,-0.002533254896452894,-0.00041125246499048516,-0.0021220024314624088,-0.0021220024314624088,0.0,0.0,False,0.0,0.0,-0.00041125246499048516
2012-11-16,0.0038167318495375005,0.0038167318495375005,0.0021980937972047726,0.001618638052332728,0.001618638052332728,0.0,0.0,False,0.0,0.0,0.0021980937972047726
2012-11-19,0.013196014760959083,0.013196014760959083,0.011719189621875237,0.0014768251390838462,0.0014768251390838462,0.0,0.0,False,0.0,0.0,0.011719189621875237
2012-11-20,-1.958455926293122e-06,-1.958455926293122e-06,-0.0015755295850353546,0.0015735711291090615,0.0015735711291090615,0.0,0.0,False,0.0,0.0,-0.0015755295850353546
2012-11-21,0.001578373008433452,0.001578373008433452,0.0006557728154933133,0.0009226001929401387,0.0009226001929401387,0.0,0.0,False,0.0,0.0,0.0006557728154933133
2012-11-23,0.007315299129052235,0.007315299129052235,0.009325831177337453,-0.0020105320482852185,-0.0020105320482852185,0.0,0.0,False,0.0,0.0,0.009325831177337453
2012-11-26,0.0005303141193720601,0.0005303141193720601,-2.4111825150517304e-05,0.0005544259445225774,0.0005544259445225774,0.0,0.0,False,0.0,0.0,-2.4111825150517304e-05
2012-11-27,-0.00224140551593667,-0.00224140551593667,-0.002441096365432132,0.00019969084949546202,0.00019969084949546202,0.0,0.0,False,0.0,0.0,-0.002441096365432132
2012-11-28,0.0040057317619176976,0.0040057317619176976,0.00462664485696961,-0.0006209130950519124,-0.0006209130950519124,0.0,0.0,False,0.0,0.0,0.00462664485696961
2012-11-29,0.004441270543929704,0.004441270543929704,0.004316206627683197,0.0001250639162465074,0.0001250639162465074,0.0,0.0,False,0.0,0.0,0.004316206627683197
2012-11-30,-1.0593159958165405e-05,-1.0593159958165405e-05,-7.327337557534936e-05,6.268021561718395e-05,6.268021561718395e-05,0.0,0.0,False,0.0,0.0,-7.327337557534936e-05
2012-12-03,-0.0008019015446325854,-0.0008934473980863337,-0.0012560851137884575,0.00036263771570212383,0.0004541835691558721,0.0915458534537483,9.154585345374831e-05,True,0.0036545015754961135,3.6545015754961133e-06,-0.0012597396153639535
2012-12-04,1.884721668402354e-05,1.884721668402354e-05,0.0010829483975490833,-0.0010641011808650597,-0.0010641011808650597,0.0,0.0,False,0.0,0.0,0.0010829483975490833
2012-12-05,0.0013670741859326244,0.0013670741859326244,0.0022113605855288423,-0.000844286399596218,-0.000844286399596218,0.0,0.0,False,0.0,0.0,0.0022113605855288423
2012-12-06,0.0016340599906868802,0.0016340599906868802,0.002347035248008699,-0.0007129752573218188,-0.0007129752573218188,0.0,0.0,False,0.0,0.0,0.002347035248008699
2012-12-07,0.00012986216217164868,0.00012986216217164868,-8.366216960234603e-05,0.0002135243317739947,0.0002135243317739947,0.0,0.0,False,0.0,0.0,-8.366216960234603e-05
2012-12-10,0.0012836851566741015,0.0012836851566741015,0.0016171123645788857,-0.00033342720790478417,-0.00033342720790478417,0.0,0.0,False,0.0,0.0,0.0016171123645788857
2012-12-11,0.0029163943141096264,0.0029163943141096264,0.002637310751947565,0.00027908356216206154,0.00027908356216206154,0.0,0.0,False,0.0,0.0,0.002637310751947565
2012-12-12,-0.001375002069170883,-0.001375002069170883,-0.0012075603963570976,-0.00016744167281378531,-0.00016744167281378531,0.0,0.0,False,0.0,0.0,-0.0012075603963570976
2012-12-13,-0.004223189245243674,-0.004223189245243674,-0.0036551410571138265,-0.0005680481881298475,-0.0005680481881298475,0.0,0.0,False,0.0,0.0,-0.0036551410571138265
2012-12-14,-0.0012484246044012816,-0.0012484246044012816,0.0007696114612105122,-0.0020180360656117937,-0.0020180360656117937,0.0,0.0,False,0.0,0.0,0.0007696114612105122
2012-12-17,0.005798232558436719,0.005798232558436719,0.0028356287441836845,0.0029626038142530346,0.0029626038142530346,0.0,0.0,False,0.0,0.0,0.0028356287441836845
2012-12-18,0.005345595887574706,0.005345595887574706,0.004720372109643373,0.0006252237779313333,0.0006252237779313333,0.0,0.0,False,0.0,0.0,0.004720372109643373
2012-12-19,-0.0010799173322169231,-0.0010799173322169231,-0.0006383652357682797,-0.00044155209644864345,-0.00044155209644864345,0.0,0.0,False,0.0,0.0,-0.0006383652357682797
2012-12-20,0.0036776710895896933,0.0036776710895896933,0.003922050408558881,-0.00024437931896918773,-0.00024437931896918773,0.0,0.0,False,0.0,0.0,0.003922050408558881
2012-12-21,-0.003686567407508122,-0.003686567407508122,-0.003781948592946906,9.538118543878397e-05,9.538118543878397e-05,0.0,0.0,False,0.0,0.0,-0.003781948592946906
2012-12-24,-0.0026160456391285964,-0.0026160456391285964,-0.0021811728113825587,-0.0004348728277460377,-0.0004348728277460377,0.0,0.0,False,0.0,0.0,-0.0021811728113825587
2012-12-26,-0.0018163323924825718,-0.0018163323924825718,-0.0005571581958235292,-0.0012591741966590424,-0.0012591741966590424,0.0,0.0,False,0.0,0.0,-0.0005571581958235292
2012-12-27,0.0008200221760711036,0.0008200221760711036,0.001898689134017726,-0.0010786669579466225,-0.0010786669579466225,0.0,0.0,False,0.0,0.0,0.001898689134017726
2012-12-28,-0.004528130865964678,-0.004528130865964678,-0.003764947484564813,-0.0007631833813998646,-0.0007631833813998646,0.0,0.0,False,0.0,0.0,-0.003764947484564813
2012-12-31,0.008171347611966407,0.008171347611966407,0.00731542120788888,0.0008559264040775274,0.0008559264040775274,0.0,0.0,False,0.0,0.0,0.00731542120788888
2013-01-02,0.013577031506302257,0.013412242626041576,0.012209976682508849,0.0012022659435327269,0.001367054823793408,0.1647888802606805,0.0001647888802606805,True,0.010758174065818384,1.0758174065818385e-05,0.01219921850844303
2013-01-03,-0.0046677126746340804,-0.0046677126746340804,-0.005455945630987609,0.0007882329563535283,0.0007882329563535283,0.0,0.0,False,0.0,0.0,-0.005455945630987609
2013-01-04,0.0022849133364241103,0.0022849133364241103,0.002884636911961965,-0.0005997235755378547,-0.0005997235755378547,0.0,0.0,False,0.0,0.0,0.002884636911961965
2013-01-07,-0.0009772293713649668,-0.0009772293713649668,-0.0020645417624902654,0.0010873123911252986,0.0010873123911252986,0.0,0.0,False,0.0,0.0,-0.0020645417624902654
2013-01-08,-0.0017021180461842624,-0.0017021180461842624,-0.0017114942315592685,9.376185375006103e-06,9.376185375006103e-06,0.0,0.0,False,0.0,0.0,-0.0017114942315592685
2013-01-09,0.001864106101170593,0.001864106101170593,0.002225859399875768,-0.000361753298705175,-0.000361753298705175,0.0,0.0,False,0.0,0.0,0.002225859399875768
2013-01-10,0.005263938795296079,0.005263938795296079,0.004690817843436777,0.0005731209518593022,0.0005731209518593022,0.0,0.0,False,0.0,0.0,0.004690817843436777
2013-01-11,0.001186017275844932,0.001186017275844932,0.0007401046844488383,0.0004459125913960936,0.0004459125913960936,0.0,0.0,False,0.0,0.0,0.0007401046844488383
2013-01-14,-0.0009225247111027769,-0.0009225247111027769,-7.505333861846942e-05,-0.0008474713724843075,-0.0008474713724843075,0.0,0.0,False,0.0,0.0,-7.505333861846942e-05
2013-01-15,-0.0002623299969594514,-0.0002623299969594514,0.0003521732530993931,-0.0006145032500588445,-0.0006145032500588445,0.0,0.0,False,0.0,0.0,0.0003521732530993931
2013-01-16,-0.0010605796849973144,-0.0010605796849973144,-0.0006524926717537522,-0.0004080870132435622,-0.0004080870132435622,0.0,0.0,False,0.0,0.0,-0.0006524926717537522
2013-01-17,0.0035086441987011215,0.0035086441987011215,0.0025841269650549014,0.0009245172336462201,0.0009245172336462201,0.0,0.0,False,0.0,0.0,0.0025841269650549014
2013-01-18,0.0011632440815298626,0.0011632440815298626,0.001966142103684393,-0.0008028980221545302,-0.0008028980221545302,0.0,0.0,False,0.0,0.0,0.001966142103684393
2013-01-22,0.002099974365101819,0.002099974365101819,0.0022092462467571523,-0.00010927188165533314,-0.00010927188165533314,0.0,0.0,False,0.0,0.0,0.0022092462467571523
2013-01-23,0.0006755506588974564,0.0006755506588974564,-0.00011142541556185214,0.0007869760744593085,0.0007869760744593085,0.0,0.0,False,0.0,0.0,-0.00011142541556185214
2013-01-24,0.0006939209020176314,0.0006939209020176314,-8.310312283484186e-05,0.0007770240248524732,0.0007770240248524732,0.0,0.0,False,0.0,0.0,-8.310312283484186e-05
2013-01-25,0.0021520639617669357,0.0021520639617669357,0.000783438884972142,0.0013686250767947937,0.0013686250767947937,0.0,0.0,False,0.0,0.0,0.000783438884972142
2013-01-28,-0.0015828869954966594,-0.0015828869954966594,-0.0024672831910477057,0.0008843961955510462,0.0008843961955510462,0.0,0.0,False,0.0,0.0,-0.0024672831910477057
2013-01-29,0.0015189697369233025,0.0015189697369233025,0.0024869724048540457,-0.0009680026679307432,-0.0009680026679307432,0.0,0.0,False,0.0,0.0,0.0024869724048540457
2013-01-30,-0.003373885304350316,-0.003373885304350316,-0.002611559358141367,-0.0007623259462089488,-0.0007623259462089488,0.0,0.0,False,0.0,0.0,-0.002611559358141367
2013-01-31,-0.0016672860040402389,-0.0016672860040402389,-0.0002760646513290469,-0.001391221352711192,-0.001391221352711192,0.0,0.0,False,0.0,0.0,-0.0002760646513290469
2013-02-01,0.003991010163625279,0.003790244087169246,0.0036602430056504984,0.00013000108151874773,0.00033076715797478043,0.2007660764560326,0.00020076607645603257,True,0.014979261898450235,1.4979261898450236e-05,0.003645263743752048
2013-02-04,-0.007546483605911607,-0.007546483605911607,-0.005762148943338644,-0.001784334662572963,-0.001784334662572963,0.0,0.0,False,0.0,0.0,-0.005762148943338644
2013-02-05,0.002836374373233071,0.002836374373233071,0.002814583204445318,2.1791168787753043e-05,2.1791168787753043e-05,0.0,0.0,False,0.0,0.0,0.002814583204445318
2013-02-06,0.0007596777607902657,0.0007596777607902657,0.001693193066672624,-0.0009335153058823583,-0.0009335153058823583,0.0,0.0,False,0.0,0.0,0.001693193066672624
2013-02-07,-0.0032151227849827554,-0.0032151227849827554,-0.00263102546908412,-0.0005840973158986354,-0.0005840973158986354,0.0,0.0,False,0.0,0.0,-0.00263102546908412
2013-02-08,0.003900615607706503,0.003900615607706503,0.004377218492269648,-0.0004766028845631454,-0.0004766028845631454,0.0,0.0,False,0.0,0.0,0.004377218492269648
2013-02-11,-0.0005793074176668611,-0.0005793074176668611,-0.0006329053670580203,5.3597949391159176e-05,5.3597949391159176e-05,0.0,0.0,False,0.0,0.0,-0.0006329053670580203
2013-02-12,0.0021162127857354343,0.0021162127857354343,0.0012462178976110788,0.0008699948881243555,0.0008699948881243555,0.0,0.0,False,0.0,0.0,0.0012462178976110788
2013-02-13,0.00035589566287023945,0.00035589566287023945,-0.00013031034455146084,0.0004862060074217003,0.0004862060074217003,0.0,0.0,False,0.0,0.0,-0.00013031034455146084
2013-02-14,-0.000836816608063608,-0.000836816608063608,0.0012578506266410269,-0.0020946672347046348,-0.0020946672347046348,0.0,0.0,False,0.0,0.0,0.0012578506266410269
2013-02-15,-0.0012126049500860302,-0.0012126049500860302,-0.0014756278006789933,0.00026302285059296316,0.00026302285059296316,0.0,0.0,False,0.0,0.0,-0.0014756278006789933
2013-02-19,0.00535745293483208,0.00535745293483208,0.004070868819943579,0.001286584114888501,0.001286584114888501,0.0,0.0,False,0.0,0.0,0.004070868819943579
2013-02-20,-0.005001238503082259,-0.005001238503082259,-0.00625594198224104,0.0012547034791587815,0.0012547034791587815,0.0,0.0,False,0.0,0.0,-0.00625594198224104
2013-02-21,-0.005491901025037901,-0.005491901025037901,-0.004993039262783934,-0.0004988617622539672,-0.0004988617622539672,0.0,0.0,False,0.0,0.0,-0.004993039262783934
2013-02-22,0.007110395470647611,0.007110395470647611,0.0064879907044562615,0.00062240476619135,0.00062240476619135,0.0,0.0,False,0.0,0.0,0.0064879907044562615
2013-02-25,-0.009721435308208747,-0.009721435308208747,-0.008330444804017782,-0.001390990504190965,-0.001390990504190965,0.0,0.0,False,0.0,0.0,-0.008330444804017782
2013-02-26,0.004099914112063142,0.004099914112063142,0.0031054794927906507,0.0009944346192724916,0.0009944346192724916,0.0,0.0,False,0.0,0.0,0.0031054794927906507
2013-02-27,0.0064962016946019385,0.0064962016946019385,0.006948976191843327,-0.0004527744972413882,-0.0004527744972413882,0.0,0.0,False,0.0,0.0,0.006948976191843327
2013-02-28,-0.0006174406180196905,-0.0006174406180196905,-0.0006803426611700946,6.290204315040414e-05,6.290204315040414e-05,0.0,0.0,False,0.0,0.0,-0.0006803426611700946
2013-03-01,0.0018747948162073154,0.0015946021001998223,0.0022520338155872345,-0.0006574317153874123,-0.0003772389993799191,0.2801927160074931,0.0002801927160074931,True,0.005345125750626692,5.345125750626692e-06,0.0022466886898366077
2013-03-04,0.0023844767680789615,0.0023844767680789615,0.000583132345794274,0.0018013444222846875,0.0018013444222846875,0.0,0.0,False,0.0,0.0,0.000583132345794274
2013-03-05,0.0047802675937045035,0.0047802675937045035,0.005380046990509379,-0.0005997793968048754,-0.0005997793968048754,0.0,0.0,False,0.0,0.0,0.005380046990509379
2013-03-06,-2.883402189737805e-06,-2.883402189737805e-06,-0.00010385968788292595,0.00010097628569318815,0.00010097628569318815,0.0,0.0,False,0.0,0.0,-0.00010385968788292595
2013-03-07,0.0006201964791931381,0.0006201964791931381,-0.0001206285972768576,0.0007408250764699958,0.0007408250764699958,0.0,0.0,False,0.0,0.0,-0.0001206285972768576
2013-03-08,0.0012418448618408278,0.0012418448618408278,0.0009425047582549522,0.0002993401035858756,0.0002993401035858756,0.0,0.0,False,0.0,0.0,0.0009425047582549522
2013-03-11,0.0018585582240605452,0.0018585582240605452,0.0012873212811131364,0.0005712369429474089,0.0005712369429474089,0.0,0.0,False,0.0,0.0,0.0012873212811131364
2013-03-12,-0.001201968120761818,-0.001201968120761818,-0.001519011347606812,0.0003170432268449941,0.0003170432268449941,0.0,0.0,False,0.0,0.0,-0.001519011347606812
2013-03-13,7.375234670766184e-05,7.375234670766184e-05,-0.0009004513896386433,0.0009742037363463052,0.0009742037363463052,0.0,0.0,False,0.0,0.0,-0.0009004513896386433
2013-03-14,0.004460939691977624,0.004460939691977624,0.0040119208678628514,0.00044901882411477276,0.00044901882411477276,0.0,0.0,False,0.0,0.0,0.0040119208678628514
2013-03-15,0.0001677415903823733,0.0001677415903823733,8.835303096076694e-05,7.938855942160638e-05,7.938855942160638e-05,0.0,0.0,False,0.0,0.0,8.835303096076694e-05
2013-03-18,-0.0030858610707182998,-0.0030858610707182998,-0.0033789937014463874,0.0002931326307280876,0.0002931326307280876,0.0,0.0,False,0.0,0.0,-0.0033789937014463874
2013-03-19,-0.0012817891302436147,-0.0012817891302436147,-0.0008862541729627039,-0.0003955349572809108,-0.0003955349572809108,0.0,0.0,False,0.0,0.0,-0.0008862541729627039
2013-03-20,0.0034730154559965754,0.0034730154559965754,0.0023346587673789125,0.001138356688617663,0.001138356688617663,0.0,0.0,False,0.0,0.0,0.0023346587673789125
2013-03-21,-0.0046616615440771446,-0.0046616615440771446,-0.0042986821178965405,-0.0003629794261806041,-0.0003629794261806041,0.0,0.0,False,0.0,0.0,-0.0042986821178965405
2013-03-22,0.004080387410767824,0.004080387410767824,0.004409558267591191,-0.00032917085682336675,-0.00032917085682336675,0.0,0.0,False,0.0,0.0,0.004409558267591191
2013-03-25,-0.0038321447850489226,-0.0038321447850489226,-0.0031265955742800482,-0.0007055492107688743,-0.0007055492107688743,0.0,0.0,False,0.0,0.0,-0.0031265955742800482
2013-03-26,0.004437799232033472,0.004437799232033472,0.005300579927708246,-0.0008627806956747735,-0.0008627806956747735,0.0,0.0,False,0.0,0.0,0.005300579927708246
2013-03-27,-0.0002899115793183233,-0.0002899115793183233,0.0014462929764318972,-0.0017362045557502205,-0.0017362045557502205,0.0,0.0,False,0.0,0.0,0.0014462929764318972
2013-03-28,0.0021232806058593006,0.0021232806058593006,0.0012184307115035726,0.000904849894355728,0.000904849894355728,0.0,0.0,False,0.0,0.0,0.0012184307115035726
2013-04-01,-0.0031121339935264924,-0.0033913412314948133,-0.0042518478544184835,0.0008605066229236701,0.001139713860891991,0.2792072379683208,0.0002792072379683208,True,0.008361571040453434,8.361571040453433e-06,-0.004260209425458937
2013-04-02,0.00046639947538525735,0.00046639947538525735,0.0021916626457603758,-0.0017252631703751184,-0.0017252631703751184,0.0,0.0,False,0.0,0.0,0.0021916626457603758
2013-04-03,-0.005460977300013561,-0.005460977300013561,-0.0038337968398366087,-0.0016271804601769527,-0.0016271804601769527,0.0,0.0,False,0.0,0.0,-0.0038337968398366087
2013-04-04,0.0033938343486626154,0.0033938343486626154,0.004899568329205673,-0.0015057339805430578,-0.0015057339805430578,0.0,0.0,False,0.0,0.0,0.004899568329205673
2013-04-05,-0.0011050017152182802,-0.0011050017152182802,-0.0002237044995105149,-0.0008812972157077653,-0.0008812972157077653,0.0,0.0,False,0.0,0.0,-0.0002237044995105149
2013-04-08,0.004159462975992747,0.004159462975992747,0.002249504312221204,0.0019099586637715427,0.0019099586637715427,0.0,0.0,False,0.0,0.0,0.002249504312221204
2013-04-09,0.0020115223252324278,0.0020115223252324278,0.0024787368922212028,-0.000467214566988775,-0.000467214566988775,0.0,0.0,False,0.0,0.0,0.0024787368922212028
2013-04-10,0.007860503295944099,0.007860503295944099,0.005762320278955575,0.0020981830169885234,0.0020981830169885234,0.0,0.0,False,0.0,0.0,0.005762320278955575
2013-04-11,0.0014636828779901136,0.0014636828779901136,0.00275019379048498,-0.0012865109124948666,-0.0012865109124948666,0.0,0.0,False,0.0,0.0,0.00275019379048498
2013-04-12,-0.0006937892852211607,-0.0006937892852211607,-0.00021243283344169698,-0.0004813564517794637,-0.0004813564517794637,0.0,0.0,False,0.0,0.0,-0.00021243283344169698
2013-04-15,-0.0162473447259415,-0.0162473447259415,-0.013221759888541844,-0.003025584837399658,-0.003025584837399658,0.0,0.0,False,0.0,0.0,-0.013221759888541844
2013-04-16,0.009999424976461398,0.009999424976461398,0.00803932810405767,0.001960096872403727,0.001960096872403727,0.0,0.0,False,0.0,0.0,0.00803932810405767
2013-04-17,-0.00817219130912694,-0.00817219130912694,-0.008978817970716722,0.0008066266615897825,0.0008066266615897825,0.0,0.0,False,0.0,0.0,-0.008978817970716722
2013-04-18,-0.0034643348838584442,-0.0034643348838584442,-0.002207966416932251,-0.0012563684669261934,-0.0012563684669261934,0.0,0.0,False,0.0,0.0,-0.002207966416932251
2013-04-19,0.004807053460449155,0.004807053460449155,0.005740135699308104,-0.0009330822388589491,-0.0009330822388589491,0.0,0.0,False,0.0,0.0,0.005740135699308104
2013-04-22,0.0028619173851603527,0.0028619173851603527,0.002760069913793555,0.00010184747136679755,0.00010184747136679755,0.0,0.0,False,0.0,0.0,0.002760069913793555
2013-04-23,0.007615295270819767,0.007615295270819767,0.006313204277851312,0.0013020909929684554,0.0013020909929684554,0.0,0.0,False,0.0,0.0,0.006313204277851312
2013-04-24,0.0017188126556065078,0.0017188126556065078,0.0026143174529787106,-0.0008955047973722029,-0.0008955047973722029,0.0,0.0,False,0.0,0.0,0.0026143174529787106
2013-04-25,0.003324835858699966,0.003324835858699966,0.0026793927198581436,0.0006454431388418225,0.0006454431388418225,0.0,0.0,False,0.0,0.0,0.0026793927198581436
2013-04-26,-0.0013156296075846356,-0.0013156296075846356,7.61035424825309e-05,-0.0013917331500671666,-0.0013917331500671666,0.0,0.0,False,0.0,0.0,7.61035424825309e-05
2013-04-29,0.004145538180653245,0.004145538180653245,0.0050651580587800825,-0.0009196198781268377,-0.0009196198781268377,0.0,0.0,False,0.0,0.0,0.0050651580587800825
2013-04-30,0.002583374453231668,0.002583374453231668,0.0023190827343190024,0.0002642917189126658,0.0002642917189126658,0.0,0.0,False,0.0,0.0,0.0023190827343190024
2013-05-01,-0.006989973786087421,-0.006993139670191963,-0.0039889242407374625,-0.003004215429454501,-0.0030010495453499583,0.003165884104542704,3.1658841045427037e-06,True,0.005154728219674016,5.154728219674016e-06,-0.003994078968957137
2013-05-02,0.0079987502183362,0.0079987502183362,0.004736760630277236,0.0032619895880589642,0.0032619895880589642,0.0,0.0,False,0.0,0.0,0.004736760630277236
2013-05-03,0.0052904382175244895,0.0052904382175244895,0.0022558183470299032,0.0030346198704945863,0.0030346198704945863,0.0,0.0,False,0.0,0.0,0.0022558183470299032
2013-05-06,0.0021196451512691793,0.0021196451512691793,0.0006328053985359587,0.0014868397527332206,0.0014868397527332206,0.0,0.0,False,0.0,0.0,0.0006328053985359587
2013-05-07,0.002740574959126282,0.002740574959126282,0.0023266458719191315,0.0004139290872071503,0.0004139290872071503,0.0,0.0,False,0.0,0.0,0.0023266458719191315
2013-05-08,0.003433915483518095,0.003433915483518095,0.004349048132531173,-0.000915132649013078,-0.000915132649013078,0.0,0.0,False,0.0,0.0,0.004349048132531173
2013-05-09,-0.0028541196636217483,-0.0028541196636217483,-0.0037011537422305075,0.0008470340786087592,0.0008470340786087592,0.0,0.0,False,0.0,0.0,-0.0037011537422305075
2013-05-10,-0.0001542508368495754,-0.0001542508368495754,-0.0016450672714035494,0.001490816434553974,0.001490816434553974,0.0,0.0,False,0.0,0.0,-0.0016450672714035494
2013-05-13,-0.00160299817395443,-0.00160299817395443,-0.001882636568893004,0.00027963839493857384,0.00027963839493857384,0.0,0.0,False,0.0,0.0,-0.001882636568893004
2013-05-14,0.0057544823447132475,0.0057544823447132475,0.0028708441158650645,0.002883638228848183,0.002883638228848183,0.0,0.0,False,0.0,0.0,0.0028708441158650645
2013-05-15,0.002766787446753994,0.002766787446753994,0.003783135032555577,-0.001016347585801583,-0.001016347585801583,0.0,0.0,False,0.0,0.0,0.003783135032555577
2013-05-16,-0.0006467750221766419,-0.0006467750221766419,-0.0008648067122952832,0.0002180316901186413,0.0002180316901186413,0.0,0.0,False,0.0,0.0,-0.0008648067122952832
2013-05-17,0.00469554163912085,0.00469554163912085,0.0027280286435414905,0.0019675129955793597,0.0019675129955793597,0.0,0.0,False,0.0,0.0,0.0027280286435414905
2013-05-20,0.0004461873992349274,0.0004461873992349274,0.0007819295961229386,-0.00033574219688801114,-0.00033574219688801114,0.0,0.0,False,0.0,0.0,0.0007819295961229386
2013-05-21,0.001698551895056242,0.001698551895056242,0.001988094099399681,-0.0002895422043434389,-0.0002895422043434389,0.0,0.0,False,0.0,0.0,0.001988094099399681
2013-05-22,-0.008235713536601522,-0.008235713536601522,-0.0090751379977312,0.0008394244611296779,0.0008394244611296779,0.0,0.0,False,0.0,0.0,-0.0090751379977312
2013-05-23,-0.0016374238482100571,-0.0016374238482100571,-0.00316588417253943,0.001528460324329373,0.001528460324329373,0.0,0.0,False,0.0,0.0,-0.00316588417253943
2013-05-24,-0.0010770374157784148,-0.0010770374157784148,-0.0023910803898281063,0.0013140429740496915,0.0013140429740496915,0.0,0.0,False,0.0,0.0,-0.0023910803898281063
2013-05-28,0.0016996526926730511,0.0016996526926730511,-0.0014692922104406825,0.003168944903113734,0.003168944903113734,0.0,0.0,False,0.0,0.0,-0.0014692922104406825
2013-05-29,-0.0053015892122331865,-0.0053015892122331865,-0.003950231763146551,-0.0013513574490866351,-0.0013513574490866351,0.0,0.0,False,0.0,0.0,-0.003950231763146551
2013-05-30,0.003295884964650173,0.003295884964650173,0.002179553540510879,0.001116331424139294,0.001116331424139294,0.0,0.0,False,0.0,0.0,0.002179553540510879
2013-05-31,-0.012173146570743911,-0.012173146570743911,-0.011147665567650544,-0.0010254810030933675,-0.0010254810030933675,0.0,0.0,False,0.0,0.0,-0.011147665567650544
2013-06-03,0.0025823053572738815,0.0023019248868561106,0.004341808712463063,-0.0020398838256069527,-0.0017595033551891818,0.2803804704177708,0.0002803804704177708,True,0.014414609238257964,1.4414609238257965e-05,0.0043273941032248055
2013-06-04,-0.0008105935324841136,-0.0008105935324841136,-0.004221990631657389,0.003411397099173275,0.003411397099173275,0.0,0.0,False,0.0,0.0,-0.004221990631657389
2013-06-05,-0.014040241819124784,-0.014040241819124784,-0.008567964703066725,-0.005472277116058058,-0.005472277116058058,0.0,0.0,False,0.0,0.0,-0.008567964703066725
2013-06-06,0.007557166467598407,0.007557166467598407,0.005753790573678825,0.0018033758939195819,0.0018033758939195819,0.0,0.0,False,0.0,0.0,0.005753790573678825
2013-06-07,0.008195161272650915,0.008195161272650915,0.0026294049352407816,0.0055657563374101335,0.0055657563374101335,0.0,0.0,False,0.0,0.0,0.0026294049352407816
2013-06-10,-0.0005357125796234138,-0.0005357125796234138,-0.002069018109533668,0.0015333055299102541,0.0015333055299102541,0.0,0.0,False,0.0,0.0,-0.002069018109533668
2013-06-11,-0.009165599170989058,-0.009165599170989058,-0.006574079862328042,-0.0025915193086610156,-0.0025915193086610156,0.0,0.0,False,0.0,0.0,-0.006574079862328042
2013-06-12,-0.0030598755645919414,-0.0030598755645919414,-0.0059744421644816,0.0029145665998896587,0.0029145665998896587,0.0,0.0,False,0.0,0.0,-0.0059744421644816
2013-06-13,0.013784846291558458,0.013784846291558458,0.01373414378614917,5.070250540928703e-05,5.070250540928703e-05,0.0,0.0,False,0.0,0.0,0.01373414378614917
2013-06-14,-0.00476645593361776,-0.00476645593361776,-0.005416856443910403,0.000650400510292643,0.000650400510292643,0.0,0.0,False,0.0,0.0,-0.005416856443910403
2013-06-17,0.006501878380815984,0.006501878380815984,0.004737186963985081,0.0017646914168309028,0.0017646914168309028,0.0,0.0,False,0.0,0.0,0.004737186963985081
2013-06-18,0.0055050213315250875,0.0055050213315250875,0.0040916235530151735,0.001413397778509914,0.001413397778509914,0.0,0.0,False,0.0,0.0,0.0040916235530151735
2013-06-19,-0.01553874521158195,-0.01553874521158195,-0.01598069370870195,0.000441948497119999,0.000441948497119999,0.0,0.0,False,0.0,0.0,-0.01598069370870195
2013-06-20,-0.02249062948666287,-0.02249062948666287,-0.022482155858884863,-8.473627778008558e-06,-8.473627778008558e-06,0.0,0.0,False,0.0,0.0,-0.022482155858884863
2013-06-21,-0.0005243298018659187,-0.0005243298018659187,-0.0012816526912225927,0.000757322889356674,0.000757322889356674,0.0,0.0,False,0.0,0.0,-0.0012816526912225927
2013-06-24,-0.013173227519451741,-0.013173227519451741,-0.010054275905192754,-0.0031189516142589874,-0.0031189516142589874,0.0,0.0,False,0.0,0.0,-0.010054275905192754
2013-06-25,0.01192039279364845,0.01192039279364845,0.0071205563165120545,0.004799836477136395,0.004799836477136395,0.0,0.0,False,0.0,0.0,0.0071205563165120545
2013-06-26,0.007685859739945005,0.007685859739945005,0.007609893995527398,7.59657444176073e-05,7.59657444176073e-05,0.0,0.0,False,0.0,0.0,0.007609893995527398
2013-06-27,0.006715594968339622,0.006715594968339622,0.008932280917055193,-0.002216685948715571,-0.002216685948715571,0.0,0.0,False,0.0,0.0,0.008932280917055193
2013-06-28,-0.004355293912611363,-0.004355293912611363,-0.0012633714162829223,-0.0030919224963284406,-0.0030919224963284406,0.0,0.0,False,0.0,0.0,-0.0012633714162829223
2013-07-01,0.006580725122420004,0.006577999847805175,0.0048626345821756066,0.0017153652656295686,0.0017180905402443972,0.0027252746148284704,2.7252746148284706e-06,True,0.0045886460259711714,4.5886460259711715e-06,0.004858045936149635
2013-07-02,-0.00267718935702791,-0.00267718935702791,-0.002333584071374296,-0.0003436052856536139,-0.0003436052856536139,0.0,0.0,False,0.0,0.0,-0.002333584071374296
2013-07-03,0.0009738724357663661,0.0009738724357663661,-0.0015956825331905533,0.0025695549689569194,0.0025695549689569194,0.0,0.0,False,0.0,0.0,-0.0015956825331905533
2013-07-05,0.0009533419325772805,0.0009533419325772805,-0.002909199518981882,0.0038625414515591626,0.0038625414515591626,0.0,0.0,False,0.0,0.0,-0.002909199518981882
2013-07-08,0.008716304166279405,0.008716304166279405,0.005868448233112698,0.002847855933166707,0.002847855933166707,0.0,0.0,False,0.0,0.0,0.005868448233112698
2013-07-09,0.004247604397910101,0.004247604397910101,0.005292709929109749,-0.0010451055311996478,-0.0010451055311996478,0.0,0.0,False,0.0,0.0,0.005292709929109749
2013-07-10,0.0022058395080604386,0.0022058395080604386,-0.0017382786282403098,0.003944118136300748,0.003944118136300748,0.0,0.0,False,0.0,0.0,-0.0017382786282403098
2013-07-11,0.01654812545410925,0.01654812545410925,0.017751894997707927,-0.0012037695435986769,-0.0012037695435986769,0.0,0.0,False,0.0,0.0,0.017751894997707927
2013-07-12,-0.0020920161580763002,-0.0020920161580763002,-0.00245717378997224,0.0003651576318959397,0.0003651576318959397,0.0,0.0,False,0.0,0.0,-0.00245717378997224
2013-07-15,0.00467575495026266,0.00467575495026266,0.005397847298741364,-0.0007220923484787039,-0.0007220923484787039,0.0,0.0,False,0.0,0.0,0.005397847298741364
2013-07-16,-0.0023997807808849064,-0.0023997807808849064,-0.0010657076286542133,-0.0013340731522306932,-0.0013340731522306932,0.0,0.0,False,0.0,0.0,-0.0010657076286542133
2013-07-17,0.004365101620720918,0.004365101620720918,0.003851804494333106,0.0005132971263878119,0.0005132971263878119,0.0,0.0,False,0.0,0.0,0.003851804494333106
2013-07-18,0.0057495773675992805,0.0057495773675992805,-4.644564526396313e-05,0.005796023012863243,0.005796023012863243,0.0,0.0,False,0.0,0.0,-4.644564526396313e-05
2013-07-19,0.0003274928723500148,0.0003274928723500148,0.002838457782958787,-0.0025109649106087725,-0.0025109649106087725,0.0,0.0,False,0.0,0.0,0.002838457782958787
2013-07-22,0.0025427995027637786,0.0025427995027637786,0.002931782401276145,-0.00038898289851236646,-0.00038898289851236646,0.0,0.0,False,0.0,0.0,0.002931782401276145
2013-07-23,-0.001050700935633534,-0.001050700935633534,6.37413599174567e-05,-0.0011144422955509908,-0.0011144422955509908,0.0,0.0,False,0.0,0.0,6.37413599174567e-05
2013-07-24,-0.004693253379816406,-0.004693253379816406,-0.00539960459709796,0.0007063512172815539,0.0007063512172815539,0.0,0.0,False,0.0,0.0,-0.00539960459709796
2013-07-25,0.0005877960974164426,0.0005877960974164426,0.002190630085213874,-0.0016028339877974314,-0.0016028339877974314,0.0,0.0,False,0.0,0.0,0.002190630085213874
2013-07-26,-0.0011688091243207506,-0.0011688091243207506,-0.000459535664611348,-0.0007092734597094026,-0.0007092734597094026,0.0,0.0,False,0.0,0.0,-0.000459535664611348
2013-07-29,-0.004501811657762708,-0.004501811657762708,-0.005020403297786568,0.00051859164002386,0.00051859164002386,0.0,0.0,False,0.0,0.0,-0.005020403297786568
2013-07-30,0.00044527123493225937,0.00044527123493225937,-0.0002436328543020961,0.0006889040892343555,0.0006889040892343555,0.0,0.0,False,0.0,0.0,-0.0002436328543020961
2013-07-31,0.0018957018097113215,0.0018957018097113215,0.00040226620661022044,0.0014934356031011012,0.0014934356031011012,0.0,0.0,False,0.0,0.0,0.00040226620661022044
2013-08-01,0.004927253359929295,0.004647253360080843,0.004081913077348426,0.0005653402827324175,0.0008453402825808693,0.27999999984845214,0.00027999999984845215,True,0.012644633087101901,1.26446330871019e-05,0.004069268444261324
2013-08-02,0.0031249993747641293,0.0031249993747641293,0.0047209371239122205,-0.0015959377491480912,-0.0015959377491480912,0.0,0.0,False,0.0,0.0,0.0047209371239122205
2013-08-05,-0.0013415753252672353,-0.0013415753252672353,-0.0027853113935660573,0.001443736068298822,0.001443736068298822,0.0,0.0,False,0.0,0.0,-0.0027853113935660573
2013-08-06,-0.005213293684419463,-0.005213293684419463,-0.0034255732005996015,-0.0017877204838198614,-0.0017877204838198614,0.0,0.0,False,0.0,0.0,-0.0034255732005996015
2013-08-07,-0.004326950309174935,-0.004326950309174935,-0.0016556234836143495,-0.002671326825560586,-0.002671326825560586,0.0,0.0,False,0.0,0.0,-0.0016556234836143495
2013-08-08,0.003432033911173629,0.003432033911173629,0.005313574698589101,-0.0018815407874154724,-0.0018815407874154724,0.0,0.0,False,0.0,0.0,0.005313574698589101
2013-08-09,-0.0012296021802424336,-0.0012296021802424336,-0.000227635681099782,-0.0010019664991426517,-0.0010019664991426517,0.0,0.0,False,0.0,0.0,-0.000227635681099782
2013-08-12,0.0007022864841842932,0.0007022864841842932,-0.0003735436736063448,0.001075830157790638,0.001075830157790638,0.0,0.0,False,0.0,0.0,-0.0003735436736063448
2013-08-13,0.0008256030620701072,0.0008256030620701072,-0.0011499215468454606,0.001975524608915568,0.001975524608915568,0.0,0.0,False,0.0,0.0,-0.0011499215468454606
2013-08-14,-0.0035676329122148556,-0.0035676329122148556,-0.001329248553815664,-0.0022383843583991918,-0.0022383843583991918,0.0,0.0,False,0.0,0.0,-0.001329248553815664
2013-08-15,-0.012110593424502603,-0.012110593424502603,-0.010378067687799473,-0.0017325257367031294,-0.0017325257367031294,0.0,0.0,False,0.0,0.0,-0.010378067687799473
2013-08-16,-0.003463294072206528,-0.003463294072206528,-0.003477834861975888,1.4540789769360105e-05,1.4540789769360105e-05,0.0,0.0,False,0.0,0.0,-0.003477834861975888
2013-08-19,-0.007538084722936669,-0.007538084722936669,-0.007517578772181293,-2.0505950755375993e-05,-2.0505950755375993e-05,0.0,0.0,False,0.0,0.0,-0.007517578772181293
2013-08-20,0.008884769672711988,0.008884769672711988,0.004158410698189773,0.004726358974522215,0.004726358974522215,0.0,0.0,False,0.0,0.0,0.004158410698189773
2013-08-21,-0.005412466276515856,-0.005412466276515856,-0.008979076767694973,0.003566610491179117,0.003566610491179117,0.0,0.0,False,0.0,0.0,-0.008979076767694973
2013-08-22,0.00925269512702533,0.00925269512702533,0.007637840720158032,0.0016148544068672974,0.0016148544068672974,0.0,0.0,False,0.0,0.0,0.007637840720158032
2013-08-23,0.003548024158051669,0.003548024158051669,0.006295473224346727,-0.0027474490662950583,-0.0027474490662950583,0.0,0.0,False,0.0,0.0,0.006295473224346727
2013-08-26,-0.0014234141288358767,-0.0014234141288358767,-0.0023778938284727455,0.0009544796996368689,0.0009544796996368689,0.0,0.0,False,0.0,0.0,-0.0023778938284727455
2013-08-27,-0.01487366933258186,-0.01487366933258186,-0.008490650442410926,-0.006383018890170934,-0.006383018890170934,0.0,0.0,False,0.0,0.0,-0.008490650442410926
2013-08-28,0.00306058353088581,0.00306058353088581,-2.042726433721699e-05,0.003081010795223027,0.003081010795223027,0.0,0.0,False,0.0,0.0,-2.042726433721699e-05
2013-08-29,0.004712476498993284,0.004712476498993284,0.002246646509841518,0.0024658299891517662,0.0024658299891517662,0.0,0.0,False,0.0,0.0,0.002246646509841518
2013-08-30,-0.006091364750996948,-0.006091364750996948,-0.0032748340099267243,-0.0028165307410702237,-0.0028165307410702237,0.0,0.0,False,0.0,0.0,-0.0032748340099267243
2013-09-03,0.002248553639372962,0.002184363375188595,0.0027851374048703803,-0.0006007740296817853,-0.0005365837654974183,0.06419026418436713,6.419026418436713e-05,True,0.0037174041981988017,3.7174041981988016e-06,0.0027814200006721817
2013-09-04,0.007067341293051742,0.007067341293051742,0.0047680884268427775,0.0022992528662089647,0.0022992528662089647,0.0,0.0,False,0.0,0.0,0.0047680884268427775
2013-09-05,-0.0005730914634652668,-0.0005730914634652668,-0.0018647539733988383,0.0012916625099335716,0.0012916625099335716,0.0,0.0,False,0.0,0.0,-0.0018647539733988383
2013-09-06,0.002124385540833426,0.002124385540833426,0.004275088941096435,-0.002150703400263009,-0.002150703400263009,0.0,0.0,False,0.0,0.0,0.004275088941096435
2013-09-09,0.009333555587930132,0.009333555587930132,0.009293581966560304,3.997362136982756e-05,3.997362136982756e-05,0.0,0.0,False,0.0,0.0,0.009293581966560304
2013-09-10,0.007055095547785802,0.007055095547785802,0.0033950377075990233,0.0036600578401867786,0.0036600578401867786,0.0,0.0,False,0.0,0.0,0.0033950377075990233
2013-09-11,0.0016664197746785818,0.0016664197746785818,0.003669213402173513,-0.002002793627494931,-0.002002793627494931,0.0,0.0,False,0.0,0.0,0.003669213402173513
2013-09-12,-0.00383391362816098,-0.00383391362816098,-0.0034448747963392663,-0.0003890388318217135,-0.0003890388318217135,0.0,0.0,False,0.0,0.0,-0.0034448747963392663
2013-09-13,0.0024429568122009506,0.0024429568122009506,0.002925580791137879,-0.0004826239789369282,-0.0004826239789369282,0.0,0.0,False,0.0,0.0,0.002925580791137879
2013-09-16,0.00445684813447951,0.00445684813447951,0.004530780769528657,-7.393263504914659e-05,-7.393263504914659e-05,0.0,0.0,False,0.0,0.0,0.004530780769528657
2013-09-17,0.005978044707283407,0.005978044707283407,0.0028876090078681672,0.00309043569941524,0.00309043569941524,0.0,0.0,False,0.0,0.0,0.0028876090078681672
2013-09-18,0.01026201033830709,0.01026201033830709,0.01766113599901998,-0.00739912566071289,-0.00739912566071289,0.0,0.0,False,0.0,0.0,0.01766113599901998
2013-09-19,-0.0018242010477226508,-0.0018242010477226508,-0.0037332281165986516,0.0019090270688760008,0.0019090270688760008,0.0,0.0,False,0.0,0.0,-0.0037332281165986516
2013-09-20,-0.004086165012150238,-0.004086165012150238,-0.005278919055922267,0.0011927540437720284,0.0011927540437720284,0.0,0.0,False,0.0,0.0,-0.005278919055922267
2013-09-23,-0.0016283080116350813,-0.0016283080116350813,0.0008707462939125873,-0.0024990543055476684,-0.0024990543055476684,0.0,0.0,False,0.0,0.0,0.0008707462939125873
2013-09-24,-0.00032914892262331816,-0.00032914892262331816,-9.356348292800202e-05,-0.00023558543969531614,-0.00023558543969531614,0.0,0.0,False,0.0,0.0,-9.356348292800202e-05
2013-09-25,-0.0021886328694074803,-0.0021886328694074803,-0.0005158241181904943,-0.001672808751216986,-0.001672808751216986,0.0,0.0,False,0.0,0.0,-0.0005158241181904943
2013-09-26,0.0031097208953019258,0.0031097208953019258,0.0013975003171234474,0.0017122205781784784,0.0017122205781784784,0.0,0.0,False,0.0,0.0,0.0013975003171234474
2013-09-27,-0.003500669383144152,-0.003500669383144152,-0.003127654830866325,-0.00037301455227782684,-0.00037301455227782684,0.0,0.0,False,0.0,0.0,-0.003127654830866325
2013-09-30,-0.0026190059764671166,-0.0026190059764671166,-0.00395280876704855,0.0013338027905814335,0.0013338027905814335,0.0,0.0,False,0.0,0.0,-0.00395280876704855
2013-10-01,0.008068599126589863,0.00805896932239325,0.0049947329156374235,0.0030642364067558266,0.0030738662109524393,0.009629804196613028,9.629804196613028e-06,True,0.010748769317719762,1.0748769317719761e-05,0.004983984146319704
2013-10-02,-0.001587313525964253,-0.001587313525964253,0.0007098183436907337,-0.002297131869654987,-0.002297131869654987,0.0,0.0,False,0.0,0.0,0.0007098183436907337
2013-10-03,-0.0065119669371225385,-0.0065119669371225385,-0.0043826551195540586,-0.00212931181756848,-0.00212931181756848,0.0,0.0,False,0.0,0.0,-0.0043826551195540586
2013-10-04,0.005454670802280213,0.005454670802280213,0.003540906675330624,0.001913764126949589,0.001913764126949589,0.0,0.0,False,0.0,0.0,0.003540906675330624
2013-10-07,-0.007802611300765337,-0.007802611300765337,-0.004959866448402312,-0.002842744852363025,-0.002842744852363025,0.0,0.0,False,0.0,0.0,-0.004959866448402312
2013-10-08,-0.00967566293813489,-0.00967566293813489,-0.006528572635527718,-0.003147090302607173,-0.003147090302607173,0.0,0.0,False,0.0,0.0,-0.006528572635527718
2013-10-09,-0.0008270735167920731,-0.0008270735167920731,0.0003431755693057425,-0.0011702490860978157,-0.0011702490860978157,0.0,0.0,False,0.0,0.0,0.0003431755693057425
2013-10-10,0.017059214326602658,0.017059214326602658,0.012547960209461901,0.004511254117140756,0.004511254117140756,0.0,0.0,False,0.0,0.0,0.012547960209461901
2013-10-11,0.007730239023000214,0.007730239023000214,0.004386260676141053,0.0033439783468591604,0.0033439783468591604,0.0,0.0,False,0.0,0.0,0.004386260676141053
2013-10-14,0.003573332191066355,0.003573332191066355,0.0010555602757632242,0.0025177719153031304,0.0025177719153031304,0.0,0.0,False,0.0,0.0,0.0010555602757632242
2013-10-15,-0.005974608574791028,-0.005974608574791028,-0.004387008524135921,-0.0015876000506551075,-0.0015876000506551075,0.0,0.0,False,0.0,0.0,-0.004387008524135921
2013-10-16,0.010746698009168897,0.010746698009168897,0.009442620580686066,0.0013040774284828315,0.0013040774284828315,0.0,0.0,False,0.0,0.0,0.009442620580686066
2013-10-17,0.006819338985435534,0.006819338985435534,0.007757331889550985,-0.0009379929041154512,-0.0009379929041154512,0.0,0.0,False,0.0,0.0,0.007757331889550985
2013-10-18,0.006884522847864737,0.006884522847864737,0.003920952982753287,0.0029635698651114505,0.0029635698651114505,0.0,0.0,False,0.0,0.0,0.003920952982753287
2013-10-21,-0.001349404097269132,-0.001349404097269132,-0.0006973031758882196,-0.0006521009213809124,-0.0006521009213809124,0.0,0.0,False,0.0,0.0,-0.0006973031758882196
2013-10-22,0.0038553104054060024,0.0038553104054060024,0.00720234358352664,-0.0033470331781206377,-0.0033470331781206377,0.0,0.0,False,0.0,0.0,0.00720234358352664
2013-10-23,-0.002563440882139703,-0.002563440882139703,-0.005016009154189926,0.0024525682720502226,0.0024525682720502226,0.0,0.0,False,0.0,0.0,-0.005016009154189926
2013-10-24,0.003086723001612952,0.003086723001612952,0.0013630282723228904,0.0017236947292900615,0.0017236947292900615,0.0,0.0,False,0.0,0.0,0.0013630282723228904
2013-10-25,0.002012984329481367,0.002012984329481367,0.0019854053091833907,2.7579020297976205e-05,2.7579020297976205e-05,0.0,0.0,False,0.0,0.0,0.0019854053091833907
2013-10-28,0.0003422015484195676,0.0003422015484195676,0.0005866847462903925,-0.0002444831978708249,-0.0002444831978708249,0.0,0.0,False,0.0,0.0,0.0005866847462903925
2013-10-29,0.0033556140570122836,0.0033556140570122836,0.0029530710647096966,0.000402542992302587,0.000402542992302587,0.0,0.0,False,0.0,0.0,0.0029530710647096966
2013-10-30,-0.007643793721590863,-0.007643793721590863,-0.004413985119752701,-0.0032298086018381616,-0.0032298086018381616,0.0,0.0,False,0.0,0.0,-0.004413985119752701
2013-10-31,-0.0028133482345721206,-0.0028133482345721206,-0.0033714985043001044,0.0005581502697279838,0.0005581502697279838,0.0,0.0,False,0.0,0.0,-0.0033714985043001044
2013-11-01,-0.0011565122425981123,-0.0011612810905845116,-0.002235275214817733,0.0010739941242332216,0.0010787629722196208,0.004768847986399205,4.768847986399205e-06,True,0.00672665361435567,6.72665361435567e-06,-0.002242001868432089
2013-11-04,0.005650907078191289,0.005650907078191289,0.003454762030709964,0.0021961450474813245,0.0021961450474813245,0.0,0.0,False,0.0,0.0,0.003454762030709964
2013-11-05,-0.003116541796503304,-0.003116541796503304,-0.006573332799536447,0.003456791003033143,0.003456791003033143,0.0,0.0,False,0.0,0.0,-0.006573332799536447
2013-11-06,0.0012384884039315783,0.0012384884039315783,0.003742085598273171,-0.002503597194341593,-0.002503597194341593,0.0,0.0,False,0.0,0.0,0.003742085598273171
2013-11-07,-0.009934671114859068,-0.009934671114859068,-0.007594114960105489,-0.0023405561547535786,-0.0023405561547535786,0.0,0.0,False,0.0,0.0,-0.007594114960105489
2013-11-08,0.010281027757359909,0.010281027757359909,0.0006871421539581201,0.009593885603401789,0.009593885603401789,0.0,0.0,False,0.0,0.0,0.0006871421539581201
2013-11-11,-0.000646644709840129,-0.000646644709840129,-0.000588317159334305,-5.832755050582403e-05,-5.832755050582403e-05,0.0,0.0,False,0.0,0.0,-0.000588317159334305
2013-11-12,-0.0008718011321705142,-0.0008718011321705142,-0.0014528030806378845,0.0005810019484673703,0.0005810019484673703,0.0,0.0,False,0.0,0.0,-0.0014528030806378845
2013-11-13,0.007244807924374345,0.007244807924374345,0.0049349102414690095,0.0023098976829053356,0.0023098976829053356,0.0,0.0,False,0.0,0.0,0.0049349102414690095
2013-11-14,0.0023160746450266636,0.0023160746450266636,0.0058021505525059774,-0.003486075907479314,-0.003486075907479314,0.0,0.0,False,0.0,0.0,0.0058021505525059774
2013-11-15,0.0032877460508346024,0.0032877460508346024,0.00453197187341289,-0.0012442258225782874,-0.0012442258225782874,0.0,0.0,False,0.0,0.0,0.00453197187341289
2013-11-18,-0.004512079296480558,-0.004512079296480558,0.001119111261501683,-0.0056311905579822415,-0.0056311905579822415,0.0,0.0,False,0.0,0.0,0.001119111261501683
2013-11-19,-0.0029891654811068924,-0.0029891654811068924,-0.0035916111588971938,0.0006024456777903014,0.0006024456777903014,0.0,0.0,False,0.0,0.0,-0.0035916111588971938
2013-11-20,-0.001530018267857925,-0.001530018267857925,-0.005935631964724806,0.004405613696866881,0.004405613696866881,0.0,0.0,False,0.0,0.0,-0.005935631964724806
2013-11-21,0.009993499180357693,0.009993499180357693,0.004759241061024228,0.005234258119333465,0.005234258119333465,0.0,0.0,False,0.0,0.0,0.004759241061024228
2013-11-22,0.003674889193865715,0.003674889193865715,0.0044577718180031835,-0.0007828826241374686,-0.0007828826241374686,0.0,0.0,False,0.0,0.0,0.0044577718180031835
2013-11-25,0.0005346639432688928,0.0005346639432688928,-0.0014058239331065734,0.0019404878763754662,0.0019404878763754662,0.0,0.0,False,0.0,0.0,-0.0014058239331065734
2013-11-26,0.00285084133437201,0.00285084133437201,0.0016995625022858387,0.0011512788320861712,0.0011512788320861712,0.0,0.0,False,0.0,0.0,0.0016995625022858387
2013-11-27,0.0025702442892179024,0.0025702442892179024,0.0015248896330986466,0.0010453546561192558,0.0010453546561192558,0.0,0.0,False,0.0,0.0,0.0015248896330986466
2013-11-29,0.00027537644822667927,0.00027537644822667927,0.0009042812806465412,-0.000628904832419862,-0.000628904832419862,0.0,0.0,False,0.0,0.0,0.0009042812806465412
2013-12-02,-0.004223611218989331,-0.00422821707465675,-0.006451641884192133,0.002223424809535383,0.0022280306652028015,0.004605855667418331,4.605855667418331e-06,True,0.007963890474373611,7.963890474373612e-06,-0.0064596057746665065
2013-12-03,-0.0034403289532189615,-0.0034403289532189615,-0.001998258298486508,-0.0014420706547324537,-0.0014420706547324537,0.0,0.0,False,0.0,0.0,-0.001998258298486508
2013-12-04,-0.0017510029454454368,-0.0017510029454454368,-0.0029679008042968018,0.001216897858851365,0.001216897858851365,0.0,0.0,False,0.0,0.0,-0.0029679008042968018
2013-12-05,-0.00153576098430043,-0.00153576098430043,-0.0036804095777321476,0.0021446485934317177,0.0021446485934317177,0.0,0.0,False,0.0,0.0,-0.0036804095777321476
2013-12-06,0.007421309747945401,0.007421309747945401,0.008513933078978679,-0.001092623331033278,-0.001092623331033278,0.0,0.0,False,0.0,0.0,0.008513933078978679
2013-12-09,0.001940117797584925,0.001940117797584925,0.0013157273224964773,0.0006243904750884478,0.0006243904750884478,0.0,0.0,False,0.0,0.0,0.0013157273224964773
2013-12-10,-0.00431902393100975,-0.00431902393100975,5.8146126111841316e-05,-0.004377170057121592,-0.004377170057121592,0.0,0.0,False,0.0,0.0,5.8146126111841316e-05
2013-12-11,-0.01040263348718258,-0.01040263348718258,-0.009369684967724331,-0.0010329485194582495,-0.0010329485194582495,0.0,0.0,False,0.0,0.0,-0.009369684967724331
2013-12-12,-0.0010051734493225788,-0.0010051734493225788,-0.0035630188231699986,0.0025578453738474196,0.0025578453738474196,0.0,0.0,False,0.0,0.0,-0.0035630188231699986
2013-12-13,0.0015669237348804467,0.0015669237348804467,0.0012357029719745822,0.0003312207629058645,0.0003312207629058645,0.0,0.0,False,0.0,0.0,0.0012357029719745822
2013-12-16,0.006438285885974032,0.006438285885974032,0.004000880885355234,0.0024374050006187985,0.0024374050006187985,0.0,0.0,False,0.0,0.0,0.004000880885355234
2013-12-17,-0.0015627888196866452,-0.0015627888196866452,-0.0012177511172426219,-0.0003450377024440234,-0.0003450377024440234,0.0,0.0,False,0.0,0.0,-0.0012177511172426219
2013-12-18,0.01113620954402127,0.01113620954402127,0.00906855616627494,0.00206765337774633,0.00206765337774633,0.0,0.0,False,0.0,0.0,0.00906855616627494
2013-12-19,-0.0032554051980475712,-0.0032554051980475712,-0.0036465972613555445,0.0003911920633079733,0.0003911920633079733,0.0,0.0,False,0.0,0.0,-0.0036465972613555445
2013-12-20,0.007927872493130093,0.007927872493130093,0.005397074912388629,0.002530797580741464,0.002530797580741464,0.0,0.0,False,0.0,0.0,0.005397074912388629
2013-12-23,0.0059610829914219995,0.0059610829914219995,0.003292529819913578,0.0026685531715084213,0.0026685531715084213,0.0,0.0,False,0.0,0.0,0.003292529819913578
2013-12-24,0.0019132743094398192,0.0019132743094398192,0.0005236691834759448,0.0013896051259638745,0.0013896051259638745,0.0,0.0,False,0.0,0.0,0.0005236691834759448
2013-12-26,0.0021030919218724704,0.0021030919218724704,0.0010743561959033743,0.001028735725969096,0.001028735725969096,0.0,0.0,False,0.0,0.0,0.0010743561959033743
2013-12-27,-0.0002593467446683677,-0.0002593467446683677,0.0018380262884528128,-0.0020973730331211807,-0.0020973730331211807,0.0,0.0,False,0.0,0.0,0.0018380262884528128
2013-12-30,-8.867901732919828e-07,-8.867901732919828e-07,0.002297360463159863,-0.002298247253333155,-0.002298247253333155,0.0,0.0,False,0.0,0.0,0.002297360463159863
2013-12-31,0.002665896292648252,0.002665896292648252,0.0013124599213670857,0.0013534363712811664,0.0013534363712811664,0.0,0.0,False,0.0,0.0,0.0013124599213670857
2014-01-02,-0.006002285460665795,-0.00604628995071019,-0.008701508622183707,0.0026552186714735174,0.0026992231615179125,0.04400449004439523,4.400449004439523e-05,True,0.008567939290206956,8.567939290206955e-06,-0.008710076561473915
2014-01-03,0.001346785821741887,0.001346785821741887,0.00029660139981752833,0.0010501844219243587,0.0010501844219243587,0.0,0.0,False,0.0,0.0,0.00029660139981752833
2014-01-06,-0.0026818646403820373,-0.0026818646403820373,-0.001258818191481647,-0.0014230464489003902,-0.0014230464489003902,0.0,0.0,False,0.0,0.0,-0.001258818191481647
2014-01-07,0.004627001343212976,0.004627001343212976,0.003833908187884754,0.0007930931553282216,0.0007930931553282216,0.0,0.0,False,0.0,0.0,0.003833908187884754
2014-01-08,0.0002405405674671435,0.0002405405674671435,-0.0020060980740913086,0.0022466386415584522,0.0022466386415584522,0.0,0.0,False,0.0,0.0,-0.0020060980740913086
2014-01-09,0.0008349502611590444,0.0008349502611590444,0.0007598874330041422,7.506282815490217e-05,7.506282815490217e-05,0.0,0.0,False,0.0,0.0,0.0007598874330041422
2014-01-10,0.0036473558756668256,0.0036473558756668256,0.007286228841929239,-0.003638872966262413,-0.003638872966262413,0.0,0.0,False,0.0,0.0,0.007286228841929239
2014-01-13,-0.009110909917970002,-0.009110909917970002,-0.005980012178156404,-0.003130897739813598,-0.003130897739813598,0.0,0.0,False,0.0,0.0,-0.005980012178156404
2014-01-14,0.007977442684507632,0.007977442684507632,0.004615481365418076,0.003361961319089556,0.003361961319089556,0.0,0.0,False,0.0,0.0,0.004615481365418076
2014-01-15,0.0048252117571024634,0.0048252117571024634,0.0023900180523087743,0.002435193704793689,0.002435193704793689,0.0,0.0,False,0.0,0.0,0.0023900180523087743
2014-01-16,-0.00024005912424392655,-0.00024005912424392655,0.0003395689391400203,-0.0005796280633839469,-0.0005796280633839469,0.0,0.0,False,0.0,0.0,0.0003395689391400203
2014-01-17,-0.002455913294487453,-0.002455913294487453,-0.0014976370630816367,-0.0009582762314058165,-0.0009582762314058165,0.0,0.0,False,0.0,0.0,-0.0014976370630816367
2014-01-21,0.0032605124404720158,0.0032605124404720158,0.0013554589181356339,0.001905053522336382,0.001905053522336382,0.0,0.0,False,0.0,0.0,0.0013554589181356339
2014-01-22,0.0012265288705739323,0.0012265288705739323,0.0006581072140742913,0.000568421656499641,0.000568421656499641,0.0,0.0,False,0.0,0.0,0.0006581072140742913
2014-01-23,-0.005328807305184643,-0.005328807305184643,-0.00348299210078614,-0.0018458152043985027,-0.0018458152043985027,0.0,0.0,False,0.0,0.0,-0.00348299210078614
2014-01-24,-0.01741561318955169,-0.01741561318955169,-0.013137066739480393,-0.004278546450071297,-0.004278546450071297,0.0,0.0,False,0.0,0.0,-0.013137066739480393
2014-01-27,-0.0061932637404777694,-0.0061932637404777694,-0.004526684189693353,-0.0016665795507844168,-0.0016665795507844168,0.0,0.0,False,0.0,0.0,-0.004526684189693353
2014-01-28,0.006768291427147446,0.006768291427147446,0.005326576658105667,0.0014417147690417792,0.0014417147690417792,0.0,0.0,False,0.0,0.0,0.005326576658105667
2014-01-29,-0.00868323776047675,-0.00868323776047675,-0.004813304397063223,-0.0038699333634135266,-0.0038699333634135266,0.0,0.0,False,0.0,0.0,-0.004813304397063223
2014-01-30,0.00868658631541749,0.00868658631541749,0.005169672620249712,0.0035169136951677784,0.0035169136951677784,0.0,0.0,False,0.0,0.0,0.005169672620249712
2014-01-31,-0.004352648495734467,-0.004352648495734467,-0.002803795360950448,-0.0015488531347840192,-0.0015488531347840192,0.0,0.0,False,0.0,0.0,-0.002803795360950448
2014-02-03,-0.01504257269983882,-0.015134948447635773,-0.011546267778214497,-0.0035886806694212757,-0.0034963049216243224,0.09237574779695357,9.237574779695357e-05,True,0.01892966835032686,1.8929668350326862e-05,-0.011565197446564824
2014-02-04,0.0040131486420795694,0.0040131486420795694,0.004262136675609049,-0.0002489880335294799,-0.0002489880335294799,0.0,0.0,False,0.0,0.0,0.004262136675609049
2014-02-05,-0.0022936771669678233,-0.0022936771669678233,-0.002480177623967984,0.00018650045700016084,0.00018650045700016084,0.0,0.0,False,0.0,0.0,-0.002480177623967984
2014-02-06,0.0074351519604402595,0.0074351519604402595,0.008336659636011606,-0.0009015076755713464,-0.0009015076755713464,0.0,0.0,False,0.0,0.0,0.008336659636011606
2014-02-07,0.008774319354989157,0.008774319354989157,0.007861808645917427,0.0009125107090717302,0.0009125107090717302,0.0,0.0,False,0.0,0.0,0.007861808645917427
2014-02-10,0.0014597527178087685,0.0014597527178087685,-0.0006540827734359404,0.0021138354912447086,0.0021138354912447086,0.0,0.0,False,0.0,0.0,-0.0006540827734359404
2014-02-11,0.006151028137550292,0.006151028137550292,0.006842822300384817,-0.0006917941628345253,-0.0006917941628345253,0.0,0.0,False,0.0,0.0,0.006842822300384817
2014-02-12,0.00018428030903339492,0.00018428030903339492,-0.000537403778988263,0.0007216840880216579,0.0007216840880216579,0.0,0.0,False,0.0,0.0,-0.000537403778988263
2014-02-13,0.005881789565751812,0.005881789565751812,0.00458044365114822,0.0013013459146035914,0.0013013459146035914,0.0,0.0,False,0.0,0.0,0.00458044365114822
2014-02-14,0.002969591630324916,0.002969591630324916,0.0037314883166825238,-0.0007618966863576077,-0.0007618966863576077,0.0,0.0,False,0.0,0.0,0.0037314883166825238
2014-02-18,0.00330090916371083,0.00330090916371083,0.0021436849115799234,0.0011572242521309065,0.0011572242521309065,0.0,0.0,False,0.0,0.0,0.0021436849115799234
2014-02-19,-0.0055170824242477745,-0.0055170824242477745,-0.0050034846789256075,-0.000513597745322167,-0.000513597745322167,0.0,0.0,False,0.0,0.0,-0.0050034846789256075
2014-02-20,0.005350389839149468,0.005350389839149468,0.002698653689642631,0.0026517361495068375,0.0026517361495068375,0.0,0.0,False,0.0,0.0,0.002698653689642631
2014-02-21,0.0006491298388386612,0.0006491298388386612,0.001459975076247675,-0.0008108452374090137,-0.0008108452374090137,0.0,0.0,False,0.0,0.0,0.001459975076247675
2014-02-24,0.004355788900024033,0.004355788900024033,0.003152358232118505,0.0012034306679055279,0.0012034306679055279,0.0,0.0,False,0.0,0.0,0.003152358232118505
2014-02-25,0.0008192843690320075,0.0008192843690320075,8.512865336324075e-05,0.0007341557156687668,0.0007341557156687668,0.0,0.0,False,0.0,0.0,8.512865336324075e-05
2014-02-26,0.0022130149391972865,0.0022130149391972865,0.0011870660085939939,0.0010259489306032926,0.0010259489306032926,0.0,0.0,False,0.0,0.0,0.0011870660085939939
2014-02-27,0.0038325374175772475,0.0038325374175772475,0.005033136054581435,-0.0012005986370041879,-0.0012005986370041879,0.0,0.0,False,0.0,0.0,0.005033136054581435
2014-02-28,0.00034211649986972173,0.00034211649986972173,-9.769389679830103e-05,0.00043981039666802276,0.00043981039666802276,0.0,0.0,False,0.0,0.0,-9.769389679830103e-05
2014-03-03,-0.003274801053557249,-0.003334212944397532,-0.005612579416215001,0.002278366471817469,0.0023377783626577523,0.05941189084028316,5.941189084028316e-05,True,0.009532381287120088,9.532381287120086e-06,-0.005622111797502122
2014-03-04,0.009424319127252955,0.009424319127252955,0.006949938145418101,0.002474380981834854,0.002474380981834854,0.0,0.0,False,0.0,0.0,0.006949938145418101
2014-03-05,-0.0004748141702566369,-0.0004748141702566369,0.0004303694729807793,-0.0009051836432374162,-0.0009051836432374162,0.0,0.0,False,0.0,0.0,0.0004303694729807793
2014-03-06,-0.0001562276365777465,-0.0001562276365777465,0.001855965552231294,-0.0020121931888090402,-0.0020121931888090402,0.0,0.0,False,0.0,0.0,0.001855965552231294
2014-03-07,-0.0017311298377417198,-0.0017311298377417198,-0.0036967470677419885,0.0019656172300002686,0.0019656172300002686,0.0,0.0,False,0.0,0.0,-0.0036967470677419885
2014-03-10,-0.0009076072059409884,-0.0009076072059409884,-0.0018949709120000286,0.0009873637060590402,0.0009873637060590402,0.0,0.0,False,0.0,0.0,-0.0018949709120000286
2014-03-11,-0.003747288226825212,-0.003747288226825212,-0.003860164783300965,0.0001128765564757531,0.0001128765564757531,0.0,0.0,False,0.0,0.0,-0.003860164783300965
2014-03-12,0.0016692808592218905,0.0016692808592218905,0.0015392267771826595,0.00013005408203923098,0.00013005408203923098,0.0,0.0,False,0.0,0.0,0.0015392267771826595
2014-03-13,-0.0062417339716590685,-0.0062417339716590685,-0.0061562313248256385,-8.550264683343002e-05,-8.550264683343002e-05,0.0,0.0,False,0.0,0.0,-0.0061562313248256385
2014-03-14,-0.0007287713847253182,-0.0007287713847253182,-0.0005516940537178154,-0.00017707733100750286,-0.00017707733100750286,0.0,0.0,False,0.0,0.0,-0.0005516940537178154
2014-03-17,0.004173974359122303,0.004173974359122303,0.004605959569792694,-0.00043198521067039104,-0.00043198521067039104,0.0,0.0,False,0.0,0.0,0.004605959569792694
2014-03-18,0.006321685682306611,0.006321685682306611,0.006323632497059661,-1.946814753049815e-06,-1.946814753049815e-06,0.0,0.0,False,0.0,0.0,0.006323632497059661
2014-03-19,-0.005700223548223952,-0.005700223548223952,-0.009193353282924114,0.003493129734700162,0.003493129734700162,0.0,0.0,False,0.0,0.0,-0.009193353282924114
2014-03-20,0.0036479925364758933,0.0036479925364758933,0.0018723846601156073,0.001775607876360286,0.001775607876360286,0.0,0.0,False,0.0,0.0,0.0018723846601156073
2014-03-21,-0.0018561298121320155,-0.0018561298121320155,0.0003349855049199177,-0.0021911153170519333,-0.0021911153170519333,0.0,0.0,False,0.0,0.0,0.0003349855049199177
2014-03-24,-0.0029161175295072386,-0.0029161175295072386,0.00023799278466473902,-0.0031541103141719774,-0.0031541103141719774,0.0,0.0,False,0.0,0.0,0.00023799278466473902
2014-03-25,0.0023804650290448846,0.0023804650290448846,0.003900400497693994,-0.0015199354686491096,-0.0015199354686491096,0.0,0.0,False,0.0,0.0,0.003900400497693994
2014-03-26,-0.004974757084735231,-0.004974757084735231,-0.0011103930836266877,-0.0038643640011085433,-0.0038643640011085433,0.0,0.0,False,0.0,0.0,-0.0011103930836266877
2014-03-27,-0.0016232987848593988,-0.0016232987848593988,0.0017911185212313924,-0.003414417306090791,-0.003414417306090791,0.0,0.0,False,0.0,0.0,0.0017911185212313924
2014-03-28,0.0020665679755349172,0.0020665679755349172,0.0022464285368212185,-0.0001798605612863013,-0.0001798605612863013,0.0,0.0,False,0.0,0.0,0.0022464285368212185
2014-03-31,0.006203030958767912,0.006203030958767912,0.004655090577371547,0.0015479403813963653,0.0015479403813963653,0.0,0.0,False,0.0,0.0,0.004655090577371547
2014-04-01,0.004728710759218825,0.004726293766459718,0.003563050905472759,0.001163242860986959,0.0011656598537460655,0.0024169927591068483,2.416992759106848e-06,True,0.004683445775489823,4.683445775489823e-06,0.003558367459697269
2014-04-02,0.001336799218503255,0.001336799218503255,0.0003652316709963864,0.0009715675475068686,0.0009715675475068686,0.0,0.0,False,0.0,0.0,0.0003652316709963864
2014-04-03,-0.0016945611380810095,-0.0016945611380810095,-0.0010900659062561117,-0.0006044952318248979,-0.0006044952318248979,0.0,0.0,False,0.0,0.0,-0.0010900659062561117
2014-04-04,-0.006500458466650778,-0.006500458466650778,-0.003325701827384373,-0.0031747566392664045,-0.0031747566392664045,0.0,0.0,False,0.0,0.0,-0.003325701827384373
2014-04-07,-0.00657531114614146,-0.00657531114614146,-0.0031678996513139763,-0.003407411494827484,-0.003407411494827484,0.0,0.0,False,0.0,0.0,-0.0031678996513139763
2014-04-08,0.0037336290694289197,0.0037336290694289197,0.003446426459630729,0.00028720260979819053,0.00028720260979819053,0.0,0.0,False,0.0,0.0,0.003446426459630729
2014-04-09,0.006692022465020768,0.006692022465020768,0.00642000151839127,0.0002720209466294983,0.0002720209466294983,0.0,0.0,False,0.0,0.0,0.00642000151839127
2014-04-10,-0.01267284550218262,-0.01267284550218262,-0.009915911864669117,-0.0027569336375135034,-0.0027569336375135034,0.0,0.0,False,0.0,0.0,-0.009915911864669117
2014-04-11,-0.006687950636185381,-0.006687950636185381,-0.0032931138725910748,-0.0033948367635943063,-0.0033948367635943063,0.0,0.0,False,0.0,0.0,-0.0032931138725910748
2014-04-14,0.004394147519940324,0.004394147519940324,0.0027300585352308497,0.0016640889847094739,0.0016640889847094739,0.0,0.0,False,0.0,0.0,0.0027300585352308497
2014-04-15,0.003671245732613697,0.003671245732613697,0.00092394498485353,0.0027473007477601674,0.0027473007477601674,0.0,0.0,False,0.0,0.0,0.00092394498485353
2014-04-16,0.00557685678176623,0.00557685678176623,0.0065505702610035785,-0.0009737134792373488,-0.0009737134792373488,0.0,0.0,False,0.0,0.0,0.0065505702610035785
2014-04-17,3.076834473406608e-05,3.076834473406608e-05,-0.00021156331177077988,0.00024233165650484596,0.00024233165650484596,0.0,0.0,False,0.0,0.0,-0.00021156331177077988
2014-04-21,0.002146316846838414,0.002146316846838414,0.0009595554955619162,0.001186761351276498,0.001186761351276498,0.0,0.0,False,0.0,0.0,0.0009595554955619162
2014-04-22,0.0036519765366534638,0.0036519765366534638,0.002382508528052138,0.001269468008601326,0.001269468008601326,0.0,0.0,False,0.0,0.0,0.002382508528052138
2014-04-23,-0.0013874660306112372,-0.0013874660306112372,-0.0009617716147866626,-0.00042569441582457465,-0.00042569441582457465,0.0,0.0,False,0.0,0.0,-0.0009617716147866626
2014-04-24,0.0004108179393785465,0.0004108179393785465,0.0006198660995108784,-0.00020904816013233196,-0.00020904816013233196,0.0,0.0,False,0.0,0.0,0.0006198660995108784
2014-04-25,-0.005764703843921108,-0.005764703843921108,-0.005078614757352348,-0.0006860890865687599,-0.0006860890865687599,0.0,0.0,False,0.0,0.0,-0.005078614757352348
2014-04-28,-3.2751777740550807e-05,-3.2751777740550807e-05,0.0008991885670720389,-0.0009319403448125897,-0.0009319403448125897,0.0,0.0,False,0.0,0.0,0.0008991885670720389
2014-04-29,0.002572171188503774,0.002572171188503774,0.0035770830633900896,-0.0010049118748863156,-0.0010049118748863156,0.0,0.0,False,0.0,0.0,0.0035770830633900896
2014-04-30,0.002393657544040792,0.002393657544040792,0.002777162754768362,-0.00038350521072757007,-0.00038350521072757007,0.0,0.0,False,0.0,0.0,0.002777162754768362
2014-05-01,0.00020567638924918645,0.00019971566900603484,0.002293226384160413,-0.0020935107151543782,-0.0020875499949112265,0.005960720243151596,5.960720243151596e-06,True,0.00270233609534851,2.70233609534851e-06,0.0022905240480650645
2014-05-02,0.0007437860690601397,0.0007437860690601397,0.0008466676429838702,-0.00010288157392373046,-0.00010288157392373046,0.0,0.0,False,0.0,0.0,0.0008466676429838702
2014-05-05,-3.661454969723871e-05,-3.661454969723871e-05,-0.0009585561704772059,0.0009219416207799672,0.0009219416207799672,0.0,0.0,False,0.0,0.0,-0.0009585561704772059
2014-05-06,-0.005331832222510148,-0.005331832222510148,-0.0025309656488941928,-0.0028008665736159555,-0.0028008665736159555,0.0,0.0,False,0.0,0.0,-0.0025309656488941928
2014-05-07,0.002702227476173949,0.002702227476173949,0.002494151576546355,0.00020807589962759405,0.00020807589962759405,0.0,0.0,False,0.0,0.0,0.002494151576546355
2014-05-08,-0.0020000783190148703,-0.0020000783190148703,-0.0009949421901858865,-0.0010051361288289837,-0.0010051361288289837,0.0,0.0,False,0.0,0.0,-0.0009949421901858865
2014-05-09,0.002138097699338453,0.002138097699338453,1.9158411594695604e-05,0.0021189392877437574,0.0021189392877437574,0.0,0.0,False,0.0,0.0,1.9158411594695604e-05
2014-05-12,0.00700074135660292,0.00700074135660292,0.005592872933871411,0.0014078684227315091,0.0014078684227315091,0.0,0.0,False,0.0,0.0,0.005592872933871411
2014-05-13,-0.00017307595567921802,-0.00017307595567921802,0.00214847137680057,-0.002321547332479788,-0.002321547332479788,0.0,0.0,False,0.0,0.0,0.00214847137680057
2014-05-14,-0.0033535399061140657,-0.0033535399061140657,0.000412772586384104,-0.00376631249249817,-0.00376631249249817,0.0,0.0,False,0.0,0.0,0.000412772586384104
2014-05-15,-0.004221142433865353,-0.004221142433865353,-0.003174063486625329,-0.0010470789472400242,-0.0010470789472400242,0.0,0.0,False,0.0,0.0,-0.003174063486625329
2014-05-16,0.0027424227401562514,0.0027424227401562514,0.0022607242291554277,0.0004816985110008237,0.0004816985110008237,0.0,0.0,False,0.0,0.0,0.0022607242291554277
2014-05-19,0.0033586761930914045,0.0033586761930914045,0.0005405413024550328,0.002818134890636372,0.002818134890636372,0.0,0.0,False,0.0,0.0,0.0005405413024550328
2014-05-20,-0.005055342229306454,-0.005055342229306454,-0.0037077502592776116,-0.0013475919700288424,-0.0013475919700288424,0.0,0.0,False,0.0,0.0,-0.0037077502592776116
2014-05-21,0.0034427458304048877,0.0034427458304048877,0.00380460039801276,-0.00036185456760787216,-0.00036185456760787216,0.0,0.0,False,0.0,0.0,0.00380460039801276
2014-05-22,0.002691609610736489,0.002691609610736489,0.001810505717063763,0.0008811038936727259,0.0008811038936727259,0.0,0.0,False,0.0,0.0,0.001810505717063763
2014-05-23,0.0033916156913066024,0.0033916156913066024,0.002769947692261294,0.0006216679990453085,0.0006216679990453085,0.0,0.0,False,0.0,0.0,0.002769947692261294
2014-05-27,0.005266505693123416,0.005266505693123416,0.0036055715938550378,0.001660934099268378,0.001660934099268378,0.0,0.0,False,0.0,0.0,0.0036055715938550378
2014-05-28,-0.0003100767007469084,-0.0003100767007469084,0.002051394899779404,-0.0023614716005263122,-0.0023614716005263122,0.0,0.0,False,0.0,0.0,0.002051394899779404
2014-05-29,0.002272712872677203,0.002272712872677203,0.001946190252475985,0.00032652262020121817,0.00032652262020121817,0.0,0.0,False,0.0,0.0,0.001946190252475985
2014-05-30,0.00024029903575917071,0.00024029903575917071,-0.0012659215926771284,0.001506220628436299,0.001506220628436299,0.0,0.0,False,0.0,0.0,-0.0012659215926771284
2014-06-02,-0.0011684967637454655,-0.001329837026203738,-0.0014395323318723953,0.00010969530566865742,0.0002710355681269298,0.1613402624582725,0.00016134026245827248,True,0.0022986925835692257,2.2986925835692256e-06,-0.0014418310244559646
2014-06-03,-0.0011716285894710348,-0.0011716285894710348,-0.0023737990036422473,0.0012021704141712125,0.0012021704141712125,0.0,0.0,False,0.0,0.0,-0.0023737990036422473
2014-06-04,0.0005933033538222281,0.0005933033538222281,-4.791164394943065e-05,0.0006412149977716588,0.0006412149977716588,0.0,0.0,False,0.0,0.0,-4.791164394943065e-05
2014-06-05,0.004547505398866749,0.004547505398866749,0.005749669015127697,-0.0012021636162609477,-0.0012021636162609477,0.0,0.0,False,0.0,0.0,0.005749669015127697
2014-06-06,0.0038466425967979253,0.0038466425967979253,0.0039203514972461564,-7.370890044823119e-05,-7.370890044823119e-05,0.0,0.0,False,0.0,0.0,0.0039203514972461564
2014-06-09,0.00032485424950439237,0.00032485424950439237,0.00032483866124529207,1.5588259100304987e-08,1.5588259100304987e-08,0.0,0.0,False,0.0,0.0,0.00032483866124529207
2014-06-10,-0.0007474117621450629,-0.0007474117621450629,-0.0006540597295786213,-9.335203256644162e-05,-9.335203256644162e-05,0.0,0.0,False,0.0,0.0,-0.0006540597295786213
2014-06-11,-0.0018875209153991497,-0.0018875209153991497,-0.0019387530992267508,5.123218382760116e-05,5.123218382760116e-05,0.0,0.0,False,0.0,0.0,-0.0019387530992267508
2014-06-12,-0.002226865833069998,-0.002226865833069998,-0.001225478936862904,-0.0010013868962070942,-0.0010013868962070942,0.0,0.0,False,0.0,0.0,-0.001225478936862904
2014-06-13,0.001567184828617524,0.001567184828617524,0.0007236956673485323,0.0008434891612689918,0.0008434891612689918,0.0,0.0,False,0.0,0.0,0.0007236956673485323
2014-06-16,0.0001393830140081638,0.0001393830140081638,0.0001801373394898096,-4.075432548164581e-05,-4.075432548164581e-05,0.0,0.0,False,0.0,0.0,0.0001801373394898096
2014-06-17,0.00013644284225261072,0.00013644284225261072,-0.0006011132955856492,0.0007375561378382599,0.0007375561378382599,0.0,0.0,False,0.0,0.0,-0.0006011132955856492
2014-06-18,0.006344612356983543,0.006344612356983543,0.00725596589749609,-0.0009113535405125472,-0.0009113535405125472,0.0,0.0,False,0.0,0.0,0.00725596589749609
2014-06-19,0.0007014187214242387,0.0007014187214242387,-0.0010311221643515857,0.0017325408857758245,0.0017325408857758245,0.0,0.0,False,0.0,0.0,-0.0010311221643515857
2014-06-20,0.0010395364858851583,0.0010395364858851583,0.0012019914168484515,-0.00016245493096329324,-0.00016245493096329324,0.0,0.0,False,0.0,0.0,0.0012019914168484515
2014-06-23,-0.0005892191780479379,-0.0005892191780479379,-0.0011079171825522803,0.0005186980045043424,0.0005186980045043424,0.0,0.0,False,0.0,0.0,-0.0011079171825522803
2014-06-24,-0.00284424321545239,-0.00284424321545239,-0.0014546761399093402,-0.0013895670755430499,-0.0013895670755430499,0.0,0.0,False,0.0,0.0,-0.0014546761399093402
2014-06-25,0.0021893264951381086,0.0021893264951381086,0.0024308092171423695,-0.00024148272200426096,-0.00024148272200426096,0.0,0.0,False,0.0,0.0,0.0024308092171423695
2014-06-26,-0.0002464784899047347,-0.0002464784899047347,0.0009461754285541508,-0.0011926539184588855,-0.0011926539184588855,0.0,0.0,False,0.0,0.0,0.0009461754285541508
2014-06-27,0.0007565185196818354,0.0007565185196818354,0.0011574514315021208,-0.0004009329118202854,-0.0004009329118202854,0.0,0.0,False,0.0,0.0,0.0011574514315021208
2014-06-30,-0.00046037931737313354,-0.00046037931737313354,3.897427777922477e-05,-0.0004993535951523583,-0.0004993535951523583,0.0,0.0,False,0.0,0.0,3.897427777922477e-05
2014-07-01,0.00542896877034094,0.005238708811954161,0.0031292761828426107,0.0021094326291115502,0.002299692587498329,0.1902599583867784,0.00019025995838677838,True,0.0057336348080480465,5.733634808048047e-06,0.0031235425480345626
2014-07-02,0.0011007822644085374,0.0011007822644085374,-0.0009149404378739389,0.0020157227022824763,0.0020157227022824763,0.0,0.0,False,0.0,0.0,-0.0009149404378739389
2014-07-03,0.0019313978247679055,0.0019313978247679055,0.0019610720689060487,-2.967424413814323e-05,-2.967424413814323e-05,0.0,0.0,False,0.0,0.0,0.0019610720689060487
2014-07-07,-0.004156929465437249,-0.004156929465437249,-0.0020630220885153416,-0.002093907376921907,-0.002093907376921907,0.0,0.0,False,0.0,0.0,-0.0020630220885153416
2014-07-08,-0.005801523286195212,-0.005801523286195212,-0.002571445719558102,-0.00323007756663711,-0.00323007756663711,0.0,0.0,False,0.0,0.0,-0.002571445719558102
2014-07-09,0.002429452639384886,0.002429452639384886,0.0027924467836701063,-0.0003629941442852202,-0.0003629941442852202,0.0,0.0,False,0.0,0.0,0.0027924467836701063
2014-07-10,-0.006137334135914829,-0.006137334135914829,-0.0035864753748136935,-0.0025508587611011357,-0.0025508587611011357,0.0,0.0,False,0.0,0.0,-0.0035864753748136935
2014-07-11,0.0012034766905952995,0.0012034766905952995,0.0014381247754247759,-0.0002346480848294764,-0.0002346480848294764,0.0,0.0,False,0.0,0.0,0.0014381247754247759
2014-07-14,0.004198268465278226,0.004198268465278226,0.002673030995096864,0.0015252374701813622,0.0015252374701813622,0.0,0.0,False,0.0,0.0,0.002673030995096864
2014-07-15,-0.0020036153527788385,-0.0020036153527788385,-0.0019252219780968157,-7.839337468202277e-05,-7.839337468202277e-05,0.0,0.0,False,0.0,0.0,-0.0019252219780968157
2014-07-16,0.0029337445080058573,0.0029337445080058573,0.003069344824897614,-0.0001356003168917568,-0.0001356003168917568,0.0,0.0,False,0.0,0.0,0.003069344824897614
2014-07-17,-0.010510185671493852,-0.010510185671493852,-0.005638595963204271,-0.004871589708289581,-0.004871589708289581,0.0,0.0,False,0.0,0.0,-0.005638595963204271
2014-07-18,0.0075343187167912625,0.0075343187167912625,0.0057786145821832,0.0017557041346080628,0.0017557041346080628,0.0,0.0,False,0.0,0.0,0.0057786145821832
2014-07-21,-0.0024508762173652823,-0.0024508762173652823,-0.0006505401383966326,-0.0018003360789686498,-0.0018003360789686498,0.0,0.0,False,0.0,0.0,-0.0006505401383966326
2014-07-22,0.003470536330012518,0.003470536330012518,0.003788607261739389,-0.00031807093172687116,-0.00031807093172687116,0.0,0.0,False,0.0,0.0,0.003788607261739389
2014-07-23,0.002071915384075882,0.002071915384075882,0.0012152390540094466,0.0008566763300664353,0.0008566763300664353,0.0,0.0,False,0.0,0.0,0.0012152390540094466
2014-07-24,0.0013908381749122892,0.0013908381749122892,-0.0010444550651842832,0.0024352932400965727,0.0024352932400965727,0.0,0.0,False,0.0,0.0,-0.0010444550651842832
2014-07-25,-0.0035636074418843307,-0.0035636074418843307,-0.0009382997381343518,-0.0026253077037499788,-0.0026253077037499788,0.0,0.0,False,0.0,0.0,-0.0009382997381343518
2014-07-28,-0.0007261733873196585,-0.0007261733873196585,0.00014051902982988252,-0.0008666924171495411,-0.0008666924171495411,0.0,0.0,False,0.0,0.0,0.00014051902982988252
2014-07-29,-0.0026234074841502007,-0.0026234074841502007,-0.0014986890199660922,-0.0011247184641841085,-0.0011247184641841085,0.0,0.0,False,0.0,0.0,-0.0014986890199660922
2014-07-30,-0.0017432930515542074,-0.0017432930515542074,-0.003292284805812718,0.0015489917542585107,0.0015489917542585107,0.0,0.0,False,0.0,0.0,-0.003292284805812718
2014-07-31,-0.015121351558192709,-0.015121351558192709,-0.01194748337051837,-0.0031738681876743394,-0.0031738681876743394,0.0,0.0,False,0.0,0.0,-0.01194748337051837
2014-08-01,-0.0034701627658063937,-0.003472761513545748,0.0007025271074395546,-0.004175288620985302,-0.004172689873245948,0.002598747739354116,2.598747739354116e-06,True,0.005930526634328529,5.930526634328529e-06,0.0006965965808052261
2014-08-04,0.005994540628691432,0.005994540628691432,0.004253860838641007,0.0017406797900504246,0.0017406797900504246,0.0,0.0,False,0.0,0.0,0.004253860838641007
2014-08-05,-0.008350178885993783,-0.008350178885993783,-0.006071248846573649,-0.002278930039420134,-0.002278930039420134,0.0,0.0,False,0.0,0.0,-0.006071248846573649
2014-08-06,1.724982694918404e-05,1.724982694918404e-05,-0.0008562409197856771,0.0008734907467348611,0.0008734907467348611,0.0,0.0,False,0.0,0.0,-0.0008562409197856771
2014-08-07,-0.004429472827088779,-0.004429472827088779,-0.0016669106162797256,-0.002762562210809053,-0.002762562210809053,0.0,0.0,False,0.0,0.0,-0.0016669106162797256
2014-08-08,0.006961590496007336,0.006961590496007336,0.005362243312914019,0.0015993471830933166,0.0015993471830933166,0.0,0.0,False,0.0,0.0,0.005362243312914019
2014-08-11,0.0037906895934374397,0.0037906895934374397,0.003148744213917286,0.0006419453795201537,0.0006419453795201537,0.0,0.0,False,0.0,0.0,0.003148744213917286
2014-08-12,-0.0008075719475675938,-0.0008075719475675938,-0.0014588455664412505,0.0006512736188736567,0.0006512736188736567,0.0,0.0,False,0.0,0.0,-0.0014588455664412505
2014-08-13,0.005167836302680732,0.005167836302680732,0.005089731930867095,7.810437181363702e-05,7.810437181363702e-05,0.0,0.0,False,0.0,0.0,0.005089731930867095
2014-08-14,0.004044100188903617,0.004044100188903617,0.0034071584728666273,0.0006369417160369895,0.0006369417160369895,0.0,0.0,False,0.0,0.0,0.0034071584728666273
2014-08-15,0.0002038778534545014,0.0002038778534545014,0.001299161462814578,-0.0010952836093600766,-0.0010952836093600766,0.0,0.0,False,0.0,0.0,0.001299161462814578
2014-08-18,0.006011124701530072,0.006011124701530072,0.003692733967173143,0.0023183907343569295,0.0023183907343569295,0.0,0.0,False,0.0,0.0,0.003692733967173143
2014-08-19,0.002528121610512134,0.002528121610512134,0.002110435488420787,0.00041768612209134703,0.00041768612209134703,0.0,0.0,False,0.0,0.0,0.002110435488420787
2014-08-20,8.935524441980842e-05,8.935524441980842e-05,-0.0010827855207687388,0.0011721407651885472,0.0011721407651885472,0.0,0.0,False,0.0,0.0,-0.0010827855207687388
2014-08-21,0.0024441497237040733,0.0024441497237040733,0.0024007233062326378,4.3426417471435514e-05,4.3426417471435514e-05,0.0,0.0,False,0.0,0.0,0.0024007233062326378
2014-08-22,-0.002929107115212031,-0.002929107115212031,-0.0009564043754578962,-0.001972702739754135,-0.001972702739754135,0.0,0.0,False,0.0,0.0,-0.0009564043754578962
2014-08-25,0.004626669373135522,0.004626669373135522,0.004044950610214638,0.0005817187629208846,0.0005817187629208846,0.0,0.0,False,0.0,0.0,0.004044950610214638
2014-08-26,0.0005087336550550907,0.0005087336550550907,0.0011805642215303139,-0.0006718305664752232,-0.0006718305664752232,0.0,0.0,False,0.0,0.0,0.0011805642215303139
2014-08-27,0.00022396500179556285,0.00022396500179556285,0.0017757710518139275,-0.0015518060500183646,-0.0015518060500183646,0.0,0.0,False,0.0,0.0,0.0017757710518139275
2014-08-28,-0.0021757941962991527,-0.0021757941962991527,-0.0012361796006929325,-0.0009396145956062202,-0.0009396145956062202,0.0,0.0,False,0.0,0.0,-0.0012361796006929325
2014-08-29,0.0010747567423095197,0.0010747567423095197,0.0010919303332770848,-1.7173590967565133e-05,-1.7173590967565133e-05,0.0,0.0,False,0.0,0.0,0.0010919303332770848
2014-09-02,-5.105001715232087e-05,-0.00023037849147755567,-0.002591854104049224,0.0023614756125716683,0.002540804086896903,0.1793284743252348,0.0001793284743252348,True,0.006044293980772705,6.0442939807727054e-06,-0.0025978983980299965
2014-09-03,0.00045622059149105245,0.00045622059149105245,0.002650959364222622,-0.0021947387727315696,-0.0021947387727315696,0.0,0.0,False,0.0,0.0,0.002650959364222622
2014-09-04,-0.0033623923674331313,-0.0033623923674331313,-0.00398097020184279,0.0006185778344096589,0.0006185778344096589,0.0,0.0,False,0.0,0.0,-0.00398097020184279
2014-09-05,0.0019062566576204302,0.0019062566576204302,0.00239097985534347,-0.00048472319772304004,-0.00048472319772304004,0.0,0.0,False,0.0,0.0,0.00239097985534347
2014-09-08,-0.003171156201250581,-0.003171156201250581,-0.0039397447671846945,0.0007685885659341135,0.0007685885659341135,0.0,0.0,False,0.0,0.0,-0.0039397447671846945
2014-09-09,-0.004810422883487762,-0.004810422883487762,-0.005083506153934835,0.0002730832704470731,0.0002730832704470731,0.0,0.0,False,0.0,0.0,-0.005083506153934835
2014-09-10,0.0012065474197946468,0.0012065474197946468,0.0008131521635653253,0.00039339525622932156,0.00039339525622932156,0.0,0.0,False,0.0,0.0,0.0008131521635653253
2014-09-11,-0.0005309611499774042,-0.0005309611499774042,-0.001365952376271893,0.0008349912262944887,0.0008349912262944887,0.0,0.0,False,0.0,0.0,-0.001365952376271893
2014-09-12,-0.005082088093616531,-0.005082088093616531,-0.005548594948611908,0.0004665068549953768,0.0004665068549953768,0.0,0.0,False,0.0,0.0,-0.005548594948611908
2014-09-15,-0.0014369513377678776,-0.0014369513377678776,-0.0011145725816227722,-0.0003223787561451054,-0.0003223787561451054,0.0,0.0,False,0.0,0.0,-0.0011145725816227722
2014-09-16,0.00453705502516456,0.00453705502516456,0.004070190730697662,0.0004668642944668979,0.0004668642944668979,0.0,0.0,False,0.0,0.0,0.004070190730697662
2014-09-17,7.783937718934542e-06,7.783937718934542e-06,-0.00248647060510359,0.0024942545428225243,0.0024942545428225243,0.0,0.0,False,0.0,0.0,-0.00248647060510359
2014-09-18,0.002907346746817719,0.002907346746817719,0.003516014359191175,-0.000608667612373456,-0.000608667612373456,0.0,0.0,False,0.0,0.0,0.003516014359191175
2014-09-19,0.00011863272021295435,0.00011863272021295435,-0.00022550700803608244,0.0003441397282490368,0.0003441397282490368,0.0,0.0,False,0.0,0.0,-0.00022550700803608244
2014-09-22,-0.0043596366853389575,-0.0043596366853389575,-0.0045734474437979095,0.00021381075845895194,0.00021381075845895194,0.0,0.0,False,0.0,0.0,-0.0045734474437979095
2014-09-23,-0.005169024378187172,-0.005169024378187172,-0.0030283141492402858,-0.0021407102289468863,-0.0021407102289468863,0.0,0.0,False,0.0,0.0,-0.0030283141492402858
2014-09-24,0.002187683241958671,0.002187683241958671,0.0037598876112777684,-0.0015722043693190972,-0.0015722043693190972,0.0,0.0,False,0.0,0.0,0.0037598876112777684
2014-09-25,-0.010092198775873387,-0.010092198775873387,-0.008063892807383802,-0.0020283059684895847,-0.0020283059684895847,0.0,0.0,False,0.0,0.0,-0.008063892807383802
2014-09-26,0.003790722671652136,0.003790722671652136,0.0030566079547517393,0.0007341147169003968,0.0007341147169003968,0.0,0.0,False,0.0,0.0,0.0030566079547517393
2014-09-29,-0.0028889013490097865,-0.0028889013490097865,-0.002941333448692979,5.2432099683192516e-05,5.2432099683192516e-05,0.0,0.0,False,0.0,0.0,-0.002941333448692979
2014-09-30,0.0008209366818617257,0.0008209366818617257,-0.001900153627444323,0.0027210903093060484,0.0027210903093060484,0.0,0.0,False,0.0,0.0,-0.001900153627444323
2014-10-01,-0.004362461305928896,-0.004596478331699627,-0.0050377164199138956,0.0004412380882142684,0.0006752551139849999,0.23401702577073125,0.00023401702577073124,True,0.008877771206000296,8.877771206000296e-06,-0.005046594191119896
2014-10-02,-0.001404125440912315,-0.001404125440912315,-0.001609099865692383,0.00020497442478006802,0.00020497442478006802,0.0,0.0,False,0.0,0.0,-0.001609099865692383
2014-10-03,0.0053155891471804665,0.0053155891471804665,0.005099493017234994,0.0002160961299454726,0.0002160961299454726,0.0,0.0,False,0.0,0.0,0.005099493017234994
2014-10-06,0.0009212658395553815,0.0009212658395553815,0.0018933789715696258,-0.0009721131320142443,-0.0009721131320142443,0.0,0.0,False,0.0,0.0,0.0018933789715696258
2014-10-07,-0.007308197751241246,-0.007308197751241246,-0.006411736344080798,-0.000896461407160448,-0.000896461407160448,0.0,0.0,False,0.0,0.0,-0.006411736344080798
2014-10-08,0.01100957015861718,0.01100957015861718,0.011443112701746555,-0.0004335425431293751,-0.0004335425431293751,0.0,0.0,False,0.0,0.0,0.011443112701746555
2014-10-09,-0.014071092290280697,-0.014071092290280697,-0.013959211256542267,-0.00011188103373842989,-0.00011188103373842989,0.0,0.0,False,0.0,0.0,-0.013959211256542267
2014-10-10,-0.0071099566246288414,-0.0071099566246288414,-0.0068891505144513905,-0.00022080611017745097,-0.00022080611017745097,0.0,0.0,False,0.0,0.0,-0.0068891505144513905
2014-10-13,-0.005623608990525756,-0.005623608990525756,-0.0024235602292227696,-0.003200048761302986,-0.003200048761302986,0.0,0.0,False,0.0,0.0,-0.0024235602292227696
2014-10-14,0.002199294666897828,0.002199294666897828,0.003073023018184774,-0.000873728351286946,-0.000873728351286946,0.0,0.0,False,0.0,0.0,0.003073023018184774
2014-10-15,-0.002916175912261918,-0.002916175912261918,-0.0018820868314421365,-0.0010340890808197814,-0.0010340890808197814,0.0,0.0,False,0.0,0.0,-0.0018820868314421365
2014-10-16,-0.0017442360998739818,-0.0017442360998739818,-0.0031894654234527987,0.0014452293235788169,0.0014452293235788169,0.0,0.0,False,0.0,0.0,-0.0031894654234527987
2014-10-17,0.007904715058493647,0.007904715058493647,0.006047356757557359,0.001857358300936288,0.001857358300936288,0.0,0.0,False,0.0,0.0,0.006047356757557359
2014-10-20,0.005964979407863031,0.005964979407863031,0.005375496641643583,0.0005894827662194478,0.0005894827662194478,0.0,0.0,False,0.0,0.0,0.005375496641643583
2014-10-21,0.00956760268614894,0.00956760268614894,0.007674831589366925,0.0018927710967820144,0.0018927710967820144,0.0,0.0,False,0.0,0.0,0.007674831589366925
2014-10-22,-0.005111192301102218,-0.005111192301102218,-0.0047879383026836414,-0.0003232539984185769,-0.0003232539984185769,0.0,0.0,False,0.0,0.0,-0.0047879383026836414
2014-10-23,0.004741207018515141,0.004741207018515141,0.004068647517403627,0.0006725595011115139,0.0006725595011115139,0.0,0.0,False,0.0,0.0,0.004068647517403627
2014-10-24,0.004068851233277422,0.004068851233277422,0.004161082956308362,-9.223172303094058e-05,-9.223172303094058e-05,0.0,0.0,False,0.0,0.0,0.004161082956308362
2014-10-27,-0.0014863104285076207,-0.0014863104285076207,-0.0015253553235237828,3.904489501616211e-05,3.904489501616211e-05,0.0,0.0,False,0.0,0.0,-0.0015253553235237828
2014-10-28,0.005383635257489079,0.005383635257489079,0.0077020400506563474,-0.0023184047931672684,-0.0023184047931672684,0.0,0.0,False,0.0,0.0,0.0077020400506563474
2014-10-29,-0.002477054044604898,-0.002477054044604898,-0.002378953648766,-9.810039583889795e-05,-9.810039583889795e-05,0.0,0.0,False,0.0,0.0,-0.002378953648766
2014-10-30,0.0035444140889205862,0.0035444140889205862,0.004697425629840219,-0.0011530115409196327,-0.0011530115409196327,0.0,0.0,False,0.0,0.0,0.004697425629840219
2014-10-31,0.006961795146256516,0.006961795146256516,0.006829635097588294,0.00013216004866822232,0.00013216004866822232,0.0,0.0,False,0.0,0.0,0.006829635097588294
2014-11-03,-0.0019282152687711217,-0.0020712264130974094,-0.00241311995387844,0.00034189354078103043,0.0004849046851073181,0.1430111443262877,0.0001430111443262877,True,0.004602882623748989,4.6028826237489895e-06,-0.002417722836502189
2014-11-04,-0.001632184526162642,-0.001632184526162642,-0.0016759025290757465,4.3718002913104535e-05,4.3718002913104535e-05,0.0,0.0,False,0.0,0.0,-0.0016759025290757465
2014-11-05,0.0019042420704340308,0.0019042420704340308,0.0010960463866473914,0.0008081956837866393,0.0008081956837866393,0.0,0.0,False,0.0,0.0,0.0010960463866473914
2014-11-06,-0.0009326762875088798,-0.0009326762875088798,-0.0019818626416291934,0.0010491863541203135,0.0010491863541203135,0.0,0.0,False,0.0,0.0,-0.0019818626416291934
2014-11-07,0.003514351342292587,0.003514351342292587,0.0038612821151416715,-0.0003469307728490847,-0.0003469307728490847,0.0,0.0,False,0.0,0.0,0.0038612821151416715
2014-11-10,-0.0005267983626796025,-0.0005267983626796025,8.00352651128091e-05,-0.0006068336277924116,-0.0006068336277924116,0.0,0.0,False,0.0,0.0,8.00352651128091e-05
2014-11-11,0.0012811053385963617,0.0012811053385963617,0.0011694180060407096,0.00011168733255565214,0.00011168733255565214,0.0,0.0,False,0.0,0.0,0.0011694180060407096
2014-11-12,-0.0018124887085738538,-0.0018124887085738538,-0.0016870156166991451,-0.00012547309187470866,-0.00012547309187470866,0.0,0.0,False,0.0,0.0,-0.0016870156166991451
2014-11-13,0.0009943644589318964,0.0009943644589318964,0.0006348515198918749,0.0003595129390400215,0.0003595129390400215,0.0,0.0,False,0.0,0.0,0.0006348515198918749
2014-11-14,0.0010461355592539835,0.0010461355592539835,0.0018565146544012273,-0.0008103790951472438,-0.0008103790951472438,0.0,0.0,False,0.0,0.0,0.0018565146544012273
2014-11-17,-0.0013809205350205616,-0.0013809205350205616,-0.0025585464575815725,0.001177625922561011,0.001177625922561011,0.0,0.0,False,0.0,0.0,-0.0025585464575815725
2014-11-18,0.004226804785370796,0.004226804785370796,0.0046847381403814356,-0.0004579333550106396,-0.0004579333550106396,0.0,0.0,False,0.0,0.0,0.0046847381403814356
2014-11-19,-0.0032595585279389227,-0.0032595585279389227,-0.003154151308329924,-0.00010540721960899859,-0.00010540721960899859,0.0,0.0,False,0.0,0.0,-0.003154151308329924
2014-11-20,0.0012491401403628062,0.0012491401403628062,0.0012217242850911503,2.7415855271655833e-05,2.7415855271655833e-05,0.0,0.0,False,0.0,0.0,0.0012217242850911503
2014-11-21,0.0050518000813999375,0.0050518000813999375,0.00743236098849724,-0.002380560907097302,-0.002380560907097302,0.0,0.0,False,0.0,0.0,0.00743236098849724
2014-11-24,0.0026310245316942247,0.0026310245316942247,0.0019900884253961,0.0006409361062981248,0.0006409361062981248,0.0,0.0,False,0.0,0.0,0.0019900884253961
2014-11-25,0.0018428574797086273,0.0018428574797086273,0.0009817526585841002,0.000861104821124527,0.000861104821124527,0.0,0.0,False,0.0,0.0,0.0009817526585841002
2014-11-26,0.002955192386739148,0.002955192386739148,0.0037551207260325013,-0.0007999283392933535,-0.0007999283392933535,0.0,0.0,False,0.0,0.0,0.0037551207260325013
2014-11-28,-0.0005672511321519686,-0.0005672511321519686,-0.003010633775354241,0.0024433826432022723,0.0024433826432022723,0.0,0.0,False,0.0,0.0,-0.003010633775354241
2014-12-01,-0.004310316573911562,-0.004454466653308239,-0.006018254642189002,0.0015637879888807634,0.0017079380682774401,0.14415007939667637,0.00014415007939667636,True,0.00548254151547058,5.48254151547058e-06,-0.006023737183704473
2014-12-02,0.0004360225304160642,0.0004360225304160642,0.0005464814360554291,-0.0001104589056393649,-0.0001104589056393649,0.0,0.0,False,0.0,0.0,0.0005464814360554291
2014-12-03,0.0016113390781076708,0.0016113390781076708,0.0021456519513201044,-0.0005343128732124337,-0.0005343128732124337,0.0,0.0,False,0.0,0.0,0.0021456519513201044
2014-12-04,0.00028978024750991887,0.00028978024750991887,0.00045396092037229926,-0.00016418067286238039,-0.00016418067286238039,0.0,0.0,False,0.0,0.0,0.00045396092037229926
2014-12-05,-0.001258374493479689,-0.001258374493479689,-0.0010153553161631852,-0.00024301917731650385,-0.00024301917731650385,0.0,0.0,False,0.0,0.0,-0.0010153553161631852
2014-12-08,-0.0009392323524192086,-0.0009392323524192086,-0.0034469746863350216,0.002507742333915813,0.002507742333915813,0.0,0.0,False,0.0,0.0,-0.0034469746863350216
2014-12-09,-0.00012381845094401866,-0.00012381845094401866,3.921124610450563e-05,-0.0001630296970485243,-0.0001630296970485243,0.0,0.0,False,0.0,0.0,3.921124610450563e-05
2014-12-10,-0.007461808045283458,-0.007461808045283458,-0.0079996681527604,0.0005378601074769417,0.0005378601074769417,0.0,0.0,False,0.0,0.0,-0.0079996681527604
2014-12-11,0.0015838530585988678,0.0015838530585988678,0.0004309903123938188,0.001152862746205049,0.001152862746205049,0.0,0.0,False,0.0,0.0,0.0004309903123938188
2014-12-12,-0.008204507056066592,-0.008204507056066592,-0.0072743081331822276,-0.0009301989228843646,-0.0009301989228843646,0.0,0.0,False,0.0,0.0,-0.0072743081331822276
2014-12-15,-0.005416377849873123,-0.005416377849873123,-0.006829342235799382,0.001412964385926259,0.001412964385926259,0.0,0.0,False,0.0,0.0,-0.006829342235799382
2014-12-16,-0.0012588618771653239,-0.0012588618771653239,8.752856397363555e-05,-0.0013463904411389594,-0.0013463904411389594,0.0,0.0,False,0.0,0.0,8.752856397363555e-05
2014-12-17,0.010275720537818101,0.010275720537818101,0.009337333645043104,0.0009383868927749974,0.0009383868927749974,0.0,0.0,False,0.0,0.0,0.009337333645043104
2014-12-18,0.011391495105524969,0.011391495105524969,0.010092638562717032,0.0012988565428079368,0.0012988565428079368,0.0,0.0,False,0.0,0.0,0.010092638562717032
2014-12-19,0.0021847295899948705,0.0021847295899948705,0.003641585150247234,-0.0014568555602523636,-0.0014568555602523636,0.0,0.0,False,0.0,0.0,0.003641585150247234
2014-12-22,0.0050902731731048275,0.0050902731731048275,0.0043316362296909085,0.0007586369434139191,0.0007586369434139191,0.0,0.0,False,0.0,0.0,0.0043316362296909085
2014-12-23,-0.003957945889857084,-0.003957945889857084,-0.004712397543385444,0.0007544516535283605,0.0007544516535283605,0.0,0.0,False,0.0,0.0,-0.004712397543385444
2014-12-24,0.001751271956295171,0.001751271956295171,0.0019715613625549125,-0.00022028940625974137,-0.00022028940625974137,0.0,0.0,False,0.0,0.0,0.0019715613625549125
2014-12-26,0.002319282319410394,0.002319282319410394,0.0030267785799229013,-0.0007074962605125071,-0.0007074962605125071,0.0,0.0,False,0.0,0.0,0.0030267785799229013
2014-12-29,0.0009007740531223431,0.0009007740531223431,0.00032608731298736847,0.0005746867401349746,0.0005746867401349746,0.0,0.0,False,0.0,0.0,0.00032608731298736847
2014-12-30,-0.0029629534343094846,-0.0029629534343094846,-0.0026006673121372293,-0.00036228612217225524,-0.00036228612217225524,0.0,0.0,False,0.0,0.0,-0.0026006673121372293
2014-12-31,-0.005689635980281799,-0.005689635980281799,-0.0037230480258935664,-0.001966587954388232,-0.001966587954388232,0.0,0.0,False,0.0,0.0,-0.0037230480258935664
2015-01-02,0.002282153985150868,0.0022763819940609313,-0.0003111927839571484,0.0025875747780180797,0.0025933467691080163,0.005771991089936512,5.771991089936512e-06,True,0.008161055402220698,8.161055402220699e-06,-0.0003193538393593691
2015-01-05,-0.007314076475648039,-0.007314076475648039,-0.008727770919780074,0.001413694444132035,0.001413694444132035,0.0,0.0,False,0.0,0.0,-0.008727770919780074
2015-01-06,-0.001712875063574955,-0.001712875063574955,-0.0028069106632001685,0.0010940355996252136,0.0010940355996252136,0.0,0.0,False,0.0,0.0,-0.0028069106632001685
2015-01-07,0.007785103932593183,0.007785103932593183,0.008072904698355154,-0.0002878007657619707,-0.0002878007657619707,0.0,0.0,False,0.0,0.0,0.008072904698355154
2015-01-08,0.006716802761175577,0.006716802761175577,0.0077381813841483635,-0.001021378622972787,-0.001021378622972787,0.0,0.0,False,0.0,0.0,0.0077381813841483635
2015-01-09,-0.0019983017612690054,-0.0019983017612690054,-0.0019570427556342817,-4.125900563472368e-05,-4.125900563472368e-05,0.0,0.0,False,0.0,0.0,-0.0019570427556342817
2015-01-12,-0.0013849540549664648,-0.0013849540549664648,-0.0023498043098828495,0.0009648502549163846,0.0009648502549163846,0.0,0.0,False,0.0,0.0,-0.0023498043098828495
2015-01-13,-4.846182351229814e-06,-4.846182351229814e-06,0.001138049894352092,-0.0011428960767033219,-0.0011428960767033219,0.0,0.0,False,0.0,0.0,0.001138049894352092
2015-01-14,-0.0006777535292744095,-0.0006777535292744095,-0.0013507724150016768,0.0006730188857272673,0.0006730188857272673,0.0,0.0,False,0.0,0.0,-0.0013507724150016768
2015-01-15,0.0007781292977299885,0.0007781292977299885,0.0010336422637852402,-0.0002555129660552517,-0.0002555129660552517,0.0,0.0,False,0.0,0.0,0.0010336422637852402
2015-01-16,0.004621383081877837,0.004621383081877837,0.004287022049277945,0.00033436103259989157,0.00033436103259989157,0.0,0.0,False,0.0,0.0,0.004287022049277945
2015-01-20,0.002039454171920908,0.002039454171920908,0.0023034562622012054,-0.0002640020902802973,-0.0002640020902802973,0.0,0.0,False,0.0,0.0,0.0023034562622012054
2015-01-21,0.002125832149765452,0.002125832149765452,0.0030469509757182407,-0.0009211188259527887,-0.0009211188259527887,0.0,0.0,False,0.0,0.0,0.0030469509757182407
2015-01-22,0.006994645438563727,0.006994645438563727,0.007074860634773883,-8.021519621015643e-05,-8.021519621015643e-05,0.0,0.0,False,0.0,0.0,0.007074860634773883
2015-01-23,-0.00028812374905463336,-0.00028812374905463336,-0.00036220178958755944,7.407804053292607e-05,7.407804053292607e-05,0.0,0.0,False,0.0,0.0,-0.00036220178958755944
2015-01-26,0.003522962182505903,0.003522962182505903,0.0025832887745488725,0.0009396734079570304,0.0009396734079570304,0.0,0.0,False,0.0,0.0,0.0025832887745488725
2015-01-27,-0.0039039019322832636,-0.0039039019322832636,-0.003974894151362166,7.099221907890278e-05,7.099221907890278e-05,0.0,0.0,False,0.0,0.0,-0.003974894151362166
2015-01-28,-0.004126178222774997,-0.004126178222774997,-0.004473575523559454,0.0003473973007844574,0.0003473973007844574,0.0,0.0,False,0.0,0.0,-0.004473575523559454
2015-01-29,0.004421412443307325,0.004421412443307325,0.003943783959280877,0.00047762848402644817,0.00047762848402644817,0.0,0.0,False,0.0,0.0,0.003943783959280877
2015-01-30,-0.004894556867239292,-0.004894556867239292,-0.005885527903752982,0.0009909710365136899,0.0009909710365136899,0.0,0.0,False,0.0,0.0,-0.005885527903752982
2015-02-02,0.005698015356398134,0.005522651635419562,0.007481130766657162,-0.0019584791312375997,-0.0017831154102590282,0.17536372097857122,0.00017536372097857122,True,0.015458048919073084,1.5458048919073084e-05,0.007465672717738089
2015-02-03,0.0048791444129056534,0.0048791444129056534,0.005647175051389232,-0.0007680306384835788,-0.0007680306384835788,0.0,0.0,False,0.0,0.0,0.005647175051389232
2015-02-04,-0.0017677350237317122,-0.0017677350237317122,-0.0025011432210920257,0.0007334081973603135,0.0007334081973603135,0.0,0.0,False,0.0,0.0,-0.0025011432210920257
2015-02-05,0.0051260885568508874,0.0051260885568508874,0.004697317574373298,0.00042877098247758906,0.00042877098247758906,0.0,0.0,False,0.0,0.0,0.004697317574373298
2015-02-06,-0.00819786867899973,-0.00819786867899973,-0.009097161232572131,0.0008992925535724009,0.0008992925535724009,0.0,0.0,False,0.0,0.0,-0.009097161232572131
2015-02-09,-0.0033825197303403564,-0.0033825197303403564,-0.002735992532451648,-0.0006465271978887085,-0.0006465271978887085,0.0,0.0,False,0.0,0.0,-0.002735992532451648
2015-02-10,0.0038367805834575225,0.0038367805834575225,0.003469150547653401,0.00036763003580412125,0.00036763003580412125,0.0,0.0,False,0.0,0.0,0.003469150547653401
2015-02-11,2.8967931163055105e-05,2.8967931163055105e-05,-0.0013484440065317464,0.0013774119376948014,0.0013774119376948014,0.0,0.0,False,0.0,0.0,-0.0013484440065317464
2015-02-12,0.007101865791713574,0.007101865791713574,0.008357486956730976,-0.0012556211650174027,-0.0012556211650174027,0.0,0.0,False,0.0,0.0,0.008357486956730976
2015-02-13,6.966338837607796e-05,6.966338837607796e-05,0.0020670049177453744,-0.0019973415293692964,-0.0019973415293692964,0.0,0.0,False,0.0,0.0,0.0020670049177453744
2015-02-17,-0.001381131816747341,-0.001381131816747341,-0.0019281627341628013,0.0005470309174154602,0.0005470309174154602,0.0,0.0,False,0.0,0.0,-0.0019281627341628013
2015-02-18,0.002496456867890987,0.002496456867890987,0.00267201531645295,-0.00017555844856196288,-0.00017555844856196288,0.0,0.0,False,0.0,0.0,0.00267201531645295
2015-02-19,-0.0024876336013326047,-0.0024876336013326047,-0.0012574903499548472,-0.0012301432513777575,-0.0012301432513777575,0.0,0.0,False,0.0,0.0,-0.0012574903499548472
2015-02-20,0.004104495759135286,0.004104495759135286,0.0043758054398104675,-0.0002713096806751811,-0.0002713096806751811,0.0,0.0,False,0.0,0.0,0.0043758054398104675
2015-02-23,0.002467260019701147,0.002467260019701147,0.0002974360266540119,0.0021698239930471354,0.0021698239930471354,0.0,0.0,False,0.0,0.0,0.0002974360266540119
2015-02-24,0.0023304487070747925,0.0023304487070747925,0.0061677421379862886,-0.003837293430911496,-0.003837293430911496,0.0,0.0,False,0.0,0.0,0.0061677421379862886
2015-02-25,0.0004046836860162238,0.0004046836860162238,0.00021933054475901134,0.00018535314125721244,0.00018535314125721244,0.0,0.0,False,0.0,0.0,0.00021933054475901134
2015-02-26,-0.003208647069311493,-0.003208647069311493,-0.003119617457227703,-8.902961208378992e-05,-8.902961208378992e-05,0.0,0.0,False,0.0,0.0,-0.003119617457227703
2015-02-27,-0.0002959478108529373,-0.0002959478108529373,5.48033385503616e-05,-0.00035075114940329887,-0.00035075114940329887,0.0,0.0,False,0.0,0.0,5.48033385503616e-05
2015-03-02,0.00048346243597911906,0.00041761793390453526,-0.0013801460312637013,0.0017977639651682365,0.0018636084672428205,0.0658445020745838,6.58445020745838e-05,True,0.01913396048828423,1.913396048828423e-05,-0.0013992799917519855
2015-03-03,-0.002878157003434854,-0.002878157003434854,-0.003916999224452272,0.0010388422210174178,0.0010388422210174178,0.0,0.0,False,0.0,0.0,-0.003916999224452272
2015-03-04,-0.003039127447335969,-0.003039127447335969,-0.0030522710444827487,1.3143597146779689e-05,1.3143597146779689e-05,0.0,0.0,False,0.0,0.0,-0.0030522710444827487
2015-03-05,0.001608872827437853,0.001608872827437853,0.0009278220104746375,0.0006810508169632155,0.0006810508169632155,0.0,0.0,False,0.0,0.0,0.0009278220104746375
2015-03-06,-0.014169793450524649,-0.014169793450524649,-0.013157966688032138,-0.0010118267624925105,-0.0010118267624925105,0.0,0.0,False,0.0,0.0,-0.013157966688032138
2015-03-09,0.004503111346744687,0.004503111346744687,0.0033164238423734607,0.0011866875043712267,0.0011866875043712267,0.0,0.0,False,0.0,0.0,0.0033164238423734607
2015-03-10,-0.006843558886688545,-0.006843558886688545,-0.009174432965402633,0.0023308740787140875,0.0023308740787140875,0.0,0.0,False,0.0,0.0,-0.009174432965402633
2015-03-11,0.0021332169736904627,0.0021332169736904627,0.002219600141325146,-8.638316763468325e-05,-8.638316763468325e-05,0.0,0.0,False,0.0,0.0,0.002219600141325146
2015-03-12,0.008317507704279564,0.008317507704279564,0.007082493388474983,0.0012350143158045808,0.0012350143158045808,0.0,0.0,False,0.0,0.0,0.007082493388474983
2015-03-13,-0.003830878882412566,-0.003830878882412566,-0.0049474788644601735,0.0011165999820476075,0.0011165999820476075,0.0,0.0,False,0.0,0.0,-0.0049474788644601735
2015-03-16,0.007041619522888797,0.007041619522888797,0.008470198776666396,-0.001428579253777599,-0.001428579253777599,0.0,0.0,False,0.0,0.0,0.008470198776666396
2015-03-17,4.7008487451812605e-05,4.7008487451812605e-05,0.0010684149846100928,-0.0010214064971582801,-0.0010214064971582801,0.0,0.0,False,0.0,0.0,0.0010684149846100928
2015-03-18,0.012244335938019959,0.012244335938019959,0.014720554790568479,-0.00247621885254852,-0.00247621885254852,0.0,0.0,False,0.0,0.0,0.014720554790568479
2015-03-19,-0.0033306719389181436,-0.0033306719389181436,-0.0066510088274089755,0.003320336888490832,0.003320336888490832,0.0,0.0,False,0.0,0.0,-0.0066510088274089755
2015-03-20,0.007975990464482191,0.007975990464482191,0.009352954824983236,-0.0013769643605010453,-0.0013769643605010453,0.0,0.0,False,0.0,0.0,0.009352954824983236
2015-03-23,-7.39723583617613e-05,-7.39723583617613e-05,0.0009636134523725467,-0.001037585810734308,-0.001037585810734308,0.0,0.0,False,0.0,0.0,0.0009636134523725467
2015-03-24,-0.0021142558359652274,-0.0021142558359652274,-0.00030095042700932614,-0.0018133054089559011,-0.0018133054089559011,0.0,0.0,False,0.0,0.0,-0.00030095042700932614
2015-03-25,-0.011914049401123073,-0.011914049401123073,-0.009640509510439129,-0.0022735398906839448,-0.0022735398906839448,0.0,0.0,False,0.0,0.0,-0.009640509510439129
2015-03-26,-0.003953503134023658,-0.003953503134023658,-0.00586474579642385,0.0019112426624001916,0.0019112426624001916,0.0,0.0,False,0.0,0.0,-0.00586474579642385
2015-03-27,0.0035323431406715216,0.0035323431406715216,0.0036884015780240345,-0.00015605843735251286,-0.00015605843735251286,0.0,0.0,False,0.0,0.0,0.0036884015780240345
2015-03-30,0.00831761659254808,0.00831761659254808,0.006262733643652693,0.002054882948895387,0.002054882948895387,0.0,0.0,False,0.0,0.0,0.006262733643652693
2015-03-31,-0.0035981803987839432,-0.0035981803987839432,-0.004416192998383835,0.0008180125995998918,0.0008180125995998918,0.0,0.0,False,0.0,0.0,-0.004416192998383835
2015-04-01,0.0004991084391715929,0.00040403766910174335,0.003320200470155943,-0.0029161628010541995,-0.00282109203098435,0.09507077006984957,9.507077006984956e-05,True,0.005675988699185626,5.675988699185626e-06,0.0033145244814567574
2015-04-02,0.000572359417189342,0.000572359417189342,0.002631293312502763,-0.0020589338953134213,-0.0020589338953134213,0.0,0.0,False,0.0,0.0,0.002631293312502763
2015-04-06,0.003702745141247005,0.003702745141247005,0.005249837674456818,-0.001547092533209813,-0.001547092533209813,0.0,0.0,False,0.0,0.0,0.005249837674456818
2015-04-07,-0.0005736399219880167,-0.0005736399219880167,-0.0007182656807369512,0.00014462575874893456,0.00014462575874893456,0.0,0.0,False,0.0,0.0,-0.0007182656807369512
2015-04-08,0.0023090908768930185,0.0023090908768930185,0.0040088565459704935,-0.001699765669077475,-0.001699765669077475,0.0,0.0,False,0.0,0.0,0.0040088565459704935
2015-04-09,-0.0013673424267362205,-0.0013673424267362205,0.00017917290219661257,-0.001546515328932833,-0.001546515328932833,0.0,0.0,False,0.0,0.0,0.00017917290219661257
2015-04-10,0.003139966585582898,0.003139966585582898,0.002467642937073024,0.0006723236485098737,0.0006723236485098737,0.0,0.0,False,0.0,0.0,0.002467642937073024
2015-04-13,-0.0013274947995580485,-0.0013274947995580485,-0.002484146573337988,0.0011566517737799397,0.0011566517737799397,0.0,0.0,False,0.0,0.0,-0.002484146573337988
2015-04-14,0.00184822692070935,0.00184822692070935,0.0034277700405710857,-0.0015795431198617356,-0.0015795431198617356,0.0,0.0,False,0.0,0.0,0.0034277700405710857
2015-04-15,0.0030076887093726514,0.0030076887093726514,0.003276660839225551,-0.0002689721298528994,-0.0002689721298528994,0.0,0.0,False,0.0,0.0,0.003276660839225551
2015-04-16,-0.00028679297438144436,-0.00028679297438144436,0.0009445111187840126,-0.001231304093165457,-0.001231304093165457,0.0,0.0,False,0.0,0.0,0.0009445111187840126
2015-04-17,-0.005441004996705395,-0.005441004996705395,-0.00666272255673726,0.0012217175600318653,0.0012217175600318653,0.0,0.0,False,0.0,0.0,-0.00666272255673726
2015-04-20,0.003673608880634715,0.003673608880634715,0.0021097600654012222,0.0015638488152334928,0.0015638488152334928,0.0,0.0,False,0.0,0.0,0.0021097600654012222
2015-04-21,-0.0009660198831474052,-0.0009660198831474052,0.0008823323662163782,-0.0018483522493637832,-0.0018483522493637832,0.0,0.0,False,0.0,0.0,0.0008823323662163782
2015-04-22,-0.001092433566281814,-0.001092433566281814,0.00012147753388565502,-0.0012139111001674692,-0.0012139111001674692,0.0,0.0,False,0.0,0.0,0.00012147753388565502
2015-04-23,0.00293024538031983,0.00293024538031983,0.0035187308576548524,-0.0005884854773350223,-0.0005884854773350223,0.0,0.0,False,0.0,0.0,0.0035187308576548524
2015-04-24,0.0014298535803000999,0.0014298535803000999,0.003077675516711147,-0.0016478219364110473,-0.0016478219364110473,0.0,0.0,False,0.0,0.0,0.003077675516711147
2015-04-27,-0.003714662077669984,-0.003714662077669984,-0.0010413415297816832,-0.0026733205478883006,-0.0026733205478883006,0.0,0.0,False,0.0,0.0,-0.0010413415297816832
2015-04-28,-0.0006937157697071495,-0.0006937157697071495,-0.0008627842644984115,0.00016906849479126197,0.00016906849479126197,0.0,0.0,False,0.0,0.0,-0.0008627842644984115
2015-04-29,-0.006575245368011187,-0.006575245368011187,-0.006968915235251895,0.0003936698672407082,0.0003936698672407082,0.0,0.0,False,0.0,0.0,-0.006968915235251895
2015-04-30,-0.006691927210198754,-0.006691927210198754,-0.007153615826794439,0.00046168861659568513,0.00046168861659568513,0.0,0.0,False,0.0,0.0,-0.007153615826794439
2015-05-01,0.002141079011417751,0.0021329940789119933,0.0032594516102188937,-0.0011264575313069004,-0.0011183725988011426,0.008084932505757892,8.084932505757891e-06,True,0.010102546824464105,1.0102546824464104e-05,0.0032493490633944294
2015-05-04,0.00019417162987084882,0.00019417162987084882,0.00011784815608911157,7.632347378173725e-05,7.632347378173725e-05,0.0,0.0,False,0.0,0.0,0.00011784815608911157
2015-05-05,-0.006926681540247767,-0.006926681540247767,-0.008104263338604792,0.001177581798357025,0.001177581798357025,0.0,0.0,False,0.0,0.0,-0.008104263338604792
2015-05-06,-0.003076526988645598,-0.003076526988645598,-0.004381231441556042,0.0013047044529104438,0.0013047044529104438,0.0,0.0,False,0.0,0.0,-0.004381231441556042
2015-05-07,0.003995003127002664,0.003995003127002664,0.002846315330709265,0.001148687796293399,0.001148687796293399,0.0,0.0,False,0.0,0.0,0.002846315330709265
2015-05-08,0.008364995048258063,0.008364995048258063,0.010859077348654394,-0.002494082300396331,-0.002494082300396331,0.0,0.0,False,0.0,0.0,0.010859077348654394
2015-05-11,-0.006452723946160329,-0.006452723946160329,-0.008320131753158396,0.001867407806998067,0.001867407806998067,0.0,0.0,False,0.0,0.0,-0.008320131753158396
2015-05-12,-0.0017342309773236745,-0.0017342309773236745,-0.0013603655958964451,-0.00037386538142722935,-0.00037386538142722935,0.0,0.0,False,0.0,0.0,-0.0013603655958964451
2015-05-13,-0.0004407561283283168,-0.0004407561283283168,0.0005943179299332213,-0.0010350740582615381,-0.0010350740582615381,0.0,0.0,False,0.0,0.0,0.0005943179299332213
2015-05-14,0.007062001483689164,0.007062001483689164,0.007830191131805976,-0.0007681896481168118,-0.0007681896481168118,0.0,0.0,False,0.0,0.0,0.007830191131805976
2015-05-15,0.003581973041051328,0.003581973041051328,0.004603360192142298,-0.0010213871510909695,-0.0010213871510909695,0.0,0.0,False,0.0,0.0,0.004603360192142298
2015-05-18,-0.0006364951141736611,-0.0006364951141736611,-0.0032857279454463068,0.002649232831272646,0.002649232831272646,0.0,0.0,False,0.0,0.0,-0.0032857279454463068
2015-05-19,-0.0027776167608477816,-0.0027776167608477816,-0.0026693520149060567,-0.0001082647459417249,-0.0001082647459417249,0.0,0.0,False,0.0,0.0,-0.0026693520149060567
2015-05-20,0.0007638027689556035,0.0007638027689556035,0.0007845840973537065,-2.078132839810308e-05,-2.078132839810308e-05,0.0,0.0,False,0.0,0.0,0.0007845840973537065
2015-05-21,0.0033088396575249256,0.0033088396575249256,0.0038228556570763144,-0.0005140159995513888,-0.0005140159995513888,0.0,0.0,False,0.0,0.0,0.0038228556570763144
2015-05-22,-0.002108542763482776,-0.002108542763482776,-0.0021363936722265274,2.7850908743751526e-05,2.7850908743751526e-05,0.0,0.0,False,0.0,0.0,-0.0021363936722265274
2015-05-26,-0.003009636053703365,-0.003009636053703365,-0.005399741624856137,0.002390105571152772,0.002390105571152772,0.0,0.0,False,0.0,0.0,-0.005399741624856137
2015-05-27,0.005605177429366306,0.005605177429366306,0.005146511301698135,0.0004586661276681711,0.0004586661276681711,0.0,0.0,False,0.0,0.0,0.005146511301698135
2015-05-28,-0.001126327812816682,-0.001126327812816682,-0.0021820437028198894,0.0010557158900032075,0.0010557158900032075,0.0,0.0,False,0.0,0.0,-0.0021820437028198894
2015-05-29,-0.002961768113887973,-0.002961768113887973,-0.004318247622956349,0.0013564795090683758,0.0013564795090683758,0.0,0.0,False,0.0,0.0,-0.004318247622956349
2015-06-01,-0.0010818183034166649,-0.001288653299669318,-0.00228637162138941,0.000997718321720092,0.0012045533179727453,0.2068349962526532,0.0002068349962526532,True,0.006552608715922208,6.552608715922209e-06,-0.0022929242301053324
2015-06-02,-0.0031555835508391733,-0.0031555835508391733,-0.001958807551743779,-0.0011967759990953943,-0.0011967759990953943,0.0,0.0,False,0.0,0.0,-0.001958807551743779
2015-06-03,-0.001259491845619458,-0.001259491845619458,-0.0018134404797264245,0.0005539486341069664,0.0005539486341069664,0.0,0.0,False,0.0,0.0,-0.0018134404797264245
2015-06-04,-0.002275944688943385,-0.002275944688943385,-0.003860273869365163,0.001584329180421778,0.001584329180421778,0.0,0.0,False,0.0,0.0,-0.003860273869365163
2015-06-05,-0.0026038315228193954,-0.0026038315228193954,-0.00518171577577073,0.0025778842529513343,0.0025778842529513343,0.0,0.0,False,0.0,0.0,-0.00518171577577073
2015-06-08,-0.0025307763320979297,-0.0025307763320979297,-0.0022008069343951433,-0.00032996939770278634,-0.00032996939770278634,0.0,0.0,False,0.0,0.0,-0.0022008069343951433
2015-06-09,-0.0022971326361481935,-0.0022971326361481935,-0.0033251526243956854,0.001028019988247492,0.001028019988247492,0.0,0.0,False,0.0,0.0,-0.0033251526243956854
2015-06-10,0.004588242899819527,0.004588242899819527,0.007260012125852913,-0.0026717692260333856,-0.0026717692260333856,0.0,0.0,False,0.0,0.0,0.007260012125852913
2015-06-11,0.0054769540709637965,0.0054769540709637965,0.004905619681741973,0.0005713343892218238,0.0005713343892218238,0.0,0.0,False,0.0,0.0,0.004905619681741973
2015-06-12,-0.0036340185179502,-0.0036340185179502,-0.004049406563692709,0.0004153880457425092,0.0004153880457425092,0.0,0.0,False,0.0,0.0,-0.004049406563692709
2015-06-15,-0.0012340301246327994,-0.0012340301246327994,-0.002951231463399928,0.0017172013387671287,0.0017172013387671287,0.0,0.0,False,0.0,0.0,-0.002951231463399928
2015-06-16,0.004758879590566574,0.004758879590566574,0.0035102665024391586,0.001248613088127415,0.001248613088127415,0.0,0.0,False,0.0,0.0,0.0035102665024391586
2015-06-17,0.0005007559034990103,0.0005007559034990103,0.00038112983071188114,0.00011962607278712914,0.00011962607278712914,0.0,0.0,False,0.0,0.0,0.00038112983071188114
2015-06-18,0.005380961255185215,0.005380961255185215,0.005430695877325662,-4.973462214044686e-05,-4.973462214044686e-05,0.0,0.0,False,0.0,0.0,0.005430695877325662
2015-06-19,0.0009079605783738824,0.0009079605783738824,-0.0001242289593612985,0.0010321895377351808,0.0010321895377351808,0.0,0.0,False,0.0,0.0,-0.0001242289593612985
2015-06-22,-0.0010209422473779095,-0.0010209422473779095,0.002306220820854278,-0.0033271630682321874,-0.0033271630682321874,0.0,0.0,False,0.0,0.0,0.002306220820854278
2015-06-23,-0.0007435878698709769,-0.0007435878698709769,0.00048691738749153995,-0.001230505257362517,-0.001230505257362517,0.0,0.0,False,0.0,0.0,0.00048691738749153995
2015-06-24,-0.0026174837153704607,-0.0026174837153704607,-0.0032647868257613564,0.0006473031103908958,0.0006473031103908958,0.0,0.0,False,0.0,0.0,-0.0032647868257613564
2015-06-25,-0.002237522893244405,-0.002237522893244405,-0.0022607406443060168,2.321775106161163e-05,2.321775106161163e-05,0.0,0.0,False,0.0,0.0,-0.0022607406443060168
2015-06-26,-0.002795548113175858,-0.002795548113175858,-0.003374273387839073,0.0005787252746632149,0.0005787252746632149,0.0,0.0,False,0.0,0.0,-0.003374273387839073
2015-06-29,-0.006505545859716095,-0.006505545859716095,-0.009722370055976096,0.0032168241962600014,0.0032168241962600014,0.0,0.0,False,0.0,0.0,-0.009722370055976096
2015-06-30,0.0002800872564113409,0.0002800872564113409,0.0005976247870301141,-0.0003175375306187732,-0.0003175375306187732,0.0,0.0,False,0.0,0.0,0.0005976247870301141
2015-07-01,0.0010017347450386887,0.0009946056392094067,0.0012448905948987733,-0.00025028495568936654,-0.00024315584986008454,0.007129105829282079,7.129105829282079e-06,True,0.0032847422014064716,3.2847422014064714e-06,0.0012416058526973667
2015-07-02,0.00026030175381920356,0.00026030175381920356,0.0014592079574465785,-0.001198906203627375,-0.001198906203627375,0.0,0.0,False,0.0,0.0,0.0014592079574465785
2015-07-06,0.001971386716990223,0.001971386716990223,-0.0037881476068963712,0.005759534323886595,0.005759534323886595,0.0,0.0,False,0.0,0.0,-0.0037881476068963712
2015-07-07,0.0038948192427607398,0.0038948192427607398,0.002168039319390232,0.001726779923370508,0.001726779923370508,0.0,0.0,False,0.0,0.0,0.002168039319390232
2015-07-08,-0.006722159108332416,-0.006722159108332416,-0.011141637244495203,0.004419478136162787,0.004419478136162787,0.0,0.0,False,0.0,0.0,-0.011141637244495203
2015-07-09,-0.0022080566462690347,-0.0022080566462690347,0.0014860287428478758,-0.0036940853891169103,-0.0036940853891169103,0.0,0.0,False,0.0,0.0,0.0014860287428478758
2015-07-10,0.0032454395865125297,0.0032454395865125297,0.008582604742878839,-0.005337165156366309,-0.005337165156366309,0.0,0.0,False,0.0,0.0,0.008582604742878839
2015-07-13,0.004450992235152688,0.004450992235152688,0.004111330971248642,0.00033966126390404597,0.00033966126390404597,0.0,0.0,False,0.0,0.0,0.004111330971248642
2015-07-14,0.003649677187212832,0.003649677187212832,0.003965964825483465,-0.0003162876382706331,-0.0003162876382706331,0.0,0.0,False,0.0,0.0,0.003965964825483465
2015-07-15,0.000711238158491411,0.000711238158491411,-0.0003682975755311636,0.0010795357340225744,0.0010795357340225744,0.0,0.0,False,0.0,0.0,-0.0003682975755311636
2015-07-16,0.0038836831800260056,0.0038836831800260056,0.0057584332664344,-0.0018747500864083944,-0.0018747500864083944,0.0,0.0,False,0.0,0.0,0.0057584332664344
2015-07-17,-0.0002676168729838786,-0.0002676168729838786,3.7763458175496875e-05,-0.0003053803311593755,-0.0003053803311593755,0.0,0.0,False,0.0,0.0,3.7763458175496875e-05
2015-07-20,-0.0016928513856912528,-0.0016928513856912528,-0.001289783047423959,-0.00040306833826729387,-0.00040306833826729387,0.0,0.0,False,0.0,0.0,-0.001289783047423959
2015-07-21,-0.0009172539761529744,-0.0009172539761529744,-0.0007381317430456484,-0.00017912223310732596,-0.00017912223310732596,0.0,0.0,False,0.0,0.0,-0.0007381317430456484
2015-07-22,0.0005555207829618308,0.0005555207829618308,-0.0021550638262130303,0.002710584609174861,0.002710584609174861,0.0,0.0,False,0.0,0.0,-0.0021550638262130303
2015-07-23,-0.0019283850873766427,-0.0019283850873766427,-0.001711001079963471,-0.0002173840074131718,-0.0002173840074131718,0.0,0.0,False,0.0,0.0,-0.001711001079963471
2015-07-24,-0.00593570840689692,-0.00593570840689692,-0.006713677795745945,0.0007779693888490249,0.0007779693888490249,0.0,0.0,False,0.0,0.0,-0.006713677795745945
2015-07-27,-0.0021681061198562867,-0.0021681061198562867,-0.0040858231698571975,0.0019177170500009107,0.0019177170500009107,0.0,0.0,False,0.0,0.0,-0.0040858231698571975
2015-07-28,0.004525623225445573,0.004525623225445573,0.005890590355927521,-0.001364967130481948,-0.001364967130481948,0.0,0.0,False,0.0,0.0,0.005890590355927521
2015-07-29,0.0022500778636347354,0.0022500778636347354,0.0030716920623418123,-0.0008216141987070769,-0.0008216141987070769,0.0,0.0,False,0.0,0.0,0.0030716920623418123
2015-07-30,0.001000390201169546,0.001000390201169546,-0.00013385298398886674,0.0011342431851584127,0.0011342431851584127,0.0,0.0,False,0.0,0.0,-0.00013385298398886674
2015-07-31,0.0030861711099912574,0.0030861711099912574,0.004034835875016596,-0.0009486647650253388,-0.0009486647650253388,0.0,0.0,False,0.0,0.0,0.004034835875016596
2015-08-03,-0.0005877935669212529,-0.0005924170192118859,-0.001838562642053948,0.001246145622842062,0.001250769075132695,0.00462345229063307,4.62345229063307e-06,True,0.00839012581038778,8.39012581038778e-06,-0.0018469527678643357
2015-08-04,-0.00358204555688662,-0.00358204555688662,-0.002439371534596565,-0.001142674022290055,-0.001142674022290055,0.0,0.0,False,0.0,0.0,-0.002439371534596565
2015-08-05,-0.00037774300610658604,-0.00037774300610658604,0.0001825417116917045,-0.0005602847177982905,-0.0005602847177982905,0.0,0.0,False,0.0,0.0,0.0001825417116917045
2015-08-06,-0.0035526489615279326,-0.0035526489615279326,-0.003200224913898708,-0.00035242404762922484,-0.00035242404762922484,0.0,0.0,False,0.0,0.0,-0.003200224913898708
2015-08-07,0.00013888424497455446,0.00013888424497455446,0.0007401001853073223,-0.0006012159403327678,-0.0006012159403327678,0.0,0.0,False,0.0,0.0,0.0007401001853073223
2015-08-10,0.004194742080183613,0.004194742080183613,0.005752771771447772,-0.0015580296912641595,-0.0015580296912641595,0.0,0.0,False,0.0,0.0,0.005752771771447772
2015-08-11,-0.0016450686158098042,-0.0016450686158098042,-0.004896850508742064,0.0032517818929322594,0.0032517818929322594,0.0,0.0,False,0.0,0.0,-0.004896850508742064
2015-08-12,-0.00023441885393254768,-0.00023441885393254768,-0.002913935799023714,0.002679516945091166,0.002679516945091166,0.0,0.0,False,0.0,0.0,-0.002913935799023714
2015-08-13,-0.002370724559746852,-0.002370724559746852,-0.0020124835474564667,-0.0003582410122903853,-0.0003582410122903853,0.0,0.0,False,0.0,0.0,-0.0020124835474564667
2015-08-14,0.0020573410899750494,0.0020573410899750494,0.0018358807676499772,0.00022146032232507216,0.00022146032232507216,0.0,0.0,False,0.0,0.0,0.0018358807676499772
2015-08-17,0.004704465044527371,0.004704465044527371,0.0019372938848590817,0.0027671711596682896,0.0027671711596682896,0.0,0.0,False,0.0,0.0,0.0019372938848590817
2015-08-18,-0.0033751468721701762,-0.0033751468721701762,-0.004720921637211843,0.0013457747650416664,0.0013457747650416664,0.0,0.0,False,0.0,0.0,-0.004720921637211843
2015-08-19,-0.001590828001208254,-0.001590828001208254,-0.0029166525660143223,0.0013258245648060682,0.0013258245648060682,0.0,0.0,False,0.0,0.0,-0.0029166525660143223
2015-08-20,-0.010209212551264687,-0.010209212551264687,-0.011415492236860572,0.001206279685595885,0.001206279685595885,0.0,0.0,False,0.0,0.0,-0.011415492236860572
2015-08-21,-0.010711932526138194,-0.010711932526138194,-0.01472190765181502,0.0040099751256768255,0.0040099751256768255,0.0,0.0,False,0.0,0.0,-0.01472190765181502
2015-08-24,-0.020056196832141302,-0.020056196832141302,-0.023370218717647846,0.0033140218855065434,0.0033140218855065434,0.0,0.0,False,0.0,0.0,-0.023370218717647846
2015-08-25,-0.007834626747668123,-0.007834626747668123,-0.00413436758995105,-0.003700259157717073,-0.003700259157717073,0.0,0.0,False,0.0,0.0,-0.00413436758995105
2015-08-26,0.01410874560292142,0.01410874560292142,0.016164229622270095,-0.0020554840193486752,-0.0020554840193486752,0.0,0.0,False,0.0,0.0,0.016164229622270095
2015-08-27,0.011008602031664724,0.011008602031664724,0.014047133322979926,-0.0030385312913152017,-0.0030385312913152017,0.0,0.0,False,0.0,0.0,0.014047133322979926
2015-08-28,0.0018686841245083388,0.0018686841245083388,-0.0004820980078861078,0.0023507821323944466,0.0023507821323944466,0.0,0.0,False,0.0,0.0,-0.0004820980078861078
2015-08-31,-0.0042878261883733445,-0.0042878261883733445,-0.004621097331372153,0.00033327114299880854,0.00033327114299880854,0.0,0.0,False,0.0,0.0,-0.004621097331372153
2015-09-01,-0.012599041031455753,-0.0126136094282131,-0.017117997616350696,0.004504388188137596,0.0045189565848949426,0.0145683967573477,1.4568396757347698e-05,True,0.016412273155330847,1.6412273155330848e-05,-0.017134409889506028
2015-09-02,0.008167822335915044,0.008167822335915044,0.008887087610111862,-0.0007192652741968182,-0.0007192652741968182,0.0,0.0,False,0.0,0.0,0.008887087610111862
2015-09-03,0.0015121926254241704,0.0015121926254241704,0.0023404869031171814,-0.000828294277693011,-0.000828294277693011,0.0,0.0,False,0.0,0.0,0.0023404869031171814
2015-09-04,-0.004977617047332875,-0.004977617047332875,-0.009807535642776975,0.0048299185954441,0.0048299185954441,0.0,0.0,False,0.0,0.0,-0.009807535642776975
2015-09-08,0.010005926121408182,0.010005926121408182,0.013583022979333318,-0.0035770968579251355,-0.0035770968579251355,0.0,0.0,False,0.0,0.0,0.013583022979333318
2015-09-09,-0.006056499202158398,-0.006056499202158398,-0.0050573307235829345,-0.000999168478575463,-0.000999168478575463,0.0,0.0,False,0.0,0.0,-0.0050573307235829345
2015-09-10,0.0015259521445914375,0.0015259521445914375,0.002744082364457139,-0.0012181302198657016,-0.0012181302198657016,0.0,0.0,False,0.0,0.0,0.002744082364457139
2015-09-11,0.0033570445904371913,0.0033570445904371913,0.0029038951158705437,0.0004531494745666476,0.0004531494745666476,0.0,0.0,False,0.0,0.0,0.0029038951158705437
2015-09-14,-0.0017185711551197893,-0.0017185711551197893,-0.0023623005786302543,0.000643729423510465,0.000643729423510465,0.0,0.0,False,0.0,0.0,-0.0023623005786302543
2015-09-15,0.0022910615351900924,0.0022910615351900924,0.0025541018402978665,-0.0002630403051077741,-0.0002630403051077741,0.0,0.0,False,0.0,0.0,0.0025541018402978665
2015-09-16,0.004585523072038149,0.004585523072038149,0.007789200452740829,-0.0032036773807026797,-0.0032036773807026797,0.0,0.0,False,0.0,0.0,0.007789200452740829
2015-09-17,0.0038480482333510544,0.0038480482333510544,0.0028102206106762626,0.0010378276226747918,0.0010378276226747918,0.0,0.0,False,0.0,0.0,0.0028102206106762626
2015-09-18,-0.005874705964386155,-0.005874705964386155,-0.009081131251973176,0.0032064252875870208,0.0032064252875870208,0.0,0.0,False,0.0,0.0,-0.009081131251973176
2015-09-21,-0.0012825642194503703,-0.0012825642194503703,-0.0015445822725957455,0.0002620180531453752,0.0002620180531453752,0.0,0.0,False,0.0,0.0,-0.0015445822725957455
2015-09-22,-0.004620475368412095,-0.004620475368412095,-0.00768589998278347,0.0030654246143713756,0.0030654246143713756,0.0,0.0,False,0.0,0.0,-0.00768589998278347
2015-09-23,-0.0015207837586631084,-0.0015207837586631084,-0.003214251931632342,0.0016934681729692336,0.0016934681729692336,0.0,0.0,False,0.0,0.0,-0.003214251931632342
2015-09-24,-0.0009440331251160216,-0.0009440331251160216,-0.0013107636370658844,0.0003667305119498627,0.0003667305119498627,0.0,0.0,False,0.0,0.0,-0.0013107636370658844
2015-09-25,-0.0036398056235604223,-0.0036398056235604223,-0.0011171152640350392,-0.002522690359525383,-0.002522690359525383,0.0,0.0,False,0.0,0.0,-0.0011171152640350392
2015-09-28,-0.010817198076992066,-0.010817198076992066,-0.011511816866751644,0.0006946187897595782,0.0006946187897595782,0.0,0.0,False,0.0,0.0,-0.011511816866751644
2015-09-29,0.0004690338203878321,0.0004690338203878321,0.0011434514253540278,-0.0006744176049661957,-0.0006744176049661957,0.0,0.0,False,0.0,0.0,0.0011434514253540278
2015-09-30,0.008746171830381393,0.008746171830381393,0.01160387860040504,-0.002857706770023647,-0.002857706770023647,0.0,0.0,False,0.0,0.0,0.01160387860040504
2015-10-01,5.011749733750551e-05,-0.000137585195039693,0.0020516443546599317,-0.002189229549699625,-0.002001526857322426,0.1877026923771985,0.0001877026923771985,True,0.011672208425690497,1.1672208425690497e-05,0.002039972146234241
2015-10-02,0.009894818043023546,0.009894818043023546,0.01238907238917957,-0.0024942543461560236,-0.0024942543461560236,0.0,0.0,False,0.0,0.0,0.01238907238917957
2015-10-05,0.008945075988555916,0.008945075988555916,0.009564098068455273,-0.0006190220798993566,-0.0006190220798993566,0.0,0.0,False,0.0,0.0,0.009564098068455273
2015-10-06,-0.0020361275404553745,-0.0020361275404553745,-0.0004882833229888862,-0.0015478442174664882,-0.0015478442174664882,0.0,0.0,False,0.0,0.0,-0.0004882833229888862
2015-10-07,0.007227221777367646,0.007227221777367646,0.007893519746649591,-0.0006662979692819452,-0.0006662979692819452,0.0,0.0,False,0.0,0.0,0.007893519746649591
2015-10-08,0.003258738828991683,0.003258738828991683,0.004042568791858025,-0.000783829962866342,-0.000783829962866342,0.0,0.0,False,0.0,0.0,0.004042568791858025
2015-10-09,0.001063750611619146,0.001063750611619146,0.0012392635322834122,-0.00017551292066426624,-0.00017551292066426624,0.0,0.0,False,0.0,0.0,0.0012392635322834122
2015-10-12,0.001314197494781719,0.001314197494781719,0.0007101414586730005,0.0006040560361087186,0.0006040560361087186,0.0,0.0,False,0.0,0.0,0.0007101414586730005
2015-10-13,-0.005735871268044969,-0.005735871268044969,-0.006109841640803202,0.00037397037275823265,0.00037397037275823265,0.0,0.0,False,0.0,0.0,-0.006109841640803202
2015-10-14,-0.0018726396836260008,-0.0018726396836260008,0.001213276022347663,-0.003085915705973664,-0.003085915705973664,0.0,0.0,False,0.0,0.0,0.001213276022347663
2015-10-15,0.009729590975636474,0.009729590975636474,0.010017171674392651,-0.000287580698756177,-0.000287580698756177,0.0,0.0,False,0.0,0.0,0.010017171674392651
2015-10-16,4.222036043819311e-05,4.222036043819311e-05,0.0011822934123357025,-0.0011400730518975094,-0.0011400730518975094,0.0,0.0,False,0.0,0.0,0.0011822934123357025
2015-10-19,0.0005946130146032308,0.0005946130146032308,-0.001594149181323161,0.0021887621959263918,0.0021887621959263918,0.0,0.0,False,0.0,0.0,-0.001594149181323161
2015-10-20,-0.002128188781543902,-0.002128188781543902,-0.0023447607207658285,0.0002165719392219264,0.0002165719392219264,0.0,0.0,False,0.0,0.0,-0.0023447607207658285
2015-10-21,-0.004647136884102264,-0.004647136884102264,-0.0024126996164882154,-0.0022344372676140487,-0.0022344372676140487,0.0,0.0,False,0.0,0.0,-0.0024126996164882154
2015-10-22,0.006543038706060836,0.006543038706060836,0.010036543981244022,-0.003493505275183186,-0.003493505275183186,0.0,0.0,False,0.0,0.0,0.010036543981244022
2015-10-23,0.0029036049418243097,0.0029036049418243097,0.003965646011841842,-0.0010620410700175327,-0.0010620410700175327,0.0,0.0,False,0.0,0.0,0.003965646011841842
2015-10-26,-0.0017322657705506812,-0.0017322657705506812,-0.0015620929061380142,-0.000170172864412667,-0.000170172864412667,0.0,0.0,False,0.0,0.0,-0.0015620929061380142
2015-10-27,-0.0033459546011027934,-0.0033459546011027934,-0.0030465402991508303,-0.000299414301951963,-0.000299414301951963,0.0,0.0,False,0.0,0.0,-0.0030465402991508303
2015-10-28,0.009926411797622495,0.009926411797622495,0.003013082070806853,0.006913329726815643,0.006913329726815643,0.0,0.0,False,0.0,0.0,0.003013082070806853
2015-10-29,-0.006961198434669949,-0.006961198434669949,-0.005740631310675042,-0.0012205671239949078,-0.0012205671239949078,0.0,0.0,False,0.0,0.0,-0.005740631310675042
2015-10-30,-0.0013592925127970206,-0.0013592925127970206,-0.00062864652353535,-0.0007306459892616706,-0.0007306459892616706,0.0,0.0,False,0.0,0.0,-0.00062864652353535
2015-11-02,0.005862426687243657,0.00566416253297692,0.006542746194813515,-0.0008785836618365947,-0.0006803195075698572,0.19826415426673769,0.0001982641542667377,True,0.017451874726124077,1.7451874726124077e-05,0.006525294320087391
2015-11-03,0.0009623152935953974,0.0009623152935953974,0.0015141739103180776,-0.0005518586167226802,-0.0005518586167226802,0.0,0.0,False,0.0,0.0,0.0015141739103180776
2015-11-04,-0.0016657806119005805,-0.0016657806119005805,-0.002908621395646554,0.0012428407837459733,0.0012428407837459733,0.0,0.0,False,0.0,0.0,-0.002908621395646554
2015-11-05,-0.00041975184536803176,-0.00041975184536803176,-0.0005818495100611688,0.00016209766469313706,0.00016209766469313706,0.0,0.0,False,0.0,0.0,-0.0005818495100611688
2015-11-06,-0.002272211437408065,-0.002272211437408065,-0.004932569562917068,0.002660358125509003,0.002660358125509003,0.0,0.0,False,0.0,0.0,-0.004932569562917068
2015-11-09,-0.006045029802839729,-0.006045029802839729,-0.008363889134200332,0.0023188593313606034,0.0023188593313606034,0.0,0.0,False,0.0,0.0,-0.008363889134200332
2015-11-10,0.0023067007111121644,0.0023067007111121644,0.0012184732534640274,0.001088227457648137,0.001088227457648137,0.0,0.0,False,0.0,0.0,0.0012184732534640274
2015-11-11,-0.0029888413822490626,-0.0029888413822490626,-0.0008831083148784012,-0.0021057330673706614,-0.0021057330673706614,0.0,0.0,False,0.0,0.0,-0.0008831083148784012
2015-11-12,-0.00787467573342385,-0.00787467573342385,-0.007813578198915884,-6.109753450796694e-05,-6.109753450796694e-05,0.0,0.0,False,0.0,0.0,-0.007813578198915884
2015-11-13,-0.003342814030159712,-0.003342814030159712,-0.004866324937603381,0.0015235109074436693,0.0015235109074436693,0.0,0.0,False,0.0,0.0,-0.004866324937603381
2015-11-16,0.007136250325976404,0.007136250325976404,0.009005185456382816,-0.0018689351304064118,-0.0018689351304064118,0.0,0.0,False,0.0,0.0,0.009005185456382816
2015-11-17,-0.0008230166981264598,-0.0008230166981264598,-0.00012201190397067685,-0.000701004794155783,-0.000701004794155783,0.0,0.0,False,0.0,0.0,-0.00012201190397067685
2015-11-18,0.008126035896808827,0.008126035896808827,0.008102265754291245,2.3770142517582152e-05,2.3770142517582152e-05,0.0,0.0,False,0.0,0.0,0.008102265754291245
2015-11-19,0.0001809381355030484,0.0001809381355030484,0.0023843802370106157,-0.0022034421015075674,-0.0022034421015075674,0.0,0.0,False,0.0,0.0,0.0023843802370106157
2015-11-20,0.0018390790252464956,0.0018390790252464956,0.0016460958924997926,0.00019298313274670304,0.00019298313274670304,0.0,0.0,False,0.0,0.0,0.0016460958924997926
2015-11-23,0.0009063400287741542,0.0009063400287741542,-0.0015097726432314628,0.002416112672005617,0.002416112672005617,0.0,0.0,False,0.0,0.0,-0.0015097726432314628
2015-11-24,0.0020364254254630477,0.0020364254254630477,0.0015549617442425841,0.0004814636812204636,0.0004814636812204636,0.0,0.0,False,0.0,0.0,0.0015549617442425841
2015-11-25,0.0015491983570965167,0.0015491983570965167,0.00029373334359161644,0.0012554650135049002,0.0012554650135049002,0.0,0.0,False,0.0,0.0,0.00029373334359161644
2015-11-27,0.0014288719820308487,0.0014288719820308487,-0.0014051340032270735,0.0028340059852579222,0.0028340059852579222,0.0,0.0,False,0.0,0.0,-0.0014051340032270735
2015-11-30,-0.0019809291159055735,-0.0019809291159055735,-0.0011259907081871826,-0.0008549384077183909,-0.0008549384077183909,0.0,0.0,False,0.0,0.0,-0.0011259907081871826
2015-12-01,0.007312776028735002,0.007308346495588914,0.008406889211592295,-0.0010985427160033808,-0.0010941131828572925,0.004429533146088653,4.429533146088653e-06,True,0.0037276962867815663,3.7276962867815664e-06,0.008403161515305513
2015-12-02,-0.006617911307974601,-0.006617911307974601,-0.007296314649344754,0.0006784033413701528,0.0006784033413701528,0.0,0.0,False,0.0,0.0,-0.007296314649344754
2015-12-03,-0.013130748854747916,-0.013130748854747916,-0.011786097987117945,-0.0013446508676299707,-0.0013446508676299707,0.0,0.0,False,0.0,0.0,-0.011786097987117945
2015-12-04,0.010477087292533042,0.010477087292533042,0.010230366314291325,0.0002467209782417174,0.0002467209782417174,0.0,0.0,False,0.0,0.0,0.010230366314291325
2015-12-07,-0.003152282658168671,-0.003152282658168671,-0.0038010165623538553,0.000648733904185184,0.000648733904185184,0.0,0.0,False,0.0,0.0,-0.0038010165623538553
2015-12-08,-0.0032083267861093114,-0.0032083267861093114,-0.005652649263261403,0.002444322477152092,0.002444322477152092,0.0,0.0,False,0.0,0.0,-0.005652649263261403
2015-12-09,-0.003976266744981884,-0.003976266744981884,-0.004151343961847382,0.00017507721686549783,0.00017507721686549783,0.0,0.0,False,0.0,0.0,-0.004151343961847382
2015-12-10,0.0003185635519490831,0.0003185635519490831,-0.00042445563172385553,0.0007430191836729387,0.0007430191836729387,0.0,0.0,False,0.0,0.0,-0.00042445563172385553
2015-12-11,-0.007161397636384785,-0.007161397636384785,-0.009768776722772727,0.002607379086387942,0.002607379086387942,0.0,0.0,False,0.0,0.0,-0.009768776722772727
2015-12-14,-0.0030550000592752457,-0.0030550000592752457,-0.0004068467531753878,-0.002648153306099858,-0.002648153306099858,0.0,0.0,False,0.0,0.0,-0.0004068467531753878
2015-12-15,0.004954177811527696,0.004954177811527696,0.005228696726192279,-0.0002745189146645824,-0.0002745189146645824,0.0,0.0,False,0.0,0.0,0.005228696726192279
2015-12-16,0.0065079199455242605,0.0065079199455242605,0.009358001319437816,-0.0028500813739135555,-0.0028500813739135555,0.0,0.0,False,0.0,0.0,0.009358001319437816
2015-12-17,-0.005407071482027549,-0.005407071482027549,-0.0067206117454354,0.0013135402634078504,0.0013135402634078504,0.0,0.0,False,0.0,0.0,-0.0067206117454354
2015-12-18,-0.007312276731333422,-0.007312276731333422,-0.006952009998768476,-0.0003602667325649459,-0.0003602667325649459,0.0,0.0,False,0.0,0.0,-0.006952009998768476
2015-12-21,0.00427403823213285,0.00427403823213285,0.0044486570467710315,-0.0001746188146381812,-0.0001746188146381812,0.0,0.0,False,0.0,0.0,0.0044486570467710315
2015-12-22,0.0033661950278653656,0.0033661950278653656,0.003902857733429081,-0.0005366627055637153,-0.0005366627055637153,0.0,0.0,False,0.0,0.0,0.003902857733429081
2015-12-23,0.0055923782727864725,0.0055923782727864725,0.007479326568590412,-0.0018869482958039398,-0.0018869482958039398,0.0,0.0,False,0.0,0.0,0.007479326568590412
2015-12-24,0.0008183580172449539,0.0008183580172449539,0.00012916711468712933,0.0006891909025578246,0.0006891909025578246,0.0,0.0,False,0.0,0.0,0.00012916711468712933
2015-12-28,-0.0016278525855356867,-0.0016278525855356867,-0.0019511556682941448,0.0003233030827584581,0.0003233030827584581,0.0,0.0,False,0.0,0.0,-0.0019511556682941448
2015-12-29,0.0028218079712093143,0.0028218079712093143,0.0026105708565437175,0.00021123711466559687,0.00021123711466559687,0.0,0.0,False,0.0,0.0,0.0026105708565437175
2015-12-30,-0.0039467830843017936,-0.0039467830843017936,-0.005048975946964562,0.0011021928626627686,0.0011021928626627686,0.0,0.0,False,0.0,0.0,-0.005048975946964562
2015-12-31,-0.004824480784062162,-0.004824480784062162,-0.0052411658982035175,0.0004166851141413552,0.0004166851141413552,0.0,0.0,False,0.0,0.0,-0.0052411658982035175
2016-01-04,-0.005927472677522573,-0.00608750325172037,-0.009251448593565541,0.0031639453418451707,0.003323975916042968,0.16003057419779737,0.00016003057419779738,True,0.004606242365478748,4.6062423654787476e-06,-0.00925605483593102
2016-01-05,0.0003146904755765666,0.0003146904755765666,0.0004173055091517974,-0.00010261503357523083,-0.00010261503357523083,0.0,0.0,False,0.0,0.0,0.0004173055091517974
2016-01-06,-0.004299453681393503,-0.004299453681393503,-0.006350235844167792,0.002050782162774289,0.002050782162774289,0.0,0.0,False,0.0,0.0,-0.006350235844167792
2016-01-07,-0.010636512422098858,-0.010636512422098858,-0.013836279214302827,0.003199766792203969,0.003199766792203969,0.0,0.0,False,0.0,0.0,-0.013836279214302827
2016-01-08,-0.00457032234873683,-0.00457032234873683,-0.005961697885748452,0.001391375537011622,0.001391375537011622,0.0,0.0,False,0.0,0.0,-0.005961697885748452
2016-01-11,-0.000644425075811068,-0.000644425075811068,-0.0010919295028571194,0.00044750442704605134,0.00044750442704605134,0.0,0.0,False,0.0,0.0,-0.0010919295028571194
2016-01-12,0.005418236645732115,0.005418236645732115,0.005444029188112846,-2.5792542380730782e-05,-2.5792542380730782e-05,0.0,0.0,False,0.0,0.0,0.005444029188112846
2016-01-13,-0.008995709046852405,-0.008995709046852405,-0.010296598811218268,0.0013008897643658635,0.0013008897643658635,0.0,0.0,False,0.0,0.0,-0.010296598811218268
2016-01-14,0.0059738993662024845,0.0059738993662024845,0.006768836325142691,-0.0007949369589402063,-0.0007949369589402063,0.0,0.0,False,0.0,0.0,0.006768836325142691
2016-01-15,-0.011337844133678783,-0.011337844133678783,-0.014506104599892482,0.0031682604662136987,0.0031682604662136987,0.0,0.0,False,0.0,0.0,-0.014506104599892482
2016-01-19,0.0006981131135037294,0.0006981131135037294,0.0012888930173122616,-0.0005907799038085322,-0.0005907799038085322,0.0,0.0,False,0.0,0.0,0.0012888930173122616
2016-01-20,-0.005687533144260272,-0.005687533144260272,-0.0069890136708825904,0.0013014805266223185,0.0013014805266223185,0.0,0.0,False,0.0,0.0,-0.0069890136708825904
2016-01-21,0.0016109926851205787,0.0016109926851205787,0.0015465910392724591,6.440164584811951e-05,6.440164584811951e-05,0.0,0.0,False,0.0,0.0,0.0015465910392724591
2016-01-22,0.010511736529449419,0.010511736529449419,0.013865831371378853,-0.0033540948419294343,-0.0033540948419294343,0.0,0.0,False,0.0,0.0,0.013865831371378853
2016-01-25,-0.006053864161321956,-0.006053864161321956,-0.008164764283562208,0.0021109001222402524,0.0021109001222402524,0.0,0.0,False,0.0,0.0,-0.008164764283562208
2016-01-26,0.00793352301703447,0.00793352301703447,0.009439704736579995,-0.0015061817195455244,-0.0015061817195455244,0.0,0.0,False,0.0,0.0,0.009439704736579995
2016-01-27,-0.004744823247634501,-0.004744823247634501,-0.005336917049314079,0.0005920938016795779,0.0005920938016795779,0.0,0.0,False,0.0,0.0,-0.005336917049314079
2016-01-28,0.002827734091202896,0.002827734091202896,0.003950259298170377,-0.0011225252069674806,-0.0011225252069674806,0.0,0.0,False,0.0,0.0,0.003950259298170377
2016-01-29,0.013551028440596148,0.013551028440596148,0.016635440508470108,-0.00308441206787396,-0.00308441206787396,0.0,0.0,False,0.0,0.0,0.016635440508470108
2016-02-01,-0.0015523474829010205,-0.0015715263311427104,-0.0025397237175315114,0.000968197386388801,0.000987376234630491,0.019178848241689896,1.9178848241689896e-05,True,0.019236726332433708,1.9236726332433706e-05,-0.002558960443863945
2016-02-02,-0.00730506584986753,-0.00730506584986753,-0.010583252438147648,0.003278186588280118,0.003278186588280118,0.0,0.0,False,0.0,0.0,-0.010583252438147648
2016-02-03,0.002650889340256425,0.002650889340256425,0.004812945998498951,-0.002162056658242526,-0.002162056658242526,0.0,0.0,False,0.0,0.0,0.004812945998498951
2016-02-04,0.0016510000174561198,0.0016510000174561198,0.0024028559641548486,-0.0007518559466987288,-0.0007518559466987288,0.0,0.0,False,0.0,0.0,0.0024028559641548486
2016-02-05,-0.00863137302945014,-0.00863137302945014,-0.010179835250682627,0.0015484622212324876,0.0015484622212324876,0.0,0.0,False,0.0,0.0,-0.010179835250682627
2016-02-08,-0.004149692089920325,-0.004149692089920325,-0.005459615619963987,0.0013099235300436628,0.0013099235300436628,0.0,0.0,False,0.0,0.0,-0.005459615619963987
2016-02-09,-0.0021945970281595493,-0.0021945970281595493,-0.003794257902723212,0.0015996608745636625,0.0015996608745636625,0.0,0.0,False,0.0,0.0,-0.003794257902723212
2016-02-10,0.000785521069926586,0.000785521069926586,0.0012859481369586567,-0.0005004270670320708,-0.0005004270670320708,0.0,0.0,False,0.0,0.0,0.0012859481369586567
2016-02-11,-0.004524760331583815,-0.004524760331583815,-0.006241305112844769,0.001716544781260954,0.001716544781260954,0.0,0.0,False,0.0,0.0,-0.006241305112844769
2016-02-12,0.006028362183793963,0.006028362183793963,0.007736154421972694,-0.0017077922381787307,-0.0017077922381787307,0.0,0.0,False,0.0,0.0,0.007736154421972694
2016-02-16,0.007146844223133212,0.007146844223133212,0.00932791938095937,-0.0021810751578261586,-0.0021810751578261586,0.0,0.0,False,0.0,0.0,0.00932791938095937
2016-02-17,0.0074254434508480155,0.0074254434508480155,0.009244590210210717,-0.0018191467593627018,-0.0018191467593627018,0.0,0.0,False,0.0,0.0,0.009244590210210717
2016-02-18,0.0005365823042681511,0.0005365823042681511,-2.8110885489511387e-05,0.0005646931897576625,0.0005646931897576625,0.0,0.0,False,0.0,0.0,-2.8110885489511387e-05
2016-02-19,-0.00043505753273032186,-0.00043505753273032186,-0.0005814286208816407,0.00014637108815131888,0.00014637108815131888,0.0,0.0,False,0.0,0.0,-0.0005814286208816407
2016-02-22,0.006729877079655088,0.006729877079655088,0.009069536497552044,-0.0023396594178969566,-0.0023396594178969566,0.0,0.0,False,0.0,0.0,0.009069536497552044
2016-02-23,-0.005997524205418516,-0.005997524205418516,-0.007878077310200416,0.0018805531047819003,0.0018805531047819003,0.0,0.0,False,0.0,0.0,-0.007878077310200416
2016-02-24,0.0011795956382913441,0.0011795956382913441,0.0011380126730462662,4.1582965245077954e-05,4.1582965245077954e-05,0.0,0.0,False,0.0,0.0,0.0011380126730462662
2016-02-25,0.007927476461208654,0.007927476461208654,0.007787469300341859,0.00014000716086679486,0.00014000716086679486,0.0,0.0,False,0.0,0.0,0.007787469300341859
2016-02-26,-0.002979585826064717,-0.002979585826064717,-0.003268035112586302,0.0002884492865215852,0.0002884492865215852,0.0,0.0,False,0.0,0.0,-0.003268035112586302
2016-02-29,-0.002998318467183893,-0.002998318467183893,-0.0019436666571052618,-0.0010546518100786311,-0.0010546518100786311,0.0,0.0,False,0.0,0.0,-0.0019436666571052618
2016-03-01,0.008905514565623543,0.008899361723361197,0.012344250259903728,-0.003444888536542531,-0.0034387356942801855,0.006152842262345334,6.1528422623453345e-06,True,0.006127643319763149,6.1276433197631484e-06,0.012338122616583964
2016-03-02,0.002400394661193299,0.002400394661193299,0.00445769360952275,-0.0020572989483294514,-0.0020572989483294514,0.0,0.0,False,0.0,0.0,0.00445769360952275
2016-03-03,0.004046945152170925,0.004046945152170925,0.005476139437514998,-0.001429194285344073,-0.001429194285344073,0.0,0.0,False,0.0,0.0,0.005476139437514998
2016-03-04,0.0011828492098930915,0.0011828492098930915,0.003460606441938974,-0.0022777572320458826,-0.0022777572320458826,0.0,0.0,False,0.0,0.0,0.003460606441938974
2016-03-07,-0.0004505867792576775,-0.0004505867792576775,0.00020770400795961465,-0.0006582907872172922,-0.0006582907872172922,0.0,0.0,False,0.0,0.0,0.00020770400795961465
2016-03-08,-0.0028139727543056983,-0.0028139727543056983,-0.005435387370319656,0.0026214146160139576,0.0026214146160139576,0.0,0.0,False,0.0,0.0,-0.005435387370319656
2016-03-09,0.0008653671007909477,0.0008653671007909477,0.0017417545775635082,-0.0008763874767725605,-0.0008763874767725605,0.0,0.0,False,0.0,0.0,0.0017417545775635082
2016-03-10,-0.0006204072943168254,-0.0006204072943168254,-0.0005314462939169419,-8.89610003998835e-05,-8.89610003998835e-05,0.0,0.0,False,0.0,0.0,-0.0005314462939169419
2016-03-11,0.009469950432579843,0.009469950432579843,0.011542548531421924,-0.0020725980988420805,-0.0020725980988420805,0.0,0.0,False,0.0,0.0,0.011542548531421924
2016-03-14,-0.00015592526042467752,-0.00015592526042467752,-0.0007661688254928298,0.0006102435650681523,0.0006102435650681523,0.0,0.0,False,0.0,0.0,-0.0007661688254928298
2016-03-15,-0.002267588031230663,-0.002267588031230663,-0.004291178077545992,0.0020235900463153288,0.0020235900463153288,0.0,0.0,False,0.0,0.0,-0.004291178077545992
2016-03-16,0.0059741879340120445,0.0059741879340120445,0.007420151987253936,-0.001445964053241892,-0.001445964053241892,0.0,0.0,False,0.0,0.0,0.007420151987253936
2016-03-17,0.0043488676545673155,0.0043488676545673155,0.007072094949270131,-0.002723227294702816,-0.002723227294702816,0.0,0.0,False,0.0,0.0,0.007072094949270131
2016-03-18,0.0020245491829736194,0.0020245491829736194,0.0027200488718658314,-0.000695499688892212,-0.000695499688892212,0.0,0.0,False,0.0,0.0,0.0027200488718658314
2016-03-21,-0.000866355956625551,-0.000866355956625551,-0.0007829035779113632,-8.345237871418775e-05,-8.345237871418775e-05,0.0,0.0,False,0.0,0.0,-0.0007829035779113632
2016-03-22,-0.001448905762750713,-0.001448905762750713,-0.001429174878958875,-1.973088379183803e-05,-1.973088379183803e-05,0.0,0.0,False,0.0,0.0,-0.001429174878958875
2016-03-23,-0.0018223552524197786,-0.0018223552524197786,-0.004204362937370393,0.0023820076849506142,0.0023820076849506142,0.0,0.0,False,0.0,0.0,-0.004204362937370393
2016-03-24,-0.0016589511037845067,-0.0016589511037845067,-0.001497277088442167,-0.0001616740153423397,-0.0001616740153423397,0.0,0.0,False,0.0,0.0,-0.001497277088442167
2016-03-28,0.0017764718575851754,0.0017764718575851754,0.0019370962367768851,-0.00016062437919170977,-0.00016062437919170977,0.0,0.0,False,0.0,0.0,0.0019370962367768851
2016-03-29,0.0079964029551414,0.0079964029551414,0.009770351498627601,-0.0017739485434862014,-0.0017739485434862014,0.0,0.0,False,0.0,0.0,0.009770351498627601
2016-03-30,0.002190622326187454,0.002190622326187454,0.002648931431174864,-0.0004583091049874099,-0.0004583091049874099,0.0,0.0,False,0.0,0.0,0.002648931431174864
2016-03-31,-0.0007384535611430215,-0.0007384535611430215,-0.0005981664062936103,-0.0001402871548494112,-0.0001402871548494112,0.0,0.0,False,0.0,0.0,-0.0005981664062936103
2016-04-01,0.0010262232407631667,0.001012522723854854,0.0009281267791032275,8.439594475162645e-05,9.809646165993922e-05,0.013700516908312798,1.3700516908312799e-05,True,0.014884680730180778,1.4884680730180776e-05,0.0009132420983730468
2016-04-04,-0.0010509417889456962,-0.0010509417889456962,-0.0026284563174132636,0.0015775145284675674,0.0015775145284675674,0.0,0.0,False,0.0,0.0,-0.0026284563174132636
2016-04-05,-0.004768648455583725,-0.004768648455583725,-0.00659478996455015,0.0018261415089664253,0.0018261415089664253,0.0,0.0,False,0.0,0.0,-0.00659478996455015
2016-04-06,0.005462496522123901,0.005462496522123901,0.006463748177071109,-0.0010012516549472075,-0.0010012516549472075,0.0,0.0,False,0.0,0.0,0.006463748177071109
2016-04-07,-0.004309778290184771,-0.004309778290184771,-0.006337359798839766,0.0020275815086549945,0.0020275815086549945,0.0,0.0,False,0.0,0.0,-0.006337359798839766
2016-04-08,0.0030557902111512662,0.0030557902111512662,0.004507379638210949,-0.0014515894270596828,-0.0014515894270596828,0.0,0.0,False,0.0,0.0,0.004507379638210949
2016-04-11,-0.0008095696463888729,-0.0008095696463888729,0.00036685167994467507,-0.0011764213263335478,-0.0011764213263335478,0.0,0.0,False,0.0,0.0,0.00036685167994467507
2016-04-12,0.003639323174754337,0.003639323174754337,0.0052999491129781485,-0.0016606259382238114,-0.0016606259382238114,0.0,0.0,False,0.0,0.0,0.0052999491129781485
2016-04-13,0.006813120453017262,0.006813120453017262,0.00909979308206845,-0.002286672629051187,-0.002286672629051187,0.0,0.0,False,0.0,0.0,0.00909979308206845
2016-04-14,-0.00036829846562893355,-0.00036829846562893355,-0.0008519754522005244,0.0004836769865715908,0.0004836769865715908,0.0,0.0,False,0.0,0.0,-0.0008519754522005244
2016-04-15,0.0008759431213459884,0.0008759431213459884,0.000522094386416196,0.0003538487349297924,0.0003538487349297924,0.0,0.0,False,0.0,0.0,0.000522094386416196
2016-04-18,0.0036552063740012955,0.0036552063740012955,0.00399803112054544,-0.00034282474654414447,-0.00034282474654414447,0.0,0.0,False,0.0,0.0,0.00399803112054544
2016-04-19,0.003619321131456635,0.003619321131456635,0.004949688569083315,-0.00133036743762668,-0.00133036743762668,0.0,0.0,False,0.0,0.0,0.004949688569083315
2016-04-20,-0.0016604586932442583,-0.0016604586932442583,-0.0019161479019534475,0.00025568920870918917,0.00025568920870918917,0.0,0.0,False,0.0,0.0,-0.0019161479019534475
2016-04-21,-0.0035097445612514012,-0.0035097445612514012,-0.004479429120799937,0.0009696845595485357,0.0009696845595485357,0.0,0.0,False,0.0,0.0,-0.004479429120799937
2016-04-22,-0.00014187514661819344,-0.00014187514661819344,-0.00020535334849976293,6.347820188156949e-05,6.347820188156949e-05,0.0,0.0,False,0.0,0.0,-0.00020535334849976293
2016-04-25,-0.002140023772928758,-0.002140023772928758,-0.003056710787249002,0.000916687014320244,0.000916687014320244,0.0,0.0,False,0.0,0.0,-0.003056710787249002
2016-04-26,0.00032262652249743807,0.00032262652249743807,0.0018634803936569445,-0.0015408538711595065,-0.0015408538711595065,0.0,0.0,False,0.0,0.0,0.0018634803936569445
2016-04-27,0.0036135905660352125,0.0036135905660352125,0.004017620193090802,-0.00040402962705558994,-0.00040402962705558994,0.0,0.0,False,0.0,0.0,0.004017620193090802
2016-04-28,-0.004111229095062873,-0.004111229095062873,-0.005423694945867321,0.0013124658508044482,0.0013124658508044482,0.0,0.0,False,0.0,0.0,-0.005423694945867321
2016-04-29,-0.0025571815480462333,-0.0025571815480462333,-0.002940770267733745,0.00038358871968751165,0.00038358871968751165,0.0,0.0,False,0.0,0.0,-0.002940770267733745
2016-05-02,0.0030920773991662052,0.003089075643883361,0.0027014410571219393,0.00038763458676142155,0.00039063634204426594,0.0030017552828444463,3.001755282844446e-06,True,0.003877987232148314,3.877987232148314e-06,0.002697563069889791
2016-05-03,-0.0034029323506768756,-0.0034029323506768756,-0.006681818855028642,0.003278886504351766,0.003278886504351766,0.0,0.0,False,0.0,0.0,-0.006681818855028642
2016-05-04,-0.003385012748245076,-0.003385012748245076,-0.005002079858297707,0.0016170671100526309,0.0016170671100526309,0.0,0.0,False,0.0,0.0,-0.005002079858297707
2016-05-05,0.00084210873866715,0.00084210873866715,0.0005976611883572795,0.00024444755030987044,0.00024444755030987044,0.0,0.0,False,0.0,0.0,0.0005976611883572795
2016-05-06,0.000580339609064953,0.000580339609064953,0.0009280907041012998,-0.00034775109503634683,-0.00034775109503634683,0.0,0.0,False,0.0,0.0,0.0009280907041012998
2016-05-09,0.0004877737792840352,0.0004877737792840352,-0.0007545350928889112,0.0012423088721729464,0.0012423088721729464,0.0,0.0,False,0.0,0.0,-0.0007545350928889112
2016-05-10,0.006771257853138868,0.006771257853138868,0.0084146587350568,-0.0016434008819179325,-0.0016434008819179325,0.0,0.0,False,0.0,0.0,0.0084146587350568
2016-05-11,-0.003964415942798537,-0.003964415942798537,-0.004210261517419996,0.00024584557462145867,0.00024584557462145867,0.0,0.0,False,0.0,0.0,-0.004210261517419996
2016-05-12,-0.0011987740962826543,-0.0011987740962826543,-0.0015855199877595806,0.0003867458914769263,0.0003867458914769263,0.0,0.0,False,0.0,0.0,-0.0015855199877595806
2016-05-13,-0.0030763087087759843,-0.0030763087087759843,-0.0046669310160469225,0.0015906223072709382,0.0015906223072709382,0.0,0.0,False,0.0,0.0,-0.0046669310160469225
2016-05-16,0.0035594125535895874,0.0035594125535895874,0.00481449919617121,-0.0012550866425816228,-0.0012550866425816228,0.0,0.0,False,0.0,0.0,0.00481449919617121
2016-05-17,-0.0049469449307048986,-0.0049469449307048986,-0.005370813756639009,0.00042386882593411015,0.00042386882593411015,0.0,0.0,False,0.0,0.0,-0.005370813756639009
2016-05-18,-0.0038875449243505216,-0.0038875449243505216,-0.0042035821454692425,0.0003160372211187209,0.0003160372211187209,0.0,0.0,False,0.0,0.0,-0.0042035821454692425
2016-05-19,-0.0016632842413944005,-0.0016632842413944005,-0.002620775111135641,0.0009574908697412407,0.0009574908697412407,0.0,0.0,False,0.0,0.0,-0.002620775111135641
2016-05-20,0.003830953073471105,0.003830953073471105,0.005183861100375568,-0.001352908026904463,-0.001352908026904463,0.0,0.0,False,0.0,0.0,0.005183861100375568
2016-05-23,-0.0007776393422183728,-0.0007776393422183728,-0.0008986188631061865,0.00012097952088781368,0.00012097952088781368,0.0,0.0,False,0.0,0.0,-0.0008986188631061865
2016-05-24,0.006021310019508465,0.006021310019508465,0.007266448087742645,-0.0012451380682341794,-0.0012451380682341794,0.0,0.0,False,0.0,0.0,0.007266448087742645
2016-05-25,0.004154488756511388,0.004154488756511388,0.005056722705711029,-0.0009022339491996413,-0.0009022339491996413,0.0,0.0,False,0.0,0.0,0.005056722705711029
2016-05-26,0.0020139244657838644,0.0020139244657838644,0.002386399712079077,-0.0003724752462952127,-0.0003724752462952127,0.0,0.0,False,0.0,0.0,0.002386399712079077
2016-05-27,0.0005861020002275254,0.0005861020002275254,0.001058039462649323,-0.00047193746242179754,-0.00047193746242179754,0.0,0.0,False,0.0,0.0,0.001058039462649323
2016-05-31,-0.0007811003905006617,-0.0007811003905006617,-0.0003860371503077247,-0.000395063240192937,-0.000395063240192937,0.0,0.0,False,0.0,0.0,-0.0003860371503077247
2016-06-01,0.0005661726437181385,0.0005612186566998035,0.001006096345321117,-0.0004448776886213134,-0.00043992370160297846,0.004953987018334915,4.953987018334916e-06,True,0.005880415405235508,5.8804154052355085e-06,0.0010002159299158813
2016-06-02,0.0024327607422734336,0.0024327607422734336,0.00339868393498437,-0.0009659231927109362,-0.0009659231927109362,0.0,0.0,False,0.0,0.0,0.00339868393498437
2016-06-03,0.004357132340962977,0.004357132340962977,0.005079862070326227,-0.0007227297293632496,-0.0007227297293632496,0.0,0.0,False,0.0,0.0,0.005079862070326227
2016-06-06,0.001413365220998928,0.001413365220998928,0.002706557042171447,-0.001293191821172519,-0.001293191821172519,0.0,0.0,False,0.0,0.0,0.002706557042171447
2016-06-07,0.0024295638985226704,0.0024295638985226704,0.0032626498701433895,-0.0008330859716207191,-0.0008330859716207191,0.0,0.0,False,0.0,0.0,0.0032626498701433895
2016-06-08,0.002347611980016487,0.002347611980016487,0.0033896088019957603,-0.0010419968219792732,-0.0010419968219792732,0.0,0.0,False,0.0,0.0,0.0033896088019957603
2016-06-09,-0.0017169381396176715,-0.0017169381396176715,-0.0029174409759119826,0.0012005028362943111,0.0012005028362943111,0.0,0.0,False,0.0,0.0,-0.0029174409759119826
2016-06-10,-0.006554866324762585,-0.006554866324762585,-0.009302165069577895,0.0027472987448153097,0.0027472987448153097,0.0,0.0,False,0.0,0.0,-0.009302165069577895
2016-06-13,-0.004473530462043811,-0.004473530462043811,-0.005970668282716922,0.001497137820673111,0.001497137820673111,0.0,0.0,False,0.0,0.0,-0.005970668282716922
2016-06-14,-0.0035648947227250394,-0.0035648947227250394,-0.0038056869630979217,0.00024079224037288228,0.00024079224037288228,0.0,0.0,False,0.0,0.0,-0.0038056869630979217
2016-06-15,0.002152546813068881,0.002152546813068881,0.0030252740202528377,-0.0008727272071839568,-0.0008727272071839568,0.0,0.0,False,0.0,0.0,0.0030252740202528377
2016-06-16,0.0019601802147358005,0.0019601802147358005,0.001528267193748567,0.00043191302098723357,0.00043191302098723357,0.0,0.0,False,0.0,0.0,0.001528267193748567
2016-06-17,-0.0014241487859670654,-0.0014241487859670654,-0.0011104993061542593,-0.00031364947981280607,-0.00031364947981280607,0.0,0.0,False,0.0,0.0,-0.0011104993061542593
2016-06-20,0.004364947700181519,0.004364947700181519,0.006204522054773261,-0.0018395743545917423,-0.0018395743545917423,0.0,0.0,False,0.0,0.0,0.006204522054773261
2016-06-21,0.0013456111032835384,0.0013456111032835384,0.0018990603608040567,-0.0005534492575205183,-0.0005534492575205183,0.0,0.0,False,0.0,0.0,0.0018990603608040567
2016-06-22,0.0002907905492495002,0.0002907905492495002,0.00024721915868982465,4.3571390559675536e-05,4.3571390559675536e-05,0.0,0.0,False,0.0,0.0,0.00024721915868982465
2016-06-23,0.007098001036524656,0.007098001036524656,0.009694706966309762,-0.002596705929785106,-0.002596705929785106,0.0,0.0,False,0.0,0.0,0.009694706966309762
2016-06-24,-0.02097705079125374,-0.02097705079125374,-0.027072507617327535,0.006095456826073795,0.006095456826073795,0.0,0.0,False,0.0,0.0,-0.027072507617327535
2016-06-27,-0.005348875615182347,-0.005348875615182347,-0.007162508455036052,0.0018136328398537047,0.0018136328398537047,0.0,0.0,False,0.0,0.0,-0.007162508455036052
2016-06-28,0.010783150809963723,0.010783150809963723,0.013554336300290633,-0.00277118549032691,-0.00277118549032691,0.0,0.0,False,0.0,0.0,0.013554336300290633
2016-06-29,0.007088727642781251,0.007088727642781251,0.009943861830041738,-0.002855134187260487,-0.002855134187260487,0.0,0.0,False,0.0,0.0,0.009943861830041738
2016-06-30,0.008296844975370513,0.008296844975370513,0.00928076675003339,-0.0009839217746628777,-0.0009839217746628777,0.0,0.0,False,0.0,0.0,0.00928076675003339
2016-07-01,0.0029807022861717707,0.0028171415397983,0.0037768114684519354,-0.0009596699286536356,-0.0007961091822801646,0.16356074637347073,0.00016356074637347074,True,0.01054751572140128,1.054751572140128e-05,0.003766263952730534
2016-07-05,-0.002490632332384124,-0.002490632332384124,-0.005687243416924124,0.0031966110845400002,0.0031966110845400002,0.0,0.0,False,0.0,0.0,-0.005687243416924124
2016-07-06,0.0035601587525649053,0.0035601587525649053,0.002010303614532062,0.0015498551380328431,0.0015498551380328431,0.0,0.0,False,0.0,0.0,0.002010303614532062
2016-07-07,-0.0003126181856863218,-0.0003126181856863218,-0.0011792353065120731,0.0008666171208257514,0.0008666171208257514,0.0,0.0,False,0.0,0.0,-0.0011792353065120731
2016-07-08,0.010392422891576663,0.010392422891576663,0.011613156723554462,-0.001220733831977799,-0.001220733831977799,0.0,0.0,False,0.0,0.0,0.011613156723554462
2016-07-11,0.0009194882243861104,0.0009194882243861104,0.002861203047103059,-0.0019417148227169486,-0.0019417148227169486,0.0,0.0,False,0.0,0.0,0.002861203047103059
2016-07-12,0.0018937072224054488,0.0018937072224054488,0.0034431443562640317,-0.001549437133858583,-0.001549437133858583,0.0,0.0,False,0.0,0.0,0.0034431443562640317
2016-07-13,0.0007374959315617027,0.0007374959315617027,0.0010945320692442423,-0.00035703613768253966,-0.00035703613768253966,0.0,0.0,False,0.0,0.0,0.0010945320692442423
2016-07-14,0.0003762598430232372,0.0003762598430232372,0.002581709896298664,-0.002205450053275427,-0.002205450053275427,0.0,0.0,False,0.0,0.0,0.002581709896298664
2016-07-15,-0.0018611173974391161,-0.0018611173974391161,-0.002992628948578984,0.0011315115511398677,0.0011315115511398677,0.0,0.0,False,0.0,0.0,-0.002992628948578984
2016-07-18,0.0011393304100075986,0.0011393304100075986,0.002088953107817458,-0.0009496226978098592,-0.0009496226978098592,0.0,0.0,False,0.0,0.0,0.002088953107817458
2016-07-19,-2.9834519955406922e-05,-2.9834519955406922e-05,-0.001746208276262538,0.001716373756307131,0.001716373756307131,0.0,0.0,False,0.0,0.0,-0.001746208276262538
2016-07-20,0.0018155060035689639,0.0018155060035689639,0.0027440987720148114,-0.0009285927684458475,-0.0009285927684458475,0.0,0.0,False,0.0,0.0,0.0027440987720148114
2016-07-21,-0.001215459897824541,-0.001215459897824541,-0.0016124798954205832,0.0003970199975960422,0.0003970199975960422,0.0,0.0,False,0.0,0.0,-0.0016124798954205832
2016-07-22,0.0024637365283593626,0.0024637365283593626,0.002621824383279715,-0.0001580878549203523,-0.0001580878549203523,0.0,0.0,False,0.0,0.0,0.002621824383279715
2016-07-25,-0.0015636321626951916,-0.0015636321626951916,-0.002389188028686327,0.0008255558659911355,0.0008255558659911355,0.0,0.0,False,0.0,0.0,-0.002389188028686327
2016-07-26,0.0010285229669134723,0.0010285229669134723,0.0018768819827079354,-0.0008483590157944631,-0.0008483590157944631,0.0,0.0,False,0.0,0.0,0.0018768819827079354
2016-07-27,0.0021213452991968394,0.0021213452991968394,0.0027741036976353293,-0.0006527583984384899,-0.0006527583984384899,0.0,0.0,False,0.0,0.0,0.0027741036976353293
2016-07-28,2.2170340160620333e-05,2.2170340160620333e-05,-4.304964025470781e-05,6.521998041532815e-05,6.521998041532815e-05,0.0,0.0,False,0.0,0.0,-4.304964025470781e-05
2016-07-29,0.0027085736130544043,0.0027085736130544043,0.00461157426716206,-0.0019030006541076558,-0.0019030006541076558,0.0,0.0,False,0.0,0.0,0.00461157426716206
2016-08-01,-0.0021936592705388063,-0.0022032629722645316,-0.0034645980965138153,0.0012613351242492838,0.001270938825975009,0.009603701725725243,9.603701725725243e-06,True,0.007779135827220684,7.779135827220685e-06,-0.003472377232341036
2016-08-02,-0.006152259412374675,-0.006152259412374675,-0.005931298109294258,-0.0002209613030804171,-0.0002209613030804171,0.0,0.0,False,0.0,0.0,-0.005931298109294258
2016-08-03,0.002698267824501243,0.002698267824501243,0.0014276694134919493,0.0012705984110092938,0.0012705984110092938,0.0,0.0,False,0.0,0.0,0.0014276694134919493
2016-08-04,0.001979673892766128,0.001979673892766128,0.0032716151941525927,-0.0012919413013864648,-0.0012919413013864648,0.0,0.0,False,0.0,0.0,0.0032716151941525927
2016-08-05,0.002457182074765362,0.002457182074765362,0.0026489069331371174,-0.0001917248583717555,-0.0001917248583717555,0.0,0.0,False,0.0,0.0,0.0026489069331371174
2016-08-08,-0.00036753137403780056,-0.00036753137403780056,0.0009084211001751365,-0.001275952474212937,-0.001275952474212937,0.0,0.0,False,0.0,0.0,0.0009084211001751365
2016-08-09,0.002473808560359971,0.002473808560359971,0.004180658973693069,-0.001706850413333098,-0.001706850413333098,0.0,0.0,False,0.0,0.0,0.004180658973693069
2016-08-10,-0.0007043226594330992,-0.0007043226594330992,0.0005800771721320742,-0.0012843998315651734,-0.0012843998315651734,0.0,0.0,False,0.0,0.0,0.0005800771721320742
2016-08-11,0.0002778616275878995,0.0002778616275878995,0.0021422364081360953,-0.0018643747805481958,-0.0018643747805481958,0.0,0.0,False,0.0,0.0,0.0021422364081360953
2016-08-12,0.0017398026849826714,0.0017398026849826714,0.0008098230710985924,0.000929979613884079,0.000929979613884079,0.0,0.0,False,0.0,0.0,0.0008098230710985924
2016-08-15,0.0011569891086094406,0.0011569891086094406,0.0015192996875296497,-0.0003623105789202091,-0.0003623105789202091,0.0,0.0,False,0.0,0.0,0.0015192996875296497
2016-08-16,-0.003969222926748615,-0.003969222926748615,-0.0033832683744982016,-0.0005859545522504134,-0.0005859545522504134,0.0,0.0,False,0.0,0.0,-0.0033832683744982016
2016-08-17,0.0011456185847656933,0.0011456185847656933,0.0007248063021276658,0.00042081228263802747,0.00042081228263802747,0.0,0.0,False,0.0,0.0,0.0007248063021276658
2016-08-18,0.0029468393229869156,0.0029468393229869156,0.0035672515217855163,-0.0006204121987986007,-0.0006204121987986007,0.0,0.0,False,0.0,0.0,0.0035672515217855163
2016-08-19,-0.0020999697237810977,-0.0020999697237810977,-0.003507945750996994,0.0014079760272158962,0.0014079760272158962,0.0,0.0,False,0.0,0.0,-0.003507945750996994
2016-08-22,0.0016195323577669516,0.0016195323577669516,0.00024108615940672973,0.0013784461983602219,0.0013784461983602219,0.0,0.0,False,0.0,0.0,0.00024108615940672973
2016-08-23,0.0019852116269245055,0.0019852116269245055,0.0013922144625898314,0.0005929971643346742,0.0005929971643346742,0.0,0.0,False,0.0,0.0,0.0013922144625898314
2016-08-24,-0.0033424702575946246,-0.0033424702575946246,-0.00231852968308919,-0.0010239405745054346,-0.0010239405745054346,0.0,0.0,False,0.0,0.0,-0.00231852968308919
2016-08-25,-0.0006083758650174031,-0.0006083758650174031,-0.0012913329064000892,0.0006829570413826861,0.0006829570413826861,0.0,0.0,False,0.0,0.0,-0.0012913329064000892
2016-08-26,-0.002753405036709472,-0.002753405036709472,-0.003965673018191687,0.0012122679814822153,0.0012122679814822153,0.0,0.0,False,0.0,0.0,-0.003965673018191687
2016-08-29,0.004820648480973328,0.004820648480973328,0.005302515739643319,-0.00048186725866999035,-0.00048186725866999035,0.0,0.0,False,0.0,0.0,0.005302515739643319
2016-08-30,-0.0005043406111190367,-0.0005043406111190367,-0.0012819256699464457,0.000777585058827409,0.000777585058827409,0.0,0.0,False,0.0,0.0,-0.0012819256699464457
2016-08-31,-0.00236733730035638,-0.00236733730035638,-0.002798720621190221,0.00043138332083384086,0.00043138332083384086,0.0,0.0,False,0.0,0.0,-0.002798720621190221
2016-09-01,-2.4342071891439584e-06,-0.0002821299652351159,0.0022140725702174623,-0.0024962025354525784,-0.002216506777406606,0.2796957580459719,0.0002796957580459719,True,0.0026970283573682224,2.6970283573682226e-06,0.002211375541860094
2016-09-02,0.0031438795140507516,0.0031438795140507516,0.004021600367090504,-0.0008777208530397524,-0.0008777208530397524,0.0,0.0,False,0.0,0.0,0.004021600367090504
2016-09-06,0.003363132051634175,0.003363132051634175,0.005956090341759788,-0.002592958290125613,-0.002592958290125613,0.0,0.0,False,0.0,0.0,0.005956090341759788
2016-09-07,0.0010754806806608883,0.0010754806806608883,-9.606043082968714e-05,0.0011715411114905754,0.0011715411114905754,0.0,0.0,False,0.0,0.0,-9.606043082968714e-05
2016-09-08,-0.004913967345929881,-0.004913967345929881,-0.004120347688438537,-0.0007936196574913441,-0.0007936196574913441,0.0,0.0,False,0.0,0.0,-0.004120347688438537
2016-09-09,-0.019864652316457225,-0.019864652316457225,-0.01802603132840532,-0.0018386209880519033,-0.0018386209880519033,0.0,0.0,False,0.0,0.0,-0.01802603132840532
2016-09-12,0.008375438177545231,0.008375438177545231,0.007116101342040186,0.0012593368355050451,0.0012593368355050451,0.0,0.0,False,0.0,0.0,0.007116101342040186
2016-09-13,-0.011709001866102298,-0.011709001866102298,-0.012666242639525687,0.0009572407734233894,0.0009572407734233894,0.0,0.0,False,0.0,0.0,-0.012666242639525687
2016-09-14,0.000530378925843793,0.000530378925843793,0.0006195763574448917,-8.919743160109867e-05,-8.919743160109867e-05,0.0,0.0,False,0.0,0.0,0.0006195763574448917
2016-09-15,0.0059834303440378,0.0059834303440378,0.006548888034989271,-0.0005654576909514715,-0.0005654576909514715,0.0,0.0,False,0.0,0.0,0.006548888034989271
2016-09-16,-0.0010984707932497235,-0.0010984707932497235,-0.003089113317004747,0.0019906425237550237,0.0019906425237550237,0.0,0.0,False,0.0,0.0,-0.003089113317004747
2016-09-19,0.001721354619189141,0.001721354619189141,0.0014194900967925393,0.00030186452239660167,0.00030186452239660167,0.0,0.0,False,0.0,0.0,0.0014194900967925393
2016-09-20,-0.00026460642709610097,-0.00026460642709610097,0.0014395036998656467,-0.0017041101269617478,-0.0017041101269617478,0.0,0.0,False,0.0,0.0,0.0014395036998656467
2016-09-21,0.009249268395007865,0.009249268395007865,0.011053249617038872,-0.0018039812220310078,-0.0018039812220310078,0.0,0.0,False,0.0,0.0,0.011053249617038872
2016-09-22,0.007685441779307281,0.007685441779307281,0.006462080017243179,0.001223361762064102,0.001223361762064102,0.0,0.0,False,0.0,0.0,0.006462080017243179
2016-09-23,-0.003023622362682966,-0.003023622362682966,-0.004664994976617411,0.0016413726139344448,0.0016413726139344448,0.0,0.0,False,0.0,0.0,-0.004664994976617411
2016-09-26,-0.0035392249562377093,-0.0035392249562377093,-0.00471633793241337,0.0011771129761756604,0.0011771129761756604,0.0,0.0,False,0.0,0.0,-0.00471633793241337
2016-09-27,0.0027871309211445873,0.0027871309211445873,0.0052903084701708975,-0.00250317754902631,-0.00250317754902631,0.0,0.0,False,0.0,0.0,0.0052903084701708975
2016-09-28,0.003903582736875708,0.003903582736875708,0.003764872430120616,0.00013871030675509204,0.00013871030675509204,0.0,0.0,False,0.0,0.0,0.003764872430120616
2016-09-29,-0.006827544846173067,-0.006827544846173067,-0.006921940221994671,9.43953758216036e-05,9.43953758216036e-05,0.0,0.0,False,0.0,0.0,-0.006921940221994671
2016-09-30,0.0030273972786787487,0.0030273972786787487,0.0032004084302610153,-0.00017301115158226653,-0.00017301115158226653,0.0,0.0,False,0.0,0.0,0.0032004084302610153
2016-10-03,-0.003993684516742896,-0.0040592078724598964,-0.001645053775964089,-0.0024141540964958074,-0.0023486307407788068,0.06552335571700095,6.552335571700096e-05,True,0.003746803134698485,3.746803134698485e-06,-0.0016488005790987875
2016-10-04,-0.007351136268279417,-0.007351136268279417,-0.00511836146463396,-0.0022327748036454573,-0.0022327748036454573,0.0,0.0,False,0.0,0.0,-0.00511836146463396
2016-10-05,0.0004538438742819355,0.0004538438742819355,0.0028498423749867352,-0.0023959985007047995,-0.0023959985007047995,0.0,0.0,False,0.0,0.0,0.0028498423749867352
2016-10-06,-0.0004012053170045778,-0.0004012053170045778,-0.0012533830702818876,0.0008521777532773097,0.0008521777532773097,0.0,0.0,False,0.0,0.0,-0.0012533830702818876
2016-10-07,-0.0017588656311664148,-0.0017588656311664148,-0.001977022355918568,0.00021815672475215342,0.00021815672475215342,0.0,0.0,False,0.0,0.0,-0.001977022355918568
2016-10-10,0.0044363155718563805,0.0044363155718563805,0.002884922430884289,0.0015513931409720915,0.0015513931409720915,0.0,0.0,False,0.0,0.0,0.002884922430884289
2016-10-11,-0.009538631280365072,-0.009538631280365072,-0.009824443768643457,0.0002858124882783846,0.0002858124882783846,0.0,0.0,False,0.0,0.0,-0.009824443768643457
2016-10-12,0.001776416401943959,0.001776416401943959,7.520539236990472e-05,0.0017012110095740544,0.0017012110095740544,0.0,0.0,False,0.0,0.0,7.520539236990472e-05
2016-10-13,-0.000851167515711319,-0.000851167515711319,-0.00188289710199369,0.001031729586282371,0.001031729586282371,0.0,0.0,False,0.0,0.0,-0.00188289710199369
2016-10-14,-0.002785322078220913,-0.002785322078220913,-0.0016425671271006748,-0.0011427549511202383,-0.0011427549511202383,0.0,0.0,False,0.0,0.0,-0.0016425671271006748
2016-10-17,8.185826298830185e-05,8.185826298830185e-05,-0.0004038010853226248,0.00048565934831092664,0.00048565934831092664,0.0,0.0,False,0.0,0.0,-0.0004038010853226248
2016-10-18,0.004833818626552312,0.004833818626552312,0.0063338258419576516,-0.0015000072154053396,-0.0015000072154053396,0.0,0.0,False,0.0,0.0,0.0063338258419576516
2016-10-19,0.0025669420680805,0.0025669420680805,0.002368378484672194,0.00019856358340830617,0.00019856358340830617,0.0,0.0,False,0.0,0.0,0.002368378484672194
2016-10-20,-0.0015965093898005138,-0.0015965093898005138,-0.0009508025917725025,-0.0006457067980280113,-0.0006457067980280113,0.0,0.0,False,0.0,0.0,-0.0009508025917725025
2016-10-21,3.848792294258568e-05,3.848792294258568e-05,0.00013241767734967048,-9.39297544070848e-05,-9.39297544070848e-05,0.0,0.0,False,0.0,0.0,0.00013241767734967048
2016-10-24,0.0015382899198843115,0.0015382899198843115,0.001077817145753857,0.0004604727741304546,0.0004604727741304546,0.0,0.0,False,0.0,0.0,0.001077817145753857
2016-10-25,-0.0023328262242061576,-0.0023328262242061576,-0.0013902630322365943,-0.0009425631919695633,-0.0009425631919695633,0.0,0.0,False,0.0,0.0,-0.0013902630322365943
2016-10-26,-0.005105917427489195,-0.005105917427489195,-0.0042315314170672256,-0.0008743860104219693,-0.0008743860104219693,0.0,0.0,False,0.0,0.0,-0.0042315314170672256
2016-10-27,-0.006284785635584696,-0.006284785635584696,-0.004312978273961453,-0.0019718073616232434,-0.0019718073616232434,0.0,0.0,False,0.0,0.0,-0.004312978273961453
2016-10-28,-0.0014349821526612177,-0.0014349821526612177,-0.0017315266720811678,0.0002965445194199501,0.0002965445194199501,0.0,0.0,False,0.0,0.0,-0.0017315266720811678
2016-10-31,0.002389266620600526,0.002389266620600526,0.0014565403001666234,0.0009327263204339025,0.0009327263204339025,0.0,0.0,False,0.0,0.0,0.0014565403001666234
2016-11-01,-0.004924010426080386,-0.005067427172437175,-0.004419521513260705,-0.0006479056591764702,-0.0005044889128196809,0.1434167463567888,0.00014341674635678881,True,0.0030903441852266345,3.0903441852266346e-06,-0.004422611857445932
2016-11-02,-0.002986279483654892,-0.002986279483654892,-0.003591495710940574,0.000605216227285682,0.000605216227285682,0.0,0.0,False,0.0,0.0,-0.003591495710940574
2016-11-03,-0.004145075987975771,-0.004145075987975771,-0.0028503128520102564,-0.0012947631359655149,-0.0012947631359655149,0.0,0.0,False,0.0,0.0,-0.0028503128520102564
2016-11-04,0.0029504145075074507,0.0029504145075074507,-0.0009327565038478766,0.003883171011355327,0.003883171011355327,0.0,0.0,False,0.0,0.0,-0.0009327565038478766
2016-11-07,0.010058170108921544,0.010058170108921544,0.011987281306512217,-0.0019291111975906737,-0.0019291111975906737,0.0,0.0,False,0.0,0.0,0.011987281306512217
2016-11-08,0.0006490515118557186,0.0006490515118557186,0.0012990929254277073,-0.0006500414135719887,-0.0006500414135719887,0.0,0.0,False,0.0,0.0,0.0012990929254277073
2016-11-09,-0.002350054139110009,-0.002350054139110009,-0.005745009663789595,0.003394955524679586,0.003394955524679586,0.0,0.0,False,0.0,0.0,-0.005745009663789595
2016-11-10,0.0012800977016858314,0.0012800977016858314,-0.0036244015219746833,0.004904499223660515,0.004904499223660515,0.0,0.0,False,0.0,0.0,-0.0036244015219746833
2016-11-11,0.0008213736928036957,0.0008213736928036957,-0.0035367174843559356,0.004358091177159631,0.004358091177159631,0.0,0.0,False,0.0,0.0,-0.0035367174843559356
2016-11-14,0.0001471114316630752,0.0001471114316630752,-0.002677929209654381,0.002825040641317456,0.002825040641317456,0.0,0.0,False,0.0,0.0,-0.002677929209654381
2016-11-15,0.005001134427371408,0.005001134427371408,0.005819061161737124,-0.0008179267343657159,-0.0008179267343657159,0.0,0.0,False,0.0,0.0,0.005819061161737124
2016-11-16,0.0009739277349237116,0.0009739277349237116,-0.002124886122278938,0.0030988138572026497,0.0030988138572026497,0.0,0.0,False,0.0,0.0,-0.002124886122278938
2016-11-17,-0.0012301257564131093,-0.0012301257564131093,0.0006804220330902699,-0.0019105477895033792,-0.0019105477895033792,0.0,0.0,False,0.0,0.0,0.0006804220330902699
2016-11-18,-0.002150704632211654,-0.002150704632211654,-0.004291396681022445,0.0021406920488107914,0.0021406920488107914,0.0,0.0,False,0.0,0.0,-0.004291396681022445
2016-11-21,0.004192432463887275,0.004192432463887275,0.005248171862138343,-0.0010557393982510675,-0.0010557393982510675,0.0,0.0,False,0.0,0.0,0.005248171862138343
2016-11-22,0.0031302363888533148,0.0031302363888533148,0.0034741668166399504,-0.00034393042778663565,-0.00034393042778663565,0.0,0.0,False,0.0,0.0,0.0034741668166399504
2016-11-23,-0.0004264951509049584,-0.0004264951509049584,-0.0024411220268210046,0.002014626875916046,0.002014626875916046,0.0,0.0,False,0.0,0.0,-0.0024411220268210046
2016-11-25,0.0021422907976776182,0.0021422907976776182,0.0021762449079274857,-3.39541102498675e-05,-3.39541102498675e-05,0.0,0.0,False,0.0,0.0,0.0021762449079274857
2016-11-28,-0.0015530513611394404,-0.0015530513611394404,-0.0007355365098643391,-0.0008175148512751013,-0.0008175148512751013,0.0,0.0,False,0.0,0.0,-0.0007355365098643391
2016-11-29,0.001604293186836378,0.001604293186836378,0.0022542628792072343,-0.0006499696923708562,-0.0006499696923708562,0.0,0.0,False,0.0,0.0,0.0022542628792072343
2016-11-30,-0.005075966646461625,-0.005075966646461625,-0.003626516650449287,-0.001449449996012338,-0.001449449996012338,0.0,0.0,False,0.0,0.0,-0.003626516650449287
2016-12-01,-0.005745210209085254,-0.006024763245930614,-0.005241526010028597,-0.0007832372359020175,-0.0005036841990566573,0.2795530368453606,0.00027955303684536057,True,0.01947133662564299,1.947133662564299e-05,-0.00526099734665424
2016-12-02,0.002788727314508165,0.002788727314508165,0.0025580753068118658,0.00023065200769629935,0.00023065200769629935,0.0,0.0,False,0.0,0.0,0.0025580753068118658
2016-12-05,0.003685843814804356,0.003685843814804356,0.005153178970056495,-0.0014673351552521386,-0.0014673351552521386,0.0,0.0,False,0.0,0.0,0.005153178970056495
2016-12-06,0.0019018101303164617,0.0019018101303164617,0.003083445669750482,-0.0011816355394340201,-0.0011816355394340201,0.0,0.0,False,0.0,0.0,0.003083445669750482
2016-12-07,0.009449829352802587,0.009449829352802587,0.010073213529948829,-0.0006233841771462415,-0.0006233841771462415,0.0,0.0,False,0.0,0.0,0.010073213529948829
2016-12-08,-0.0004579121782400215,-0.0004579121782400215,-8.89656307347088e-05,-0.0003689465475053127,-0.0003689465475053127,0.0,0.0,False,0.0,0.0,-8.89656307347088e-05
2016-12-09,-0.0013892031951763504,-0.0013892031951763504,-0.0001423480398399068,-0.0012468551553364436,-0.0012468551553364436,0.0,0.0,False,0.0,0.0,-0.0001423480398399068
2016-12-12,-0.0014314332957030738,-0.0014314332957030738,-0.002248489908678715,0.0008170566129756412,0.0008170566129756412,0.0,0.0,False,0.0,0.0,-0.002248489908678715
2016-12-13,0.004800489872821045,0.004800489872821045,0.005403046861689254,-0.0006025569888682084,-0.0006025569888682084,0.0,0.0,False,0.0,0.0,0.005403046861689254
2016-12-14,-0.01171812079151906,-0.01171812079151906,-0.011493115963827731,-0.00022500482769132954,-0.00022500482769132954,0.0,0.0,False,0.0,0.0,-0.011493115963827731
2016-12-15,0.0009615828383839641,0.0009615828383839641,0.001263469230258241,-0.00030188639187427686,-0.00030188639187427686,0.0,0.0,False,0.0,0.0,0.001263469230258241
2016-12-16,-0.0011831236029234199,-0.0011831236029234199,-0.001016421233290976,-0.00016670236963244392,-0.00016670236963244392,0.0,0.0,False,0.0,0.0,-0.001016421233290976
2016-12-19,0.00221488210165166,0.00221488210165166,0.002238566671247728,-2.3684569596068173e-05,-2.3684569596068173e-05,0.0,0.0,False,0.0,0.0,0.002238566671247728
2016-12-20,0.0009266292149766766,0.0009266292149766766,0.001727372864301463,-0.0008007436493247865,-0.0008007436493247865,0.0,0.0,False,0.0,0.0,0.001727372864301463
2016-12-21,-0.0003255454802120662,-0.0003255454802120662,-0.0005494621512135813,0.0002239166710015151,0.0002239166710015151,0.0,0.0,False,0.0,0.0,-0.0005494621512135813
2016-12-22,-0.0026913081315449753,-0.0026913081315449753,-0.00263366561209567,-5.7642519449305294e-05,-5.7642519449305294e-05,0.0,0.0,False,0.0,0.0,-0.00263366561209567
2016-12-23,0.002349135117521682,0.002349135117521682,0.0022022215268538573,0.0001469135906678248,0.0001469135906678248,0.0,0.0,False,0.0,0.0,0.0022022215268538573
2016-12-27,0.0013245414255610767,0.0013245414255610767,0.0005190066927718647,0.0008055347327892119,0.0008055347327892119,0.0,0.0,False,0.0,0.0,0.0005190066927718647
2016-12-28,-4.162183086817953e-05,-4.162183086817953e-05,-0.0012886054308269817,0.0012469835999588022,0.0012469835999588022,0.0,0.0,False,0.0,0.0,-0.0012886054308269817
2016-12-29,0.005141065924443192,0.005141065924443192,0.0033100684466576148,0.0018309974777855776,0.0018309974777855776,0.0,0.0,False,0.0,0.0,0.0033100684466576148
2016-12-30,-0.0023734997092467775,-0.0023734997092467775,-0.0005939551179861788,-0.0017795445912605987,-0.0017795445912605987,0.0,0.0,False,0.0,0.0,-0.0005939551179861788
2017-01-03,0.004377250879814977,0.004097294224353891,0.004925166376215184,-0.000827872151861293,-0.0005479154964002069,0.27995665546108583,0.0002799566554610858,True,0.005456568845847186,5.456568845847186e-06,0.004919709807369337
2017-01-04,0.006697881874074354,0.006697881874074354,0.006026909760250138,0.0006709721138242163,0.0006709721138242163,0.0,0.0,False,0.0,0.0,0.006026909760250138
2017-01-05,-0.00040916826147664254,-0.00040916826147664254,0.004426230922281974,-0.004835399183758617,-0.004835399183758617,0.0,0.0,False,0.0,0.0,0.004426230922281974
2017-01-06,-0.0012288455355020634,-0.0012288455355020634,-0.0021920690161824612,0.0009632234806803979,0.0009632234806803979,0.0,0.0,False,0.0,0.0,-0.0021920690161824612
2017-01-09,-0.0015178335872884174,-0.0015178335872884174,-0.00018879124670740158,-0.001329042340581016,-0.001329042340581016,0.0,0.0,False,0.0,0.0,-0.00018879124670740158
2017-01-10,0.0013506964549150774,0.0013506964549150774,0.0008741037513379562,0.0004765927035771211,0.0004765927035771211,0.0,0.0,False,0.0,0.0,0.0008741037513379562
2017-01-11,0.0019003894938598202,0.0019003894938598202,0.0035634454924045053,-0.0016630559985446852,-0.0016630559985446852,0.0,0.0,False,0.0,0.0,0.0035634454924045053
2017-01-12,-0.0020930809279693253,-0.0020930809279693253,-0.0004667437754827795,-0.0016263371524865458,-0.0016263371524865458,0.0,0.0,False,0.0,0.0,-0.0004667437754827795
2017-01-13,0.001312208364503091,0.001312208364503091,0.0005481926740335018,0.0007640156904695891,0.0007640156904695891,0.0,0.0,False,0.0,0.0,0.0005481926740335018
2017-01-17,-0.0019701835024121695,-0.0019701835024121695,-0.0001878194240461634,-0.0017823640783660062,-0.0017823640783660062,0.0,0.0,False,0.0,0.0,-0.0001878194240461634
2017-01-18,-0.0009309174392562713,-0.0009309174392562713,-0.003211313637941543,0.0022803961986852714,0.0022803961986852714,0.0,0.0,False,0.0,0.0,-0.003211313637941543
2017-01-19,-0.004223910700129398,-0.004223910700129398,-0.0038088712153441953,-0.0004150394847852027,-0.0004150394847852027,0.0,0.0,False,0.0,0.0,-0.0038088712153441953
2017-01-20,0.0030141224442564274,0.0030141224442564274,0.0026888716001746103,0.00032525084408181705,0.00032525084408181705,0.0,0.0,False,0.0,0.0,0.0026888716001746103
2017-01-23,5.4682166258918216e-05,5.4682166258918216e-05,0.003136188976477061,-0.003081506810218143,-0.003081506810218143,0.0,0.0,False,0.0,0.0,0.003136188976477061
2017-01-24,0.003706735869788035,0.003706735869788035,0.002158518409310176,0.0015482174604778591,0.0015482174604778591,0.0,0.0,False,0.0,0.0,0.002158518409310176
2017-01-25,0.0036671747066934057,0.0036671747066934057,0.0036316381204488943,3.5536586244511344e-05,3.5536586244511344e-05,0.0,0.0,False,0.0,0.0,0.0036316381204488943
2017-01-26,-0.0007161024921720249,-0.0007161024921720249,-0.0009709370303591126,0.0002548345381870878,0.0002548345381870878,0.0,0.0,False,0.0,0.0,-0.0009709370303591126
2017-01-27,-0.0005605090075505865,-0.0005605090075505865,-0.00021899735623560717,-0.00034151165131497934,-0.00034151165131497934,0.0,0.0,False,0.0,0.0,-0.00021899735623560717
2017-01-30,-0.005266748829339248,-0.005266748829339248,-0.004665976834852562,-0.0006007719944866865,-0.0006007719944866865,0.0,0.0,False,0.0,0.0,-0.004665976834852562
2017-01-31,0.001633367610428658,0.001633367610428658,0.0020269393597587403,-0.00039357174933008225,-0.00039357174933008225,0.0,0.0,False,0.0,0.0,0.0020269393597587403
2017-02-01,0.0011673557777410345,0.0009523581546888047,-0.0001306317476152674,0.001082989902304072,0.0012979875253563019,0.21499762305222975,0.00021499762305222974,True,0.006924984724114236,6.924984724114236e-06,-0.00013755673233938165
2017-02-02,6.55732863425144e-05,6.55732863425144e-05,0.0006699119830737765,-0.0006043386967312621,-0.0006043386967312621,0.0,0.0,False,0.0,0.0,0.0006699119830737765
2017-02-03,0.005604967890110373,0.005604967890110373,0.004347393760188766,0.0012575741299216073,0.0012575741299216073,0.0,0.0,False,0.0,0.0,0.004347393760188766
2017-02-06,-0.001637180877346965,-0.001637180877346965,-0.0005135447923234611,-0.001123636085023504,-0.001123636085023504,0.0,0.0,False,0.0,0.0,-0.0005135447923234611
2017-02-07,-0.0009734767092275426,-0.0009734767092275426,0.0001165985894707915,-0.001090075298698334,-0.001090075298698334,0.0,0.0,False,0.0,0.0,0.0001165985894707915
2017-02-08,0.0009056356746796151,0.0009056356746796151,0.003189727169520475,-0.00228409149484086,-0.00228409149484086,0.0,0.0,False,0.0,0.0,0.003189727169520475
2017-02-09,0.0042391905727900935,0.0042391905727900935,0.0011789494463755467,0.003060241126414547,0.003060241126414547,0.0,0.0,False,0.0,0.0,0.0011789494463755467
2017-02-10,0.002809497967343329,0.002809497967343329,0.0026492892418516515,0.00016020872549167738,0.00016020872549167738,0.0,0.0,False,0.0,0.0,0.0026492892418516515
2017-02-13,0.002793330944562124,0.002793330944562124,0.0021666558529169224,0.0006266750916452016,0.0006266750916452016,0.0,0.0,False,0.0,0.0,0.0021666558529169224
2017-02-14,0.0018536445494689053,0.0018536445494689053,-0.00016707132945703134,0.0020207158789259366,0.0020207158789259366,0.0,0.0,False,0.0,0.0,-0.00016707132945703134
2017-02-15,0.002823784223088097,0.002823784223088097,0.002563350067445732,0.0002604341556423648,0.0002604341556423648,0.0,0.0,False,0.0,0.0,0.002563350067445732
2017-02-16,-0.0006433231519544121,-0.0006433231519544121,0.0010473037758942944,-0.0016906269278487065,-0.0016906269278487065,0.0,0.0,False,0.0,0.0,0.0010473037758942944
2017-02-17,0.0011616313985344578,0.0011616313985344578,0.0008239602418821331,0.0003376711566523247,0.0003376711566523247,0.0,0.0,False,0.0,0.0,0.0008239602418821331
2017-02-21,0.0045771730622004795,0.0045771730622004795,0.0036912464074132104,0.0008859266547872691,0.0008859266547872691,0.0,0.0,False,0.0,0.0,0.0036912464074132104
2017-02-22,-0.0007686072215243683,-0.0007686072215243683,0.00033104189642247956,-0.0010996491179468479,-0.0010996491179468479,0.0,0.0,False,0.0,0.0,0.00033104189642247956
2017-02-23,-5.388295818152251e-05,-5.388295818152251e-05,0.0012976167920804391,-0.0013514997502619616,-0.0013514997502619616,0.0,0.0,False,0.0,0.0,0.0012976167920804391
2017-02-24,0.0013108811832199835,0.0013108811832199835,0.000275759139268532,0.0010351220439514515,0.0010351220439514515,0.0,0.0,False,0.0,0.0,0.000275759139268532
2017-02-27,0.0022177232634789023,0.0022177232634789023,-0.0006033164138742394,0.0028210396773531415,0.0028210396773531415,0.0,0.0,False,0.0,0.0,-0.0006033164138742394
2017-02-28,-0.0036256838265910905,-0.0036256838265910905,-0.0026044079343377647,-0.0010212758922533258,-0.0010212758922533258,0.0,0.0,False,0.0,0.0,-0.0026044079343377647
2017-03-01,0.008287024742360545,0.008281815549946512,0.005114582660177602,0.0031672328897689095,0.003172442082182943,0.0052091924140325735,5.209192414032573e-06,True,0.005524186235055694,5.524186235055694e-06,0.005109058473942546
2017-03-02,-0.0053869668008958566,-0.0053869668008958566,-0.006225830782218373,0.0008388639813225168,0.0008388639813225168,0.0,0.0,False,0.0,0.0,-0.006225830782218373
2017-03-03,0.0004060868746017136,0.0004060868746017136,0.002284175175151959,-0.0018780883005502457,-0.0018780883005502457,0.0,0.0,False,0.0,0.0,0.002284175175151959
2017-03-06,-0.003505546694098018,-0.003505546694098018,-0.0022012926927648603,-0.0013042540013331575,-0.0013042540013331575,0.0,0.0,False,0.0,0.0,-0.0022012926927648603
2017-03-07,-0.0050532423679263295,-0.0050532423679263295,-0.002815219995220967,-0.0022380223727053623,-0.0022380223727053623,0.0,0.0,False,0.0,0.0,-0.002815219995220967
2017-03-08,-0.004455080351496085,-0.004455080351496085,-0.0037773093424838225,-0.0006777710090122625,-0.0006777710090122625,0.0,0.0,False,0.0,0.0,-0.0037773093424838225
2017-03-09,-0.001862503704617366,-0.001862503704617366,-0.0017824999814969838,-8.000372312038208e-05,-8.000372312038208e-05,0.0,0.0,False,0.0,0.0,-0.0017824999814969838
2017-03-10,0.00217439342998937,0.00217439342998937,0.004641382880451055,-0.0024669894504616855,-0.0024669894504616855,0.0,0.0,False,0.0,0.0,0.004641382880451055
2017-03-13,0.0003693337825554654,0.0003693337825554654,0.0011724486703803714,-0.000803114887824906,-0.000803114887824906,0.0,0.0,False,0.0,0.0,0.0011724486703803714
2017-03-14,-0.003045865435344043,-0.003045865435344043,-0.002581332766343055,-0.000464532669000988,-0.000464532669000988,0.0,0.0,False,0.0,0.0,-0.002581332766343055
2017-03-15,0.011533046519680477,0.011533046519680477,0.01181275833802839,-0.0002797118183479122,-0.0002797118183479122,0.0,0.0,False,0.0,0.0,0.01181275833802839
2017-03-16,-0.0016846672710112017,-0.0016846672710112017,-0.00016495787144880838,-0.0015197093995623933,-0.0015197093995623933,0.0,0.0,False,0.0,0.0,-0.00016495787144880838
2017-03-17,0.00045899847527615113,0.00045899847527615113,0.0010539597187785182,-0.0005949612435023671,-0.0005949612435023671,0.0,0.0,False,0.0,0.0,0.0010539597187785182
2017-03-20,-0.0014429394054053634,-0.0014429394054053634,0.0013563453895628123,-0.0027992847949681755,-0.0027992847949681755,0.0,0.0,False,0.0,0.0,0.0013563453895628123
2017-03-21,-0.01119740927954552,-0.01119740927954552,-0.005655986032329727,-0.005541423247215794,-0.005541423247215794,0.0,0.0,False,0.0,0.0,-0.005655986032329727
2017-03-22,0.0020737732955646076,0.0020737732955646076,0.0021890261731188983,-0.00011525287755429067,-0.00011525287755429067,0.0,0.0,False,0.0,0.0,0.0021890261731188983
2017-03-23,0.0005656288130656563,0.0005656288130656563,-4.090517250451256e-05,0.0006065339855701689,0.0006065339855701689,0.0,0.0,False,0.0,0.0,-4.090517250451256e-05
2017-03-24,0.0012113671300448396,0.0012113671300448396,0.0009434879640364236,0.00026787916600841595,0.00026787916600841595,0.0,0.0,False,0.0,0.0,0.0009434879640364236
2017-03-27,-0.00012979926954400902,-0.00012979926954400902,0.0009246290921548641,-0.0010544283616988732,-0.0010544283616988732,0.0,0.0,False,0.0,0.0,0.0009246290921548641
2017-03-28,0.00542339955304168,0.00542339955304168,0.002236985574278187,0.003186413978763493,0.003186413978763493,0.0,0.0,False,0.0,0.0,0.002236985574278187
2017-03-29,0.002016982419016429,0.002016982419016429,0.0019552748762340848,6.170754278234407e-05,6.170754278234407e-05,0.0,0.0,False,0.0,0.0,0.0019552748762340848
2017-03-30,0.0035916264448416484,0.0035916264448416484,-0.0011229443473606306,0.004714570792202279,0.004714570792202279,0.0,0.0,False,0.0,0.0,-0.0011229443473606306
2017-03-31,-0.0005386295298990841,-0.0005386295298990841,-0.0008792005390185061,0.0003405710091194219,0.0003405710091194219,0.0,0.0,False,0.0,0.0,-0.0008792005390185061
2017-04-03,-0.00039945108770249066,-0.0005601525683243193,0.0014552024880432057,-0.002015355056367525,-0.0018546535757456963,0.16070148062182865,0.00016070148062182865,True,0.0064016257746900875,6.4016257746900866e-06,0.0014488008622685156
2017-04-04,-7.769485920032981e-05,-7.769485920032981e-05,-0.0008173112397407133,0.0007396163805403835,0.0007396163805403835,0.0,0.0,False,0.0,0.0,-0.0008173112397407133
2017-04-05,-0.001989780511363559,-0.001989780511363559,-0.0018249375294959766,-0.00016484298186758258,-0.00016484298186758258,0.0,0.0,False,0.0,0.0,-0.0018249375294959766
2017-04-06,0.0015811370169560293,0.0015811370169560293,0.0010751061673601003,0.000506030849595929,0.000506030849595929,0.0,0.0,False,0.0,0.0,0.0010751061673601003
2017-04-07,-0.0009654858290440817,-0.0009654858290440817,-0.001781920993068928,0.0008164351640248463,0.0008164351640248463,0.0,0.0,False,0.0,0.0,-0.001781920993068928
2017-04-10,0.0007718521724453084,0.0007718521724453084,0.000587143672088347,0.00018470850035696138,0.00018470850035696138,0.0,0.0,False,0.0,0.0,0.000587143672088347
2017-04-11,0.00030368905336353516,0.00030368905336353516,0.0026181036943718596,-0.0023144146410083244,-0.0023144146410083244,0.0,0.0,False,0.0,0.0,0.0026181036943718596
2017-04-12,-0.0009537624500640433,-0.0009537624500640433,-0.00022322313948859075,-0.0007305393105754525,-0.0007305393105754525,0.0,0.0,False,0.0,0.0,-0.00022322313948859075
2017-04-13,-0.003773489758227968,-0.003773489758227968,-0.0027863518689653947,-0.0009871378892625732,-0.0009871378892625732,0.0,0.0,False,0.0,0.0,-0.0027863518689653947
2017-04-17,0.004828673771518081,0.004828673771518081,0.004382418475173603,0.00044625529634447804,0.00044625529634447804,0.0,0.0,False,0.0,0.0,0.004382418475173603
2017-04-18,-0.001006162033377467,-0.001006162033377467,-0.00010505812734188551,-0.0009011039060355814,-0.0009011039060355814,0.0,0.0,False,0.0,0.0,-0.00010505812734188551
2017-04-19,-0.0020329218527634146,-0.0020329218527634146,-0.002852774338259706,0.0008198524854962914,0.0008198524854962914,0.0,0.0,False,0.0,0.0,-0.002852774338259706
2017-04-20,0.005057064288220801,0.005057064288220801,0.004575500084719266,0.00048156420350153537,0.00048156420350153537,0.0,0.0,False,0.0,0.0,0.004575500084719266
2017-04-21,-0.0012895502681774121,-0.0012895502681774121,-0.0008722916446494043,-0.00041725862352800787,-0.00041725862352800787,0.0,0.0,False,0.0,0.0,-0.0008722916446494043
2017-04-24,0.009314749733004458,0.009314749733004458,0.008205043622832354,0.0011097061101721043,0.0011097061101721043,0.0,0.0,False,0.0,0.0,0.008205043622832354
2017-04-25,0.0032554614189308126,0.0032554614189308126,0.0019396946848694303,0.0013157667340613823,0.0013157667340613823,0.0,0.0,False,0.0,0.0,0.0019396946848694303
2017-04-26,-0.000651919075284773,-0.000651919075284773,0.00042995914212056054,-0.0010818782174053336,-0.0010818782174053336,0.0,0.0,False,0.0,0.0,0.00042995914212056054
2017-04-27,0.0008126176283374115,0.0008126176283374115,0.0005070112742619658,0.00030560635407544565,0.00030560635407544565,0.0,0.0,False,0.0,0.0,0.0005070112742619658
2017-04-28,-0.0008940426177242092,-0.0008940426177242092,-0.0008537721639968406,-4.027045372736863e-05,-4.027045372736863e-05,0.0,0.0,False,0.0,0.0,-0.0008537721639968406
2017-05-01,0.0012796244882346346,0.0012776662784477779,0.0009161169400235258,0.000361549338424252,0.0003635075482111088,0.001958209786856819,1.958209786856819e-06,True,0.001993399962087687,1.9933999620876873e-06,0.0009141235400614381
2017-05-02,0.0014904648525586768,0.0014904648525586768,0.0024654497455695867,-0.0009749848930109099,-0.0009749848930109099,0.0,0.0,False,0.0,0.0,0.0024654497455695867
2017-05-03,-0.000502737486125884,-0.000502737486125884,-0.002103871996227198,0.0016011345101013142,0.0016011345101013142,0.0,0.0,False,0.0,0.0,-0.002103871996227198
2017-05-04,-0.00020400086246911975,-0.00020400086246911975,-0.00039120112426764466,0.0001872002617985249,0.0001872002617985249,0.0,0.0,False,0.0,0.0,-0.00039120112426764466
2017-05-05,0.003825086640392531,0.003825086640392531,0.004150541116809921,-0.0003254544764173897,-0.0003254544764173897,0.0,0.0,False,0.0,0.0,0.004150541116809921
2017-05-08,-0.001129892221627004,-0.001129892221627004,-0.002447958892228276,0.0013180666706012721,0.0013180666706012721,0.0,0.0,False,0.0,0.0,-0.002447958892228276
2017-05-09,-0.000935832603078899,-0.000935832603078899,0.00039290182054194166,-0.0013287344236208407,-0.0013287344236208407,0.0,0.0,False,0.0,0.0,0.00039290182054194166
2017-05-10,0.0025773246682403187,0.0025773246682403187,0.00182449148080798,0.0007528331874323388,0.0007528331874323388,0.0,0.0,False,0.0,0.0,0.00182449148080798
2017-05-11,-0.001004226104524048,-0.001004226104524048,-0.0008872483626429592,-0.00011697774188108888,-0.00011697774188108888,0.0,0.0,False,0.0,0.0,-0.0008872483626429592
2017-05-12,0.0008978915432258439,0.0008978915432258439,0.0026394013625800966,-0.0017415098193542527,-0.0017415098193542527,0.0,0.0,False,0.0,0.0,0.0026394013625800966
2017-05-15,0.003532067113192691,0.003532067113192691,0.003569830124657482,-3.776301146479061e-05,-3.776301146479061e-05,0.0,0.0,False,0.0,0.0,0.003569830124657482
2017-05-16,0.00143466925868605,0.00143466925868605,0.0014752895191610868,-4.062026047503683e-05,-4.062026047503683e-05,0.0,0.0,False,0.0,0.0,0.0014752895191610868
2017-05-17,-0.008739122172393345,-0.008739122172393345,-0.006923025221272387,-0.0018160969511209577,-0.0018160969511209577,0.0,0.0,False,0.0,0.0,-0.006923025221272387
2017-05-18,0.002042800120399485,0.002042800120399485,-8.944354020534381e-05,0.002132243660604829,0.002132243660604829,0.0,0.0,False,0.0,0.0,-8.944354020534381e-05
2017-05-19,0.004868894083143871,0.004868894083143871,0.006230425021916081,-0.0013615309387722107,-0.0013615309387722107,0.0,0.0,False,0.0,0.0,0.006230425021916081
2017-05-22,0.002910963533679179,0.002910963533679179,0.0016345782906440468,0.001276385243035132,0.001276385243035132,0.0,0.0,False,0.0,0.0,0.0016345782906440468
2017-05-23,0.0003238055919205766,0.0003238055919205766,-0.000376064021447228,0.0006998696133678046,0.0006998696133678046,0.0,0.0,False,0.0,0.0,-0.000376064021447228
2017-05-24,0.0017242482478149572,0.0017242482478149572,0.0021418483555596924,-0.0004176001077447352,-0.0004176001077447352,0.0,0.0,False,0.0,0.0,0.0021418483555596924
2017-05-25,0.001449455821126151,0.001449455821126151,0.0021423683013188175,-0.0006929124801926666,-0.0006929124801926666,0.0,0.0,False,0.0,0.0,0.0021423683013188175
2017-05-26,-0.00024057786819927914,-0.00024057786819927914,0.0001786756210807092,-0.00041925348927998834,-0.00041925348927998834,0.0,0.0,False,0.0,0.0,0.0001786756210807092
2017-05-30,0.0002019717684702526,0.0002019717684702526,-0.00025135180111777094,0.00045332356958802355,0.00045332356958802355,0.0,0.0,False,0.0,0.0,-0.00025135180111777094
2017-05-31,0.00023383985838280592,0.00023383985838280592,-0.0003334802770902655,0.0005673201354730714,0.0005673201354730714,0.0,0.0,False,0.0,0.0,-0.0003334802770902655
2017-06-01,0.004874171764902515,0.0048711263796144275,0.005109523544836913,-0.00023839716522248543,-0.00023535177993439828,0.003045385288086778,3.0453852880867778e-06,True,0.004233867374862407,4.233867374862407e-06,0.005105289677462051
2017-06-02,0.0037757353783761213,0.0037757353783761213,0.0056447152565791865,-0.0018689798782030652,-0.0018689798782030652,0.0,0.0,False,0.0,0.0,0.0056447152565791865
2017-06-05,-0.0018549544164918838,-0.0018549544164918838,-0.0025521491769674577,0.0006971947604755739,0.0006971947604755739,0.0,0.0,False,0.0,0.0,-0.0025521491769674577
2017-06-06,-0.0017255934269767618,-0.0017255934269767618,-5.311770022117427e-05,-0.0016724757267555874,-0.0016724757267555874,0.0,0.0,False,0.0,0.0,-5.311770022117427e-05
2017-06-07,-0.00018723435884478396,-0.00018723435884478396,-0.00026939966358039563,8.216530473561167e-05,8.216530473561167e-05,0.0,0.0,False,0.0,0.0,-0.00026939966358039563
2017-06-08,-8.38282121091269e-05,-8.38282121091269e-05,0.0004637584093249382,-0.0005475866214340651,-0.0005475866214340651,0.0,0.0,False,0.0,0.0,0.0004637584093249382
2017-06-09,-0.0009994969008681664,-0.0009994969008681664,-0.001933366950771534,0.0009338700499033675,0.0009338700499033675,0.0,0.0,False,0.0,0.0,-0.001933366950771534
2017-06-12,-4.80873433479842e-05,-4.80873433479842e-05,-0.0012559986144893595,0.0012079112711413753,0.0012079112711413753,0.0,0.0,False,0.0,0.0,-0.0012559986144893595
2017-06-13,0.0037326017742823877,0.0037326017742823877,0.0036128593900530957,0.00011974238422929199,0.00011974238422929199,0.0,0.0,False,0.0,0.0,0.0036128593900530957
2017-06-14,0.000423036618053027,0.000423036618053027,0.001995468127360511,-0.0015724315093074838,-0.0015724315093074838,0.0,0.0,False,0.0,0.0,0.001995468127360511
2017-06-15,-0.004007513396899282,-0.004007513396899282,-0.0042111372831312496,0.00020362388623196715,0.00020362388623196715,0.0,0.0,False,0.0,0.0,-0.0042111372831312496
2017-06-16,0.0009518600650267618,0.0009518600650267618,0.001706081076326884,-0.0007542210113001222,-0.0007542210113001222,0.0,0.0,False,0.0,0.0,0.001706081076326884
2017-06-19,0.004470592730689671,0.004470592730689671,0.0036616507740207613,0.0008089419566689095,0.0008089419566689095,0.0,0.0,False,0.0,0.0,0.0036616507740207613
2017-06-20,-0.0045745796788394175,-0.0045745796788394175,-0.0035803533983738015,-0.000994226280465616,-0.000994226280465616,0.0,0.0,False,0.0,0.0,-0.0035803533983738015
2017-06-21,-0.002225904185540366,-0.002225904185540366,-7.253017312307708e-06,-0.002218651168228058,-0.002218651168228058,0.0,0.0,False,0.0,0.0,-7.253017312307708e-06
2017-06-22,0.0008812915488717334,0.0008812915488717334,0.0009625925826716139,-8.130103379988052e-05,-8.130103379988052e-05,0.0,0.0,False,0.0,0.0,0.0009625925826716139
2017-06-23,0.002305712395147809,0.002305712395147809,0.0016999776235941842,0.0006057347715536249,0.0006057347715536249,0.0,0.0,False,0.0,0.0,0.0016999776235941842
2017-06-26,0.0012297855422632126,0.0012297855422632126,0.0021046607597721,-0.0008748752175088872,-0.0008748752175088872,0.0,0.0,False,0.0,0.0,0.0021046607597721
2017-06-27,-0.004600417971030414,-0.004600417971030414,-0.0062668488575208315,0.0016664308864904175,0.0016664308864904175,0.0,0.0,False,0.0,0.0,-0.0062668488575208315
2017-06-28,0.006114392887681196,0.006114392887681196,0.005348040521312696,0.0007663523663684994,0.0007663523663684994,0.0,0.0,False,0.0,0.0,0.005348040521312696
2017-06-29,-0.0059709001504671295,-0.0059709001504671295,-0.007319511601485012,0.0013486114510178823,0.0013486114510178823,0.0,0.0,False,0.0,0.0,-0.007319511601485012
2017-06-30,0.0014663493419332172,0.0014663493419332172,0.0003265768840828877,0.0011397724578503295,0.0011397724578503295,0.0,0.0,False,0.0,0.0,0.0003265768840828877
2017-07-03,-7.66237868639709e-05,-7.764138852456435e-05,0.00010315752229058674,-0.00018079891081515108,-0.00017978130915455765,0.0010176016605934458,1.0176016605934458e-06,True,0.002376515167595381,2.3765151675953813e-06,0.00010078100712299136
2017-07-05,0.0007651361917978819,0.0007651361917978819,0.0007324221250564027,3.271406674147919e-05,3.271406674147919e-05,0.0,0.0,False,0.0,0.0,0.0007324221250564027
2017-07-06,-0.005157354374814046,-0.005157354374814046,-0.006455263730148672,0.0012979093553346253,0.0012979093553346253,0.0,0.0,False,0.0,0.0,-0.006455263730148672
2017-07-07,0.0018562023839396383,0.0018562023839396383,0.0019028199804901418,-4.661759655050354e-05,-4.661759655050354e-05,0.0,0.0,False,0.0,0.0,0.0019028199804901418
2017-07-10,0.001403153959191706,0.001403153959191706,0.002007869540513169,-0.0006047155813214632,-0.0006047155813214632,0.0,0.0,False,0.0,0.0,0.002007869540513169
2017-07-11,-7.300703319740339e-05,-7.300703319740339e-05,0.0015015396872885252,-0.0015745467204859285,-0.0015745467204859285,0.0,0.0,False,0.0,0.0,0.0015015396872885252
2017-07-12,0.00680338525148874,0.00680338525148874,0.007382175770667706,-0.0005787905191789663,-0.0005787905191789663,0.0,0.0,False,0.0,0.0,0.007382175770667706
2017-07-13,0.0010877391382215866,0.0010877391382215866,0.0007097413597596519,0.0003779977784619347,0.0003779977784619347,0.0,0.0,False,0.0,0.0,0.0007097413597596519
2017-07-14,0.004072466378086717,0.004072466378086717,0.004518785117832408,-0.00044631873974569115,-0.00044631873974569115,0.0,0.0,False,0.0,0.0,0.004518785117832408
2017-07-17,-0.00011384334824260874,-0.00011384334824260874,-0.00018197769941486798,6.813435117225924e-05,6.813435117225924e-05,0.0,0.0,False,0.0,0.0,-0.00018197769941486798
2017-07-18,0.001088599151018677,0.001088599151018677,0.0022680066756997496,-0.0011794075246810726,-0.0011794075246810726,0.0,0.0,False,0.0,0.0,0.0022680066756997496
2017-07-19,0.003149911219090607,0.003149911219090607,0.003607216964763587,-0.00045730574567298026,-0.00045730574567298026,0.0,0.0,False,0.0,0.0,0.003607216964763587
2017-07-20,0.001131987425159547,0.001131987425159547,0.0009919854813982359,0.00014000194376131113,0.00014000194376131113,0.0,0.0,False,0.0,0.0,0.0009919854813982359
2017-07-21,-0.0008941826663137848,-0.0008941826663137848,-0.00025157746194649755,-0.0006426052043672873,-0.0006426052043672873,0.0,0.0,False,0.0,0.0,-0.00025157746194649755
2017-07-24,-0.00040731163767461037,-0.00040731163767461037,-0.0005943936048421387,0.00018708196716752838,0.00018708196716752838,0.0,0.0,False,0.0,0.0,-0.0005943936048421387
2017-07-25,0.0004038855044114955,0.0004038855044114955,-0.0015020412418186556,0.001905926746230151,0.001905926746230151,0.0,0.0,False,0.0,0.0,-0.0015020412418186556
2017-07-26,0.0019737013236486387,0.0019737013236486387,0.002712800083459149,-0.0007390987598105102,-0.0007390987598105102,0.0,0.0,False,0.0,0.0,0.002712800083459149
2017-07-27,-0.0013063432738788401,-0.0013063432738788401,-0.0024251394213711673,0.0011187961474923272,0.0011187961474923272,0.0,0.0,False,0.0,0.0,-0.0024251394213711673
2017-07-28,0.00016165694788376127,0.00016165694788376127,0.0006364283038130926,-0.00047477135592933134,-0.00047477135592933134,0.0,0.0,False,0.0,0.0,0.0006364283038130926
2017-07-31,0.00013865065004976866,0.00013865065004976866,0.00022129655031893146,-8.26459002691628e-05,-8.26459002691628e-05,0.0,0.0,False,0.0,0.0,0.00022129655031893146
2017-08-01,0.0027865274298821,0.0026461462278448535,0.00328195446844256,-0.0006358082405977065,-0.00049542703856046,0.1403812020372467,0.00014038120203724668,True,0.005981339232789311,5.981339232789311e-06,0.0032759731292097707
2017-08-02,0.00038271725434345355,0.00038271725434345355,-0.0006363377400672096,0.0010190549944106631,0.0010190549944106631,0.0,0.0,False,0.0,0.0,-0.0006363377400672096
2017-08-03,-0.0011697312159830123,-0.0011697312159830123,0.0002729945188749371,-0.0014427257348579494,-0.0014427257348579494,0.0,0.0,False,0.0,0.0,0.0002729945188749371
2017-08-04,0.0011183561973842242,0.0011183561973842242,-0.00020475355419131535,0.0013231097515755395,0.0013231097515755395,0.0,0.0,False,0.0,0.0,-0.00020475355419131535
2017-08-07,0.0006267464087653271,0.0006267464087653271,0.0015946185735757905,-0.0009678721648104634,-0.0009678721648104634,0.0,0.0,False,0.0,0.0,0.0015946185735757905
2017-08-08,-0.003966026093579193,-0.003966026093579193,-0.0027398224632423423,-0.0012262036303368508,-0.0012262036303368508,0.0,0.0,False,0.0,0.0,-0.0027398224632423423
2017-08-09,-0.00185172605002454,-0.00185172605002454,-0.0009305077158181666,-0.0009212183342063734,-0.0009212183342063734,0.0,0.0,False,0.0,0.0,-0.0009305077158181666
2017-08-10,-0.01144546521116278,-0.01144546521116278,-0.008498960015977525,-0.0029465051951852554,-0.0029465051951852554,0.0,0.0,False,0.0,0.0,-0.008498960015977525
2017-08-11,0.0005731874806193841,0.0005731874806193841,0.0009978023717196667,-0.00042461489110028256,-0.00042461489110028256,0.0,0.0,False,0.0,0.0,0.0009978023717196667
2017-08-14,0.007499382765510385,0.007499382765510385,0.004938457986745897,0.002560924778764488,0.002560924778764488,0.0,0.0,False,0.0,0.0,0.004938457986745897
2017-08-15,-0.00014903499138691135,-0.00014903499138691135,-0.0014278321506501059,0.0012787971592631946,0.0012787971592631946,0.0,0.0,False,0.0,0.0,-0.0014278321506501059
2017-08-16,0.0023662928755578266,0.0023662928755578266,0.0034104706229447267,-0.0010441777473869,-0.0010441777473869,0.0,0.0,False,0.0,0.0,0.0034104706229447267
2017-08-17,-0.010795096800972315,-0.010795096800972315,-0.007285553427831435,-0.0035095433731408797,-0.0035095433731408797,0.0,0.0,False,0.0,0.0,-0.007285553427831435
2017-08-18,0.0007927065935793071,0.0007927065935793071,0.0007137616580066349,7.894493557267224e-05,7.894493557267224e-05,0.0,0.0,False,0.0,0.0,0.0007137616580066349
2017-08-21,0.0005430270690521834,0.0005430270690521834,0.0009940080594879014,-0.00045098099043571795,-0.00045098099043571795,0.0,0.0,False,0.0,0.0,0.0009940080594879014
2017-08-22,0.0065434928425418615,0.0065434928425418615,0.004725334581741999,0.0018181582607998629,0.0018181582607998629,0.0,0.0,False,0.0,0.0,0.004725334581741999
2017-08-23,-0.0011712650796492372,-0.0011712650796492372,0.000967420385212506,-0.0021386854648617433,-0.0021386854648617433,0.0,0.0,False,0.0,0.0,0.000967420385212506
2017-08-24,-0.0009743072214933693,-0.0009743072214933693,-0.0013552205077409082,0.0003809132862475389,0.0003809132862475389,0.0,0.0,False,0.0,0.0,-0.0013552205077409082
2017-08-25,0.003261585505643767,0.003261585505643767,0.003208001035342511,5.358447030125602e-05,5.358447030125602e-05,0.0,0.0,False,0.0,0.0,0.003208001035342511
2017-08-28,5.39155092959867e-05,5.39155092959867e-05,6.970770200067782e-06,4.694473909591892e-05,4.694473909591892e-05,0.0,0.0,False,0.0,0.0,6.970770200067782e-06
2017-08-29,-0.0012543591884920957,-0.0012543591884920957,0.00030884122091451045,-0.001563200409406606,-0.001563200409406606,0.0,0.0,False,0.0,0.0,0.00030884122091451045
2017-08-30,0.002204788778743732,0.002204788778743732,0.00161485942598289,0.0005899293527608419,0.0005899293527608419,0.0,0.0,False,0.0,0.0,0.00161485942598289
2017-08-31,0.005356103564353982,0.005356103564353982,0.00429886502919441,0.0010572385351595723,0.0010572385351595723,0.0,0.0,False,0.0,0.0,0.00429886502919441
2017-09-01,0.0012558292569576877,0.001255199281408613,8.049035159017907e-05,0.001174708929818434,0.0011753389053675086,0.0006299755490748039,6.29975549074804e-07,True,0.004079558848254141,4.079558848254141e-06,7.641079274192493e-05
2017-09-05,-0.005321950053136273,-0.005321950053136273,-0.0018634392720057046,-0.0034585107811305684,-0.0034585107811305684,0.0,0.0,False,0.0,0.0,-0.0018634392720057046
2017-09-06,0.002799821424851955,0.002799821424851955,0.0013683990134836918,0.0014314224113682631,0.0014314224113682631,0.0,0.0,False,0.0,0.0,0.0013683990134836918
2017-09-07,0.0024669525998297615,0.0024669525998297615,0.0037731360621121902,-0.0013061834622824287,-0.0013061834622824287,0.0,0.0,False,0.0,0.0,0.0037731360621121902
2017-09-08,-0.001474454333861448,-0.001474454333861448,-0.0016562784703849556,0.00018182413652350748,0.00018182413652350748,0.0,0.0,False,0.0,0.0,-0.0016562784703849556
2017-09-11,0.0072091156295079496,0.0072091156295079496,0.004022570037624463,0.0031865455918834865,0.0031865455918834865,0.0,0.0,False,0.0,0.0,0.004022570037624463
2017-09-12,0.0025482117426184605,0.0025482117426184605,0.0007767223068402128,0.0017714894357782477,0.0017714894357782477,0.0,0.0,False,0.0,0.0,0.0007767223068402128
2017-09-13,-0.001357589235147075,-0.001357589235147075,-0.0018087347879017775,0.0004511455527547025,0.0004511455527547025,0.0,0.0,False,0.0,0.0,-0.0018087347879017775
2017-09-14,0.0008937419787389085,0.0008937419787389085,0.001000190099884619,-0.00010644812114571052,-0.00010644812114571052,0.0,0.0,False,0.0,0.0,0.001000190099884619
2017-09-15,0.0010530200163441372,0.0010530200163441372,0.0017265194790368529,-0.0006734994626927157,-0.0006734994626927157,0.0,0.0,False,0.0,0.0,0.0017265194790368529
2017-09-18,0.0009882648386214234,0.0009882648386214234,0.0003375477477846597,0.0006507170908367637,0.0006507170908367637,0.0,0.0,False,0.0,0.0,0.0003375477477846597
2017-09-19,0.0021236586851200853,0.0021236586851200853,0.0009806667296194552,0.0011429919555006301,0.0011429919555006301,0.0,0.0,False,0.0,0.0,0.0009806667296194552
2017-09-20,-0.0005768469167541292,-0.0005768469167541292,-0.00106028983325105,0.00048344291649692083,0.00048344291649692083,0.0,0.0,False,0.0,0.0,-0.00106028983325105
2017-09-21,-0.001991058208915327,-0.001991058208915327,-0.0014588430357623653,-0.0005322151731529615,-0.0005322151731529615,0.0,0.0,False,0.0,0.0,-0.0014588430357623653
2017-09-22,0.001355216421947518,0.001355216421947518,0.0008549755626757868,0.0005002408592717311,0.0005002408592717311,0.0,0.0,False,0.0,0.0,0.0008549755626757868
2017-09-25,-0.002248097087688244,-0.002248097087688244,-0.001671955471382747,-0.0005761416163054969,-0.0005761416163054969,0.0,0.0,False,0.0,0.0,-0.001671955471382747
2017-09-26,-2.3032392920924508e-05,-2.3032392920924508e-05,-0.0005350305414728591,0.0005119981485519346,0.0005119981485519346,0.0,0.0,False,0.0,0.0,-0.0005350305414728591
2017-09-27,0.0017445565527851646,0.0017445565527851646,-0.0003928750246720217,0.002137431577457186,0.002137431577457186,0.0,0.0,False,0.0,0.0,-0.0003928750246720217
2017-09-28,0.0012194950734785855,0.0012194950734785855,0.0008787752655172259,0.00034071980796135967,0.00034071980796135967,0.0,0.0,False,0.0,0.0,0.0008787752655172259
2017-09-29,0.0035156569022328837,0.0035156569022328837,0.003219978645443812,0.0002956782567890715,0.0002956782567890715,0.0,0.0,False,0.0,0.0,0.003219978645443812
2017-10-02,0.0010762502510147337,0.0010749038537296491,0.001627789458993517,-0.0005528856052638678,-0.0005515392079787833,0.001346397285084605,1.3463972850846052e-06,True,0.008379503344722903,8.379503344722902e-06,0.001619409955648794
2017-10-03,0.0023954573102741455,0.0023954573102741455,0.0035038680705436528,-0.0011084107602695073,-0.0011084107602695073,0.0,0.0,False,0.0,0.0,0.0035038680705436528
2017-10-04,-0.0005088765618700046,-0.0005088765618700046,-0.00024872167389612806,-0.0002601548879738766,-0.0002601548879738766,0.0,0.0,False,0.0,0.0,-0.00024872167389612806
2017-10-05,0.002338127778321419,0.002338127778321419,0.0019845580844869604,0.00035356969383445883,0.00035356969383445883,0.0,0.0,False,0.0,0.0,0.0019845580844869604
2017-10-06,-0.0011299289351214673,-0.0011299289351214673,-0.001538560331750456,0.00040863139662898856,0.00040863139662898856,0.0,0.0,False,0.0,0.0,-0.001538560331750456
2017-10-09,-0.000455347272290672,-0.000455347272290672,-0.0002262381647918356,-0.00022910910749883638,-0.00022910910749883638,0.0,0.0,False,0.0,0.0,-0.0002262381647918356
2017-10-10,0.004067737931241725,0.004067737931241725,0.0036095237822904207,0.0004582141489513046,0.0004582141489513046,0.0,0.0,False,0.0,0.0,0.0036095237822904207
2017-10-11,0.0009478368912130169,0.0009478368912130169,0.0015158129116614523,-0.0005679760204484355,-0.0005679760204484355,0.0,0.0,False,0.0,0.0,0.0015158129116614523
2017-10-12,-0.0011770734502193228,-0.0011770734502193228,-0.00022648995785522875,-0.000950583492364094,-0.000950583492364094,0.0,0.0,False,0.0,0.0,-0.00022648995785522875
2017-10-13,0.0021645430317678797,0.0021645430317678797,0.0036026904851842482,-0.0014381474534163685,-0.0014381474534163685,0.0,0.0,False,0.0,0.0,0.0036026904851842482
2017-10-16,0.0004445729366896719,0.0004445729366896719,-0.0003945078925409229,0.0008390808292305949,0.0008390808292305949,0.0,0.0,False,0.0,0.0,-0.0003945078925409229
2017-10-17,-3.412383128437017e-05,-3.412383128437017e-05,-0.000884074417019941,0.0008499505857355709,0.0008499505857355709,0.0,0.0,False,0.0,0.0,-0.000884074417019941
2017-10-18,0.0015700603718300328,0.0015700603718300328,0.0001554164328782954,0.0014146439389517373,0.0014146439389517373,0.0,0.0,False,0.0,0.0,0.0001554164328782954
2017-10-19,-0.00034554264989201174,-0.00034554264989201174,-0.0006237311590387427,0.0002781885091467309,0.0002781885091467309,0.0,0.0,False,0.0,0.0,-0.0006237311590387427
2017-10-20,0.001735090012149781,0.001735090012149781,0.000217841411681131,0.0015172486004686502,0.0015172486004686502,0.0,0.0,False,0.0,0.0,0.000217841411681131
2017-10-23,-0.0024170259870619102,-0.0024170259870619102,-0.0022733572995950048,-0.00014366868746690546,-0.00014366868746690546,0.0,0.0,False,0.0,0.0,-0.0022733572995950048
2017-10-24,0.0011015277141765865,0.0011015277141765865,-0.00039637191033783454,0.001497899624514421,0.001497899624514421,0.0,0.0,False,0.0,0.0,-0.00039637191033783454
2017-10-25,-0.003899149548415675,-0.003899149548415675,-0.003494630406292051,-0.00040451914212362395,-0.00040451914212362395,0.0,0.0,False,0.0,0.0,-0.003494630406292051
2017-10-26,-1.6532993988320943e-05,-1.6532993988320943e-05,-0.0006516480175061943,0.0006351150235178733,0.0006351150235178733,0.0,0.0,False,0.0,0.0,-0.0006516480175061943
2017-10-27,0.004526396542748805,0.004526396542748805,0.006046034999107138,-0.0015196384563583324,-0.0015196384563583324,0.0,0.0,False,0.0,0.0,0.006046034999107138
2017-10-30,-0.0006998678323203064,-0.0006998678323203064,-0.00028812215375362943,-0.00041174567856667695,-0.00041174567856667695,0.0,0.0,False,0.0,0.0,-0.00028812215375362943
2017-10-31,0.0018960740785078152,0.0018960740785078152,0.0020773501445516727,-0.0001812760660438574,-0.0001812760660438574,0.0,0.0,False,0.0,0.0,0.0020773501445516727
2017-11-01,0.00044366998815043214,0.00044023883832876206,0.0013150189126938717,-0.0008747800743651097,-0.0008713489245434395,0.0034311498216700763,3.4311498216700766e-06,True,0.005576813618528267,5.576813618528267e-06,0.0013094420990753435
2017-11-02,0.0008654898921592554,0.0008654898921592554,0.0013050788765513787,-0.00043958898439212324,-0.00043958898439212324,0.0,0.0,False,0.0,0.0,0.0013050788765513787
2017-11-03,0.0007243303802390237,0.0007243303802390237,0.0008435982739016988,-0.00011926789366267516,-0.00011926789366267516,0.0,0.0,False,0.0,0.0,0.0008435982739016988
2017-11-06,0.0010216160045843866,0.0010216160045843866,0.0023262230621327678,-0.0013046070575483812,-0.0013046070575483812,0.0,0.0,False,0.0,0.0,0.0023262230621327678
2017-11-07,-0.0023569006465102675,-0.0023569006465102675,-0.0018391824171052216,-0.0005177182294050459,-0.0005177182294050459,0.0,0.0,False,0.0,0.0,-0.0018391824171052216
2017-11-08,9.159088492012926e-05,9.159088492012926e-05,0.0009904969148063344,-0.0008989060298862052,-0.0008989060298862052,0.0,0.0,False,0.0,0.0,0.0009904969148063344
2017-11-09,-0.004713164406139241,-0.004713164406139241,-0.003360157679811106,-0.0013530067263281347,-0.0013530067263281347,0.0,0.0,False,0.0,0.0,-0.003360157679811106
2017-11-10,-0.0002059336617588382,-0.0002059336617588382,-0.003606376962818541,0.0034004433010597027,0.0034004433010597027,0.0,0.0,False,0.0,0.0,-0.003606376962818541
2017-11-13,-0.0011888909124196634,-0.0011888909124196634,-0.000513483437139706,-0.0006754074752799575,-0.0006754074752799575,0.0,0.0,False,0.0,0.0,-0.000513483437139706
2017-11-14,-0.002492242154554468,-0.002492242154554468,-0.0009554306978026186,-0.0015368114567518496,-0.0015368114567518496,0.0,0.0,False,0.0,0.0,-0.0009554306978026186
2017-11-15,-0.0032342315033839163,-0.0032342315033839163,-0.0010347718929540279,-0.0021994596104298885,-0.0021994596104298885,0.0,0.0,False,0.0,0.0,-0.0010347718929540279
2017-11-16,0.008798864503496717,0.008798864503496717,0.0053961679391466115,0.003402696564350105,0.003402696564350105,0.0,0.0,False,0.0,0.0,0.0053961679391466115
2017-11-17,-0.0023747434409840023,-0.0023747434409840023,0.00012425995887106799,-0.00249900339985507,-0.00249900339985507,0.0,0.0,False,0.0,0.0,0.00012425995887106799
2017-11-20,0.0013436728765186666,0.0013436728765186666,0.0013745461679387644,-3.0873291420097744e-05,-3.0873291420097744e-05,0.0,0.0,False,0.0,0.0,0.0013745461679387644
2017-11-21,0.005309242773666508,0.005309242773666508,0.005657843027209291,-0.00034860025354278325,-0.00034860025354278325,0.0,0.0,False,0.0,0.0,0.005657843027209291
2017-11-22,0.0010673834531268515,0.0010673834531268515,0.0017099152176841283,-0.0006425317645572769,-0.0006425317645572769,0.0,0.0,False,0.0,0.0,0.0017099152176841283
2017-11-24,0.0035497576791147217,0.0035497576791147217,0.0012352726231053641,0.0023144850560093575,0.0023144850560093575,0.0,0.0,False,0.0,0.0,0.0012352726231053641
2017-11-27,-0.003058763618761241,-0.003058763618761241,-0.002720490316035072,-0.00033827330272616883,-0.00033827330272616883,0.0,0.0,False,0.0,0.0,-0.002720490316035072
2017-11-28,0.006384885271402883,0.006384885271402883,0.005761713328424921,0.0006231719429779618,0.0006231719429779618,0.0,0.0,False,0.0,0.0,0.005761713328424921
2017-11-29,-0.0018613521837798543,-0.0018613521837798543,-0.003925330403366279,0.0020639782195864247,0.0020639782195864247,0.0,0.0,False,0.0,0.0,-0.003925330403366279
2017-11-30,0.0034887597988551055,0.0034887597988551055,0.0008518644204651938,0.0026368953783899116,0.0026368953783899116,0.0,0.0,False,0.0,0.0,0.0008518644204651938
2017-12-01,-0.0022027617702064903,-0.0022475528498435704,-0.00011340278954784515,-0.0021341500602957255,-0.002089358980658645,0.04479107963708031,4.479107963708031e-05,True,0.006746972295844162,6.7469722958441614e-06,-0.00012014976184368931
2017-12-04,-0.0017688219581411962,-0.0017688219581411962,-0.0007212629333803696,-0.0010475590247608266,-0.0010475590247608266,0.0,0.0,False,0.0,0.0,-0.0007212629333803696
2017-12-05,-0.0021535212766134607,-0.0021535212766134607,-0.001266692179098714,-0.0008868290975147467,-0.0008868290975147467,0.0,0.0,False,0.0,0.0,-0.001266692179098714
2017-12-06,-0.000924350126935786,-0.000924350126935786,-0.0009410239582561525,1.667383132036653e-05,1.667383132036653e-05,0.0,0.0,False,0.0,0.0,-0.0009410239582561525
2017-12-07,0.0021204904493175194,0.0021204904493175194,0.0008915890567341824,0.001228901392583337,0.001228901392583337,0.0,0.0,False,0.0,0.0,0.0008915890567341824
2017-12-08,0.004033520313621593,0.004033520313621593,0.0032893279980823224,0.0007441923155392704,0.0007441923155392704,0.0,0.0,False,0.0,0.0,0.0032893279980823224
2017-12-11,0.0019979347438761636,0.0019979347438761636,0.0016436227843809126,0.000354311959495251,0.000354311959495251,0.0,0.0,False,0.0,0.0,0.0016436227843809126
2017-12-12,0.000909134055935081,0.000909134055935081,-0.00040238602855831583,0.001311520084493397,0.001311520084493397,0.0,0.0,False,0.0,0.0,-0.00040238602855831583
2017-12-13,0.0014838766038478275,0.0014838766038478275,0.0037397511490262878,-0.0022558745451784603,-0.0022558745451784603,0.0,0.0,False,0.0,0.0,0.0037397511490262878
2017-12-14,-0.003969959036825572,-0.003969959036825572,-0.0029201030889955248,-0.0010498559478300468,-0.0010498559478300468,0.0,0.0,False,0.0,0.0,-0.0029201030889955248
2017-12-15,0.002775270539500801,0.002775270539500801,0.003729126591400876,-0.0009538560519000748,-0.0009538560519000748,0.0,0.0,False,0.0,0.0,0.003729126591400876
2017-12-18,0.006627004950076216,0.006627004950076216,0.004096641853973284,0.002530363096102932,0.002530363096102932,0.0,0.0,False,0.0,0.0,0.004096641853973284
2017-12-19,-0.0032342606407581584,-0.0032342606407581584,-0.004948136291079686,0.0017138756503215277,0.0017138756503215277,0.0,0.0,False,0.0,0.0,-0.004948136291079686
2017-12-20,-0.0005348741705753816,-0.0005348741705753816,-0.0017215267424579364,0.0011866525718825548,0.0011866525718825548,0.0,0.0,False,0.0,0.0,-0.0017215267424579364
2017-12-21,0.0022829822624533137,0.0022829822624533137,0.002868096808311289,-0.0005851145458579754,-0.0005851145458579754,0.0,0.0,False,0.0,0.0,0.002868096808311289
2017-12-22,0.0010947062234285532,0.0010947062234285532,0.0013238021660310247,-0.00022909594260247146,-0.00022909594260247146,0.0,0.0,False,0.0,0.0,0.0013238021660310247
2017-12-26,-5.038280817245015e-05,-5.038280817245015e-05,-4.1622747824587956e-05,-8.760060347862196e-06,-8.760060347862196e-06,0.0,0.0,False,0.0,0.0,-4.1622747824587956e-05
2017-12-27,0.0009580933953247843,0.0009580933953247843,0.002964332099214875,-0.0020062387038900908,-0.0020062387038900908,0.0,0.0,False,0.0,0.0,0.002964332099214875
2017-12-28,0.0007613194988630597,0.0007613194988630597,0.0012082928120689426,-0.0004469733132058829,-0.0004469733132058829,0.0,0.0,False,0.0,0.0,0.0012082928120689426
2017-12-29,-0.0005812233122951562,-0.0005812233122951562,-0.00036414903759507443,-0.00021707427470008173,-0.00021707427470008173,0.0,0.0,False,0.0,0.0,-0.00036414903759507443
