,gross,net,benchmark,active,gross_active,turnover,cost,rebalance
2011-01-03,0.007133566940725802,0.006683566940735253,0.005758296757441179,0.0009252701832940741,0.0013752701832846232,0.44999999999054896,0.000449999999990549,True
2011-01-04,-0.004317075718311057,-0.004317075718311057,-0.00020089233104540923,-0.004116183387265648,-0.004116183387265648,0.0,0.0,False
2011-01-05,2.8458532680698465e-05,2.8458532680698465e-05,-0.0030702972421233383,0.003098755774804037,0.003098755774804037,0.0,0.0,False
2011-01-06,5.805507120458303e-05,5.805507120458303e-05,-0.0021675064486189983,0.0022255615198235813,0.0022255615198235813,0.0,0.0,False
2011-01-07,0.0007604592564822038,0.0007604592564822038,-5.727830696466334e-05,0.0008177375634468671,0.0008177375634468671,0.0,0.0,False
2011-01-10,0.003267049982963571,0.003267049982963571,-0.00016957081203450346,0.0034366207949980744,0.0034366207949980744,0.0,0.0,False
2011-01-11,0.0005153922475867772,0.0005153922475867772,0.002198163937179108,-0.001682771689592331,-0.001682771689592331,0.0,0.0,False
2011-01-12,0.0032852951499779195,0.0032852951499779195,0.007372694293567227,-0.004087399143589307,-0.004087399143589307,0.0,0.0,False
2011-01-13,0.0025878702695034434,0.0025878702695034434,0.0014255008444584221,0.0011623694250450212,0.0011623694250450212,0.0,0.0,False
2011-01-14,0.002076193062292776,0.002076193062292776,0.0022118698363226075,-0.0001356767740298315,-0.0001356767740298315,0.0,0.0,False
2011-01-18,-0.00040389614879817056,-0.00040389614879817056,0.000611217060078578,-0.0010151132088767486,-0.0010151132088767486,0.0,0.0,False
2011-01-19,-0.009842175476765353,-0.009842175476765353,-0.0053593850235490875,-0.004482790453216265,-0.004482790453216265,0.0,0.0,False
2011-01-20,-0.007207793865617474,-0.007207793865617474,-0.00616354755412692,-0.0010442463114905542,-0.0010442463114905542,0.0,0.0,False
2011-01-21,-0.0006038556566953909,-0.0006038556566953909,0.0014169000727246727,-0.0020207557294200634,-0.0020207557294200634,0.0,0.0,False
2011-01-24,0.00353669363493915,0.00353669363493915,0.004579098788427395,-0.0010424051534882448,-0.0010424051534882448,0.0,0.0,False
2011-01-25,0.003118611374255354,0.003118611374255354,0.001545140120536434,0.00157347125371892,0.00157347125371892,0.0,0.0,False
2011-01-26,0.00316110402324129,0.00316110402324129,0.0010121975605132346,0.0021489064627280554,0.0021489064627280554,0.0,0.0,False
2011-01-27,0.002944401233474516,0.002944401233474516,0.0021251190151424936,0.0008192822183320223,0.0008192822183320223,0.0,0.0,False
2011-01-28,-0.00949352256627991,-0.00949352256627991,-0.011696506406382366,0.0022029838401024567,0.0022029838401024567,0.0,0.0,False
2011-01-31,0.0017648586115898508,0.0017648586115898508,0.003377293916578691,-0.0016124353049888401,-0.0016124353049888401,0.0,0.0,False
2011-02-01,0.01182032961766729,0.011368274330504765,0.010562427146867864,0.000805847183636901,0.0012579024707994255,0.4520552871625244,0.0004520552871625244,True
2011-02-02,-0.0016023506222155846,-0.0016023506222155846,-0.002390682854599901,0.0007883322323843165,0.0007883322323843165,0.0,0.0,False
2011-02-03,0.002793998535897199,0.002793998535897199,-0.0011473888466842796,0.003941387382581478,0.003941387382581478,0.0,0.0,False
2011-02-04,0.002000632884264825,0.002000632884264825,-0.0012876129650682367,0.0032882458493330618,0.0032882458493330618,0.0,0.0,False
2011-02-07,0.005148910077318935,0.005148910077318935,0.003343671822138998,0.0018052382551799369,0.0018052382551799369,0.0,0.0,False
2011-02-08,0.004495338968437842,0.004495338968437842,0.0004742017560123206,0.004021137212425521,0.004021137212425521,0.0,0.0,False
2011-02-09,-0.003607334490701463,-0.003607334490701463,-0.0012156840271915252,-0.0023916504635099383,-0.0023916504635099383,0.0,0.0,False
2011-02-10,0.0014342058099381311,0.0014342058099381311,-0.0035402823413720206,0.004974488151310152,0.004974488151310152,0.0,0.0,False
2011-02-11,0.0054957029327249276,0.0054957029327249276,0.006069183010295021,-0.000573480077570093,-0.000573480077570093,0.0,0.0,False
2011-02-14,0.002961000106134083,0.002961000106134083,0.0009994484342230165,0.0019615516719110665,0.0019615516719110665,0.0,0.0,False
2011-02-15,-0.002321214527380144,-0.002321214527380144,-0.0005298812711746168,-0.0017913332562055273,-0.0017913332562055273,0.0,0.0,False
2011-02-16,0.003982352051501277,0.003982352051501277,0.004385997253691326,-0.0004036452021900488,-0.0004036452021900488,0.0,0.0,False
2011-02-17,0.004543072329192554,0.004543072329192554,0.003214436309302626,0.001328636019889928,0.001328636019889928,0.0,0.0,False
2011-02-18,0.002085371015681438,0.002085371015681438,0.0018420629759062152,0.00024330803977522263,0.00024330803977522263,0.0,0.0,False
2011-02-22,-0.014287141341976744,-0.014287141341976744,-0.012057036031715065,-0.002230105310261679,-0.002230105310261679,0.0,0.0,False
2011-02-23,-0.005859212967606717,-0.005859212967606717,-0.0029621380594878036,-0.0028970749081189133,-0.0028970749081189133,0.0,0.0,False
2011-02-24,0.0016841945936771799,0.0016841945936771799,0.0014735189767978761,0.00021067561687930373,0.00021067561687930373,0.0,0.0,False
2011-02-25,0.011743673106872732,0.011743673106872732,0.009035327021988906,0.002708346084883826,0.002708346084883826,0.0,0.0,False
2011-02-28,0.0033652419039043886,0.0033652419039043886,0.004260715637368405,-0.000895473733464016,-0.000895473733464016,0.0,0.0,False
2011-03-01,-0.010884570577746236,-0.01134337105653063,-0.008751366247647918,-0.0025920048088827127,-0.002133204330098318,0.45880047878439484,0.0004588004787843948,True
2011-03-02,0.001940773065990675,0.001940773065990675,0.00035188846518890125,0.0015888846008017738,0.0015888846008017738,0.0,0.0,False
2011-03-03,0.011456078653386995,0.011456078653386995,0.007693005119420092,0.0037630735339669033,0.0037630735339669033,0.0,0.0,False
2011-03-04,-0.003925753044958975,-0.003925753044958975,-0.0013389854575861534,-0.002586767587372821,-0.002586767587372821,0.0,0.0,False
2011-03-07,-0.005654314330891228,-0.005654314330891228,-0.007239174222174585,0.001584859891283357,0.001584859891283357,0.0,0.0,False
2011-03-08,0.006081639322295851,0.006081639322295851,0.0042865026037027035,0.0017951367185931478,0.0017951367185931478,0.0,0.0,False
2011-03-09,-0.0010382976133525557,-0.0010382976133525557,0.0020307102941144856,-0.003069007907467041,-0.003069007907467041,0.0,0.0,False
2011-03-10,-0.014136962327785297,-0.014136962327785297,-0.01042201664404365,-0.0037149456837416474,-0.0037149456837416474,0.0,0.0,False
2011-03-11,0.004831177282475635,0.004831177282475635,0.0023207171279878472,0.0025104601544877875,0.0025104601544877875,0.0,0.0,False
2011-03-14,-0.0035559506028396072,-0.0035559506028396072,-0.0034792684957921385,-7.668210704746877e-05,-7.668210704746877e-05,0.0,0.0,False
2011-03-15,-0.008867922271089216,-0.008867922271089216,-0.007087014873216858,-0.0017809073978723574,-0.0017809073978723574,0.0,0.0,False
2011-03-16,-0.012845136089877347,-0.012845136089877347,-0.009202188423994447,-0.0036429476658828997,-0.0036429476658828997,0.0,0.0,False
2011-03-17,0.01096946556885663,0.01096946556885663,0.008708020795910416,0.0022614447729462136,0.0022614447729462136,0.0,0.0,False
2011-03-18,0.004214975950805144,0.004214975950805144,0.003971012680260399,0.00024396327054474528,0.00024396327054474528,0.0,0.0,False
2011-03-21,0.011329426744012763,0.011329426744012763,0.00932073297677883,0.0020086937672339333,0.0020086937672339333,0.0,0.0,False
2011-03-22,-0.0010765807749979121,-0.0010765807749979121,-0.0008444702585422202,-0.0002321105164556919,-0.0002321105164556919,0.0,0.0,False
2011-03-23,0.0014892087908744394,0.0014892087908744394,0.0020934882875003136,-0.0006042794966258742,-0.0006042794966258742,0.0,0.0,False
2011-03-24,0.005640083841861879,0.005640083841861879,0.004378878875946695,0.0012612049659151848,0.0012612049659151848,0.0,0.0,False
2011-03-25,0.0016841555447166647,0.0016841555447166647,-0.0012670216051336803,0.002951177149850345,0.002951177149850345,0.0,0.0,False
2011-03-28,-0.0016209216641263646,-0.0016209216641263646,-0.0012467984861808381,-0.00037412317794552645,-0.00037412317794552645,0.0,0.0,False
2011-03-29,0.004446192497131149,0.004446192497131149,0.002715904973520161,0.0017302875236109875,0.0017302875236109875,0.0,0.0,False
2011-03-30,0.006500859029815536,0.006500859029815536,0.007391127789615369,-0.0008902687597998329,-0.0008902687597998329,0.0,0.0,False
2011-03-31,0.0013319130401359958,0.0013319130401359958,-0.0011164814786528289,0.002448394518788825,0.002448394518788825,0.0,0.0,False
2011-04-01,0.001479315727184297,0.0012239000332868624,0.0058907793712313136,-0.004666879337944451,-0.004411463644047016,0.25541569389743457,0.00025541569389743457,True
2011-04-04,0.003341185875500101,0.003341185875500101,0.0022664011902377825,0.0010747846852623183,0.0010747846852623183,0.0,0.0,False
2011-04-05,0.0019823226578723424,0.0019823226578723424,-0.0014714427613003482,0.0034537654191726906,0.0034537654191726906,0.0,0.0,False
2011-04-06,0.0022732426964299614,0.0022732426964299614,0.0007597121696745775,0.001513530526755384,0.001513530526755384,0.0,0.0,False
2011-04-07,-0.0014342494549319657,-0.0014342494549319657,-0.002206854603755485,0.0007726051488235195,0.0007726051488235195,0.0,0.0,False
2011-04-08,-0.0019935782391885103,-0.0019935782391885103,-0.0011397323047210653,-0.000853845934467445,-0.000853845934467445,0.0,0.0,False
2011-04-11,-0.0034419780323494287,-0.0034419780323494287,-0.0025358100983877857,-0.0009061679339616431,-0.0009061679339616431,0.0,0.0,False
2011-04-12,-0.006215376590668967,-0.006215376590668967,-0.004036653145429448,-0.0021787234452395185,-0.0021787234452395185,0.0,0.0,False
2011-04-13,0.0021576241155428777,0.0021576241155428777,0.0026722042665950395,-0.0005145801510521618,-0.0005145801510521618,0.0,0.0,False
2011-04-14,0.000772899599667227,0.000772899599667227,0.0003517742306681928,0.0004211253689990342,0.0004211253689990342,0.0,0.0,False
2011-04-15,0.004454676105362548,0.004454676105362548,0.004440473339534422,1.4202765828126226e-05,1.4202765828126226e-05,0.0,0.0,False
2011-04-18,-0.006874867726724042,-0.006874867726724042,-0.008953009116936764,0.002078141390212722,0.002078141390212722,0.0,0.0,False
2011-04-19,0.0033626224765962334,0.0033626224765962334,0.005042231072182674,-0.0016796085955864408,-0.0016796085955864408,0.0,0.0,False
2011-04-20,0.009496648006206532,0.009496648006206532,0.010165717565109856,-0.0006690695589033242,-0.0006690695589033242,0.0,0.0,False
2011-04-21,0.003926609249531627,0.003926609249531627,0.004011360059651236,-8.47508101196083e-05,-8.47508101196083e-05,0.0,0.0,False
2011-04-25,-0.0007916556412386863,-0.0007916556412386863,-0.00016635505167334006,-0.0006253005895653463,-0.0006253005895653463,0.0,0.0,False
2011-04-26,0.00516101333713076,0.00516101333713076,0.007138067680889591,-0.001977054343758831,-0.001977054343758831,0.0,0.0,False
2011-04-27,0.005322711590641984,0.005322711590641984,0.0026962067048651485,0.0026265048857768356,0.0026265048857768356,0.0,0.0,False
2011-04-28,0.002598263282560192,0.002598263282560192,0.0030325479030402316,-0.0004342846204800398,-0.0004342846204800398,0.0,0.0,False
2011-04-29,0.004052526089679933,0.004052526089679933,0.0015908104445503553,0.002461715645129577,0.002461715645129577,0.0,0.0,False
2011-05-02,-0.003640062281582169,-0.00364628281197063,0.00031204997824870736,-0.003958332790219337,-0.003952112259830876,0.006220530388461016,6.220530388461016e-06,True
2011-05-03,-0.003439577455564077,-0.003439577455564077,-0.004404503350778707,0.00096492589521463,0.00096492589521463,0.0,0.0,False
2011-05-04,-0.005693739504726394,-0.005693739504726394,-0.004572707143054163,-0.0011210323616722313,-0.0011210323616722313,0.0,0.0,False
2011-05-05,-0.007955066228408011,-0.007955066228408011,-0.0047984737928831915,-0.00315659243552482,-0.00315659243552482,0.0,0.0,False
2011-05-06,0.0053714242409166,0.0053714242409166,0.002781863668616383,0.0025895605723002166,0.0025895605723002166,0.0,0.0,False
2011-05-09,0.004964567908651845,0.004964567908651845,0.003354229344822629,0.0016103385638292162,0.0016103385638292162,0.0,0.0,False
2011-05-10,0.0061494208418711345,0.0061494208418711345,0.003884932956545043,0.0022644878853260914,0.0022644878853260914,0.0,0.0,False
2011-05-11,-0.007787323797991989,-0.007787323797991989,-0.007969168285732273,0.00018184448774028437,0.00018184448774028437,0.0,0.0,False
2011-05-12,0.0032217154116865963,0.0032217154116865963,0.001484352568956813,0.0017373628427297832,0.0017373628427297832,0.0,0.0,False
2011-05-13,-0.006697961404556636,-0.006697961404556636,-0.005705996641623594,-0.000991964762933042,-0.000991964762933042,0.0,0.0,False
2011-05-16,-0.0036988239180341864,-0.0036988239180341864,-0.001795407795694905,-0.0019034161223392813,-0.0019034161223392813,0.0,0.0,False
2011-05-17,-0.00024582433046282237,-0.00024582433046282237,0.0017662727497161535,-0.002012097080178976,-0.002012097080178976,0.0,0.0,False
2011-05-18,0.006215391466934914,0.006215391466934914,0.003562777363642012,0.002652614103292902,0.002652614103292902,0.0,0.0,False
2011-05-19,0.0011160501355014264,0.0011160501355014264,0.0014827780065718617,-0.00036672787107043525,-0.00036672787107043525,0.0,0.0,False
2011-05-20,-0.0029343034058506253,-0.0029343034058506253,-0.005171587020117806,0.0022372836142671806,0.0022372836142671806,0.0,0.0,False
2011-05-23,-0.00816488886289458,-0.00816488886289458,-0.009259425396258694,0.0010945365333641134,0.0010945365333641134,0.0,0.0,False
2011-05-24,-0.0009887380476527345,-0.0009887380476527345,0.0018989419726229374,-0.002887680020275672,-0.002887680020275672,0.0,0.0,False
2011-05-25,0.002862543914327661,0.002862543914327661,0.0021873224100274037,0.0006752215043002571,0.0006752215043002571,0.0,0.0,False
2011-05-26,0.0031865659569210183,0.0031865659569210183,0.006850864409588325,-0.0036642984526673067,-0.0036642984526673067,0.0,0.0,False
2011-05-27,0.004467279153662318,0.004467279153662318,0.003664394056973127,0.0008028850966891915,0.0008028850966891915,0.0,0.0,False
2011-05-31,0.006628541587683135,0.006628541587683135,0.008799251962052066,-0.002170710374368931,-0.002170710374368931,0.0,0.0,False
2011-06-01,-0.01802879595272556,-0.018209360809221465,-0.010619257905147866,-0.007590102904073599,-0.007409538047577692,0.18056485649590756,0.00018056485649590756,True
2011-06-02,0.0002651318434412044,0.0002651318434412044,-0.002209926218659382,0.0024750580621005864,0.0024750580621005864,0.0,0.0,False
2011-06-03,-0.006508490955337539,-0.006508490955337539,-0.002678187424268135,-0.003830303531069404,-0.003830303531069404,0.0,0.0,False
2011-06-06,-0.008806830189367544,-0.008806830189367544,-0.008236365910487759,-0.0005704642788797853,-0.0005704642788797853,0.0,0.0,False
2011-06-07,0.0014312985516684118,0.0014312985516684118,0.0032171502762132946,-0.0017858517245448828,-0.0017858517245448828,0.0,0.0,False
2011-06-08,-0.00677173281893431,-0.00677173281893431,-0.003462198219461957,-0.003309534599472353,-0.003309534599472353,0.0,0.0,False
2011-06-09,0.005362620929427,0.005362620929427,0.0033503112611029287,0.0020123096683240713,0.0020123096683240713,0.0,0.0,False
2011-06-10,-0.01320156598393212,-0.01320156598393212,-0.009602974559693146,-0.0035985914242389738,-0.0035985914242389738,0.0,0.0,False
2011-06-13,-0.001142109447504079,-0.001142109447504079,-0.00039453307174626244,-0.0007475763757578166,-0.0007475763757578166,0.0,0.0,False
2011-06-14,0.012321617003761259,0.012321617003761259,0.0059454837985093295,0.006376133205251929,0.006376133205251929,0.0,0.0,False
2011-06-15,-0.01570220563035628,-0.01570220563035628,-0.009162837659046214,-0.006539367971310068,-0.006539367971310068,0.0,0.0,False
2011-06-16,-0.0059523039694641035,-0.0059523039694641035,3.0406902654448928e-05,-0.005982710872118552,-0.005982710872118552,0.0,0.0,False
2011-06-17,0.006731538968780076,0.006731538968780076,0.0020979296920376153,0.004633609276742461,0.004633609276742461,0.0,0.0,False
2011-06-20,0.005134206112858765,0.005134206112858765,0.001385144358279927,0.0037490617545788384,0.0037490617545788384,0.0,0.0,False
2011-06-21,0.013554243534980843,0.013554243534980843,0.009471035215856712,0.004083208319124131,0.004083208319124131,0.0,0.0,False
2011-06-22,-0.0072988262467654766,-0.0072988262467654766,-0.0044072260633894415,-0.002891600183376035,-0.002891600183376035,0.0,0.0,False
2011-06-23,-0.0001720700255238971,-0.0001720700255238971,-0.00017120444609853598,-8.655794253611114e-07,-8.655794253611114e-07,0.0,0.0,False
2011-06-24,-0.008037827250642343,-0.008037827250642343,-0.0044875532051203895,-0.0035502740455219534,-0.0035502740455219534,0.0,0.0,False
2011-06-27,0.00538666373733475,0.00538666373733475,0.0032840337032478033,0.002102630034086947,0.002102630034086947,0.0,0.0,False
2011-06-28,0.00994828646068856,0.00994828646068856,0.0042858487931425725,0.005662437667545988,0.005662437667545988,0.0,0.0,False
2011-06-29,0.010167071492557259,0.010167071492557259,0.004347565848599917,0.0058195056439573414,0.0058195056439573414,0.0,0.0,False
2011-06-30,0.009170920017183129,0.009170920017183129,0.005887852876428207,0.0032830671407549222,0.0032830671407549222,0.0,0.0,False
2011-07-01,0.012374266837907395,0.01214234436647649,0.007462897958582964,0.004679446407893525,0.00491136887932443,0.23192247143090572,0.00023192247143090575,True
2011-07-05,0.001480578898105816,0.001480578898105816,0.0008261854184368176,0.0006543934796689984,0.0006543934796689984,0.0,0.0,False
2011-07-06,0.002319526980015217,0.002319526980015217,-0.00012356582011547945,0.0024430928001306965,0.0024430928001306965,0.0,0.0,False
2011-07-07,0.009860790232911629,0.009860790232911629,0.0056841874765859455,0.004176602756325683,0.004176602756325683,0.0,0.0,False
2011-07-08,-0.004950864599034581,-0.004950864599034581,-0.0016869626358060198,-0.0032639019632285608,-0.0032639019632285608,0.0,0.0,False
2011-07-11,-0.0163691407659216,-0.0163691407659216,-0.010999801062217873,-0.005369339703703728,-0.005369339703703728,0.0,0.0,False
2011-07-12,-0.003397188404003399,-0.003397188404003399,-0.002945584485052768,-0.00045160391895063094,-0.00045160391895063094,0.0,0.0,False
2011-07-13,0.004702736544907689,0.004702736544907689,0.006041905916301467,-0.001339169371393778,-0.001339169371393778,0.0,0.0,False
2011-07-14,-0.007511640676391226,-0.007511640676391226,-0.008019123971126602,0.0005074832947353763,0.0005074832947353763,0.0,0.0,False
2011-07-15,0.004705278109481672,0.004705278109481672,0.004450069586479125,0.00025520852300254734,0.00025520852300254734,0.0,0.0,False
2011-07-18,-0.008113437280680065,-0.008113437280680065,-0.007745463708428084,-0.00036797357225198165,-0.00036797357225198165,0.0,0.0,False
2011-07-19,0.014256075094851344,0.014256075094851344,0.012141965390597316,0.002114109704254028,0.002114109704254028,0.0,0.0,False
2011-07-20,0.0003741541026187941,0.0003741541026187941,-0.00022293445181539872,0.0005970885544341927,0.0005970885544341927,0.0,0.0,False
2011-07-21,0.00938055563661052,0.00938055563661052,0.007545279397726274,0.001835276238884246,0.001835276238884246,0.0,0.0,False
2011-07-22,0.0014572483222250405,0.0014572483222250405,0.0021052608384846926,-0.0006480125162596521,-0.0006480125162596521,0.0,0.0,False
2011-07-25,-0.007438495598706605,-0.007438495598706605,-0.005319184444887543,-0.002119311153819062,-0.002119311153819062,0.0,0.0,False
2011-07-26,-0.002342866962792591,-0.002342866962792591,0.0015759848066674179,-0.003918851769460009,-0.003918851769460009,0.0,0.0,False
2011-07-27,-0.019795467612095323,-0.019795467612095323,-0.013738446644646296,-0.006057020967449027,-0.006057020967449027,0.0,0.0,False
2011-07-28,-0.0008471158719310684,-0.0008471158719310684,-0.00029130003266005433,-0.0005558158392710141,-0.0005558158392710141,0.0,0.0,False
2011-07-29,-0.002374088577074262,-0.002374088577074262,0.0035718183748862055,-0.005945906951960468,-0.005945906951960468,0.0,0.0,False
2011-08-01,-0.0031044607185920212,-0.0032123463466979824,-0.0019017134586351903,-0.001310632888062792,-0.001202747259956831,0.10788562810596117,0.00010788562810596116,True
2011-08-02,-0.023530823635507202,-0.023530823635507202,-0.011564134355900715,-0.011966689279606486,-0.011966689279606486,0.0,0.0,False
2011-08-03,0.004019542007574594,0.004019542007574594,0.0026473929010459372,0.0013721491065286566,0.0013721491065286566,0.0,0.0,False
2011-08-04,-0.0460430968134109,-0.0460430968134109,-0.026923399256446483,-0.019119697556964417,-0.019119697556964417,0.0,0.0,False
2011-08-05,-0.006821360403888297,-0.006821360403888297,-0.005460737852006653,-0.0013606225518816443,-0.0013606225518816443,0.0,0.0,False
2011-08-08,-0.06553611545399325,-0.06553611545399325,-0.037985266434347686,-0.027550849019645565,-0.027550849019645565,0.0,0.0,False
2011-08-09,0.04807093547033196,0.04807093547033196,0.033610405270609,0.01446053019972296,0.01446053019972296,0.0,0.0,False
2011-08-10,-0.03724267988149668,-0.03724267988149668,-0.022280465711794886,-0.014962214169701796,-0.014962214169701796,0.0,0.0,False
2011-08-11,0.03802001364327366,0.03802001364327366,0.01657216513076376,0.0214478485125099,0.0214478485125099,0.0,0.0,False
2011-08-12,0.002977977796322297,0.002977977796322297,0.008231018737006076,-0.005253040940683779,-0.005253040940683779,0.0,0.0,False
2011-08-15,0.022024007355020785,0.022024007355020785,0.011716318798060277,0.010307688556960508,0.010307688556960508,0.0,0.0,False
2011-08-16,-0.011199104129085176,-0.011199104129085176,-0.003739442390718422,-0.007459661738366754,-0.007459661738366754,0.0,0.0,False
2011-08-17,0.0037593567323148916,0.0037593567323148916,0.004637171564010918,-0.000877814831696026,-0.000877814831696026,0.0,0.0,False
2011-08-18,-0.03804277379560201,-0.03804277379560201,-0.023750770334881044,-0.014292003460720966,-0.014292003460720966,0.0,0.0,False
2011-08-19,-0.014297882043327279,-0.014297882043327279,-0.0083390491545431,-0.005958832888784179,-0.005958832888784179,0.0,0.0,False
2011-08-22,-0.0004969271515044679,-0.0004969271515044679,-0.00031585620435806204,-0.00018107094714640587,-0.00018107094714640587,0.0,0.0,False
2011-08-23,0.029687529536164232,0.029687529536164232,0.01535065921094745,0.014336870325216782,0.014336870325216782,0.0,0.0,False
2011-08-24,0.008422458714366057,0.008422458714366057,-0.002084113459434134,0.01050657217380019,0.01050657217380019,0.0,0.0,False
2011-08-25,-0.016112335482601728,-0.016112335482601728,-0.007866221463452207,-0.008246114019149521,-0.008246114019149521,0.0,0.0,False
2011-08-26,0.016231531146567467,0.016231531146567467,0.010319885838877054,0.005911645307690413,0.005911645307690413,0.0,0.0,False
2011-08-29,0.029109753845866886,0.029109753845866886,0.014924240431710822,0.014185513414156064,0.014185513414156064,0.0,0.0,False
2011-08-30,0.00347004898105132,0.00347004898105132,0.0035861133816183994,-0.00011606440056707943,-0.00011606440056707943,0.0,0.0,False
2011-08-31,0.00481948240951513,0.00481948240951513,0.0044256857102163575,0.0003937966992987726,0.0003937966992987726,0.0,0.0,False
2011-09-01,-0.00898869715246584,-0.00908869715227673,-0.003836704289468606,-0.005251992862808123,-0.005151992862997235,0.09999999981088875,9.999999981088875e-05,True
2011-09-02,-0.016192964130749932,-0.016192964130749932,-0.01055247718241656,-0.005640486948333372,-0.005640486948333372,0.0,0.0,False
2011-09-06,-0.007086790564970481,-0.007086790564970481,-0.006394313572490415,-0.000692476992480066,-0.000692476992480066,0.0,0.0,False
2011-09-07,0.01680064757924175,0.01680064757924175,0.015408423347531643,0.001392224231710107,0.001392224231710107,0.0,0.0,False
2011-09-08,-0.004377093296551843,-0.004377093296551843,-0.007734005879632596,0.003356912583080753,0.003356912583080753,0.0,0.0,False
2011-09-09,-0.01953467917635382,-0.01953467917635382,-0.01573704781399373,-0.003797631362360089,-0.003797631362360089,0.0,0.0,False
2011-09-12,-0.0008174955813115645,-0.0008174955813115645,-2.7292538670183432e-05,-0.000790203042641381,-0.000790203042641381,0.0,0.0,False
2011-09-13,0.010492201044275928,0.010492201044275928,0.003697017258903766,0.006795183785372162,0.006795183785372162,0.0,0.0,False
2011-09-14,0.010372265280800454,0.010372265280800454,0.007349693241613366,0.0030225720391870887,0.0030225720391870887,0.0,0.0,False
2011-09-15,0.009856556157424548,0.009856556157424548,0.007400810622516307,0.0024557455349082415,0.0024557455349082415,0.0,0.0,False
2011-09-16,0.0031987503358771622,0.0031987503358771622,0.002859018525372155,0.0003397318105050071,0.0003397318105050071,0.0,0.0,False
2011-09-19,-0.009811160440427267,-0.009811160440427267,-0.007162550530684742,-0.002648609909742525,-0.002648609909742525,0.0,0.0,False
2011-09-20,-0.0021961078467801513,-0.0021961078467801513,-0.0006595693148923705,-0.0015365385318877808,-0.0015365385318877808,0.0,0.0,False
2011-09-21,-0.02303852465536939,-0.02303852465536939,-0.015266874337352937,-0.0077716503180164515,-0.0077716503180164515,0.0,0.0,False
2011-09-22,-0.024754764404789686,-0.024754764404789686,-0.017367411148564972,-0.007387353256224714,-0.007387353256224714,0.0,0.0,False
2011-09-23,-0.00024318632883366586,-0.00024318632883366586,0.002172985161739527,-0.0024161714905731927,-0.0024161714905731927,0.0,0.0,False
2011-09-26,0.012593252144874357,0.012593252144874357,0.009894028198190699,0.0026992239466836574,0.0026992239466836574,0.0,0.0,False
2011-09-27,0.011202597786010923,0.011202597786010923,0.007825797030960775,0.0033768007550501484,0.0033768007550501484,0.0,0.0,False
2011-09-28,-0.022443011869150577,-0.022443011869150577,-0.013686471137629715,-0.008756540731520861,-0.008756540731520861,0.0,0.0,False
2011-09-29,0.007136670056114535,0.007136670056114535,0.007382958501635994,-0.000246288445521459,-0.000246288445521459,0.0,0.0,False
2011-09-30,-0.022133898049454988,-0.022133898049454988,-0.014677188726937875,-0.007456709322517113,-0.007456709322517113,0.0,0.0,False
2011-10-03,-0.012513480699492888,-0.012916945638320937,-0.013668491157405475,0.0007515455190845385,0.0011550104579125878,0.4034649388280489,0.00040346493882804886,True
2011-10-04,0.0121306477366724,0.0121306477366724,0.010451137332773478,0.0016795104038989216,0.0016795104038989216,0.0,0.0,False
2011-10-05,0.00840301164974282,0.00840301164974282,0.010253064014107246,-0.0018500523643644254,-0.0018500523643644254,0.0,0.0,False
2011-10-06,0.0077617172181894635,0.0077617172181894635,0.011034435525719892,-0.003272718307530428,-0.003272718307530428,0.0,0.0,False
2011-10-07,-0.008776682281671366,-0.008776682281671366,-0.007066475285214891,-0.0017102069964564752,-0.0017102069964564752,0.0,0.0,False
2011-10-10,0.017589968501304037,0.017589968501304037,0.020297831394906946,-0.002707862893602909,-0.002707862893602909,0.0,0.0,False
2011-10-11,0.0019487970815211717,0.0019487970815211717,0.001306114510734323,0.0006426825707868487,0.0006426825707868487,0.0,0.0,False
2011-10-12,0.005041986666364439,0.005041986666364439,0.007530716790654634,-0.0024887301242901942,-0.0024887301242901942,0.0,0.0,False
2011-10-13,-7.404668114160459e-05,-7.404668114160459e-05,-0.00021934454476788229,0.0001452978636262777,0.0001452978636262777,0.0,0.0,False
2011-10-14,0.00829177094769629,0.00829177094769629,0.008534033353178056,-0.00024226240548176625,-0.00024226240548176625,0.0,0.0,False
2011-10-17,-0.010162021401821614,-0.010162021401821614,-0.012850168533603717,0.0026881471317821027,0.0026881471317821027,0.0,0.0,False
2011-10-18,0.01054012952077255,0.01054012952077255,0.012423593147163398,-0.0018834636263908473,-0.0018834636263908473,0.0,0.0,False
2011-10-19,-0.007965225072328988,-0.007965225072328988,-0.008866966404572556,0.0009017413322435688,0.0009017413322435688,0.0,0.0,False
2011-10-20,0.0001596155794509102,0.0001596155794509102,-0.0005320275225277906,0.0006916431019787008,0.0006916431019787008,0.0,0.0,False
2011-10-21,0.010952550136557822,0.010952550136557822,0.01335311934292251,-0.0024005692063646875,-0.0024005692063646875,0.0,0.0,False
2011-10-24,0.010622196873389507,0.010622196873389507,0.012685508025596696,-0.0020633111522071895,-0.0020633111522071895,0.0,0.0,False
2011-10-25,-0.005949002302036724,-0.005949002302036724,-0.008991030225279157,0.003042027923242433,0.003042027923242433,0.0,0.0,False
2011-10-26,0.005063532667712468,0.005063532667712468,0.0058511808688219485,-0.0007876482011094808,-0.0007876482011094808,0.0,0.0,False
2011-10-27,0.018544627674017357,0.018544627674017357,0.025015038719867398,-0.006470411045850041,-0.006470411045850041,0.0,0.0,False
2011-10-28,0.0011872254910175357,0.0011872254910175357,-0.0001639243156598127,0.0013511498066773485,0.0013511498066773485,0.0,0.0,False
2011-10-31,-0.010287802149168478,-0.010287802149168478,-0.01702219817540271,0.00673439602623423,0.00673439602623423,0.0,0.0,False
2011-11-01,-0.005851981662877422,-0.00602710626577244,-0.012435709892045604,0.006408603626273164,0.0065837282291681815,0.17512460289501763,0.00017512460289501763,True
2011-11-02,0.006373157767843411,0.006373157767843411,0.009710065799251082,-0.003336908031407671,-0.003336908031407671,0.0,0.0,False
2011-11-03,0.00622607452316111,0.00622607452316111,0.009812563130446598,-0.003586488607285488,-0.003586488607285488,0.0,0.0,False
2011-11-04,-0.0016539673493045754,-0.0016539673493045754,-0.0036541083951877515,0.002000141045883176,0.002000141045883176,0.0,0.0,False
2011-11-07,0.003221775729711807,0.003221775729711807,0.003189061603381404,3.2714126330403263e-05,3.2714126330403263e-05,0.0,0.0,False
2011-11-08,0.0031614580109148084,0.0031614580109148084,0.005090033608189517,-0.0019285755972747085,-0.0019285755972747085,0.0,0.0,False
2011-11-09,-0.014066171832918032,-0.014066171832918032,-0.024762112700511513,0.01069594086759348,0.01069594086759348,0.0,0.0,False
2011-11-10,0.00029791455161037503,0.00029791455161037503,0.003001283283648108,-0.0027033687320377328,-0.0027033687320377328,0.0,0.0,False
2011-11-11,0.007868679049812713,0.007868679049812713,0.011466108409800597,-0.003597429359987884,-0.003597429359987884,0.0,0.0,False
2011-11-14,-0.000894409760631642,-0.000894409760631642,-0.005543754603830378,0.004649344843198736,0.004649344843198736,0.0,0.0,False
2011-11-15,0.002919002851565497,0.002919002851565497,0.001846191365399275,0.001072811486166222,0.001072811486166222,0.0,0.0,False
2011-11-16,-0.0052944947703821785,-0.0052944947703821785,-0.010343939877449974,0.005049445107067795,0.005049445107067795,0.0,0.0,False
2011-11-17,-0.0056454652527605925,-0.0056454652527605925,-0.009889263501921059,0.004243798249160467,0.004243798249160467,0.0,0.0,False
2011-11-18,-0.0017696048163184843,-0.0017696048163184843,-1.6741909703250684e-06,-0.0017679306253481591,-0.0017679306253481591,0.0,0.0,False
2011-11-21,-0.008095435203411973,-0.008095435203411973,-0.013367994848390866,0.005272559644978893,0.005272559644978893,0.0,0.0,False
2011-11-22,0.0003212002991517793,0.0003212002991517793,-0.0008149264262045393,0.0011361267253563187,0.0011361267253563187,0.0,0.0,False
2011-11-23,-0.009128463465794323,-0.009128463465794323,-0.01458439294761586,0.0054559294818215375,0.0054559294818215375,0.0,0.0,False
2011-11-25,-0.00709349358587754,-0.00709349358587754,-0.00498650915002029,-0.0021069844358572506,-0.0021069844358572506,0.0,0.0,False
2011-11-28,0.01625072481160163,0.01625072481160163,0.021352278704332685,-0.005101553892731054,-0.005101553892731054,0.0,0.0,False
2011-11-29,-0.0012952673815939649,-0.0012952673815939649,8.406144501977891e-05,-0.0013793288266137438,-0.0013793288266137438,0.0,0.0,False
2011-11-30,0.01779066527424383,0.01779066527424383,0.02707000261804747,-0.00927933734380364,-0.00927933734380364,0.0,0.0,False
2011-12-01,-0.0006857360197160322,-0.0011779390088419005,-0.0019559047320410637,0.0007779657231991631,0.0012701687123250313,0.4922029891258682,0.0004922029891258682,True
2011-12-02,0.003451255026885082,0.003451255026885082,0.0024778652750999442,0.0009733897517851379,0.0009733897517851379,0.0,0.0,False
2011-12-05,0.007257747360941914,0.007257747360941914,0.008347849720991212,-0.0010901023600492984,-0.0010901023600492984,0.0,0.0,False
2011-12-06,-0.0014827895166056198,-0.0014827895166056198,-0.0037176745077548076,0.002234884991149188,0.002234884991149188,0.0,0.0,False
2011-12-07,0.004496673552585575,0.004496673552585575,0.004493672466028351,3.0010865572239337e-06,3.0010865572239337e-06,0.0,0.0,False
2011-12-08,-0.015324481811391627,-0.015324481811391627,-0.015512333136505036,0.00018785132511340945,0.00018785132511340945,0.0,0.0,False
2011-12-09,0.008658948016111636,0.008658948016111636,0.009138415708381501,-0.0004794676922698655,-0.0004794676922698655,0.0,0.0,False
2011-12-12,-0.010231708023332764,-0.010231708023332764,-0.011905889940194935,0.0016741819168621715,0.0016741819168621715,0.0,0.0,False
2011-12-13,-0.006726926890904816,-0.006726926890904816,-0.00479022342979174,-0.0019367034611130762,-0.0019367034611130762,0.0,0.0,False
2011-12-14,-0.00800365553872032,-0.00800365553872032,-0.004803959708622588,-0.0031996958300977325,-0.0031996958300977325,0.0,0.0,False
2011-12-15,0.0026533872289432646,0.0026533872289432646,0.0027362012235108875,-8.281399456762286e-05,-8.281399456762286e-05,0.0,0.0,False
2011-12-16,0.005223803018151704,0.005223803018151704,0.0034225927089467476,0.0018012103092049565,0.0018012103092049565,0.0,0.0,False
2011-12-19,-0.004702503707125769,-0.004702503707125769,-0.0059050204320808975,0.0012025167249551287,0.0012025167249551287,0.0,0.0,False
2011-12-20,0.01661271961991944,0.01661271961991944,0.01652305634289365,8.966327702579144e-05,8.966327702579144e-05,0.0,0.0,False
2011-12-21,-0.0006598788777125137,-0.0006598788777125137,-0.001710590444643463,0.0010507115669309494,0.0010507115669309494,0.0,0.0,False
2011-12-22,0.005427465336404273,0.005427465336404273,0.006832978061587169,-0.0014055127251828966,-0.0014055127251828966,0.0,0.0,False
2011-12-23,0.0026701371002519113,0.0026701371002519113,0.0024035620985125845,0.0002665750017393268,0.0002665750017393268,0.0,0.0,False
2011-12-27,0.0009997039235116695,0.0009997039235116695,-0.00025558749699585603,0.0012552914205075255,0.0012552914205075255,0.0,0.0,False
2011-12-28,-0.00863374302242339,-0.00863374302242339,-0.006656454172802726,-0.0019772888496206644,-0.0019772888496206644,0.0,0.0,False
2011-12-29,0.004909641907827642,0.004909641907827642,0.007615313580277028,-0.002705671672449386,-0.002705671672449386,0.0,0.0,False
2011-12-30,0.0005140641391265122,0.0005140641391265122,0.0005493300200002436,-3.5265880873731415e-05,-3.5265880873731415e-05,0.0,0.0,False
2012-01-03,0.00928016703581924,0.008808313109246733,0.010615532859231941,-0.0018072197499852082,-0.0013353658234127007,0.47185392657250685,0.00047185392657250687,True
2012-01-04,-0.0014969279994486882,-0.0014969279994486882,-0.002355469443620351,0.000858541444171663,0.000858541444171663,0.0,0.0,False
2012-01-05,-0.0006342617147954104,-0.0006342617147954104,-0.0022976529472545698,0.0016633912324591593,0.0016633912324591593,0.0,0.0,False
2012-01-06,-0.0016070546141910547,-0.0016070546141910547,-0.0025132152518639126,0.0009061606376728579,0.0009061606376728579,0.0,0.0,False
2012-01-09,0.0009537595715982092,0.0009537595715982092,0.0023474566552333332,-0.0013936970836351242,-0.0013936970836351242,0.0,0.0,False
2012-01-10,0.005957623431452303,0.005957623431452303,0.00778125778793205,-0.001823634356479747,-0.001823634356479747,0.0,0.0,False
2012-01-11,0.0030082542403428356,0.0030082542403428356,0.0017064313793152004,0.0013018228610276353,0.0013018228610276353,0.0,0.0,False
2012-01-12,0.0011504222466664582,0.0011504222466664582,0.0017834216680045474,-0.0006329994213380892,-0.0006329994213380892,0.0,0.0,False
2012-01-13,-0.0021560009315108627,-0.0021560009315108627,-0.002499459633733942,0.0003434587022230792,0.0003434587022230792,0.0,0.0,False
2012-01-17,0.004494662160191901,0.004494662160191901,0.0057369291437692985,-0.0012422669835773972,-0.0012422669835773972,0.0,0.0,False
2012-01-18,0.005451100932096311,0.005451100932096311,0.007851406569516958,-0.002400305637420647,-0.002400305637420647,0.0,0.0,False
2012-01-19,0.0007939603571795751,0.0007939603571795751,0.0028377838936531176,-0.0020438235364735424,-0.0020438235364735424,0.0,0.0,False
2012-01-20,0.0009725572122481523,0.0009725572122481523,0.00031688219758863913,0.0006556750146595132,0.0006556750146595132,0.0,0.0,False
2012-01-23,-0.0006751171509816824,-0.0006751171509816824,-0.0001798687113140629,-0.0004952484396676195,-0.0004952484396676195,0.0,0.0,False
2012-01-24,-0.0015294434280003347,-0.0015294434280003347,7.847783802831089e-05,-0.0016079212660286457,-0.0016079212660286457,0.0,0.0,False
2012-01-25,0.008930972333664787,0.008930972333664787,0.007080467136103684,0.0018505051975611034,0.0018505051975611034,0.0,0.0,False
2012-01-26,0.0011760576513782936,0.0011760576513782936,0.0007784870886672046,0.00039757056271108907,0.00039757056271108907,0.0,0.0,False
2012-01-27,0.002355652205152748,0.002355652205152748,0.001979444352786976,0.00037620785236577164,0.00037620785236577164,0.0,0.0,False
2012-01-30,-0.00191334294426285,-0.00191334294426285,-0.0037666766540959402,0.0018533337098330903,0.0018533337098330903,0.0,0.0,False
2012-01-31,0.0033002742777905126,0.0033002742777905126,0.0032453573948535274,5.491688293698515e-05,5.491688293698515e-05,0.0,0.0,False
2012-02-01,0.0033585139173402247,0.003096474930417905,0.007600154184699731,-0.004503679254281826,-0.004241640267359506,0.2620389869223194,0.0002620389869223194,True
2012-02-02,0.0018588680134363784,0.0018588680134363784,0.001930185081858573,-7.131706842219455e-05,-7.131706842219455e-05,0.0,0.0,False
2012-02-03,0.0023535109009210613,0.0023535109009210613,0.006541726080929788,-0.004188215180008727,-0.004188215180008727,0.0,0.0,False
2012-02-06,0.0016332400737961367,0.0016332400737961367,-0.0005785286398423802,0.002211768713638517,0.002211768713638517,0.0,0.0,False
2012-02-07,-0.003214952360505056,-0.003214952360505056,-0.0002580037412968859,-0.00295694861920817,-0.00295694861920817,0.0,0.0,False
2012-02-08,0.001674708311457418,0.001674708311457418,0.0025584584517778348,-0.0008837501403204167,-0.0008837501403204167,0.0,0.0,False
2012-02-09,-0.0021814190500335233,-0.0021814190500335233,-0.0007933440086770404,-0.0013880750413564828,-0.0013880750413564828,0.0,0.0,False
2012-02-10,-0.0009957938133286711,-0.0009957938133286711,-0.006564367957611455,0.005568574144282784,0.005568574144282784,0.0,0.0,False
2012-02-13,0.004594141874737395,0.004594141874737395,0.006744594320174795,-0.0021504524454374003,-0.0021504524454374003,0.0,0.0,False
2012-02-14,0.0003372764598146789,0.0003372764598146789,-0.0018092181041403223,0.0021464945639550013,0.0021464945639550013,0.0,0.0,False
2012-02-15,-0.0029398567299820516,-0.0029398567299820516,-0.001532091241897177,-0.0014077654880848747,-0.0014077654880848747,0.0,0.0,False
2012-02-16,0.004098519723768456,0.004098519723768456,0.005981923887578814,-0.0018834041638103585,-0.0018834041638103585,0.0,0.0,False
2012-02-17,0.0005356562227351835,0.0005356562227351835,0.001219944535222162,-0.0006842883124869786,-0.0006842883124869786,0.0,0.0,False
2012-02-21,-0.003718211640665301,-0.003718211640665301,-0.0020684716757396666,-0.0016497399649256345,-0.0016497399649256345,0.0,0.0,False
2012-02-22,0.0007421361329218477,0.0007421361329218477,0.0006069964365171443,0.00013513969640470338,0.00013513969640470338,0.0,0.0,False
2012-02-23,0.0043732647351027954,0.0043732647351027954,0.00366476707133055,0.0007084976637722453,0.0007084976637722453,0.0,0.0,False
2012-02-24,0.0016840124907767824,0.0016840124907767824,0.003088554217031695,-0.0014045417262549126,-0.0014045417262549126,0.0,0.0,False
2012-02-27,0.002754421581703269,0.002754421581703269,0.00022720105919623028,0.0025272205225070387,0.0025272205225070387,0.0,0.0,False
2012-02-28,0.00032232262057525015,0.00032232262057525015,0.003994801784234453,-0.0036724791636592027,-0.0036724791636592027,0.0,0.0,False
2012-02-29,-0.00594941687824126,-0.00594941687824126,-0.004947908836538648,-0.0010015080417026118,-0.0010015080417026118,0.0,0.0,False
2012-03-01,4.451847390992943e-05,3.127291277812929e-05,0.0029893702063194744,-0.002958097293541345,-0.002944851732409545,0.013245561131800138,1.3245561131800138e-05,True
2012-03-02,-0.0005342207704146695,-0.0005342207704146695,-0.001996936943310274,0.0014627161728956045,0.0014627161728956045,0.0,0.0,False
2012-03-05,-0.0031565564180838085,-0.0031565564180838085,-0.00476449751464369,0.0016079410965598815,0.0016079410965598815,0.0,0.0,False
2012-03-06,-0.0048147081249508205,-0.0048147081249508205,-0.012293242203372039,0.0074785340784212185,0.0074785340784212185,0.0,0.0,False
2012-03-07,0.0022005421201463813,0.0022005421201463813,0.004773160210994309,-0.0025726180908479277,-0.0025726180908479277,0.0,0.0,False
2012-03-08,0.002840353247739286,0.002840353247739286,0.007800807160139799,-0.004960453912400513,-0.004960453912400513,0.0,0.0,False
2012-03-09,0.0034105315334817046,0.0034105315334817046,0.0011670446608431034,0.0022434868726386014,0.0022434868726386014,0.0,0.0,False
2012-03-12,-0.0003958783356079682,-0.0003958783356079682,-0.0019079751413175637,0.0015120968057095955,0.0015120968057095955,0.0,0.0,False
2012-03-13,0.004221603117849759,0.004221603117849759,0.008835267442402542,-0.004613664324552784,-0.004613664324552784,0.0,0.0,False
2012-03-14,-0.00924922818638535,-0.00924922818638535,-0.008889411989765325,-0.00035981619662002473,-0.00035981619662002473,0.0,0.0,False
2012-03-15,0.0034827066479399694,0.0034827066479399694,0.004129877874906984,-0.0006471712269670148,-0.0006471712269670148,0.0,0.0,False
2012-03-16,0.0005507075234346063,0.0005507075234346063,0.0015680937848826983,-0.001017386261448092,-0.001017386261448092,0.0,0.0,False
2012-03-19,-0.0010986424935488484,-0.0010986424935488484,8.091765976570757e-05,-0.001179560153314556,-0.001179560153314556,0.0,0.0,False
2012-03-20,-0.0017144820916485991,-0.0017144820916485991,-0.004690491407935297,0.002976009316286698,0.002976009316286698,0.0,0.0,False
2012-03-21,0.002719046706668832,0.002719046706668832,0.0008665796507719347,0.0018524670558968974,0.0018524670558968974,0.0,0.0,False
2012-03-22,-0.003182202810999226,-0.003182202810999226,-0.005100727693905271,0.0019185248829060452,0.0019185248829060452,0.0,0.0,False
2012-03-23,0.005290861113619934,0.005290861113619934,0.004576463415274831,0.0007143976983451025,0.0007143976983451025,0.0,0.0,False
2012-03-26,0.007075103002400867,0.007075103002400867,0.008858366601556207,-0.0017832635991553401,-0.0017832635991553401,0.0,0.0,False
2012-03-27,0.000708395719434488,0.000708395719434488,-0.00024062551547489688,0.0009490212349093849,0.0009490212349093849,0.0,0.0,False
2012-03-28,-0.0034816184166463343,-0.0034816184166463343,-0.005196256957849812,0.001714638541203478,0.001714638541203478,0.0,0.0,False
2012-03-29,0.001454077487793212,0.001454077487793212,-0.0002731170500729183,0.0017271945378661304,0.0017271945378661304,0.0,0.0,False
2012-03-30,-0.003165180465382772,-0.003165180465382772,0.0009987760497843598,-0.004163956515167132,-0.004163956515167132,0.0,0.0,False
2012-04-02,0.005632650441693934,0.005476029998039002,0.007075496275955628,-0.0015994662779166263,-0.0014428458342616935,0.1566204436549328,0.0001566204436549328,True
2012-04-03,-0.006431521967199622,-0.006431521967199622,-0.008523538428092283,0.0020920164608926603,0.0020920164608926603,0.0,0.0,False
2012-04-04,-0.003840528050188744,-0.003840528050188744,-0.00697212402465527,0.0031315959744665257,0.0031315959744665257,0.0,0.0,False
2012-04-05,0.0009876446207616216,0.0009876446207616216,0.0008030047947875532,0.00018463982597406834,0.00018463982597406834,0.0,0.0,False
2012-04-09,-0.0017617903979370154,-0.0017617903979370154,-0.0020532479870569477,0.00029145758911993227,0.00029145758911993227,0.0,0.0,False
2012-04-10,-0.007659550850216623,-0.007659550850216623,-0.009731061247950805,0.002071510397734182,0.002071510397734182,0.0,0.0,False
2012-04-11,0.0032390661154579727,0.0032390661154579727,0.004539929186861656,-0.0013008630714036835,-0.0013008630714036835,0.0,0.0,False
2012-04-12,0.00592477826393004,0.00592477826393004,0.009196889636519694,-0.0032721113725896547,-0.0032721113725896547,0.0,0.0,False
2012-04-13,-0.0031789541794083934,-0.0031789541794083934,-0.005720319000002301,0.0025413648205939074,0.0025413648205939074,0.0,0.0,False
2012-04-16,-9.104898347529061e-05,-9.104898347529061e-05,0.00030555260293844034,-0.00039660158641373095,-0.00039660158641373095,0.0,0.0,False
2012-04-17,0.0070013899860576975,0.0070013899860576975,0.008478008811188624,-0.0014766188251309261,-0.0014766188251309261,0.0,0.0,False
2012-04-18,-0.0015866679941143806,-0.0015866679941143806,-0.002073056721932351,0.0004863887278179703,0.0004863887278179703,0.0,0.0,False
2012-04-19,-0.002538706679596556,-0.002538706679596556,-0.003119949467584086,0.0005812427879875299,0.0005812427879875299,0.0,0.0,False
2012-04-20,0.0014058957138723426,0.0014058957138723426,0.002848593965503801,-0.0014426982516314584,-0.0014426982516314584,0.0,0.0,False
2012-04-23,-0.004167460869685842,-0.004167460869685842,-0.007175374034634717,0.003007913164948875,0.003007913164948875,0.0,0.0,False
2012-04-24,0.0011980871729872363,0.0011980871729872363,0.0016801532623454498,-0.0004820660893582135,-0.0004820660893582135,0.0,0.0,False
2012-04-25,0.006778702944346106,0.006778702944346106,0.007425691765333873,-0.0006469888209877676,-0.0006469888209877676,0.0,0.0,False
2012-04-26,0.005291470311002184,0.005291470311002184,0.005285857698295428,5.612612706755449e-06,5.612612706755449e-06,0.0,0.0,False
2012-04-27,0.002311690185080502,0.002311690185080502,0.002092679087476492,0.00021901109760401024,0.00021901109760401024,0.0,0.0,False
2012-04-30,-0.0027035848987794894,-0.0027035848987794894,-0.0026063988093878087,-9.718608939168066e-05,-9.718608939168066e-05,0.0,0.0,False
2012-05-01,0.0013934129271198359,0.001288367711348519,0.0022833216316882287,-0.0009949539203397096,-0.0008899087045683928,0.10504521577131681,0.00010504521577131682,True
2012-05-02,0.000643151413982415,0.000643151413982415,-0.0009048832521327778,0.0015480346661151927,0.0015480346661151927,0.0,0.0,False
2012-05-03,-0.0046597299617187615,-0.0046597299617187615,-0.005004971624436865,0.0003452416627181031,0.0003452416627181031,0.0,0.0,False
2012-05-04,-0.007185949959221109,-0.007185949959221109,-0.008451500505520536,0.0012655505462994265,0.0012655505462994265,0.0,0.0,False
2012-05-07,0.0010029361692229402,0.0010029361692229402,0.0019932883915249645,-0.0009903522223020243,-0.0009903522223020243,0.0,0.0,False
2012-05-08,-0.00027799452848904435,-0.00027799452848904435,-0.003975380981079583,0.0036973864525905384,0.0036973864525905384,0.0,0.0,False
2012-05-09,-0.0030968336222301626,-0.0030968336222301626,-0.005068152436657468,0.0019713188144273057,0.0019713188144273057,0.0,0.0,False
2012-05-10,0.0003866693797440915,0.0003866693797440915,0.001134781298472795,-0.0007481119187287034,-0.0007481119187287034,0.0,0.0,False
2012-05-11,0.0001913722044453749,0.0001913722044453749,-0.0016217294194171734,0.0018131016238625483,0.0018131016238625483,0.0,0.0,False
2012-05-14,-0.004553805181447842,-0.004553805181447842,-0.007250047297056162,0.0026962421156083195,0.0026962421156083195,0.0,0.0,False
2012-05-15,-0.00247397707986255,-0.00247397707986255,-0.004344452353051555,0.0018704752731890052,0.0018704752731890052,0.0,0.0,False
2012-05-16,-0.002025309928435859,-0.002025309928435859,-0.0038474813846065044,0.0018221714561706456,0.0018221714561706456,0.0,0.0,False
2012-05-17,-0.00924749278714208,-0.00924749278714208,-0.007922368430735145,-0.0013251243564069357,-0.0013251243564069357,0.0,0.0,False
2012-05-18,-0.005398864820858681,-0.005398864820858681,-0.005605284176460182,0.00020641935560150072,0.00020641935560150072,0.0,0.0,False
2012-05-21,0.008734483297372898,0.008734483297372898,0.01097765655496233,-0.0022431732575894318,-0.0022431732575894318,0.0,0.0,False
2012-05-22,-0.0015228940830749379,-0.0015228940830749379,-0.0027673088774977806,0.0012444147944228427,0.0012444147944228427,0.0,0.0,False
2012-05-23,0.00241114195892272,0.00241114195892272,-2.662395271365518e-05,0.0024377659116363755,0.0024377659116363755,0.0,0.0,False
2012-05-24,0.0004508368003773366,0.0004508368003773366,-0.0013519895492553043,0.001802826349632641,0.001802826349632641,0.0,0.0,False
2012-05-25,0.00019631107968156192,0.00019631107968156192,-0.000724895129273308,0.0009212062089548699,0.0009212062089548699,0.0,0.0,False
2012-05-29,0.006354407721214164,0.006354407721214164,0.008546315638497837,-0.0021919079172836725,-0.0021919079172836725,0.0,0.0,False
2012-05-30,-0.00504490296960417,-0.00504490296960417,-0.006677040044030802,0.001632137074426632,0.001632137074426632,0.0,0.0,False
2012-05-31,0.0018907574447365163,0.0018907574447365163,0.002847320061317469,-0.0009565626165809525,-0.0009565626165809525,0.0,0.0,False
2012-06-01,-0.009653110451342642,-0.009673551379254372,-0.011710605579772698,0.002037054200518326,0.002057495128430056,0.020440927911730543,2.0440927911730543e-05,True
2012-06-04,-0.0039023383684881697,-0.0039023383684881697,-0.0013270229546700457,-0.0025753154138181238,-0.0025753154138181238,0.0,0.0,False
2012-06-05,0.0031354906204801502,0.0031354906204801502,0.0025382031484238858,0.0005972874720562645,0.0005972874720562645,0.0,0.0,False
2012-06-06,0.009090758081084034,0.009090758081084034,0.012216306461696184,-0.00312554838061215,-0.00312554838061215,0.0,0.0,False
2012-06-07,0.0003407896160071951,0.0003407896160071951,0.0015446676397473246,-0.0012038780237401295,-0.0012038780237401295,0.0,0.0,False
2012-06-08,0.00595169295689346,0.00595169295689346,0.002376700733198424,0.003574992223695036,0.003574992223695036,0.0,0.0,False
2012-06-11,-0.00720119990934143,-0.00720119990934143,-0.007135761442824653,-6.54384665167776e-05,-6.54384665167776e-05,0.0,0.0,False
2012-06-12,0.003845066023908732,0.003845066023908732,0.006703126901649419,-0.0028580608777406874,-0.0028580608777406874,0.0,0.0,False
2012-06-13,-0.0017863050940456191,-0.0017863050940456191,-0.0020285324700759265,0.0002422273760303074,0.0002422273760303074,0.0,0.0,False
2012-06-14,0.004460651662460079,0.004460651662460079,0.004813981831767149,-0.0003533301693070699,-0.0003533301693070699,0.0,0.0,False
2012-06-15,0.007792925390265142,0.007792925390265142,0.009549538531974999,-0.0017566131417098563,-0.0017566131417098563,0.0,0.0,False
2012-06-18,0.0006876009474614707,0.0006876009474614707,0.0005653020545713715,0.00012229889289009927,0.00012229889289009927,0.0,0.0,False
2012-06-19,0.004978419258291074,0.004978419258291074,0.006515270749824955,-0.001536851491533881,-0.001536851491533881,0.0,0.0,False
2012-06-20,-0.0011938006591927872,-0.0011938006591927872,-0.00011315128871683321,-0.001080649370475954,-0.001080649370475954,0.0,0.0,False
2012-06-21,-0.010806916577081181,-0.010806916577081181,-0.014934963526752196,0.004128046949671015,0.004128046949671015,0.0,0.0,False
2012-06-22,0.0031652321443819175,0.0031652321443819175,0.002877654025194753,0.0002875781191871646,0.0002875781191871646,0.0,0.0,False
2012-06-25,-0.006067114043365561,-0.006067114043365561,-0.008757837320335624,0.0026907232769700622,0.0026907232769700622,0.0,0.0,False
2012-06-26,0.002066988367145436,0.002066988367145436,0.003070203226446055,-0.001003214859300619,-0.001003214859300619,0.0,0.0,False
2012-06-27,0.006300470625076338,0.006300470625076338,0.006160921761887544,0.00013954886318879364,0.00013954886318879364,0.0,0.0,False
2012-06-28,-8.744627391726965e-05,-8.744627391726965e-05,-0.00011848789967355041,3.1041625756280766e-05,3.1041625756280766e-05,0.0,0.0,False
2012-06-29,0.011985078006324822,0.011985078006324822,0.017301368113661543,-0.005316290107336721,-0.005316290107336721,0.0,0.0,False
2012-07-02,0.005209007104249435,0.005098081412586247,0.004712824221143963,0.00038525719144228386,0.000496182883105472,0.11092569166318854,0.00011092569166318853,True
2012-07-03,0.0035267847045055995,0.0035267847045055995,0.005232043605736999,-0.0017052589012313997,-0.0017052589012313997,0.0,0.0,False
2012-07-05,-0.0004343308784279668,-0.0004343308784279668,-0.0038022117739178315,0.0033678808954898647,0.0033678808954898647,0.0,0.0,False
2012-07-06,-0.0034123627261658236,-0.0034123627261658236,-0.00509985652472031,0.001687493798554486,0.001687493798554486,0.0,0.0,False
2012-07-09,5.4530196970941735e-05,5.4530196970941735e-05,-0.00015025424524673958,0.00020478444221768132,0.00020478444221768132,0.0,0.0,False
2012-07-10,-0.004565916150136445,-0.004565916150136445,-0.0050872301016256045,0.0005213139514891598,0.0005213139514891598,0.0,0.0,False
2012-07-11,-0.0005263583211588251,-0.0005263583211588251,0.0009743916613532135,-0.0015007499825120387,-0.0015007499825120387,0.0,0.0,False
2012-07-12,-0.0006008113240645079,-0.0006008113240645079,-0.0031233388722907663,0.0025225275482262583,0.0025225275482262583,0.0,0.0,False
2012-07-13,0.007373027245348098,0.007373027245348098,0.009298313439344896,-0.0019252861939967987,-0.0019252861939967987,0.0,0.0,False
2012-07-16,-0.00022295963373871646,-0.00022295963373871646,-5.848686882706285e-05,-0.0001644727649116536,-0.0001644727649116536,0.0,0.0,False
2012-07-17,0.00199746571446266,0.00199746571446266,0.003013323653999942,-0.001015857939537282,-0.001015857939537282,0.0,0.0,False
2012-07-18,0.004683791323316161,0.004683791323316161,0.00450022880389178,0.00018356251942438107,0.00018356251942438107,0.0,0.0,False
2012-07-19,0.00016373103790521886,0.00016373103790521886,0.0027364830406911805,-0.0025727520027859618,-0.0025727520027859618,0.0,0.0,False
2012-07-20,-0.003603793039822856,-0.003603793039822856,-0.00681259042726316,0.003208797387440304,0.003208797387440304,0.0,0.0,False
2012-07-23,-0.005783180651595119,-0.005783180651595119,-0.009262599674427937,0.003479419022832818,0.003479419022832818,0.0,0.0,False
2012-07-24,-0.00396643994566724,-0.00396643994566724,-0.0041361955500067975,0.0001697556043395573,0.0001697556043395573,0.0,0.0,False
2012-07-25,0.0008874401209876083,0.0008874401209876083,0.0019397607282866383,-0.00105232060729903,-0.00105232060729903,0.0,0.0,False
2012-07-26,0.006062607964072546,0.006062607964072546,0.011028473084277051,-0.004965865120204505,-0.004965865120204505,0.0,0.0,False
2012-07-27,0.006583927261023626,0.006583927261023626,0.009334291474168265,-0.002750364213144639,-0.002750364213144639,0.0,0.0,False
2012-07-30,0.0010106837398783503,0.0010106837398783503,0.00048545506915665814,0.0005252286707216921,0.0005252286707216921,0.0,0.0,False
2012-07-31,-0.0023691276089486623,-0.0023691276089486623,-0.0026766657253715805,0.0003075381164229182,0.0003075381164229182,0.0,0.0,False
2012-08-01,-0.004218935198573722,-0.004223021001323001,-0.0020227321187618053,-0.002200288882561196,-0.0021962030798119165,0.004085802749279242,4.085802749279243e-06,True
2012-08-02,-0.0020254088365448124,-0.0020254088365448124,-0.004675505194481946,0.0026500963579371337,0.0026500963579371337,0.0,0.0,False
2012-08-03,0.00825403082317235,0.00825403082317235,0.013054042248831138,-0.004800011425658788,-0.004800011425658788,0.0,0.0,False
2012-08-06,0.0022727464107763634,0.0022727464107763634,0.0030237659669938,-0.0007510195562174366,-0.0007510195562174366,0.0,0.0,False
2012-08-07,0.0005453339335149689,0.0005453339335149689,0.001085546160542087,-0.000540212227027118,-0.000540212227027118,0.0,0.0,False
2012-08-08,-0.0006972548309917218,-0.0006972548309917218,-0.0005416283907459713,-0.00015562644024575052,-0.00015562644024575052,0.0,0.0,False
2012-08-09,0.0006737610869193675,0.0006737610869193675,0.0007404067617001359,-6.664567478076842e-05,-6.664567478076842e-05,0.0,0.0,False
2012-08-10,0.001457731260905619,0.001457731260905619,0.0022871929228567463,-0.0008294616619511272,-0.0008294616619511272,0.0,0.0,False
2012-08-13,-0.0009554637512415457,-0.0009554637512415457,-0.002394315465371128,0.0014388517141295824,0.0014388517141295824,0.0,0.0,False
2012-08-14,-0.0026687561002190644,-0.0026687561002190644,-0.0020201103857583145,-0.0006486457144607499,-0.0006486457144607499,0.0,0.0,False
2012-08-15,-0.0006782544270157974,-0.0006782544270157974,-0.002146693299131202,0.0014684388721154045,0.0014684388721154045,0.0,0.0,False
2012-08-16,0.0029771356587960014,0.0029771356587960014,0.004327422859557323,-0.0013502872007613216,-0.0013502872007613216,0.0,0.0,False
2012-08-17,0.0021792172661129518,0.0021792172661129518,0.0011293583302839725,0.0010498589358289793,0.0010498589358289793,0.0,0.0,False
2012-08-20,0.0002805319697699968,0.0002805319697699968,0.00028818426274700756,-7.652292977010735e-06,-7.652292977010735e-06,0.0,0.0,False
2012-08-21,-0.0006470054076476738,-0.0006470054076476738,0.000394934577842292,-0.0010419399854899659,-0.0010419399854899659,0.0,0.0,False
2012-08-22,0.0028924021936758562,0.0028924021936758562,0.0028625161401473,2.988605352855639e-05,2.988605352855639e-05,0.0,0.0,False
2012-08-23,-0.0032868574333465884,-0.0032868574333465884,-0.004014038450684106,0.0007271810173375172,0.0007271810173375172,0.0,0.0,False
2012-08-24,0.0025662870926577482,0.0025662870926577482,0.0017807858798944308,0.0007855012127633175,0.0007855012127633175,0.0,0.0,False
2012-08-27,0.001605774206954153,0.001605774206954153,0.00023884664792182635,0.0013669275590323265,0.0013669275590323265,0.0,0.0,False
2012-08-28,0.0006845646292016825,0.0006845646292016825,-2.3061956026681108e-05,0.0007076265852283636,0.0007076265852283636,0.0,0.0,False
2012-08-29,0.00022093206497726344,0.00022093206497726344,-0.0012014442360106215,0.001422376300987885,0.001422376300987885,0.0,0.0,False
2012-08-30,-0.0034129152325983745,-0.0034129152325983745,-0.005491046754438418,0.002078131521840044,0.002078131521840044,0.0,0.0,False
2012-08-31,0.005565444911455981,0.005565444911455981,0.006921322943574455,-0.0013558780321184741,-0.0013558780321184741,0.0,0.0,False
2012-09-04,0.0003730485243299739,0.00014303585626588262,-0.001844622999131057,0.0019876588553969397,0.0022176715234610306,0.2300126680640913,0.0002300126680640913,True
2012-09-05,-0.0002916333041391297,-0.0002916333041391297,-0.001408092263055482,0.0011164589589163524,0.0011164589589163524,0.0,0.0,False
2012-09-06,0.007050367704651954,0.007050367704651954,0.010075151133250724,-0.00302478342859877,-0.00302478342859877,0.0,0.0,False
2012-09-07,0.0032683213252022057,0.0032683213252022057,0.006507955494264072,-0.003239634169061866,-0.003239634169061866,0.0,0.0,False
2012-09-10,-0.0026161361254888587,-0.0026161361254888587,-0.0042678864119337166,0.0016517502864448579,0.0016517502864448579,0.0,0.0,False
2012-09-11,0.0012107431779634127,0.0012107431779634127,0.0033483651009827637,-0.002137621923019351,-0.002137621923019351,0.0,0.0,False
2012-09-12,0.0003526407794633206,0.0003526407794633206,0.0008727696620375773,-0.0005201288825742568,-0.0005201288825742568,0.0,0.0,False
2012-09-13,0.009520724942536725,0.009520724942536725,0.011568812126811956,-0.002048087184275231,-0.002048087184275231,0.0,0.0,False
2012-09-14,-0.0008262251783654385,-0.0008262251783654385,0.0006553664756379417,-0.00148159165400338,-0.00148159165400338,0.0,0.0,False
2012-09-17,-0.00022607884689822744,-0.00022607884689822744,-0.0018049177060045992,0.001578838859106372,0.001578838859106372,0.0,0.0,False
2012-09-18,0.0006819624029089278,0.0006819624029089278,0.00014350016564616914,0.0005384622372627587,0.0005384622372627587,0.0,0.0,False
2012-09-19,0.0009382658801288799,0.0009382658801288799,0.001723370546842131,-0.000785104666713251,-0.000785104666713251,0.0,0.0,False
2012-09-20,-0.0008191973642886651,-0.0008191973642886651,-0.001719046755148213,0.0008998493908595478,0.0008998493908595478,0.0,0.0,False
2012-09-21,0.0013243715194923068,0.0013243715194923068,0.0011269627794028084,0.0001974087400894984,0.0001974087400894984,0.0,0.0,False
2012-09-24,-6.289135432350915e-05,-6.289135432350915e-05,-0.00025204791381175135,0.0001891565594882422,0.0001891565594882422,0.0,0.0,False
2012-09-25,-0.004624861408739624,-0.004624861408739624,-0.005113868703258074,0.0004890072945184501,0.0004890072945184501,0.0,0.0,False
2012-09-26,-0.001200314541579461,-0.001200314541579461,-0.0022948124916822785,0.0010944979501028174,0.0010944979501028174,0.0,0.0,False
2012-09-27,0.00434742435044071,0.00434742435044071,0.006006155142179593,-0.0016587307917388825,-0.0016587307917388825,0.0,0.0,False
2012-09-28,-0.0019480903723693307,-0.0019480903723693307,-0.005067497280329725,0.0031194069079603947,0.0031194069079603947,0.0,0.0,False
2012-10-01,0.0006456112408666863,0.0002908451805630343,0.004125593897281121,-0.003834748716718087,-0.003479982656414435,0.35476606030365204,0.00035476606030365206,True
2012-10-02,0.002090978062113498,0.002090978062113498,0.0009956110631127969,0.001095366999000701,0.001095366999000701,0.0,0.0,False
2012-10-03,0.001931826405573332,0.001931826405573332,0.00010292823755925879,0.0018288981680140734,0.0018288981680140734,0.0,0.0,False
2012-10-04,0.004463570618726209,0.004463570618726209,0.0038260032538549077,0.0006375673648713015,0.0006375673648713015,0.0,0.0,False
2012-10-05,-0.0003943819779988958,-0.0003943819779988958,-0.0016073326800501136,0.001212950702051218,0.001212950702051218,0.0,0.0,False
2012-10-08,-0.002341310376067373,-0.002341310376067373,-0.001694625270533131,-0.0006466851055342421,-0.0006466851055342421,0.0,0.0,False
2012-10-09,-0.0061583030157487135,-0.0061583030157487135,-0.006840493388941851,0.0006821903731931379,0.0006821903731931379,0.0,0.0,False
2012-10-10,-0.0024168095868034103,-0.0024168095868034103,-0.0019275465497905772,-0.0004892630370128331,-0.0004892630370128331,0.0,0.0,False
2012-10-11,0.002528258555634353,0.002528258555634353,0.003259796961031847,-0.0007315384053974941,-0.0007315384053974941,0.0,0.0,False
2012-10-12,-0.002088984389950061,-0.002088984389950061,-0.0015485142556704128,-0.0005404701342796481,-0.0005404701342796481,0.0,0.0,False
2012-10-15,0.0061568430482393886,0.0061568430482393886,0.005274886559445977,0.0008819564887934117,0.0008819564887934117,0.0,0.0,False
2012-10-16,0.006082407659472064,0.006082407659472064,0.005216472864721265,0.0008659347947507995,0.0008659347947507995,0.0,0.0,False
2012-10-17,0.002940976148491785,0.002940976148491785,0.0020400271314677037,0.0009009490170240812,0.0009009490170240812,0.0,0.0,False
2012-10-18,-0.001118810356109258,-0.001118810356109258,-0.0028538567388732713,0.0017350463827640133,0.0017350463827640133,0.0,0.0,False
2012-10-19,-0.010701034591358974,-0.010701034591358974,-0.007917046689075594,-0.00278398790228338,-0.00278398790228338,0.0,0.0,False
2012-10-22,-0.0007855292557904909,-0.0007855292557904909,0.0007351762875898095,-0.0015207055433803004,-0.0015207055433803004,0.0,0.0,False
2012-10-23,-0.007305753804146959,-0.007305753804146959,-0.007877248380778757,0.0005714945766317984,0.0005714945766317984,0.0,0.0,False
2012-10-24,-0.0020755719816273246,-0.0020755719816273246,-0.002118636424155766,4.306444252844162e-05,4.306444252844162e-05,0.0,0.0,False
2012-10-25,0.0013220322253071892,0.0013220322253071892,0.0016586620955039379,-0.0003366298701967486,-0.0003366298701967486,0.0,0.0,False
2012-10-26,-0.0016622089701107546,-0.0016622089701107546,0.001323508501571668,-0.002985717471682423,-0.002985717471682423,0.0,0.0,False
2012-10-31,0.0026183745439305895,0.0026183745439305895,0.0016173343829703189,0.0010010401609602706,0.0010010401609602706,0.0,0.0,False
2012-11-01,0.004573876815291714,0.0043152280493392895,0.005592906422870003,-0.0012776783735307133,-0.0010190296075782892,0.2586487659524239,0.00025864876595242393,True
2012-11-02,-0.004921694318329988,-0.004921694318329988,-0.0056128960664454915,0.0006912017481155034,0.0006912017481155034,0.0,0.0,False
2012-11-05,0.001723352597580399,0.001723352597580399,0.0019039390421412596,-0.0001805864445608605,-0.0001805864445608605,0.0,0.0,False
2012-11-06,0.0024450428064629603,0.0024450428064629603,0.0028547768298875717,-0.00040973402342461135,-0.00040973402342461135,0.0,0.0,False
2012-11-07,-0.00970572330895637,-0.00970572330895637,-0.009131536450366058,-0.0005741868585903125,-0.0005741868585903125,0.0,0.0,False
2012-11-08,-0.006493364324482757,-0.006493364324482757,-0.005399124779016761,-0.0010942395454659965,-0.0010942395454659965,0.0,0.0,False
2012-11-09,7.997316202195705e-06,7.997316202195705e-06,0.00032193976517761824,-0.00031394244897542254,-0.00031394244897542254,0.0,0.0,False
2012-11-12,-0.00019771667118885332,-0.00019771667118885332,0.0005903966429462869,-0.0007881133141351402,-0.0007881133141351402,0.0,0.0,False
2012-11-13,-0.0017511577413213558,-0.0017511577413213558,-0.0024710986068225598,0.000719940865501204,0.000719940865501204,0.0,0.0,False
2012-11-14,-0.008893334866684458,-0.008893334866684458,-0.007590134339891405,-0.0013032005267930528,-0.0013032005267930528,0.0,0.0,False
2012-11-15,-0.00221152190880288,-0.00221152190880288,-0.00041125246499048516,-0.0018002694438123948,-0.0018002694438123948,0.0,0.0,False
2012-11-16,0.00373129217921977,0.00373129217921977,0.0021980937972047726,0.0015331983820149973,0.0015331983820149973,0.0,0.0,False
2012-11-19,0.011229177863262014,0.011229177863262014,0.011719189621875237,-0.0004900117586132229,-0.0004900117586132229,0.0,0.0,False
2012-11-20,-0.0003777296689339954,-0.0003777296689339954,-0.0015755295850353546,0.001197799916101359,0.001197799916101359,0.0,0.0,False
2012-11-21,0.000989919147822199,0.000989919147822199,0.0006557728154933133,0.0003341463323288858,0.0003341463323288858,0.0,0.0,False
2012-11-23,0.0068749548557360905,0.0068749548557360905,0.009325831177337453,-0.002450876321601363,-0.002450876321601363,0.0,0.0,False
2012-11-26,0.0006004963816416864,0.0006004963816416864,-2.4111825150517304e-05,0.0006246082067922037,0.0006246082067922037,0.0,0.0,False
2012-11-27,-0.0018617583397063423,-0.0018617583397063423,-0.002441096365432132,0.0005793380257257895,0.0005793380257257895,0.0,0.0,False
2012-11-28,0.004245233740298235,0.004245233740298235,0.00462664485696961,-0.0003814111166713747,-0.0003814111166713747,0.0,0.0,False
2012-11-29,0.004253393607807778,0.004253393607807778,0.004316206627683197,-6.281301987541826e-05,-6.281301987541826e-05,0.0,0.0,False
2012-11-30,-7.615815077040018e-05,-7.615815077040018e-05,-7.327337557534936e-05,-2.8847751950508184e-06,-2.8847751950508184e-06,0.0,0.0,False
2012-12-03,-0.0007402643231253533,-0.0010938422464651144,-0.0012560851137884575,0.00016224286732334308,0.0005158207906631042,0.353577923339761,0.00035357792333976103,True
2012-12-04,6.657313742310859e-06,6.657313742310859e-06,0.0010829483975490833,-0.0010762910838067723,-0.0010762910838067723,0.0,0.0,False
2012-12-05,0.0013954156139913915,0.0013954156139913915,0.0022113605855288423,-0.0008159449715374508,-0.0008159449715374508,0.0,0.0,False
2012-12-06,0.0016364501984076588,0.0016364501984076588,0.002347035248008699,-0.0007105850496010402,-0.0007105850496010402,0.0,0.0,False
2012-12-07,0.00010747379091417268,0.00010747379091417268,-8.366216960234603e-05,0.0001911359605165187,0.0001911359605165187,0.0,0.0,False
2012-12-10,0.001248476216354269,0.001248476216354269,0.0016171123645788857,-0.0003686361482246167,-0.0003686361482246167,0.0,0.0,False
2012-12-11,0.002820406820373951,0.002820406820373951,0.002637310751947565,0.0001830960684263863,0.0001830960684263863,0.0,0.0,False
2012-12-12,-0.0012881501389470685,-0.0012881501389470685,-0.0012075603963570976,-8.05897425899709e-05,-8.05897425899709e-05,0.0,0.0,False
2012-12-13,-0.004194365037653384,-0.004194365037653384,-0.0036551410571138265,-0.0005392239805395577,-0.0005392239805395577,0.0,0.0,False
2012-12-14,-0.0012498364292673329,-0.0012498364292673329,0.0007696114612105122,-0.002019447890477845,-0.002019447890477845,0.0,0.0,False
2012-12-17,0.005695532253912188,0.005695532253912188,0.0028356287441836845,0.0028599035097285033,0.0028599035097285033,0.0,0.0,False
2012-12-18,0.0052131514797378875,0.0052131514797378875,0.004720372109643373,0.0004927793700945145,0.0004927793700945145,0.0,0.0,False
2012-12-19,-0.0011135499181214661,-0.0011135499181214661,-0.0006383652357682797,-0.00047518468235318646,-0.00047518468235318646,0.0,0.0,False
2012-12-20,0.0036626883533382067,0.0036626883533382067,0.003922050408558881,-0.00025936205522067435,-0.00025936205522067435,0.0,0.0,False
2012-12-21,-0.003673803326023936,-0.003673803326023936,-0.003781948592946906,0.00010814526692296987,0.00010814526692296987,0.0,0.0,False
2012-12-24,-0.0026031119928785025,-0.0026031119928785025,-0.0021811728113825587,-0.0004219391814959438,-0.0004219391814959438,0.0,0.0,False
2012-12-26,-0.0017192220159493732,-0.0017192220159493732,-0.0005571581958235292,-0.001162063820125844,-0.001162063820125844,0.0,0.0,False
2012-12-27,0.0008479896529003635,0.0008479896529003635,0.001898689134017726,-0.0010506994811173625,-0.0010506994811173625,0.0,0.0,False
2012-12-28,-0.00448346603614237,-0.00448346603614237,-0.003764947484564813,-0.0007185185515775567,-0.0007185185515775567,0.0,0.0,False
2012-12-31,0.007995456489105133,0.007995456489105133,0.00731542120788888,0.0006800352812162532,0.0006800352812162532,0.0,0.0,False
2013-01-02,0.013516538008176817,0.01336190184624853,0.012209976682508849,0.0011519251637396814,0.0013065613256679678,0.15463616192828708,0.0001546361619282871,True
2013-01-03,-0.004601465324973063,-0.004601465324973063,-0.005455945630987609,0.0008544803060145456,0.0008544803060145456,0.0,0.0,False
2013-01-04,0.0022407164169672535,0.0022407164169672535,0.002884636911961965,-0.0006439204949947115,-0.0006439204949947115,0.0,0.0,False
2013-01-07,-0.0009253076322681043,-0.0009253076322681043,-0.0020645417624902654,0.001139234130222161,0.001139234130222161,0.0,0.0,False
2013-01-08,-0.0016538124452519917,-0.0016538124452519917,-0.0017114942315592685,5.768178630727685e-05,5.768178630727685e-05,0.0,0.0,False
2013-01-09,0.0018325445234476374,0.0018325445234476374,0.002225859399875768,-0.00039331487642813067,-0.00039331487642813067,0.0,0.0,False
2013-01-10,0.005153667814357074,0.005153667814357074,0.004690817843436777,0.00046284997092029684,0.00046284997092029684,0.0,0.0,False
2013-01-11,0.0011832569768067192,0.0011832569768067192,0.0007401046844488383,0.0004431522923578809,0.0004431522923578809,0.0,0.0,False
2013-01-14,-0.0009484023156031897,-0.0009484023156031897,-7.505333861846942e-05,-0.0008733489769847203,-0.0008733489769847203,0.0,0.0,False
2013-01-15,-0.0002446661744788803,-0.0002446661744788803,0.0003521732530993931,-0.0005968394275782734,-0.0005968394275782734,0.0,0.0,False
2013-01-16,-0.0010290713717012899,-0.0010290713717012899,-0.0006524926717537522,-0.00037657869994753767,-0.00037657869994753767,0.0,0.0,False
2013-01-17,0.0034632770484311136,0.0034632770484311136,0.0025841269650549014,0.0008791500833762122,0.0008791500833762122,0.0,0.0,False
2013-01-18,0.0011874157330424293,0.0011874157330424293,0.001966142103684393,-0.0007787263706419635,-0.0007787263706419635,0.0,0.0,False
2013-01-22,0.002101260222339043,0.002101260222339043,0.0022092462467571523,-0.00010798602441810905,-0.00010798602441810905,0.0,0.0,False
2013-01-23,0.0006743949360953702,0.0006743949360953702,-0.00011142541556185214,0.0007858203516572223,0.0007858203516572223,0.0,0.0,False
2013-01-24,0.0006678098068819585,0.0006678098068819585,-8.310312283484186e-05,0.0007509129297168004,0.0007509129297168004,0.0,0.0,False
2013-01-25,0.0020408125867665437,0.0020408125867665437,0.000783438884972142,0.0012573737017944017,0.0012573737017944017,0.0,0.0,False
2013-01-28,-0.0015386824593639104,-0.0015386824593639104,-0.0024672831910477057,0.0009286007316837953,0.0009286007316837953,0.0,0.0,False
2013-01-29,0.0014337209961779818,0.0014337209961779818,0.0024869724048540457,-0.001053251408676064,-0.001053251408676064,0.0,0.0,False
2013-01-30,-0.0034561307734087728,-0.0034561307734087728,-0.002611559358141367,-0.0008445714152674057,-0.0008445714152674057,0.0,0.0,False
2013-01-31,-0.0016603861759413052,-0.0016603861759413052,-0.0002760646513290469,-0.0013843215246122581,-0.0013843215246122581,0.0,0.0,False
2013-02-01,0.003921303924205398,0.0037104180404935088,0.0036602430056504984,5.017503484301038e-05,0.0002610609185548997,0.2108858837118893,0.0002108858837118893,True
2013-02-04,-0.007475580678106973,-0.007475580678106973,-0.005762148943338644,-0.0017134317347683291,-0.0017134317347683291,0.0,0.0,False
2013-02-05,0.0027577567375134775,0.0027577567375134775,0.002814583204445318,-5.682646693184069e-05,-5.682646693184069e-05,0.0,0.0,False
2013-02-06,0.000737339296197331,0.000737339296197331,0.001693193066672624,-0.0009558537704752929,-0.0009558537704752929,0.0,0.0,False
2013-02-07,-0.0032213994080887856,-0.0032213994080887856,-0.00263102546908412,-0.0005903739390046656,-0.0005903739390046656,0.0,0.0,False
2013-02-08,0.0038468772807594394,0.0038468772807594394,0.004377218492269648,-0.0005303412115102088,-0.0005303412115102088,0.0,0.0,False
2013-02-11,-0.0005784641400000356,-0.0005784641400000356,-0.0006329053670580203,5.444122705798463e-05,5.444122705798463e-05,0.0,0.0,False
2013-02-12,0.0021341895341477823,0.0021341895341477823,0.0012462178976110788,0.0008879716365367035,0.0008879716365367035,0.0,0.0,False
2013-02-13,0.00036227853459960824,0.00036227853459960824,-0.00013031034455146084,0.0004925888791510691,0.0004925888791510691,0.0,0.0,False
2013-02-14,-0.0008505410745031542,-0.0008505410745031542,0.0012578506266410269,-0.002108391701144181,-0.002108391701144181,0.0,0.0,False
2013-02-15,-0.0011997103484335892,-0.0011997103484335892,-0.0014756278006789933,0.0002759174522454042,0.0002759174522454042,0.0,0.0,False
2013-02-19,0.0052917076911055076,0.0052917076911055076,0.004070868819943579,0.0012208388711619283,0.0012208388711619283,0.0,0.0,False
2013-02-20,-0.004884982681282053,-0.004884982681282053,-0.00625594198224104,0.0013709593009589875,0.0013709593009589875,0.0,0.0,False
2013-02-21,-0.005420208490086591,-0.005420208490086591,-0.004993039262783934,-0.0004271692273026574,-0.0004271692273026574,0.0,0.0,False
2013-02-22,0.007036612585828105,0.007036612585828105,0.0064879907044562615,0.0005486218813718436,0.0005486218813718436,0.0,0.0,False
2013-02-25,-0.009560706174704404,-0.009560706174704404,-0.008330444804017782,-0.0012302613706866219,-0.0012302613706866219,0.0,0.0,False
2013-02-26,0.00408069021984665,0.00408069021984665,0.0031054794927906507,0.0009752107270559994,0.0009752107270559994,0.0,0.0,False
2013-02-27,0.006386388504484304,0.006386388504484304,0.006948976191843327,-0.0005625876873590228,-0.0005625876873590228,0.0,0.0,False
2013-02-28,-0.0006017743784036598,-0.0006017743784036598,-0.0006803426611700946,7.856828276643483e-05,7.856828276643483e-05,0.0,0.0,False
2013-03-01,0.0008118122394598497,0.0006074280489122784,0.0022520338155872345,-0.001644605766674956,-0.0014402215761273847,0.20438419054757123,0.0002043841905475712,True
2013-03-04,0.0022274958406485225,0.0022274958406485225,0.000583132345794274,0.0016443634948542485,0.0016443634948542485,0.0,0.0,False
2013-03-05,0.005287036967477206,0.005287036967477206,0.005380046990509379,-9.301002303217266e-05,-9.301002303217266e-05,0.0,0.0,False
2013-03-06,0.00044369306909915435,0.00044369306909915435,-0.00010385968788292595,0.0005475527569820803,0.0005475527569820803,0.0,0.0,False
2013-03-07,0.001323702041845033,0.001323702041845033,-0.0001206285972768576,0.0014443306391218906,0.0014443306391218906,0.0,0.0,False
2013-03-08,0.0013075704509100637,0.0013075704509100637,0.0009425047582549522,0.00036506569265511146,0.00036506569265511146,0.0,0.0,False
2013-03-11,0.0015240670966866164,0.0015240670966866164,0.0012873212811131364,0.00023674581557348007,0.00023674581557348007,0.0,0.0,False
2013-03-12,-0.0019739023152576473,-0.0019739023152576473,-0.001519011347606812,-0.0004548909676508352,-0.0004548909676508352,0.0,0.0,False
2013-03-13,-0.00038184949806193964,-0.00038184949806193964,-0.0009004513896386433,0.0005186018915767037,0.0005186018915767037,0.0,0.0,False
2013-03-14,0.00565760361798963,0.00565760361798963,0.0040119208678628514,0.0016456827501267783,0.0016456827501267783,0.0,0.0,False
2013-03-15,0.000668479550149591,0.000668479550149591,8.835303096076694e-05,0.000580126519188824,0.000580126519188824,0.0,0.0,False
2013-03-18,-0.0043115885976478556,-0.0043115885976478556,-0.0033789937014463874,-0.0009325948962014682,-0.0009325948962014682,0.0,0.0,False
2013-03-19,-0.0017662426890837925,-0.0017662426890837925,-0.0008862541729627039,-0.0008799885161210886,-0.0008799885161210886,0.0,0.0,False
2013-03-20,0.003917429998737592,0.003917429998737592,0.0023346587673789125,0.0015827712313586794,0.0015827712313586794,0.0,0.0,False
2013-03-21,-0.004980525960555742,-0.004980525960555742,-0.0042986821178965405,-0.0006818438426592017,-0.0006818438426592017,0.0,0.0,False
2013-03-22,0.00400977331506916,0.00400977331506916,0.004409558267591191,-0.00039978495252203025,-0.00039978495252203025,0.0,0.0,False
2013-03-25,-0.005541832039050214,-0.005541832039050214,-0.0031265955742800482,-0.0024152364647701654,-0.0024152364647701654,0.0,0.0,False
2013-03-26,0.004158363798893901,0.004158363798893901,0.005300579927708246,-0.0011422161288143452,-0.0011422161288143452,0.0,0.0,False
2013-03-27,-0.0017945835848235036,-0.0017945835848235036,0.0014462929764318972,-0.003240876561255401,-0.003240876561255401,0.0,0.0,False
2013-03-28,0.0026807140324575512,0.0026807140324575512,0.0012184307115035726,0.0014622833209539787,0.0014622833209539787,0.0,0.0,False
2013-04-01,-0.004837333076051631,-0.00484092592877295,-0.0042518478544184835,-0.0005890780743544669,-0.0005854852216331478,0.0035928527213187804,3.5928527213187803e-06,True
2013-04-02,0.004143175065739867,0.004143175065739867,0.0021916626457603758,0.0019515124199794916,0.0019515124199794916,0.0,0.0,False
2013-04-03,-0.0026615383061578345,-0.0026615383061578345,-0.0038337968398366087,0.0011722585336787742,0.0011722585336787742,0.0,0.0,False
2013-04-04,0.004377362984058011,0.004377362984058011,0.004899568329205673,-0.0005222053451476617,-0.0005222053451476617,0.0,0.0,False
2013-04-05,-0.0014705928903887625,-0.0014705928903887625,-0.0002237044995105149,-0.0012468883908782476,-0.0012468883908782476,0.0,0.0,False
2013-04-08,0.002892608953528178,0.002892608953528178,0.002249504312221204,0.0006431046413069739,0.0006431046413069739,0.0,0.0,False
2013-04-09,0.003024807280428264,0.003024807280428264,0.0024787368922212028,0.0005460703882070612,0.0005460703882070612,0.0,0.0,False
2013-04-10,0.0077260096704577464,0.0077260096704577464,0.005762320278955575,0.001963689391502171,0.001963689391502171,0.0,0.0,False
2013-04-11,0.003326821081515754,0.003326821081515754,0.00275019379048498,0.0005766272910307738,0.0005766272910307738,0.0,0.0,False
2013-04-12,-0.0003921715788513279,-0.0003921715788513279,-0.00021243283344169698,-0.00017973874540963092,-0.00017973874540963092,0.0,0.0,False
2013-04-15,-0.01258048357470324,-0.01258048357470324,-0.013221759888541844,0.0006412763138386041,0.0006412763138386041,0.0,0.0,False
2013-04-16,0.009294525688042845,0.009294525688042845,0.00803932810405767,0.001255197583985174,0.001255197583985174,0.0,0.0,False
2013-04-17,-0.009817429370498681,-0.009817429370498681,-0.008978817970716722,-0.0008386113997819588,-0.0008386113997819588,0.0,0.0,False
2013-04-18,-0.0024227576306999916,-0.0024227576306999916,-0.002207966416932251,-0.0002147912137677407,-0.0002147912137677407,0.0,0.0,False
2013-04-19,0.004112042649916426,0.004112042649916426,0.005740135699308104,-0.001628093049391678,-0.001628093049391678,0.0,0.0,False
2013-04-22,0.0030020869788881946,0.0030020869788881946,0.002760069913793555,0.0002420170650946395,0.0002420170650946395,0.0,0.0,False
2013-04-23,0.008032130536397487,0.008032130536397487,0.006313204277851312,0.0017189262585461757,0.0017189262585461757,0.0,0.0,False
2013-04-24,0.0037899162802236238,0.0037899162802236238,0.0026143174529787106,0.0011755988272449131,0.0011755988272449131,0.0,0.0,False
2013-04-25,0.0033238339336163422,0.0033238339336163422,0.0026793927198581436,0.0006444412137581986,0.0006444412137581986,0.0,0.0,False
2013-04-26,0.0001940012027808473,0.0001940012027808473,7.61035424825309e-05,0.0001178976602983164,0.0001178976602983164,0.0,0.0,False
2013-04-29,0.006162205552965091,0.006162205552965091,0.0050651580587800825,0.0010970474941850083,0.0010970474941850083,0.0,0.0,False
2013-04-30,0.0016490402325310739,0.0016490402325310739,0.0023190827343190024,-0.0006700425017879285,-0.0006700425017879285,0.0,0.0,False
2013-05-01,-0.009793143866032599,-0.010146098946368013,-0.0039889242407374625,-0.00615717470563055,-0.005804219625295136,0.3529550803354133,0.0003529550803354133,True
2013-05-02,0.009141323457129057,0.009141323457129057,0.004736760630277236,0.00440456282685182,0.00440456282685182,0.0,0.0,False
2013-05-03,0.006176559397661966,0.006176559397661966,0.0022558183470299032,0.003920741050632063,0.003920741050632063,0.0,0.0,False
2013-05-06,0.0028329348238836315,0.0028329348238836315,0.0006328053985359587,0.0022001294253476728,0.0022001294253476728,0.0,0.0,False
2013-05-07,0.0032789968886802624,0.0032789968886802624,0.0023266458719191315,0.0009523510167611308,0.0009523510167611308,0.0,0.0,False
2013-05-08,0.0030885843853344255,0.0030885843853344255,0.004349048132531173,-0.0012604637471967475,-0.0012604637471967475,0.0,0.0,False
2013-05-09,-0.002963719407127753,-0.002963719407127753,-0.0037011537422305075,0.0007374343351027545,0.0007374343351027545,0.0,0.0,False
2013-05-10,0.0005984748637073502,0.0005984748637073502,-0.0016450672714035494,0.0022435421351108997,0.0022435421351108997,0.0,0.0,False
2013-05-13,-0.0019232098283416153,-0.0019232098283416153,-0.001882636568893004,-4.057325944861138e-05,-4.057325944861138e-05,0.0,0.0,False
2013-05-14,0.006117927931407283,0.006117927931407283,0.0028708441158650645,0.003247083815542219,0.003247083815542219,0.0,0.0,False
2013-05-15,0.0021039098217058307,0.0021039098217058307,0.003783135032555577,-0.0016792252108497464,-0.0016792252108497464,0.0,0.0,False
2013-05-16,-0.00014848032292950257,-0.00014848032292950257,-0.0008648067122952832,0.0007163263893657806,0.0007163263893657806,0.0,0.0,False
2013-05-17,0.004874229989086645,0.004874229989086645,0.0027280286435414905,0.0021462013455451545,0.0021462013455451545,0.0,0.0,False
2013-05-20,0.000761955854050207,0.000761955854050207,0.0007819295961229386,-1.9973742072731558e-05,-1.9973742072731558e-05,0.0,0.0,False
2013-05-21,0.0014779162159266738,0.0014779162159266738,0.001988094099399681,-0.0005101778834730071,-0.0005101778834730071,0.0,0.0,False
2013-05-22,-0.009637952314504792,-0.009637952314504792,-0.0090751379977312,-0.0005628143167735918,-0.0005628143167735918,0.0,0.0,False
2013-05-23,-0.0008053271469453426,-0.0008053271469453426,-0.00316588417253943,0.0023605570255940877,0.0023605570255940877,0.0,0.0,False
2013-05-24,-0.0009509729692029607,-0.0009509729692029607,-0.0023910803898281063,0.0014401074206251455,0.0014401074206251455,0.0,0.0,False
2013-05-28,0.002918316117907499,0.002918316117907499,-0.0014692922104406825,0.004387608328348181,0.004387608328348181,0.0,0.0,False
2013-05-29,-0.005795989806755518,-0.005795989806755518,-0.003950231763146551,-0.0018457580436089666,-0.0018457580436089666,0.0,0.0,False
2013-05-30,0.0038660924019122446,0.0038660924019122446,0.002179553540510879,0.0016865388614013656,0.0016865388614013656,0.0,0.0,False
2013-05-31,-0.011442829719698674,-0.011442829719698674,-0.011147665567650544,-0.00029516415204812983,-0.00029516415204812983,0.0,0.0,False
2013-06-03,0.0015239368907967996,0.0011566402733839327,0.004341808712463063,-0.0031851684390791306,-0.0028178718216662637,0.367296617412867,0.000367296617412867,True
2013-06-04,-0.00010173308276271471,-0.00010173308276271471,-0.004221990631657389,0.004120257548894674,0.004120257548894674,0.0,0.0,False
2013-06-05,-0.013242473457984856,-0.013242473457984856,-0.008567964703066725,-0.004674508754918131,-0.004674508754918131,0.0,0.0,False
2013-06-06,0.006789144811007513,0.006789144811007513,0.005753790573678825,0.0010353542373286884,0.0010353542373286884,0.0,0.0,False
2013-06-07,0.00626170010234548,0.00626170010234548,0.0026294049352407816,0.003632295167104699,0.003632295167104699,0.0,0.0,False
2013-06-10,-0.0008676774448191377,-0.0008676774448191377,-0.002069018109533668,0.0012013406647145303,0.0012013406647145303,0.0,0.0,False
2013-06-11,-0.008399578964206083,-0.008399578964206083,-0.006574079862328042,-0.0018254991018780403,-0.0018254991018780403,0.0,0.0,False
2013-06-12,-0.0019785383590759167,-0.0019785383590759167,-0.0059744421644816,0.003995903805405683,0.003995903805405683,0.0,0.0,False
2013-06-13,0.013356109521255287,0.013356109521255287,0.01373414378614917,-0.0003780342648938839,-0.0003780342648938839,0.0,0.0,False
2013-06-14,-0.004432066003748265,-0.004432066003748265,-0.005416856443910403,0.0009847904401621378,0.0009847904401621378,0.0,0.0,False
2013-06-17,0.005950670987466194,0.005950670987466194,0.004737186963985081,0.0012134840234811128,0.0012134840234811128,0.0,0.0,False
2013-06-18,0.004305638037565538,0.004305638037565538,0.0040916235530151735,0.00021401448455036446,0.00021401448455036446,0.0,0.0,False
2013-06-19,-0.016087543916436117,-0.016087543916436117,-0.01598069370870195,-0.00010685020773416876,-0.00010685020773416876,0.0,0.0,False
2013-06-20,-0.022313050032544936,-0.022313050032544936,-0.022482155858884863,0.0001691058263399263,0.0001691058263399263,0.0,0.0,False
2013-06-21,-0.0017508823064443825,-0.0017508823064443825,-0.0012816526912225927,-0.0004692296152217898,-0.0004692296152217898,0.0,0.0,False
2013-06-24,-0.012672794566306793,-0.012672794566306793,-0.010054275905192754,-0.0026185186611140387,-0.0026185186611140387,0.0,0.0,False
2013-06-25,0.011516723531872539,0.011516723531872539,0.0071205563165120545,0.004396167215360484,0.004396167215360484,0.0,0.0,False
2013-06-26,0.006990744207419922,0.006990744207419922,0.007609893995527398,-0.0006191497881074762,-0.0006191497881074762,0.0,0.0,False
2013-06-27,0.007504395294228803,0.007504395294228803,0.008932280917055193,-0.0014278856228263897,-0.0014278856228263897,0.0,0.0,False
2013-06-28,-0.0038092030634852996,-0.0038092030634852996,-0.0012633714162829223,-0.0025458316472023773,-0.0025458316472023773,0.0,0.0,False
2013-07-01,0.006566926482503266,0.0063682686968230835,0.0048626345821756066,0.001505634114647477,0.0017042919003276598,0.19865778568018302,0.00019865778568018303,True
2013-07-02,-0.0021248737469201895,-0.0021248737469201895,-0.002333584071374296,0.00020871032445410635,0.00020871032445410635,0.0,0.0,False
2013-07-03,0.00023753052862595156,0.00023753052862595156,-0.0015956825331905533,0.0018332130618165048,0.0018332130618165048,0.0,0.0,False
2013-07-05,0.0019023505569288805,0.0019023505569288805,-0.002909199518981882,0.004811550075910762,0.004811550075910762,0.0,0.0,False
2013-07-08,0.0075222643047690415,0.0075222643047690415,0.005868448233112698,0.0016538160716563438,0.0016538160716563438,0.0,0.0,False
2013-07-09,0.004663800347060548,0.004663800347060548,0.005292709929109749,-0.0006289095820492009,-0.0006289095820492009,0.0,0.0,False
2013-07-10,0.0013690555437108252,0.0013690555437108252,-0.0017382786282403098,0.003107334171951135,0.003107334171951135,0.0,0.0,False
2013-07-11,0.017484599801287734,0.017484599801287734,0.017751894997707927,-0.00026729519642019334,-0.00026729519642019334,0.0,0.0,False
2013-07-12,-0.0027290753017067434,-0.0027290753017067434,-0.00245717378997224,-0.00027190151173450347,-0.00027190151173450347,0.0,0.0,False
2013-07-15,0.005067208260339542,0.005067208260339542,0.005397847298741364,-0.0003306390384018223,-0.0003306390384018223,0.0,0.0,False
2013-07-16,-0.002152265517070081,-0.002152265517070081,-0.0010657076286542133,-0.001086557888415868,-0.001086557888415868,0.0,0.0,False
2013-07-17,0.0036399012758632785,0.0036399012758632785,0.003851804494333106,-0.00021190321846982756,-0.00021190321846982756,0.0,0.0,False
2013-07-18,0.004856792919980216,0.004856792919980216,-4.644564526396313e-05,0.004903238565244179,0.004903238565244179,0.0,0.0,False
2013-07-19,0.0009812992955034754,0.0009812992955034754,0.002838457782958787,-0.0018571584874553118,-0.0018571584874553118,0.0,0.0,False
2013-07-22,0.0030829653321357924,0.0030829653321357924,0.002931782401276145,0.00015118293085964732,0.00015118293085964732,0.0,0.0,False
2013-07-23,-0.0006004048751036579,-0.0006004048751036579,6.37413599174567e-05,-0.0006641462350211146,-0.0006641462350211146,0.0,0.0,False
2013-07-24,-0.0037546579056961845,-0.0037546579056961845,-0.00539960459709796,0.0016449466914017757,0.0016449466914017757,0.0,0.0,False
2013-07-25,0.0010254537189667984,0.0010254537189667984,0.002190630085213874,-0.0011651763662470756,-0.0011651763662470756,0.0,0.0,False
2013-07-26,-0.0016148688978429259,-0.0016148688978429259,-0.000459535664611348,-0.0011553332332315779,-0.0011553332332315779,0.0,0.0,False
2013-07-29,-0.00501541358520525,-0.00501541358520525,-0.005020403297786568,4.989712581317252e-06,4.989712581317252e-06,0.0,0.0,False
2013-07-30,0.00020043784029979904,0.00020043784029979904,-0.0002436328543020961,0.0004440706946018952,0.0004440706946018952,0.0,0.0,False
2013-07-31,0.001542272348901654,0.001542272348901654,0.00040226620661022044,0.0011400061422914337,0.0011400061422914337,0.0,0.0,False
2013-08-01,0.0016841611662334066,0.001479796307936894,0.004081913077348426,-0.0026021167694115317,-0.0023977519111150194,0.20436485829651246,0.00020436485829651249,True
2013-08-02,0.0051927925206164465,0.0051927925206164465,0.0047209371239122205,0.0004718553967042261,0.0004718553967042261,0.0,0.0,False
2013-08-05,-0.0027871469688165625,-0.0027871469688165625,-0.0027853113935660573,-1.8355752505051608e-06,-1.8355752505051608e-06,0.0,0.0,False
2013-08-06,-0.002237304242265151,-0.002237304242265151,-0.0034255732005996015,0.0011882689583344506,0.0011882689583344506,0.0,0.0,False
2013-08-07,-0.0012667403570186502,-0.0012667403570186502,-0.0016556234836143495,0.0003888831265956992,0.0003888831265956992,0.0,0.0,False
2013-08-08,0.0035829591174385187,0.0035829591174385187,0.005313574698589101,-0.0017306155811505825,-0.0017306155811505825,0.0,0.0,False
2013-08-09,-0.0005829390262196164,-0.0005829390262196164,-0.000227635681099782,-0.0003553033451198344,-0.0003553033451198344,0.0,0.0,False
2013-08-12,-0.0014425584192661995,-0.0014425584192661995,-0.0003735436736063448,-0.0010690147456598547,-0.0010690147456598547,0.0,0.0,False
2013-08-13,-0.0007817481949858249,-0.0007817481949858249,-0.0011499215468454606,0.0003681733518596357,0.0003681733518596357,0.0,0.0,False
2013-08-14,-0.002084030586358205,-0.002084030586358205,-0.001329248553815664,-0.0007547820325425412,-0.0007547820325425412,0.0,0.0,False
2013-08-15,-0.009084106261613574,-0.009084106261613574,-0.010378067687799473,0.0012939614261858988,0.0012939614261858988,0.0,0.0,False
2013-08-16,-0.0028814767138104964,-0.0028814767138104964,-0.003477834861975888,0.0005963581481653918,0.0005963581481653918,0.0,0.0,False
2013-08-19,-0.005992649478466795,-0.005992649478466795,-0.007517578772181293,0.0015249292937144984,0.0015249292937144984,0.0,0.0,False
2013-08-20,0.004896314535044419,0.004896314535044419,0.004158410698189773,0.0007379038368546462,0.0007379038368546462,0.0,0.0,False
2013-08-21,-0.0066299073167303815,-0.0066299073167303815,-0.008979076767694973,0.002349169450964591,0.002349169450964591,0.0,0.0,False
2013-08-22,0.006074891357889717,0.006074891357889717,0.007637840720158032,-0.0015629493622683153,-0.0015629493622683153,0.0,0.0,False
2013-08-23,0.00522836353025526,0.00522836353025526,0.006295473224346727,-0.0010671096940914676,-0.0010671096940914676,0.0,0.0,False
2013-08-26,-0.001726908011770358,-0.001726908011770358,-0.0023778938284727455,0.0006509858167023876,0.0006509858167023876,0.0,0.0,False
2013-08-27,-0.007502345950335521,-0.007502345950335521,-0.008490650442410926,0.0009883044920754053,0.0009883044920754053,0.0,0.0,False
2013-08-28,0.0008310492856773051,0.0008310492856773051,-2.042726433721699e-05,0.0008514765500145221,0.0008514765500145221,0.0,0.0,False
2013-08-29,0.0012812526545431197,0.0012812526545431197,0.002246646509841518,-0.0009653938552983984,-0.0009653938552983984,0.0,0.0,False
2013-08-30,-0.0034932987085962556,-0.0034932987085962556,-0.0032748340099267243,-0.00021846469866953133,-0.00021846469866953133,0.0,0.0,False
2013-09-03,0.0023691198810510614,0.0018755872829313224,0.0027851374048703803,-0.0009095501219390579,-0.00041601752381931895,0.49353259811973893,0.0004935325981197389,True
2013-09-04,0.0071176203692246715,0.0071176203692246715,0.0047680884268427775,0.002349531942381894,0.002349531942381894,0.0,0.0,False
2013-09-05,-0.0005070549467714967,-0.0005070549467714967,-0.0018647539733988383,0.0013576990266273418,0.0013576990266273418,0.0,0.0,False
2013-09-06,0.002118811976017777,0.002118811976017777,0.004275088941096435,-0.002156276965078658,-0.002156276965078658,0.0,0.0,False
2013-09-09,0.009459077267563992,0.009459077267563992,0.009293581966560304,0.00016549530100368713,0.00016549530100368713,0.0,0.0,False
2013-09-10,0.007117644891201073,0.007117644891201073,0.0033950377075990233,0.00372260718360205,0.00372260718360205,0.0,0.0,False
2013-09-11,0.001657718293818819,0.001657718293818819,0.003669213402173513,-0.002011495108354694,-0.002011495108354694,0.0,0.0,False
2013-09-12,-0.003895080003398334,-0.003895080003398334,-0.0034448747963392663,-0.00045020520705906777,-0.00045020520705906777,0.0,0.0,False
2013-09-13,0.0025049766395488955,0.0025049766395488955,0.002925580791137879,-0.0004206041515889833,-0.0004206041515889833,0.0,0.0,False
2013-09-16,0.004423794324532616,0.004423794324532616,0.004530780769528657,-0.00010698644499604077,-0.00010698644499604077,0.0,0.0,False
2013-09-17,0.006044146429842846,0.006044146429842846,0.0028876090078681672,0.0031565374219746783,0.0031565374219746783,0.0,0.0,False
2013-09-18,0.010261114891667478,0.010261114891667478,0.01766113599901998,-0.007400021107352502,-0.007400021107352502,0.0,0.0,False
2013-09-19,-0.0018055222999658926,-0.0018055222999658926,-0.0037332281165986516,0.001927705816632759,0.001927705816632759,0.0,0.0,False
2013-09-20,-0.004109821340638753,-0.004109821340638753,-0.005278919055922267,0.0011690977152835139,0.0011690977152835139,0.0,0.0,False
2013-09-23,-0.001625588233223745,-0.001625588233223745,0.0008707462939125873,-0.002496334527136332,-0.002496334527136332,0.0,0.0,False
2013-09-24,-0.00027403819202354647,-0.00027403819202354647,-9.356348292800202e-05,-0.00018047470909554446,-0.00018047470909554446,0.0,0.0,False
2013-09-25,-0.002189823513668072,-0.002189823513668072,-0.0005158241181904943,-0.0016739993954775778,-0.0016739993954775778,0.0,0.0,False
2013-09-26,0.0031701888950949604,0.0031701888950949604,0.0013975003171234474,0.001772688577971513,0.001772688577971513,0.0,0.0,False
2013-09-27,-0.0035341632788200824,-0.0035341632788200824,-0.003127654830866325,-0.0004065084479537573,-0.0004065084479537573,0.0,0.0,False
2013-09-30,-0.0025872139055706954,-0.0025872139055706954,-0.00395280876704855,0.0013655948614778547,0.0013655948614778547,0.0,0.0,False
2013-10-01,0.007776712668416616,0.007716997904297287,0.0049947329156374235,0.0027222649886598635,0.0027819797527791927,0.05971476411932901,5.9714764119329013e-05,True
2013-10-02,-0.0014064988839786886,-0.0014064988839786886,0.0007098183436907337,-0.0021163172276694223,-0.0021163172276694223,0.0,0.0,False
2013-10-03,-0.006076405035952321,-0.006076405035952321,-0.0043826551195540586,-0.0016937499163982624,-0.0016937499163982624,0.0,0.0,False
2013-10-04,0.005256733884895329,0.005256733884895329,0.003540906675330624,0.0017158272095647055,0.0017158272095647055,0.0,0.0,False
2013-10-07,-0.007439902059571124,-0.007439902059571124,-0.004959866448402312,-0.002480035611168812,-0.002480035611168812,0.0,0.0,False
2013-10-08,-0.009045575358302844,-0.009045575358302844,-0.006528572635527718,-0.002517002722775126,-0.002517002722775126,0.0,0.0,False
2013-10-09,-0.0006312559731049706,-0.0006312559731049706,0.0003431755693057425,-0.0009744315424107131,-0.0009744315424107131,0.0,0.0,False
2013-10-10,0.016273996460388372,0.016273996460388372,0.012547960209461901,0.003726036250926471,0.003726036250926471,0.0,0.0,False
2013-10-11,0.00722494325458046,0.00722494325458046,0.004386260676141053,0.002838682578439407,0.002838682578439407,0.0,0.0,False
2013-10-14,0.0034335985161718175,0.0034335985161718175,0.0010555602757632242,0.002378038240408593,0.002378038240408593,0.0,0.0,False
2013-10-15,-0.005596300761173335,-0.005596300761173335,-0.004387008524135921,-0.0012092922370374138,-0.0012092922370374138,0.0,0.0,False
2013-10-16,0.010462219817820244,0.010462219817820244,0.009442620580686066,0.0010195992371341781,0.0010195992371341781,0.0,0.0,False
2013-10-17,0.006663424602766282,0.006663424602766282,0.007757331889550985,-0.0010939072867847035,-0.0010939072867847035,0.0,0.0,False
2013-10-18,0.006509969237136674,0.006509969237136674,0.003920952982753287,0.002589016254383387,0.002589016254383387,0.0,0.0,False
2013-10-21,-0.0013593854088373466,-0.0013593854088373466,-0.0006973031758882196,-0.000662082232949127,-0.000662082232949127,0.0,0.0,False
2013-10-22,0.003870933478494385,0.003870933478494385,0.00720234358352664,-0.003331410105032255,-0.003331410105032255,0.0,0.0,False
2013-10-23,-0.0023968369928706545,-0.0023968369928706545,-0.005016009154189926,0.002619172161319271,0.002619172161319271,0.0,0.0,False
2013-10-24,0.002886312062050156,0.002886312062050156,0.0013630282723228904,0.0015232837897272656,0.0015232837897272656,0.0,0.0,False
2013-10-25,0.0019906104753969543,0.0019906104753969543,0.0019854053091833907,5.205166213563626e-06,5.205166213563626e-06,0.0,0.0,False
2013-10-28,0.00035198463418609005,0.00035198463418609005,0.0005866847462903925,-0.00023470011210430247,-0.00023470011210430247,0.0,0.0,False
2013-10-29,0.003305267334560765,0.003305267334560765,0.0029530710647096966,0.0003521962698510685,0.0003521962698510685,0.0,0.0,False
2013-10-30,-0.0072613250485366095,-0.0072613250485366095,-0.004413985119752701,-0.0028473399287839082,-0.0028473399287839082,0.0,0.0,False
2013-10-31,-0.0025607241724707784,-0.0025607241724707784,-0.0033714985043001044,0.000810774331829326,0.000810774331829326,0.0,0.0,False
2013-11-01,-0.0025823401776660605,-0.0027870955220773578,-0.002235275214817733,-0.0005518203072596246,-0.00034706496284832734,0.20475534441129734,0.00020475534441129732,True
2013-11-04,0.00544455104342729,0.00544455104342729,0.003454762030709964,0.001989789012717326,0.001989789012717326,0.0,0.0,False
2013-11-05,-0.003300244253245166,-0.003300244253245166,-0.006573332799536447,0.003273088546291281,0.003273088546291281,0.0,0.0,False
2013-11-06,0.0007313404504290099,0.0007313404504290099,0.003742085598273171,-0.003010745147844161,-0.003010745147844161,0.0,0.0,False
2013-11-07,-0.0071865672089535355,-0.0071865672089535355,-0.007594114960105489,0.00040754775115195343,0.00040754775115195343,0.0,0.0,False
2013-11-08,0.006022135895515665,0.006022135895515665,0.0006871421539581201,0.005334993741557544,0.005334993741557544,0.0,0.0,False
2013-11-11,-0.0008850201975675239,-0.0008850201975675239,-0.000588317159334305,-0.00029670303823321894,-0.00029670303823321894,0.0,0.0,False
2013-11-12,-0.000640840384271652,-0.000640840384271652,-0.0014528030806378845,0.0008119626963662325,0.0008119626963662325,0.0,0.0,False
2013-11-13,0.006525105126632047,0.006525105126632047,0.0049349102414690095,0.0015901948851630371,0.0015901948851630371,0.0,0.0,False
2013-11-14,0.002130820229079726,0.002130820229079726,0.0058021505525059774,-0.0036713303234262515,-0.0036713303234262515,0.0,0.0,False
2013-11-15,0.0024068592464976104,0.0024068592464976104,0.00453197187341289,-0.0021251126269152794,-0.0021251126269152794,0.0,0.0,False
2013-11-18,-0.00349743766746084,-0.00349743766746084,0.001119111261501683,-0.004616548928962523,-0.004616548928962523,0.0,0.0,False
2013-11-19,-0.0032026320295437684,-0.0032026320295437684,-0.0035916111588971938,0.00038897912935342534,0.00038897912935342534,0.0,0.0,False
2013-11-20,-0.0017599336930546451,-0.0017599336930546451,-0.005935631964724806,0.0041756982716701615,0.0041756982716701615,0.0,0.0,False
2013-11-21,0.008878557305020551,0.008878557305020551,0.004759241061024228,0.004119316243996323,0.004119316243996323,0.0,0.0,False
2013-11-22,0.0031895294615118387,0.0031895294615118387,0.0044577718180031835,-0.0012682423564913448,-0.0012682423564913448,0.0,0.0,False
2013-11-25,0.0009279102625789236,0.0009279102625789236,-0.0014058239331065734,0.002333734195685497,0.002333734195685497,0.0,0.0,False
2013-11-26,0.003245547969110405,0.003245547969110405,0.0016995625022858387,0.0015459854668245661,0.0015459854668245661,0.0,0.0,False
2013-11-27,0.001803556803474163,0.001803556803474163,0.0015248896330986466,0.00027866717037551645,0.00027866717037551645,0.0,0.0,False
2013-11-29,0.0003718431391221318,0.0003718431391221318,0.0009042812806465412,-0.0005324381415244095,-0.0005324381415244095,0.0,0.0,False
2013-12-02,-0.0033925289178372464,-0.0037530594865770677,-0.006451641884192133,0.002698582397615065,0.0030591129663548864,0.36053056873982126,0.00036053056873982126,True
2013-12-03,-0.0036307439655619235,-0.0036307439655619235,-0.001998258298486508,-0.0016324856670754157,-0.0016324856670754157,0.0,0.0,False
2013-12-04,-0.00216589255881234,-0.00216589255881234,-0.0029679008042968018,0.0008020082454844616,0.0008020082454844616,0.0,0.0,False
2013-12-05,-0.0025934031836541277,-0.0025934031836541277,-0.0036804095777321476,0.00108700639407802,0.00108700639407802,0.0,0.0,False
2013-12-06,0.007933116909430112,0.007933116909430112,0.008513933078978679,-0.0005808161695485675,-0.0005808161695485675,0.0,0.0,False
2013-12-09,0.001973066308415739,0.001973066308415739,0.0013157273224964773,0.0006573389859192617,0.0006573389859192617,0.0,0.0,False
2013-12-10,-0.00280511319769683,-0.00280511319769683,5.8146126111841316e-05,-0.0028632593238086712,-0.0028632593238086712,0.0,0.0,False
2013-12-11,-0.008769945750474354,-0.008769945750474354,-0.009369684967724331,0.0005997392172499769,0.0005997392172499769,0.0,0.0,False
2013-12-12,-0.0026312759333124657,-0.0026312759333124657,-0.0035630188231699986,0.0009317428898575329,0.0009317428898575329,0.0,0.0,False
2013-12-13,0.0008978327591335854,0.0008978327591335854,0.0012357029719745822,-0.00033787021284099677,-0.00033787021284099677,0.0,0.0,False
2013-12-16,0.005266217207197903,0.005266217207197903,0.004000880885355234,0.0012653363218426694,0.0012653363218426694,0.0,0.0,False
2013-12-17,-0.0019501829997458755,-0.0019501829997458755,-0.0012177511172426219,-0.0007324318825032536,-0.0007324318825032536,0.0,0.0,False
2013-12-18,0.010954308774129007,0.010954308774129007,0.00906855616627494,0.0018857526078540666,0.0018857526078540666,0.0,0.0,False
2013-12-19,-0.0018399412050794151,-0.0018399412050794151,-0.0036465972613555445,0.0018066560562761294,0.0018066560562761294,0.0,0.0,False
2013-12-20,0.005544913425901879,0.005544913425901879,0.005397074912388629,0.00014783851351325011,0.00014783851351325011,0.0,0.0,False
2013-12-23,0.005364408271822481,0.005364408271822481,0.003292529819913578,0.002071878451908903,0.002071878451908903,0.0,0.0,False
2013-12-24,0.0014442099992254998,0.0014442099992254998,0.0005236691834759448,0.000920540815749555,0.000920540815749555,0.0,0.0,False
2013-12-26,0.0029844072316236757,0.0029844072316236757,0.0010743561959033743,0.0019100510357203013,0.0019100510357203013,0.0,0.0,False
2013-12-27,0.0006611769234515301,0.0006611769234515301,0.0018380262884528128,-0.0011768493650012829,-0.0011768493650012829,0.0,0.0,False
2013-12-30,0.0008162376782723898,0.0008162376782723898,0.002297360463159863,-0.0014811227848874732,-0.0014811227848874732,0.0,0.0,False
2013-12-31,0.0028189066699843314,0.0028189066699843314,0.0013124599213670857,0.0015064467486172457,0.0015064467486172457,0.0,0.0,False
2014-01-02,-0.0038344395813766224,-0.003988891726791053,-0.008701508622183707,0.004712616895392654,0.004867069040807085,0.15445214541443103,0.00015445214541443103,True
2014-01-03,0.0004683109166896944,0.0004683109166896944,0.00029660139981752833,0.00017170951687216609,0.00017170951687216609,0.0,0.0,False
2014-01-06,-0.0009933225562698074,-0.0009933225562698074,-0.001258818191481647,0.00026549563521183965,0.00026549563521183965,0.0,0.0,False
2014-01-07,0.0035967768805013215,0.0035967768805013215,0.003833908187884754,-0.00023713130738343274,-0.00023713130738343274,0.0,0.0,False
2014-01-08,-0.0007072644019578817,-0.0007072644019578817,-0.0020060980740913086,0.001298833672133427,0.001298833672133427,0.0,0.0,False
2014-01-09,0.0011818159213896986,0.0011818159213896986,0.0007598874330041422,0.0004219284883855564,0.0004219284883855564,0.0,0.0,False
2014-01-10,0.004117775954119546,0.004117775954119546,0.007286228841929239,-0.0031684528878096925,-0.0031684528878096925,0.0,0.0,False
2014-01-13,-0.0065765759131192975,-0.0065765759131192975,-0.005980012178156404,-0.0005965637349628931,-0.0005965637349628931,0.0,0.0,False
2014-01-14,0.005512000638970657,0.005512000638970657,0.004615481365418076,0.0008965192735525809,0.0008965192735525809,0.0,0.0,False
2014-01-15,0.0035427345602987706,0.0035427345602987706,0.0023900180523087743,0.0011527165079899962,0.0011527165079899962,0.0,0.0,False
2014-01-16,-1.1568442130567395e-05,-1.1568442130567395e-05,0.0003395689391400203,-0.0003511373812705877,-0.0003511373812705877,0.0,0.0,False
2014-01-17,-0.001559532227966609,-0.001559532227966609,-0.0014976370630816367,-6.189516488497239e-05,-6.189516488497239e-05,0.0,0.0,False
2014-01-21,0.0021879315436983196,0.0021879315436983196,0.0013554589181356339,0.0008324726255626858,0.0008324726255626858,0.0,0.0,False
2014-01-22,8.836167283773986e-06,8.836167283773986e-06,0.0006581072140742913,-0.0006492710467905173,-0.0006492710467905173,0.0,0.0,False
2014-01-23,-0.0032896529919035156,-0.0032896529919035156,-0.00348299210078614,0.00019333910888262454,0.00019333910888262454,0.0,0.0,False
2014-01-24,-0.012933341433651664,-0.012933341433651664,-0.013137066739480393,0.00020372530582872875,0.00020372530582872875,0.0,0.0,False
2014-01-27,-0.004381371992425272,-0.004381371992425272,-0.004526684189693353,0.00014531219726808021,0.00014531219726808021,0.0,0.0,False
2014-01-28,0.00537600541994984,0.00537600541994984,0.005326576658105667,4.942876184417348e-05,4.942876184417348e-05,0.0,0.0,False
2014-01-29,-0.005735114488223121,-0.005735114488223121,-0.004813304397063223,-0.0009218100911598985,-0.0009218100911598985,0.0,0.0,False
2014-01-30,0.006196124517372474,0.006196124517372474,0.005169672620249712,0.0010264518971227618,0.0010264518971227618,0.0,0.0,False
2014-01-31,-0.0026743638955300407,-0.0026743638955300407,-0.002803795360950448,0.00012943146542040724,0.00012943146542040724,0.0,0.0,False
2014-02-03,-0.01709099028867669,-0.017252438733995065,-0.011546267778214497,-0.0057061709557805675,-0.0055447225104621935,0.16144844531837327,0.00016144844531837329,True
2014-02-04,0.005551233962356154,0.005551233962356154,0.004262136675609049,0.0012890972867471047,0.0012890972867471047,0.0,0.0,False
2014-02-05,-0.001590394206502553,-0.001590394206502553,-0.002480177623967984,0.000889783417465431,0.000889783417465431,0.0,0.0,False
2014-02-06,0.009325322079039518,0.009325322079039518,0.008336659636011606,0.0009886624430279125,0.0009886624430279125,0.0,0.0,False
2014-02-07,0.009691617008616133,0.009691617008616133,0.007861808645917427,0.0018298083626987066,0.0018298083626987066,0.0,0.0,False
2014-02-10,0.0009641441161809196,0.0009641441161809196,-0.0006540827734359404,0.00161822688961686,0.00161822688961686,0.0,0.0,False
2014-02-11,0.007898369905256095,0.007898369905256095,0.006842822300384817,0.0010555476048712776,0.0010555476048712776,0.0,0.0,False
2014-02-12,0.0005329363646835383,0.0005329363646835383,-0.000537403778988263,0.0010703401436718014,0.0010703401436718014,0.0,0.0,False
2014-02-13,0.005524670381137444,0.005524670381137444,0.00458044365114822,0.0009442267299892238,0.0009442267299892238,0.0,0.0,False
2014-02-14,0.0031936335473921546,0.0031936335473921546,0.0037314883166825238,-0.0005378547692903692,-0.0005378547692903692,0.0,0.0,False
2014-02-18,0.0038279511478497654,0.0038279511478497654,0.0021436849115799234,0.001684266236269842,0.001684266236269842,0.0,0.0,False
2014-02-19,-0.005905004272360093,-0.005905004272360093,-0.0050034846789256075,-0.0009015195934344855,-0.0009015195934344855,0.0,0.0,False
2014-02-20,0.005555913939655075,0.005555913939655075,0.002698653689642631,0.0028572602500124443,0.0028572602500124443,0.0,0.0,False
2014-02-21,0.0007017212443377402,0.0007017212443377402,0.001459975076247675,-0.0007582538319099347,-0.0007582538319099347,0.0,0.0,False
2014-02-24,0.005098832068658002,0.005098832068658002,0.003152358232118505,0.0019464738365394972,0.0019464738365394972,0.0,0.0,False
2014-02-25,0.00018835892980009598,0.00018835892980009598,8.512865336324075e-05,0.00010323027643685523,0.00010323027643685523,0.0,0.0,False
2014-02-26,0.0013723985142482069,0.0013723985142482069,0.0011870660085939939,0.00018533250565421302,0.00018533250565421302,0.0,0.0,False
2014-02-27,0.003922971851492565,0.003922971851492565,0.005033136054581435,-0.0011101642030888707,-0.0011101642030888707,0.0,0.0,False
2014-02-28,0.0007001806208167022,0.0007001806208167022,-9.769389679830103e-05,0.0007978745176150032,0.0007978745176150032,0.0,0.0,False
2014-03-03,-0.003195030967055673,-0.0033506804933104537,-0.005612579416215001,0.0022618989229045475,0.002417548449159328,0.15564952625478035,0.00015564952625478034,True
2014-03-04,0.009118562645367851,0.009118562645367851,0.006949938145418101,0.00216862449994975,0.00216862449994975,0.0,0.0,False
2014-03-05,-0.00047410142137493114,-0.00047410142137493114,0.0004303694729807793,-0.0009044708943557105,-0.0009044708943557105,0.0,0.0,False
2014-03-06,-0.0001843354238752425,-0.0001843354238752425,0.001855965552231294,-0.0020403009761065364,-0.0020403009761065364,0.0,0.0,False
2014-03-07,-0.0017638905511237813,-0.0017638905511237813,-0.0036967470677419885,0.0019328565166182071,0.0019328565166182071,0.0,0.0,False
2014-03-10,-0.0008892829459652277,-0.0008892829459652277,-0.0018949709120000286,0.0010056879660348009,0.0010056879660348009,0.0,0.0,False
2014-03-11,-0.0036396226531640115,-0.0036396226531640115,-0.003860164783300965,0.00022054213013695352,0.00022054213013695352,0.0,0.0,False
2014-03-12,0.0016739623816920696,0.0016739623816920696,0.0015392267771826595,0.00013473560450941017,0.00013473560450941017,0.0,0.0,False
2014-03-13,-0.0060911454272600234,-0.0060911454272600234,-0.0061562313248256385,6.508589756561503e-05,6.508589756561503e-05,0.0,0.0,False
2014-03-14,-0.000781874411856878,-0.000781874411856878,-0.0005516940537178154,-0.00023018035813906264,-0.00023018035813906264,0.0,0.0,False
2014-03-17,0.00411676986368535,0.00411676986368535,0.004605959569792694,-0.0004891897061073437,-0.0004891897061073437,0.0,0.0,False
2014-03-18,0.006206552528801854,0.006206552528801854,0.006323632497059661,-0.00011707996825780723,-0.00011707996825780723,0.0,0.0,False
2014-03-19,-0.005706926362397698,-0.005706926362397698,-0.009193353282924114,0.0034864269205264163,0.0034864269205264163,0.0,0.0,False
2014-03-20,0.0036488937605428868,0.0036488937605428868,0.0018723846601156073,0.0017765091004272795,0.0017765091004272795,0.0,0.0,False
2014-03-21,-0.0017757083779989205,-0.0017757083779989205,0.0003349855049199177,-0.002110693882918838,-0.002110693882918838,0.0,0.0,False
2014-03-24,-0.0027828930193308787,-0.0027828930193308787,0.00023799278466473902,-0.0030208858039956175,-0.0030208858039956175,0.0,0.0,False
2014-03-25,0.0023863291758963482,0.0023863291758963482,0.003900400497693994,-0.001514071321797646,-0.001514071321797646,0.0,0.0,False
2014-03-26,-0.004745181726790771,-0.004745181726790771,-0.0011103930836266877,-0.0036347886431640835,-0.0036347886431640835,0.0,0.0,False
2014-03-27,-0.0015955024282540955,-0.0015955024282540955,0.0017911185212313924,-0.003386620949485488,-0.003386620949485488,0.0,0.0,False
2014-03-28,0.0020677675739712593,0.0020677675739712593,0.0022464285368212185,-0.00017866096284995924,-0.00017866096284995924,0.0,0.0,False
2014-03-31,0.006024928978430129,0.006024928978430129,0.004655090577371547,0.0013698384010585821,0.0013698384010585821,0.0,0.0,False
2014-04-01,0.007244003176757269,0.007041872585201262,0.003563050905472759,0.0034788216797285026,0.00368095227128451,0.20213059155600704,0.00020213059155600702,True
2014-04-02,0.0022163161241734765,0.0022163161241734765,0.0003652316709963864,0.00185108445317709,0.00185108445317709,0.0,0.0,False
2014-04-03,-0.00382574975328453,-0.00382574975328453,-0.0010900659062561117,-0.0027356838470284184,-0.0027356838470284184,0.0,0.0,False
2014-04-04,-0.010849855859649897,-0.010849855859649897,-0.003325701827384373,-0.0075241540322655235,-0.0075241540322655235,0.0,0.0,False
2014-04-07,-0.009122119651455231,-0.009122119651455231,-0.0031678996513139763,-0.005954220000141255,-0.005954220000141255,0.0,0.0,False
2014-04-08,0.004480228434099305,0.004480228434099305,0.003446426459630729,0.0010338019744685761,0.0010338019744685761,0.0,0.0,False
2014-04-09,0.008772011576090819,0.008772011576090819,0.00642000151839127,0.002352010057699549,0.002352010057699549,0.0,0.0,False
2014-04-10,-0.017229888351319035,-0.017229888351319035,-0.009915911864669117,-0.007313976486649918,-0.007313976486649918,0.0,0.0,False
2014-04-11,-0.008965968685386174,-0.008965968685386174,-0.0032931138725910748,-0.0056728548127951,-0.0056728548127951,0.0,0.0,False
2014-04-14,0.0044661415541611595,0.0044661415541611595,0.0027300585352308497,0.0017360830189303098,0.0017360830189303098,0.0,0.0,False
2014-04-15,0.0037740983285887587,0.0037740983285887587,0.00092394498485353,0.002850153343735229,0.002850153343735229,0.0,0.0,False
2014-04-16,0.007058448339991171,0.007058448339991171,0.0065505702610035785,0.0005078780789875923,0.0005078780789875923,0.0,0.0,False
2014-04-17,0.0017132312965995493,0.0017132312965995493,-0.00021156331177077988,0.0019247946083703292,0.0019247946083703292,0.0,0.0,False
2014-04-21,0.002665379593506587,0.002665379593506587,0.0009595554955619162,0.001705824097944671,0.001705824097944671,0.0,0.0,False
2014-04-22,0.005298351605499097,0.005298351605499097,0.002382508528052138,0.002915843077446959,0.002915843077446959,0.0,0.0,False
2014-04-23,-0.0027677115156787826,-0.0027677115156787826,-0.0009617716147866626,-0.00180593990089212,-0.00180593990089212,0.0,0.0,False
2014-04-24,-0.0001893851360562339,-0.0001893851360562339,0.0006198660995108784,-0.0008092512355671123,-0.0008092512355671123,0.0,0.0,False
2014-04-25,-0.00864801369631207,-0.00864801369631207,-0.005078614757352348,-0.003569398938959722,-0.003569398938959722,0.0,0.0,False
2014-04-28,-0.0010994005423956258,-0.0010994005423956258,0.0008991885670720389,-0.001998589109467665,-0.001998589109467665,0.0,0.0,False
2014-04-29,0.002802588021928674,0.002802588021928674,0.0035770830633900896,-0.0007744950414614155,-0.0007744950414614155,0.0,0.0,False
2014-04-30,0.0030888354392482886,0.0030888354392482886,0.002777162754768362,0.00031167268447992655,0.00031167268447992655,0.0,0.0,False
2014-05-01,-0.000454560654723848,-0.0004644257853452519,0.002293226384160413,-0.002757652169505665,-0.002747787038884261,0.009865130621403878,9.865130621403879e-06,True
2014-05-02,0.0006715705911724529,0.0006715705911724529,0.0008466676429838702,-0.00017509705181141728,-0.00017509705181141728,0.0,0.0,False
2014-05-05,-1.3201707328771629e-05,-1.3201707328771629e-05,-0.0009585561704772059,0.0009453544631484342,0.0009453544631484342,0.0,0.0,False
2014-05-06,-0.008225353568552928,-0.008225353568552928,-0.0025309656488941928,-0.005694387919658735,-0.005694387919658735,0.0,0.0,False
2014-05-07,0.002513433734857832,0.002513433734857832,0.002494151576546355,1.9282158311477015e-05,1.9282158311477015e-05,0.0,0.0,False
2014-05-08,-0.0038840192472884964,-0.0038840192472884964,-0.0009949421901858865,-0.00288907705710261,-0.00288907705710261,0.0,0.0,False
2014-05-09,0.00394391119281182,0.00394391119281182,1.9158411594695604e-05,0.003924752781217124,0.003924752781217124,0.0,0.0,False
2014-05-12,0.011163343572846207,0.011163343572846207,0.005592872933871411,0.005570470638974796,0.005570470638974796,0.0,0.0,False
2014-05-13,-0.0025939221729809076,-0.0025939221729809076,0.00214847137680057,-0.004742393549781477,-0.004742393549781477,0.0,0.0,False
2014-05-14,-0.006883603667152094,-0.006883603667152094,0.000412772586384104,-0.007296376253536198,-0.007296376253536198,0.0,0.0,False
2014-05-15,-0.005314019651267359,-0.005314019651267359,-0.003174063486625329,-0.00213995616464203,-0.00213995616464203,0.0,0.0,False
2014-05-16,0.003936638679047845,0.003936638679047845,0.0022607242291554277,0.0016759144498924173,0.0016759144498924173,0.0,0.0,False
2014-05-19,0.005337760102185021,0.005337760102185021,0.0005405413024550328,0.004797218799729989,0.004797218799729989,0.0,0.0,False
2014-05-20,-0.007625547390189125,-0.007625547390189125,-0.0037077502592776116,-0.003917797130911513,-0.003917797130911513,0.0,0.0,False
2014-05-21,0.004262669490480412,0.004262669490480412,0.00380460039801276,0.0004580690924676518,0.0004580690924676518,0.0,0.0,False
2014-05-22,0.004572245154410702,0.004572245154410702,0.001810505717063763,0.002761739437346939,0.002761739437346939,0.0,0.0,False
2014-05-23,0.005098668346181373,0.005098668346181373,0.002769947692261294,0.0023287206539200794,0.0023287206539200794,0.0,0.0,False
2014-05-27,0.0071862755639169286,0.0071862755639169286,0.0036055715938550378,0.003580703970061891,0.003580703970061891,0.0,0.0,False
2014-05-28,-0.0019294020815824465,-0.0019294020815824465,0.002051394899779404,-0.00398079698136185,-0.00398079698136185,0.0,0.0,False
2014-05-29,0.0030649944748391824,0.0030649944748391824,0.001946190252475985,0.0011188042223631975,0.0011188042223631975,0.0,0.0,False
2014-05-30,-0.0007169343128778296,-0.0007169343128778296,-0.0012659215926771284,0.0005489872797992989,0.0005489872797992989,0.0,0.0,False
2014-06-02,-0.0012441889309258618,-0.0015920915029254776,-0.0014395323318723953,-0.00015255917105308232,0.00019534340094653352,0.34790257199961594,0.00034790257199961594,True
2014-06-03,-0.0011925268492134211,-0.0011925268492134211,-0.0023737990036422473,0.0011812721544288262,0.0011812721544288262,0.0,0.0,False
2014-06-04,0.0005912062757576844,0.0005912062757576844,-4.791164394943065e-05,0.0006391179197071151,0.0006391179197071151,0.0,0.0,False
2014-06-05,0.004499673567972429,0.004499673567972429,0.005749669015127697,-0.001249995447155268,-0.001249995447155268,0.0,0.0,False
2014-06-06,0.003813511108879537,0.003813511108879537,0.0039203514972461564,-0.00010684038836661965,-0.00010684038836661965,0.0,0.0,False
2014-06-09,0.0003149335623526012,0.0003149335623526012,0.00032483866124529207,-9.905098892690851e-06,-9.905098892690851e-06,0.0,0.0,False
2014-06-10,-0.0007444098267139865,-0.0007444098267139865,-0.0006540597295786213,-9.035009713536518e-05,-9.035009713536518e-05,0.0,0.0,False
2014-06-11,-0.0018302441452879112,-0.0018302441452879112,-0.0019387530992267508,0.0001085089539388396,0.0001085089539388396,0.0,0.0,False
2014-06-12,-0.0021982939504586207,-0.0021982939504586207,-0.001225478936862904,-0.0009728150135957167,-0.0009728150135957167,0.0,0.0,False
2014-06-13,0.001558482045662286,0.001558482045662286,0.0007236956673485323,0.0008347863783137536,0.0008347863783137536,0.0,0.0,False
2014-06-16,0.00013568892094437314,0.00013568892094437314,0.0001801373394898096,-4.4448418545436474e-05,-4.4448418545436474e-05,0.0,0.0,False
2014-06-17,0.00011021285157184548,0.00011021285157184548,-0.0006011132955856492,0.0007113261471574947,0.0007113261471574947,0.0,0.0,False
2014-06-18,0.006316183126023781,0.006316183126023781,0.00725596589749609,-0.0009397827714723089,-0.0009397827714723089,0.0,0.0,False
2014-06-19,0.0006124750747072664,0.0006124750747072664,-0.0010311221643515857,0.0016435972390588523,0.0016435972390588523,0.0,0.0,False
2014-06-20,0.0010759889332120185,0.0010759889332120185,0.0012019914168484515,-0.00012600248363643304,-0.00012600248363643304,0.0,0.0,False
2014-06-23,-0.000563118850630494,-0.000563118850630494,-0.0011079171825522803,0.0005447983319217863,0.0005447983319217863,0.0,0.0,False
2014-06-24,-0.0027406518492502484,-0.0027406518492502484,-0.0014546761399093402,-0.0012859757093409082,-0.0012859757093409082,0.0,0.0,False
2014-06-25,0.0022030153764212995,0.0022030153764212995,0.0024308092171423695,-0.00022779384072107002,-0.00022779384072107002,0.0,0.0,False
2014-06-26,-0.00023554805266179222,-0.00023554805266179222,0.0009461754285541508,-0.001181723481215943,-0.001181723481215943,0.0,0.0,False
2014-06-27,0.0007490620026429247,0.0007490620026429247,0.0011574514315021208,-0.0004083894288591961,-0.0004083894288591961,0.0,0.0,False
2014-06-30,-0.0004782859124548299,-0.0004782859124548299,3.897427777922477e-05,-0.0005172601902340547,-0.0005172601902340547,0.0,0.0,False
2014-07-01,0.003603602627717854,0.003401700089576131,0.0031292761828426107,0.00027242390673352023,0.00047432644487524316,0.20190253814172301,0.00020190253814172303,True
2014-07-02,0.0004137872651467202,0.0004137872651467202,-0.0009149404378739389,0.001328727703020659,0.001328727703020659,0.0,0.0,False
2014-07-03,0.0007977213521695645,0.0007977213521695645,0.0019610720689060487,-0.0011633507167364842,-0.0011633507167364842,0.0,0.0,False
2014-07-07,-0.003279189482575265,-0.003279189482575265,-0.0020630220885153416,-0.0012161673940599233,-0.0012161673940599233,0.0,0.0,False
2014-07-08,-0.004039606801306113,-0.004039606801306113,-0.002571445719558102,-0.001468161081748011,-0.001468161081748011,0.0,0.0,False
2014-07-09,0.001790533709338723,0.001790533709338723,0.0027924467836701063,-0.0010019130743313834,-0.0010019130743313834,0.0,0.0,False
2014-07-10,-0.005630614033686865,-0.005630614033686865,-0.0035864753748136935,-0.0020441386588731713,-0.0020441386588731713,0.0,0.0,False
2014-07-11,0.0014761213077087681,0.0014761213077087681,0.0014381247754247759,3.799653228399227e-05,3.799653228399227e-05,0.0,0.0,False
2014-07-14,0.0029172921729161225,0.0029172921729161225,0.002673030995096864,0.0002442611778192584,0.0002442611778192584,0.0,0.0,False
2014-07-15,-0.0018767607285753822,-0.0018767607285753822,-0.0019252219780968157,4.846124952143354e-05,4.846124952143354e-05,0.0,0.0,False
2014-07-16,0.002521096968835913,0.002521096968835913,0.003069344824897614,-0.0005482478560617011,-0.0005482478560617011,0.0,0.0,False
2014-07-17,-0.00808211953724839,-0.00808211953724839,-0.005638595963204271,-0.002443523574044119,-0.002443523574044119,0.0,0.0,False
2014-07-18,0.005554065753897307,0.005554065753897307,0.0057786145821832,-0.00022454882828589276,-0.00022454882828589276,0.0,0.0,False
2014-07-21,-0.0021656873238382526,-0.0021656873238382526,-0.0006505401383966326,-0.00151514718544162,-0.00151514718544162,0.0,0.0,False
2014-07-22,0.0028113920840907108,0.0028113920840907108,0.003788607261739389,-0.0009772151776486783,-0.0009772151776486783,0.0,0.0,False
2014-07-23,0.001903126919794528,0.001903126919794528,0.0012152390540094466,0.0006878878657850815,0.0006878878657850815,0.0,0.0,False
2014-07-24,0.0008687708215648223,0.0008687708215648223,-0.0010444550651842832,0.0019132258867491055,0.0019132258867491055,0.0,0.0,False
2014-07-25,-0.0021710789781264213,-0.0021710789781264213,-0.0009382997381343518,-0.0012327792399920694,-0.0012327792399920694,0.0,0.0,False
2014-07-28,-0.0010983221447434463,-0.0010983221447434463,0.00014051902982988252,-0.0012388411745733287,-0.0012388411745733287,0.0,0.0,False
2014-07-29,-0.0017240652723713571,-0.0017240652723713571,-0.0014986890199660922,-0.00022537625240526488,-0.00022537625240526488,0.0,0.0,False
2014-07-30,-0.002630073100106642,-0.002630073100106642,-0.003292284805812718,0.0006622117057060763,0.0006622117057060763,0.0,0.0,False
2014-07-31,-0.012112738039175258,-0.012112738039175258,-0.01194748337051837,-0.00016525466865688863,-0.00016525466865688863,0.0,0.0,False
2014-08-01,-0.003377034100541261,-0.0035294720859703845,0.0007025271074395546,-0.004231999193409939,-0.0040795612079808155,0.15243798542912343,0.00015243798542912342,True
2014-08-04,0.005941429070690379,0.005941429070690379,0.004253860838641007,0.0016875682320493714,0.0016875682320493714,0.0,0.0,False
2014-08-05,-0.008074834354827056,-0.008074834354827056,-0.006071248846573649,-0.002003585508253407,-0.002003585508253407,0.0,0.0,False
2014-08-06,8.304575155412559e-05,8.304575155412559e-05,-0.0008562409197856771,0.0009392866713398027,0.0009392866713398027,0.0,0.0,False
2014-08-07,-0.004213615331534468,-0.004213615331534468,-0.0016669106162797256,-0.002546704715254742,-0.002546704715254742,0.0,0.0,False
2014-08-08,0.006621507067323858,0.006621507067323858,0.005362243312914019,0.0012592637544098385,0.0012592637544098385,0.0,0.0,False
2014-08-11,0.0038633832663388526,0.0038633832663388526,0.003148744213917286,0.0007146390524215666,0.0007146390524215666,0.0,0.0,False
2014-08-12,-0.0007606943303612263,-0.0007606943303612263,-0.0014588455664412505,0.0006981512360800242,0.0006981512360800242,0.0,0.0,False
2014-08-13,0.005017611045112925,0.005017611045112925,0.005089731930867095,-7.21208857541707e-05,-7.21208857541707e-05,0.0,0.0,False
2014-08-14,0.003941513387009281,0.003941513387009281,0.0034071584728666273,0.0005343549141426538,0.0005343549141426538,0.0,0.0,False
2014-08-15,0.00028381807346656554,0.00028381807346656554,0.001299161462814578,-0.0010153433893480123,-0.0010153433893480123,0.0,0.0,False
2014-08-18,0.005796666781011017,0.005796666781011017,0.003692733967173143,0.002103932813837874,0.002103932813837874,0.0,0.0,False
2014-08-19,0.002308700130905024,0.002308700130905024,0.002110435488420787,0.00019826464248423733,0.00019826464248423733,0.0,0.0,False
2014-08-20,-8.074876547277854e-06,-8.074876547277854e-06,-0.0010827855207687388,0.0010747106442214609,0.0010747106442214609,0.0,0.0,False
2014-08-21,0.0023404652931327263,0.0023404652931327263,0.0024007233062326378,-6.0258013099911446e-05,-6.0258013099911446e-05,0.0,0.0,False
2014-08-22,-0.0029763900844498757,-0.0029763900844498757,-0.0009564043754578962,-0.0020199857089919795,-0.0020199857089919795,0.0,0.0,False
2014-08-25,0.004522404584647575,0.004522404584647575,0.004044950610214638,0.0004774539744329372,0.0004774539744329372,0.0,0.0,False
2014-08-26,0.0005100042559904791,0.0005100042559904791,0.0011805642215303139,-0.0006705599655398348,-0.0006705599655398348,0.0,0.0,False
2014-08-27,0.00021362939558241872,0.00021362939558241872,0.0017757710518139275,-0.0015621416562315088,-0.0015621416562315088,0.0,0.0,False
2014-08-28,-0.002228213690063827,-0.002228213690063827,-0.0012361796006929325,-0.0009920340893708945,-0.0009920340893708945,0.0,0.0,False
2014-08-29,0.0009812638164654061,0.0009812638164654061,0.0010919303332770848,-0.00011066651681167867,-0.00011066651681167867,0.0,0.0,False
2014-09-02,0.0008592711224080494,0.0008111523020527389,-0.002591854104049224,0.003403006406101963,0.0034511252264572733,0.048118820355310524,4.811882035531052e-05,True
2014-09-03,0.0015052426599163787,0.0015052426599163787,0.002650959364222622,-0.0011457167043062435,-0.0011457167043062435,0.0,0.0,False
2014-09-04,-0.00316831550888925,-0.00316831550888925,-0.00398097020184279,0.0008126546929535404,0.0008126546929535404,0.0,0.0,False
2014-09-05,0.0012711509170559843,0.0012711509170559843,0.00239097985534347,-0.001119828938287486,-0.001119828938287486,0.0,0.0,False
2014-09-08,-0.004917767823750866,-0.004917767823750866,-0.0039397447671846945,-0.0009780230565661716,-0.0009780230565661716,0.0,0.0,False
2014-09-09,-0.0046071793303823815,-0.0046071793303823815,-0.005083506153934835,0.00047632682355245367,0.00047632682355245367,0.0,0.0,False
2014-09-10,0.003461011698354198,0.003461011698354198,0.0008131521635653253,0.0026478595347888727,0.0026478595347888727,0.0,0.0,False
2014-09-11,-0.0015487500587332082,-0.0015487500587332082,-0.001365952376271893,-0.00018279768246131528,-0.00018279768246131528,0.0,0.0,False
2014-09-12,-0.002884817213505403,-0.002884817213505403,-0.005548594948611908,0.002663777735106505,0.002663777735106505,0.0,0.0,False
2014-09-15,-0.0015556858330307798,-0.0015556858330307798,-0.0011145725816227722,-0.0004411132514080076,-0.0004411132514080076,0.0,0.0,False
2014-09-16,0.00474761629223375,0.00474761629223375,0.004070190730697662,0.0006774255615360882,0.0006774255615360882,0.0,0.0,False
2014-09-17,-0.0010429779968063853,-0.0010429779968063853,-0.00248647060510359,0.0014434926082972045,0.0014434926082972045,0.0,0.0,False
2014-09-18,0.0046743718363158595,0.0046743718363158595,0.003516014359191175,0.0011583574771246844,0.0011583574771246844,0.0,0.0,False
2014-09-19,-0.0010794020297494823,-0.0010794020297494823,-0.00022550700803608244,-0.0008538950217133999,-0.0008538950217133999,0.0,0.0,False
2014-09-22,-0.004801604965707824,-0.004801604965707824,-0.0045734474437979095,-0.00022815752190991426,-0.00022815752190991426,0.0,0.0,False
2014-09-23,-0.006444936339472593,-0.006444936339472593,-0.0030283141492402858,-0.0034166221902323076,-0.0034166221902323076,0.0,0.0,False
2014-09-24,0.003607571802354593,0.003607571802354593,0.0037598876112777684,-0.0001523158089231755,-0.0001523158089231755,0.0,0.0,False
2014-09-25,-0.012846434172324981,-0.012846434172324981,-0.008063892807383802,-0.004782541364941179,-0.004782541364941179,0.0,0.0,False
2014-09-26,0.004057984188728777,0.004057984188728777,0.0030566079547517393,0.0010013762339770378,0.0010013762339770378,0.0,0.0,False
2014-09-29,-0.004479108638730373,-0.004479108638730373,-0.002941333448692979,-0.0015377751900373941,-0.0015377751900373941,0.0,0.0,False
2014-09-30,0.0007319100394307919,0.0007319100394307919,-0.001900153627444323,0.0026320636668751146,0.0026320636668751146,0.0,0.0,False
2014-10-01,-0.006788540155922451,-0.007138859598062485,-0.0050377164199138956,-0.0021011431781485894,-0.0017508237360085556,0.35031944214003385,0.0003503194421400338,True
2014-10-02,0.0012695168604090943,0.0012695168604090943,-0.001609099865692383,0.002878616726101477,0.002878616726101477,0.0,0.0,False
2014-10-03,0.007034081470653776,0.007034081470653776,0.005099493017234994,0.0019345884534187818,0.0019345884534187818,0.0,0.0,False
2014-10-06,0.002180148931100057,0.002180148931100057,0.0018933789715696258,0.0002867699595304313,0.0002867699595304313,0.0,0.0,False
2014-10-07,-0.008261130892495364,-0.008261130892495364,-0.006411736344080798,-0.0018493945484145662,-0.0018493945484145662,0.0,0.0,False
2014-10-08,0.01243034375520755,0.01243034375520755,0.011443112701746555,0.0009872310534609942,0.0009872310534609942,0.0,0.0,False
2014-10-09,-0.012844049795942232,-0.012844049795942232,-0.013959211256542267,0.0011151614606000355,0.0011151614606000355,0.0,0.0,False
2014-10-10,-0.009445339720251944,-0.009445339720251944,-0.0068891505144513905,-0.002556189205800553,-0.002556189205800553,0.0,0.0,False
2014-10-13,-0.005269008187150174,-0.005269008187150174,-0.0024235602292227696,-0.0028454479579274046,-0.0028454479579274046,0.0,0.0,False
2014-10-14,0.004334859908620352,0.004334859908620352,0.003073023018184774,0.0012618368904355778,0.0012618368904355778,0.0,0.0,False
2014-10-15,-0.0044636364478485005,-0.0044636364478485005,-0.0018820868314421365,-0.002581549616406364,-0.002581549616406364,0.0,0.0,False
2014-10-16,-1.3426716035478228e-05,-1.3426716035478228e-05,-0.0031894654234527987,0.0031760387074173204,0.0031760387074173204,0.0,0.0,False
2014-10-17,0.008300856894724318,0.008300856894724318,0.006047356757557359,0.0022535001371669586,0.0022535001371669586,0.0,0.0,False
2014-10-20,0.007709372578136224,0.007709372578136224,0.005375496641643583,0.0023338759364926404,0.0023338759364926404,0.0,0.0,False
2014-10-21,0.010711490600445867,0.010711490600445867,0.007674831589366925,0.003036659011078942,0.003036659011078942,0.0,0.0,False
2014-10-22,-0.005529398341718416,-0.005529398341718416,-0.0047879383026836414,-0.0007414600390347748,-0.0007414600390347748,0.0,0.0,False
2014-10-23,0.004433779979283948,0.004433779979283948,0.004068647517403627,0.0003651324618803211,0.0003651324618803211,0.0,0.0,False
2014-10-24,0.004497558024376342,0.004497558024376342,0.004161082956308362,0.00033647506806797935,0.00033647506806797935,0.0,0.0,False
2014-10-27,-0.0019383715633712007,-0.0019383715633712007,-0.0015253553235237828,-0.00041301623984741796,-0.00041301623984741796,0.0,0.0,False
2014-10-28,0.007521090979017264,0.007521090979017264,0.0077020400506563474,-0.00018094907163908325,-0.00018094907163908325,0.0,0.0,False
2014-10-29,-0.001324624399317326,-0.001324624399317326,-0.002378953648766,0.001054329249448674,0.001054329249448674,0.0,0.0,False
2014-10-30,0.004223217700401537,0.004223217700401537,0.004697425629840219,-0.0004742079294386822,-0.0004742079294386822,0.0,0.0,False
2014-10-31,0.006194612493912313,0.006194612493912313,0.006829635097588294,-0.0006350226036759806,-0.0006350226036759806,0.0,0.0,False
2014-11-03,-0.0017159311634901888,-0.002214750287815671,-0.00241311995387844,0.00019836966606276863,0.000697188790388251,0.4988191243254823,0.0004988191243254823,True
2014-11-04,-0.001736803279974463,-0.001736803279974463,-0.0016759025290757465,-6.090075089871649e-05,-6.090075089871649e-05,0.0,0.0,False
2014-11-05,0.001861555838055833,0.001861555838055833,0.0010960463866473914,0.0007655094514084416,0.0007655094514084416,0.0,0.0,False
2014-11-06,-0.0006125970624627382,-0.0006125970624627382,-0.0019818626416291934,0.0013692655791664552,0.0013692655791664552,0.0,0.0,False
2014-11-07,0.0032876199324213063,0.0032876199324213063,0.0038612821151416715,-0.0005736621827203653,-0.0005736621827203653,0.0,0.0,False
2014-11-10,-0.00037363316374376026,-0.00037363316374376026,8.00352651128091e-05,-0.00045366842885656935,-0.00045366842885656935,0.0,0.0,False
2014-11-11,0.0013367682066139695,0.0013367682066139695,0.0011694180060407096,0.00016735020057325996,0.00016735020057325996,0.0,0.0,False
2014-11-12,-0.0018818905203556494,-0.0018818905203556494,-0.0016870156166991451,-0.00019487490365650427,-0.00019487490365650427,0.0,0.0,False
2014-11-13,0.0006619015940874509,0.0006619015940874509,0.0006348515198918749,2.705007419557604e-05,2.705007419557604e-05,0.0,0.0,False
2014-11-14,0.0006812174171303403,0.0006812174171303403,0.0018565146544012273,-0.001175297237270887,-0.001175297237270887,0.0,0.0,False
2014-11-17,-0.001299576151157411,-0.001299576151157411,-0.0025585464575815725,0.0012589703064241615,0.0012589703064241615,0.0,0.0,False
2014-11-18,0.003969179114748736,0.003969179114748736,0.0046847381403814356,-0.0007155590256326992,-0.0007155590256326992,0.0,0.0,False
2014-11-19,-0.0031302597170922166,-0.0031302597170922166,-0.003154151308329924,2.3891591237707507e-05,2.3891591237707507e-05,0.0,0.0,False
2014-11-20,0.001237879394350581,0.001237879394350581,0.0012217242850911503,1.6155109259430615e-05,1.6155109259430615e-05,0.0,0.0,False
2014-11-21,0.005167534642095745,0.005167534642095745,0.00743236098849724,-0.0022648263464014945,-0.0022648263464014945,0.0,0.0,False
2014-11-24,0.0025205845262606034,0.0025205845262606034,0.0019900884253961,0.0005304961008645035,0.0005304961008645035,0.0,0.0,False
2014-11-25,0.001806950042757256,0.001806950042757256,0.0009817526585841002,0.0008251973841731557,0.0008251973841731557,0.0,0.0,False
2014-11-26,0.0029134722476936606,0.0029134722476936606,0.0037551207260325013,-0.0008416484783388407,-0.0008416484783388407,0.0,0.0,False
2014-11-28,-0.0011450807145817498,-0.0011450807145817498,-0.003010633775354241,0.001865553060772491,0.001865553060772491,0.0,0.0,False
2014-12-01,-0.004153760577158256,-0.004209766077609256,-0.006018254642189002,0.0018084885645797463,0.001864494065030746,0.056005500450999585,5.600550045099959e-05,True
2014-12-02,-0.00033618299120358273,-0.00033618299120358273,0.0005464814360554291,-0.0008826644272590118,-0.0008826644272590118,0.0,0.0,False
2014-12-03,0.001578396358664493,0.001578396358664493,0.0021456519513201044,-0.0005672555926556115,-0.0005672555926556115,0.0,0.0,False
2014-12-04,0.000198222011798912,0.000198222011798912,0.00045396092037229926,-0.00025573890857338724,-0.00025573890857338724,0.0,0.0,False
2014-12-05,-0.0013678462390291953,-0.0013678462390291953,-0.0010153553161631852,-0.0003524909228660102,-0.0003524909228660102,0.0,0.0,False
2014-12-08,-0.0015348472380009416,-0.0015348472380009416,-0.0034469746863350216,0.00191212744833408,0.00191212744833408,0.0,0.0,False
2014-12-09,-0.0001905048063104198,-0.0001905048063104198,3.921124610450563e-05,-0.00022971605241492543,-0.00022971605241492543,0.0,0.0,False
2014-12-10,-0.006944654736183337,-0.006944654736183337,-0.0079996681527604,0.0010550134165770624,0.0010550134165770624,0.0,0.0,False
2014-12-11,0.0009590997047980871,0.0009590997047980871,0.0004309903123938188,0.0005281093924042683,0.0005281093924042683,0.0,0.0,False
2014-12-12,-0.0066795693911956815,-0.0066795693911956815,-0.0072743081331822276,0.000594738741986546,0.000594738741986546,0.0,0.0,False
2014-12-15,-0.004514848208556508,-0.004514848208556508,-0.006829342235799382,0.002314494027242874,0.002314494027242874,0.0,0.0,False
2014-12-16,-0.0010720885964593892,-0.0010720885964593892,8.752856397363555e-05,-0.0011596171604330247,-0.0011596171604330247,0.0,0.0,False
2014-12-17,0.00746486703621713,0.00746486703621713,0.009337333645043104,-0.0018724666088259737,-0.0018724666088259737,0.0,0.0,False
2014-12-18,0.010663775091367164,0.010663775091367164,0.010092638562717032,0.0005711365286501322,0.0005711365286501322,0.0,0.0,False
2014-12-19,0.002088616404034386,0.002088616404034386,0.003641585150247234,-0.001552968746212848,-0.001552968746212848,0.0,0.0,False
2014-12-22,0.0034480154059450836,0.0034480154059450836,0.0043316362296909085,-0.0008836208237458249,-0.0008836208237458249,0.0,0.0,False
2014-12-23,-0.0039050764479279143,-0.0039050764479279143,-0.004712397543385444,0.0008073210954575301,0.0008073210954575301,0.0,0.0,False
2014-12-24,0.0019328083741878888,0.0019328083741878888,0.0019715613625549125,-3.875298836702361e-05,-3.875298836702361e-05,0.0,0.0,False
2014-12-26,0.0019837868039787503,0.0019837868039787503,0.0030267785799229013,-0.001042991775944151,-0.001042991775944151,0.0,0.0,False
2014-12-29,0.0005948996982555832,0.0005948996982555832,0.00032608731298736847,0.00026881238526821474,0.00026881238526821474,0.0,0.0,False
2014-12-30,-0.002788104950196565,-0.002788104950196565,-0.0026006673121372293,-0.00018743763805933577,-0.00018743763805933577,0.0,0.0,False
2014-12-31,-0.004004914821696836,-0.004004914821696836,-0.0037230480258935664,-0.0002818667958032692,-0.0002818667958032692,0.0,0.0,False
2015-01-02,0.0011666566906822853,0.001161645162325396,-0.0003111927839571484,0.0014728379462825444,0.0014778494746394337,0.005011528356889378,5.011528356889378e-06,True
2015-01-05,-0.007478179612933744,-0.007478179612933744,-0.008727770919780074,0.00124959130684633,0.00124959130684633,0.0,0.0,False
2015-01-06,-0.002447593426300188,-0.002447593426300188,-0.0028069106632001685,0.0003593172368999806,0.0003593172368999806,0.0,0.0,False
2015-01-07,0.006338745196098784,0.006338745196098784,0.008072904698355154,-0.00173415950225637,-0.00173415950225637,0.0,0.0,False
2015-01-08,0.006335336984723568,0.006335336984723568,0.0077381813841483635,-0.0014028443994247956,-0.0014028443994247956,0.0,0.0,False
2015-01-09,-0.0018295096457460233,-0.0018295096457460233,-0.0019570427556342817,0.00012753310988825842,0.00012753310988825842,0.0,0.0,False
2015-01-12,-0.001854163461264934,-0.001854163461264934,-0.0023498043098828495,0.0004956408486179154,0.0004956408486179154,0.0,0.0,False
2015-01-13,0.00023303076165653278,0.00023303076165653278,0.001138049894352092,-0.0009050191326955594,-0.0009050191326955594,0.0,0.0,False
2015-01-14,-0.0011728277572444633,-0.0011728277572444633,-0.0013507724150016768,0.00017794465775721347,0.00017794465775721347,0.0,0.0,False
2015-01-15,0.0009669683385282653,0.0009669683385282653,0.0010336422637852402,-6.667392525697483e-05,-6.667392525697483e-05,0.0,0.0,False
2015-01-16,0.0032276059953148966,0.0032276059953148966,0.004287022049277945,-0.0010594160539630485,-0.0010594160539630485,0.0,0.0,False
2015-01-20,0.0024161517931780376,0.0024161517931780376,0.0023034562622012054,0.00011269553097683228,0.00011269553097683228,0.0,0.0,False
2015-01-21,0.0020259520963256316,0.0020259520963256316,0.0030469509757182407,-0.001020998879392609,-0.001020998879392609,0.0,0.0,False
2015-01-22,0.00511148020478604,0.00511148020478604,0.007074860634773883,-0.001963380429987843,-0.001963380429987843,0.0,0.0,False
2015-01-23,0.000295020467971599,0.000295020467971599,-0.00036220178958755944,0.0006572222575591584,0.0006572222575591584,0.0,0.0,False
2015-01-26,0.002414364078445984,0.002414364078445984,0.0025832887745488725,-0.00016892469610288842,-0.00016892469610288842,0.0,0.0,False
2015-01-27,-0.003855839922941671,-0.003855839922941671,-0.003974894151362166,0.00011905422842049557,0.00011905422842049557,0.0,0.0,False
2015-01-28,-0.0030623859148389684,-0.0030623859148389684,-0.004473575523559454,0.0014111896087204857,0.0014111896087204857,0.0,0.0,False
2015-01-29,0.0037860999769232734,0.0037860999769232734,0.003943783959280877,-0.00015768398235760372,-0.00015768398235760372,0.0,0.0,False
2015-01-30,-0.0023923340683646576,-0.0023923340683646576,-0.005885527903752982,0.0034931938353883244,0.0034931938353883244,0.0,0.0,False
2015-02-02,0.005706097286448814,0.005442314038200202,0.007481130766657162,-0.0020388167284569603,-0.0017750334802083484,0.26378324824861143,0.00026378324824861146,True
2015-02-03,0.005415108540202457,0.005415108540202457,0.005647175051389232,-0.0002320665111867756,-0.0002320665111867756,0.0,0.0,False
2015-02-04,-0.0017721181686753476,-0.0017721181686753476,-0.0025011432210920257,0.0007290250524166781,0.0007290250524166781,0.0,0.0,False
2015-02-05,0.005463076387732806,0.005463076387732806,0.004697317574373298,0.0007657588133595074,0.0007657588133595074,0.0,0.0,False
2015-02-06,-0.008171986444498087,-0.008171986444498087,-0.009097161232572131,0.0009251747880740444,0.0009251747880740444,0.0,0.0,False
2015-02-09,-0.0033136963828344903,-0.0033136963828344903,-0.002735992532451648,-0.0005777038503828424,-0.0005777038503828424,0.0,0.0,False
2015-02-10,0.004052366308769756,0.004052366308769756,0.003469150547653401,0.000583215761116355,0.000583215761116355,0.0,0.0,False
2015-02-11,-8.950287795304727e-05,-8.950287795304727e-05,-0.0013484440065317464,0.001258941128578699,0.001258941128578699,0.0,0.0,False
2015-02-12,0.007266152942046545,0.007266152942046545,0.008357486956730976,-0.0010913340146844318,-0.0010913340146844318,0.0,0.0,False
2015-02-13,0.0002575723559264182,0.0002575723559264182,0.0020670049177453744,-0.001809432561818956,-0.001809432561818956,0.0,0.0,False
2015-02-17,-0.0010856484686929285,-0.0010856484686929285,-0.0019281627341628013,0.0008425142654698728,0.0008425142654698728,0.0,0.0,False
2015-02-18,0.0025309513166146803,0.0025309513166146803,0.00267201531645295,-0.00014106399983826977,-0.00014106399983826977,0.0,0.0,False
2015-02-19,-0.0025141608445275474,-0.0025141608445275474,-0.0012574903499548472,-0.0012566704945727002,-0.0012566704945727002,0.0,0.0,False
2015-02-20,0.004002558703220344,0.004002558703220344,0.0043758054398104675,-0.0003732467365901238,-0.0003732467365901238,0.0,0.0,False
2015-02-23,0.0022321849270209785,0.0022321849270209785,0.0002974360266540119,0.0019347489003669668,0.0019347489003669668,0.0,0.0,False
2015-02-24,0.0018419631261884632,0.0018419631261884632,0.0061677421379862886,-0.004325779011797825,-0.004325779011797825,0.0,0.0,False
2015-02-25,0.00024054432290210895,0.00024054432290210895,0.00021933054475901134,2.1213778143097607e-05,2.1213778143097607e-05,0.0,0.0,False
2015-02-26,-0.0029999212581203467,-0.0029999212581203467,-0.003119617457227703,0.00011969619910735634,0.00011969619910735634,0.0,0.0,False
2015-02-27,-0.00038019017439671184,-0.00038019017439671184,5.48033385503616e-05,-0.00043499351294707344,-0.00043499351294707344,0.0,0.0,False
2015-03-02,-0.0009893933751581787,-0.0011593984235781954,-0.0013801460312637013,0.00022074760768550595,0.00039075265610552263,0.17000504842001676,0.00017000504842001676,True
2015-03-03,-0.003130258976968412,-0.003130258976968412,-0.003916999224452272,0.00078674024748386,0.00078674024748386,0.0,0.0,False
2015-03-04,-0.004258458950330231,-0.004258458950330231,-0.0030522710444827487,-0.0012061879058474822,-0.0012061879058474822,0.0,0.0,False
2015-03-05,0.0009102269827396683,0.0009102269827396683,0.0009278220104746375,-1.7595027734969185e-05,-1.7595027734969185e-05,0.0,0.0,False
2015-03-06,-0.014942509134121757,-0.014942509134121757,-0.013157966688032138,-0.0017845424460896184,-0.0017845424460896184,0.0,0.0,False
2015-03-09,0.003400317888150745,0.003400317888150745,0.0033164238423734607,8.389404577728446e-05,8.389404577728446e-05,0.0,0.0,False
2015-03-10,-0.0081324742249589,-0.0081324742249589,-0.009174432965402633,0.0010419587404437332,0.0010419587404437332,0.0,0.0,False
2015-03-11,0.002300262818510525,0.002300262818510525,0.002219600141325146,8.066267718537896e-05,8.066267718537896e-05,0.0,0.0,False
2015-03-12,0.006762263164913528,0.006762263164913528,0.007082493388474983,-0.0003202302235614544,-0.0003202302235614544,0.0,0.0,False
2015-03-13,-0.005052358304758129,-0.005052358304758129,-0.0049474788644601735,-0.00010487944029795564,-0.00010487944029795564,0.0,0.0,False
2015-03-16,0.00810444812278092,0.00810444812278092,0.008470198776666396,-0.00036575065388547677,-0.00036575065388547677,0.0,0.0,False
2015-03-17,0.0013847209985873863,0.0013847209985873863,0.0010684149846100928,0.0003163060139772934,0.0003163060139772934,0.0,0.0,False
2015-03-18,0.014922479801334973,0.014922479801334973,0.014720554790568479,0.00020192501076649397,0.00020192501076649397,0.0,0.0,False
2015-03-19,-0.006166427175991201,-0.006166427175991201,-0.0066510088274089755,0.0004845816514177743,0.0004845816514177743,0.0,0.0,False
2015-03-20,0.009065321638594522,0.009065321638594522,0.009352954824983236,-0.00028763318638871417,-0.00028763318638871417,0.0,0.0,False
2015-03-23,0.0004466200503164515,0.0004466200503164515,0.0009636134523725467,-0.0005169934020560953,-0.0005169934020560953,0.0,0.0,False
2015-03-24,-0.001471735833068308,-0.001471735833068308,-0.00030095042700932614,-0.0011707854060589817,-0.0011707854060589817,0.0,0.0,False
2015-03-25,-0.010663963246659589,-0.010663963246659589,-0.009640509510439129,-0.0010234537362204602,-0.0010234537362204602,0.0,0.0,False
2015-03-26,-0.005340467905198852,-0.005340467905198852,-0.00586474579642385,0.0005242778912249975,0.0005242778912249975,0.0,0.0,False
2015-03-27,0.0030651543366364527,0.0030651543366364527,0.0036884015780240345,-0.0006232472413875817,-0.0006232472413875817,0.0,0.0,False
2015-03-30,0.00903354154813552,0.00903354154813552,0.006262733643652693,0.0027708079044828273,0.0027708079044828273,0.0,0.0,False
2015-03-31,-0.0035105382206775566,-0.0035105382206775566,-0.004416192998383835,0.0009056547777062784,0.0009056547777062784,0.0,0.0,False
2015-04-01,0.002055467786229561,0.001937971787904712,0.003320200470155943,-0.0013822286822512309,-0.0012647326839263819,0.11749599832484892,0.00011749599832484892,True
2015-04-02,0.002870525987666046,0.002870525987666046,0.002631293312502763,0.00023923267516328273,0.00023923267516328273,0.0,0.0,False
2015-04-06,0.0050811124300440946,0.0050811124300440946,0.005249837674456818,-0.00016872524441272334,-0.00016872524441272334,0.0,0.0,False
2015-04-07,0.00013039676336323993,0.00013039676336323993,-0.0007182656807369512,0.0008486624441001911,0.0008486624441001911,0.0,0.0,False
2015-04-08,0.004191518030701639,0.004191518030701639,0.0040088565459704935,0.0001826614847311456,0.0001826614847311456,0.0,0.0,False
2015-04-09,0.0010059548922607751,0.0010059548922607751,0.00017917290219661257,0.0008267819900641626,0.0008267819900641626,0.0,0.0,False
2015-04-10,0.002724311209361827,0.002724311209361827,0.002467642937073024,0.0002566682722888029,0.0002566682722888029,0.0,0.0,False
2015-04-13,-0.0026942085193542888,-0.0026942085193542888,-0.002484146573337988,-0.00021006194601630055,-0.00021006194601630055,0.0,0.0,False
2015-04-14,0.00233847507720196,0.00233847507720196,0.0034277700405710857,-0.0010892949633691256,-0.0010892949633691256,0.0,0.0,False
2015-04-15,0.0033195821772693014,0.0033195821772693014,0.003276660839225551,4.292133804375056e-05,4.292133804375056e-05,0.0,0.0,False
2015-04-16,0.0007563538203073521,0.0007563538203073521,0.0009445111187840126,-0.00018815729847666048,-0.00018815729847666048,0.0,0.0,False
2015-04-17,-0.006073305937229273,-0.006073305937229273,-0.00666272255673726,0.0005894166195079872,0.0005894166195079872,0.0,0.0,False
2015-04-20,0.0023544551482153255,0.0023544551482153255,0.0021097600654012222,0.0002446950828141033,0.0002446950828141033,0.0,0.0,False
2015-04-21,0.00037033536936364,0.00037033536936364,0.0008823323662163782,-0.0005119969968527382,-0.0005119969968527382,0.0,0.0,False
2015-04-22,0.0007751504076006344,0.0007751504076006344,0.00012147753388565502,0.0006536728737149794,0.0006536728737149794,0.0,0.0,False
2015-04-23,0.0030364977866862994,0.0030364977866862994,0.0035187308576548524,-0.00048223307096855296,-0.00048223307096855296,0.0,0.0,False
2015-04-24,0.002364540050721127,0.002364540050721127,0.003077675516711147,-0.0007131354659900202,-0.0007131354659900202,0.0,0.0,False
2015-04-27,-0.0011555348343115649,-0.0011555348343115649,-0.0010413415297816832,-0.00011419330452988163,-0.00011419330452988163,0.0,0.0,False
2015-04-28,-0.001027852373154742,-0.001027852373154742,-0.0008627842644984115,-0.00016506810865633055,-0.00016506810865633055,0.0,0.0,False
2015-04-29,-0.006629203832554295,-0.006629203832554295,-0.006968915235251895,0.00033971140269760045,0.00033971140269760045,0.0,0.0,False
2015-04-30,-0.005743168749279318,-0.005743168749279318,-0.007153615826794439,0.0014104470775151206,0.0014104470775151206,0.0,0.0,False
2015-05-01,0.0020214813422056183,0.001760517246287261,0.0032594516102188937,-0.0014989343639316326,-0.0012379702680132753,0.26096409591835734,0.0002609640959183573,True
2015-05-04,0.00014317960770201898,0.00014317960770201898,0.00011784815608911157,2.533145161290741e-05,2.533145161290741e-05,0.0,0.0,False
2015-05-05,-0.0068161611240012965,-0.0068161611240012965,-0.008104263338604792,0.0012881022146034957,0.0012881022146034957,0.0,0.0,False
2015-05-06,-0.0031631243679869016,-0.0031631243679869016,-0.004381231441556042,0.0012181070735691403,0.0012181070735691403,0.0,0.0,False
2015-05-07,0.004000899899305159,0.004000899899305159,0.002846315330709265,0.0011545845685958936,0.0011545845685958936,0.0,0.0,False
2015-05-08,0.008319688484019008,0.008319688484019008,0.010859077348654394,-0.002539388864635386,-0.002539388864635386,0.0,0.0,False
2015-05-11,-0.006555771671596903,-0.006555771671596903,-0.008320131753158396,0.0017643600815614932,0.0017643600815614932,0.0,0.0,False
2015-05-12,-0.0016981355751371585,-0.0016981355751371585,-0.0013603655958964451,-0.0003377699792407134,-0.0003377699792407134,0.0,0.0,False
2015-05-13,-0.0004558925530517503,-0.0004558925530517503,0.0005943179299332213,-0.0010502104829849717,-0.0010502104829849717,0.0,0.0,False
2015-05-14,0.006989863449899208,0.006989863449899208,0.007830191131805976,-0.0008403276819067681,-0.0008403276819067681,0.0,0.0,False
2015-05-15,0.0036664269743799647,0.0036664269743799647,0.004603360192142298,-0.0009369332177623329,-0.0009369332177623329,0.0,0.0,False
2015-05-18,-0.0008135873291317298,-0.0008135873291317298,-0.0032857279454463068,0.002472140616314577,0.002472140616314577,0.0,0.0,False
2015-05-19,-0.0028039371041191836,-0.0028039371041191836,-0.0026693520149060567,-0.0001345850892131269,-0.0001345850892131269,0.0,0.0,False
2015-05-20,0.0007714783397236333,0.0007714783397236333,0.0007845840973537065,-1.3105757630073279e-05,-1.3105757630073279e-05,0.0,0.0,False
2015-05-21,0.0033862685645412467,0.0033862685645412467,0.0038228556570763144,-0.0004365870925350677,-0.0004365870925350677,0.0,0.0,False
2015-05-22,-0.0020951063304409474,-0.0020951063304409474,-0.0021363936722265274,4.128734178557997e-05,4.128734178557997e-05,0.0,0.0,False
2015-05-26,-0.0028427841186370916,-0.0028427841186370916,-0.005399741624856137,0.0025569575062190453,0.0025569575062190453,0.0,0.0,False
2015-05-27,0.005468453090577189,0.005468453090577189,0.005146511301698135,0.00032194178887905416,0.00032194178887905416,0.0,0.0,False
2015-05-28,-0.001093326861329082,-0.001093326861329082,-0.0021820437028198894,0.0010887168414908074,0.0010887168414908074,0.0,0.0,False
2015-05-29,-0.002894883246436204,-0.002894883246436204,-0.004318247622956349,0.0014233643765201448,0.0014233643765201448,0.0,0.0,False
2015-06-01,-0.0014194108703768642,-0.0014266671836773298,-0.00228637162138941,0.0008597044377120803,0.0008669607510125459,0.007256313300465603,7.256313300465603e-06,True
2015-06-02,-0.0029114141695818713,-0.0029114141695818713,-0.001958807551743779,-0.0009526066178380923,-0.0009526066178380923,0.0,0.0,False
2015-06-03,-0.0010982015141978124,-0.0010982015141978124,-0.0018134404797264245,0.0007152389655286121,0.0007152389655286121,0.0,0.0,False
2015-06-04,-0.002011492276784891,-0.002011492276784891,-0.003860273869365163,0.001848781592580272,0.001848781592580272,0.0,0.0,False
2015-06-05,-0.0023771557225757073,-0.0023771557225757073,-0.00518171577577073,0.0028045600531950224,0.0028045600531950224,0.0,0.0,False
2015-06-08,-0.0028621067420162623,-0.0028621067420162623,-0.0022008069343951433,-0.000661299807621119,-0.000661299807621119,0.0,0.0,False
2015-06-09,-0.0025433848670723155,-0.0025433848670723155,-0.0033251526243956854,0.0007817677573233699,0.0007817677573233699,0.0,0.0,False
2015-06-10,0.004590360868684448,0.004590360868684448,0.007260012125852913,-0.002669651257168465,-0.002669651257168465,0.0,0.0,False
2015-06-11,0.0057396156595198936,0.0057396156595198936,0.004905619681741973,0.0008339959777779208,0.0008339959777779208,0.0,0.0,False
2015-06-12,-0.0038242642292461606,-0.0038242642292461606,-0.004049406563692709,0.00022514233444654837,0.00022514233444654837,0.0,0.0,False
2015-06-15,-0.0016588104707103075,-0.0016588104707103075,-0.002951231463399928,0.0012924209926896207,0.0012924209926896207,0.0,0.0,False
2015-06-16,0.0044564545442695195,0.0044564545442695195,0.0035102665024391586,0.0009461880418303609,0.0009461880418303609,0.0,0.0,False
2015-06-17,0.00040102928946408043,0.00040102928946408043,0.00038112983071188114,1.9899458752199294e-05,1.9899458752199294e-05,0.0,0.0,False
2015-06-18,0.004984975516267622,0.004984975516267622,0.005430695877325662,-0.0004457203610580395,-0.0004457203610580395,0.0,0.0,False
2015-06-19,0.0009884718959468955,0.0009884718959468955,-0.0001242289593612985,0.001112700855308194,0.001112700855308194,0.0,0.0,False
2015-06-22,-0.0011241609554710446,-0.0011241609554710446,0.002306220820854278,-0.0034303817763253227,-0.0034303817763253227,0.0,0.0,False
2015-06-23,-0.0006577045247835442,-0.0006577045247835442,0.00048691738749153995,-0.0011446219122750842,-0.0011446219122750842,0.0,0.0,False
2015-06-24,-0.002499838406943176,-0.002499838406943176,-0.0032647868257613564,0.0007649484188181803,0.0007649484188181803,0.0,0.0,False
2015-06-25,-0.0021015142830194972,-0.0021015142830194972,-0.0022607406443060168,0.00015922636128651952,0.00015922636128651952,0.0,0.0,False
2015-06-26,-0.0027852463445130283,-0.0027852463445130283,-0.003374273387839073,0.0005890270433260448,0.0005890270433260448,0.0,0.0,False
2015-06-29,-0.006572535848781534,-0.006572535848781534,-0.009722370055976096,0.0031498342071945625,0.0031498342071945625,0.0,0.0,False
2015-06-30,0.00034982911031388207,0.00034982911031388207,0.0005976247870301141,-0.000247795676716232,-0.000247795676716232,0.0,0.0,False
2015-07-01,0.0014464686347460231,0.001110206096882742,0.0012448905948987733,-0.00013468449801603134,0.00020157803984724985,0.33626253786328114,0.00033626253786328114,True
2015-07-02,0.0003600953811712525,0.0003600953811712525,0.0014592079574465785,-0.001099112576275326,-0.001099112576275326,0.0,0.0,False
2015-07-06,0.0009252762692581123,0.0009252762692581123,-0.0037881476068963712,0.004713423876154484,0.004713423876154484,0.0,0.0,False
2015-07-07,0.003423235126765693,0.003423235126765693,0.002168039319390232,0.0012551958073754614,0.0012551958073754614,0.0,0.0,False
2015-07-08,-0.007512581440195394,-0.007512581440195394,-0.011141637244495203,0.003629055804299809,0.003629055804299809,0.0,0.0,False
2015-07-09,-0.0009719770172638041,-0.0009719770172638041,0.0014860287428478758,-0.00245800576011168,-0.00245800576011168,0.0,0.0,False
2015-07-10,0.004877362980335042,0.004877362980335042,0.008582604742878839,-0.003705241762543797,-0.003705241762543797,0.0,0.0,False
2015-07-13,0.004771844027750331,0.004771844027750331,0.004111330971248642,0.0006605130565016885,0.0006605130565016885,0.0,0.0,False
2015-07-14,0.0033165292567080827,0.0033165292567080827,0.003965964825483465,-0.0006494355687753826,-0.0006494355687753826,0.0,0.0,False
2015-07-15,0.000403574867114432,0.000403574867114432,-0.0003682975755311636,0.0007718724426455956,0.0007718724426455956,0.0,0.0,False
2015-07-16,0.003839928131944217,0.003839928131944217,0.0057584332664344,-0.001918505134490183,-0.001918505134490183,0.0,0.0,False
2015-07-17,-0.0007206152838382133,-0.0007206152838382133,3.7763458175496875e-05,-0.0007583787420137102,-0.0007583787420137102,0.0,0.0,False
2015-07-20,-0.002001446010123688,-0.002001446010123688,-0.001289783047423959,-0.000711662962699729,-0.000711662962699729,0.0,0.0,False
2015-07-21,-0.0014263031103454442,-0.0014263031103454442,-0.0007381317430456484,-0.0006881713672997958,-0.0006881713672997958,0.0,0.0,False
2015-07-22,-0.0006177929556256195,-0.0006177929556256195,-0.0021550638262130303,0.0015372708705874108,0.0015372708705874108,0.0,0.0,False
2015-07-23,-0.0023140862674476733,-0.0023140862674476733,-0.001711001079963471,-0.0006030851874842024,-0.0006030851874842024,0.0,0.0,False
2015-07-24,-0.006150117589828927,-0.006150117589828927,-0.006713677795745945,0.0005635602059170181,0.0005635602059170181,0.0,0.0,False
2015-07-27,-0.002730906092261584,-0.002730906092261584,-0.0040858231698571975,0.0013549170775956133,0.0013549170775956133,0.0,0.0,False
2015-07-28,0.0053634741712176755,0.0053634741712176755,0.005890590355927521,-0.0005271161847098457,-0.0005271161847098457,0.0,0.0,False
2015-07-29,0.0032099907298405645,0.0032099907298405645,0.0030716920623418123,0.00013829866749875226,0.00013829866749875226,0.0,0.0,False
2015-07-30,0.001339161316313951,0.001339161316313951,-0.00013385298398886674,0.0014730143003028177,0.0014730143003028177,0.0,0.0,False
2015-07-31,0.002061170785514112,0.002061170785514112,0.004034835875016596,-0.0019736650895024843,-0.0019736650895024843,0.0,0.0,False
2015-08-03,-0.001456217818171485,-0.001661799372982773,-0.001838562642053948,0.00017676326907117498,0.00038234482388246286,0.20558155481128784,0.00020558155481128785,True
2015-08-04,-0.0028474438568875495,-0.0028474438568875495,-0.002439371534596565,-0.0004080723222909845,-0.0004080723222909845,0.0,0.0,False
2015-08-05,-0.00026806501504756503,-0.00026806501504756503,0.0001825417116917045,-0.00045060672673926955,-0.00045060672673926955,0.0,0.0,False
2015-08-06,-0.005344937947663836,-0.005344937947663836,-0.003200224913898708,-0.0021447130337651286,-0.0021447130337651286,0.0,0.0,False
2015-08-07,-0.0016868154623388009,-0.0016868154623388009,0.0007401001853073223,-0.0024269156476461233,-0.0024269156476461233,0.0,0.0,False
2015-08-10,0.004830201870820194,0.004830201870820194,0.005752771771447772,-0.0009225699006275784,-0.0009225699006275784,0.0,0.0,False
2015-08-11,-0.0027122052456423273,-0.0027122052456423273,-0.004896850508742064,0.0021846452630997363,0.0021846452630997363,0.0,0.0,False
2015-08-12,-0.0008219055813903259,-0.0008219055813903259,-0.002913935799023714,0.002092030217633388,0.002092030217633388,0.0,0.0,False
2015-08-13,-0.00245950496403246,-0.00245950496403246,-0.0020124835474564667,-0.00044702141657599346,-0.00044702141657599346,0.0,0.0,False
2015-08-14,0.002488340935947603,0.002488340935947603,0.0018358807676499772,0.0006524601682976259,0.0006524601682976259,0.0,0.0,False
2015-08-17,0.005127029324350019,0.005127029324350019,0.0019372938848590817,0.0031897354394909375,0.0031897354394909375,0.0,0.0,False
2015-08-18,-0.003964557592244286,-0.003964557592244286,-0.004720921637211843,0.0007563640449675564,0.0007563640449675564,0.0,0.0,False
2015-08-19,-0.0027625187905641986,-0.0027625187905641986,-0.0029166525660143223,0.0001541337754501237,0.0001541337754501237,0.0,0.0,False
2015-08-20,-0.011598143400250853,-0.011598143400250853,-0.011415492236860572,-0.00018265116339028116,-0.00018265116339028116,0.0,0.0,False
2015-08-21,-0.007537208652138973,-0.007537208652138973,-0.01472190765181502,0.007184698999676047,0.007184698999676047,0.0,0.0,False
2015-08-24,-0.019934497326379138,-0.019934497326379138,-0.023370218717647846,0.0034357213912687076,0.0034357213912687076,0.0,0.0,False
2015-08-25,-0.005958678733082279,-0.005958678733082279,-0.00413436758995105,-0.0018243111431312294,-0.0018243111431312294,0.0,0.0,False
2015-08-26,0.012821752340934002,0.012821752340934002,0.016164229622270095,-0.0033424772813360933,-0.0033424772813360933,0.0,0.0,False
2015-08-27,0.010505302584270283,0.010505302584270283,0.014047133322979926,-0.003541830738709643,-0.003541830738709643,0.0,0.0,False
2015-08-28,0.0035451867276485444,0.0035451867276485444,-0.0004820980078861078,0.004027284735534652,0.004027284735534652,0.0,0.0,False
2015-08-31,-0.003238556522578123,-0.003238556522578123,-0.004621097331372153,0.0013825408087940298,0.0013825408087940298,0.0,0.0,False
2015-09-01,-0.013434483656100891,-0.013449597356104652,-0.017117997616350696,0.003668400260246044,0.0036835139602498044,0.015113700003760751,1.5113700003760752e-05,True
2015-09-02,0.008658306725443812,0.008658306725443812,0.008887087610111862,-0.00022878088466805023,-0.00022878088466805023,0.0,0.0,False
2015-09-03,0.0006261886352893421,0.0006261886352893421,0.0023404869031171814,-0.0017142982678278393,-0.0017142982678278393,0.0,0.0,False
2015-09-04,-0.003955823786551199,-0.003955823786551199,-0.009807535642776975,0.005851711856225776,0.005851711856225776,0.0,0.0,False
2015-09-08,0.010897489502816653,0.010897489502816653,0.013583022979333318,-0.002685533476516665,-0.002685533476516665,0.0,0.0,False
2015-09-09,-0.006092614970707208,-0.006092614970707208,-0.0050573307235829345,-0.0010352842471242733,-0.0010352842471242733,0.0,0.0,False
2015-09-10,0.0019787068494508853,0.0019787068494508853,0.002744082364457139,-0.0007653755150062538,-0.0007653755150062538,0.0,0.0,False
2015-09-11,0.0031839046922869456,0.0031839046922869456,0.0029038951158705437,0.0002800095764164019,0.0002800095764164019,0.0,0.0,False
2015-09-14,-0.00210022318111722,-0.00210022318111722,-0.0023623005786302543,0.0002620773975130341,0.0002620773975130341,0.0,0.0,False
2015-09-15,0.0029958632749817497,0.0029958632749817497,0.0025541018402978665,0.0004417614346838832,0.0004417614346838832,0.0,0.0,False
2015-09-16,0.003685191818514638,0.003685191818514638,0.007789200452740829,-0.004104008634226191,-0.004104008634226191,0.0,0.0,False
2015-09-17,0.0038540120394026907,0.0038540120394026907,0.0028102206106762626,0.0010437914287264281,0.0010437914287264281,0.0,0.0,False
2015-09-18,-0.006127046829050713,-0.006127046829050713,-0.009081131251973176,0.0029540844229224627,0.0029540844229224627,0.0,0.0,False
2015-09-21,-0.00213966263698652,-0.00213966263698652,-0.0015445822725957455,-0.0005950803643907745,-0.0005950803643907745,0.0,0.0,False
2015-09-22,-0.006617082990608061,-0.006617082990608061,-0.00768589998278347,0.0010688169921754097,0.0010688169921754097,0.0,0.0,False
2015-09-23,-0.0019382393024501648,-0.0019382393024501648,-0.003214251931632342,0.0012760126291821773,0.0012760126291821773,0.0,0.0,False
2015-09-24,-0.001342820969290966,-0.001342820969290966,-0.0013107636370658844,-3.2057332225081695e-05,-3.2057332225081695e-05,0.0,0.0,False
2015-09-25,-0.00629705836358777,-0.00629705836358777,-0.0011171152640350392,-0.00517994309955273,-0.00517994309955273,0.0,0.0,False
2015-09-28,-0.013690431102186151,-0.013690431102186151,-0.011511816866751644,-0.0021786142354345076,-0.0021786142354345076,0.0,0.0,False
2015-09-29,-0.0010999084719303044,-0.0010999084719303044,0.0011434514253540278,-0.0022433598972843322,-0.0022433598972843322,0.0,0.0,False
2015-09-30,0.009015880022246217,0.009015880022246217,0.01160387860040504,-0.0025879985781588222,-0.0025879985781588222,0.0,0.0,False
2015-10-01,-0.0009073471224418227,-0.0009185901314265566,0.0020516443546599317,-0.0029702344860864883,-0.002958991477101754,0.011243008984733967,1.1243008984733966e-05,True
2015-10-02,0.009281901665812477,0.009281901665812477,0.01238907238917957,-0.003107170723367093,-0.003107170723367093,0.0,0.0,False
2015-10-05,0.010927978258483788,0.010927978258483788,0.009564098068455273,0.001363880190028515,0.001363880190028515,0.0,0.0,False
2015-10-06,-0.0014567742624516983,-0.0014567742624516983,-0.0004882833229888862,-0.000968490939462812,-0.000968490939462812,0.0,0.0,False
2015-10-07,0.008178850775408577,0.008178850775408577,0.007893519746649591,0.0002853310287589863,0.0002853310287589863,0.0,0.0,False
2015-10-08,0.004320240932873273,0.004320240932873273,0.004042568791858025,0.00027767214101524773,0.00027767214101524773,0.0,0.0,False
2015-10-09,0.0010134271283522376,0.0010134271283522376,0.0012392635322834122,-0.00022583640393117463,-0.00022583640393117463,0.0,0.0,False
2015-10-12,0.00046904960426473767,0.00046904960426473767,0.0007101414586730005,-0.0002410918544082628,-0.0002410918544082628,0.0,0.0,False
2015-10-13,-0.005904910033811796,-0.005904910033811796,-0.006109841640803202,0.00020493160699140613,0.00020493160699140613,0.0,0.0,False
2015-10-14,-0.0024681687498149764,-0.0024681687498149764,0.001213276022347663,-0.0036814447721626392,-0.0036814447721626392,0.0,0.0,False
2015-10-15,0.009973471428667441,0.009973471428667441,0.010017171674392651,-4.370024572520996e-05,-4.370024572520996e-05,0.0,0.0,False
2015-10-16,0.0006314349635148733,0.0006314349635148733,0.0011822934123357025,-0.0005508584488208292,-0.0005508584488208292,0.0,0.0,False
2015-10-19,0.0010024729198975435,0.0010024729198975435,-0.001594149181323161,0.0025966221012207044,0.0025966221012207044,0.0,0.0,False
2015-10-20,-0.0017130847259972017,-0.0017130847259972017,-0.0023447607207658285,0.0006316759947686268,0.0006316759947686268,0.0,0.0,False
2015-10-21,-0.005405750723738139,-0.005405750723738139,-0.0024126996164882154,-0.0029930511072499234,-0.0029930511072499234,0.0,0.0,False
2015-10-22,0.006114210253265319,0.006114210253265319,0.010036543981244022,-0.003922333727978703,-0.003922333727978703,0.0,0.0,False
2015-10-23,0.0038125487095741683,0.0038125487095741683,0.003965646011841842,-0.00015309730226767404,-0.00015309730226767404,0.0,0.0,False
2015-10-26,-0.002103455061086184,-0.002103455061086184,-0.0015620929061380142,-0.0005413621549481698,-0.0005413621549481698,0.0,0.0,False
2015-10-27,-0.0038421967975126644,-0.0038421967975126644,-0.0030465402991508303,-0.0007956564983618341,-0.0007956564983618341,0.0,0.0,False
2015-10-28,0.010731868870957053,0.010731868870957053,0.003013082070806853,0.0077187868001502005,0.0077187868001502005,0.0,0.0,False
2015-10-29,-0.006367935931254325,-0.006367935931254325,-0.005740631310675042,-0.0006273046205792837,-0.0006273046205792837,0.0,0.0,False
2015-10-30,-0.0014850786883836631,-0.0014850786883836631,-0.00062864652353535,-0.0008564321648483131,-0.0008564321648483131,0.0,0.0,False
2015-11-02,0.007337761108415501,0.007173307598897584,0.006542746194813515,0.0006305614040840691,0.0007950149136019867,0.164453509517918,0.00016445350951791802,True
2015-11-03,0.0013587826877283333,0.0013587826877283333,0.0015141739103180776,-0.00015539122258974433,-0.00015539122258974433,0.0,0.0,False
2015-11-04,-0.0011809533382214521,-0.0011809533382214521,-0.002908621395646554,0.0017276680574251017,0.0017276680574251017,0.0,0.0,False
2015-11-05,-8.225628220024625e-05,-8.225628220024625e-05,-0.0005818495100611688,0.0004995932278609226,0.0004995932278609226,0.0,0.0,False
2015-11-06,-0.0009112756583424526,-0.0009112756583424526,-0.004932569562917068,0.004021293904574615,0.004021293904574615,0.0,0.0,False
2015-11-09,-0.006434475893803433,-0.006434475893803433,-0.008363889134200332,0.0019294132403969,0.0019294132403969,0.0,0.0,False
2015-11-10,0.0024325983263956616,0.0024325983263956616,0.0012184732534640274,0.0012141250729316342,0.0012141250729316342,0.0,0.0,False
2015-11-11,-0.003846004699552136,-0.003846004699552136,-0.0008831083148784012,-0.0029628963846737347,-0.0029628963846737347,0.0,0.0,False
2015-11-12,-0.008714703007658298,-0.008714703007658298,-0.007813578198915884,-0.0009011248087424147,-0.0009011248087424147,0.0,0.0,False
2015-11-13,-0.0024826574273951975,-0.0024826574273951975,-0.004866324937603381,0.0023836675102081838,0.0023836675102081838,0.0,0.0,False
2015-11-16,0.005800873829790354,0.005800873829790354,0.009005185456382816,-0.0032043116265924616,-0.0032043116265924616,0.0,0.0,False
2015-11-17,-0.0013717977884115844,-0.0013717977884115844,-0.00012201190397067685,-0.0012497858844409074,-0.0012497858844409074,0.0,0.0,False
2015-11-18,0.008171735554195335,0.008171735554195335,0.008102265754291245,6.946979990408997e-05,6.946979990408997e-05,0.0,0.0,False
2015-11-19,-0.00039805978542587026,-0.00039805978542587026,0.0023843802370106157,-0.002782440022436486,-0.002782440022436486,0.0,0.0,False
2015-11-20,0.002319143389717885,0.002319143389717885,0.0016460958924997926,0.0006730474972180926,0.0006730474972180926,0.0,0.0,False
2015-11-23,0.0020455664500075503,0.0020455664500075503,-0.0015097726432314628,0.003555339093239013,0.003555339093239013,0.0,0.0,False
2015-11-24,0.003131565896403588,0.003131565896403588,0.0015549617442425841,0.0015766041521610037,0.0015766041521610037,0.0,0.0,False
2015-11-25,0.003025164740382388,0.003025164740382388,0.00029373334359161644,0.0027314313967907716,0.0027314313967907716,0.0,0.0,False
2015-11-27,0.0019100610943414067,0.0019100610943414067,-0.0014051340032270735,0.00331519509756848,0.00331519509756848,0.0,0.0,False
2015-11-30,-0.001983546530959416,-0.001983546530959416,-0.0011259907081871826,-0.0008575558227722332,-0.0008575558227722332,0.0,0.0,False
2015-12-01,0.00790948933098911,0.007559525139536763,0.008406889211592295,-0.0008473640720555314,-0.0004973998806031849,0.34996419145234653,0.0003499641914523465,True
2015-12-02,-0.006513560357582455,-0.006513560357582455,-0.007296314649344754,0.0007827542917622993,0.0007827542917622993,0.0,0.0,False
2015-12-03,-0.01128773521252907,-0.01128773521252907,-0.011786097987117945,0.0004983627745888744,0.0004983627745888744,0.0,0.0,False
2015-12-04,0.010127380345295717,0.010127380345295717,0.010230366314291325,-0.0001029859689956076,-0.0001029859689956076,0.0,0.0,False
2015-12-07,-0.0017148676706261823,-0.0017148676706261823,-0.0038010165623538553,0.002086148891727673,0.002086148891727673,0.0,0.0,False
2015-12-08,-0.00455314894865325,-0.00455314894865325,-0.005652649263261403,0.0010995003146081535,0.0010995003146081535,0.0,0.0,False
2015-12-09,-0.002897837379231668,-0.002897837379231668,-0.004151343961847382,0.001253506582615714,0.001253506582615714,0.0,0.0,False
2015-12-10,-0.00019633017785171392,-0.00019633017785171392,-0.00042445563172385553,0.00022812545387214161,0.00022812545387214161,0.0,0.0,False
2015-12-11,-0.0064865151696936706,-0.0064865151696936706,-0.009768776722772727,0.0032822615530790564,0.0032822615530790564,0.0,0.0,False
2015-12-14,-0.0018008515196651124,-0.0018008515196651124,-0.0004068467531753878,-0.0013940047664897245,-0.0013940047664897245,0.0,0.0,False
2015-12-15,0.0034735842444660525,0.0034735842444660525,0.005228696726192279,-0.0017551124817262263,-0.0017551124817262263,0.0,0.0,False
2015-12-16,0.007100877107501828,0.007100877107501828,0.009358001319437816,-0.002257124211935988,-0.002257124211935988,0.0,0.0,False
2015-12-17,-0.0056169080115053465,-0.0056169080115053465,-0.0067206117454354,0.0011037037339300532,0.0011037037339300532,0.0,0.0,False
2015-12-18,-0.006484428845606826,-0.006484428845606826,-0.006952009998768476,0.00046758115316164993,0.00046758115316164993,0.0,0.0,False
2015-12-21,0.003792947725188071,0.003792947725188071,0.0044486570467710315,-0.0006557093215829603,-0.0006557093215829603,0.0,0.0,False
2015-12-22,0.003049004267043563,0.003049004267043563,0.003902857733429081,-0.0008538534663855178,-0.0008538534663855178,0.0,0.0,False
2015-12-23,0.006110720837997141,0.006110720837997141,0.007479326568590412,-0.001368605730593271,-0.001368605730593271,0.0,0.0,False
2015-12-24,0.0003029633638615552,0.0003029633638615552,0.00012916711468712933,0.00017379624917442587,0.00017379624917442587,0.0,0.0,False
2015-12-28,-0.0012659917321777544,-0.0012659917321777544,-0.0019511556682941448,0.0006851639361163905,0.0006851639361163905,0.0,0.0,False
2015-12-29,0.0025697822471950947,0.0025697822471950947,0.0026105708565437175,-4.078860934862271e-05,-4.078860934862271e-05,0.0,0.0,False
2015-12-30,-0.003261547753816839,-0.003261547753816839,-0.005048975946964562,0.0017874281931477233,0.0017874281931477233,0.0,0.0,False
2015-12-31,-0.004866604855548782,-0.004866604855548782,-0.0052411658982035175,0.00037456104265473546,0.00037456104265473546,0.0,0.0,False
2016-01-04,-0.005779467633270434,-0.005782678343186473,-0.009251448593565541,0.0034687702503790685,0.003471980960295107,0.0032107099160381524,3.210709916038153e-06,True
2016-01-05,0.0003353556051915704,0.0003353556051915704,0.0004173055091517974,-8.194990396022704e-05,-8.194990396022704e-05,0.0,0.0,False
2016-01-06,-0.004096369157988801,-0.004096369157988801,-0.006350235844167792,0.0022538666861789914,0.0022538666861789914,0.0,0.0,False
2016-01-07,-0.010421683171166096,-0.010421683171166096,-0.013836279214302827,0.003414596043136731,0.003414596043136731,0.0,0.0,False
2016-01-08,-0.004443169433180548,-0.004443169433180548,-0.005961697885748452,0.001518528452567904,0.001518528452567904,0.0,0.0,False
2016-01-11,-0.0007173519874658366,-0.0007173519874658366,-0.0010919295028571194,0.0003745775153912828,0.0003745775153912828,0.0,0.0,False
2016-01-12,0.005392719891715975,0.005392719891715975,0.005444029188112846,-5.130929639687084e-05,-5.130929639687084e-05,0.0,0.0,False
2016-01-13,-0.008809433794665067,-0.008809433794665067,-0.010296598811218268,0.0014871650165532019,0.0014871650165532019,0.0,0.0,False
2016-01-14,0.005794950767484628,0.005794950767484628,0.006768836325142691,-0.0009738855576580628,-0.0009738855576580628,0.0,0.0,False
2016-01-15,-0.010997467299474466,-0.010997467299474466,-0.014506104599892482,0.0035086373004180153,0.0035086373004180153,0.0,0.0,False
2016-01-19,0.0005648260276710845,0.0005648260276710845,0.0012888930173122616,-0.000724066989641177,-0.000724066989641177,0.0,0.0,False
2016-01-20,-0.005452514276725737,-0.005452514276725737,-0.0069890136708825904,0.0015364993941568532,0.0015364993941568532,0.0,0.0,False
2016-01-21,0.0015101212329312818,0.0015101212329312818,0.0015465910392724591,-3.646980634117733e-05,-3.646980634117733e-05,0.0,0.0,False
2016-01-22,0.010232066421782676,0.010232066421782676,0.013865831371378853,-0.003633764949596177,-0.003633764949596177,0.0,0.0,False
2016-01-25,-0.005932699370080486,-0.005932699370080486,-0.008164764283562208,0.0022320649134817223,0.0022320649134817223,0.0,0.0,False
2016-01-26,0.007787017544085889,0.007787017544085889,0.009439704736579995,-0.0016526871924941065,-0.0016526871924941065,0.0,0.0,False
2016-01-27,-0.004708359623915123,-0.004708359623915123,-0.005336917049314079,0.0006285574253989557,0.0006285574253989557,0.0,0.0,False
2016-01-28,0.002809382061539471,0.002809382061539471,0.003950259298170377,-0.0011408772366309056,-0.0011408772366309056,0.0,0.0,False
2016-01-29,0.013426789096927374,0.013426789096927374,0.016635440508470108,-0.003208651411542734,-0.003208651411542734,0.0,0.0,False
2016-02-01,-0.00157342643947515,-0.001592466947153228,-0.0025397237175315114,0.0009472567703782834,0.0009662972780563614,0.019040507678078137,1.9040507678078136e-05,True
2016-02-02,-0.0070538566858065095,-0.0070538566858065095,-0.010583252438147648,0.0035293957523411384,0.0035293957523411384,0.0,0.0,False
2016-02-03,0.0025436456278925498,0.0025436456278925498,0.004812945998498951,-0.002269300370606401,-0.002269300370606401,0.0,0.0,False
2016-02-04,0.0016425224688513184,0.0016425224688513184,0.0024028559641548486,-0.0007603334953035302,-0.0007603334953035302,0.0,0.0,False
2016-02-05,-0.008480052542092047,-0.008480052542092047,-0.010179835250682627,0.0016997827085905807,0.0016997827085905807,0.0,0.0,False
2016-02-08,-0.003913450435992796,-0.003913450435992796,-0.005459615619963987,0.001546165183971191,0.001546165183971191,0.0,0.0,False
2016-02-09,-0.002116521438742782,-0.002116521438742782,-0.003794257902723212,0.00167773646398043,0.00167773646398043,0.0,0.0,False
2016-02-10,0.0008086258097617408,0.0008086258097617408,0.0012859481369586567,-0.0004773223271969159,-0.0004773223271969159,0.0,0.0,False
2016-02-11,-0.004348506475023444,-0.004348506475023444,-0.006241305112844769,0.0018927986378213255,0.0018927986378213255,0.0,0.0,False
2016-02-12,0.005800195845795423,0.005800195845795423,0.007736154421972694,-0.0019359585761772715,-0.0019359585761772715,0.0,0.0,False
2016-02-16,0.006900312566634463,0.006900312566634463,0.00932791938095937,-0.0024276068143249075,-0.0024276068143249075,0.0,0.0,False
2016-02-17,0.007252979833447783,0.007252979833447783,0.009244590210210717,-0.0019916103767629346,-0.0019916103767629346,0.0,0.0,False
2016-02-18,0.0006681638150139581,0.0006681638150139581,-2.8110885489511387e-05,0.0006962747005034694,0.0006962747005034694,0.0,0.0,False
2016-02-19,-0.00043114790873603607,-0.00043114790873603607,-0.0005814286208816407,0.00015028071214560467,0.00015028071214560467,0.0,0.0,False
2016-02-22,0.006638045120076021,0.006638045120076021,0.009069536497552044,-0.0024314913774760236,-0.0024314913774760236,0.0,0.0,False
2016-02-23,-0.0058165279568546694,-0.0058165279568546694,-0.007878077310200416,0.002061549353345747,0.002061549353345747,0.0,0.0,False
2016-02-24,0.0012231523756203871,0.0012231523756203871,0.0011380126730462662,8.513970257412098e-05,8.513970257412098e-05,0.0,0.0,False
2016-02-25,0.00786506096956345,0.00786506096956345,0.007787469300341859,7.759166922159146e-05,7.759166922159146e-05,0.0,0.0,False
2016-02-26,-0.0029569867981300187,-0.0029569867981300187,-0.003268035112586302,0.00031104831445628346,0.00031104831445628346,0.0,0.0,False
2016-02-29,-0.0029327871973877304,-0.0029327871973877304,-0.0019436666571052618,-0.0009891205402824685,-0.0009891205402824685,0.0,0.0,False
2016-03-01,0.008695804342579135,0.00864984885860389,0.012344250259903728,-0.0036944014012998388,-0.003648445917324593,0.045955483975245945,4.595548397524595e-05,True
2016-03-02,0.002451007221457034,0.002451007221457034,0.00445769360952275,-0.0020066863880657164,-0.0020066863880657164,0.0,0.0,False
2016-03-03,0.0042378846316982405,0.0042378846316982405,0.005476139437514998,-0.0012382548058167573,-0.0012382548058167573,0.0,0.0,False
2016-03-04,0.0012778100515851455,0.0012778100515851455,0.003460606441938974,-0.002182796390353828,-0.002182796390353828,0.0,0.0,False
2016-03-07,-0.0005119937994910985,-0.0005119937994910985,0.00020770400795961465,-0.0007196978074507131,-0.0007196978074507131,0.0,0.0,False
2016-03-08,-0.002618056930633176,-0.002618056930633176,-0.005435387370319656,0.0028173304396864798,0.0028173304396864798,0.0,0.0,False
2016-03-09,0.0007692190853163207,0.0007692190853163207,0.0017417545775635082,-0.0009725354922471875,-0.0009725354922471875,0.0,0.0,False
2016-03-10,-0.0006631181131859544,-0.0006631181131859544,-0.0005314462939169419,-0.00013167181926901253,-0.00013167181926901253,0.0,0.0,False
2016-03-11,0.009654123129331829,0.009654123129331829,0.011542548531421924,-0.0018884254020900947,-0.0018884254020900947,0.0,0.0,False
2016-03-14,-0.00014063835141417757,-0.00014063835141417757,-0.0007661688254928298,0.0006255304740786522,0.0006255304740786522,0.0,0.0,False
2016-03-15,-0.002504852123907238,-0.002504852123907238,-0.004291178077545992,0.001786325953638754,0.001786325953638754,0.0,0.0,False
2016-03-16,0.006061035428448208,0.006061035428448208,0.007420151987253936,-0.0013591165588057287,-0.0013591165588057287,0.0,0.0,False
2016-03-17,0.004359884807616263,0.004359884807616263,0.007072094949270131,-0.002712210141653868,-0.002712210141653868,0.0,0.0,False
2016-03-18,0.0018273635164693237,0.0018273635164693237,0.0027200488718658314,-0.0008926853553965076,-0.0008926853553965076,0.0,0.0,False
2016-03-21,-0.0009874738545075743,-0.0009874738545075743,-0.0007829035779113632,-0.00020457027659621105,-0.00020457027659621105,0.0,0.0,False
2016-03-22,-0.0015006757246604754,-0.0015006757246604754,-0.001429174878958875,-7.15008457016005e-05,-7.15008457016005e-05,0.0,0.0,False
2016-03-23,-0.0018182215277618473,-0.0018182215277618473,-0.004204362937370393,0.0023861414096085455,0.0023861414096085455,0.0,0.0,False
2016-03-24,-0.001856673175599244,-0.001856673175599244,-0.001497277088442167,-0.000359396087157077,-0.000359396087157077,0.0,0.0,False
2016-03-28,0.0019481340316769328,0.0019481340316769328,0.0019370962367768851,1.1037794900047677e-05,1.1037794900047677e-05,0.0,0.0,False
2016-03-29,0.007996267038615987,0.007996267038615987,0.009770351498627601,-0.0017740844600116143,-0.0017740844600116143,0.0,0.0,False
2016-03-30,0.002233348731533734,0.002233348731533734,0.002648931431174864,-0.0004155826996411296,-0.0004155826996411296,0.0,0.0,False
2016-03-31,-0.0009116525312919554,-0.0009116525312919554,-0.0005981664062936103,-0.0003134861249983451,-0.0003134861249983451,0.0,0.0,False
2016-04-01,0.0011651771171215667,0.0011194298246184195,0.0009281267791032275,0.00019130304551519197,0.00023705033801833916,0.045747292503147303,4.57472925031473e-05,True
2016-04-04,-0.001028986582120239,-0.001028986582120239,-0.0026284563174132636,0.0015994697352930247,0.0015994697352930247,0.0,0.0,False
2016-04-05,-0.00454164953508317,-0.00454164953508317,-0.00659478996455015,0.0020531404294669804,0.0020531404294669804,0.0,0.0,False
2016-04-06,0.005293745905260256,0.005293745905260256,0.006463748177071109,-0.0011700022718108523,-0.0011700022718108523,0.0,0.0,False
2016-04-07,-0.004138506369952178,-0.004138506369952178,-0.006337359798839766,0.0021988534288875875,0.0021988534288875875,0.0,0.0,False
2016-04-08,0.0028456765988474977,0.0028456765988474977,0.004507379638210949,-0.0016617030393634514,-0.0016617030393634514,0.0,0.0,False
2016-04-11,-0.0008155189877913233,-0.0008155189877913233,0.00036685167994467507,-0.0011823706677359983,-0.0011823706677359983,0.0,0.0,False
2016-04-12,0.003451821670664294,0.003451821670664294,0.0052999491129781485,-0.0018481274423138546,-0.0018481274423138546,0.0,0.0,False
2016-04-13,0.006688855260705285,0.006688855260705285,0.00909979308206845,-0.0024109378213631643,-0.0024109378213631643,0.0,0.0,False
2016-04-14,-0.0004079897717138434,-0.0004079897717138434,-0.0008519754522005244,0.00044398568048668093,0.00044398568048668093,0.0,0.0,False
2016-04-15,0.0009404921047988814,0.0009404921047988814,0.000522094386416196,0.0004183977183826854,0.0004183977183826854,0.0,0.0,False
2016-04-18,0.003579815068652824,0.003579815068652824,0.00399803112054544,-0.00041821605189261597,-0.00041821605189261597,0.0,0.0,False
2016-04-19,0.003462164421933837,0.003462164421933837,0.004949688569083315,-0.001487524147149478,-0.001487524147149478,0.0,0.0,False
2016-04-20,-0.0016970278665513856,-0.0016970278665513856,-0.0019161479019534475,0.00021912003540206187,0.00021912003540206187,0.0,0.0,False
2016-04-21,-0.0034531628950094677,-0.0034531628950094677,-0.004479429120799937,0.0010262662257904693,0.0010262662257904693,0.0,0.0,False
2016-04-22,-0.00013626612655829904,-0.00013626612655829904,-0.00020535334849976293,6.908722194146389e-05,6.908722194146389e-05,0.0,0.0,False
2016-04-25,-0.002112155566793173,-0.002112155566793173,-0.003056710787249002,0.0009445552204558291,0.0009445552204558291,0.0,0.0,False
2016-04-26,0.00028212803585175373,0.00028212803585175373,0.0018634803936569445,-0.0015813523578051907,-0.0015813523578051907,0.0,0.0,False
2016-04-27,0.0036713755173301034,0.0036713755173301034,0.004017620193090802,-0.000346244675760699,-0.000346244675760699,0.0,0.0,False
2016-04-28,-0.0039632816284092785,-0.0039632816284092785,-0.005423694945867321,0.0014604133174580423,0.0014604133174580423,0.0,0.0,False
2016-04-29,-0.0025032724512523944,-0.0025032724512523944,-0.002940770267733745,0.00043749781648135064,0.00043749781648135064,0.0,0.0,False
2016-05-02,0.002983849486930266,0.0029801581556493572,0.0027014410571219393,0.00027871709852741794,0.00028240842980832657,0.00369133128090869,3.69133128090869e-06,True
2016-05-03,-0.0032172819009268173,-0.0032172819009268173,-0.006681818855028642,0.0034645369541018243,0.0034645369541018243,0.0,0.0,False
2016-05-04,-0.0032841526586163106,-0.0032841526586163106,-0.005002079858297707,0.0017179271996813962,0.0017179271996813962,0.0,0.0,False
2016-05-05,0.0008831766713477281,0.0008831766713477281,0.0005976611883572795,0.0002855154829904486,0.0002855154829904486,0.0,0.0,False
2016-05-06,0.000530889216677626,0.000530889216677626,0.0009280907041012998,-0.0003972014874236738,-0.0003972014874236738,0.0,0.0,False
2016-05-09,0.0005003900839491377,0.0005003900839491377,-0.0007545350928889112,0.0012549251768380488,0.0012549251768380488,0.0,0.0,False
2016-05-10,0.006644779837394451,0.006644779837394451,0.0084146587350568,-0.0017698788976623497,-0.0017698788976623497,0.0,0.0,False
2016-05-11,-0.003867919310211386,-0.003867919310211386,-0.004210261517419996,0.00034234220720860947,0.00034234220720860947,0.0,0.0,False
2016-05-12,-0.0012164505707439736,-0.0012164505707439736,-0.0015855199877595806,0.000369069417015607,0.000369069417015607,0.0,0.0,False
2016-05-13,-0.002955106111054243,-0.002955106111054243,-0.0046669310160469225,0.0017118249049926796,0.0017118249049926796,0.0,0.0,False
2016-05-16,0.0034080936841192444,0.0034080936841192444,0.00481449919617121,-0.0014064055120519658,-0.0014064055120519658,0.0,0.0,False
2016-05-17,-0.00487864982666929,-0.00487864982666929,-0.005370813756639009,0.0004921639299697187,0.0004921639299697187,0.0,0.0,False
2016-05-18,-0.00397538442858404,-0.00397538442858404,-0.0042035821454692425,0.00022819771688520254,0.00022819771688520254,0.0,0.0,False
2016-05-19,-0.001569820512599096,-0.001569820512599096,-0.002620775111135641,0.0010509545985365452,0.0010509545985365452,0.0,0.0,False
2016-05-20,0.0037557159589079255,0.0037557159589079255,0.005183861100375568,-0.0014281451414676423,-0.0014281451414676423,0.0,0.0,False
2016-05-23,-0.0007443582145358212,-0.0007443582145358212,-0.0008986188631061865,0.0001542606485703653,0.0001542606485703653,0.0,0.0,False
2016-05-24,0.005860637248552177,0.005860637248552177,0.007266448087742645,-0.0014058108391904675,-0.0014058108391904675,0.0,0.0,False
2016-05-25,0.004065932149033333,0.004065932149033333,0.005056722705711029,-0.0009907905566776962,-0.0009907905566776962,0.0,0.0,False
2016-05-26,0.0020152810799008714,0.0020152810799008714,0.002386399712079077,-0.00037111863217820576,-0.00037111863217820576,0.0,0.0,False
2016-05-27,0.0005880672350910648,0.0005880672350910648,0.001058039462649323,-0.0004699722275582581,-0.0004699722275582581,0.0,0.0,False
2016-05-31,-0.0007165220105126268,-0.0007165220105126268,-0.0003860371503077247,-0.00033048486020490213,-0.00033048486020490213,0.0,0.0,False
2016-06-01,0.0005791037950256462,0.0005741568035639604,0.001006096345321117,-0.0004319395417571565,-0.0004269925502954707,0.004946991461685783,4.946991461685783e-06,True
2016-06-02,0.002453561381891524,0.002453561381891524,0.00339868393498437,-0.0009451225530928459,-0.0009451225530928459,0.0,0.0,False
2016-06-03,0.004378598746973325,0.004378598746973325,0.005079862070326227,-0.0007012633233529015,-0.0007012633233529015,0.0,0.0,False
2016-06-06,0.001332675916971186,0.001332675916971186,0.002706557042171447,-0.001373881125200261,-0.001373881125200261,0.0,0.0,False
2016-06-07,0.0023731126230651855,0.0023731126230651855,0.0032626498701433895,-0.000889537247078204,-0.000889537247078204,0.0,0.0,False
2016-06-08,0.0023588745893544536,0.0023588745893544536,0.0033896088019957603,-0.0010307342126413066,-0.0010307342126413066,0.0,0.0,False
2016-06-09,-0.001580886087099947,-0.001580886087099947,-0.0029174409759119826,0.0013365548888120357,0.0013365548888120357,0.0,0.0,False
2016-06-10,-0.006254763388136923,-0.006254763388136923,-0.009302165069577895,0.003047401681440972,0.003047401681440972,0.0,0.0,False
2016-06-13,-0.004343675763291999,-0.004343675763291999,-0.005970668282716922,0.001626992519424923,0.001626992519424923,0.0,0.0,False
2016-06-14,-0.00343077109547247,-0.00343077109547247,-0.0038056869630979217,0.0003749158676254515,0.0003749158676254515,0.0,0.0,False
2016-06-15,0.002127413971366737,0.002127413971366737,0.0030252740202528377,-0.0008978600488861008,-0.0008978600488861008,0.0,0.0,False
2016-06-16,0.0019525087977892942,0.0019525087977892942,0.001528267193748567,0.0004242416040407273,0.0004242416040407273,0.0,0.0,False
2016-06-17,-0.0015458603504920623,-0.0015458603504920623,-0.0011104993061542593,-0.00043536104433780295,-0.00043536104433780295,0.0,0.0,False
2016-06-20,0.004110130173596806,0.004110130173596806,0.006204522054773261,-0.002094391881176455,-0.002094391881176455,0.0,0.0,False
2016-06-21,0.001257403378403416,0.001257403378403416,0.0018990603608040567,-0.0006416569824006407,-0.0006416569824006407,0.0,0.0,False
2016-06-22,0.00031687910707054313,0.00031687910707054313,0.00024721915868982465,6.965994838071849e-05,6.965994838071849e-05,0.0,0.0,False
2016-06-23,0.006810944903081055,0.006810944903081055,0.009694706966309762,-0.0028837620632287076,-0.0028837620632287076,0.0,0.0,False
2016-06-24,-0.02006273953356796,-0.02006273953356796,-0.027072507617327535,0.007009768083759575,0.007009768083759575,0.0,0.0,False
2016-06-27,-0.00511166804817612,-0.00511166804817612,-0.007162508455036052,0.002050840406859932,0.002050840406859932,0.0,0.0,False
2016-06-28,0.010583560485358981,0.010583560485358981,0.013554336300290633,-0.002970775814931652,-0.002970775814931652,0.0,0.0,False
2016-06-29,0.006903629876289523,0.006903629876289523,0.009943861830041738,-0.0030402319537522152,-0.0030402319537522152,0.0,0.0,False
2016-06-30,0.008181696333192516,0.008181696333192516,0.00928076675003339,-0.001099070416840875,-0.001099070416840875,0.0,0.0,False
2016-07-01,0.0029957065210100362,0.0028416759893390097,0.0037768114684519354,-0.0009351354791129257,-0.0007811049474418992,0.1540305316710265,0.00015403053167102653,True
2016-07-05,-0.002307619560727186,-0.002307619560727186,-0.005687243416924124,0.0033796238561969384,0.0033796238561969384,0.0,0.0,False
2016-07-06,0.0035045975032320636,0.0035045975032320636,0.002010303614532062,0.0014942938887000014,0.0014942938887000014,0.0,0.0,False
2016-07-07,-0.00033282007384247554,-0.00033282007384247554,-0.0011792353065120731,0.0008464152326695977,0.0008464152326695977,0.0,0.0,False
2016-07-08,0.010213157827284094,0.010213157827284094,0.011613156723554462,-0.0013999988962703682,-0.0013999988962703682,0.0,0.0,False
2016-07-11,0.0007755958529680608,0.0007755958529680608,0.002861203047103059,-0.002085607194134998,-0.002085607194134998,0.0,0.0,False
2016-07-12,0.001701446350801292,0.001701446350801292,0.0034431443562640317,-0.0017416980054627397,-0.0017416980054627397,0.0,0.0,False
2016-07-13,0.0008159140723219963,0.0008159140723219963,0.0010945320692442423,-0.00027861799692224603,-0.00027861799692224603,0.0,0.0,False
2016-07-14,0.000340863679415999,0.000340863679415999,0.002581709896298664,-0.002240846216882665,-0.002240846216882665,0.0,0.0,False
2016-07-15,-0.0019278233397000992,-0.0019278233397000992,-0.002992628948578984,0.0010648056088788846,0.0010648056088788846,0.0,0.0,False
2016-07-18,0.0011224139672748811,0.0011224139672748811,0.002088953107817458,-0.0009665391405425767,-0.0009665391405425767,0.0,0.0,False
2016-07-19,3.9979115986971754e-05,3.9979115986971754e-05,-0.001746208276262538,0.0017861873922495096,0.0017861873922495096,0.0,0.0,False
2016-07-20,0.0017447665978924678,0.0017447665978924678,0.0027440987720148114,-0.0009993321741223436,-0.0009993321741223436,0.0,0.0,False
2016-07-21,-0.0011551380654720683,-0.0011551380654720683,-0.0016124798954205832,0.00045734182994851486,0.00045734182994851486,0.0,0.0,False
2016-07-22,0.002382404746977046,0.002382404746977046,0.002621824383279715,-0.0002394196363026688,-0.0002394196363026688,0.0,0.0,False
2016-07-25,-0.0015546636708075377,-0.0015546636708075377,-0.002389188028686327,0.0008345243578787894,0.0008345243578787894,0.0,0.0,False
2016-07-26,0.0009705866243652002,0.0009705866243652002,0.0018768819827079354,-0.0009062953583427351,-0.0009062953583427351,0.0,0.0,False
2016-07-27,0.00213417633134836,0.00213417633134836,0.0027741036976353293,-0.0006399273662869693,-0.0006399273662869693,0.0,0.0,False
2016-07-28,4.0090212168075214e-05,4.0090212168075214e-05,-4.304964025470781e-05,8.313985242278303e-05,8.313985242278303e-05,0.0,0.0,False
2016-07-29,0.00272537772746719,0.00272537772746719,0.00461157426716206,-0.00188619653969487,-0.00188619653969487,0.0,0.0,False
2016-08-01,-0.0022356783711327995,-0.0022449531094119127,-0.0034645980965138153,0.0012196449871019026,0.0012289197253810159,0.009274738279113313,9.274738279113313e-06,True
2016-08-02,-0.0060351726569099155,-0.0060351726569099155,-0.005931298109294258,-0.00010387454761565714,-0.00010387454761565714,0.0,0.0,False
2016-08-03,0.0026222976471173675,0.0026222976471173675,0.0014276694134919493,0.0011946282336254182,0.0011946282336254182,0.0,0.0,False
2016-08-04,0.001993780509159702,0.001993780509159702,0.0032716151941525927,-0.0012778346849928908,-0.0012778346849928908,0.0,0.0,False
2016-08-05,0.0022497164611246807,0.0022497164611246807,0.0026489069331371174,-0.00039919047201243674,-0.00039919047201243674,0.0,0.0,False
2016-08-08,-0.00036847831002986847,-0.00036847831002986847,0.0009084211001751365,-0.001276899410205005,-0.001276899410205005,0.0,0.0,False
2016-08-09,0.002498014548371412,0.002498014548371412,0.004180658973693069,-0.0016826444253216573,-0.0016826444253216573,0.0,0.0,False
2016-08-10,-0.0006053343964714325,-0.0006053343964714325,0.0005800771721320742,-0.0011854115686035067,-0.0011854115686035067,0.0,0.0,False
2016-08-11,0.00018150759551354518,0.00018150759551354518,0.0021422364081360953,-0.00196072881262255,-0.00196072881262255,0.0,0.0,False
2016-08-12,0.0017651665729396056,0.0017651665729396056,0.0008098230710985924,0.0009553435018410132,0.0009553435018410132,0.0,0.0,False
2016-08-15,0.0010283108035757174,0.0010283108035757174,0.0015192996875296497,-0.0004909888839539323,-0.0004909888839539323,0.0,0.0,False
2016-08-16,-0.003904682154363663,-0.003904682154363663,-0.0033832683744982016,-0.0005214137798654614,-0.0005214137798654614,0.0,0.0,False
2016-08-17,0.0011910639285458787,0.0011910639285458787,0.0007248063021276658,0.00046625762641821285,0.00046625762641821285,0.0,0.0,False
2016-08-18,0.002890414414407375,0.002890414414407375,0.0035672515217855163,-0.0006768371073781411,-0.0006768371073781411,0.0,0.0,False
2016-08-19,-0.0021341353526940637,-0.0021341353526940637,-0.003507945750996994,0.0013738103983029302,0.0013738103983029302,0.0,0.0,False
2016-08-22,0.001618429262413334,0.001618429262413334,0.00024108615940672973,0.0013773431030066042,0.0013773431030066042,0.0,0.0,False
2016-08-23,0.0019134487678439303,0.0019134487678439303,0.0013922144625898314,0.0005212343052540989,0.0005212343052540989,0.0,0.0,False
2016-08-24,-0.003263905441312322,-0.003263905441312322,-0.00231852968308919,-0.0009453757582231319,-0.0009453757582231319,0.0,0.0,False
2016-08-25,-0.0006445200082748205,-0.0006445200082748205,-0.0012913329064000892,0.0006468128981252687,0.0006468128981252687,0.0,0.0,False
2016-08-26,-0.002771887932906807,-0.002771887932906807,-0.003965673018191687,0.00119378508528488,0.00119378508528488,0.0,0.0,False
2016-08-29,0.004809243485382126,0.004809243485382126,0.005302515739643319,-0.0004932722542611923,-0.0004932722542611923,0.0,0.0,False
2016-08-30,-0.0005237908227791509,-0.0005237908227791509,-0.0012819256699464457,0.0007581348471672948,0.0007581348471672948,0.0,0.0,False
2016-08-31,-0.002322251962042261,-0.002322251962042261,-0.002798720621190221,0.00047646865914796003,0.00047646865914796003,0.0,0.0,False
2016-09-01,0.0005159008737399579,0.00031590087467458757,0.0022140725702174623,-0.0018981716955428747,-0.0016981716964775044,0.1999999990653703,0.0001999999990653703,True
2016-09-02,0.004261734718915253,0.004261734718915253,0.004021600367090504,0.00024013435182474938,0.00024013435182474938,0.0,0.0,False
2016-09-06,0.004891822819710748,0.004891822819710748,0.005956090341759788,-0.00106426752204904,-0.00106426752204904,0.0,0.0,False
2016-09-07,0.0010278338521220259,0.0010278338521220259,-9.606043082968714e-05,0.001123894282951713,0.001123894282951713,0.0,0.0,False
2016-09-08,-0.004655872382795762,-0.004655872382795762,-0.004120347688438537,-0.0005355246943572253,-0.0005355246943572253,0.0,0.0,False
2016-09-09,-0.01956584017449863,-0.01956584017449863,-0.01802603132840532,-0.0015398088460933067,-0.0015398088460933067,0.0,0.0,False
2016-09-12,0.008258265866628168,0.008258265866628168,0.007116101342040186,0.0011421645245879818,0.0011421645245879818,0.0,0.0,False
2016-09-13,-0.012112903077559242,-0.012112903077559242,-0.012666242639525687,0.0005533395619664455,0.0005533395619664455,0.0,0.0,False
2016-09-14,0.0009894490481106165,0.0009894490481106165,0.0006195763574448917,0.00036987269066572485,0.00036987269066572485,0.0,0.0,False
2016-09-15,0.005119238783918272,0.005119238783918272,0.006548888034989271,-0.001429649251070999,-0.001429649251070999,0.0,0.0,False
2016-09-16,-0.0014475048773646808,-0.0014475048773646808,-0.003089113317004747,0.0016416084396400665,0.0016416084396400665,0.0,0.0,False
2016-09-19,0.0018566545723291122,0.0018566545723291122,0.0014194900967925393,0.0004371644755365729,0.0004371644755365729,0.0,0.0,False
2016-09-20,-0.0002488548682986663,-0.0002488548682986663,0.0014395036998656467,-0.001688358568164313,-0.001688358568164313,0.0,0.0,False
2016-09-21,0.009870950398390834,0.009870950398390834,0.011053249617038872,-0.0011822992186480384,-0.0011822992186480384,0.0,0.0,False
2016-09-22,0.007429024607413635,0.007429024607413635,0.006462080017243179,0.0009669445901704559,0.0009669445901704559,0.0,0.0,False
2016-09-23,-0.0026707551884898283,-0.0026707551884898283,-0.004664994976617411,0.0019942397881275824,0.0019942397881275824,0.0,0.0,False
2016-09-26,-0.0035170165846832293,-0.0035170165846832293,-0.00471633793241337,0.0011993213477301404,0.0011993213477301404,0.0,0.0,False
2016-09-27,0.0015766122146107164,0.0015766122146107164,0.0052903084701708975,-0.0037136962555601814,-0.0037136962555601814,0.0,0.0,False
2016-09-28,0.0034158974617615424,0.0034158974617615424,0.003764872430120616,-0.00034897496835907364,-0.00034897496835907364,0.0,0.0,False
2016-09-29,-0.006788791272021904,-0.006788791272021904,-0.006921940221994671,0.00013314894997276672,0.00013314894997276672,0.0,0.0,False
2016-09-30,0.00261134565228238,0.00261134565228238,0.0032004084302610153,-0.0005890627779786351,-0.0005890627779786351,0.0,0.0,False
2016-10-03,-0.004336647567241271,-0.004584985344547978,-0.001645053775964089,-0.0029399315685838885,-0.002691593791277182,0.24833777730670664,0.00024833777730670664,True
2016-10-04,-0.00608698792484074,-0.00608698792484074,-0.00511836146463396,-0.00096862646020678,-0.00096862646020678,0.0,0.0,False
2016-10-05,-0.00013020065483155153,-0.00013020065483155153,0.0028498423749867352,-0.0029800430298182867,-0.0029800430298182867,0.0,0.0,False
2016-10-06,-0.00012561576009801603,-0.00012561576009801603,-0.0012533830702818876,0.0011277673101838716,0.0011277673101838716,0.0,0.0,False
2016-10-07,-0.0017137452880592865,-0.0017137452880592865,-0.001977022355918568,0.0002632770678592817,0.0002632770678592817,0.0,0.0,False
2016-10-10,0.003936345205298683,0.003936345205298683,0.002884922430884289,0.0010514227744143944,0.0010514227744143944,0.0,0.0,False
2016-10-11,-0.009352082936567316,-0.009352082936567316,-0.009824443768643457,0.0004723608320761404,0.0004723608320761404,0.0,0.0,False
2016-10-12,0.0019538095003784448,0.0019538095003784448,7.520539236990472e-05,0.0018786041080085401,0.0018786041080085401,0.0,0.0,False
2016-10-13,-0.0005752166665838219,-0.0005752166665838219,-0.00188289710199369,0.0013076804354098682,0.0013076804354098682,0.0,0.0,False
2016-10-14,-0.0031976801800107577,-0.0031976801800107577,-0.0016425671271006748,-0.001555113052910083,-0.001555113052910083,0.0,0.0,False
2016-10-17,0.00029220328888396357,0.00029220328888396357,-0.0004038010853226248,0.0006960043742065883,0.0006960043742065883,0.0,0.0,False
2016-10-18,0.004698093120543837,0.004698093120543837,0.0063338258419576516,-0.001635732721413815,-0.001635732721413815,0.0,0.0,False
2016-10-19,0.0022748750094109147,0.0022748750094109147,0.002368378484672194,-9.35034752612791e-05,-9.35034752612791e-05,0.0,0.0,False
2016-10-20,-0.001381211358185925,-0.001381211358185925,-0.0009508025917725025,-0.0004304087664134225,-0.0004304087664134225,0.0,0.0,False
2016-10-21,4.248920643989055e-06,4.248920643989055e-06,0.00013241767734967048,-0.00012816875670568142,-0.00012816875670568142,0.0,0.0,False
2016-10-24,0.0014327109198615498,0.0014327109198615498,0.001077817145753857,0.0003548937741076929,0.0003548937741076929,0.0,0.0,False
2016-10-25,-0.0025975645050441793,-0.0025975645050441793,-0.0013902630322365943,-0.001207301472807585,-0.001207301472807585,0.0,0.0,False
2016-10-26,-0.005261081590743829,-0.005261081590743829,-0.0042315314170672256,-0.0010295501736766032,-0.0010295501736766032,0.0,0.0,False
2016-10-27,-0.007304823887219501,-0.007304823887219501,-0.004312978273961453,-0.0029918456132580484,-0.0029918456132580484,0.0,0.0,False
2016-10-28,-0.0017510694148302492,-0.0017510694148302492,-0.0017315266720811678,-1.954274274908142e-05,-1.954274274908142e-05,0.0,0.0,False
2016-10-31,0.002779124481856861,0.002779124481856861,0.0014565403001666234,0.0013225841816902374,0.0013225841816902374,0.0,0.0,False
2016-11-01,-0.0055105126131113,-0.006010172883965206,-0.004419521513260705,-0.0015906513707045012,-0.0010909910998505952,0.4996602708539062,0.0004996602708539061,True
2016-11-02,-0.003541515105464326,-0.003541515105464326,-0.003591495710940574,4.998060547624795e-05,4.998060547624795e-05,0.0,0.0,False
2016-11-03,-0.005375875692300441,-0.005375875692300441,-0.0028503128520102564,-0.002525562840290185,-0.002525562840290185,0.0,0.0,False
2016-11-04,0.005646573930195361,0.005646573930195361,-0.0009327565038478766,0.0065793304340432375,0.0065793304340432375,0.0,0.0,False
2016-11-07,0.008578733138424628,0.008578733138424628,0.011987281306512217,-0.00340854816808759,-0.00340854816808759,0.0,0.0,False
2016-11-08,-0.00015042189762422503,-0.00015042189762422503,0.0012990929254277073,-0.0014495148230519324,-0.0014495148230519324,0.0,0.0,False
2016-11-09,-0.004625080967099282,-0.004625080967099282,-0.005745009663789595,0.0011199286966903131,0.0011199286966903131,0.0,0.0,False
2016-11-10,0.0010753695911968346,0.0010753695911968346,-0.0036244015219746833,0.0046997711131715175,0.0046997711131715175,0.0,0.0,False
2016-11-11,0.00552587349611371,0.00552587349611371,-0.0035367174843559356,0.009062590980469645,0.009062590980469645,0.0,0.0,False
2016-11-14,0.0026329364064985516,0.0026329364064985516,-0.002677929209654381,0.005310865616152932,0.005310865616152932,0.0,0.0,False
2016-11-15,0.004425760864119954,0.004425760864119954,0.005819061161737124,-0.0013933002976171697,-0.0013933002976171697,0.0,0.0,False
2016-11-16,0.002799506948542577,0.002799506948542577,-0.002124886122278938,0.004924393070821515,0.004924393070821515,0.0,0.0,False
2016-11-17,-0.002706896110700035,-0.002706896110700035,0.0006804220330902699,-0.0033873181437903046,-0.0033873181437903046,0.0,0.0,False
2016-11-18,-9.759748616769079e-05,-9.759748616769079e-05,-0.004291396681022445,0.0041937991948547545,0.0041937991948547545,0.0,0.0,False
2016-11-21,0.0038945875006783613,0.0038945875006783613,0.005248171862138343,-0.0013535843614599814,-0.0013535843614599814,0.0,0.0,False
2016-11-22,0.004028861948819788,0.004028861948819788,0.0034741668166399504,0.0005546951321798378,0.0005546951321798378,0.0,0.0,False
2016-11-23,0.0007065840343074927,0.0007065840343074927,-0.0024411220268210046,0.0031477060611284973,0.0031477060611284973,0.0,0.0,False
2016-11-25,0.002331916355330527,0.002331916355330527,0.0021762449079274857,0.00015567144740304129,0.00015567144740304129,0.0,0.0,False
2016-11-28,-0.002740664241962761,-0.002740664241962761,-0.0007355365098643391,-0.0020051277320984216,-0.0020051277320984216,0.0,0.0,False
2016-11-29,0.0016417360564580613,0.0016417360564580613,0.0022542628792072343,-0.000612526822749173,-0.000612526822749173,0.0,0.0,False
2016-11-30,-0.007970177421294553,-0.007970177421294553,-0.003626516650449287,-0.004343660770845266,-0.004343660770845266,0.0,0.0,False
2016-12-01,-0.008049361171576161,-0.008548752468301248,-0.005241526010028597,-0.0033072264582726515,-0.0028078351615475642,0.49939129672508664,0.0004993912967250866,True
2016-12-02,0.0033869931235200102,0.0033869931235200102,0.0025580753068118658,0.0008289178167081445,0.0008289178167081445,0.0,0.0,False
2016-12-05,0.0034348573038605057,0.0034348573038605057,0.005153178970056495,-0.001718321666195989,-0.001718321666195989,0.0,0.0,False
2016-12-06,0.0020707997498789635,0.0020707997498789635,0.003083445669750482,-0.0010126459198715183,-0.0010126459198715183,0.0,0.0,False
2016-12-07,0.010749789169393335,0.010749789169393335,0.010073213529948829,0.0006765756394445065,0.0006765756394445065,0.0,0.0,False
2016-12-08,-0.0014650932849193158,-0.0014650932849193158,-8.89656307347088e-05,-0.001376127654184607,-0.001376127654184607,0.0,0.0,False
2016-12-09,-0.005092034598366127,-0.005092034598366127,-0.0001423480398399068,-0.00494968655852622,-0.00494968655852622,0.0,0.0,False
2016-12-12,-0.0019400409707377559,-0.0019400409707377559,-0.002248489908678715,0.00030844893794095907,0.00030844893794095907,0.0,0.0,False
2016-12-13,0.005735973976251525,0.005735973976251525,0.005403046861689254,0.00033292711456227135,0.00033292711456227135,0.0,0.0,False
2016-12-14,-0.016537613502086608,-0.016537613502086608,-0.011493115963827731,-0.005044497538258877,-0.005044497538258877,0.0,0.0,False
2016-12-15,0.001036462685652079,0.001036462685652079,0.001263469230258241,-0.0002270065446061619,-0.0002270065446061619,0.0,0.0,False
2016-12-16,-0.0018419004923293705,-0.0018419004923293705,-0.001016421233290976,-0.0008254792590383945,-0.0008254792590383945,0.0,0.0,False
2016-12-19,0.0015913007112448815,0.0015913007112448815,0.002238566671247728,-0.0006472659600028465,-0.0006472659600028465,0.0,0.0,False
2016-12-20,-3.41320129616498e-05,-3.41320129616498e-05,0.001727372864301463,-0.001761504877263113,-0.001761504877263113,0.0,0.0,False
2016-12-21,-0.000305373473038125,-0.000305373473038125,-0.0005494621512135813,0.00024408867817545627,0.00024408867817545627,0.0,0.0,False
2016-12-22,-0.004889140173497195,-0.004889140173497195,-0.00263366561209567,-0.002255474561401525,-0.002255474561401525,0.0,0.0,False
2016-12-23,0.00324399130210158,0.00324399130210158,0.0022022215268538573,0.001041769775247723,0.001041769775247723,0.0,0.0,False
2016-12-27,0.0014478540158059956,0.0014478540158059956,0.0005190066927718647,0.0009288473230341308,0.0009288473230341308,0.0,0.0,False
2016-12-28,0.0036659717016563577,0.0036659717016563577,-0.0012886054308269817,0.004954577132483339,0.004954577132483339,0.0,0.0,False
2016-12-29,0.008317683852815921,0.008317683852815921,0.0033100684466576148,0.005007615406158307,0.005007615406158307,0.0,0.0,False
2016-12-30,-0.0030146794371295562,-0.0030146794371295562,-0.0005939551179861788,-0.0024207243191433775,-0.0024207243191433775,0.0,0.0,False
