,SPY,IWM,EFA,EEM,IEF,TLT,LQD,HYG,GLD,VNQ
2011-01-03,0.15000000001051206,0.3499999999886216,0.0,0.0,0.34999999999740156,0.0,0.14999999999893884,2.5564518620102223e-13,4.270161063248274e-12,0.0
2011-01-04,0.15047727559553342,0.35356162780930006,0.0,0.0,0.3464468366435107,0.0,0.14951425994718368,2.5403123941690694e-13,4.2179088251863554e-12,0.0
2011-01-05,0.15104640490080445,0.3498306587052119,0.0,0.0,0.34876721440086356,0.0,0.1503557219887272,2.5629033193843894e-13,4.136431303036346e-12,0.0
2011-01-06,0.15182718404177534,0.35392470693186495,0.0,0.0,0.34500012488489884,0.0,0.14924798413707924,2.569324351535244e-13,4.124648881933312e-12,0.0
2011-01-07,0.15152100344983804,0.35225359967817255,0.0,0.0,0.3467654442587613,0.0,0.14945995260886297,2.57227987969037e-13,4.107834656826825e-12,0.0
2011-01-10,0.1511087604933114,0.3499802793432859,0.0,0.0,0.3488066158269691,0.0,0.15010434433208042,2.560453376713719e-13,4.097045415021788e-12,0.0
2011-01-11,0.15042711787585236,0.3508397178263779,0.0,0.0,0.34885646665277903,0.0,0.14987669764063535,2.5501452671382884e-13,4.100212004815453e-12,0.0
2011-01-12,0.15088247548444425,0.35208005423530575,0.0,0.0,0.34730673675687507,0.0,0.1497307335189968,2.558668087580202e-13,4.122238960593279e-12,0.0
2011-01-13,0.15174557707668151,0.35393687234245164,0.0,0.0,0.3451728121745694,0.0,0.14914473840191628,2.555612335234479e-13,4.125491108006779e-12,0.0
2011-01-14,0.15110670320617617,0.35289080719686583,0.0,0.0,0.34660118313196403,0.0,0.14940130646066704,2.548457867118432e-13,4.072011021032423e-12,0.0
2011-01-18,0.1518860891027452,0.3548027359477735,0.0,0.0,0.34492777235650485,0.0,0.14838340258869928,2.5473603282661136e-13,4.022347375763678e-12,0.0
2011-01-19,0.1522060605367931,0.3552105453671343,0.0,0.0,0.3442219488334412,0.0,0.14836144525833012,2.548109823328912e-13,4.046413673823757e-12,0.0
2011-01-20,0.15221169213664532,0.3495279507720297,0.0,0.0,0.3485341860094425,0.0,0.14972617107753033,2.565551711010795e-13,4.095517307120275e-12,0.0
2011-01-21,0.1531134777774509,0.3483893854940254,0.0,0.0,0.34833547539449444,0.0,0.1501616613297237,2.579066732076494e-13,4.047509339057916e-12,0.0
2011-01-24,0.1535528843898519,0.346267187775211,0.0,0.0,0.34970553940381616,0.0,0.15047438842681704,2.5911308593949097e-13,4.044707328637613e-12,0.0
2011-01-25,0.15388185148745281,0.34759476979588644,0.0,0.0,0.3485103294737207,0.0,0.15001304923867143,2.5856792930502827e-13,4.009843860957611e-12,0.0
2011-01-26,0.15348661771185731,0.3470488972468081,0.0,0.0,0.34917363162427045,0.0,0.15029085341281628,2.5815899403203487e-13,3.989405085202135e-12,0.0
2011-01-27,0.15359518639371147,0.35146371808964666,0.0,0.0,0.34596180810891347,0.0,0.148979287403461,2.578794948061343e-13,4.009235390928384e-12,0.0
2011-01-28,0.1535222975511161,0.3514504703002767,0.0,0.0,0.3462387863346731,0.0,0.14878844580977735,2.5745899937270985e-13,3.899021929601063e-12,0.0
2011-01-31,0.15228704013245398,0.3461441153967728,0.0,0.0,0.3511606671780643,0.0,0.15040817728844152,2.5836988850859295e-13,4.008701354135315e-12,0.0
2011-02-01,0.15000000033481786,0.3499999999793923,0.0,1.008420363657085e-10,0.0,0.0,0.0499999996490252,0.34999999983138647,0.1000000000742498,3.0286377534657174e-11
2011-02-02,0.15062090877698098,0.35389891731293693,0.0,1.0207888953161954e-10,0.0,0.0,0.049350457909104146,0.3465901988426948,0.09953951702619837,3.000584695462039e-11
2011-02-03,0.15057416692848907,0.35313344587549056,0.0,1.0148005976048738e-10,0.0,0.0,0.04933348526746069,0.3475264156219786,0.09943248617504696,3.0054004006640496e-11
2011-02-04,0.1504883394111388,0.353390636248852,0.0,1.0106691070268681e-10,0.0,0.0,0.04907726508758106,0.34655813270659314,0.1004856264147142,3.005394613320533e-11
2011-02-07,0.1506128548316104,0.35330433092734026,0.0,1.0084342027938414e-10,0.0,0.0,0.04882883848491655,0.3473786137105097,0.09987536191500491,2.977473453237258e-11
2011-02-08,0.15077815524804422,0.35497120542384514,0.0,1.004563117745026e-10,0.0,0.0,0.04863310840734135,0.3462386981733813,0.09937883261701858,2.991297291983782e-11
2011-02-09,0.15078583791880354,0.3558799346212224,0.0,1.0004970193953431e-10,0.0,0.0,0.0482393651534909,0.34506383650179306,0.10003102567473192,2.990834820351515e-11
2011-02-10,0.15098929409544942,0.3555851349729049,0.0,9.810534653512962e-11,0.0,0.0,0.04872672425384667,0.34435844607397387,0.10034040047568232,3.00373770338395e-11
2011-02-11,0.1508300989943932,0.356481018058365,0.0,9.703924055276453e-11,0.0,0.0,0.048417114169652054,0.34424072348436857,0.10003104516606307,3.0118695528234493e-11
2011-02-14,0.15090126620371344,0.35837554129106625,0.0,9.768629039365638e-11,0.0,0.0,0.04841798387349021,0.34321778746416326,0.09908742103973053,3.014985065547265e-11
2011-02-15,0.1508173909500704,0.3591460404664801,0.0,9.690696660074002e-11,0.0,0.0,0.04830644048507307,0.34246486563677014,0.09926526233463324,3.0065972213783835e-11
2011-02-16,0.15069248261825474,0.35793070290053763,0.0,9.732499065779808e-11,0.0,0.0,0.04852679510116422,0.34259046100041857,0.100259558252277,3.0022660007396256e-11
2011-02-17,0.1510427186858437,0.35937965355505275,0.0,9.774873060756561e-11,0.0,0.0,0.04827606839264543,0.34134277986665146,0.09995877937208761,2.9970235552752757e-11
2011-02-18,0.15080892725170808,0.3602640669188487,0.0,9.764605753359561e-11,0.0,0.0,0.048146911175278806,0.34057587925645405,0.1002042152701989,2.986533458674985e-11
2011-02-22,0.1508089378804473,0.35990275345417605,0.0,9.803560029014315e-11,0.0,0.0,0.048117916881924586,0.34090071572194924,0.10026967593354681,2.992035874243392e-11
2011-02-23,0.14992420993544295,0.3557448595383014,0.0,9.627805058063518e-11,0.0,0.0,0.04895080169890282,0.34299605400926403,0.1023840746917203,3.0090437404353216e-11
2011-02-24,0.1498812890443701,0.3516726571799957,0.0,9.693190403564957e-11,0.0,0.0,0.04918026840044447,0.34535639123204903,0.1039093940161957,3.0013028409330454e-11
2011-02-25,0.14952641320111815,0.353324913539246,0.0,9.700613679796454e-11,0.0,0.0,0.049151955813351994,0.34503904239074085,0.10295767492880259,2.9734200955361346e-11
2011-02-28,0.1493711215972442,0.35731069941985055,0.0,9.703127005553135e-11,0.0,0.0,0.04880997404175377,0.34207452926701787,0.1024336755471386,2.996362516688275e-11
2011-03-01,0.34999999998573694,3.5812932937021864e-11,2.5831270312595544e-12,0.14999999999721172,7.610135468737018e-12,0.0,0.05000000025976316,0.3499999999970258,8.755798945401005e-13,0.09999999971338054
2011-03-02,0.3479517429722202,3.5480876230345494e-11,2.5750625988681734e-12,0.1500941576470859,7.702642305905e-12,0.0,0.050551182954163484,0.353308831547137,9.004552037832324e-13,0.09809408483273438
2011-03-03,0.3480205343036959,3.556149978026563e-11,2.5836261123496936e-12,0.15185273008449818,7.647328399325339e-12,0.0,0.0501842835179433,0.3529317683309462,8.980050269403391e-13,0.09701068371622606
2011-03-04,0.3500052215217361,3.5957782662905946e-11,2.587019755081548e-12,0.15310672502738032,7.509365275685508e-12,0.0,0.0494049547758414,0.35018790497916763,8.762220266307759e-13,0.09729519364894425
2011-03-07,0.3487520002480272,3.594253222097931e-11,2.573677974670865e-12,0.15387421836778403,7.592960315661207e-12,0.0,0.049788421995897524,0.3508436963539324,8.877020617712211e-13,0.09674166298736203
2011-03-08,0.34798166487297927,3.5555006556877663e-11,2.563371923641833e-12,0.15257151309744282,7.617211016707687e-12,0.0,0.04994653458204466,0.3529152454533695,8.951203353121737e-13,0.0965850419475331
2011-03-09,0.34890449319525324,3.591534727574601e-11,2.555860229501803e-12,0.15368255412251383,7.553178341790102e-12,0.0,0.04958018891961066,0.35047684545397445,8.874170304081816e-13,0.09735591826173613
2011-03-10,0.3487666449544869,3.580870461827836e-11,2.559357819004702e-12,0.15413783834756103,7.605232575614964e-12,0.0,0.04988970783006583,0.34984913160000825,8.88658131608468e-13,0.09735667722101612
2011-03-11,0.34722098848935523,3.538848529996922e-11,2.5316368970679393e-12,0.15171920785272702,7.779901658896799e-12,0.0,0.05081064845799501,0.35300785125633566,8.907972513412575e-13,0.09724130389699635
2011-03-14,0.34794502350931206,3.531079698893885e-11,2.519464915404642e-12,0.15254738982328422,7.72431427492296e-12,0.0,0.050519892644350736,0.3512337128183848,8.894099573554725e-13,0.09775398115822435
2011-03-15,0.34707828066528984,3.5246774231166175e-11,2.4832902051025813e-12,0.1539898168347127,7.76929934682169e-12,0.0,0.050756126286417104,0.3510566527165488,8.967168687826216e-13,0.09711912345063566
2011-03-16,0.34617152668539847,3.52455402349207e-11,2.4530595409076462e-12,0.15278370091084773,7.867259482892267e-12,0.0,0.051205625629925935,0.3523644647578735,8.878649548480633e-13,0.09747468196950089
2011-03-17,0.3441839825770102,3.534729683691804e-11,2.4078953189747736e-12,0.15161039381801464,8.037452523012496e-12,0.0,0.0521818711072231,0.35473690068160457,8.99220102895074e-13,0.09728685176945584
2011-03-18,0.34495547722148034,3.503972374372358e-11,2.461031871119302e-12,0.1518146804643197,7.925929095026595e-12,0.0,0.051582650138926184,0.3546786347933789,8.942290531385803e-13,0.09696855733557415
2011-03-21,0.34475696194959654,3.535538900984499e-11,2.484589843481917e-12,0.15144533204285018,7.887649277440507e-12,0.0,0.051399029068925316,0.35486381909869524,8.995774245948557e-13,0.09753485779330563
2011-03-22,0.3461778310136623,3.576885938749523e-11,2.517412157589047e-12,0.15262915720464554,7.758829300619809e-12,0.0,0.05066064929107079,0.35304326441446865,8.944498084732049e-13,0.09748909802921334
2011-03-23,0.3453489218570841,3.5617995292903803e-11,2.5129074439827116e-12,0.1532577318013196,7.771323323264838e-12,0.0,0.05080824698551128,0.35361634040190965,8.948346363344779e-13,0.09696875890737852
2011-03-24,0.34582233639704024,3.5674991907250006e-11,2.512138029173462e-12,0.15504859240871433,7.74985623710112e-12,0.0,0.05070021910128778,0.35266757276312866,9.017932287953028e-13,0.09576127928299036
2011-03-25,0.34717150214376374,3.571988428427074e-11,2.531355974187271e-12,0.15595611629355738,7.6670099425798e-12,0.0,0.05024964585910466,0.35099574068022854,8.89579091599733e-13,0.09562699497653789
2011-03-28,0.3476469676721886,3.597045022305072e-11,2.4993208116654886e-12,0.15552963201418174,7.633628561220314e-12,0.0,0.05009136938996927,0.35051989378051274,8.883385378766253e-13,0.09621213709615586
2011-03-29,0.34736263426857444,3.5949991263325695e-11,2.5021134923907103e-12,0.15499232066597976,7.648486133042503e-12,0.0,0.05019118994564536,0.3512038396478855,8.851804632793552e-13,0.09625001542492921
2011-03-30,0.3481485675731105,3.6126751905637286e-11,2.5040497071587945e-12,0.1560753958166238,7.592576271153865e-12,0.0,0.04972543154330898,0.34983959577889223,8.791631351406339e-13,0.09621100924096203
2011-03-31,0.348286945239276,3.635721742681975e-11,2.517484557403547e-12,0.15705285980122752,7.569502548017298e-12,0.0,0.04957320028436076,0.34810954835239943,8.763918716676553e-13,0.09697744627541592
2011-04-01,0.34999999999931947,0.14999999998861646,8.967855852686008e-12,0.0,9.428223822171803e-13,0.0,0.04957320027272257,0.34999999999808673,0.1000000000017981,0.0004267997295458205
2011-04-04,0.3509590120468209,0.15043680055026096,9.039561247883318e-12,0.0,9.434394856705768e-13,0.0,0.04973371144247809,0.3490625698037791,0.0993810809175518,0.00042682522912582333
2011-04-05,0.3500792791554616,0.1502728121275891,9.021343033372392e-12,0.0,9.424220364751916e-13,0.0,0.049682544746100614,0.3500347121179152,0.09950553850200086,0.00042511334096844415
2011-04-06,0.34933420571124635,0.15078974401947173,8.98125734499387e-12,0.0,9.35812925700829e-13,0.0,0.04961167019220027,0.3489615391260538,0.10087813352651877,0.0004247074145915275
2011-04-07,0.3496407601610149,0.1507833518913854,9.034847839220284e-12,0.0,9.296616790007033e-13,0.0,0.049339585454624,0.3489291860369648,0.10088315550590418,0.00042396094014170583
2011-04-08,0.3492522293845272,0.1500979257868634,9.003382493672113e-12,0.0,9.310977128085487e-13,0.0,0.0493374255732739,0.34977226672016076,0.10112029119672322,0.00041986132851652155
2011-04-11,0.34874236626046345,0.1488205583967006,9.095581340010852e-12,0.0,9.302287461445508e-13,0.0,0.04940854297844015,0.3504709579954881,0.10213992287917008,0.0004176514797113341
2011-04-12,0.34889329285636794,0.1480009035050879,9.109125985364416e-12,0.0,9.346587823283126e-13,0.0,0.04958376786495549,0.3513376611352762,0.10176498931146444,0.00041938531680376897
2011-04-13,0.3484513194174081,0.14697622452597037,9.080668338883843e-12,0.0,9.458105056508101e-13,0.0,0.050069393404489966,0.3524197719346369,0.10166201535603514,0.00042127535143259297
2011-04-14,0.34767474989051356,0.14685618008463308,9.088036485503881e-12,0.0,9.474411219266986e-13,0.0,0.05004917960332933,0.35334930268387055,0.10165087755258294,0.0004197101750347277
2011-04-15,0.3476705475901416,0.14742064040692746,9.121368178004146e-12,0.0,9.435541605162532e-13,0.0,0.04988617375108449,0.3516576292056927,0.10293955772895588,0.00042545130713259033
2011-04-18,0.34739151812684127,0.1483299040849867,9.067522737311493e-12,0.0,9.462584435950567e-13,0.0,0.049926273116748666,0.35055659203309086,0.10336669164643573,0.0004290209818826308
2011-04-19,0.34587551698358815,0.1468885569045647,8.943044416397337e-12,0.0,9.551549172473772e-13,0.0,0.05034113753495893,0.3517529907155371,0.10471368964601911,0.0004281082054334512
2011-04-20,0.3466966210532036,0.14643202238092207,8.978763337444794e-12,0.0,9.531736073378357e-13,0.0,0.050278233650256604,0.35180033385870957,0.10436275709329765,0.0004300319536783356
2011-04-21,0.3481167100463246,0.1480208579441894,9.120574634537042e-12,0.0,9.4048116964206e-13,0.0,0.049828028745147926,0.3498186324804007,0.10378479378088777,0.0004309769929883612
2011-04-25,0.3485267194010697,0.148532399685507,9.143827726708022e-12,0.0,9.375044140057205e-13,0.0,0.04967855896666503,0.3492819220646089,0.10354822711639239,0.00043217275567549617
2011-04-26,0.348437895450073,0.14845645016786557,9.151072224658056e-12,0.0,9.41561164217623e-13,0.0,0.04976788150998335,0.3491803061267953,0.10372206746626848,0.000435399268921624
2011-04-27,0.34963180764458685,0.149165250317948,9.17448901091015e-12,0.0,9.40720926276663e-13,0.0,0.04974287600905539,0.3481778583038866,0.10284524243137877,0.0004369652830291825
2011-04-28,0.3500512224832847,0.14926381012136908,9.239715264847692e-12,0.0,9.330576375230277e-13,0.0,0.0494165437665926,0.34655902585642157,0.10427153555736579,0.00043786220479338274
2011-04-29,0.3502763619768987,0.14955455929559633,9.278343239613362e-12,0.0,9.342061436656513e-13,0.0,0.049445441322449754,0.3458475773966707,0.10443349704354508,0.00044256295462664875
2011-05-02,0.3499999999985369,0.14999999999422342,0.0,1.5316740608542593e-12,1.1869441775592289e-11,0.0,0.04999999999107824,0.34999999999993103,0.10000000000282928,0.0
2011-05-03,0.3507379757006438,0.14878801209464304,0.0,1.5375775722180222e-12,1.190914174748173e-11,0.0,0.05029991468216417,0.35109979777384653,0.09907429973525576,0.0
2011-05-04,0.35068245464020836,0.14741294963188295,0.0,1.5086391951913118e-12,1.1981956873882177e-11,0.0,0.05045064950011476,0.3523880089986032,0.09906593721570026,0.0
2011-05-05,0.3503520186005747,0.14634005195824085,0.0,1.4921456142075396e-12,1.2081202388966829e-11,0.0,0.05081317634118231,0.3542907558629291,0.09820399722349989,0.0
2011-05-06,0.34996581279327016,0.1468399883016881,0.0,1.4897232849453467e-12,1.223851787653676e-11,0.0,0.05139690354393484,0.35566036776173415,0.09613692758564467,0.0
2011-05-09,0.34963334279769215,0.146831227550524,0.0,1.5010521674136532e-12,1.2179528130184514e-11,0.0,0.051122303961186215,0.3555701282832882,0.09684299739362898,0.0
2011-05-10,0.3492541089574162,0.14780785167893765,0.0,1.4964233739543721e-12,1.21371855227181e-11,0.0,0.05092026548397688,0.35427370451502554,0.0977440693510102,0.0
2011-05-11,0.3500824977072499,0.1491540544762344,0.0,1.504814254044338e-12,1.2004807482577678e-11,0.0,0.05040369155724697,0.35287032788156675,0.09748942836419251,0.0
2011-05-12,0.3491166829298684,0.14754776476216036,0.0,1.483135397249621e-12,1.214238446365902e-11,0.0,0.050882036214273556,0.35510243830416166,0.09735107777591058,0.0
2011-05-13,0.3496522500765862,0.14837028723787746,0.0,1.4827000192356866e-12,1.207669105735117e-11,0.0,0.050599473751245745,0.3543064295004938,0.09707155942023739,0.0
2011-05-16,0.3492997936612321,0.1472896059526954,0.0,1.4600247997334647e-12,1.2205471301693005e-11,0.0,0.0510929938823568,0.35523147202840716,0.09708613446164294,0.0
2011-05-17,0.3483733733664822,0.14567669731375726,0.0,1.4632589531338396e-12,1.2280320705469915e-11,0.0,0.05143091202912732,0.3572464275214221,0.09727258975546749,0.0
2011-05-18,0.34840674715051184,0.14525213768714437,0.0,1.4683049057501643e-12,1.2319306207873103e-11,0.0,0.05151305391981957,0.35795320728270485,0.09687485394603174,0.0
2011-05-19,0.34934863353948176,0.1465722870885575,0.0,1.4828310410815045e-12,1.2173001088057527e-11,0.0,0.051065926513743615,0.35616464966214273,0.0968485031824185,0.0
2011-05-20,0.3497903078016265,0.14672525915226733,0.0,1.471564157695828e-12,1.2172172967364586e-11,0.0,0.0510963948287449,0.3556142890836869,0.09677374912003055,0.0
2011-05-23,0.3480325035770372,0.14608165367996653,0.0,1.4640750116045559e-12,1.2237418801669243e-11,0.0,0.051209836133716415,0.35639130746040915,0.09828469913516917,0.0
2011-05-24,0.34682681726340975,0.14463561628966168,0.0,1.4453947745434548e-12,1.2354918702161128e-11,0.0,0.05159888723261307,0.3576164576925291,0.0993222215079861,0.0
2011-05-25,0.34688097234212584,0.1440849296908919,0.0,1.4612650188195563e-12,1.2380059686340056e-11,0.0,0.051715093254560855,0.3573873611176024,0.09993164358097777,0.0
2011-05-26,0.34704433176637145,0.14548333993036788,0.0,1.4602245797164066e-12,1.2346001987283407e-11,0.0,0.05146538512440746,0.3563672442313622,0.09963969893368486,0.0
2011-05-27,0.3475358441589428,0.14693125532735818,0.0,1.4743071132964604e-12,1.2374790400769256e-11,0.0,0.051523991816991875,0.3549263639464796,0.09908254473637856,0.0
2011-05-31,0.34731686948631335,0.1472813680827587,0.0,1.483282281058305e-12,1.2318476516300817e-11,0.0,0.05135017390047285,0.3544247527462269,0.09962683577042637,0.0
2011-06-01,0.34999999998759423,0.12081307687623229,0.1791869231287625,3.0623663866268377e-12,0.0,0.0,0.0,0.3499999999989474,1.0236960041257138e-13,5.298901314758435e-12
2011-06-02,0.3484201706063417,0.11907214783818648,0.17815447451794328,3.062684540962749e-12,0.0,0.0,0.0,0.35435320702912027,1.0443718868210413e-13,5.241221619294738e-12
2011-06-03,0.3479579746413211,0.1189971118488692,0.17901853190319023,3.09078239013935e-12,0.0,0.0,0.0,0.35402638159822264,1.0412394653504207e-13,5.201964153502688e-12
2011-06-06,0.34675459212456483,0.1180256580718591,0.18028009353479443,3.0955105806322873e-12,0.0,0.0,0.0,0.3549396562603241,1.0531082845812042e-13,5.256834042526929e-12
2011-06-07,0.34613383441185624,0.11711619490673668,0.1795236467941265,3.0727799901960895e-12,0.0,0.0,0.0,0.35722632387887576,1.0643041059668448e-13,5.225756379709692e-12
2011-06-08,0.3454249718516879,0.11722814530170447,0.180906494493716,3.0924929485386105e-12,0.0,0.0,0.0,0.3564403883444197,1.0623592063501831e-13,5.273270752904572e-12
2011-06-09,0.34632364668717547,0.11671006015452517,0.17979902498523925,3.0912774607452533e-12,0.0,0.0,0.0,0.3571672681645681,1.0652646920444292e-13,5.294283604126331e-12
2011-06-10,0.3471051404440112,0.11670581868169407,0.1806907474682145,3.0989267781525604e-12,0.0,0.0,0.0,0.35549829339766564,1.0648871845213813e-13,5.209233103792544e-12
2011-06-13,0.3468558427262049,0.11637242558609177,0.1788730100544628,3.0722884610481267e-12,0.0,0.0,0.0,0.35789872162491526,1.0696724395261893e-13,5.146063825617832e-12
2011-06-14,0.3475244623702084,0.11617684478780613,0.17935004908089797,3.070506014739342e-12,0.0,0.0,0.0,0.3569486437527377,1.0603472906381008e-13,5.1732278189396626e-12
2011-06-15,0.34764970449406285,0.11722679118880439,0.18030833394124035,3.078900984892988e-12,0.0,0.0,0.0,0.35481517036752175,1.0538205673093095e-13,5.186473109872117e-12
2011-06-16,0.34691378992413313,0.11696833774971006,0.17716674686593165,3.0609274627202353e-12,0.0,0.0,0.0,0.3589511254518723,1.07387245594032e-13,5.1846662022498745e-12
2011-06-17,0.3497605381530336,0.11794016004279918,0.1776160630551036,3.055867285793282e-12,0.0,0.0,0.0,0.35468323874064306,1.0792161125231781e-13,5.25689157984833e-12
2011-06-20,0.3484585676847519,0.11718149992536056,0.178159612185985,3.039416072914752e-12,0.0,0.0,0.0,0.35620032019548376,1.0789801088521642e-13,5.2715420870301836e-12
2011-06-21,0.34845217686014174,0.11765591588155298,0.17703807173396194,3.019268528921054e-12,0.0,0.0,0.0,0.35685383551590844,1.0741130120207334e-13,5.308311996492314e-12
2011-06-22,0.34850375861757116,0.11859680192196037,0.17845672336424276,3.033622520932752e-12,0.0,0.0,0.0,0.35444271608780725,1.0649053004226029e-13,5.2783524516150554e-12
2011-06-23,0.34895088459498314,0.11855047423215286,0.17802681192348715,3.0254998745623624e-12,0.0,0.0,0.0,0.3544718292409426,1.0743716534766961e-13,5.301331935366641e-12
2011-06-24,0.3480072375607843,0.11903011750809823,0.17652642740976243,3.0220424033652265e-12,0.0,0.0,0.0,0.3564362175130325,1.0556971273341754e-13,5.194952351506534e-12
2011-06-27,0.34675288507064506,0.1193823379239779,0.17625905306035836,3.041181989401266e-12,0.0,0.0,0.0,0.35760572393663487,1.0493286180804427e-13,5.237851055893327e-12
2011-06-28,0.34796837737169206,0.11966359007366457,0.17675774810644193,3.0601239765515287e-12,0.0,0.0,0.0,0.35561028443980547,1.0399244681061472e-13,5.2320224217131804e-12
2011-06-29,0.34903800137696733,0.12032334803710863,0.17711426103243538,3.071450080908995e-12,0.0,0.0,0.0,0.35352438954509036,1.0332844711458712e-13,5.2236322332569424e-12
2011-06-30,0.34848416864449056,0.11968009935391911,0.1784012963108998,3.068558782136109e-12,0.0,0.0,0.0,0.3534344356822941,1.0294595272436935e-13,5.225105483743576e-12
2011-07-01,0.349999999990669,0.24999999998160827,0.0,0.0,0.0,0.0,0.0,0.3000000000242253,0.0,0.10000000000349743
2011-07-05,0.3508304033209148,0.25079149468128015,0.0,0.0,0.0,0.0,0.0,0.2979075167581521,0.0,0.10047058523965288
2011-07-06,0.35002397780118266,0.2510242099608413,0.0,0.0,0.0,0.0,0.0,0.2978584491498094,0.0,0.10109336308816654
2011-07-07,0.3496315504795501,0.25145650590536084,0.0,0.0,0.0,0.0,0.0,0.29729934576172645,0.0,0.10161259785336262
2011-07-08,0.3498097862043137,0.25274884528799985,0.0,0.0,0.0,0.0,0.0,0.29555630652906084,0.0,0.10188506197862578
2011-07-11,0.3490568811854581,0.2524643247728254,0.0,0.0,0.0,0.0,0.0,0.29621712590883337,0.0,0.10226166813288337
2011-07-12,0.34844965727576416,0.2512086187405751,0.0,0.0,0.0,0.0,0.0,0.2981839447487407,0.0,0.10215777923492016
2011-07-13,0.34812718195086645,0.2506430330776659,0.0,0.0,0.0,0.0,0.0,0.2983747051345289,0.0,0.10285507983693887
2011-07-14,0.34765799040936435,0.25169801108742823,0.0,0.0,0.0,0.0,0.0,0.29927950899515865,0.0,0.10136448950804886
2011-07-15,0.3478714698361743,0.24956786914856605,0.0,0.0,0.0,0.0,0.0,0.3013791257939893,0.0,0.10118153522127034
2011-07-18,0.3482522340969263,0.2500599082198209,0.0,0.0,0.0,0.0,0.0,0.2998685573279325,0.0,0.10181930035532037
2011-07-19,0.34822140590126205,0.2480563353807825,0.0,0.0,0.0,0.0,0.0,0.3017894269571703,0.0,0.10193283176078514
2011-07-20,0.3488995843487172,0.25009275592486063,0.0,0.0,0.0,0.0,0.0,0.29889136275076317,0.0,0.10211629697565906
2011-07-21,0.34855892056277743,0.24957920099630374,0.0,0.0,0.0,0.0,0.0,0.29904187944117305,0.0,0.10281999899974585
2011-07-22,0.35010963732252276,0.2495188591007065,0.0,0.0,0.0,0.0,0.0,0.2976904523407485,0.0,0.10268105123602235
2011-07-25,0.34983403477280217,0.24948223576125453,0.0,0.0,0.0,0.0,0.0,0.2976465533783918,0.0,0.10303717608755154
2011-07-26,0.350491658957037,0.24839129344347233,0.0,0.0,0.0,0.0,0.0,0.2982770945524764,0.0,0.10283995304701428
2011-07-27,0.35000225664729373,0.24708627366803637,0.0,0.0,0.0,0.0,0.0,0.29959945846751473,0.0,0.10331201121715523
2011-07-28,0.34975938539951607,0.2445533618889283,0.0,0.0,0.0,0.0,0.0,0.3032459109365171,0.0,0.1024413417750386
2011-07-29,0.3490372953116593,0.24436275302422247,0.0,0.0,0.0,0.0,0.0,0.3039708944799677,0.0,0.1026290571841506
2011-08-01,0.34999999997249687,0.34999999999031467,2.3699857227943597e-13,4.3014497913494827e-13,1.625006735201439e-11,6.217778616149487e-14,1.6218865191386114e-09,0.29999999839209684,5.0645930172676635e-12,1.1611610007437885e-12
2011-08-02,0.34959681861044734,0.34880038027681176,2.3474016676188787e-13,4.311181384948851e-13,1.635996165239682e-11,6.300093562390702e-14,1.6317488719881305e-09,0.30160279945769397,5.062070743960183e-12,1.1472216855614124e-12
2011-08-03,0.3488747834765282,0.3460685356172585,2.3405208364617243e-13,4.279065572137138e-13,1.6908564289996367e-11,6.645640466473352e-14,1.6850593973856773e-09,0.30505667919707063,5.30895711520329e-12,1.1373467961072038e-12
2011-08-04,0.3493609050690558,0.3469734449889737,2.3447810206592477e-13,4.2469858065142844e-13,1.68543746398254e-11,6.632071948574826e-14,1.6777197315281563e-09,0.30366564824026077,5.286720896754183e-12,1.1234506965392088e-12
2011-08-05,0.34906858263208806,0.3417821065926199,2.2864978094546517e-13,4.1973470493164607e-13,1.7901617099798766e-11,7.199537766414096e-14,1.7714381245132177e-09,0.3091493089785991,5.512716675658898e-12,1.1201375511009912e-12
2011-08-08,0.35094001854068596,0.33810984990751725,2.342744765259307e-13,4.1985655917606334e-13,1.7815967222100206e-11,7.039821410492631e-14,1.7615452460724182e-09,0.31095012976502245,5.5889329260341185e-12,1.0996864950492896e-12
2011-08-09,0.3510951034850223,0.3303216973432693,2.3199743722152337e-13,4.118425228963288e-13,1.936881700418256e-11,7.771360975951988e-14,1.8671697889376833e-09,0.31858319727719414,6.179459656675417e-12,1.0745836797546662e-12
2011-08-10,0.3505684492147685,0.3361760816449629,2.3626800420673325e-13,4.1600876300464556e-13,1.8587843418789052e-11,7.437396782493685e-14,1.7975051765280876e-09,0.3132554673163817,5.948599624948956e-12,1.1186392833412252e-12
2011-08-11,0.348043306843959,0.3320885795332838,2.3075163526656866e-13,4.0919953697152893e-13,1.9562174378134088e-11,7.954946540695278e-14,1.8837979943469636e-09,0.3198681117111449,6.3974820167308385e-12,1.1351132777823055e-12
2011-08-12,0.35034467061530383,0.3359068592000041,2.3294485848021645e-13,4.15972374421017e-13,1.8568760877018986e-11,7.276955058328023e-14,1.7775538461693162e-09,0.3137484683806696,6.027948945652752e-12,1.1502081311508687e-12
2011-08-15,0.3516563685769315,0.336985598466758,2.349177687978211e-13,4.1453632460304794e-13,1.8642581883751647e-11,7.399027415055156e-14,1.7925160318520295e-09,0.3113580311372992,5.982596783339226e-12,1.1465837133525246e-12
2011-08-16,0.3513607880722635,0.3390311213664321,2.3519986441182803e-13,4.150381550610868e-13,1.817331626623815e-11,7.166210534535855e-14,1.7571640543919746e-09,0.3096080887781655,5.9166996718899175e-12,1.162826804203615e-12
2011-08-17,0.3523059781710098,0.3365640056778279,2.343922006995084e-13,4.161607267606698e-13,1.846361434839958e-11,7.367349643563728e-14,1.7835326346761656e-09,0.3111300143412117,6.05755029968243e-12,1.1724772488767015e-12
2011-08-18,0.35122129911400457,0.3353985728267214,2.3487142840761784e-13,4.1757286428217844e-13,1.8523388951280573e-11,7.46826927345215e-14,1.781723270100653e-09,0.31338012625107653,6.052212634075627e-12,1.1713868734561124e-12
2011-08-19,0.34936810807934887,0.32881970523365184,2.322819792517843e-13,4.136020649768863e-13,1.9356441345010793e-11,7.923071810017374e-14,1.8546346808050916e-09,0.32181218480470897,6.410596563096782e-12,1.1634528023904515e-12
2011-08-22,0.34864774936563064,0.32771569101653136,2.3163451133479163e-13,4.1438003676802893e-13,1.9657991278501108e-11,8.10285619596635e-14,1.8792176828124133e-09,0.3236365577104923,6.58518973786985e-12,1.1577017596355862e-12
2011-08-23,0.34909952599570987,0.3267235817474485,2.332278270346202e-13,4.1416831437882765e-13,1.9631867463547288e-11,8.086466252560522e-14,1.8731880846040306e-09,0.3241768903553755,6.758346848461731e-12,1.1595831218892417e-12
2011-08-24,0.35019234658818477,0.3326198207083851,2.3386068753595037e-13,4.163313127392679e-13,1.8988793829225023e-11,7.744992530029623e-14,1.7984121891302188e-09,0.31718783087783026,6.317437590677774e-12,1.1538445168959149e-12
2011-08-25,0.35215864717308776,0.33472731938041733,2.3199647635856863e-13,4.0882909757492563e-13,1.8628217659957127e-11,7.461949328825447e-14,1.762316475339557e-09,0.3131140316576231,6.052407285419052e-12,1.1593015027184018e-12
2011-08-26,0.3524693126842314,0.331851165057959,2.300986062043928e-13,4.0744480322350737e-13,1.9049792803582e-11,7.66621560800436e-14,1.8010767091464408e-09,0.3156795204296356,6.176967614509098e-12,1.1563402700214435e-12
2011-08-29,0.3518806767277266,0.33433962830920605,2.2998281845599006e-13,4.077803581470201e-13,1.8805586234519535e-11,7.618206153532703e-14,1.7731049664155131e-09,0.31377969316303256,6.258512497943466e-12,1.151708678312112e-12
2011-08-30,0.351752846894089,0.3402543606855148,2.2879521788435247e-13,4.090563385149101e-13,1.8153390910654557e-11,7.300356014531297e-14,1.7285383443725933e-09,0.30799279066587737,5.958803758960341e-12,1.1574331909051436e-12
2011-08-31,0.3514607146744043,0.3410453912841385,2.2666839705421404e-13,4.0822636585278026e-13,1.8215736708232083e-11,7.392073611501281e-14,1.7316841160471538e-09,0.3074938922835757,6.1161152894602235e-12,1.1566804255272e-12
2011-09-01,0.349999999993082,0.24250610786424925,0.0,0.0,5.0975561854834845e-12,0.0,1.0698584175423394e-11,0.30749389230994395,0.09999999981692863,0.0
2011-09-02,0.34947595020847405,0.2394511145427018,0.0,0.0,5.184778764603214e-12,0.0,1.0803627314407524e-11,0.31008074823652,0.10099218699631579,0.0
2011-09-06,0.3461520736079378,0.2343881351774378,0.0,0.0,5.3184530081973e-12,0.0,1.1049100180670803e-11,0.3137061192374785,0.10575367196077838,0.0
2011-09-07,0.3460786574750182,0.23540584048214414,0.0,0.0,5.363583589719625e-12,0.0,1.1193136415931305e-11,0.3122046589607876,0.10631084306549346,0.0
2011-09-08,0.34996109084600346,0.24026537005320242,0.0,0.0,5.2467456479937105e-12,0.0,1.1029562677760428e-11,0.30854625734483776,0.1012272817396802,0.0
2011-09-09,0.3478470177982597,0.23689385176110073,0.0,0.0,5.295620152528324e-12,0.0,1.1068296007396444e-11,0.31087104362241347,0.1043880868018624,0.0
2011-09-12,0.34547896955923435,0.23449206353797686,0.0,0.0,5.427457764245969e-12,0.0,1.1300754886661593e-11,0.31421107991941616,0.10581788696664461,0.0
2011-09-13,0.3479984855144638,0.23670042898563434,0.0,0.0,5.415364783759877e-12,0.0,1.1241301366238536e-11,0.31175851951474165,0.10354256596850382,0.0
2011-09-14,0.3475436117496049,0.2380275076572893,0.0,0.0,5.343282672251895e-12,0.0,1.1122605342103862e-11,0.3108768386865712,0.10355204189006903,0.0
2011-09-15,0.3487378867031691,0.23980665943989282,0.0,0.0,5.291472051771094e-12,0.0,1.1003547825157823e-11,0.30972991978947156,0.10172553405117182,0.0
2011-09-16,0.3512935860091733,0.24080439407338222,0.0,0.0,5.200739966429879e-12,0.0,1.0858487605934762e-11,0.30876667712397593,0.09913534277740955,0.0
2011-09-19,0.35224596033608885,0.24040628854390278,0.0,0.0,5.19414366539696e-12,0.0,1.0823864764882604e-11,0.30760490632128906,0.09974284478270144,0.0
2011-09-20,0.3521940368250111,0.23844317042206253,0.0,0.0,5.2884866560244314e-12,0.0,1.0991380459782798e-11,0.3101881479253578,0.09917464481128886,0.0
2011-09-21,0.3525585043610132,0.23525965936824592,0.0,0.0,5.307203610068388e-12,0.0,1.102044120503916e-11,0.31137237331424417,0.10080946294016926,0.0
2011-09-22,0.35024172812875515,0.2318925443542444,0.0,0.0,5.45564639697987e-12,0.0,1.130625974607515e-11,0.31596457416223617,0.10190115333800262,0.0
2011-09-23,0.34752326865037864,0.23113705624987751,0.0,0.0,5.646127099870846e-12,0.0,1.1615745377608023e-11,0.31958467684511654,0.10175499823736564,0.0
2011-09-26,0.3497021341955198,0.23355974275563635,0.0,0.0,5.600797454643643e-12,0.0,1.1546979555515291e-11,0.3205275106919987,0.0962106123396976,0.0
2011-09-27,0.3535656506915251,0.23501036366718928,0.0,0.0,5.5080776554415535e-12,0.0,1.1382150520065278e-11,0.3177298804722371,0.09369410515215848,0.0
2011-09-28,0.35355904302706537,0.2374142149638868,0.0,0.0,5.410777141361101e-12,0.0,1.1220094323112807e-11,0.3145772421512785,0.09444949984113869,0.0
2011-09-29,0.3542912739565497,0.23355137815663526,0.0,0.0,5.5360586254991895e-12,0.0,1.1431703317330955e-11,0.3181920397666398,0.09396530810320776,0.0
2011-09-30,0.3545609364474032,0.2359155913577572,0.0,0.0,5.4968295665281824e-12,0.0,1.1338520685101087e-11,0.31534011189995587,0.09418336027804855,0.0
2011-10-03,0.3500000000001513,0.14999999998968536,0.0,0.0,0.3499999997837876,0.0,0.05000000010324075,8.586837194907861e-11,0.1000000000339486,3.318115576394913e-12
2011-10-04,0.3443487401109615,0.14408130070443995,0.0,0.0,0.3577170372434055,0.0,0.05072771440500065,8.590829966439313e-11,0.10312520744708256,3.2016323512258107e-12
2011-10-05,0.3476803931250766,0.15122383764441205,0.0,0.0,0.35162656082258276,0.0,0.04968157959063208,8.461760294266348e-11,0.09978762872939097,3.2879111142974236e-12
2011-10-06,0.35116686165170446,0.15202371271525467,0.0,0.0,0.3472393100743004,0.0,0.049471534226015725,8.493745153306935e-11,0.10009858124455444,3.2326856124206802e-12
2011-10-07,0.3547662727802054,0.15420615780058555,0.0,0.0,0.34216579216453963,0.0,0.048892562708232674,8.558797206624961e-11,0.09996921445755289,3.295768122018317e-12
2011-10-10,0.3555111079179328,0.15177143322157738,0.0,0.0,0.34340526397520454,0.0,0.04928104562616553,8.641827427199411e-11,0.10003114916946913,3.2323020770651084e-12
2011-10-11,0.36105055644416795,0.15568312339494478,0.0,0.0,0.33391769841717917,0.0,0.048520804583602715,8.674773178593114e-11,0.10082781707002253,3.334964689665264e-12
2011-10-12,0.3607099315130811,0.15644848260346642,0.0,0.0,0.33437398536321256,0.0,0.048557024222132775,8.562342356854135e-11,0.09991057620922128,3.2623918618990614e-12
2011-10-13,0.36204846849332684,0.15787961563407252,0.0,0.0,0.3315641153543262,0.0,0.04838707104956885,8.71762503436522e-11,0.10012072937823017,3.2991347100778655e-12
2011-10-14,0.36135579058588607,0.15775566887952885,0.0,0.0,0.3329152149491837,0.0,0.048433949358621046,8.681865210732886e-11,0.0995393761366838,3.2778806007873214e-12
2011-10-17,0.3645102607703009,0.15955343143805595,0.0,0.0,0.32854081300930316,0.0,0.04800560703812951,8.67065949292773e-11,0.09938988765417765,3.3261782171204015e-12
2011-10-18,0.36122212304874346,0.15629724575861528,0.0,0.0,0.33408600733490235,0.0,0.04846367875867263,8.708997848106157e-11,0.09993094500868883,3.287468259059749e-12
2011-10-19,0.364441254221492,0.1587701897036622,0.0,0.0,0.33024850034061326,0.0,0.04812572427973633,8.664302505213863e-11,0.09841433136448528,3.3679078983865155e-12
2011-10-20,0.36302181435567626,0.1569259623318348,0.0,0.0,0.3334175984178789,0.0,0.04863767648897871,8.705559438061275e-11,0.09799694831521998,3.355766791903448e-12
2011-10-21,0.3645520134366283,0.1573303377228677,0.0,0.0,0.33268523956632456,0.0,0.04873814504810925,8.780989322677035e-11,0.09669426413488601,3.3741877943710914e-12
2011-10-24,0.3674493563140422,0.15900119402565194,0.0,0.0,0.328473324345608,0.0,0.04836851400885119,8.790837689281298e-11,0.09670761121449067,3.4476357481683394e-12
2011-10-25,0.3680452623948225,0.16239518049766666,0.0,0.0,0.32486269940221013,0.0,0.048105892726580196,8.9339176576136e-11,0.09659096488588523,3.4961292882522916e-12
2011-10-26,0.36304887782408396,0.15878336355372166,0.0,0.0,0.32960840723579016,0.0,0.048632523321084226,8.828139488319001e-11,0.09992682797357887,3.4598127652731803e-12
2011-10-27,0.36488933832329973,0.16070642251489142,0.0,0.0,0.3255405164352189,0.0,0.0483535711855845,8.8212874192343e-11,0.10051015144932487,3.4677627324417588e-12
2011-10-28,0.37072520359330213,0.16610525146196495,0.0,0.0,0.31575712440341375,0.0,0.04746485289437681,8.788043044445249e-11,0.09994756755549572,3.5662859543031315e-12
2011-10-31,0.3701992074288219,0.16506165877166395,0.0,0.0,0.31727731313205737,0.0,0.04759156210631618,8.751407559620835e-11,0.09987025847005741,3.569342953609661e-12
2011-11-01,0.3499999999996521,0.1499999999783981,1.1261037586043484e-11,0.0,0.34999999997880343,0.14999999999385616,1.480742898553171e-11,5.885739591189194e-12,1.7335924718433944e-11,0.0
2011-11-02,0.3422418953498534,0.14554159593888424,1.09726649461635e-11,0.0,0.3562828816084421,0.1559336270536215,1.4969132225666394e-11,5.81472378541444e-12,1.7442140571191582e-11,0.0
2011-11-03,0.34562160547889237,0.1481853331936714,1.0995581024704698e-11,0.0,0.3531796960435281,0.15301336523464515,1.4928720082431797e-11,5.832915632620891e-12,1.7505641078538596e-11,0.0
2011-11-04,0.34974381978327096,0.15093246837793153,1.1203031086129605e-11,0.0,0.3493455630739597,0.1499781487152655,1.484406399083573e-11,5.854133611659728e-12,1.7671054944784173e-11,0.0
2011-11-07,0.34818655221807054,0.15043637287423356,1.1080411753462614e-11,0.0,0.3509695888691857,0.15040748598906287,1.4898315454320846e-11,5.857891692041386e-12,1.7610654489863125e-11,0.0
2011-11-08,0.34922588046239944,0.1496517842025858,1.10917343681013e-11,0.0,0.3502453431410145,0.15087699214431938,1.479136266709922e-11,5.819349910506144e-12,1.797843768905666e-11,0.0
2011-11-09,0.3525918565615023,0.15136421181671963,1.1190682858562994e-11,0.0,0.347567187933732,0.14847674363861424,1.4653813698817743e-11,5.814122614632509e-12,1.7773267336153224e-11,0.0
2011-11-10,0.3444225783586112,0.14620732403852293,1.0768271988602748e-11,0.0,0.35565172545120904,0.15371837210241754,1.482391045335082e-11,5.772056197598011e-12,1.787516745507586e-11,0.0
2011-11-11,0.3475631634993129,0.14724052698381254,1.0892220744728363e-11,0.0,0.35381344733555037,0.15138286213213695,1.4745469758774807e-11,5.776314291105298e-12,1.777326042583264e-11,0.0
2011-11-14,0.351340491676873,0.14994135872225053,1.1076614231540263e-11,0.0,0.3494336715176039,0.14928447803385916,1.460457069356487e-11,5.807076944176313e-12,1.792507762499642e-11,0.0
2011-11-15,0.34832330824583463,0.14791665837679024,1.088962602331962e-11,0.0,0.3519388002475628,0.15182123308067016,1.4616352653284918e-11,5.773321318000046e-12,1.7862741787230496e-11,0.0
2011-11-16,0.349025996976858,0.14935712088525044,1.0828050988104879e-11,0.0,0.3504436260926376,0.15117325599629755,1.4559668779044693e-11,5.7413820324419306e-12,1.7827205878507457e-11,0.0
2011-11-17,0.34531749449994015,0.1477250969431135,1.0677588104714879e-11,0.0,0.3535937887981714,0.15336361971006002,1.4590621454390733e-11,5.715690293310342e-12,1.7730839215347276e-11,0.0
2011-11-18,0.34176447558391737,0.14644847950339898,1.0621696836613129e-11,0.0,0.3563153769575107,0.15547166790690012,1.4557756170175786e-11,5.720185538483391e-12,1.7373009841107176e-11,0.0
2011-11-21,0.3420058482263817,0.14666729939081116,1.0677274589699628e-11,0.0,0.3556186700485369,0.15570818228580152,1.46070020365008e-11,5.7263277515292475e-12,1.745796562327466e-11,0.0
2011-11-22,0.3382392084067806,0.14433102496746614,1.0492036216087635e-11,0.0,0.3595168459087868,0.15791292066893264,1.4665802686304723e-11,5.7078640599728475e-12,1.7167840840963607e-11,0.0
2011-11-23,0.3368025958581311,0.14307309172622093,1.0458170104055313e-11,0.0,0.3605000286110001,0.15962428375655177,1.462303631319786e-11,5.6623580467562175e-12,1.735232078720716e-11,0.0
2011-11-25,0.3324051501129387,0.1398523000677869,1.0264328122717211e-11,0.0,0.36506849337430836,0.1626740563969465,1.4682234371185563e-11,5.611450278506401e-12,1.7461331545744138e-11,0.0
2011-11-28,0.3341479396994229,0.13905636172134409,1.0284519391112184e-11,0.0,0.3653385790140774,0.16145711951705738,1.4728423790266878e-11,5.6515394372549026e-12,1.743350756273552e-11,0.0
2011-11-29,0.33832902631067413,0.14334372679056825,1.0551441322189574e-11,0.0,0.3595309380798331,0.15879630877069395,1.4499467064936075e-11,5.685490890078003e-12,1.7493837062925485e-11,0.0
2011-11-30,0.33973003052678036,0.14326230762944736,1.0634939781206324e-11,0.0,0.3593091115239701,0.15769855027140878,1.4485415640586594e-11,5.729873488637702e-12,1.754280621666139e-11,0.0
2011-12-01,0.3500000000015848,0.11026996942102113,0.03973003057181717,0.0,0.04999999997025592,4.55942687648428e-11,0.349999999983212,2.6299994364185296e-12,0.10000000000387974,4.8355514510976755e-15
2011-12-02,0.3501841514559353,0.10955242426124438,0.03941590096055749,0.0,0.050019835858619036,4.539662649436452e-11,0.35105316132232867,2.6433947463129374e-12,0.09977452609327019,4.799070996518996e-15
2011-12-05,0.348672540135741,0.10962303829711681,0.039272598069989256,0.0,0.050069001885235415,4.5874633897823974e-11,0.35282008546652277,2.649238579926504e-12,0.09954273609686598,4.778253204329462e-15
2011-12-06,0.3499306139625726,0.11069884601489659,0.039434872095666186,0.0,0.049679590652763235,4.545195009229677e-11,0.35288544787654325,2.6449774869616113e-12,0.09737062934945641,4.784056118603939e-15
2011-12-07,0.35056138437708456,0.11096707478074203,0.03930891404748358,0.0,0.049624311802621425,4.5085005687631335e-11,0.3515218858050543,2.6607210886918714e-12,0.09801642913926359,4.783445697899756e-15
2011-12-08,0.3502911773543663,0.11024887936380802,0.03940848012601075,0.0,0.049625821495557984,4.504394469066258e-11,0.35214014536059496,2.6403642172346484e-12,0.09828549625197286,4.814089415894977e-15
2011-12-09,0.34793893780199453,0.1084864353848473,0.038708199291028436,0.0,0.05065428280848889,4.631633724512847e-11,0.3564121900486843,2.6639919861167692e-12,0.0977999546159715,4.778076509869749e-15
2011-12-12,0.35079637359005134,0.11079543437541615,0.03933145691583453,0.0,0.04987444835052105,4.497460728105311e-11,0.35199655705253385,2.6639034865911357e-12,0.09720572966799972,4.8410273394835385e-15
2011-12-13,0.34924908282777034,0.11033387861526121,0.038577972186983216,0.0,0.0505643240336131,4.594567492902397e-11,0.35566696053599617,2.6770195793185884e-12,0.0956077817517484,4.804259174373476e-15
2011-12-14,0.34833066321696327,0.10876791140576926,0.03831406482797897,0.0,0.05114072474038279,4.66879934603493e-11,0.3592948428064513,2.684953146101591e-12,0.09415179295307662,4.779983717468115e-15
2011-12-15,0.3474027735681813,0.10827374119569613,0.03816489985234212,0.0,0.051769533345921305,4.795377612510341e-11,0.36280805506940456,2.701942582313818e-12,0.09158099691779395,4.846742907859343e-15
2011-12-16,0.34773565812245644,0.10899044633447849,0.038253047175763055,0.0,0.05158843824702608,4.764951299611018e-11,0.3624283203662693,2.704422715581497e-12,0.09100408970364755,4.914760799200085e-15
2011-12-19,0.34644150736126206,0.1092709588222834,0.03789745348308419,0.0,0.05156898191733361,4.7954660540930705e-11,0.3625664316481571,2.7030388684835813e-12,0.09225466671721681,4.943418559211246e-15
2011-12-20,0.34435683381082116,0.10788798432398033,0.03772205974020618,0.0,0.05198894013774012,4.879179298415753e-11,0.3655686002484817,2.712395545884746e-12,0.09247558168726121,4.923738575521629e-15
2011-12-21,0.34897958782465266,0.11038434531393705,0.0384143379065419,0.0,0.05067686225587195,4.679720077042474e-11,0.3593411216717267,2.7013604828875112e-12,0.0922037449777659,4.990146708843672e-15
2011-12-22,0.34988626360402664,0.11090583387944253,0.038235696329198515,0.0,0.05054637890817642,4.617675846896321e-11,0.3580553995269071,2.710785675049485e-12,0.09237042770335585,4.991714254711279e-15
2011-12-23,0.35108045326235554,0.11100961279529992,0.03837266979225356,0.0,0.050335868419772695,4.6120301637528355e-11,0.35798432894713106,2.7064875391457165e-12,0.09121706673435487,5.036137631487017e-15
2011-12-27,0.3532760169224351,0.11113139499572491,0.03853511489524826,0.0,0.04999619476410672,4.5485959096386106e-11,0.3559297077015645,2.7117084391540222e-12,0.09113157067271717,5.044576691878311e-15
2011-12-28,0.3532024319423235,0.11134807660190583,0.03832557785073723,0.0,0.049974524986588505,4.565635562002409e-11,0.3569242382310848,2.719816819925729e-12,0.09022515033897825,5.062056507264571e-15
2011-12-29,0.351602794771533,0.11027482497965645,0.03796130294874931,0.0,0.0507283996667796,4.6905532752940037e-11,0.36070129752066155,2.730594095191633e-12,0.08873138006297829,5.044980327715622e-15
2011-12-30,0.35350068536281004,0.11084228530206412,0.03847047650428936,0.0,0.05054297306318144,4.676145155794786e-11,0.35874911218796834,2.7334620856573e-12,0.08789446753018612,5.0646767218767804e-15
2012-01-03,0.3499999999997623,2.472978634520807e-12,0.14999999997411445,5.474069433017672e-12,0.34999999999031706,0.04999999969856069,3.3239232727947303e-10,0.0,0.09999999999690616,0.0
2012-01-04,0.3523082417412643,2.4907726808585247e-12,0.15267166786490338,5.589567304636647e-12,0.34458099330203523,0.04879666399667279,3.2907540464614627e-10,0.0,0.10164243275796866,0.0
2012-01-05,0.35338977274106187,2.4808652157910845e-12,0.15199899495327976,5.5664490396095115e-12,0.34401188978059605,0.04828876047571832,3.2982976528491277e-10,0.0,0.10231058171146705,0.0
2012-01-06,0.3545556550960325,2.4964238774354372e-12,0.14984020103831228,5.545626588386054e-12,0.34429618190874595,0.04823344261332388,3.286174759110514e-10,0.0,0.103074519006926,0.0
2012-01-09,0.3542110986995585,2.494105729525251e-12,0.148033361612685,5.484241777377292e-12,0.34620214155249585,0.04869247927755891,3.3042509994486847e-10,0.0,0.10286091851929842,0.0
2012-01-10,0.3547326054258747,2.5043885845991208e-12,0.14846397438914355,5.536359012090869e-12,0.34593809208532295,0.04856001400687335,3.296166882046518e-10,0.0,0.10230531375512812,0.0
2012-01-11,0.3556891306212644,2.525987574011016e-12,0.14982808620709712,5.62327445952574e-12,0.34320172893217443,0.048190977122823775,3.2858792176589173e-10,0.0,0.10309007677990328,0.0
2012-01-12,0.35481453039711197,2.52831882929889e-12,0.14890157684544253,5.6106705103399425e-12,0.3441638950778383,0.048671788179951984,3.2754493057466355e-10,0.0,0.10344820916397145,0.0
2012-01-13,0.35525733815255356,2.5329992794576793e-12,0.14935605477165056,5.626930762038047e-12,0.3430508755870008,0.04854691841423777,3.279157048704094e-10,0.0,0.1037888127384817,0.0
2012-01-17,0.35418294097237757,2.524920560748302e-12,0.1480667208572746,5.587889490419216e-12,0.3453281340701872,0.04913551180083892,3.298049313157562e-10,0.0,0.1032866919614041,0.0
2012-01-18,0.3539665703084536,2.512634758786955e-12,0.14915757204200158,5.6690738188106526e-12,0.3441084770668552,0.049142253382823055,3.293328273575572e-10,0.0,0.10362512686235209,0.0
2012-01-19,0.3559396656355787,2.5435207230291453e-12,0.15083172392179325,5.780564677233247e-12,0.34117471749365896,0.04828421742221751,3.2689162991789795e-10,0.0,0.10376967519153592,0.0
2012-01-20,0.35753407629641004,2.557199669888842e-12,0.1525726954454445,5.826634484981572e-12,0.33886733889291976,0.04758235987642173,3.2654672645337584e-10,0.0,0.10344352915387346,0.0
2012-01-23,0.35851800063047257,2.556348915532612e-12,0.1532211098473274,5.816756231313693e-12,0.33737522948636284,0.04699777835780412,3.2540392810394773e-10,0.0,0.10388788134425618,0.0
2012-01-24,0.3578357006137738,2.554806916500505e-12,0.1539151677251491,5.876949994704626e-12,0.33685984243499073,0.04673205723341726,3.2513949629585205e-10,0.0,0.10465723165909802,0.0
2012-01-25,0.3579755008517443,2.5734523019881155e-12,0.15329338480825366,5.894405266869846e-12,0.3377642024403136,0.04688815835930557,3.2680725867362243e-10,0.0,0.10407875320510787,0.0
2012-01-26,0.357775522127607,2.572417282523603e-12,0.15351912277461713,5.907854747721819e-12,0.3363785347232241,0.04636135892197124,3.250171161552961e-10,0.0,0.10596546111908323,0.0
2012-01-27,0.3555221167393605,2.566477136287494e-12,0.15339734533738883,5.87720581120652e-12,0.33777818025580897,0.04692077832590857,3.271772447886774e-10,0.0,0.10638157900591216,0.0
2012-01-30,0.35452522515974855,2.577906980809915e-12,0.1532996225419448,5.8940056215524434e-12,0.33800731489749347,0.04695763174398753,3.2688747051964246e-10,0.0,0.10721020532146638,0.0
2012-01-31,0.3539922206008037,2.562761700161393e-12,0.15177936455186947,5.820265982715508e-12,0.33980873311892623,0.04760152083464253,3.2709072233771974e-10,0.0,0.10681816055828441,0.0
2012-02-01,0.3499999999991331,0.14999999999686045,3.690169129942106e-12,1.6690482361758192e-12,0.34999999999397025,0.14999999306151715,6.93636366865053e-09,4.04016196224189e-12,1.219020082820647e-12,1.5369096123747818e-12
2012-02-02,0.35188312440610336,0.15271422861587275,3.735657707160313e-12,1.7001987890586432e-12,0.3476171338399137,0.1477855061852131,6.940663396335095e-09,4.03408900324081e-12,1.2167336483582093e-12,1.5469085088424839e-12
2012-02-03,0.35178705841296304,0.15329951440205522,3.7364713898055605e-12,1.7017760954573703e-12,0.347464061478896,0.14744935875176365,6.942081808917955e-09,4.029278326251541e-12,1.2251482849120246e-12,1.5475072675200212e-12
2012-02-06,0.35588103960628303,0.15627407909784924,3.785998643050058e-12,1.7261023481081705e-12,0.3439028267553169,0.14394204761256268,6.915681427069945e-09,4.0313723089145304e-12,1.1979047990877657e-12,1.5653819181808077e-12
2012-02-07,0.3550631281411979,0.15551152917941125,3.761592797933042e-12,1.7087576184861301e-12,0.34428800949479693,0.145137326250143,6.922204351392123e-09,4.025685088450336e-12,1.1926698139230317e-12,1.55789307942414e-12
2012-02-08,0.35710899916610783,0.15591871554375855,3.796940451498057e-12,1.7178144030738385e-12,0.34317255781330774,0.1437997205330587,6.931432277667301e-09,4.046681695084363e-12,1.2145523691717192e-12,1.5589567354014676e-12
2012-02-09,0.3575700543686235,0.1559971515091928,3.803937651222922e-12,1.7271357897516465e-12,0.3427623620585476,0.14367042512432007,6.92697848737553e-09,4.043472124638993e-12,1.2039476627421422e-12,1.5590688557019865e-12
2012-02-10,0.35880232577385635,0.1555641060263156,3.8221080867696e-12,1.7301235266725912e-12,0.3427255552070335,0.14290800606035034,6.920083684276515e-09,4.054090269013552e-12,1.203142608281304e-12,1.5510815580711148e-12
2012-02-13,0.35650657804687796,0.15358366297579085,3.75334484180162e-12,1.6935725187371636e-12,0.34500127956732557,0.14490847247738056,6.920419007144484e-09,4.022918627042605e-12,1.1980341430674571e-12,1.5382442555598506e-12
2012-02-14,0.3575174889879011,0.1548565829404333,3.778964407972613e-12,1.7133226830679917e-12,0.34319518646592667,0.1444307346809747,6.912513903243466e-09,4.016056509507201e-12,1.1951953150552507e-12,1.546761761670358e-12
2012-02-15,0.3569481561473739,0.15410853329539662,3.749644791626748e-12,1.698609438514059e-12,0.34379722841542243,0.1451460752140956,6.91552610252747e-09,4.014702444879383e-12,1.1920106055086491e-12,1.5304466829342449e-12
2012-02-16,0.35633234049551304,0.1532803810524345,3.764920563350677e-12,1.7083435825519728e-12,0.3450726473726796,0.14531462414076488,6.926392772914989e-09,4.013641726812712e-12,1.2026074747363414e-12,1.5258021501420962e-12
2012-02-17,0.3588073934880513,0.15552865274089583,3.801376233200156e-12,1.7198038614517534e-12,0.34209985430563133,0.14356409256688596,6.88626798035443e-09,4.014092603043903e-12,1.1969149843772309e-12,1.5355950449778905e-12
2012-02-21,0.35956423183791336,0.15542661969905366,3.816140942657212e-12,1.7220193651252818e-12,0.3415587388489371,0.14345040272989998,6.8719196319009866e-09,4.010613139417678e-12,1.1916457943061676e-12,1.5360047548673525e-12
2012-02-22,0.3610647771523961,0.15495145359233997,3.831086415490396e-12,1.721364000352646e-12,0.3415913004010511,0.14239246195561148,6.886268328043071e-09,4.040693212309661e-12,1.2223235334243375e-12,1.5177519019710054e-12
2012-02-23,0.35963375618510657,0.15361260988788872,3.817010453601443e-12,1.7232328606853345e-12,0.3426772070419084,0.14407641994882817,6.923938638749773e-09,4.0505782148114985e-12,1.2351296150910845e-12,1.5037784644885729e-12
2012-02-24,0.3596472469841245,0.15523095101644907,3.831844954573809e-12,1.7125978176544707e-12,0.34167271593412923,0.14344907914969984,6.903259446197403e-09,4.047536253685525e-12,1.2303204674091184e-12,1.515927279282121e-12
2012-02-27,0.35983107281091514,0.15467050953747602,3.848431662641074e-12,1.72691322782922e-12,0.3413582611465954,0.14414014959568272,6.8969645490224156e-09,4.053089864301411e-12,1.2226438822356602e-12,1.5153440850349808e-12
2012-02-28,0.3594453002815762,0.15398435712182512,3.818374915978379e-12,1.7050222799604172e-12,0.34155374728817195,0.14501658839279064,6.903345890145113e-09,4.042835692383965e-12,1.2155333813973633e-12,1.5087319595264096e-12
2012-02-29,0.3603774204184165,0.15352427152230638,3.852624221272828e-12,1.7282375723053668e-12,0.34160545507390594,0.1444928460501156,6.922898189715989e-09,4.049458243819974e-12,1.2278098214209594e-12,1.4994311974583237e-12
2012-03-01,0.35000000000004194,0.14999999999753263,0.0,0.0,0.3499999999995369,0.14999999308226195,6.918228963029635e-09,0.0,1.780258824154198e-12,6.173442958598672e-13
2012-03-02,0.3517978483052531,0.15077048125929432,0.0,0.0,0.3488504593067446,0.14858120422469792,6.9015836165303285e-09,0.0,1.8053182294160824e-12,6.21061728518738e-13
2012-03-05,0.35091261441805954,0.1485921126946541,0.0,0.0,0.3504384551415521,0.15005681083567193,6.907638430050708e-09,0.0,1.8033559631049566e-12,6.204823245478976e-13
2012-03-06,0.3505880851242697,0.1492298619971347,0.0,0.0,0.35084501033722043,0.14933703562186884,6.917075876017512e-09,0.0,1.8015621133473198e-12,6.287456514673584e-13
2012-03-07,0.3471319886709766,0.1469654844829866,0.0,0.0,0.35402258191446623,0.15187993798933191,6.939837024598429e-09,0.0,1.7780395288318064e-12,6.234167677575982e-13
2012-03-08,0.3487861709368173,0.1480209116774443,0.0,0.0,0.3525740108191353,0.1506188996425595,6.921633744319608e-09,0.0,1.7842765882071716e-12,6.254091871516426e-13
2012-03-09,0.3512583978919133,0.14951448466073008,0.0,0.0,0.3505379213503262,0.14868918919140586,6.903206898065564e-09,0.0,1.797164095532706e-12,6.20387779040577e-13
2012-03-12,0.3514185030098401,0.15102361855574714,0.0,0.0,0.34907951243012425,0.14847835912565735,6.876206664669393e-09,0.0,1.8029758528474789e-12,6.213155865049705e-13
2012-03-13,0.3515831866335655,0.1507872449251685,0.0,0.0,0.34911801707261053,0.14851154450087348,6.865366092052768e-09,0.0,1.7894884924549476e-12,6.261189151381983e-13
2012-03-14,0.3564161041211991,0.15314017767024093,0.0,0.0,0.3451584064158432,0.14528530497262915,6.817699267609661e-09,0.0,1.7520629566919552e-12,6.360915857012782e-13
2012-03-15,0.3593582799087773,0.1533043675135033,0.0,0.0,0.34439039914570635,0.14294694663013638,6.79949766048209e-09,0.0,1.7386734613682712e-12,6.402994344308682e-13
2012-03-16,0.3601843516046075,0.15405200151491918,0.0,0.0,0.34309475604188405,0.1426688840750779,6.76112509384159e-09,0.0,1.7490349731209024e-12,6.37164421861476e-13
2012-03-19,0.3604844423884096,0.1538374396906434,0.0,0.0,0.3428056807250206,0.1428724304260872,6.7674483431498395e-09,0.0,1.7504597936673523e-12,6.404631675362098e-13
2012-03-20,0.3622957678708579,0.15530544659731813,0.0,0.0,0.3410762508023976,0.14132252796159744,6.765427830449649e-09,0.0,1.7555355645985292e-12,6.456325107462362e-13
2012-03-21,0.36186154912124474,0.15417808929437127,0.0,0.0,0.3418295291230803,0.14213082568601307,6.772902223361597e-09,0.0,1.742661782480925e-12,6.4582656023709e-13
2012-03-22,0.3602891749753651,0.15372303343028446,0.0,0.0,0.34263949056742105,0.1433482942392958,6.785251662525791e-09,0.0,1.7388045351461762e-12,6.431628546957691e-13
2012-03-23,0.3588358614155805,0.15272601339897993,0.0,0.0,0.344168911165276,0.14426920722213693,6.79565301037539e-09,0.0,1.7373871589801626e-12,6.363678420534797e-13
2012-03-26,0.3581011192444832,0.15340857699974414,0.0,0.0,0.3436241434224483,0.14486615356574176,6.765196274105666e-09,0.0,1.7494712006933412e-12,6.369644658824057e-13
2012-03-27,0.36057605871904697,0.1554996423788952,0.0,0.0,0.340812856752041,0.14311143541530938,6.7322996669069595e-09,0.0,1.7680459407703284e-12,6.399020175818744e-13
2012-03-28,0.35920117338038676,0.15430334897779086,0.0,0.0,0.3424568119934873,0.14403865886634507,6.7795962841417545e-09,0.0,1.7543280432187648e-12,6.395500850089091e-13
2012-03-29,0.35866883936966343,0.1539371718837959,0.0,0.0,0.3430559423118082,0.14433803964198275,6.7903672414538945e-09,0.0,1.7418000285166593e-12,6.40769124559487e-13
2012-03-30,0.35753615102691655,0.15327091381668564,0.0,0.0,0.3439829568229063,0.14520997153712564,6.793989093496895e-09,0.0,1.736794212645943e-12,6.401427926301786e-13
2012-04-02,0.34999999999983505,0.1499999997426679,1.3451239761771379e-12,2.557880719053443e-10,0.34999999999590103,2.1905572962030616e-12,0.1500000000007253,3.7116603249198246e-13,8.615399331514119e-13,3.1427659014039626e-13
2012-04-03,0.35058536866569706,0.15099706556926995,1.3531852509081063e-12,2.578494555665984e-10,0.34887331629660834,2.190355559211514e-12,0.14954424920548617,3.6972160372644526e-13,8.610476450586604e-13,3.1472579981208476e-13
2012-04-04,0.35141186281830034,0.15095928076142595,1.3381543606259632e-12,2.5802847854673185e-10,0.3485495634028904,2.166334533078678e-12,0.14907929275431264,3.7178558065899864e-13,8.503994312375411e-13,3.1552759770608013e-13
2012-04-05,0.34927052345764564,0.14912082322150982,1.313276024865267e-12,2.543561913159406e-10,0.3516669755971527,2.2045770335142336e-12,0.14994167746429332,3.718539673974671e-13,8.393691006220915e-13,3.132715819017552e-13
2012-04-09,0.34875133845557743,0.1483192093807525,1.3041092789617746e-12,2.5547998519227856e-10,0.35288743618439816,2.2183160294710848e-12,0.15004201571874265,3.7057824128577576e-13,8.444081506220121e-13,3.1177299748365373e-13
2012-04-10,0.3454429273352299,0.1461404907892583,1.3007437620223605e-12,2.5215844893384376e-10,0.35712810299286346,2.2741913202463295e-12,0.15128847862538497,3.693283931765919e-13,8.515623355986465e-13,3.089970973072131e-13
2012-04-11,0.34226630973476085,0.14379961073063943,1.282725462198762e-12,2.491566330118329e-10,0.3615701784038982,2.3177246757299992e-12,0.15236390087640192,3.7034402280173725e-13,8.674505921776071e-13,3.0467819640923006e-13
2012-04-12,0.3439227981194902,0.1453660484349856,1.2964045032547057e-12,2.5105885731103673e-10,0.35899697980145273,2.2825646503059346e-12,0.1517141733878901,3.713932797447335e-13,8.644889255476066e-13,3.0758418437565954e-13
2012-04-13,0.34636420990368,0.14658301876884872,1.3123886754711653e-12,2.559781418370118e-10,0.3561668853612543,2.2596890413317626e-12,0.15088588570511616,3.7251179169426425e-13,8.680940800229892e-13,3.099862743573364e-13
2012-04-16,0.34333793592231626,0.14511665295844597,1.2913972049756676e-12,2.5289545640248405e-10,0.3594571609731796,2.3035641201402984e-12,0.15208824988802458,3.724973738520296e-13,8.609603134926809e-13,3.096818731655203e-13
2012-04-17,0.34314396307508477,0.14536699566455374,1.300895379132536e-12,2.516587227422257e-10,0.35938694237406615,2.3004232615156158e-12,0.15210209862948926,3.7311182971443705e-13,8.589510225407718e-13,3.139377877194917e-13
2012-04-18,0.34580536081150737,0.14644012668939466,1.3124421478959482e-12,2.5276846738774125e-10,0.3565146539454708,2.2830590496381158e-12,0.15123985829572473,3.721234655355205e-13,8.518626228998324e-13,3.144221836819938e-13
2012-04-19,0.3451845731924104,0.14556572228140335,1.3076527329686591e-12,2.5197674190515354e-10,0.35779553512210865,2.2933551716961912e-12,0.15145416914696613,3.7259112281640325e-13,8.482115547716204e-13,3.127944294772579e-13
2012-04-20,0.3438410507846107,0.1450993767829459,1.3031047145176263e-12,2.514815902952367e-10,0.35911530993785573,2.301353868223619e-12,0.15194426223796403,3.7283671873501586e-13,8.510109098478038e-13,3.1359054388567876e-13
2012-04-23,0.34393161117761056,0.1457313284663073,1.3138105869200793e-12,2.528608614140845e-10,0.35864527531973955,2.2985150676807777e-12,0.151691784778329,3.72891151481764e-13,8.504024976704982e-13,3.1696388826812304e-13
2012-04-24,0.3424668600511086,0.14431609966977452,1.2928984653925422e-12,2.4906020873779427e-10,0.36086417991926756,2.3248942836737697e-12,0.1523528601056312,3.736639809866481e-13,8.514456789833854e-13,3.150078799791794e-13
2012-04-25,0.34335747947160533,0.14523679821424623,1.301705237622238e-12,2.493013562908126e-10,0.3595102437976539,2.305766958627125e-12,0.15189547826204053,3.740864978344449e-13,8.516564064259026e-13,3.1935005985271405e-13
2012-04-26,0.34571505528690494,0.1465033680729285,1.3105721108401667e-12,2.4988422933741333e-10,0.3566487290257517,2.2785064644257925e-12,0.15113284735939883,3.7428235777898696e-13,8.476213879271036e-13,3.2085080703653416e-13
2012-04-27,0.3462918076156133,0.14717261898332268,1.3114681665773697e-12,2.501080927368892e-10,0.3559523847760157,2.280132955898095e-12,0.1505831883698056,3.7255789910877456e-13,8.506078873861898e-13,3.199472483510205e-13
2012-04-30,0.3460601606558081,0.14798278948836857,1.313790688239354e-12,2.498855208097899e-10,0.3555016864000911,2.2768150468819443e-12,0.1504553632007127,3.7153523190151164e-13,8.504906518322342e-13,3.2141281344855876e-13
2012-05-01,0.34999999998923836,0.14999999993864307,0.0,6.244204706669991e-11,0.2517242077042724,0.0,0.24827579230540403,0.0,0.0,0.0
2012-05-02,0.35168693160207615,0.14993833246448138,0.0,6.276871988097263e-11,0.2509165876103004,0.0,0.2474581482603733,0.0,0.0,0.0
2012-05-03,0.35041218561819487,0.15024628208033333,0.0,6.261028009127699e-11,0.25123141027797596,0.0,0.24811012196088544,0.0,0.0,0.0
2012-05-04,0.34936792860364346,0.14882677962264593,0.0,6.24288788173467e-11,0.25238354607660457,0.0,0.24942174563467712,0.0,0.0,0.0
2012-05-07,0.34621078213079004,0.1470590237155162,0.0,6.177546660600406e-11,0.25522216547400595,0.0,0.2515080286179122,0.0,0.0,0.0
2012-05-08,0.34611641976094015,0.1473018083701513,0.0,6.193737738768495e-11,0.254894157602972,0.0,0.251687614203999,0.0,0.0,0.0
2012-05-09,0.3448237939204225,0.14724985219724504,0.0,6.096954792000907e-11,0.2555429088942787,0.0,0.2523834449270841,0.0,0.0,0.0
2012-05-10,0.3438431199023405,0.14686851577644924,0.0,6.036544188734831e-11,0.25655402471280203,0.0,0.25273433954804264,0.0,0.0,0.0
2012-05-11,0.34441911183345,0.1473707465284163,0.0,6.059655350702927e-11,0.2560928705779875,0.0,0.25211727099954956,0.0,0.0,0.0
2012-05-14,0.34331532254412067,0.1469700470948605,0.0,5.980687793832376e-11,0.25688827038646594,0.0,0.25282635991474595,0.0,0.0,0.0
2012-05-15,0.34107097897976923,0.14567751279467134,0.0,5.871261122208104e-11,0.2592033935550146,0.0,0.2540481146118322,0.0,0.0,0.0
2012-05-16,0.3399537215318773,0.14577609371095523,0.0,5.834588632880301e-11,0.25991869467693046,0.0,0.25435149002189106,0.0,0.0,0.0
2012-05-17,0.3393408034866554,0.14501938338639242,0.0,5.7633827964572144e-11,0.260641244689494,0.0,0.2549985683798243,0.0,0.0,0.0
2012-05-18,0.33742834633818114,0.14305279311626135,0.0,5.7379292739440846e-11,0.26405744743901954,0.0,0.25546141304915865,0.0,0.0,0.0
2012-05-21,0.3363563207486526,0.14247492658784383,0.0,5.713913552494739e-11,0.26531763087314225,0.0,0.25585112173322216,0.0,0.0,0.0
2012-05-22,0.3391752207865064,0.14456948225565586,0.0,5.799631085284215e-11,0.262334210925587,0.0,0.2539210859742545,0.0,0.0,0.0
2012-05-23,0.3402845401632414,0.14391883347443052,0.0,5.7476224933884775e-11,0.26217001304525966,0.0,0.25362661325959235,0.0,0.0,0.0
2012-05-24,0.3396457930222885,0.144498307719533,0.0,5.6943381622265485e-11,0.2622250513265676,0.0,0.2536308478746676,0.0,0.0,0.0
2012-05-25,0.34016008204192943,0.14473545686783218,0.0,5.662948472798258e-11,0.26154392407103827,0.0,0.2535605369625708,0.0,0.0,0.0
2012-05-29,0.3389898885465411,0.14461262751942996,0.0,5.634536753775497e-11,0.26225081632983116,0.0,0.2541466675478524,0.0,0.0,0.0
2012-05-30,0.34092941354507156,0.14578214587458616,0.0,5.7572049083245545e-11,0.2603761096673793,0.0,0.25291233085539105,0.0,0.0,0.0
2012-05-31,0.3376859305226146,0.14371155029754104,0.0,5.6864235572349433e-11,0.26418862307968455,0.0,0.2544138960432957,0.0,0.0,0.0
2012-06-01,0.3500000000031533,0.14999999997752797,7.773381918046135e-13,4.692631902607933e-12,0.24558610407805523,0.0,0.2544138959305383,6.266281345635269e-13,3.789612954563662e-12,8.390366340855235e-13
2012-06-04,0.3445136817115884,0.1469048321444774,7.650293962344092e-13,4.611427688510616e-12,0.2501099402937672,0.0,0.2584715458393619,6.272379633216134e-13,3.974949305367492e-12,8.264819044548334e-13
2012-06-05,0.345701370510384,0.14714068529669344,7.74460933760147e-13,4.649683401713932e-12,0.24964272601032617,0.0,0.2575152181717321,6.302046449442806e-13,3.985961260570763e-12,8.240063080919922e-13
2012-06-06,0.3472304007353263,0.14857278260960946,7.776322790176849e-13,4.647727433551521e-12,0.2480379641729121,0.0,0.25615885247128733,6.322272637329017e-13,3.9689558395317645e-12,8.383826026839959e-13
2012-06-07,0.3518337469511126,0.15086592602728008,7.921418757416679e-13,4.740479465940695e-12,0.24419225856149812,0.0,0.2531080684491594,6.332224277128215e-13,3.934952346254608e-12,8.492417021567882e-13
2012-06-08,0.35192709471239164,0.14982799632179394,7.930123651635077e-13,4.767524236870306e-12,0.244698860862023,0.0,0.253546048092887,6.353800921625805e-13,3.8658036958827615e-12,8.42906654024447e-13
2012-06-11,0.35262671986295485,0.15096173136826324,7.857289837454853e-13,4.698441855446248e-12,0.24343160199208153,0.0,0.25297994676588387,6.340514689263515e-13,3.84865250907143e-12,8.498060884774778e-13
2012-06-12,0.350674576854938,0.1486982606356274,7.837605224403671e-13,4.6638972915056944e-12,0.24585604066565103,0.0,0.25477112183297246,6.344740903346616e-13,3.8923524457224906e-12,8.367331389524579e-13
2012-06-13,0.35334545918540444,0.1499982079828118,7.937602925937049e-13,4.74298077905186e-12,0.24360190393798448,0.0,0.25305442888287993,6.364911732790091e-13,3.9048971492431584e-12,8.414346938288178e-13
2012-06-14,0.351714154144205,0.14853177807780357,7.888306300223097e-13,4.734036451500971e-12,0.2453298323466692,0.0,0.2544242354203968,6.35761798350932e-13,3.928386302565235e-12,8.386444651229327e-13
2012-06-15,0.35386401170904425,0.14956004243852553,7.911631077954759e-13,4.746484117047156e-12,0.24358581109882135,0.0,0.2529901347426601,6.376600070016715e-13,3.926622678107517e-12,8.470823958239035e-13
2012-06-18,0.3547188891621308,0.15039007869885523,7.961429560761125e-13,4.795880995405801e-12,0.24282203622736004,0.0,0.2520689959006841,6.338654294722687e-13,3.898482234235005e-12,8.457046370148899e-13
2012-06-19,0.3551621191101785,0.15046193361354426,7.933457582567181e-13,4.802418418741813e-12,0.24258805285850737,0.0,0.25178789440679056,6.3364232817203e-13,3.898024763796255e-12,8.521471245912301e-13
2012-06-20,0.3568210922260647,0.152311607940794,8.025300329527623e-13,4.855685566212288e-12,0.24056251523709507,0.0,0.2503047845850422,6.349505711064119e-13,3.859804187624298e-12,8.513545329679456e-13
2012-06-21,0.35666834053398405,0.15226096265143332,8.081326878198491e-13,4.845568694926888e-12,0.24035941254865778,0.0,0.25071128425494615,6.381831922932682e-13,3.835156484542466e-12,8.519755931454911e-13
2012-06-22,0.3524743469958261,0.15018073012478791,7.955773090775582e-13,4.719112537277891e-12,0.2435037987792225,0.0,0.25384112408938314,6.398684049541825e-13,3.778867660740274e-12,8.472691314213836e-13
2012-06-25,0.3540683385200909,0.15140678344365535,7.99837012212118e-13,4.71920926035061e-12,0.2416795896351467,0.0,0.252845288390319,6.421938892908686e-13,3.782307432302316e-12,8.447290995250509e-13
2012-06-26,0.3505175913249309,0.1499522558406922,7.867775111578352e-13,4.660065526373064e-12,0.24448829767367972,0.0,0.2550418551499266,6.45110402637201e-13,3.833317264329449e-12,8.45553168925182e-13
2012-06-27,0.351552431263073,0.15022846438347082,7.902940099675048e-13,4.690575461104868e-12,0.24344267611611875,0.0,0.2547764282265703,6.428505824571636e-13,3.797048027852658e-12,8.46637174925301e-13
2012-06-28,0.35250141760235976,0.15171718176063786,7.927594448616376e-13,4.691112072300602e-12,0.24225475231086227,0.0,0.2535266483153907,6.426631730494298e-13,3.7784666873883995e-12,8.446825225827707e-13
2012-06-29,0.35152617781279316,0.1514758157489973,7.944765446567165e-13,4.669092217639601e-12,0.24306060518455128,0.0,0.25393740124296355,6.426478476746519e-13,3.734785781891869e-12,8.539926028578072e-13
2012-07-02,0.34999999999736997,0.14999999997498634,0.0,0.0,0.3499999999750053,2.2506921877045543e-11,0.1500000000108948,0.0,1.9236559173907515e-11,0.0
2012-07-03,0.34923525241410563,0.15094825014545718,0.0,0.0,0.34980169811740497,2.262131088190395e-11,0.15001479928128625,0.0,1.9124543048071223e-11,0.0
2012-07-05,0.3503021846211162,0.1523802379020045,0.0,0.0,0.34770321009530375,2.2368572475815936e-11,0.14961436733985845,0.0,1.934855687844236e-11,0.0
2012-07-06,0.348873189097394,0.15227816454166637,0.0,0.0,0.34878833526191305,2.2492635232861805e-11,0.1500603110573957,0.0,1.913814249510524e-11,0.0
2012-07-09,0.3467409075313418,0.15109220920912575,0.0,0.0,0.35121066554078473,2.277939838488386e-11,0.1509562176770076,0.0,1.8960667722380324e-11,0.0
2012-07-10,0.3462869951687443,0.150502367270342,0.0,0.0,0.35216088400622014,2.297894328345412e-11,0.15104975351271419,0.0,1.900033662980183e-11,0.0
2012-07-11,0.344841852542129,0.14951525978892524,0.0,0.0,0.35393861774536783,2.3131174872289684e-11,0.15170426988159336,0.0,1.885329385633153e-11,0.0
2012-07-12,0.3450748487648972,0.14908479843030198,0.0,0.0,0.3538002043819849,2.317217926470608e-11,0.15204014838067628,0.0,1.8967365466667983e-11,0.0
2012-07-13,0.34360931659925076,0.1486650558429573,0.0,0.0,0.3548254804581894,2.3350184667061402e-11,0.1529001470573231,0.0,1.8929146053878908e-11,0.0
2012-07-16,0.34681728943640144,0.14941254970095644,0.0,0.0,0.35193822745058717,2.311842963212223e-11,0.15183193336995493,0.0,1.898147661468702e-11,0.0
2012-07-17,0.34607696164922264,0.1488463913604296,0.0,0.0,0.35279125679013335,2.3231004889801476e-11,0.15228539015798906,0.0,1.8994332593550237e-11,0.0
2012-07-18,0.34775889182878383,0.14907314515512765,0.0,0.0,0.351186151274324,2.3002454880029278e-11,0.1519818116998966,0.0,1.8865501551677627e-11,0.0
2012-07-19,0.3487013438235745,0.149290093476873,0.0,0.0,0.3499014121839612,2.290765973239687e-11,0.1521071504739575,0.0,1.8726163283796564e-11,0.0
2012-07-20,0.34955780573958306,0.14876329317750692,0.0,0.0,0.34933136322666847,2.2845257112163316e-11,0.1523475378146329,0.0,1.8763467913938944e-11,0.0
2012-07-23,0.3476127237779811,0.1473965251250677,0.0,0.0,0.35197814271496725,2.3208022504552856e-11,0.1530126083399091,0.0,1.886693625625406e-11,0.0
2012-07-24,0.3460992063844231,0.145887278624934,0.0,0.0,0.3546080621797927,2.3474039416767826e-11,0.15340545276847867,0.0,1.889764842012557e-11,0.0
2012-07-25,0.34449369418499826,0.1445447334319383,0.0,0.0,0.35670214705536507,2.3753128362730403e-11,0.15425942528491174,0.0,1.9033654964172282e-11,0.0
2012-07-26,0.3442654801140586,0.1447368472773408,0.0,0.0,0.356580730734571,2.3793284610966698e-11,0.15441694183095345,0.0,1.9283102037873955e-11,0.0
2012-07-27,0.34783612341929876,0.14510073201025164,0.0,0.0,0.3533351894361063,2.343336738131483e-11,0.1537279550916077,0.0,1.930233911183249e-11,0.0
2012-07-30,0.3519305012898096,0.14757490186834255,0.0,0.0,0.3484920869301845,2.2840981026658128e-11,0.15200250986955227,0.0,1.9270270111248027e-11,0.0
2012-07-31,0.35157516998216365,0.14692406770150535,0.0,0.0,0.3492606266599919,2.298840692273256e-11,0.15224013561411337,0.0,1.9237371952827862e-11,0.0
2012-08-01,0.34999999998196085,0.14999999999812041,0.0,0.0,0.34999999996436,1.1095421978262475e-10,0.1499999999445855,0.0,0.0,1.911640941109692e-14
2012-08-02,0.351176489307543,0.14815537979622787,0.0,0.0,0.3502007075879499,1.1086733325282348e-10,0.15046742319739292,0.0,0.0,1.9105351808408595e-14
2012-08-03,0.34945964003259855,0.14791668286262674,0.0,0.0,0.35175103803207813,1.1172198689484172e-10,0.1508726389609555,0.0,0.0,1.9198885385048194e-14
2012-08-06,0.35347283063216645,0.15020243001306466,0.0,0.0,0.34704632302289384,1.0901922127935176e-10,0.14927841622283666,0.0,0.0,1.9190369008975913e-14
2012-08-07,0.35335468429628364,0.15102474569850322,0.0,0.0,0.3464829995273446,1.0881472684850882e-10,0.14913757036903472,0.0,0.0,1.912688563840678e-14
2012-08-08,0.35493274392654667,0.15231423259376645,0.0,0.0,0.34447473152923125,1.073561418775242e-10,0.14827829184308053,0.0,0.0,1.8891257689159953e-14
2012-08-09,0.3556106741141977,0.1521917037887428,0.0,0.0,0.3442359160922892,1.0685905309878334e-10,0.1479617058978923,0.0,0.0,1.8776069344353178e-14
2012-08-10,0.35567481864823614,0.15281329248500658,0.0,0.0,0.3437486455856769,1.0671030629612643e-10,0.14776324317435116,0.0,0.0,1.8703563861108947e-14
2012-08-13,0.3557378549539693,0.1520580441447862,0.0,0.0,0.3442367756707008,1.070917315541139e-10,0.147967325123433,0.0,0.0,1.8701962644300294e-14
2012-08-14,0.3559011901047895,0.1519559232783195,0.0,0.0,0.34434252161355816,1.0701509491006425e-10,0.14780036489629883,0.0,0.0,1.8705601173641623e-14
2012-08-15,0.3569042930132614,0.15199972445996168,0.0,0.0,0.34356836691548037,1.0584782311448782e-10,0.14752761550542984,0.0,0.0,1.8715656542856523e-14
2012-08-16,0.3575523916670316,0.1534405619100632,0.0,0.0,0.34207282239933734,1.044308140043915e-10,0.1469342239191179,0.0,0.0,1.8814125948515548e-14
2012-08-17,0.35912146787239085,0.15458539269073024,0.0,0.0,0.34022725304116086,1.0323363525750925e-10,0.14606588629246517,0.0,0.0,1.890078890675483e-14
2012-08-20,0.3588200397557053,0.15533288129352393,0.0,0.0,0.3399016476867891,1.0351141320647025e-10,0.14594543116045094,0.0,0.0,1.8865395916574818e-14
2012-08-21,0.35874459962606003,0.15494720785061392,0.0,0.0,0.33999730664806893,1.0369512201599628e-10,0.14631088577154264,0.0,0.0,1.8806070109090686e-14
2012-08-22,0.35789132104750687,0.15495240219118983,0.0,0.0,0.3405040762632528,1.0422206685977605e-10,0.14665220039380905,0.0,0.0,1.8858080683296264e-14
2012-08-23,0.357010078056662,0.15376596932660969,0.0,0.0,0.3421590938817077,1.0563667593863054e-10,0.1470648586293646,0.0,0.0,1.879234122429277e-14
2012-08-24,0.3552577426959949,0.15318862869689034,0.0,0.0,0.3438927822036349,1.0642802813162451e-10,0.1476608462970324,0.0,0.0,1.8797394165472263e-14
2012-08-27,0.3564896483937934,0.15321395517713862,0.0,0.0,0.34285375977842025,1.0605366201312133e-10,0.14744263654457473,0.0,0.0,1.8811733744753497e-14
2012-08-28,0.3559935390758506,0.15342306143153722,0.0,0.0,0.34319279902504973,1.0650291786428017e-10,0.14739060036104012,0.0,0.0,1.8838266075937336e-14
2012-08-29,0.3553981630596847,0.15401861008458825,0.0,0.0,0.3430849399972978,1.066843278857335e-10,0.14749828675172535,0.0,0.0,1.8890527570432233e-14
2012-08-30,0.35559607939456944,0.15445781126007072,0.0,0.0,0.34278707618865534,1.061947236007626e-10,0.1471590330504901,0.0,0.0,1.8880690208040846e-14
2012-08-31,0.3542419946358112,0.1534483152357524,0.0,0.0,0.34459754155989103,1.0711117086929292e-10,0.1477121484614144,0.0,0.0,1.8902722644592315e-14
2012-09-04,0.3499999999998684,0.14999999999808522,4.1614317104361557e-13,8.809868147518384e-13,0.12207672112106863,0.02792327887386582,0.3499999999962633,4.5913075186937785e-12,0.0,4.960170163880102e-12
2012-09-05,0.34954710325849125,0.1517740390543708,4.13891908291358e-13,8.757256848619085e-13,0.12175208622231187,0.027884803715335457,0.3490419677386182,4.589494391745787e-12,0.0,4.99324287150074e-12
2012-09-06,0.3493515488491735,0.15185524280129903,4.1288369318998506e-13,8.714958372834021e-13,0.121742756022403,0.02776150499264782,0.3492889473236151,4.59133300961138e-12,0.0,4.98577956696689e-12
2012-09-07,0.3539467658343686,0.15356450245984996,4.20162781771351e-13,8.845464320506499e-13,0.12006620375707745,0.027108134078353593,0.3453143938594644,4.585997826333197e-12,0.0,4.995157503493249e-12
2012-09-10,0.3541679148116035,0.15419895854845114,4.250994079477435e-13,9.02085795845285e-13,0.11983056560541537,0.02689404505449814,0.34490851596914224,4.578977977838189e-12,0.0,4.983299465759602e-12
2012-09-11,0.3530792980374634,0.15390615980526967,4.228535451060289e-13,8.928795086303004e-13,0.12020039033528365,0.027029816191860352,0.3457843356192662,4.583547210495823e-12,0.0,4.957279790810045e-12
2012-09-12,0.35363536948102103,0.15404995287280004,4.2713787141453194e-13,9.024695099827737e-13,0.11983287177825848,0.02682776276933282,0.3456540430876827,4.609223815742517e-12,0.0,4.966017048681197e-12
2012-09-13,0.3546897942451352,0.1547833702569534,4.297838195082051e-13,9.061509241663123e-13,0.1192015295718531,0.02648401402145019,0.34484129189367596,4.621469831312932e-12,0.0,4.9745779744606876e-12
2012-09-14,0.3566980727099581,0.1553378504342959,4.3222060520395125e-13,9.218169749605795e-13,0.1184186979130468,0.026131029595709968,0.3434143493360396,4.6073295628416386e-12,0.0,4.988210083949874e-12
2012-09-17,0.358575986603441,0.15691933936431085,4.3685548662837993e-13,9.333735208958072e-13,0.11740382278739994,0.025457566108708425,0.34164328512513875,4.610644880421809e-12,0.0,5.0200788482906946e-12
2012-09-18,0.35743901600972167,0.15622819013860076,4.346565850876556e-13,9.23449055068815e-13,0.11767289985849722,0.025768967211717363,0.34289092677049043,4.607759629445101e-12,0.0,5.006609291484877e-12
2012-09-19,0.3569031855576022,0.15561334554856326,4.325392992353333e-13,9.232601878972811e-13,0.11788996675043249,0.02588047526910651,0.3437130268633774,4.606583441376884e-12,0.0,4.9557609110490145e-12
2012-09-20,0.35676343715113734,0.15519543960766924,4.33953204162568e-13,9.223947363881176e-13,0.11805449050118447,0.02602596552368545,0.3439606672054474,4.596379647181097e-12,0.0,4.9234125574732955e-12
2012-09-21,0.35708031033596305,0.1546329139441267,4.315381415645697e-13,9.176467730155747e-13,0.11821737827196498,0.02611184150982311,0.34395755592734,4.578552347906058e-12,0.0,4.854481812877025e-12
2012-09-24,0.3564589213048996,0.154990419537506,4.3120451948237756e-13,9.186316417653046e-13,0.11831386189020349,0.02610738828276441,0.3441294089738618,4.5661219961363136e-12,0.0,4.848789744729708e-12
2012-09-25,0.3559435624774959,0.15449419862714547,4.297294078409236e-13,9.178098807912319e-13,0.11858526129364562,0.026313080244952124,0.3446638973460217,4.5605253347663004e-12,0.0,4.831096677572776e-12
2012-09-26,0.353791981040498,0.15298134910544547,4.2870751903622583e-13,9.083781840827246e-13,0.11957816264674326,0.02669645038346315,0.3469520568131902,4.540840352336093e-12,0.0,4.781963264154336e-12
2012-09-27,0.35222603935399505,0.152195040793946,4.249281394302252e-13,9.052676697179073e-13,0.12021961435618053,0.027015888371994347,0.3483434171132432,4.523616782370037e-12,0.0,4.786971238892136e-12
2012-09-28,0.3540055656426591,0.15317662382842517,4.28156742303487e-13,9.15662818833375e-13,0.11944589234138575,0.02670748735272,0.34666443082412607,4.5531298392950844e-12,0.0,4.786848675407943e-12
2012-10-01,0.34999999999488524,0.15000000000913047,0.0,0.0,1.077132352031661e-11,7.458846506080552e-13,0.1452339396714858,0.25476606031813814,0.0,0.09999999999484312
2012-10-02,0.3506973787527826,0.1504062516916351,0.0,0.0,1.0784348575617049e-11,7.481691887978201e-13,0.14552758975993163,0.25417166663838064,0.0,0.09919711314573754
2012-10-03,0.3503291031639098,0.15037923464771064,0.0,0.0,1.0754913569898548e-11,7.455881038171969e-13,0.14527173738377624,0.2542775920379791,0.0,0.0997423327551238
2012-10-04,0.35108136271776347,0.14965985050293618,0.0,0.0,1.074505787799706e-11,7.443902693271299e-13,0.14508687628024183,0.25442275647271284,0.0,0.09974915401485626
2012-10-05,0.35202653105368614,0.15001016965444167,0.0,0.0,1.0654938264745734e-11,7.3184066267886e-13,0.14432360467548302,0.25436432130593595,0.0,0.0992753732990665
2012-10-08,0.3521896815653354,0.1498911481414822,0.0,0.0,1.0610827259391513e-11,7.226449209205246e-13,0.14415518945431752,0.25432736512175086,0.0,0.0994366157057806
2012-10-09,0.35180834421132146,0.14929621408510974,0.0,0.0,1.0670322403743e-11,7.304392389122309e-13,0.14487389501559816,0.2545656789523755,0.0,0.0994558677241944
2012-10-10,0.3504883293670297,0.1484599499837823,0.0,0.0,1.0714561931000968e-11,7.336419923367201e-13,0.14592713421030482,0.2554217813213543,0.0,0.09970280510608065
2012-10-11,0.3490959280581716,0.14858544507348884,0.0,0.0,1.076643979638964e-11,7.406057501470538e-13,0.1465444573280001,0.25542874701884444,0.0,0.10034542250998807
2012-10-12,0.3484098070834079,0.14874978431055658,0.0,0.0,1.0749228636838934e-11,7.438510247058736e-13,0.14665336570897894,0.2561716083513614,0.0,0.10001543453420222
2012-10-15,0.3479946453688198,0.14785453487502295,0.0,0.0,1.0772717419556106e-11,7.472769276028408e-13,0.14712815617727626,0.25715249387901334,0.0,0.09987016968834778
2012-10-16,0.34874561636510787,0.14791638425227704,0.0,0.0,1.0709770556806374e-11,7.410264281444869e-13,0.14668052555185945,0.2567394920032021,0.0,0.0999179818161027
2012-10-17,0.3501495888035154,0.14810730026551325,0.0,0.0,1.0594841566213304e-11,7.263637604883051e-13,0.14569908696617345,0.25612086199888356,0.0,0.09992316195459308
2012-10-18,0.3507062105196003,0.14900348208293931,0.0,0.0,1.0497044116641721e-11,7.175247389482197e-13,0.14498848745959128,0.25594496020990587,0.0,0.09935685971674858
2012-10-19,0.3501863250582404,0.1483534063078402,0.0,0.0,1.0490141463982464e-11,7.139298208391507e-13,0.1448789914460494,0.2560944705441537,0.0,0.10048680663251228
2012-10-22,0.3480756602892975,0.14692453809540482,0.0,0.0,1.0648290183100565e-11,7.314455976041632e-13,0.14670894918709648,0.25756239895376604,0.0,0.10072845346305544
2012-10-23,0.34839781527331526,0.14700408726009165,0.0,0.0,1.062089322345929e-11,7.273308780054209e-13,0.14647759296784393,0.2578204285288719,0.0,0.10030007595852897
2012-10-24,0.3460917175480104,0.14734402838617636,0.0,0.0,1.0750111296334858e-11,7.431628470597689e-13,0.14780848977388997,0.25874011809914066,0.0,0.10001564618128934
2012-10-25,0.34583076289592196,0.1472515255049498,0.0,0.0,1.0749394561913619e-11,7.373638696342416e-13,0.14771754252477132,0.2590541586427864,0.0,0.1001460104200837
2012-10-26,0.34637824506783055,0.14765478925646094,0.0,0.0,1.0696133251699333e-11,7.326317123093319e-13,0.14710072250334097,0.2591315807557574,0.0,0.0997346624051814
2012-10-31,0.3467587035764371,0.1471931188522619,0.0,0.0,1.0782172970939754e-11,7.446598061372989e-13,0.14807005945915175,0.2589471727524847,0.0,0.09903094534813768
2012-11-01,0.3499999999848053,0.15000000004695205,0.0,0.0,0.2519299404325161,0.0,0.14807005940687057,1.5545445551042858e-10,0.0,0.09999999997340143
2012-11-02,0.3520544866557723,0.1508901580987276,0.0,0.0,0.2502824000786376,0.0,0.14674889355705154,1.5466317798569711e-10,0.0,0.10002406145514771
2012-11-05,0.35064976354361715,0.14924675134632379,0.0,0.0,0.25173079680822447,0.0,0.14718574002365623,1.5520977276010166e-10,0.0,0.10118694812296854
2012-11-06,0.3507635837239153,0.14998098901584267,0.0,0.0,0.251904862686194,0.0,0.14700471152145236,1.5469135409098827e-10,0.0,0.10034585289790425
2012-11-07,0.3526462219029919,0.15073175550055778,0.0,0.0,0.25014908028456756,0.0,0.1459385744814031,1.545480537172537e-10,0.0,0.10053436767593144
2012-11-08,0.3480320007255895,0.14851189692515968,0.0,0.0,0.2547178731919831,0.0,0.14767171791316364,1.551338534410979e-10,0.0,0.10106651108897005
2012-11-09,0.3460943472317847,0.1473801069915594,0.0,0.0,0.25751900393380556,0.0,0.1484905004592267,1.5563780367375613e-10,0.0,0.10051604122798556
2012-11-12,0.34639243808104375,0.1476952211360162,0.0,0.0,0.25754070989303357,0.0,0.14812376188414117,1.553645391269044e-10,0.0,0.1002478688504005
2012-11-13,0.34673678082175985,0.1472964537755982,0.0,0.0,0.2577574648236327,0.0,0.14817752758512787,1.554463297072393e-10,0.0,0.10003177283843478
2012-11-14,0.34613942321153707,0.14671591300765766,0.0,0.0,0.25851777899412853,0.0,0.14849839724684344,1.5536121664823684e-10,0.0,0.10012848738447187
2012-11-15,0.34453074466187844,0.1452861847531659,0.0,0.0,0.26090934674033606,0.0,0.15013890426569404,1.558960010289379e-10,0.0,0.0991348194230293
2012-11-16,0.34471031977819355,0.144854180327911,0.0,0.0,0.2613676625198934,0.0,0.1501754009814734,1.561727183178358e-10,0.0,0.09889243623635574
2012-11-19,0.34512449942172113,0.14551771448435885,0.0,0.0,0.2605634268977253,0.0,0.14966628773810542,1.560383031166881e-10,0.0,0.09912807130205065
2012-11-20,0.348199323021552,0.14694774648810657,0.0,0.0,0.2571501408365768,0.0,0.1484666117326342,1.5625709154671597e-10,0.0,0.09923617776487308
2012-11-21,0.34848121159455925,0.1472633738816616,0.0,0.0,0.256183335774753,0.0,0.1480602476425769,1.5633308560675444e-10,0.0,0.10001183095011594
2012-11-23,0.34878702461534156,0.14789730134505738,0.0,0.0,0.2555520516768342,0.0,0.1480232814808903,1.5612765788207828e-10,0.0,0.09974034072574875
2012-11-26,0.3511251829538526,0.14834384780517093,0.0,0.0,0.2536663723259519,0.0,0.1470729052780522,1.5558366311198045e-10,0.0,0.09979169148138854
2012-11-27,0.35016971488131576,0.14873382546474487,0.0,0.0,0.253936136028189,0.0,0.1472260524406331,1.555240545143691e-10,0.0,0.099934271029593
2012-11-28,0.34903198548274034,0.14882668805739566,0.0,0.0,0.2549969451308662,0.0,0.14758540205739448,1.5596598276156286e-10,0.0,0.09955897911563726
2012-11-29,0.35035517604841887,0.14944738143961625,0.0,0.0,0.25424645594994505,0.0,0.14693719454297244,1.5534020269058704e-10,0.0,0.09901379186370703
2012-11-30,0.35049902309052666,0.15051644433464742,0.0,0.0,0.25342573339919516,0.0,0.14642284718017173,1.553679864823609e-10,0.0,0.09913595184009093
2012-12-03,0.34999999999165987,0.14999999998807184,0.0,0.0,0.0,0.0,0.34999999998120046,0.14999999988839413,0.0,1.5067378235933812e-10
2012-12-04,0.34853430519949485,0.14994652516993395,0.0,0.0,0.0,0.0,0.35064740114968423,0.15087176832949106,0.0,1.513959779235721e-10
2012-12-05,0.34803921550574984,0.15012835681741482,0.0,0.0,0.0,0.0,0.3509616635897247,0.15087076393548102,0.0,1.5162979640276262e-10
2012-12-06,0.34816919910960276,0.1497365821707701,0.0,0.0,0.0,0.0,0.3511907212931689,0.1509034972755088,0.0,1.5094947513498752e-10
2012-12-07,0.34877968531842096,0.1497290114768483,0.0,0.0,0.0,0.0,0.3505595846668214,0.15093171838580177,0.0,1.5210760032318736e-10
2012-12-10,0.34979843944064165,0.1498222353974979,0.0,0.0,0.0,0.0,0.3496901452289237,0.1506891797802838,0.0,1.5265305073440336e-10
2012-12-11,0.3495094839336408,0.1502909546176825,0.0,0.0,0.0,0.0,0.34956910738256824,0.15063045391371596,0.0,1.5239263195630873e-10
2012-12-12,0.35089941939495617,0.1514479174446848,0.0,0.0,0.0,0.0,0.3473009767250882,0.15035168628293408,0.0,1.52336970854055e-10
2012-12-13,0.35152333193940116,0.1507887760419796,0.0,0.0,0.0,0.0,0.3466907923735263,0.1509970994929799,0.0,1.5211330456874382e-10
2012-12-14,0.35083949057492875,0.15045633625398896,0.0,0.0,0.0,0.0,0.34760533513163433,0.15109883788786627,0.0,1.5158191493680718e-10
2012-12-17,0.34997306025853114,0.15055313514890126,0.0,0.0,0.0,0.0,0.34829937062358,0.1511744338172398,0.0,1.517481030329792e-10
2012-12-18,0.3520808541345849,0.15180898848794136,0.0,0.0,0.0,0.0,0.34521158686555103,0.15089857036024065,0.0,1.516822605921201e-10
2012-12-19,0.3541528488648254,0.15308300861993956,0.0,0.0,0.0,0.0,0.34256803480592746,0.15019610755685647,0.0,1.5245120793247063e-10
2012-12-20,0.35191363769728234,0.15359516061981937,0.0,0.0,0.0,0.0,0.34428809037805097,0.1502031111524355,0.0,1.5241197902101704e-10
2012-12-21,0.3526463191523079,0.1537986928983971,0.0,0.0,0.0,0.0,0.34337231583021804,0.15018267196522964,0.0,1.538475023144582e-10
2012-12-24,0.3507338392493415,0.15372680976336073,0.0,0.0,0.0,0.0,0.34523634847313384,0.15030300236000507,0.0,1.5415908996099522e-10
2012-12-26,0.3505655677009989,0.15337734942242948,0.0,0.0,0.0,0.0,0.3459089852558956,0.15014809746590974,0.0,1.5476658199587465e-10
2012-12-27,0.3496891266114579,0.15254124563183782,0.0,0.0,0.0,0.0,0.346998155551194,0.15077147205120991,0.0,1.543006173598863e-10
2012-12-28,0.348924574241388,0.15230204358012575,0.0,0.0,0.0,0.0,0.3478219058492108,0.15095147617453927,0.0,1.5473649192669028e-10
2012-12-31,0.346707911123668,0.15190200463653977,0.0,0.0,0.0,0.0,0.3501655965179053,0.15122448756747367,0.0,1.5441361525076284e-10
2013-01-02,0.3499999999890847,0.0,0.14999999997703475,0.0,0.0,0.0,0.3499999999899729,0.14999999998787394,0.0,5.603386353495135e-11
2013-01-03,0.35418326331712496,0.0,0.15029007998583513,0.0,0.0,0.0,0.34613187773664317,0.14939477890442138,0.0,5.5975554305139886e-11
2013-01-04,0.3550167009599849,0.0,0.14952044792103303,0.0,0.0,0.0,0.34583934071625005,0.14962351034650637,0.0,5.6225875624208617e-11
2013-01-07,0.3557785349525344,0.0,0.1499428220455386,0.0,0.0,0.0,0.3448942255326898,0.14938441741287603,0.0,5.636125950387069e-11
2013-01-08,0.35513480103237427,0.0,0.1494288147147901,0.0,0.0,0.0,0.34578639767704183,0.14964998651925387,0.0,5.6539904962036717e-11
2013-01-09,0.35469977884839143,0.0,0.1488393080476243,0.0,0.0,0.0,0.34667465957687515,0.14978625347058533,0.0,5.652380034271692e-11
2013-01-10,0.354950803686502,0.0,0.1493242631592309,0.0,0.0,0.0,0.3459262523611065,0.14979868073657995,0.0,5.65805530381098e-11
2013-01-11,0.35593806017183405,0.0,0.1504548715438222,0.0,0.0,0.0,0.3443233109890627,0.1492837572389318,0.0,5.63491440248431e-11
2013-01-14,0.35549341380774085,0.0,0.1505884047875313,0.0,0.0,0.0,0.34454224965727986,0.14937593169119892,0.0,5.6249048721893186e-11
2013-01-15,0.35558885047720545,0.0,0.1509131715486246,0.0,0.0,0.0,0.34418584340253994,0.14931213451516834,0.0,5.646172784245469e-11
2013-01-16,0.35591796572980244,0.0,0.15071631284529072,0.0,0.0,0.0,0.34398539506621423,0.14938032630194864,0.0,5.6743876311722747e-11
2013-01-17,0.35623612546416433,0.0,0.15014348103884426,0.0,0.0,0.0,0.3443397452401798,0.14928064820007633,0.0,5.673518920517997e-11
2013-01-18,0.35730012434404357,0.0,0.15084321610805235,0.0,0.0,0.0,0.34255447383701476,0.1493021856541742,0.0,5.6715037976241096e-11
2013-01-22,0.3576719460180379,0.0,0.1505090460841452,0.0,0.0,0.0,0.342488810234452,0.14933019760647467,0.0,5.689006616147399e-11
2013-01-23,0.35884709394188063,0.0,0.15027092219573662,0.0,0.0,0.0,0.341770661139038,0.1491113226662819,0.0,5.7062595573068357e-11
2013-01-24,0.35918237319366114,0.0,0.15001475075659565,0.0,0.0,0.0,0.341965050261403,0.1488378257313324,0.0,5.700747900305106e-11
2013-01-25,0.3590388289438832,0.0,0.15063687770125095,0.0,0.0,0.0,0.3412557763738648,0.14906851692391462,0.0,5.708602420754466e-11
2013-01-28,0.36032177684365013,0.0,0.15195181936725266,0.0,0.0,0.0,0.3390084911537355,0.1487179125780675,0.0,5.729379652592948e-11
2013-01-29,0.3604450398609139,0.0,0.15143831787368717,0.0,0.0,0.0,0.3392479980669612,0.14886864414090537,0.0,5.7531890904801935e-11
2013-01-30,0.3613439899770542,0.0,0.15225127405819155,0.0,0.0,0.0,0.33800025470177286,0.14840448120536529,0.0,5.7615749826785865e-11
2013-01-31,0.3611772779986262,0.0,0.15293430131842636,0.0,0.0,0.0,0.33803919024454226,0.14784923038113965,0.0,5.726516694286895e-11
2013-02-01,0.15000000001378294,0.0,0.3499999999394378,6.595308523008995e-12,1.0708647096443807e-12,0.0,0.3499999999920194,0.15000000002114175,0.0,2.5951643711397044e-11
2013-02-04,0.15095117134804809,0.0,0.3514110988673573,6.612632094930846e-12,1.0630579277317427e-12,0.0,0.34772806789924326,0.14990966185167365,0.0,2.6001754879036816e-11
2013-02-05,0.15037856675032216,0.0,0.34768547704725655,6.5741242491160726e-12,1.0772517600958992e-12,0.0,0.351527270065187,0.15040868610344607,0.0,2.6136553598088755e-11
2013-02-06,0.1514793113132925,0.0,0.34833280327016714,6.563508100716315e-12,1.0704458327682066e-12,0.0,0.3498544736902937,0.15033341169260864,0.0,2.6003790404276632e-11
2013-02-07,0.151477898909714,0.0,0.34801675944257,6.551213806471129e-12,1.0728916949452789e-12,0.0,0.3505081979828435,0.1499971436311722,0.0,2.6075879615340434e-11
2013-02-08,0.15176639272843148,0.0,0.34628362055608836,6.5140249602460485e-12,1.0768657700921567e-12,0.0,0.3517588121439831,0.1501911745378563,0.0,2.6049530349987882e-11
2013-02-11,0.15202611967519988,0.0,0.34715113857489727,6.536763178504189e-12,1.0735468014733312e-12,0.0,0.3511749104719514,0.14964783124415182,0.0,2.6189110168947057e-11
2013-02-12,0.15208396304184743,0.0,0.3469960248101694,6.537565864669767e-12,1.0730566141784082e-12,0.0,0.3512016790041155,0.1497183331100146,0.0,2.6242280088920794e-11
2013-02-13,0.15201012841389502,0.0,0.3479744493789674,6.54150275098139e-12,1.0696613621761993e-12,0.0,0.3501018042992499,0.14991361787389254,0.0,2.638368314681452e-11
2013-02-14,0.15208493411353735,0.0,0.3486771999389565,6.571865098614845e-12,1.0655441206942104e-12,0.0,0.349153720568204,0.15008414534530545,0.0,2.635895657287975e-11
2013-02-15,0.15235449138479856,0.0,0.347078061419664,6.5744820821018606e-12,1.0709917169254864e-12,0.0,0.35041981424640584,0.15014763291521438,0.0,2.6271322134766916e-11
2013-02-19,0.1523571787405798,0.0,0.3466051528978605,6.558528039135913e-12,1.0712678737310154e-12,0.0,0.35069366820676606,0.15034400012084922,0.0,2.6314276428482485e-11
2013-02-20,0.15269108375163112,0.0,0.3488521499121972,6.53734952495005e-12,1.0639207144112945e-12,0.0,0.34875998040468814,0.14969678589749827,0.0,2.6383680970880004e-11
2013-02-21,0.15152830992868904,0.0,0.34712538379209545,6.511317129032084e-12,1.071466649592357e-12,0.0,0.3510595466104579,0.15028675963483223,0.0,2.6342243189080575e-11
2013-02-22,0.1514278183540584,0.0,0.343770633249399,6.456894711337878e-12,1.0794377398534549e-12,0.0,0.35353394214838246,0.1512676062143363,0.0,2.6287179612297498e-11
2013-02-25,0.1518392183886611,0.0,0.3462825175076868,6.440049170629236e-12,1.0732057345768517e-12,0.0,0.3512982795427281,0.15057998452704527,0.0,2.6365203607932687e-11
2013-02-26,0.1503881021379834,0.0,0.3412564729596918,6.415079317191779e-12,1.091913134665831e-12,0.0,0.3567921424621277,0.1515632824065756,0.0,2.611421788500508e-11
2013-02-27,0.15080221703649246,0.0,0.3426081521372278,6.424915106715246e-12,1.0854481317234071e-12,0.0,0.3548993974539121,0.1516902333386696,0.0,2.618734026680928e-11
2013-02-28,0.15173306216388135,0.0,0.3447522915068442,6.454024108994077e-12,1.0780561980496093e-12,0.0,0.35253021589579875,0.1509844303997325,0.0,2.6210659013416687e-11
2013-03-01,0.15000000023758533,0.0,0.34999999972380547,0.0,0.0,0.0,0.1499999987573041,0.34999999996917047,0.0,1.3121345899495518e-09
2013-03-04,0.15037254756096372,0.0,0.34899527460418256,0.0,0.0,0.0,0.15022071171358906,0.3504114648058297,0.0,1.315435062058271e-09
2013-03-05,0.15083727534526617,0.0,0.3497179332767614,0.0,0.0,0.0,0.149774697768898,0.34967009228671747,0.0,1.3223570614780346e-09
2013-03-06,0.1513882464752478,0.0,0.3513367093414851,0.0,0.0,0.0,0.1487390250710114,0.3485360177864953,0.0,1.3257605859243894e-09
2013-03-07,0.15152712404349222,0.0,0.35207479208938863,0.0,0.0,0.0,0.1482390434599619,0.34815903908593765,0.0,1.3212197474317205e-09
2013-03-08,0.15160101378995489,0.0,0.3526209993956589,0.0,0.0,0.0,0.1475604588059327,0.3482175266951847,0.0,1.3132689411736375e-09
2013-03-11,0.15204872519236912,0.0,0.35293324818319405,0.0,0.0,0.0,0.1468484107498113,0.3481696145608189,0.0,1.313806753944465e-09
2013-03-12,0.15239346195902417,0.0,0.35346450853115763,0.0,0.0,0.0,0.14672375196022042,0.34741827623666555,0.0,1.3129324467629487e-09
2013-03-13,0.1523524075199124,0.0,0.35237957955915006,0.0,0.0,0.0,0.1473107228192657,0.34795728879102666,0.0,1.3106453795725738e-09
2013-03-14,0.15262608780655604,0.0,0.3519788430104753,0.0,0.0,0.0,0.14723087876069513,0.3481641891098123,0.0,1.3124615476777817e-09
2013-03-15,0.15257540003766729,0.0,0.3534294694904748,0.0,0.0,0.0,0.1464641013788834,0.3475310277796749,0.0,1.3132998458653763e-09
2013-03-18,0.15227214618272641,0.0,0.35390278153377364,0.0,0.0,0.0,0.14656312434308072,0.34726194662500937,0.0,1.315410251228079e-09
2013-03-19,0.15208755810626018,0.0,0.35151690128896124,0.0,0.0,0.0,0.1475557887997547,0.3488397504912322,0.0,1.3137920832000006e-09
2013-03-20,0.15200271770610788,0.0,0.3510684129660913,0.0,0.0,0.0,0.14806429412969954,0.34886457388837333,0.0,1.30972829264018e-09
2013-03-21,0.15246719926131422,0.0,0.3518311091631947,0.0,0.0,0.0,0.1470551954648191,0.3486464948019371,0.0,1.3087351467975803e-09
2013-03-22,0.15192141003511403,0.0,0.3503771808187901,0.0,0.0,0.0,0.14793997819400345,0.34976142964075635,0.0,1.3113362839800537e-09
2013-03-25,0.15253014440422236,0.0,0.35200219001799,0.0,0.0,0.0,0.1473615018443079,0.34810616242050924,0.0,1.3129706944728491e-09
2013-03-26,0.15273948345006355,0.0,0.3495510566856587,0.0,0.0,0.0,0.14818270550933269,0.3495267530344676,0.0,1.3204775732421566e-09
2013-03-27,0.15332420770776695,0.0,0.3503007493550083,0.0,0.0,0.0,0.1476678070145977,0.34870723459627506,0.0,1.3263520149284086e-09
2013-03-28,0.1535998554870553,0.0,0.34920535201276054,0.0,0.0,0.0,0.14845295428051117,0.34874183688847465,0.0,1.3311983924178628e-09
2013-04-01,0.15359985561926906,4.7346074244081675e-12,0.34640014427962224,0.0,0.0,0.0,0.15000000005889172,0.34999999989793573,0.0,1.3954663863894482e-10
2013-04-02,0.15373573633285978,4.693635488813962e-12,0.3434215676658554,0.0,0.0,0.0,0.15051211598232755,0.3523305798736211,0.0,1.4064246309766506e-10
2013-04-03,0.15385687476149262,4.645165667003157e-12,0.34564867096993074,0.0,0.0,0.0,0.14987862274037314,0.3506158313830604,0.0,1.4049781082524573e-10
2013-04-04,0.15270338922797264,4.584615183862805e-12,0.3448620611878071,0.0,0.0,0.0,0.15088305027458473,0.3515514991646744,0.0,1.403763448242752e-10
2013-04-05,0.15265479274743998,4.603704820660756e-12,0.34640998858660277,0.0,0.0,0.0,0.15102778910549225,0.3499074294138234,0.0,1.4203767774336703e-10
2013-04-08,0.15219302947635968,4.601454286736541e-12,0.3453336644174806,0.0,0.0,0.0,0.15171477028814034,0.3507585356703988,0.0,1.4301886608705633e-10
2013-04-09,0.15278105399553224,4.6261963271230504e-12,0.3456852147568512,0.0,0.0,0.0,0.15141484722238485,0.35011888387685414,0.0,1.4375111642091434e-10
2013-04-10,0.15284681321114613,4.598782581206407e-12,0.34586943973268075,0.0,0.0,0.0,0.1511079899402491,0.3501757569679877,0.0,1.4333736235558818e-10
2013-04-11,0.15353287430023707,4.646163982571571e-12,0.34831873923026874,0.0,0.0,0.0,0.14955312891619318,0.3485952574055376,0.0,1.4311715270366427e-10
2013-04-12,0.15352525977921214,4.6371698243417856e-12,0.34987927055441354,0.0,0.0,0.0,0.14915608079567116,0.34743938872258634,0.0,1.4347950840085768e-10
2013-04-15,0.1532092290229129,4.620241343457024e-12,0.3491494826285499,0.0,0.0,0.0,0.14995558672431417,0.3476857014757164,0.0,1.4388622829598104e-10
2013-04-16,0.15156557261875905,4.50271332052759e-12,0.346632584354714,0.0,0.0,0.0,0.1519161585986076,0.34988568428071387,0.0,1.4270253515012233e-10
2013-04-17,0.15238671113073762,4.538482831251449e-12,0.3483118967127964,0.0,0.0,0.0,0.15024445344333145,0.3490569385648631,0.0,1.4373279433498905e-10
2013-04-18,0.15164888047548591,4.503981820424547e-12,0.3444443002479677,0.0,0.0,0.0,0.1519468990347993,0.35195992009362403,0.0,1.4361894515142657e-10
2013-04-19,0.1510665636172531,4.4898617268668035e-12,0.3442240227687849,0.0,0.0,0.0,0.15245390028950945,0.3522555131762124,0.0,1.437501187262255e-10
2013-04-22,0.15175581624153298,4.522887012871895e-12,0.34556242351160404,0.0,0.0,0.0,0.15205440927255556,0.35062735082441676,0.0,1.4536761335288714e-10
2013-04-23,0.15197306171079908,4.5222871060929e-12,0.34598546912998196,0.0,0.0,0.0,0.15164911470850645,0.350392354301454,0.0,1.4473606502885395e-10
2013-04-24,0.15231639062414964,4.557347304560261e-12,0.3480864721635181,0.0,0.0,0.0,0.15063843066711774,0.3489587063962754,0.0,1.4438156017702535e-10
2013-04-25,0.15183744492518889,4.5637465187549805e-12,0.3497681050154002,0.0,0.0,0.0,0.1501312583915148,0.3482631915191853,0.0,1.4414699665217252e-10
2013-04-26,0.1519478702411897,4.578532346298298e-12,0.35044686015909454,0.0,0.0,0.0,0.1495480714221132,0.34805719802983814,0.0,1.4318584216395476e-10
2013-04-29,0.15165008956655446,4.55313749277463e-12,0.35066599744436255,0.0,0.0,0.0,0.15005876310791663,0.34762514973391934,0.0,1.4269391904378724e-10
2013-04-30,0.15173097711406322,4.557889815015917e-12,0.35296894741527995,0.0,0.0,0.0,0.14915194291826311,0.34614813240480485,0.0,1.43030982484423e-10
2013-05-01,0.15173097723140802,0.349117080081024,0.0,0.0,2.8858748734812694e-12,0.0,0.1491519427013381,0.349999999983344,0.0,0.0
2013-05-02,0.15188811389379034,0.3440271612885491,0.0,0.0,2.9239357143876e-12,0.0,0.1512975392367445,0.3527871855779921,0.0,0.0
2013-05-03,0.1519100772228497,0.34633142834800995,0.0,0.0,2.8974491941036998e-12,0.0,0.14992700796200423,0.3518314864642386,0.0,0.0
2013-05-06,0.15250859873668593,0.3496666764206612,0.0,0.0,2.8551039830056128e-12,0.0,0.14760568636391708,0.3502190384758807,0.0,0.0
2013-05-07,0.1524641032347927,0.3509234379517736,0.0,0.0,2.8433513968827545e-12,0.0,0.14716437567492024,0.34944808313567016,0.0,0.0
2013-05-08,0.1527361245109309,0.3526372415434198,0.0,0.0,2.8301217742211245e-12,0.0,0.1465744388227069,0.3480521951201124,0.0,0.0
2013-05-09,0.15295879191882625,0.3525751929566606,0.0,0.0,2.824809937690152e-12,0.0,0.14625593260215838,0.3482100825195301,0.0,0.0
2013-05-10,0.1529814156244958,0.3524132722670256,0.0,0.0,2.8326815489974915e-12,0.0,0.14637587761851448,0.3482294344871317,0.0,0.0
2013-05-13,0.15338746246948218,0.35487777253186975,0.0,0.0,2.8149902640883064e-12,0.0,0.14552604602559888,0.3462087189702345,0.0,0.0
2013-05-14,0.15380525059670952,0.35530455356718926,0.0,0.0,2.815420073334493e-12,0.0,0.1454306843237929,0.3454595115094931,0.0,0.0
2013-05-15,0.15444972967326162,0.35766962453964585,0.0,0.0,2.7870684364101468e-12,0.0,0.14416071726771063,0.3437199285165951,0.0,0.0
2013-05-16,0.15495568693721315,0.357647021762335,0.0,0.0,2.7885135124565817e-12,0.0,0.14436299250685383,0.34303429879080966,0.0,0.0
2013-05-17,0.15425097086570308,0.35678962861321845,0.0,0.0,2.802223250817198e-12,0.0,0.14504585913970247,0.34391354137857383,0.0,0.0
2013-05-20,0.15498824292199537,0.35904635008787167,0.0,0.0,2.773585934498119e-12,0.0,0.14372004820021161,0.3422453587871478,0.0,0.0
2013-05-21,0.15486088106811605,0.3593525029087921,0.0,0.0,2.7693999068252343e-12,0.0,0.14344316067719554,0.342343455343127,0.0,0.0
2013-05-22,0.1548546969189023,0.358894449078248,0.0,0.0,2.7725605607580816e-12,0.0,0.1437687894403223,0.34248206455975494,0.0,0.0
2013-05-23,0.15520188232124385,0.3570917400509928,0.0,0.0,2.77732757770392e-12,0.0,0.14402251343300257,0.3436838641919835,0.0,0.0
2013-05-24,0.15487767249166498,0.3578182488765526,0.0,0.0,2.782443635140154e-12,0.0,0.14428341422540256,0.34302066440359746,0.0,0.0
2013-05-28,0.15489394714377222,0.3580857614749722,0.0,0.0,2.7861376880090424e-12,0.0,0.14432416883502905,0.34269612254344045,0.0,0.0
2013-05-29,0.15536816096965786,0.3616763217909171,0.0,0.0,2.745400044349141e-12,0.0,0.14251920656282013,0.34043631067385943,0.0,0.0
2013-05-30,0.1552590332642567,0.360409329648189,0.0,0.0,2.772696762545962e-12,0.0,0.14328952637641687,0.34104211070836465,0.0,0.0
2013-05-31,0.15523203007203534,0.36143355959437146,0.0,0.0,2.762280410892242e-12,0.0,0.14291873014569775,0.340415680185133,0.0,0.0
2013-06-03,0.1499999999678941,0.0,0.3499999999903455,2.8548221884737554e-11,1.8229369795252767e-12,0.0,0.1429187298167519,0.34999999999938153,0.0,0.007081270195255859
2013-06-04,0.15059645191671786,0.0,0.3508054623396919,2.8926816473415244e-11,1.822794234939515e-12,0.0,0.14232597929992008,0.3491616532244934,0.0,0.007110453188427138
2013-06-05,0.14988783247937953,0.0,0.3521211252154704,2.8576881445959886e-11,1.8183060173561236e-12,0.0,0.14178159333641532,0.3491971781299166,0.0,0.007012270808422939
2013-06-06,0.14977266733972194,0.0,0.3488866414412424,2.8441483606434587e-11,1.85165399442607e-12,0.0,0.1434751068375153,0.3508179279881847,0.0,0.007047656363042563
2013-06-07,0.1501093274261342,0.0,0.3484666572579606,2.848649924396541e-11,1.8414325753818392e-12,0.0,0.14311891017101425,0.35119234229996216,0.0,0.00711276281460084
2013-06-10,0.15107292916442264,0.0,0.35095433915505225,2.8163876804653274e-11,1.8157767823330243e-12,0.0,0.14166933153614375,0.3492339014582698,0.0,0.007069498656131812
2013-06-11,0.15120412557374657,0.0,0.351608665935412,2.7807325193369833e-11,1.8128485608946521e-12,0.0,0.14135459008680049,0.34881799596846697,0.0,0.007014622405953749
2013-06-12,0.1509119375874406,0.0,0.3502399064657052,2.7511911851630755e-11,1.8327479704112534e-12,0.0,0.14228212925791545,0.34959688957888263,0.0,0.006969137080711382
2013-06-13,0.1499595309814291,0.0,0.3505220957815236,2.7377450844140902e-11,1.828151939815223e-12,0.0,0.1420726557640416,0.3505577696117357,0.0,0.006887947832064287
2013-06-14,0.15023367829727924,0.0,0.3511880958610656,2.7589966593630853e-11,1.81770649896327e-12,0.0,0.14170390198369687,0.34990062190924665,0.0,0.006973701919303814
2013-06-17,0.14995595047434612,0.0,0.34890074387916653,2.7275667770800562e-11,1.828226879408622e-12,0.0,0.14223727347278903,0.35187523854222763,0.0,0.007030793602366644
2013-06-18,0.1502199249071444,0.0,0.3518248090588769,2.736262576924957e-11,1.8131002295540497e-12,0.0,0.141190041590525,0.3497561034561471,0.0,0.007009120958130733
2013-06-19,0.15075840863928885,0.0,0.35279972002448706,2.736207391010118e-11,1.8042965721790303e-12,0.0,0.14030738978603988,0.3491197113165719,0.0,0.0070147702044459585
2013-06-20,0.15110629888365892,0.0,0.3518769514504153,2.6950883319784726e-11,1.808655598382947e-12,0.0,0.14057957740810545,0.3495264066553614,0.0,0.00691076557369939
2013-06-21,0.15072531740101433,0.0,0.34669997082584214,2.63308161611104e-11,1.8415400852980592e-12,0.0,0.1418075488576769,0.3539924696189667,0.0,0.00677469326832756
2013-06-24,0.15147441725157212,0.0,0.3484507785191882,2.6756056033240147e-11,1.8252709015146433e-12,0.0,0.14088865405684933,0.3523076683805098,0.0,0.006878481763299194
2013-06-25,0.151480057993576,0.0,0.3473802406713323,2.6548948277598532e-11,1.844170369487417e-12,0.0,0.14176859387442378,0.3524359081560977,0.0,0.006935199276177028
2013-06-26,0.1511951244877682,0.0,0.3478210882037459,2.6805264581718955e-11,1.8210225148003478e-12,0.0,0.1406196607450834,0.3533930618485015,0.0,0.006971064686274669
2013-06-27,0.151632081759705,0.0,0.34678187875844113,2.703876945315026e-11,1.8156738469862923e-12,0.0,0.14070471375484261,0.35385395318501006,0.0,0.0070273725131467
2013-06-28,0.15138605079714215,0.0,0.3476627030025435,2.7375876073009343e-11,1.8118612866137025e-12,0.0,0.14092072179245457,0.3529155634828712,0.0,0.007114960895800828
2013-07-01,0.3499999988830654,4.51950767994124e-13,0.3476627030135734,6.103639710817264e-12,1.254199085684449e-12,0.0,0.1409207217372575,0.16141657635829396,0.0,0.0
2013-07-02,0.34975415425956136,4.56315731190488e-13,0.34864956633731675,6.082720055695978e-12,1.246490869857937e-12,0.0,0.1403635088923565,0.16123277050297993,0.0,0.0
2013-07-03,0.3501730328921189,4.56961267743374e-13,0.3476402407371435,5.9867653070230215e-12,1.2496338611304284e-12,0.0,0.14110829131584232,0.16107843504720198,0.0,0.0
2013-07-05,0.35024203096099876,4.577843867938092e-13,0.3476784253203839,5.9301147772267775e-12,1.2468978702974773e-12,0.0,0.14066613891150623,0.16141340479947638,0.0,0.0
2013-07-08,0.35334848781879025,4.633773514902557e-13,0.34864576217008414,5.8810546485103315e-12,1.223593246528819e-12,0.0,0.13861959092622642,0.15938615907733125,0.0,0.0
2013-07-09,0.35271103347152005,4.617637022209648e-13,0.34819654125323446,5.844961473204654e-12,1.2215861706933032e-12,0.0,0.13871303025351675,0.16037939501420057,0.0,0.0
2013-07-10,0.35360059986838954,4.63891435018426e-13,0.3484858212096833,5.89407132743706e-12,1.2179596264690517e-12,0.0,0.1381911247819184,0.15972245413243305,0.0,0.0
2013-07-11,0.35324553398960445,4.645415972902049e-13,0.3490202846721485,5.830074214196251e-12,1.2119712412046189e-12,0.0,0.13759997884623437,0.16013420248450622,0.0,0.0
2013-07-12,0.35190408146338537,4.619232227636269e-13,0.3519065114746289,6.0108875502385784e-12,1.2030652711407195e-12,0.0,0.13682907791106347,0.15936032914324647,0.0,0.0
2013-07-15,0.35301445671328824,4.641364804808713e-13,0.3505253357659208,5.96301922593047e-12,1.2054109126579936e-12,0.0,0.13681896782461447,0.15964123968854405,0.0,0.0
2013-07-16,0.35257663873828915,4.658439741255951e-13,0.350915618129039,5.993900756200286e-12,1.2031015509425377e-12,0.0,0.1370019406527964,0.15950580247221274,0.0,0.0
2013-07-17,0.3520133824826108,4.645052720750261e-13,0.35143871889859424,6.031258800719189e-12,1.2062872603526609e-12,0.0,0.1370937115304644,0.1594541870806286,0.0,0.0
2013-07-18,0.351636950369795,4.646169275850715e-13,0.3512121431043485,6.0641546540586574e-12,1.207202938354682e-12,0.0,0.1371097821384831,0.16004112437963766,0.0,0.0
2013-07-19,0.3518542237863984,4.654549995623597e-13,0.3518325117921512,5.963686083768504e-12,1.1957523239889704e-12,0.0,0.13609078235546354,0.16022248205836204,0.0,0.0
2013-07-22,0.3521337132213004,4.657130175398437e-13,0.35119812495148545,5.941200200598459e-12,1.201125848882539e-12,0.0,0.13670503985607943,0.15996312196352688,0.0,0.0
2013-07-23,0.3517363251039367,4.652609465223265e-13,0.3520807728893139,5.981748192328853e-12,1.1973180779333255e-12,0.0,0.1365925064129373,0.15959039558616794,0.0,0.0
2013-07-24,0.35120010880503505,4.652286165326307e-13,0.35304298538827034,6.05021909086302e-12,1.1966380382086296e-12,0.0,0.13646143526160426,0.15929547053737847,0.0,0.0
2013-07-25,0.35123159365621165,4.630926412072825e-13,0.353909760035531,6.010928427904542e-12,1.1930709453153709e-12,0.0,0.13631025974332564,0.15854838655726486,0.0,0.0
2013-07-26,0.35172534557991125,4.668608492544141e-13,0.3542421338213731,6.039568821859156e-12,1.1936027974225281e-12,0.0,0.13600448686571862,0.15802803372529714,0.0,0.0
2013-07-29,0.35266978806455246,4.657372948412618e-13,0.35261119577755917,6.035698956029217e-12,1.1965873353749132e-12,0.0,0.13636717886352698,0.15835183728666338,0.0,0.0
2013-07-30,0.3533575101602975,4.648031672256807e-13,0.35100798989311166,5.9899732760392386e-12,1.2001475731063391e-12,0.0,0.13682747922725585,0.15880702071168007,0.0,0.0
2013-07-31,0.3532866981375162,4.651145498984362e-13,0.3508793127067885,5.975068529017534e-12,1.19955357947304e-12,0.0,0.13683591608519288,0.1589980730628627,0.0,0.0
2013-08-01,0.3499999999688109,2.50944967789642e-10,0.1499999999601619,0.0,0.20416601559730108,0.0,0.13683591125182548,0.15899807297095572,0.0,0.0
2013-08-02,0.3534501796301108,2.5393073764209763e-10,0.15178249978441294,0.0,0.20202378007758315,0.0,0.13551728750535644,0.15722625274860597,0.0,0.0
2013-08-05,0.3522217902326416,2.528353275081999e-10,0.15223263623257297,0.0,0.20269216433387507,0.0,0.13548358837493535,0.15736982057313958,0.0,0.0
2013-08-06,0.35268964458102187,2.5440989045184744e-10,0.15233631509932644,0.0,0.20261975357134454,0.0,0.13534907381551442,0.15700521267838277,0.0,0.0
2013-08-07,0.3514719726467287,2.5241898146627204e-10,0.15245456645008135,0.0,0.20313422812877388,0.0,0.1357363273057245,0.1572029052162726,0.0,0.0
2013-08-08,0.3507773796502946,2.509487322672877e-10,0.15197729763890658,0.0,0.2041331815180317,0.0,0.1362079491402736,0.1569041918015448,0.0,0.0
2013-08-09,0.350805872441621,2.5108947543191297e-10,0.1527960538510004,0.0,0.20370374313803627,0.0,0.1360080767230408,0.15668625359521204,0.0,0.0
2013-08-12,0.34999757364066636,2.5097060564436405e-10,0.15315762845970812,0.0,0.20396251847696537,0.0,0.13608740738378186,0.1567948717879077,0.0,0.0
2013-08-13,0.35008930020949236,2.5266175370497885e-10,0.15295723890435275,0.0,0.2038570212464123,0.0,0.1362122166044451,0.15688422278263572,0.0,0.0
2013-08-14,0.3513989598222574,2.525209077901357e-10,0.15406977988649265,0.0,0.20217487753641358,0.0,0.13534941980999476,0.15700696269232065,0.0,0.0
2013-08-15,0.3503266610126868,2.5205509191172653e-10,0.15446615132434158,0.0,0.20277770352127705,0.0,0.1354042634173147,0.15702522047232473,0.0,0.0
2013-08-16,0.3485935449351191,2.496470822443986e-10,0.15457688257903973,0.0,0.20350309172164352,0.0,0.13567737721480394,0.15764910329974657,0.0,0.0
2013-08-19,0.348445267809174,2.493142324857333e-10,0.1553005573024376,0.0,0.20329928789992147,0.0,0.13538981159381447,0.15756507514533816,0.0,0.0
2013-08-20,0.34830514202253593,2.482765256669904e-10,0.1551224656886,0.0,0.20364668700600885,0.0,0.13546124083043157,0.15746446420414706,0.0,0.0
2013-08-21,0.3483120400099112,2.5062615219220895e-10,0.15416502003423183,0.0,0.20375198478995327,0.0,0.1356275028443241,0.15814345207095337,0.0,0.0
2013-08-22,0.3484767691650543,2.507668359590961e-10,0.15336722585498155,0.0,0.2038227993626548,0.0,0.13571314489759065,0.15862006046895172,0.0,0.0
2013-08-23,0.34952975179414714,2.5276497306121277e-10,0.15392901813149631,0.0,0.2025109011049862,0.0,0.13551368297849273,0.1585166457381126,0.0,0.0
2013-08-26,0.34888445215050445,2.520855333954022e-10,0.1544579901467085,0.0,0.20259040976862508,0.0,0.13571595554317253,0.1583511921389039,0.0,0.0
2013-08-27,0.3481875375750138,2.5254603483669396e-10,0.15359432524519867,0.0,0.2033462610082816,0.0,0.13622939468913972,0.15864248122982008,0.0,0.0
2013-08-28,0.34517686831727734,2.484870979382584e-10,0.1521221013617112,0.0,0.2060471293066693,0.0,0.13784506217757286,0.15880883858828207,0.0,0.0
2013-08-29,0.3461148895097833,2.487736034114047e-10,0.15181868040338226,0.0,0.2050396912007627,0.0,0.13775504420771528,0.1592716944295827,0.0,0.0
2013-08-30,0.34622027408466316,2.509406858119669e-10,0.15137176826976634,0.0,0.20498099117572136,0.0,0.13771271694504367,0.15971424927386463,0.0,0.0
2013-09-03,0.3499999999990559,0.34999999999275916,1.252801487357769e-12,0.0,5.266425927475767e-12,0.0,1.9314509026422534e-11,0.29999999998227905,0.0,7.24555030541877e-14
2013-09-04,0.35075158998265876,0.3515383029631369,1.2739207812941067e-12,0.0,5.224159934567298e-12,0.0,1.919294081446992e-11,0.297710107028442,0.0,7.165667725885559e-14
2013-09-05,0.35115421057707347,0.3521278706196281,1.2762432575036333e-12,0.0,5.170069245869196e-12,0.0,1.8987690020130224e-11,0.2967179187777929,0.0,7.17622389675905e-14
2013-09-06,0.3517774887773971,0.3528593625087977,1.2758411225464173e-12,0.0,5.1331261099461e-12,0.0,1.8841032286433674e-11,0.2953631486884844,0.0,7.104162487133889e-14
2013-09-09,0.3512028535742284,0.35307895855064214,1.2800540536968851e-12,0.0,5.153444630548229e-12,0.0,1.8828321881363623e-11,0.2957181878497958,0.0,7.199129636314878e-14
2013-09-10,0.35124346893618186,0.3550652831626791,1.285483786462557e-12,0.0,5.115445831369922e-12,0.0,1.8700586566541488e-11,0.29369124787596496,0.0,7.28024656488127e-14
2013-09-11,0.3513409599525346,0.35601570334366844,1.290816991468509e-12,0.0,5.055788480226539e-12,0.0,1.8486725810764556e-11,0.29264333667889153,0.0,7.223327638219935e-14
2013-09-12,0.35186039280189524,0.35559573750900464,1.2932044037776152e-12,0.0,5.072928177699946e-12,0.0,1.854268159437564e-11,0.2925438696641187,0.0,7.269195187895113e-14
2013-09-13,0.35229786231735966,0.3543686462542925,1.2908297014052564e-12,0.0,5.093274800210864e-12,0.0,1.8601820416946426e-11,0.29333349140328946,0.0,7.25052471294743e-14
2013-09-16,0.3522080623456982,0.3554160086434181,1.2937818491448758e-12,0.0,5.087189037357103e-12,0.0,1.8567009229953117e-11,0.2923759289858633,0.0,7.25316727132138e-14
2013-09-17,0.3526861586868636,0.35462719502091106,1.2981293131760007e-12,0.0,5.0759744572011084e-12,0.0,1.850682405527307e-11,0.29268664626727153,0.0,7.293008177564466e-14
2013-09-18,0.352131726968088,0.35598671800517184,1.2911456406088322e-12,0.0,5.055587618395008e-12,0.0,1.8445124600418516e-11,0.2918815550018759,0.0,7.244868352581182e-14
2013-09-19,0.3525894282874013,0.355725951785712,1.3121202150515707e-12,0.0,5.066296282651657e-12,0.0,1.8525564647500806e-11,0.2916846199019085,0.0,7.414212767787732e-14
2013-09-20,0.352635309401079,0.35600339271513415,1.3082291324754245e-12,0.0,5.057912521468102e-12,0.0,1.84412928554716e-11,0.29136129785890513,0.0,7.421193246696702e-14
2013-09-23,0.35161482682835643,0.35616934195347,1.3040911539240788e-12,0.0,5.083818463753401e-12,0.0,1.8533827663997047e-11,0.29221583119317845,0.0,7.330167008424328e-14
2013-09-24,0.350557607846471,0.3567826009626972,1.3058081932023655e-12,0.0,5.1112575705326394e-12,0.0,1.8674245104388177e-11,0.29265979116566754,0.0,7.29183078117701e-14
2013-09-25,0.34982830949292576,0.35806540390922975,1.3041331410539094e-12,0.0,5.131318546102058e-12,0.0,1.8727093970140766e-11,0.2921062865726096,0.0,7.238317285142124e-14
2013-09-26,0.3495826899330971,0.35817839441813687,1.3084216295965497e-12,0.0,5.156733420027343e-12,0.0,1.8825919573605576e-11,0.2922389156234022,0.0,7.278202245194781e-14
2013-09-27,0.3498179684041541,0.3590249305071874,1.3097701468986996e-12,0.0,5.1293512943174474e-12,0.0,1.8720385960769875e-11,0.29115710106342596,0.0,7.299785461137135e-14
2013-09-30,0.3494450348612047,0.3586830667494657,1.309727901232777e-12,0.0,5.154624271719329e-12,0.0,1.8771931224578015e-11,0.2918718983640203,0.0,7.295121873738465e-14
2013-10-01,0.34999999999137416,0.3000000000038615,0.0,0.0,4.6103574553423875e-12,0.0,1.7018537384212775e-11,0.34999999998313547,0.0,0.0
2013-10-02,0.3500482260485503,0.30114741782439125,0.0,0.0,4.5645944175097254e-12,0.0,1.687020509605171e-11,0.34880435610562377,0.0,0.0
2013-10-03,0.3502101950748002,0.3003412096292312,0.0,0.0,4.578665519034101e-12,0.0,1.6944781728645493e-11,0.3494485952744453,0.0,0.0
2013-10-04,0.3491021942724871,0.2990826488482193,0.0,0.0,4.612982593303831e-12,0.0,1.7057392405382433e-11,0.3518151568576234,0.0,0.0
2013-10-07,0.3499078990668208,0.29950570345382016,0.0,0.0,4.576270027019496e-12,0.0,1.6951729286333432e-11,0.3505863974578313,0.0,0.0
2013-10-08,0.3494830477066678,0.2982262179789511,0.0,0.0,4.61465243208659e-12,0.0,1.71089336252212e-11,0.3522907342926578,0.0,0.0
2013-10-09,0.34856572258513285,0.2960830665583913,0.0,0.0,4.654486149864475e-12,0.0,1.726208772502551e-11,0.35535121083455967,0.0,0.0
2013-10-10,0.34903896543162655,0.2950742428474687,0.0,0.0,4.64919170942119e-12,0.0,1.723645355930535e-11,0.3558867916990195,0.0,0.0
2013-10-11,0.3508535277097972,0.2973528965231811,0.0,0.0,4.5648376459612705e-12,0.0,1.6984403709415895e-11,0.3517935757454728,0.0,0.0
2013-10-14,0.350581397247809,0.29950334478505974,0.0,0.0,4.5387972655601745e-12,0.0,1.688486974862894e-11,0.34991525794570777,0.0,0.0
2013-10-15,0.3507770199969182,0.299975403658937,0.0,0.0,4.508125169275775e-12,0.0,1.6775241183899784e-11,0.3492475763228617,0.0,0.0
2013-10-16,0.350192277824606,0.2987087779871091,0.0,0.0,4.534387940931096e-12,0.0,1.6872622392811446e-11,0.35109894416687815,0.0,0.0
2013-10-17,0.351406502342771,0.2992849872528213,0.0,0.0,4.5091635831491275e-12,0.0,1.6821787567269547e-11,0.3493085103830771,0.0,0.0
2013-10-18,0.35141347545573953,0.29990724504942284,0.0,0.0,4.504856608324369e-12,0.0,1.6833465552922e-11,0.3486792794734995,0.0,0.0
2013-10-21,0.35149894019390265,0.30137084496610056,0.0,0.0,4.476156537218792e-12,0.0,1.674640629619442e-11,0.34713021481877443,0.0,0.0
2013-10-22,0.35199748976988016,0.3011811297912067,0.0,0.0,4.4791825594014935e-12,0.0,1.6725494026078355e-11,0.3468213804177087,0.0,0.0
2013-10-23,0.352670752641264,0.30080751046023885,0.0,0.0,4.4928994405309635e-12,0.0,1.676261778353567e-11,0.34652173687724197,0.0,0.0
2013-10-24,0.35182542419659724,0.3005228814120281,0.0,0.0,4.5115637425319585e-12,0.0,1.6798515214137876e-11,0.34765169437006493,0.0,0.0
2013-10-25,0.35197817589064934,0.30125967603316123,0.0,0.0,4.489421664367775e-12,0.0,1.6732762984790797e-11,0.3467621480549676,0.0,0.0
2013-10-28,0.352883584246,0.30093202021185517,0.0,0.0,4.488340857375941e-12,0.0,1.669807137596757e-11,0.3461843955209586,0.0,0.0
2013-10-29,0.3533207479157269,0.30069073552003134,0.0,0.0,4.482408602493185e-12,0.0,1.6708107200834695e-11,0.3459885165430514,0.0,0.0
2013-10-30,0.35403504999722757,0.3005638226864033,0.0,0.0,4.4737132880683565e-12,0.0,1.6676162760656123e-11,0.3454011272952193,0.0,0.0
2013-10-31,0.3548531597749692,0.2986294160468309,0.0,0.0,4.49463998961076e-12,0.0,1.6764710694526343e-11,0.3465174241569406,0.0,0.0
2013-11-01,0.15000000001543048,0.34999999997740133,1.011763923407918e-10,0.0,0.1499999999668866,0.0,1.676053800123752e-11,0.34999999992234465,0.0,0.0
2013-11-04,0.15074768020681845,0.3493956841754307,1.0094564857498881e-10,0.0,0.14955431511050227,0.0,1.6758561658537833e-11,0.35030232038954434,0.0,0.0
2013-11-05,0.15045889755192954,0.3514991255997631,1.0088904508768843e-10,0.0,0.14903599859784322,0.0,1.6672192183168407e-11,0.3490059781329028,0.0,0.0
2013-11-06,0.15047902927115686,0.35144439650689613,1.0034735668516013e-10,0.0,0.14885658243391095,0.0,1.6655832492930348e-11,0.34921999167103274,0.0,0.0
2013-11-07,0.15113676928565425,0.3496812748154408,1.0114913161029202e-10,0.0,0.14920100516408438,0.0,1.6662627583255863e-11,0.3499809506170087,0.0,0.0
2013-11-08,0.15030617896254495,0.34627350475872143,1.0027301922206425e-10,0.0,0.15067848637693507,0.0,1.6817054793624682e-11,0.35274182978470836,0.0,0.0
2013-11-11,0.15142203593512016,0.3504570437874207,1.0025691657658202e-10,0.0,0.14809342127926467,0.0,1.6552747125611024e-11,0.3500274988813846,0.0,0.0
2013-11-12,0.15158180588078365,0.35124921851458707,1.0056115743247068e-10,0.0,0.14815136818599095,0.0,1.6539618878031432e-11,0.3490176073015373,0.0,0.0
2013-11-13,0.15137103705838348,0.35176364536014554,1.0028691749996742e-10,0.0,0.148114550067503,0.0,1.6561935837237786e-11,0.348750767397119,0.0,0.0
2013-11-14,0.15159658941926635,0.35283539877346753,9.995798596017893e-11,0.0,0.14776595297366532,0.0,1.649236513784164e-11,0.3478020587171504,0.0,0.0
2013-11-15,0.15202901227076424,0.35173480910748484,1.0020334661980481e-10,0.0,0.14816373693683332,0.0,1.6547239479051832e-11,0.348072441568167,0.0,0.0
2013-11-18,0.1523238123996648,0.3522248914087803,1.0076974951033949e-10,0.0,0.14769195472302632,0.0,1.6507508230231263e-11,0.34775934135125125,0.0,0.0
2013-11-19,0.15232354496526102,0.35097357541720153,1.0112342237682274e-10,0.0,0.1487340816660758,0.0,1.6639517570455842e-11,0.3479687978336986,0.0,0.0
2013-11-20,0.15248080998852256,0.3499255144875302,1.0118776001274883e-10,0.0,0.14865737861025966,0.0,1.663470176116824e-11,0.348936296795865,0.0,0.0
2013-11-21,0.15227185939901186,0.350414385247633,1.0065974134978271e-10,0.0,0.1481007850844028,0.0,1.659250521197435e-11,0.34921297015169994,0.0,0.0
2013-11-22,0.15214967064535023,0.35358900454277126,1.003979602006709e-10,0.0,0.14692782066426197,0.0,1.6478317912502624e-11,0.3473335040307402,0.0,0.0
2013-11-25,0.15242457707704293,0.35420648976729213,1.0036702783112507e-10,0.0,0.1468796362046619,0.0,1.6483605738963863e-11,0.34648929683415236,0.0,0.0
2013-11-26,0.15213164108320426,0.3543210670579584,9.997082928628312e-11,0.0,0.1468588936454247,0.0,1.6497139012083297e-11,0.3466883980969445,0.0,0.0
2013-11-27,0.15168151198038587,0.3557923109387482,9.964741880854195e-11,0.0,0.14670028518720712,0.0,1.6476806761860514e-11,0.34582589177753437,0.0,0.0
2013-11-29,0.15177712986121264,0.35713509876111404,9.970935243941802e-11,0.0,0.14610596531555603,0.0,1.6450015872887722e-11,0.3449818059459576,0.0,0.0
2013-12-02,0.34999999997349507,0.14262614436519896,0.1573738556641541,0.0,2.0040517853038063e-11,0.0,7.64997275716423e-12,0.3499999999694613,0.0,0.0
2013-12-03,0.3502795275705931,0.14167431548398465,0.15674146674466286,0.0,2.0022366576199683e-11,0.0,7.639609366495164e-12,0.35130469017309734,0.0,0.0
2013-12-04,0.3500369370800985,0.14150728618436392,0.15621205507688882,0.0,2.0131106197560167e-11,0.0,7.686993250612667e-12,0.3522437216308306,0.0,0.0
2013-12-05,0.35075767758574977,0.14143396621599155,0.15571189819555445,0.0,2.008318368397373e-11,0.0,7.678683359415006e-12,0.3520964579749423,0.0,0.0
2013-12-06,0.3501240175398164,0.14190344129000426,0.15522728393454702,0.0,2.0085465759042393e-11,0.0,7.681717465687201e-12,0.35274525720786504,0.0,0.0
2013-12-09,0.3512507737951531,0.14188403344536554,0.15591362060316694,0.0,1.994521686101211e-11,0.0,7.637384829803004e-12,0.35095157212873174,0.0,0.0
2013-12-10,0.35145020112674447,0.1415668301158458,0.15543995869256336,0.0,1.992966730532747e-11,0.0,7.633749670095674e-12,0.351543010037283,0.0,0.0
2013-12-11,0.3511761080324305,0.14067734859485487,0.15561464141696912,0.0,2.0069019967297745e-11,0.0,7.686155374702387e-12,0.3525319019279904,0.0,0.0
2013-12-12,0.35030418541334396,0.1395912298442062,0.15552240549068388,0.0,2.0168557455844793e-11,0.0,7.732447989611484e-12,0.3545821792238651,0.0,0.0
2013-12-13,0.35006884619774425,0.1402659964910751,0.15479789354270118,0.0,2.016359270450568e-11,0.0,7.73992289113296e-12,0.3548672637405761,0.0,0.0
2013-12-16,0.3497155392612945,0.14059945172332908,0.15456252106706106,0.0,2.0175566480384315e-11,0.0,7.75404870583019e-12,0.3551224879203858,0.0,0.0
2013-12-17,0.3500516220180342,0.14152555076198872,0.15485672649169083,0.0,2.0059919865202853e-11,0.0,7.719509142221248e-12,0.3535661007005068,0.0,0.0
2013-12-18,0.34962007886711965,0.1415985787561592,0.15448607442393147,0.0,2.016301650344863e-11,0.0,7.757636032322984e-12,0.35429526792486904,0.0,0.0
2013-12-19,0.3517359169144979,0.14198889664597714,0.15521594396160687,0.0,1.986946031361913e-11,0.0,7.67357729720723e-12,0.35105924245037506,0.0,0.0
2013-12-20,0.35197710664035003,0.1411920022010305,0.15550205860671204,0.0,1.9822928139852443e-11,0.0,7.676303371841415e-12,0.3513288325244082,0.0,0.0
2013-12-23,0.35207226594807733,0.14278205441052555,0.1555289357448357,0.0,1.9774657519818482e-11,0.0,7.669356372804803e-12,0.3496167438691175,0.0,0.0
2013-12-24,0.3520646741360092,0.1436307056167277,0.15629192561041436,0.0,1.9606497611329694e-11,0.0,7.616480253493453e-12,0.3480126946096258,0.0,0.0
2013-12-26,0.3523271129144022,0.14397339250249386,0.15637517358865693,0.0,1.950194607705982e-11,0.0,7.60351254620027e-12,0.3473243209673416,0.0,0.0
2013-12-27,0.3530648050069659,0.14355738963545486,0.1567619285218966,0.0,1.9427132138704576e-11,0.0,7.575443789738937e-12,0.34661587680868017,0.0,0.0
2013-12-30,0.35281242657596634,0.1433754442489908,0.1574626021802765,0.0,1.9402584082533252e-11,0.0,7.563816029966229e-12,0.34634952696780014,0.0,0.0
2013-12-31,0.3524670842249832,0.14317137922123999,0.15799594240769702,0.0,1.943940397418959e-11,0.0,7.5801587933063e-12,0.3463655941190605,0.0,0.0
2014-01-02,0.3499999999547959,0.14317138052209988,0.006828619555997875,0.0,0.1500000003194459,0.0,1.0794594191560943e-11,0.34999999963686573,0.0,0.0
2014-01-03,0.34798001269580614,0.14216513823054297,0.006733335419994485,0.0,0.1511692462126326,0.0,1.0857018980856436e-11,0.35195226743016667,0.0,0.0
2014-01-06,0.34776018742609577,0.14282084095738748,0.006737331696333709,0.0,0.15100734783555986,0.0,1.0868065379605458e-11,0.351674292073755,0.0,0.0
2014-01-07,0.34709697914897975,0.14180363051323253,0.006735852591159131,0.0,0.15158260760185763,0.0,1.0902610337310122e-11,0.3527809301338683,0.0,0.0
2014-01-08,0.34797724506004585,0.14247535521773222,0.006749395498991394,0.0,0.15128140087051944,0.0,1.0855028274750512e-11,0.3515166033418559,0.0,0.0
2014-01-09,0.3482995689530716,0.1427626178045138,0.006752133703152671,0.0,0.1506467150534554,0.0,1.0816316840678894e-11,0.35153896447499,0.0,0.0
2014-01-10,0.34811587925717075,0.14263137199152465,0.0067390735355201195,0.0,0.15086211328510746,0.0,1.0828132389973055e-11,0.35165156191984875,0.0,0.0
2014-01-13,0.3476322546668546,0.14282532615052307,0.0067732802627703615,0.0,0.15150821404282647,0.0,1.0842113627584868e-11,0.35126092486618327,0.0,0.0
2014-01-14,0.3452776194438185,0.14180445104923764,0.006758928860207508,0.0,0.15295074630968114,0.0,1.0934743139488419e-11,0.35320825432612035,0.0,0.0
2014-01-15,0.34712698776011336,0.14275996321557033,0.0067756695940433,0.0,0.15153947329340223,0.0,1.0842751007802704e-11,0.35179790612602796,0.0,0.0
2014-01-16,0.3477660692562022,0.14331664251749585,0.006780068170919831,0.0,0.1508693819930606,0.0,1.0807291404690737e-11,0.3512678380515142,0.0,0.0
2014-01-17,0.3473181537254974,0.1434910104763464,0.006777111933972218,0.0,0.15129168142436014,0.0,1.0832777857639028e-11,0.35112204242899103,0.0,0.0
2014-01-21,0.3463893271805401,0.14320862190083508,0.006767439310800589,0.0,0.15188901029938628,0.0,1.0861935778204834e-11,0.3517456012975759,0.0,0.0
2014-01-22,0.34664945690177135,0.14374650206463377,0.006785008398403185,0.0,0.15139230348817606,0.0,1.0823197933289325e-11,0.35142672913619233,0.0,0.0
2014-01-23,0.34687218455032365,0.1444724650321671,0.006784948445463708,0.0,0.1509707698445657,0.0,1.0796813768346672e-11,0.3508996321166828,0.0,0.0
2014-01-24,0.345165732247002,0.14397232292662726,0.0067617098388932555,0.0,0.15249306098188603,0.0,1.0873898073172085e-11,0.3516071739947174,0.0,0.0
2014-01-27,0.34222735528044584,0.1421377333286144,0.00666230275117217,0.0,0.15511684437654646,0.0,1.1008742583767256e-11,0.35385576425221216,0.0,0.0
2014-01-28,0.3420424342835241,0.14067432166399443,0.006660665586289243,0.0,0.15532426922685677,0.0,1.1036097344257269e-11,0.35529830922829914,0.0,0.0
2014-01-29,0.3422393783466685,0.14139909766881945,0.006682526185739284,0.0,0.1547224091044396,0.0,1.1030468704104771e-11,0.35495658868330243,0.0,0.0
2014-01-30,0.3409072864145904,0.14016273034186344,0.0066457153569639965,0.0,0.1563507174135901,0.0,1.1116157001735059e-11,0.3559335504618757,0.0,0.0
2014-01-31,0.34239944085629237,0.14137646949433788,0.0066386477386843334,0.0,0.15523560142882517,0.0,1.1053424166204152e-11,0.3543498404708066,0.0,0.0
2014-02-03,0.349999999985454,0.1873708010261285,0.11262919898188976,0.0,4.139891951049265e-12,0.0,1.0532572284785531e-11,0.34999999999185527,0.0,0.0
2014-02-04,0.34807187577068793,0.18466315072142406,0.11224578166102378,0.0,4.2347714823400875e-12,0.0,1.0784820069086544e-11,0.35501919183184455,0.0,0.0
2014-02-05,0.34857509849833623,0.18502971813559652,0.11291598862258004,0.0,4.1986755089490185e-12,0.0,1.0673826351519586e-11,0.35347919472861455,0.0,0.0
2014-02-06,0.34869239271189667,0.1839362326871368,0.11332911309597384,0.0,4.19016183150865e-12,0.0,1.065679127991604e-11,0.35404226149014556,0.0,0.0
2014-02-07,0.350026587289585,0.1836793801754558,0.11427309331855114,0.0,4.143716508242863e-12,0.0,1.0548289044695373e-11,0.35202093920171595,0.0,0.0
2014-02-10,0.3509638389797813,0.18397616732766933,0.1146552182267296,0.0,4.114826734242072e-12,0.0,1.0479550554939271e-11,0.35040477545122534,0.0,0.0
2014-02-11,0.35126984352743934,0.18428019282252814,0.11415777751330058,0.0,4.112876896063582e-12,0.0,1.047397509847189e-11,0.35029218612214497,0.0,0.0
2014-02-12,0.3523311249948895,0.184466180897825,0.11506074990361,0.0,4.062664601075289e-12,0.0,1.0370411710141177e-11,0.34814194418924227,0.0,0.0
2014-02-13,0.35231772756963775,0.18509204177616723,0.11519135023371548,0.0,4.050911587435869e-12,0.0,1.03335755415315e-11,0.34739888040609496,0.0,0.0
2014-02-14,0.35219089103130063,0.18641551637208484,0.11490537080943163,0.0,4.047724450619886e-12,0.0,1.03195062820989e-11,0.34648822177281563,0.0,0.0
2014-02-18,0.3530072968253374,0.18608311308496764,0.11497191025821507,0.0,4.0320661605174375e-12,0.0,1.0306161869893663e-11,0.3459376798171417,0.0,0.0
2014-02-19,0.3520815665126026,0.18730752799356237,0.11551531819161111,0.0,4.026553783268011e-12,0.0,1.02880613307863e-11,0.34509558728790923,0.0,0.0
2014-02-20,0.3518277252508124,0.18649096888460953,0.1154217196795702,0.0,4.042533585079931e-12,0.0,1.0337622615936199e-11,0.3462595861706276,0.0,0.0
2014-02-21,0.3519484732077546,0.18746039770839631,0.11518035207353401,0.0,4.015857382826446e-12,0.0,1.0267244764957873e-11,0.3454107769960319,0.0,0.0
2014-02-24,0.35130040797536716,0.18791382055585673,0.11532343313342328,0.0,4.018168360440219e-12,0.0,1.0270642464870759e-11,0.34546233832106404,0.0,0.0
2014-02-25,0.3514570564514957,0.18833458680662685,0.11573211911313656,0.0,3.9938613084282435e-12,0.0,1.0223813757175948e-11,0.3444762376145232,0.0,0.0
2014-02-26,0.35125793581241505,0.18849301322470477,0.11543622531290665,0.0,4.006836161184126e-12,0.0,1.0261423734403009e-11,0.3448128256357052,0.0,0.0
2014-02-27,0.3507953773014856,0.1893967123202218,0.11488457601115838,0.0,4.013097433899276e-12,0.0,1.0280687683080145e-11,0.3449233343528404,0.0,0.0
2014-02-28,0.3512582129233623,0.18968554220376105,0.11482755267544921,0.0,4.002095541994422e-12,0.0,1.0257992939200736e-11,0.3442286921831673,0.0,0.0
2014-03-03,0.34999999998469355,0.14999999975094183,2.9369921059852817e-10,0.0,4.3238685746271745e-11,0.0,0.1499999999696249,0.3499999999578019,0.0,0.0
2014-03-04,0.34865268917159875,0.14967411584136053,2.883995109229683e-10,0.0,4.3591826100031296e-11,0.0,0.15087450268998853,0.3507986919650609,0.0,0.0
2014-03-05,0.35035851359369935,0.15205219616956167,2.91459173469101e-10,0.0,4.28659796183455e-11,0.0,0.14870804254449727,0.3488812473579167,0.0,0.0
2014-03-06,0.35084237221813647,0.1520354456488424,2.913378443008028e-10,0.0,4.293255614752528e-11,0.0,0.14870199071262793,0.348420191086123,0.0,0.0
2014-03-07,0.3517106346099081,0.15203811037413448,2.944209983263808e-10,0.0,4.2755461222932e-11,0.0,0.14828286713988087,0.34796838753890025,0.0,0.0
2014-03-10,0.3524819599389809,0.1522558383924859,2.933370714090904e-10,0.0,4.264570736538563e-11,0.0,0.14800819291460357,0.34725400841794707,0.0,0.0
2014-03-11,0.35260834853169654,0.15188214027053334,2.917757002646984e-10,0.0,4.273003650331254e-11,0.0,0.14790968125619455,0.3475998296070701,0.0,0.0
2014-03-12,0.352147230512786,0.15085253099685472,2.9070749081527455e-10,0.0,4.29284343491516e-11,0.0,0.1485013842265928,0.3484988539301308,0.0,0.0
2014-03-13,0.3516526105089577,0.15105967597371728,2.891347493270402e-10,0.0,4.3025658029152714e-11,0.0,0.14877864570291535,0.34850906748224947,0.0,0.0
2014-03-14,0.3498402817828728,0.15022711241344475,2.8548230317729197e-10,0.0,4.354432408673887e-11,0.0,0.1502190990969518,0.34971350637770415,0.0,0.0
2014-03-17,0.34913100652395773,0.1509740516862291,2.8509270271492514e-10,0.0,4.358264689012737e-11,0.0,0.1501688692815476,0.34972607217959023,0.0,0.0
2014-03-18,0.3508440861778277,0.1510202319171348,2.874990887010231e-10,0.0,4.323030365864748e-11,0.0,0.14936045416609836,0.3487752274082099,0.0,0.0
2014-03-19,0.35116875294527783,0.1522753129555938,2.8750223598600494e-10,0.0,4.30688896961479e-11,0.0,0.14889900061375463,0.34765693315480284,0.0,0.0
2014-03-20,0.35130236153784405,0.15215205160980771,2.8562249218805156e-10,0.0,4.291388092813379e-11,0.0,0.14867459724146537,0.34787098928234667,0.0,0.0
2014-03-21,0.3520691134557772,0.15180272349984042,2.8349849419182554e-10,0.0,4.2766279582589246e-11,0.0,0.14833874149059403,0.3477894212275238,0.0,0.0
2014-03-24,0.3513275458559718,0.15137080996039134,2.8343735102860616e-10,0.0,4.292265505640709e-11,0.0,0.149115574404286,0.348186069452991,0.0,0.0
2014-03-25,0.3508509519916593,0.15006560011231362,2.8496991835444706e-10,0.0,4.3059409915013486e-11,0.0,0.14981461019289086,0.34926883737510706,0.0,0.0
2014-03-26,0.35167665293171835,0.14967245771136717,2.8738111338276207e-10,0.0,4.2931524143669125e-11,0.0,0.14950922200993588,0.3491416670166661,0.0,0.0
2014-03-27,0.35081208339529796,0.14750516560909352,2.8870758268098217e-10,0.0,4.33188667211011e-11,0.0,0.15080201639034166,0.3508807342732405,0.0,0.0
2014-03-28,0.3506318242760997,0.14736730808083806,2.9061410895827303e-10,0.0,4.3430648998064454e-11,0.0,0.15108167868905614,0.35091918861996146,0.0,0.0
2014-03-31,0.35163336538871787,0.14692177357186134,2.921995804449957e-10,0.0,4.3188159911316686e-11,0.0,0.15065409654604547,0.3507907641579877,0.0,0.0
2014-04-01,0.2999999995577077,0.3499999999612348,2.518574552694915e-11,0.0,1.307280979646758e-11,0.0,4.586931970127428e-10,0.34999999998410586,0.0,0.0
2014-04-02,0.29981729308832544,0.35205262227393214,2.5164622700205202e-11,0.0,1.2951943412972755e-11,0.0,4.542619883839629e-10,0.34813008414536395,0.0,0.0
2014-04-03,0.30015557766918033,0.3528535432310194,2.5157233426043238e-11,0.0,1.2867195561488543e-11,0.0,4.5263370761844445e-10,0.34699087860914224,0.0,0.0
2014-04-04,0.3009094262428312,0.35061870249710936,2.518303050327427e-11,0.0,1.2925566461332462e-11,0.0,4.552329169453666e-10,0.3484718707667181,0.0,0.0
2014-04-07,0.30061358124798565,0.34626831341643094,2.5380140569716146e-11,0.0,1.3147596675951585e-11,0.0,4.620455554061794e-10,0.3531181048350102,0.0,0.0
2014-04-08,0.30002825901425895,0.3443587684089476,2.549211326863252e-11,0.0,1.3299978536052626e-11,0.0,4.674165175513112e-10,0.355612972070585,0.0,0.0
2014-04-09,0.299921481769842,0.3452233943859421,2.536327115194562e-11,0.0,1.325885727474204e-11,0.0,4.665634682019527e-10,0.35485512333903046,0.0,0.0
2014-04-10,0.3005098564343509,0.3471615976207073,2.5465445375671088e-11,0.0,1.3139695544670334e-11,0.0,4.6290024746536806e-10,0.35232854544343656,0.0,0.0
2014-04-11,0.2993552347378983,0.3431639568347164,2.5453699519105675e-11,0.0,1.3426468879425496e-11,0.0,4.716570897493282e-10,0.3574808079168482,0.0,0.0
2014-04-14,0.2993423271069666,0.34147474281046397,2.552985519569912e-11,0.0,1.3575728019120273e-11,0.0,4.762478065237556e-10,0.35918292956721615,0.0,0.0
2014-04-15,0.3003593108950722,0.34091096121685177,2.5562103426199388e-11,0.0,1.3494287035653517e-11,0.0,4.744525731903132e-10,0.3587297273745672,0.0,0.0
2014-04-16,0.3012908465443273,0.34094825186841976,2.535899242453749e-11,0.0,1.3459315531167316e-11,0.0,4.736712126076545e-10,0.3577609010747635,0.0,0.0
2014-04-17,0.3023139885121093,0.34224412293895856,2.549240862360575e-11,0.0,1.334412123173716e-11,0.0,4.705503646621505e-10,0.35544188803954535,0.0,0.0
2014-04-21,0.3022184343537005,0.34336164547006964,2.558139098077421e-11,0.0,1.3245820603737632e-11,0.0,4.670420090508491e-10,0.3544199196703608,0.0,0.0
2014-04-22,0.3024661797971007,0.3440560524549159,2.554739965762709e-11,0.0,1.3208006008831343e-11,0.0,4.664346135408271e-10,0.3534777672427936,0.0,0.0
2014-04-23,0.30223934431283156,0.34577233067036917,2.551798261726648e-11,0.0,1.3133233324639458e-11,0.0,4.642131452163215e-10,0.3519883245139351,0.0,0.0
2014-04-24,0.302368437975767,0.34455395924425725,2.552850600224848e-11,0.0,1.3203344157382304e-11,0.0,4.665301483011531e-10,0.3530776022747139,0.0,0.0
2014-04-25,0.3030388118761297,0.34374172057646135,2.5529575761968683e-11,0.0,1.320195121945407e-11,0.0,4.666975906768577e-10,0.35321946704198004,0.0,0.0
2014-04-28,0.3031761403711897,0.3406363312987999,2.562680784590765e-11,0.0,1.3335404336485899e-11,0.0,4.706890442139098e-10,0.35618752782035934,0.0,0.0
2014-04-29,0.30447106625235626,0.3390252441309102,2.573494161929169e-11,0.0,1.3330474659794345e-11,0.0,4.706474811953908e-10,0.3565036891070208,0.0,0.0
2014-04-30,0.3050335681591967,0.33893084806384893,2.583003066960064e-11,0.0,1.330495253775904e-11,0.0,4.694118099689644e-10,0.3560355832684077,0.0,0.0
2014-05-01,0.3000000001456497,0.3499999997242801,0.0,0.0,7.757900917636912e-12,0.0,1.7437758694289159e-10,0.3499999999479348,0.0,0.0
2014-05-02,0.3001682482904686,0.3500340479340836,0.0,0.0,7.783773226826458e-12,0.0,1.751884168825214e-10,0.3497977035924756,0.0,0.0
2014-05-05,0.29953691684884437,0.3500804090040843,0.0,0.0,7.789944157738767e-12,0.0,1.754407711774328e-10,0.35038267396384065,0.0,0.0
2014-05-06,0.30011414543655207,0.3496477056593682,0.0,0.0,7.78549102701528e-12,0.0,1.7499918338809602e-10,0.3502381487212951,0.0,0.0
2014-05-07,0.2999693550434233,0.3468128412117166,0.0,0.0,7.859248841227486e-12,0.0,1.7674893012856372e-10,0.353217803560252,0.0,0.0
2014-05-08,0.3009794324195489,0.3461634419416869,0.0,0.0,7.84565406194089e-12,0.0,1.7633556375795998e-10,0.3528571254545831,0.0,0.0
2014-05-09,0.30183143631256776,0.34401090219393543,0.0,0.0,7.88468309063604e-12,0.0,1.770679312701145e-10,0.35415766130854437,0.0,0.0
2014-05-12,0.30109417375458086,0.34580219106798354,0.0,0.0,7.847601954768284e-12,0.0,1.7617896593046396e-10,0.35310363499340913,0.0,0.0
2014-05-13,0.30066919010431975,0.349754864018429,0.0,0.0,7.740561042164176e-12,0.0,1.7379227884652543e-10,0.3495759456957185,0.0,0.0
2014-05-14,0.30172109759451043,0.3472365887384112,0.0,0.0,7.790985526317052e-12,0.0,1.7489361471621075e-10,0.3510423134843939,0.0,0.0
2014-05-15,0.30237317197160934,0.3439640468733372,0.0,0.0,7.880840536801723e-12,0.0,1.7698260151935973e-10,0.35366278097019016,0.0,0.0
2014-05-16,0.3013193844159138,0.3434671595203727,0.0,0.0,7.95130770900277e-12,0.0,1.7824178310363965e-10,0.3552134558775204,0.0,0.0
2014-05-19,0.301178855925423,0.3442886092214654,0.0,0.0,7.903333600698777e-12,0.0,1.773345806496274e-10,0.35453253466787377,0.0,0.0
2014-05-20,0.3006790948523334,0.3461488150625164,0.0,0.0,7.8514893060263e-12,0.0,1.7623024696372194e-10,0.3531720899010684,0.0,0.0
2014-05-21,0.30107909578559733,0.3434857963367707,0.0,0.0,7.9347920091544e-12,0.0,1.7758442541548725e-10,0.35543510769211273,0.0,0.0
2014-05-22,0.3023269036830673,0.3437841576041454,0.0,0.0,7.888912864120743e-12,0.0,1.765038076109045e-10,0.3538889385283946,0.0,0.0
2014-05-23,0.3016828152113464,0.34577840280738914,0.0,0.0,7.844663940285413e-12,0.0,1.7564141535746731e-10,0.3525387817977784,0.0,0.0
2014-05-27,0.30135565179796003,0.3477826775801193,0.0,0.0,7.820720926276138e-12,0.0,1.7494150992718086e-10,0.3508616704391585,0.0,0.0
2014-05-28,0.3010445952142748,0.3502662576608644,0.0,0.0,7.767170028344501e-12,0.0,1.7430679007038993e-10,0.3486891469427869,0.0,0.0
2014-05-29,0.30140588231657667,0.3491204035660482,0.0,0.0,7.824990990282719e-12,0.0,1.7547781265702207e-10,0.3494737139340724,0.0,0.0
2014-05-30,0.3020393421906029,0.3492241137529475,0.0,0.0,7.791348724423013e-12,0.0,1.7443105209573887e-10,0.3487365438742273,0.0,0.0
2014-06-02,0.3499999998264032,6.651346910364877e-11,0.150000000455962,0.0,0.0,0.0,0.14999999970639363,0.34999999994472775,0.0,0.0
2014-06-03,0.3508360426267447,6.6236361349051e-11,0.15048979991652728,0.0,0.0,0.0,0.14935300225811154,0.34932115513238005,0.0,0.0
2014-06-04,0.35107286028043916,6.615592790326224e-11,0.1503011737622508,0.0,0.0,0.0,0.14885050415405596,0.3497754617370981,0.0,0.0
2014-06-05,0.35157515287422775,6.637663649550685e-11,0.15016908140919571,0.0,0.0,0.0,0.14868697117820265,0.34956879447199724,0.0,0.0
2014-06-06,0.35228299881015696,6.746648812525483e-11,0.15053096214472733,0.0,0.0,0.0,0.14833451780499832,0.3488515211726508,0.0,0.0
2014-06-09,0.3526232248222244,6.785429563371764e-11,0.15077503795934669,0.0,0.0,0.0,0.14808343680319372,0.34851830034738074,0.0,0.0
2014-06-10,0.35287303212522464,6.843000431518499e-11,0.15057733148908728,0.0,0.0,0.0,0.14773694017928074,0.3488126961379771,0.0,0.0
2014-06-11,0.35317198882323414,6.834624398351921e-11,0.1503672867764978,0.0,0.0,0.0,0.14757196658378907,0.3488887577481325,0.0,0.0
2014-06-12,0.3525895805603843,6.813703578042327e-11,0.14988973247743193,0.0,0.0,0.0,0.14795529959356407,0.34956538730048237,0.0,0.0
2014-06-13,0.3508645660853905,6.786957245115958e-11,0.15026312820961213,0.0,0.0,0.0,0.14875827316302107,0.3501140324741065,0.0,0.0
2014-06-16,0.3513865346664015,6.78813963221036e-11,0.15013697892829744,0.0,0.0,0.0,0.14850177219612815,0.34997471414129133,0.0,0.0
2014-06-17,0.3516283729439295,6.82010056037204e-11,0.15015965707333534,0.0,0.0,0.0,0.14846904041934597,0.34974292949518804,0.0,0.0
2014-06-18,0.352566742989661,6.867493586708528e-11,0.15003549102513636,0.0,0.0,0.0,0.14795142352809285,0.3494463423884348,0.0,0.0
2014-06-19,0.3529254632233202,6.870480526379845e-11,0.15037738672018555,0.0,0.0,0.0,0.14786949843091707,0.34882765155687223,0.0,0.0
2014-06-20,0.35310485763566535,6.872106191502419e-11,0.15109781544474754,0.0,0.0,0.0,0.14725636614220428,0.3485409607086617,0.0,0.0
2014-06-23,0.35344138221601257,6.887434382151189e-11,0.15067913785935583,0.0,0.0,0.0,0.14738402745523377,0.34849545240052354,0.0,0.0
2014-06-24,0.35353217242306917,6.87791095165908e-11,0.1503580243314233,0.0,0.0,0.0,0.14745472549006286,0.34865507768666565,0.0,0.0
2014-06-25,0.3523682400270797,6.823181638258377e-11,0.1498283725481608,0.0,0.0,0.0,0.1484835161283725,0.3493198712281553,0.0,0.0
2014-06-26,0.35318283679602025,6.865909408872716e-11,0.14944645529196846,0.0,0.0,0.0,0.1483064991112325,0.34906420873211996,0.0,0.0
2014-06-27,0.35301315467987343,6.8558627947869e-11,0.14959118146032244,0.0,0.0,0.0,0.14861523292853537,0.3487804308627104,0.0,0.0
2014-06-30,0.35343470918301906,6.896771818794953e-11,0.14956682117275374,0.0,0.0,0.0,0.14847910132848813,0.3485193682467716,0.0,0.0
2014-07-01,0.15152089868455984,0.0,0.3499999999925371,0.0,0.0,0.0,0.14847910140396112,0.3499999999189419,0.0,0.0
2014-07-02,0.15198735072361,0.0,0.3518038455144893,0.0,0.0,0.0,0.14737364034071745,0.3488351634211833,0.0,0.0
2014-07-03,0.15207861938874767,0.0,0.3522191072954403,0.0,0.0,0.0,0.14679044979179504,0.3489118235240171,0.0,0.0
2014-07-07,0.15270479254129316,0.0,0.3526516970171609,0.0,0.0,0.0,0.1465243313988323,0.3481191790427138,0.0,0.0
2014-07-08,0.15267379005196072,0.0,0.35105165392393084,0.0,0.0,0.0,0.14726821196738057,0.34900634405672804,0.0,0.0
2014-07-09,0.15230741780771714,0.0,0.34878037277746465,0.0,0.0,0.0,0.14841616777834063,0.35049604163647774,0.0,0.0
2014-07-10,0.15271688095434394,0.0,0.34928406271314244,0.0,0.0,0.0,0.148388272470171,0.34961078386234273,0.0,0.0
2014-07-11,0.15297397147679478,0.0,0.34739783510947575,0.0,0.0,0.0,0.14911540097784842,0.3505127924358811,0.0,0.0
2014-07-14,0.15295853064691176,0.0,0.34709165789705243,0.0,0.0,0.0,0.14935992929530684,0.35058988216072906,0.0,0.0
2014-07-15,0.15328156757977554,0.0,0.3486467511831085,0.0,0.0,0.0,0.14861268016316337,0.34945900107395267,0.0,0.0
2014-07-16,0.15328219304349003,0.0,0.3484285715882717,0.0,0.0,0.0,0.14872928330978893,0.34955995205844936,0.0,0.0
2014-07-17,0.15346271119840812,0.0,0.3497054080217542,0.0,0.0,0.0,0.14870520633481543,0.3481266744450223,0.0,0.0
2014-07-18,0.1529546738957674,0.0,0.3480587083812659,0.0,0.0,0.0,0.15048402194339616,0.3485025957795706,0.0,0.0
2014-07-21,0.1536642507649959,0.0,0.3488600373983628,0.0,0.0,0.0,0.14945221288417987,0.34802349895246154,0.0,0.0
2014-07-22,0.15370957621879747,0.0,0.3483296220975318,0.0,0.0,0.0,0.14977658212950556,0.3481842195541653,0.0,0.0
2014-07-23,0.1539466207927318,0.0,0.3488939147953728,0.0,0.0,0.0,0.14946957033572592,0.3476898940761697,0.0,0.0
2014-07-24,0.15399527142894562,0.0,0.3489489046104423,0.0,0.0,0.0,0.14936062784088844,0.3476951961197239,0.0,0.0
2014-07-25,0.1538693679798155,0.0,0.34946546504082265,0.0,0.0,0.0,0.14864384600264519,0.34802132097671684,0.0,0.0
2014-07-28,0.1534822278628736,0.0,0.3487885503232583,0.0,0.0,0.0,0.1495431712548937,0.34818605055897467,0.0,0.0
2014-07-29,0.15371316605124258,0.0,0.34922347050294805,0.0,0.0,0.0,0.14953212689952358,0.3475312365462861,0.0,0.0
2014-07-30,0.15331695108561272,0.0,0.34910590646307116,0.0,0.0,0.0,0.14992851022454828,0.34764863222676806,0.0,0.0
2014-07-31,0.1537446119566215,0.0,0.34951039513493004,0.0,0.0,0.0,0.1496315988861981,0.3471133940222506,0.0,0.0
2014-08-01,0.3028866059646775,0.0,0.34999999999010617,0.0,0.0,0.0,2.4198516485902114e-12,0.34711339404279645,0.0,0.0
2014-08-04,0.3029844034346822,0.0,0.3487599403844109,0.0,0.0,0.0,2.440557862204302e-12,0.3482556561784663,0.0,0.0
2014-08-05,0.30336964873823846,0.0,0.3483253878052903,0.0,0.0,0.0,2.4267571558094648e-12,0.34830496345404444,0.0,0.0
2014-08-06,0.30287373849996024,0.0,0.3466683734427752,0.0,0.0,0.0,2.4489825044186992e-12,0.35045788805481554,0.0,0.0
2014-08-07,0.3029431882377303,0.0,0.3457939853439669,0.0,0.0,0.0,2.4444562887332424e-12,0.35126282641585826,0.0,0.0
2014-08-08,0.3025778305606964,0.0,0.3444443357436292,0.0,0.0,0.0,2.461206938813743e-12,0.35297783369321306,0.0,0.0
2014-08-11,0.30406495450001997,0.0,0.3441821713387034,0.0,0.0,0.0,2.444402599392031e-12,0.3517528741588321,0.0,0.0
2014-08-12,0.30377241828943147,0.0,0.3441705536987804,0.0,0.0,0.0,2.4360182149964017e-12,0.352057028009352,0.0,0.0
2014-08-13,0.3035802951603717,0.0,0.34416977286078637,0.0,0.0,0.0,2.4366448095000372e-12,0.35224993197640514,0.0,0.0
2014-08-14,0.30410926969568075,0.0,0.3443865087083457,0.0,0.0,0.0,2.429367195378478e-12,0.35150422159354394,0.0,0.0
2014-08-15,0.3043456090954326,0.0,0.3448576697598576,0.0,0.0,0.0,2.4224678046224584e-12,0.350796721142287,0.0,0.0
2014-08-18,0.30419720502998826,0.0,0.3443951980296796,0.0,0.0,0.0,2.430298625794154e-12,0.35140759693790147,0.0,0.0
2014-08-19,0.3049781004264068,0.0,0.3446369030416543,0.0,0.0,0.0,2.4108471052792734e-12,0.3503849965295277,0.0,0.0
2014-08-20,0.3058636632505341,0.0,0.34466957208365434,0.0,0.0,0.0,2.403683741819241e-12,0.34946676466340754,0.0,0.0
2014-08-21,0.3066833655350008,0.0,0.3435876514612246,0.0,0.0,0.0,2.398269862388582e-12,0.34972898300137606,0.0,0.0
2014-08-22,0.30685932818084477,0.0,0.34422830609768834,0.0,0.0,0.0,2.400900079967718e-12,0.34891236571906575,0.0,0.0
2014-08-25,0.3072970970965957,0.0,0.3436018464864877,0.0,0.0,0.0,2.4110887812905984e-12,0.34910105641450523,0.0,0.0
2014-08-26,0.3074648135571434,0.0,0.34426765112049523,0.0,0.0,0.0,2.4040426740975224e-12,0.34826753531995713,0.0,0.0
2014-08-27,0.30750769555765717,0.0,0.3441437102008751,0.0,0.0,0.0,2.4044195259428927e-12,0.3483485942390631,0.0,0.0
2014-08-28,0.3073192501228676,0.0,0.3447386503458483,0.0,0.0,0.0,2.4079098163073135e-12,0.3479420995288761,0.0,0.0
2014-08-29,0.30783615520224067,0.0,0.3439624284705694,0.0,0.0,0.0,2.4185060037460187e-12,0.3482014163247713,0.0,0.0
2014-09-02,0.34999999990250413,0.0,0.34999999998636433,0.0,0.0,0.0,2.638826165816874e-11,0.3000000000065891,0.0,7.815407016898548e-11
2014-09-03,0.3495252273474625,0.0,0.35038098697887604,0.0,0.0,0.0,2.624018700638924e-11,0.3000937855693241,0.0,7.809709960921387e-11
2014-09-04,0.34880846174418023,0.0,0.35231441846652917,0.0,0.0,0.0,2.6235777977902174e-11,0.2988771196848729,0.0,7.818175605604789e-11
2014-09-05,0.3494111724560757,0.0,0.35175403403054234,0.0,0.0,0.0,2.61324828226006e-11,0.29883479340911295,0.0,7.813635453543713e-11
2014-09-08,0.35053625883512796,0.0,0.351359884976006,0.0,0.0,0.0,2.610369304665074e-11,0.298103856083895,0.0,7.88671304514806e-11
2014-09-09,0.35135761682246075,0.0,0.3493545081654087,0.0,0.0,0.0,2.6188613624289645e-11,0.29928787490676617,0.0,7.917550922340375e-11
2014-09-10,0.3507490742886559,0.0,0.34996546996202565,0.0,0.0,0.0,2.6238961970870763e-11,0.2992854556440277,0.0,7.90515233168081e-11
2014-09-11,0.3508545287264513,0.0,0.35076344124652004,0.0,0.0,0.0,2.6106524944845553e-11,0.2983820299233855,0.0,7.753647217712109e-11
2014-09-12,0.3518027825559999,0.0,0.34935235141311277,0.0,0.0,0.0,2.61271183676876e-11,0.2988448659270421,0.0,7.771794055667787e-11
2014-09-15,0.35075977144343745,0.0,0.34988603295184195,0.0,0.0,0.0,2.6076353548430453e-11,0.29935419550309494,0.0,7.55492792015412e-11
2014-09-16,0.3510415963395913,0.0,0.3496880462005275,0.0,0.0,0.0,2.6123644259344644e-11,0.2992703573584593,0.0,7.529817221011086e-11
2014-09-17,0.35201676799717707,0.0,0.3495150069884394,0.0,0.0,0.0,2.5995783928901254e-11,0.29846822491271113,0.0,7.567649952307029e-11
2014-09-18,0.3528588316034028,0.0,0.34739435346152336,0.0,0.0,0.0,2.5952133358450794e-11,0.2997468148333865,0.0,7.573510266434533e-11
2014-09-19,0.35308903942197173,0.0,0.3484625684009522,0.0,0.0,0.0,2.5877620928102197e-11,0.29844839207647605,0.0,7.4722378744106e-11
2014-09-22,0.3531522279215512,0.0,0.34762715765298613,0.0,0.0,0.0,2.6006987811552384e-11,0.29922061432456093,0.0,7.489463604990142e-11
2014-09-23,0.35211549229130484,0.0,0.34776887524663685,0.0,0.0,0.0,2.6156825314751735e-11,0.3001156323612381,0.0,7.466326745582081e-11
2014-09-24,0.3523706612967748,0.0,0.34709363164645723,0.0,0.0,0.0,2.636885882363619e-11,0.30053570695579657,0.0,7.460244057939863e-11
2014-09-25,0.3538525711492768,0.0,0.34759834728138567,0.0,0.0,0.0,2.6211876483857813e-11,0.29854908146898995,0.0,7.413567847720593e-11
2014-09-26,0.3526735132316154,0.0,0.34695783247464024,0.0,0.0,0.0,2.6631742735578014e-11,0.30036865419234754,0.0,7.476512729758477e-11
2014-09-29,0.35403910083170076,0.0,0.34700200577830154,0.0,0.0,0.0,2.6465837956758463e-11,0.2989588932880671,0.0,7.54648132302386e-11
2014-09-30,0.35498508877950774,0.0,0.34533435347689484,0.0,0.0,0.0,2.6573654878561267e-11,0.2996805576413243,0.0,7.569955542499634e-11
2014-10-01,0.3499999999956735,0.0,6.211969016125187e-11,0.1499999998555442,0.0,0.0,0.10031944240826837,0.29968055770031343,0.0,0.0999999999780808
2014-10-02,0.34761667839485627,0.0,6.180294921179153e-11,0.1479364306527126,0.0,0.0,0.10161770761452966,0.3020616147977143,0.0,0.10076756847838425
2014-10-03,0.3472294533883246,0.0,6.106213682426744e-11,0.14854725826305426,0.0,0.0,0.1014803193792989,0.3022711088943144,0.0,0.10047186001394572
2014-10-06,0.3486001923824797,0.0,6.063562092664574e-11,0.1487710842049645,0.0,0.0,0.10106033976750882,0.3011729620600021,0.0,0.10039542152440936
2014-10-07,0.34743473419609705,0.0,6.088983793686561e-11,0.15038929468766665,0.0,0.0,0.1008914106737794,0.3008440415245088,0.0,0.10044051885705849
2014-10-08,0.34492096310278586,0.0,6.035558390636575e-11,0.1503004147993004,0.0,0.0,0.10209944700658907,0.3021989680616773,0.0,0.10048020696929197
2014-10-09,0.34664466100845975,0.0,6.055668792038565e-11,0.15067562477166274,0.0,0.0,0.10136106774194778,0.2999176080546336,0.0,0.1014010383627396
2014-10-10,0.34419029155070496,0.0,5.969877158319458e-11,0.15024150744870135,0.0,0.0,0.10225214068648472,0.30059567616334676,0.0,0.10272038409106353
2014-10-13,0.3435060781434081,0.0,5.936348666894928e-11,0.14837762871815166,0.0,0.0,0.10331357890895226,0.30100399595985006,0.0,0.10379871821027462
2014-10-14,0.339653062444649,0.0,5.959887817033417e-11,0.1506732654106136,0.0,0.0,0.10412997270493671,0.3010957556495228,0.0,0.10444794373067917
2014-10-15,0.33871035247365655,0.0,5.948924187331167e-11,0.1509028825340276,0.0,0.0,0.1039138963602009,0.30079338068774264,0.0,0.10567948788488316
2014-10-16,0.33792694623463465,0.0,5.940010916385174e-11,0.14966444528882888,0.0,0.0,0.10445797034901119,0.30220917344673764,0.0,0.10574146462138767
2014-10-17,0.3376414432407264,0.0,5.884733019947633e-11,0.14830383540966788,0.0,0.0,0.10422489847131877,0.30391646864416194,0.0,0.1059133541752777
2014-10-20,0.3388167328678002,0.0,5.945109707212049e-11,0.1487265223494672,0.0,0.0,0.10332380045074481,0.30396476096171815,0.0,0.1051681833108186
2014-10-21,0.3394893602988796,0.0,5.93659840233634e-11,0.14802367477615616,0.0,0.0,0.10272134291591192,0.30380867683637536,0.0,0.10595694511331087
2014-10-22,0.3425458263167199,0.0,5.943951665265651e-11,0.14706454227263221,0.0,0.0,0.10157350429388455,0.3030279484399717,0.0,0.10578817861735192
2014-10-23,0.3420011086112176,0.0,5.933444438452243e-11,0.1469086064824916,0.0,0.0,0.10196824821364191,0.3027178567102093,0.0,0.10640417992310497
2014-10-24,0.34444945702403984,0.0,5.964107480875731e-11,0.14622421856442397,0.0,0.0,0.10132347858259198,0.3012515641629112,0.0,0.10675128160639177
2014-10-27,0.3455459522503651,0.0,5.970020895418494e-11,0.14660600170773114,0.0,0.0,0.10091191146409531,0.3007455120920655,0.0,0.10619062242604264
2014-10-28,0.3457412220816305,0.0,5.947974175355395e-11,0.14574481068625159,0.0,0.0,0.10123451243295048,0.3000954924631043,0.0,0.10718396227658329
2014-10-29,0.3470964429881197,0.0,5.993251645349228e-11,0.14757132236291676,0.0,0.0,0.10014361739617203,0.29833878815912473,0.0,0.10684982903373406
2014-10-30,0.34703134250386974,0.0,5.955346516042544e-11,0.14798053468877842,0.0,0.0,0.10009185522807469,0.2985085949871162,0.0,0.10638767253260731
2014-10-31,0.3477871379041559,0.0,5.973110238721866e-11,0.1487403754463514,0.0,0.0,0.09973774538363775,0.29712479762645244,0.0,0.10660994357967121
2014-11-03,0.3499999999876744,0.0,0.14999999997021937,0.0,0.09752488176486455,4.649263059727649e-10,0.349999999955161,0.052475117853527424,0.0,3.6268010431299545e-12
2014-11-04,0.35079284075686423,0.0,0.14896556179843182,0.0,0.09765619783136763,4.65725291945513e-10,0.3499094026095575,0.052675996534388675,0.0,3.664769628075534e-12
2014-11-05,0.3501841397243009,0.0,0.14837737724343208,0.0,0.09781672238475175,4.67986566355743e-10,0.35101984099797473,0.05260191917787675,0.0,3.6771363310911505e-12
2014-11-06,0.35174119151894584,0.0,0.1483835845306481,0.0,0.09766292702105256,4.664517459525335e-10,0.3497195484456876,0.05249274801355153,0.0,3.662486690655712e-12
2014-11-07,0.3533656257070724,0.0,0.14767529276249136,0.0,0.09742448489429754,4.6372148068895894e-10,0.3488726620443933,0.05266193412438699,0.0,3.6366613744897188e-12
2014-11-10,0.35253709081022777,0.0,0.1472616786044476,0.0,0.09772778145670838,4.675115021052958e-10,0.34993289505055836,0.05254055360692609,0.0,3.6201566414454462e-12
2014-11-11,0.3537790897137324,0.0,0.14797304178870757,0.0,0.09736458051875081,4.63390181796384e-10,0.3483002970018485,0.05258299050991903,0.0,3.651332837394753e-12
2014-11-12,0.35365299993421856,0.0,0.1486649733032725,0.0,0.09724392916939069,4.630836198448975e-10,0.3478059540922481,0.05263214303415414,0.0,3.6322538844631577e-12
2014-11-13,0.35393810486624316,0.0,0.14767890674498269,0.0,0.09739004944540108,4.6356564867872134e-10,0.3484324003396716,0.05256053813652415,0.0,3.6115588043212502e-12
2014-11-14,0.354102762114191,0.0,0.14828433145587114,0.0,0.09748359384786366,4.643525287180074e-10,0.34781981448576854,0.05230949762832416,0.0,3.6288973560479417e-12
2014-11-17,0.3539483827477728,0.0,0.14839413233066193,0.0,0.09762166452967773,4.662999583765109e-10,0.3480235500130069,0.05201226990898415,0.0,3.5966264584519745e-12
2014-11-18,0.3546345992686887,0.0,0.14800094980128914,0.0,0.09763707539785854,4.657345688147069e-10,0.34765312276328464,0.052074252299527106,0.0,3.6173730715575046e-12
2014-11-19,0.3552720435361205,0.0,0.14902759284395334,0.0,0.09736224820220236,4.6517777389485527e-10,0.3465718039237048,0.05176631102522267,0.0,3.6186190340876542e-12
2014-11-20,0.35581553258824755,0.0,0.14905032638305965,0.0,0.09740774039478924,4.6367098916424703e-10,0.3458089811478344,0.051917419018800814,0.0,3.59741521440956e-12
2014-11-21,0.3559989250907964,0.0,0.14797674703012956,0.0,0.09746364459028214,4.6551530835580974e-10,0.3467017395526936,0.05185894326697814,0.0,3.6048780486083728e-12
2014-11-24,0.35606372477692505,0.0,0.1484965045740944,0.0,0.09715651674676663,4.659155991588381e-10,0.3464082314679677,0.05187502196472188,0.0,3.608679043183712e-12
2014-11-25,0.3561652622508369,0.0,0.14898249023962318,0.0,0.09702272559780839,4.651308355886668e-10,0.3460905703626687,0.05173895108031964,0.0,3.61233272057797e-12
2014-11-26,0.3552655949081971,0.0,0.14896876246684573,0.0,0.09708678339503016,4.681547944931973e-10,0.34694878248690214,0.0517300762712578,0.0,3.612172038927313e-12
2014-11-28,0.3551400178960345,0.0,0.14911386680628452,0.0,0.09696977047694649,4.680655927729675e-10,0.34712917635578444,0.051647167993247936,0.0,3.636519316929215e-12
2014-12-01,0.35000000001776094,2.2127181297327738e-11,0.14999999956810992,3.110755696227181e-10,0.1499999992700682,2.0851659674111298e-10,0.34999999997050524,4.762421591432385e-10,0.0,1.5559430634432737e-10
2014-12-02,0.34901741057770475,2.187291380859309e-11,0.15048442246327365,3.0702893751751286e-10,0.15025621282411852,2.0816472211415595e-10,0.35024195296856553,4.734155135906519e-10,0.0,1.5585550669104966e-10
2014-12-03,0.3513915316963553,2.214313686665318e-11,0.15095886690770552,3.070569089938949e-10,0.1496386903855807,2.062122647651893e-10,0.34801090984190947,4.761589224207414e-10,0.0,1.568778819444819e-10
2014-12-04,0.35219306099442094,2.2321242532402717e-11,0.1505328702346733,3.0739991486986663e-10,0.14945967621638415,2.0669167043053413e-10,0.3478143913854354,4.761979252811305e-10,0.0,1.564756539754062e-10
2014-12-05,0.35173364871169294,2.2210337644439216e-11,0.1500094588742941,3.0786519481718884e-10,0.14995493093176876,2.083786178744727e-10,0.34830196031115107,4.757879800890169e-10,0.0,1.5685121818509117e-10
2014-12-08,0.352792134626305,2.2408313716480578e-11,0.15054447946916313,3.0768463649839765e-10,0.1493221223260895,2.074476993269714e-10,0.34734126240856034,4.760704765521341e-10,0.0,1.5627111112607064e-10
2014-12-09,0.35097329649353615,2.216244320509755e-11,0.14945577453232448,3.036348332030897e-10,0.15004971279439355,2.10305882867397e-10,0.3495212150117675,4.743735318848162e-10,0.0,1.5750176994974914e-10
2014-12-10,0.3508023184686497,2.2538583890410997e-11,0.1486826033831401,3.008276456222245e-10,0.15063333210829777,2.1142718275074065e-10,0.3498817448726685,4.742002420811303e-10,0.0,1.5825049686106314e-10
2014-12-11,0.3475922943487456,2.2214127596237755e-11,0.14782292422926452,2.98452032591788e-10,0.1523746919267549,2.14461092430406e-10,0.3522100883288681,4.720391438254113e-10,0.0,1.5920068606611212e-10
2014-12-12,0.3490197683733309,2.2281104400887443e-11,0.14749153948591767,2.9566296033114996e-10,0.1519709758916168,2.1513605657872988e-10,0.35151771508682667,4.698868043853403e-10,0.0,1.5934124110602874e-10
2014-12-15,0.3456882003541748,2.2158561501069536e-11,0.1456177658859354,2.9276413569512546e-10,0.15424689898840366,2.1952017367824762e-10,0.3544471336113986,4.666287406140483e-10,0.0,1.5901605620555594e-10
2014-12-16,0.34487059828946576,2.203396596306733e-11,0.14385541875097654,2.898730809017675e-10,0.15438183780351106,2.200617630045882e-10,0.35689214399793945,4.684763675791294e-10,0.0,1.5766216383139933e-10
2014-12-17,0.34247201662815535,2.202652927584112e-11,0.14504236559923497,2.8972339043208375e-10,0.15533024968891315,2.230245292230429e-10,0.35715536692399624,4.673121167179944e-10,0.0,1.576137980021095e-10
2014-12-18,0.346598725032,2.2538173532061604e-11,0.14568858728538636,2.9418716168950855e-10,0.15311451800505035,2.1937690176584903e-10,0.3545981685081232,4.732984471446464e-10,0.0,1.6003942029603812e-10
2014-12-19,0.35142209032755034,2.2632331665565727e-11,0.1467234370757974,2.950611396683557e-10,0.15064486650425402,2.1319985926408579e-10,0.35120960492999187,4.720547902575058e-10,0.0,1.5945830085886787e-10
2014-12-22,0.3521819262203044,2.2636565427139974e-11,0.14663154182250498,2.9650732006129966e-10,0.15088491606896842,2.1561625991550093e-10,0.35030161471881016,4.756036364546201e-10,0.0,1.5904839879633616e-10
2014-12-23,0.35258620600088836,2.2712453770028554e-11,0.14683815568835018,2.9959676757238337e-10,0.1503664502320311,2.1516559216956136e-10,0.3502091869072898,4.7281404111067e-10,0.0,1.6115182677629374e-10
2014-12-24,0.3544462293712583,2.283007155195781e-11,0.14693829687448762,2.980217445292373e-10,0.14970518691233267,2.117245923311371e-10,0.3489102856716588,4.763548875256372e-10,0.0,1.6133140613987495e-10
2014-12-26,0.35379659424139304,2.285186531215401e-11,0.14731929147303918,2.9813298892321926e-10,0.1495243993892578,2.124663632388192e-10,0.34935971372545255,4.770534995068681e-10,0.0,1.6035289236675155e-10
2014-12-29,0.3542346788581681,2.2955158827911663e-11,0.14740659953780744,2.999010162127124e-10,0.1494268010760192,2.1283265146558428e-10,0.3489319193570812,4.746320653908762e-10,0.0,1.6060343146331479e-10
2014-12-30,0.3544996708382809,2.3038575476130014e-11,0.14625379505769032,2.978981150185384e-10,0.1498481260799078,2.1429614576103226e-10,0.34939840685288615,4.746133676939749e-10,0.0,1.6138877753211785e-10
2014-12-31,0.3535831890667872,2.2967479662748123e-11,0.14530977045583038,2.99340776937445e-10,0.15043766457262922,2.1547827982483009e-10,0.3506693747302556,4.749889164078443e-10,0.0,1.6172219841463131e-10
2015-01-02,0.349999999994656,0.0,0.14999999972687186,2.212368921173722e-10,0.1499999999312526,4.2703660933195335e-11,0.349999999865047,7.532422305528469e-11,0.0,1.429076069316315e-10
2015-01-05,0.3494049880486904,0.0,0.14918493247589243,2.1805444854191316e-10,0.15058850607816027,4.312812175366465e-11,0.3508215729159466,7.523644794990077e-11,0.0,1.4489104739960885e-10
2015-01-06,0.3456800325091699,0.0,0.14676091746886538,2.1578742948599988e-10,0.15264888829519296,4.4135649700165056e-11,0.35491016124496566,7.510112812027759e-11,0.0,1.467816881792707e-10
2015-01-07,0.34326418327988373,0.0,0.14545454518843606,2.154079236992032e-10,0.15405140752636057,4.5041098038362214e-11,0.3572298635212721,7.499701085642432e-11,0.0,1.4860127753582368e-10
2015-01-08,0.34535251471254647,0.0,0.14614490231174745,2.186799034557467e-10,0.1530527137149706,4.466899893136588e-11,0.3554498687724689,7.498813345259062e-11,0.0,1.4992925279858992e-10
2015-01-09,0.34926810555490573,0.0,0.14718964427831285,2.210052780770109e-10,0.15146877078975388,4.379995120188e-11,0.35207347888759705,7.50771578285743e-11,0.0,1.4954773121621077e-10
2015-01-12,0.34710424687207375,0.0,0.14674587484208565,2.206798095600336e-10,0.15249504063883954,4.4360845843550703e-11,0.35365483715647544,7.559230415231628e-11,0.0,1.4989224907056943e-10
2015-01-13,0.345024836908005,0.0,0.1466733402410887,2.1928822219540544e-10,0.15331598483578188,4.4697558843165197e-11,0.35498583752418067,7.56402580979514e-11,0.0,1.5131729881400208e-10
2015-01-14,0.34397427190670177,0.0,0.14737853435278292,2.2115081931321728e-10,0.1534216910639279,4.468714536364485e-11,0.35522550218407367,7.562263569755633e-11,0.0,1.510527878338814e-10
2015-01-15,0.3422991273261667,0.0,0.14713217409853263,2.2017075068278236e-10,0.15431002219609888,4.507901714907244e-11,0.3562586758858802,7.553476618997566e-11,0.0,1.5253673320066468e-10
2015-01-16,0.3388357545251628,0.0,0.14792672332285578,2.2046474043386513e-10,0.15547686168624372,4.5744148382253886e-11,0.3577606599717869,7.49994625020925e-11,0.0,1.5274214134973803e-10
2015-01-20,0.34217509655936656,0.0,0.1493673727187139,2.2160735540369002e-10,0.15383418273509547,4.501562944180942e-11,0.35462334749158814,7.504311610915534e-11,0.0,1.5356952599703264e-10
2015-01-21,0.34207816239178024,0.0,0.14952207593704564,2.207373191209941e-10,0.15381533563084968,4.5503897283682365e-11,0.35458442554736547,7.472849849982676e-11,0.0,1.519890132005008e-10
2015-01-22,0.343109804422463,0.0,0.15039392590745182,2.2515160303613657e-10,0.15277402796826975,4.4887001469030536e-11,0.353722241205222,7.497778449495026e-11,0.0,1.5157667465650444e-10
2015-01-23,0.3464414062604695,0.0,0.15018888966498226,2.2828665521603084e-10,0.1516199983351228,4.449801376072567e-11,0.3517497052384565,7.469606958759418e-11,0.0,1.534879179942836e-10
2015-01-26,0.34444043547348807,0.0,0.1492930107749153,2.2649661981297563e-10,0.15256682025501092,4.51040516977073e-11,0.35369973299730323,7.467403921759887e-11,0.0,1.5300739168342298e-10
2015-01-27,0.344415449025646,0.0,0.15097230824512897,2.2606199602325324e-10,0.15185102089841668,4.4858536006392654e-11,0.35276122133112975,7.483349995886173e-11,0.0,1.539241936231743e-10
2015-01-28,0.34118794121255974,0.0,0.15177597018242855,2.2571278068354074e-10,0.15264864660550131,4.5102561498364935e-11,0.3543874414990574,7.506502151799098e-11,0.0,1.545723107271132e-10
2015-01-29,0.3378469878381314,0.0,0.14996918106517695,2.2395001025932348e-10,0.15429603639948417,4.598072319824055e-11,0.3578877941981239,7.513728071138554e-11,0.0,1.5401523610412973e-10
2015-01-30,0.3396839018065218,0.0,0.15144883688826788,2.231053112455652e-10,0.15316890100165573,4.550587426261431e-11,0.3556983598058491,7.511953300650036e-11,0.0,1.539744386397773e-10
2015-02-02,0.3500000000060032,0.1499999999665111,4.1755726398084576e-12,0.0,0.05000000010263761,0.0,0.3499999999735028,1.079471177342754e-11,0.0,0.09999999993637505
2015-02-03,0.3523240649163661,0.15051536735538695,4.20206716042456e-12,0.0,0.04965415306696526,0.0,0.34833800457053665,1.0774671578073923e-11,0.0,0.09916841007576822
2015-02-04,0.3554939636261859,0.15238438540005084,4.2462150468995744e-12,0.0,0.048970077363438315,0.0,0.3436602403005572,1.0777224480049166e-11,0.0,0.09949133329474406
2015-02-05,0.35476897562394716,0.1520898005523605,4.218614576784517e-12,0.0,0.049137787223600786,0.0,0.3447475848484837,1.0751132936496654e-11,0.0,0.09925585173663792
2015-02-06,0.35640327253122916,0.15321791823634553,4.253490225023095e-12,0.0,0.04869222909308543,0.0,0.3417860613665076,1.0755462735015378e-11,0.0,0.09990051875782316
2015-02-09,0.35834626565333133,0.15431284978092968,4.235006821754671e-12,0.0,0.048544347260478016,0.0,0.34099992583075966,1.0852422418937737e-11,0.0,0.09779661145941375
2015-02-10,0.35792839966014833,0.15359827940290158,4.228691162646716e-12,0.0,0.04868316853793118,0.0,0.34235938350353473,1.0862161243702626e-11,0.0,0.09743076888039323
2015-02-11,0.36028152295844307,0.15395652783302805,4.250219454353193e-12,0.0,0.04836524232609904,0.0,0.34004945863199554,1.0855293817730407e-11,0.0,0.09734724823532878
2015-02-12,0.360522811228134,0.1537514456110795,4.227575475888484e-12,0.0,0.048351561502644844,0.0,0.3403049957894865,1.0852685824496357e-11,0.0,0.09706918585357487
2015-02-13,0.36136421677801317,0.15438025653725956,4.262291654183381e-12,0.0,0.04802064618242004,0.0,0.33871570540759366,1.0773213354016334e-11,0.0,0.09751917507967799
2015-02-17,0.3627582847084665,0.15526033948017795,4.289422408528822e-12,0.0,0.047847587697093075,0.0,0.33728868584387883,1.078582536113365e-11,0.0,0.09684510225530835
2015-02-18,0.36372374868606855,0.15591507943843366,4.3041763105050155e-12,0.0,0.04755993311159319,0.0,0.33609024928181996,1.0790440877392028e-11,0.0,0.09671098946698999
2015-02-19,0.362839976804354,0.1556872893472602,4.318813202026604e-12,0.0,0.047667187666333106,0.0,0.3364405554656124,1.0799832085091368e-11,0.0,0.09736499070132161
2015-02-20,0.36349494390772824,0.1560925087209017,4.335082230548892e-12,0.0,0.047666716707138186,0.0,0.3372325741812584,1.0802175196063857e-11,0.0,0.0955132564678362
2015-02-23,0.364218272752639,0.1558905709986997,4.358009290862847e-12,0.0,0.047449953348773034,0.0,0.33638919429356756,1.0788619464869252e-11,0.0,0.09605200859117391
2015-02-24,0.36335553361907363,0.15569592025224166,4.332922980929641e-12,0.0,0.04756188386944018,0.0,0.3367783832537505,1.0772830390900998e-11,0.0,0.09660827899038812
2015-02-25,0.3637177360924227,0.15561266975058322,4.351653777957053e-12,0.0,0.0477891872033857,0.0,0.338349180256219,1.0763606581230305e-11,0.0,0.09453122668227384
2015-02-26,0.36332143507482556,0.15575279863167063,4.353944730577104e-12,0.0,0.04782203936456051,0.0,0.338572606695654,1.0796268811854588e-11,0.0,0.09453112021813881
2015-02-27,0.36398406521019455,0.15679388969517308,4.354998726364187e-12,0.0,0.047681409880859484,0.0,0.33775679395269065,1.0826398387349195e-11,0.0,0.09378384124590054
2015-03-02,0.3500000000053622,4.367616499449435e-11,1.1707893003070975e-11,0.14999999985429663,0.04768140998105128,0.014561796642462788,0.3377567934540492,0.0,0.0,0.10000000000739385
2015-03-03,0.3525586233188617,4.4036845892670226e-11,1.1737488744139614e-11,0.14992743464673408,0.0473733361289832,0.01430471510272681,0.33516055833684427,0.0,0.0,0.10067533241007563
2015-03-04,0.35221433551273057,4.391395524384953e-11,1.1702110394902311e-11,0.14925206898582546,0.04741962831643714,0.014297605083094665,0.33601763346937713,0.0,0.0,0.10079872857691893
2015-03-05,0.3522294470040381,4.3965209262636596e-11,1.1705005139386515e-11,0.14825669435641856,0.047658208957299004,0.014363291686945721,0.3372302090799334,0.0,0.0,0.10026214885969506
2015-03-06,0.352294073929493,4.405447613234064e-11,1.1721540251468693e-11,0.14789929916542138,0.047641687751267765,0.014332072441099929,0.33737185322726204,0.0,0.0,0.10046101342967992
2015-03-09,0.35260821923622115,4.415787620200881e-11,1.173747468911025e-11,0.14784566131986088,0.047869761192690166,0.014228052436305552,0.33884938217690197,0.0,0.0,0.09859892358212503
2015-03-10,0.3528695870735964,4.420072258700136e-11,1.1716029111323044e-11,0.14678175404270769,0.047929152455508994,0.014310723576188773,0.3390615034659231,0.0,0.0,0.09904727933015839
2015-03-11,0.34999176548913025,4.405049949416061e-11,1.155518756298481e-11,0.14469328600615694,0.04852728631741022,0.01461790255775951,0.3423843203663844,0.0,0.0,0.09978543920755317
2015-03-12,0.34837084064631096,4.4219736360978905e-11,1.1558170897059857e-11,0.1454559954309386,0.04850233472445073,0.014690607116271714,0.3433377200293258,0.0,0.0,0.09964250199692452
2015-03-13,0.3504303436733747,4.4652117693872854e-11,1.1623403743613626e-11,0.14537893988459905,0.048221731138284624,0.014581611243803475,0.3406916702673067,0.0,0.0,0.10069570373635614
2015-03-16,0.3500498939538495,4.4718384143882736e-11,1.161431304978768e-11,0.14434582848199196,0.0483939908589037,0.014610698071747938,0.34145397232458813,0.0,0.0,0.1011456162525863
2015-03-17,0.3518750399852359,4.461937468828884e-11,1.1650597595767502e-11,0.14490509096432816,0.04817162534495677,0.014632759977415845,0.3390477425954312,0.0,0.0,0.10136774107636237
2015-03-18,0.350343897662325,4.4676893870643374e-11,1.160531033426335e-11,0.14638474776120464,0.04820394561839606,0.014733601055766833,0.3391427582045261,0.0,0.0,0.10119104964149944
2015-03-19,0.3493425539293821,4.43724112610043e-11,1.1679035894345406e-11,0.14776375561122804,0.04804041416666459,0.01479718498341688,0.3382677293110767,0.0,0.0,0.10178836194218048
2015-03-20,0.34990674037926073,4.473369493105597e-11,1.161409890307743e-11,0.14616374134884808,0.04811102351675145,0.014813130244303746,0.33863363866738144,0.0,0.0,0.10237172578710703
2015-03-23,0.34982403995027767,4.472228104465546e-11,1.1764179831370562e-11,0.14701472569073934,0.04787331244008961,0.014757475756741254,0.33653315450658794,0.0,0.0,0.10399729159907796
2015-03-24,0.34898650509903756,4.466328071902218e-11,1.1818024919210988e-11,0.14738910424073848,0.047913786565249444,0.014732945170767871,0.33715818098091077,0.0,0.0,0.10381947788681493
2015-03-25,0.3475369804128977,4.4718448737232525e-11,1.1810334954947757e-11,0.14819379219742326,0.048130391666904124,0.014897322442573649,0.33815421452676714,0.0,0.0,0.10308729869690565
2015-03-26,0.3461354617344044,4.4120760244713905e-11,1.1881438410139753e-11,0.14741591151495204,0.04843902197021242,0.01493072340773542,0.3406781124239857,0.0,0.0,0.10240076889270826
2015-03-27,0.34716512749993345,4.4303342135086435e-11,1.184134587603175e-11,0.14682679686202785,0.04842481688314203,0.014776880922642238,0.34039379509756124,0.0,0.0,0.10241258267854898
2015-03-30,0.34689685090487893,4.4449590401786453e-11,1.1836047947308874e-11,0.14678735392175607,0.04846507252481508,0.014914947081889769,0.340702118065107,0.0,0.0,0.102233657445268
2015-03-31,0.3479852881062576,4.4649267501622026e-11,1.1737287794118518e-11,0.14827502143631582,0.048026749688807754,0.01470811238441022,0.3382365598045275,0.0,0.0,0.10276826852329497
2015-04-01,0.3500000000094903,0.0017249786978527687,2.328374318178955e-11,0.14827502123100456,0.04802674950149845,0.0,0.3499999999757,0.10197325054397326,0.0,1.7196955357218583e-11
2015-04-02,0.3480468493177848,0.001722132508197603,2.340254848777142e-11,0.14981453489560478,0.0481563352764296,0.0,0.35028623346940935,0.10197391449203397,0.0,1.7137253017058502e-11
2015-04-06,0.3482990743290439,0.0017203775882392537,2.353776317725953e-11,0.15162850381493512,0.047881583613485504,0.0,0.34870966904840767,0.1017607915651326,0.0,1.7218099930060288e-11
2015-04-07,0.34887169645287625,0.0017192328889328382,2.3655866086404327e-11,0.15280075703848953,0.04770099675174141,0.0,0.3474035103166453,0.10150380651035,0.0,1.730877156402228e-11
2015-04-08,0.34790308839947287,0.0017080247090845604,2.3620458067071534e-11,0.15201272124032228,0.04773437699797125,0.0,0.3486141464544936,0.10202764215803324,0.0,1.700161358804085e-11
2015-04-09,0.3476209427508229,0.001715525366856699,2.3622013102948686e-11,0.15454712705958484,0.04749136753199742,0.0,0.34704545752866267,0.10157957972149648,0.0,1.695678847912286e-11
2015-04-10,0.34880753507714635,0.0017076544021101907,2.363043655649886e-11,0.15592007575385647,0.047251342217953275,0.0,0.3449361309449949,0.10137726156371998,0.0,1.6588221963297737e-11
2015-04-13,0.34975829941467246,0.0017111882547208256,2.3612566229807522e-11,0.1556052931993274,0.04710986009472349,0.0,0.3444803408682951,0.1013350181281169,0.0,1.6531131468756804e-11
2015-04-14,0.3491169701942605,0.0017169034716310564,2.3526273279383566e-11,0.15511601590541466,0.04733328066014553,0.0,0.3452973708672083,0.10141945886128195,0.0,1.6531600398641097e-11
2015-04-15,0.3489688183794303,0.0017124898019451164,2.3646066808145472e-11,0.1554438572201992,0.047362364255855174,0.0,0.3452851143234345,0.10122735597893835,0.0,1.6551144537042833e-11
2015-04-16,0.34937492081464644,0.0017187753059121082,2.3674422381190218e-11,0.1560149775676207,0.04723174546972674,0.0,0.34436864753960594,0.1012909332624409,0.0,1.6372547688253497e-11
2015-04-17,0.3490112793903337,0.0017165264387723413,2.372044008288641e-11,0.15712634642958528,0.04723080131991924,0.0,0.34391081279402974,0.10100423358723706,0.0,1.6402086934798134e-11
2015-04-20,0.3471046113133605,0.0016990234702751752,2.356532553769276e-11,0.15532193280537998,0.04761551186829546,0.0,0.34694920425300835,0.1013097162496891,0.0,1.642600086028408e-11
2015-04-21,0.3494532057910474,0.001711651964322548,2.3534914976602504e-11,0.1548119592003621,0.047416511087730186,0.0,0.34531283601331597,0.10129383590327538,0.0,1.641146178568788e-11
2015-04-22,0.34890762263715414,0.0017092478235611005,2.3736383551186476e-11,0.15566155128623357,0.04729874289500279,0.0,0.3450998728416261,0.10132296247625248,0.0,1.643342000784648e-11
2015-04-23,0.3503506305361582,0.001710509486785263,2.3764278426101873e-11,0.15720839942559908,0.04698778986065557,0.0,0.34259800943671004,0.10114466121387286,0.0,1.6454713757740683e-11
2015-04-24,0.3501689632864889,0.0017130634939454912,2.3781059740405742e-11,0.1578888561134773,0.04698880367499984,0.0,0.342435104231097,0.10080520915976157,0.0,1.6448785057936142e-11
2015-04-27,0.35015361812380075,0.001703338207603803,2.386304066801599e-11,0.1580932962389875,0.04704250004817098,0.0,0.34227425581558085,0.10073299152554932,0.0,1.6443817435137214e-11
2015-04-28,0.3491010744735927,0.001686475641055116,2.4007620457033314e-11,0.15888979580172816,0.04702324326014392,0.0,0.3424168236325213,0.10088258715051025,0.0,1.6440924885931513e-11
2015-04-29,0.35057113462268746,0.001697569277631675,2.4060702772672144e-11,0.15930620447932053,0.04685459760444141,0.0,0.34073885530368353,0.10083163867174871,0.0,1.6425931688424582e-11
2015-04-30,0.35145861986472327,0.0016903288778847999,2.401052797482198e-11,0.1583688129451888,0.046992554172588547,0.0,0.3401743252811046,0.10131535881829715,0.0,1.6202222301928196e-11
2015-05-01,0.3499999999858634,0.15000000002684366,0.0,0.0,0.15982567382044657,7.898573756009619e-10,0.3401743252780712,4.79372033906785e-12,0.0,9.412400866976938e-11
2015-05-04,0.35308069605447356,0.15067321500263256,0.0,0.0,0.15863126644625766,7.776527593946174e-10,0.3376148216195445,4.7947186127682626e-12,0.0,9.46441461177029e-11
2015-05-05,0.3540353195364072,0.15119517571835056,0.0,0.0,0.1582817495039869,7.702052010769554e-10,0.3364877543715318,4.792974747070073e-12,0.0,9.472526510157975e-11
2015-05-06,0.3523827143388779,0.15029270549859017,0.0,0.0,0.159098773691658,7.744175399439581e-10,0.33822580559833426,4.8194908027680534e-12,0.0,9.330248140344779e-11
2015-05-07,0.3520456457700057,0.1512936021515819,0.0,0.0,0.15882345881371637,7.635741962995302e-10,0.3378372924028821,4.820383090156934e-12,0.0,9.341926706998266e-11
2015-05-08,0.3520418253523063,0.15126230827781162,0.0,0.0,0.1588630156827481,7.707509839164523e-10,0.337832849817107,4.800642713853735e-12,0.0,9.447537605937047e-11
2015-05-11,0.3537337435687332,0.15113569620476414,0.0,0.0,0.15815997724444827,7.664560779850811e-10,0.3369705821157936,4.798440248118494e-12,0.0,9.50061879972173e-11
2015-05-12,0.3543687891557416,0.15221987605176543,0.0,0.0,0.15763720221149577,7.527476326823837e-10,0.3357741317292544,4.79987546810088e-12,0.0,9.419532801313371e-11
2015-05-13,0.3539097033693784,0.15220545247450842,0.0,0.0,0.15802486958278344,7.559833062524554e-10,0.3358599737178978,4.807508071395327e-12,0.0,9.464123604857853e-11
2015-05-14,0.35413855097851354,0.1522748734553336,0.0,0.0,0.15788771434742285,7.502695403598376e-10,0.3356988603698784,4.802792250807233e-12,0.0,9.3779335177845e-11
2015-05-15,0.35534762747780846,0.15282280188167388,0.0,0.0,0.15732619721123514,7.470669244796533e-10,0.334503372582497,4.7926749302416125e-12,0.0,9.492592790451304e-11
2015-05-18,0.3544332201597479,0.1520922737780899,0.0,0.0,0.1578756324876666,7.592621449362786e-10,0.33559887271490246,4.7856852301398984e-12,0.0,9.554532669327766e-11
2015-05-19,0.3558237678125247,0.1539395752757606,0.0,0.0,0.1569382456969045,7.471315200068361e-10,0.3332984103675215,4.781688082199904e-12,0.0,9.537547363597805e-11
2015-05-20,0.3567070644576293,0.15416255795852926,0.0,0.0,0.15668181915341764,7.425890738543722e-10,0.3324485575877345,4.7877440231134695e-12,0.0,9.531254665996415e-11
2015-05-21,0.35618120665335207,0.1543274269671648,0.0,0.0,0.15690229741929798,7.432693119354028e-10,0.33258906811698125,4.778252425958179e-12,0.0,9.515637698399383e-11
2015-05-22,0.3560130642784025,0.15363450259660877,0.0,0.0,0.15730412606706387,7.511209491249396e-10,0.3330483062076473,4.768961427266711e-12,0.0,9.43877402718776e-11
2015-05-26,0.3559082600703109,0.1532917764427944,0.0,0.0,0.15727887526890977,7.530108003836812e-10,0.33352108736572367,4.7826574467616795e-12,0.0,9.446788113620644e-11
2015-05-27,0.35308542074771576,0.1522585653476376,0.0,0.0,0.1587078401559769,7.680780492608194e-10,0.3359481728817903,4.786258167393901e-12,0.0,9.401530192603213e-11
2015-05-28,0.3544983754636148,0.15328591917399176,0.0,0.0,0.15775598715363526,7.656474513675768e-10,0.3344597173439182,4.770731682903048e-12,0.0,9.442206469056147e-11
2015-05-29,0.3544859072648195,0.15331836042498204,0.0,0.0,0.15807658392643217,7.646116195709278e-10,0.33411914752004424,4.773850807117648e-12,0.0,9.433690160692527e-11
2015-06-01,0.3499999999437068,0.1500000000011876,0.0,0.0,0.16588085129073643,7.028678846729711e-10,0.3341191479711357,0.0,0.0,9.036562712882682e-11
2015-06-02,0.35121132764487223,0.1506860451800937,0.0,0.0,0.16538372262552645,6.963022141179096e-10,0.3327189037616022,0.0,0.0,9.160326734341631e-11
2015-06-03,0.3518871970635044,0.1514178804832433,0.0,0.0,0.16471170803812013,6.885919674002698e-10,0.33198321363551814,0.0,0.0,9.102209150959934e-11
2015-06-04,0.35320736556108306,0.15309392177000067,0.0,0.0,0.16348664944250413,6.78267677606784e-10,0.3302120624583311,0.0,0.0,8.981334009820831e-11
2015-06-05,0.3509298798463862,0.15186549323243353,0.0,0.0,0.16461458075731564,6.884827281347989e-10,0.33259004538556003,0.0,0.0,8.982184550170063e-11
2015-06-08,0.3511634155507302,0.15332780417175268,0.0,0.0,0.16381426328606993,6.817182646340937e-10,0.3316945162206961,0.0,0.0,8.903263805725828e-11
2015-06-09,0.35000563525051925,0.1530567171778686,0.0,0.0,0.164520488921988,6.829192424507127e-10,0.3324171578775785,0.0,0.0,8.91262921453928e-11
2015-06-10,0.3508477101924392,0.1529798674938261,0.0,0.0,0.16440361555168395,6.792399296332132e-10,0.33176880599410635,0.0,0.0,8.870430836669619e-11
2015-06-11,0.35343303666857634,0.1541775925487659,0.0,0.0,0.16302399322014033,6.702186111005507e-10,0.32936537680337663,0.0,0.0,8.89221854036175e-11
2015-06-12,0.3525489433343549,0.1536870618007521,0.0,0.0,0.16337426971793548,6.804116684955975e-10,0.3303897243775918,0.0,0.0,8.89540156938818e-11
2015-06-15,0.35119308849371667,0.15381291440541311,0.0,0.0,0.16390741094418357,6.830237317205427e-10,0.331086585384448,0.0,0.0,8.921489760902383e-11
2015-06-16,0.35026924572016105,0.15357913609474333,0.0,0.0,0.1645722511573002,6.852604515437797e-10,0.33157936625365636,0.0,0.0,8.887854503378668e-11
2015-06-17,0.3506161341672751,0.15398178963230502,0.0,0.0,0.16446743854329252,6.875905813517795e-10,0.3309346368803403,0.0,0.0,8.91964073342417e-11
2015-06-18,0.35104250567348777,0.15368876217838856,0.0,0.0,0.16449520672316115,6.820045706784521e-10,0.33077352465303944,0.0,0.0,8.991847292908448e-11
2015-06-19,0.3529337001718554,0.15497384078791884,0.0,0.0,0.1635549021618446,6.752899079421074e-10,0.32853755611238483,0.0,0.0,9.070638502762046e-11
2015-06-22,0.3510199878822716,0.15474813051375463,0.0,0.0,0.16426321219362675,6.832877592026666e-10,0.3299686686371386,0.0,0.0,8.99205386019675e-11
2015-06-23,0.353215315412224,0.15598855163333794,0.0,0.0,0.16306410339073826,6.700977219587986e-10,0.32773202880450586,0.0,0.0,8.909617195728456e-11
2015-06-24,0.35369806219139527,0.1564185899423313,0.0,0.0,0.16267349521256386,6.665148733426969e-10,0.32720985189878316,0.0,0.0,8.841157228655154e-11
2015-06-25,0.3520092195740794,0.15548574141153199,0.0,0.0,0.16356476650025462,6.739478574159808e-10,0.32894027175203444,0.0,0.0,8.81516882936048e-11
2015-06-26,0.35167796663701234,0.15572789264486742,0.0,0.0,0.16350275189033478,6.729994224032712e-10,0.32909138806734467,0.0,0.0,8.744133325506804e-11
2015-06-29,0.3525930919015443,0.15573533195952086,0.0,0.0,0.16317557903018004,6.672930050796921e-10,0.3284959963531455,0.0,0.0,8.83162044771875e-11
2015-06-30,0.3474829114886902,0.15280654615019748,0.0,0.0,0.16616458390730693,6.894869820205878e-10,0.33354595767679984,0.0,0.0,8.75184208580368e-11
2015-07-01,0.3499999999958325,0.14999999998713465,0.0,0.0,0.3499999999768521,8.358248091890968e-11,2.172511313666694e-10,0.1499999996668511,0.0,7.249604673920805e-11
2015-07-02,0.3522958487798347,0.15022717904278446,0.0,0.0,0.347668144315465,8.233520533654138e-11,2.1624183075622636e-10,0.14980882748975533,0.0,7.358348014017063e-11
2015-07-06,0.3518465922237104,0.14906399145603166,0.0,0.0,0.34877573727668376,8.25760917445145e-11,2.169908561988145e-10,0.1503136786702661,0.0,7.374106451609116e-11
2015-07-07,0.35052096473886984,0.14887808505402142,0.0,0.0,0.350916887627274,8.40288564217286e-11,2.1765401891478062e-10,0.14968406220401415,0.0,7.413753690950315e-11
2015-07-08,0.35152179752376533,0.148538058383307,0.0,0.0,0.35064867528778093,8.452892386124873e-11,2.1780964102110517e-10,0.14929146842776567,0.0,7.50422327870352e-11
2015-07-09,0.34824042677026024,0.14737903746883574,0.0,0.0,0.35470664906676763,8.590432702847169e-11,2.1976003576638982e-10,0.14967388631315307,0.0,7.53186900143692e-11
2015-07-10,0.3492100261139136,0.1480545363689552,0.0,0.0,0.3525757311600754,8.429373123325369e-11,2.1852064359069e-10,0.1501597059792092,0.0,7.503196282015942e-11
2015-07-13,0.35189060994220595,0.14938175133402654,0.0,0.0,0.34843360719930777,8.2554348097074e-11,2.1607033485663215e-10,0.15029403115054724,0.0,7.52874343537746e-11
2015-07-14,0.354084799933453,0.15034909970223856,0.0,0.0,0.34585103622779007,8.190738274408107e-11,2.145768338068273e-10,0.14971506376499785,0.0,7.503585734990716e-11
2015-07-15,0.35444535327473836,0.1506877604298957,0.0,0.0,0.3457978724258459,8.190479570453191e-11,2.1405380037887963e-10,0.14906901349861945,0.0,7.494149939279998e-11
2015-07-16,0.35418474813848866,0.14982741226064614,0.0,0.0,0.346978961967783,8.273934166092662e-11,2.1452620713488444e-10,0.14900887726078005,0.0,7.503606147630854e-11
2015-07-17,0.35566108009212577,0.15014583848607174,0.0,0.0,0.34552013389114566,8.299201198446906e-11,2.140395573337238e-10,0.1486729471582733,0.0,7.535155285024214e-11
2015-07-20,0.3562193641410232,0.14959991307948822,0.0,0.0,0.3458020898785499,8.348076274408759e-11,2.1434227083770024e-10,0.14837863252797742,0.0,7.51379100618481e-11
2015-07-21,0.35711851600779415,0.14908934123532386,0.0,0.0,0.34580324553954844,8.32959207055546e-11,2.14270002891196e-10,0.14798889684439231,0.0,7.537489654178384e-11
2015-07-22,0.3562154139379359,0.14859806115318083,0.0,0.0,0.3472548543796509,8.3866458836333e-11,2.1502311400481458e-10,0.1479316701550711,0.0,7.527129964930194e-11
2015-07-23,0.3557959584615489,0.14923935110185746,0.0,0.0,0.3478990771417674,8.444077250513165e-11,2.154356771255795e-10,0.14706561291930487,0.0,7.564455049898321e-11
2015-07-24,0.35461352321039963,0.14793338009658077,0.0,0.0,0.35013052367000475,8.569104264422303e-11,2.1657047722885163e-10,0.14732257264587675,0.0,7.487610019530731e-11
2015-07-27,0.35310714764747964,0.1464517477320867,0.0,0.0,0.3526304738684707,8.643491899789205e-11,2.1781660251876856e-10,0.1478106303720518,0.0,7.565924894181773e-11
2015-07-28,0.3520142796994211,0.1456328710171138,0.0,0.0,0.35476592166888526,8.713566581997093e-11,2.1843194692010511e-10,0.14758692723300926,0.0,7.600248830394731e-11
2015-07-29,0.35443711334293615,0.14609339063134727,0.0,0.0,0.35187576675318344,8.603876534879265e-11,2.1709789570279505e-10,0.14759372889375075,0.0,7.564536291060505e-11
2015-07-30,0.3557334077845342,0.14603310950871812,0.0,0.0,0.3502530059020544,8.544492057599998e-11,2.1621642426092728e-10,0.1479804764271368,0.0,7.589469315079317e-11
2015-07-31,0.3553420226154486,0.14625639681561778,0.0,0.0,0.3501817185656992,8.598816675036702e-11,2.1603922979936198e-10,0.1482198616257888,0.0,7.541793861123633e-11
2015-08-03,0.15000000035883393,0.34999999992677977,0.0,0.0,0.34999999991790587,0.0,2.8255379565018435e-10,0.14999999951392665,0.0,0.0
2015-08-04,0.1497120900383949,0.3487715573094754,0.0,0.0,0.3515789863536138,0.0,2.836245343013792e-10,0.14993736601489138,0.0,0.0
2015-08-05,0.14984615209205998,0.3489384145981053,0.0,0.0,0.35076386514905533,0.0,2.82991384348677e-10,0.1504515678777879,0.0,0.0
2015-08-06,0.15038028622812727,0.3498327518897254,0.0,0.0,0.34950153318488947,0.0,2.819660830739602e-10,0.15028542841529172,0.0,0.0
2015-08-07,0.14995046717065927,0.3469690192541673,0.0,0.0,0.35261025005651503,0.0,2.8402262356465157e-10,0.1504702632346358,0.0,0.0
2015-08-10,0.14991550138902043,0.34522260811558847,0.0,0.0,0.3546052926928389,0.0,2.8548793320511937e-10,0.1502565975170643,0.0,0.0
2015-08-11,0.1510745737472163,0.34751815682067316,0.0,0.0,0.35144183371792154,0.0,2.8298774831661614e-10,0.14996543543120142,0.0,0.0
2015-08-12,0.15011855194004156,0.34547460381253775,0.0,0.0,0.3547252074833818,0.0,2.8493754990344103e-10,0.14968163647910146,0.0,0.0
2015-08-13,0.15042203503380766,0.345097256083292,0.0,0.0,0.3548836220593297,0.0,2.8472894194337895e-10,0.1495970865388417,0.0,0.0
2015-08-14,0.1506052649105326,0.34479492599418127,0.0,0.0,0.35482475277378006,0.0,2.8444402537497787e-10,0.14977505603706204,0.0,0.0
2015-08-17,0.15077861982440313,0.3461535231290627,0.0,0.0,0.35357801565913766,0.0,2.8400886574317023e-10,0.14948984110338773,0.0,0.0
2015-08-18,0.15084761016711734,0.3480218168674217,0.0,0.0,0.3524032608676115,0.0,2.8346603824807183e-10,0.14872731181438364,0.0,0.0
2015-08-19,0.15100934233849045,0.34662049272937795,0.0,0.0,0.353241085255406,0.0,2.8351280836242195e-10,0.1491290793932129,0.0,0.0
2015-08-20,0.15023054084658546,0.3439799091653896,0.0,0.0,0.35638603339430036,0.0,2.8567855227992095e-10,0.1494035163080461,0.0,0.0
2015-08-21,0.14881951737399132,0.33921454748386565,0.0,0.0,0.3615458296337142,0.0,2.8920518038773896e-10,0.1504201052192238,0.0,0.0
2015-08-24,0.145435914488112,0.33779687944361453,0.0,0.0,0.36575254595243883,0.0,2.914768402564842e-10,0.15101465982435794,0.0,0.0
2015-08-25,0.14214566051662303,0.3312142224524843,0.0,0.0,0.3738158973189864,0.0,2.96585249700054e-10,0.1528242194153211,0.0,0.0
2015-08-26,0.1413149369697069,0.33063748541692123,0.0,0.0,0.3739989229749417,0.0,2.9684146307642286e-10,0.15404865434158874,0.0,0.0
2015-08-27,0.1448829456794767,0.33475518873378335,0.0,0.0,0.36699181701870176,0.0,2.929052886097402e-10,0.15337004827513293,0.0,0.0
2015-08-28,0.14692318886734607,0.33719484293643015,0.0,0.0,0.36297216864875825,0.0,2.901374718401884e-10,0.1529097992573281,0.0,0.0
2015-08-31,0.14641142434126683,0.3393199080619407,0.0,0.0,0.3617578262126714,0.0,2.896397840251253e-10,0.15251084109448132,0.0,0.0
2015-09-01,0.15000000048192608,0.3499999996093327,0.0,0.0,0.34748915964040383,0.0,1.1523305830933044e-10,0.15251084015231195,0.0,7.92465807376857e-13
2015-09-02,0.14750450017124517,0.34460352256181864,0.0,0.0,0.3538030521259242,0.0,1.1750980330803116e-10,0.1540889250227143,0.0,7.879583311585174e-13
2015-09-03,0.14901408444431688,0.34778226498053155,0.0,0.0,0.34981260047189433,0.0,1.1632946689856686e-10,0.15339104998613856,0.0,7.892622980261522e-13
2015-09-04,0.14902746058888894,0.34701536278043954,0.0,0.0,0.3504481112304847,0.0,1.1681151919929264e-10,0.15350906528258434,0.0,7.909183884761692e-13
2015-09-08,0.14735462629839027,0.345759091934145,0.0,0.0,0.3529286615892321,0.0,1.175387887729479e-10,0.1539576200599146,0.0,7.792729748928002e-13
2015-09-09,0.14942936129098242,0.3498500486125771,0.0,0.0,0.347589941932804,0.0,1.157307247938187e-10,0.15313064804712323,0.0,7.825103388352426e-13
2015-09-10,0.14833498673394582,0.34793959315490725,0.0,0.0,0.3498522309502567,0.0,1.1669205969852453e-10,0.15387318904341993,0.0,7.782833268903443e-13
2015-09-11,0.14884768292583167,0.34883473367384,0.0,0.0,0.3483746100893747,0.0,1.1623030685593234e-10,0.15394297319394498,0.0,7.784617500055548e-13
2015-09-14,0.14904953247599068,0.3493655273228537,0.0,0.0,0.34818381649918,0.0,1.1594173057710882e-10,0.15340112358524305,0.0,7.908460806407036e-13
2015-09-15,0.14880898017057023,0.3484898296126135,0.0,0.0,0.34924383008917953,0.0,1.1617562638716014e-10,0.15345736001066818,0.0,7.929389443862738e-13
2015-09-16,0.1502189384512665,0.35135835661435527,0.0,0.0,0.34545905324506115,0.0,1.1495699887403857e-10,0.1529636515735616,0.0,7.983650650810992e-13
2015-09-17,0.15096454745891563,0.3530875610125756,0.0,0.0,0.3440930539052092,0.0,1.1474449246474527e-10,0.15185483750775103,0.0,8.039447577771783e-13
2015-09-18,0.1500469134241576,0.35293527156363824,0.0,0.0,0.3456229665256062,0.0,1.152486138799344e-10,0.1513948483705393,0.0,8.099718178520795e-13
2015-09-21,0.14850482008133592,0.3502083036358716,0.0,0.0,0.3493833274339819,0.0,1.1630925208953809e-10,0.1519035487316877,0.0,8.135792698150049e-13
2015-09-22,0.14959229649324626,0.3503223088468806,0.0,0.0,0.34813990417284035,0.0,1.1596711353064626e-10,0.15194549037024332,0.0,8.222692477749321e-13
2015-09-23,0.14863411976784685,0.3473130948773955,0.0,0.0,0.3522017586311107,0.0,1.172442529310578e-10,0.15185102660558525,0.0,8.173127082743563e-13
2015-09-24,0.1486847046395421,0.3469475064321563,0.0,0.0,0.35249015915555193,0.0,1.1740108339155645e-10,0.15187762965452445,0.0,8.240378458396802e-13
2015-09-25,0.1483463413321788,0.3468320605303767,0.0,0.0,0.3534919679364601,0.0,1.1757922626086531e-10,0.15132963008258768,0.0,8.174065755597865e-13
2015-09-28,0.14924775910586005,0.3444360884209994,0.0,0.0,0.35480255583310183,0.0,1.1796766258371307e-10,0.15151359652124505,0.0,8.258771270434727e-13
2015-09-29,0.14752160034882086,0.3394382955758793,0.0,0.0,0.3617805360631815,0.0,1.1981181543875246e-10,0.151259567891482,0.0,8.243284852106469e-13
2015-09-30,0.14777052226272916,0.3373959466895488,0.0,0.0,0.3634257223299168,0.0,1.2009881520345918e-10,0.15140780859687217,0.0,8.340320204123751e-13
2015-10-01,0.14999999999590782,0.3499999999978149,4.429974215715209e-13,0.0,0.349999999978916,0.0,2.0046015287706663e-11,0.15000000000321045,0.0,3.661871211692387e-12
2015-10-02,0.15052794783521642,0.3497083544076231,4.4479219565425355e-13,0.0,0.35059107097318265,0.0,2.005972739143646e-11,0.14917262675979015,0.0,3.683150163682463e-12
2015-10-05,0.15137147767718592,0.35164161698513097,4.4821269687604297e-13,0.0,0.3490426469632267,0.0,1.996282751825469e-11,0.14794425835036953,0.0,3.675718469433583e-12
2015-10-06,0.1523996447944889,0.3561409251999808,4.521621797948804e-13,0.0,0.3433569478947518,0.0,1.9694374120006316e-11,0.14810248208693463,0.0,3.6973288835712125e-12
2015-10-07,0.1520991027333109,0.35420444834260717,4.533533487849026e-13,0.0,0.3445601383926089,0.0,1.9762229477913805e-11,0.1491363105075633,0.0,3.694151933499276e-12
2015-10-08,0.15210090092088305,0.35754617589437626,4.553237569035559e-13,0.0,0.3409099590820606,0.0,1.96710986059538e-11,0.14944296407884747,0.0,3.706223832388216e-12
2015-10-09,0.15281358494421926,0.3592112054555856,4.569643768422448e-13,0.0,0.33856061883311134,0.0,1.950918539366072e-11,0.1494145907433963,0.0,3.7213231802577174e-12
2015-10-12,0.15274996890793488,0.3595621349767393,4.573257498284943e-13,0.0,0.338406987999414,0.0,1.9497828084970597e-11,0.14928090809224534,0.0,3.7114469682939056e-12
2015-10-13,0.15282243217653319,0.35886563832083856,4.56212907083469e-13,0.0,0.3393815486591576,0.0,1.95675483684996e-11,0.14893038081971102,0.0,3.736006666390063e-12
2015-10-14,0.15276139125761987,0.3560620305822184,4.5312311441266263e-13,0.0,0.3417142414258237,0.0,1.9668596580483112e-11,0.14946233671048756,0.0,3.728908538217369e-12
2015-10-15,0.1524052170099652,0.3534358098119693,4.551503930771876e-13,0.0,0.34443293132850816,0.0,1.979507403659574e-11,0.149726041825597,0.0,3.710192266479059e-12
2015-10-16,0.15321719610016013,0.3583168389410459,4.583561414038308e-13,0.0,0.33986835968181905,0.0,1.95912171827419e-11,0.1485976052532018,0.0,3.723729774709038e-12
2015-10-19,0.1538167439339475,0.35762598638141374,4.57693191717484e-13,0.0,0.3393712521910937,0.0,1.9585563893812736e-11,0.14918601746975257,0.0,3.749497584400224e-12
2015-10-20,0.15373818931801336,0.357948822306382,4.556674920459363e-13,0.0,0.33887439841158196,0.0,1.9564262558487802e-11,0.14943858994020473,0.0,3.798175905473298e-12
2015-10-21,0.15380517531954055,0.3580669281786131,4.545803733791291e-13,0.0,0.33829288950761144,0.0,1.9560997473275638e-11,0.14983500697041616,0.0,3.80328721511405e-12
2015-10-22,0.15368181265690325,0.35452621622578534,4.56825456175888e-13,0.0,0.3413009027570749,0.0,1.9765002655267766e-11,0.150491068336205,0.0,3.809812866303681e-12
2015-10-23,0.15532833167807247,0.3554703791368215,4.591300377706973e-13,0.0,0.3395723373103367,0.0,1.9686736831525245e-11,0.14962895185080358,0.0,3.819933259711752e-12
2015-10-26,0.15643458932362714,0.35760835976765604,4.619266140137285e-13,0.0,0.33637353478970833,0.0,1.9540248656675054e-11,0.14958351609523785,0.0,3.768543184925825e-12
2015-10-27,0.1563790507832906,0.3559184326314004,4.611848629307779e-13,0.0,0.33796082532184796,0.0,1.961654522587874e-11,0.14974169123960793,0.0,3.775550521204137e-12
2015-10-28,0.15667884748557687,0.35337850011508437,4.589201653696976e-13,0.0,0.3401143956201151,0.0,1.9697242127467445e-11,0.14982825675527894,0.0,3.7887037962050145e-12
2015-10-29,0.1567785253178689,0.35982647919115934,4.57010670330497e-13,0.0,0.33475862304120835,0.0,1.9411731758445178e-11,0.14863637242614308,0.0,3.7517291507724725e-12
2015-10-30,0.15769264390255075,0.35826751868972784,4.565845328517224e-13,0.0,0.33483489121412585,0.0,1.939914985044236e-11,0.14920494616996935,0.0,3.770628763705315e-12
2015-11-02,0.15769264387744017,0.34230735611962587,8.538482451431485e-13,0.0,0.3499999999993516,5.9613409363059e-12,0.1499999999965396,0.0,0.0,2.274956695858063e-13
2015-11-03,0.15839597913480233,0.34688470727423726,8.556733732433613e-13,0.0,0.3464520069296915,5.890721179481986e-12,0.14826730665429175,0.0,0.0,2.3064419012748864e-13
2015-11-04,0.15863969236370923,0.34820866619987273,8.542350918249321e-13,0.0,0.3450727264906657,5.8344921490836375e-12,0.1480789149388355,0.0,0.0,2.280163523079639e-13
2015-11-05,0.1583455111203961,0.3484437087379877,8.505300868164968e-13,0.0,0.34512344082571134,5.848146973453652e-12,0.14808733930897885,0.0,0.0,2.2726846725216627e-13
2015-11-06,0.15820045542029515,0.3487374779075991,8.490744498424688e-13,0.0,0.34492404514381236,5.8331740234640364e-12,0.14813802152138286,0.0,0.0,2.2819166978785864e-13
2015-11-09,0.15826182180185036,0.3515324285889958,8.459619051831443e-13,0.0,0.3428954857387044,5.752926901561854e-12,0.14731026386362925,0.0,0.0,2.21298605429776e-13
2015-11-10,0.15780038224649792,0.349654127042598,8.426382936051553e-13,0.0,0.3445266382307163,5.757584920645638e-12,0.14801885247336863,0.0,0.0,2.1891605616751442e-13
2015-11-11,0.1577805648247162,0.34984188667509886,8.400360164989573e-13,0.0,0.3443441678823846,5.760601153426543e-12,0.14803338061097876,0.0,0.0,2.2088459842108166e-13
2015-11-12,0.15776702877444163,0.34813141987531665,8.476167313051673e-13,0.0,0.3455096500650664,5.770660831133792e-12,0.14859190127833496,0.0,0.0,2.2199403016518363e-13
2015-11-13,0.15693216587056624,0.3444762786104171,8.439177162857096e-13,0.0,0.34874554352235104,5.849409356046751e-12,0.14984601198974978,0.0,0.0,2.224209910326387e-13
2015-11-16,0.1555563336047891,0.34283925275268656,8.389432092958855e-13,0.0,0.3509405081833742,5.897476725345453e-12,0.15066390545219327,0.0,0.0,2.2043683092376692e-13
2015-11-17,0.15701104075785335,0.34379016523451544,8.446558990378283e-13,0.0,0.3493778196249898,5.858074732705164e-12,0.14982097437571698,0.0,0.0,2.2168857303962872e-13
2015-11-18,0.15711204314639357,0.3429459386418288,8.48070083230192e-13,0.0,0.3497588861841286,5.875933756230644e-12,0.150183132020703,0.0,0.0,2.2199310268693728e-13
2015-11-19,0.15831112999193875,0.3459241596411278,8.488813398862478e-13,0.0,0.34676021469133295,5.840472586302356e-12,0.149004495668689,0.0,0.0,2.2213025506408052e-13
2015-11-20,0.15823760810872659,0.3446069710380638,8.535529536280226e-13,0.0,0.3476519537108986,5.881742301433656e-12,0.1495034671353528,0.0,0.0,2.22902469214661e-13
2015-11-23,0.15844681655503096,0.3460313733889293,8.496255427405004e-13,0.0,0.34639006086065294,5.8501593165162646e-12,0.14913174918846192,0.0,0.0,2.2517226090004514e-13
2015-11-24,0.1579420160078905,0.34703969171761956,8.426022310195733e-13,0.0,0.34613951309948954,5.856154106609563e-12,0.14887877916807646,0.0,0.0,2.251948030746919e-13
2015-11-25,0.15765982598778588,0.3484907629044296,8.401104430769581e-13,0.0,0.3453841235559026,5.837391100621998e-12,0.14846528754498117,0.0,0.0,2.2330413671620702e-13
2015-11-27,0.15716181527634057,0.3501429057415606,8.395134069868202e-13,0.0,0.3445370683289868,5.833268746734104e-12,0.14815821064621587,0.0,0.0,2.235327570416861e-13
2015-11-30,0.15704196949988528,0.3507949879173422,8.380509723407145e-13,0.0,0.3442362160973461,5.816380623632114e-12,0.147926826478547,0.0,0.0,2.2504818512477568e-13
2015-12-01,0.3499999999999269,1.0836718399217064e-12,0.14999999999798044,0.0,0.3499999999997454,1.028141464476967e-11,0.1499999999890304,6.196669358731325e-13,8.15348831280004e-13,5.166400959048763e-13
2015-12-02,0.35056471155278296,1.0822995550916162e-12,0.15039330500552275,0.0,0.3491002879702924,1.0338516930902327e-11,0.14994169545803038,6.191781500679513e-13,8.118078115403449e-13,5.196880472041476e-13
2015-12-03,0.3492621701489089,1.077673475875323e-12,0.14977390346372108,0.0,0.3504019573943449,1.040969220779739e-11,0.15056196897959892,6.219643961084801e-13,8.044275196381406e-13,5.124371391462721e-13
2015-12-04,0.34830311780547174,1.0715962460038075e-12,0.15075936295532852,0.0,0.35067530845422695,1.0242335518076296e-11,0.15026221077169916,6.273992208143593e-13,8.222573305821756e-13,5.101366591437325e-13
2015-12-07,0.35153598187808965,1.0715882990191652e-12,0.15045967527872373,0.0,0.34844413677101344,1.0228717981957258e-11,0.14956020605890658,6.196849716666951e-13,8.32091985108673e-13,5.146527480527548e-13
2015-12-08,0.35000627776577947,1.0572978989534703e-12,0.14975198574111903,0.0,0.35016459574221,1.0345711260529026e-11,0.15007714073753547,6.163937928199921e-13,8.227037076728459e-13,5.141028571491854e-13
2015-12-09,0.34924461176210364,1.0562741727018977e-12,0.14822208721600577,0.0,0.351965532634569,1.0398150098376604e-11,0.15056776837391195,6.115178787418913e-13,8.278351747787003e-13,5.159958619987739e-13
2015-12-10,0.34753465366809655,1.0474989138676241e-12,0.1479789749208944,0.0,0.35352036261384095,1.0417240121335761e-11,0.15096600878374372,6.164731721802789e-13,8.2862647623232e-13,5.146059355168939e-13
2015-12-11,0.3485001068276622,1.051194787371035e-12,0.1480330037614332,0.0,0.352824869675417,1.0432984471698017e-11,0.15064201972205038,6.140209678535098e-13,8.280624973879159e-13,5.11028784266455e-13
2015-12-14,0.343977107145786,1.0344858100742367e-12,0.14616018259894847,0.0,0.35797354386199487,1.0666584824697513e-11,0.15188916637961247,6.056907678741679e-13,8.380201509504796e-13,5.13439511021615e-13
2015-12-15,0.34633861801348004,1.0289438055374758e-12,0.14665045261965964,0.0,0.3559703534792946,1.0547677405270083e-11,0.15104057587404207,6.015183985382768e-13,8.28784452835348e-13,5.167501266709315e-13
2015-12-16,0.3487629522281195,1.0401475696602862e-12,0.14687024509951824,0.0,0.35383600823176053,1.0449213540594238e-11,0.15053079442715894,6.092458006454066e-13,8.237247734246686e-13,5.205718142297063e-13
2015-12-17,0.3513710362434097,1.0485746218410896e-12,0.14877378428359325,0.0,0.3504119232014529,1.0353327561628796e-11,0.14944325625817795,6.095555639498242e-13,8.278266228133421e-13,5.269942453150401e-13
2015-12-18,0.3479714290371424,1.043255234669464e-12,0.14771052179268387,0.0,0.3538595864393989,1.0529518234321258e-11,0.15045846271725447,6.061647377379096e-13,8.142727275396256e-13,5.273348255340984e-13
2015-12-21,0.34400292893936846,1.0340181912480479e-12,0.1471114016642777,0.0,0.3574452017285955,1.0657048535360975e-11,0.15144046765410293,6.078282136101434e-13,8.321461403329748e-13,5.246069682478563e-13
2015-12-22,0.34553000494298064,1.0378727800010044e-12,0.1472345518977683,0.0,0.35626196115483494,1.0614196149006564e-11,0.150973481990798,6.036280000880834e-13,8.380197383009888e-13,5.24673429996434e-13
2015-12-23,0.34760568897859884,1.04420641468456e-12,0.14789847977647794,0.0,0.35417834700831446,1.0505487813429687e-11,0.1503174842230941,6.09080532809075e-13,8.310985952229552e-13,5.251868202965581e-13
2015-12-24,0.34977283324103337,1.0509574583405636e-12,0.14946066424140278,0.0,0.3512313366441448,1.0363141922747278e-11,0.1495351658600451,6.092290176296207e-13,8.236356867440196e-13,5.273624391070879e-13
2015-12-28,0.3490896696240033,1.0526252070682371e-12,0.1491644083196307,0.0,0.3517690225044107,1.0419351038055203e-11,0.14997689953851673,6.102876931047453e-13,8.293417616059064e-13,5.272027159988119e-13
2015-12-29,0.3487335339777915,1.049080967340136e-12,0.14900163822781876,0.0,0.352281348143737,1.0463391450526538e-11,0.14998347963717823,6.074173876573736e-13,8.241076187553781e-13,5.307955605038462e-13
2015-12-30,0.3515518590834803,1.057684669245675e-12,0.15009865438426107,0.0,0.34952190125083804,1.0263182222889555e-11,0.14882758526813422,6.093438124200313e-13,8.21432647238704e-13,5.350702920339349e-13
2015-12-31,0.35020226486069617,1.050461003645174e-12,0.14968446705610747,0.0,0.35079868616252885,1.0286481970063528e-11,0.1493145819073663,6.117933982844078e-13,8.178307999477357e-13,5.34958536728242e-13
2016-01-04,0.3499999999636565,7.166088017770849e-11,0.149999999959229,0.0,0.3499999999819245,0.0,0.15000000002352912,0.0,0.0,0.0
2016-01-05,0.34711328505475614,7.040702022930518e-11,0.1485595516877342,0.0,0.35353463032047333,0.0,0.15079253286662928,0.0,0.0,0.0
2016-01-06,0.3475837976388823,7.053696801427958e-11,0.1482785727622818,0.0,0.35331624869276046,0.0,0.15082138083553853,0.0,0.0,0.0
2016-01-07,0.3446109840634523,6.974783326817205e-11,0.1464383899747998,0.0,0.3569111485578961,0.0,0.15203947733410417,0.0,0.0,0.0
2016-01-08,0.3398854361250229,6.85997164342515e-11,0.14490525169093998,0.0,0.36144781333220943,0.0,0.15376149878322812,0.0,0.0,0.0
2016-01-11,0.33765490454384284,6.771908591792361e-11,0.1437980148440482,0.0,0.3639781437425648,0.0,0.1545689368018252,0.0,0.0,0.0
2016-01-12,0.33823176095571006,6.747405947248416e-11,0.1445037802453392,0.0,0.36308365941853793,0.0,0.1541807993129389,0.0,0.0,0.0
2016-01-13,0.33913198637192055,6.731336015523329e-11,0.14440616231738518,0.0,0.36275912256368276,0.0,0.1537027286796982,0.0,0.0,0.0
2016-01-14,0.33361262663265656,6.573105174410647e-11,0.1434288098074348,0.0,0.36741597218076516,0.0,0.15554259131341241,0.0,0.0,0.0
2016-01-15,0.3371359246987159,6.625728301708592e-11,0.14443204368267712,0.0,0.364552814732848,0.0,0.15387921681950173,0.0,0.0,0.0
2016-01-19,0.333567237861947,6.590787349586143e-11,0.14075261612229492,0.0,0.37032118193688174,0.0,0.15535896401296861,0.0,0.0,0.0
2016-01-20,0.33382285492918873,6.49824967433568e-11,0.14196734509497805,0.0,0.369632338830305,0.0,0.15457746108054576,0.0,0.0,0.0
2016-01-21,0.3313514746087871,6.560999841236827e-11,0.13950567607234207,0.0,0.3734854270323841,0.0,0.1556574222208768,0.0,0.0,0.0
2016-01-22,0.3327053459233385,6.535914259844037e-11,0.14032949944853498,0.0,0.37199307246867624,0.0,0.15497208209409108,0.0,0.0,0.0
2016-01-25,0.3360919816163197,6.627940905202036e-11,0.14300298818086038,0.0,0.3674079680124421,0.0,0.1534970621240983,0.0,0.0,0.0
2016-01-26,0.332987007895293,6.519509528714197e-11,0.1419288410921244,0.0,0.37083419627110914,0.0,0.15424995467627814,0.0,0.0,0.0
2016-01-27,0.3349218473832787,6.598357602195302e-11,0.1433475071168383,0.0,0.3682408352832717,0.0,0.15348981015062746,0.0,0.0,0.0
2016-01-28,0.3328439982462793,6.538424973368792e-11,0.14310423786207277,0.0,0.37025605270312345,0.0,0.15379571112313994,0.0,0.0,0.0
2016-01-29,0.33364046441822187,6.518800960884962e-11,0.1431233817492257,0.0,0.3696956123358541,0.0,0.15354054143150997,0.0,0.0,0.0
2016-02-01,0.3499999999842792,5.584606954685387e-11,0.14999999995925936,0.0,0.3499999999622525,0.0,0.15000000003836286,0.0,0.0,0.0
2016-02-02,0.35042489547762296,5.5678744858082814e-11,0.15007392015881568,0.0,0.3497439466951564,0.0,0.14975723761272616,0.0,0.0,0.0
2016-02-03,0.34655394807954193,5.4865149845145985e-11,0.14762199967446954,0.0,0.35472374874810203,0.0,0.1511003034430213,0.0,0.0,0.0
2016-02-04,0.34774698623210115,5.4796901102652844e-11,0.1484715892496214,0.0,0.35343573358349156,0.0,0.15034569087998909,0.0,0.0,0.0
2016-02-05,0.3477212176284094,5.491950610367775e-11,0.14841817191523163,0.0,0.35369527569875203,0.0,0.15016533470268767,0.0,0.0,0.0
2016-02-08,0.3440143641527159,5.387261735722798e-11,0.14738680109883204,0.0,0.3571759174172085,0.0,0.15142291727737126,0.0,0.0,0.0
2016-02-09,0.34071698707915454,5.319611334834952e-11,0.14521603840186947,0.0,0.3612582300280799,0.0,0.1528087444377003,0.0,0.0,0.0
2016-02-10,0.3414580946117624,5.294959175928532e-11,0.14384315512560383,0.0,0.3620898652871627,0.0,0.15260888492252173,0.0,0.0,0.0
2016-02-11,0.34088782063843254,5.293441885958851e-11,0.14356172683885962,0.0,0.362876907121935,0.0,0.1526735453478387,0.0,0.0,0.0
2016-02-12,0.3379228733074068,5.2588641359962785e-11,0.1420869953171691,0.0,0.36613757582117173,0.0,0.15385255550166413,0.0,0.0,0.0
2016-02-16,0.3429009581795992,5.327822828051981e-11,0.1437421327721075,0.0,0.3612493054353678,0.0,0.15210760355964764,0.0,0.0,0.0
2016-02-17,0.3462989616668996,5.4167620237889345e-11,0.14565153812014217,0.0,0.35770307557894465,0.0,0.1503464245798463,0.0,0.0,0.0
2016-02-18,0.34942134686372844,5.4620550840684273e-11,0.1470968303540898,0.0,0.3542576282984617,0.0,0.14922419442909987,0.0,0.0,0.0
2016-02-19,0.3477577880214445,5.432320504284286e-11,0.14624002718636567,0.0,0.35566266843391564,0.0,0.15033951630395137,0.0,0.0,0.0
2016-02-22,0.34774475746257194,5.461850212591088e-11,0.14614051097782987,0.0,0.3558160777917502,0.0,0.15029865371322984,0.0,0.0,0.0
2016-02-23,0.350453474113266,5.486329991276123e-11,0.14681923375958314,0.0,0.3531179321727066,0.0,0.14960935989958124,0.0,0.0,0.0
2016-02-24,0.3480519247930317,5.467901486072868e-11,0.14526788271548255,0.0,0.3558918638700843,0.0,0.1507883285667227,0.0,0.0,0.0
2016-02-25,0.3492172590189534,5.513857778113548e-11,0.14457644833182343,0.0,0.3554570856912899,0.0,0.15074920690279497,0.0,0.0,0.0
2016-02-26,0.3506887769160657,5.5209027838263136e-11,0.14516586942558538,0.0,0.35373526965287594,0.0,0.15041008395026426,0.0,0.0,0.0
2016-02-29,0.35091933565834377,5.572376721465548e-11,0.14521954838723705,0.0,0.3530574810894921,0.0,0.15080363480920367,0.0,0.0,0.0
2016-03-01,0.3092616943947607,7.419597603238e-12,0.1907383055981185,0.0,0.34999999999727166,0.0,0.15000000000102312,4.765435718839682e-13,0.0,9.298502758475355e-13
2016-03-02,0.31380269352196,7.513872852518445e-12,0.19403023184952928,0.0,0.3442706080045031,0.0,0.147896466615066,4.799021258756492e-13,0.0,9.477912628403506e-13
2016-03-03,0.3144417302644135,7.572640503111734e-12,0.1948924140995764,0.0,0.3428333837529842,0.0,0.14783247187402548,4.754748569346614e-13,0.0,9.523067686637335e-13
2016-03-04,0.31434207654685004,7.619634565945765e-12,0.19596128798802126,0.0,0.3417924211265795,0.0,0.14790421432950135,4.750588036986608e-13,0.0,9.533019027960618e-13
2016-03-07,0.31496218083919547,7.651820029522034e-12,0.19714537012880856,0.0,0.3402027132121356,0.0,0.14768973581078076,4.758060471485043e-13,0.0,9.522042276866878e-13
2016-03-08,0.3153753024695598,7.738892542562116e-12,0.19700137368585666,0.0,0.3396906698924101,0.0,0.1479326539430029,4.76638223790633e-13,0.0,9.551970528535576e-13
2016-03-09,0.312750735957494,7.571802169911408e-12,0.19558854808832513,0.0,0.3425524793067026,0.0,0.14910823663848435,4.745251689240014e-13,0.0,9.478978943003704e-13
2016-03-10,0.31405395364896754,7.604429649992907e-12,0.19617455049632065,0.0,0.3409454985758163,0.0,0.1488259972698635,4.753401337704829e-13,0.0,9.524268812492044e-13
2016-03-11,0.31451467550025447,7.54748924595953e-12,0.19598891764317222,0.0,0.3399523102451644,0.0,0.14954409660243304,4.789601771665658e-13,0.0,9.495916064490077e-13
2016-03-14,0.3165341055837333,7.635509885041855e-12,0.19918842359055597,0.0,0.33574153125395373,0.0,0.14853593956267994,4.801086131687093e-13,0.0,9.615934029956088e-13
2016-03-15,0.3161726385335541,7.61682328703368e-12,0.19879937021078245,0.0,0.3360365492948813,0.0,0.14899144195172484,4.788318758923313e-13,0.0,9.618470813231317e-13
2016-03-16,0.31645018404649394,7.517079635186946e-12,0.1974171793864026,0.0,0.3368183491863935,0.0,0.14931428737175287,4.755799335734467e-13,0.0,9.647374337739846e-13
2016-03-17,0.31636402090777926,7.524542888603457e-12,0.19795942047144352,0.0,0.3365485339439015,0.0,0.14912802466790512,4.758607309901133e-13,0.0,9.704929670054326e-13
2016-03-18,0.31698907745581173,7.60671695031615e-12,0.1986173115212422,0.0,0.3354563462328835,0.0,0.14893726478099936,4.768106595231924e-13,0.0,9.799129062081531e-13
2016-03-21,0.3176542257021548,7.661343416442791e-12,0.19791083922744276,0.0,0.33542748384719284,0.0,0.1490074512140975,4.770409496059721e-13,0.0,9.739022757810855e-13
2016-03-22,0.3184193156993699,7.650722182284172e-12,0.1977963687192252,0.0,0.3348069938657266,0.0,0.14897732170658473,4.76990909617405e-13,0.0,9.660660063720389e-13
2016-03-23,0.3187265364050626,7.653110893474259e-12,0.19774861477146377,0.0,0.33460287212099515,0.0,0.14892197669338164,4.764310818114599e-13,0.0,9.675179370533484e-13
2016-03-24,0.31719986947307915,7.525318460424512e-12,0.19610388486407665,0.0,0.33675287089514633,0.0,0.14994337475873373,4.750894008513627e-13,0.0,9.640385151858096e-13
2016-03-28,0.3176490371655972,7.5618883499392e-12,0.19515261542872517,0.0,0.3370398347375787,0.0,0.15015851265909724,4.738763588437384e-13,0.0,9.66190030852029e-13
2016-03-29,0.3172187774294045,7.556339244345944e-12,0.19594839124256047,0.0,0.3368772058281054,0.0,0.14995562549092983,4.708036025780134e-13,0.0,9.730073215733334e-13
2016-03-30,0.31761331073401144,7.70453253528431e-12,0.19648566873929948,0.0,0.3364666230627815,0.0,0.1494343974547483,4.688565309016059e-13,0.0,9.862062942268858e-13
2016-03-31,0.3182961893470372,7.68805961318909e-12,0.1975190332210339,0.0,0.33525943470051106,0.0,0.1489253427222785,4.694810882971037e-13,0.0,9.82122018175381e-13
2016-04-01,0.34999999999928194,4.585298499419371e-13,0.14999999998877792,0.0,0.3499999999976084,5.877155163348609e-11,0.14999999993906715,0.0,1.603447678513262e-11,0.0
2016-04-04,0.3519741372056058,4.600245911250406e-13,0.148226514713323,0.0,0.3494909509564051,5.885629397159184e-11,0.15030839704943075,0.0,1.591915440115518e-11,0.0
2016-04-05,0.35119588478955815,4.566444655658173e-13,0.14806435241886848,0.0,0.3502639063918351,5.895298346943738e-11,0.1504758563244995,0.0,1.582925142572234e-11,0.0
2016-04-06,0.3492743111455512,4.535240591151706e-13,0.1458140763306261,0.0,0.35326606351241024,5.986962416307068e-11,0.15164554893498122,0.0,1.6108196580336746e-11,0.0
2016-04-07,0.35122949770897993,4.562293541173335e-13,0.14740603106719058,0.0,0.3506439185653166,5.91218543337408e-11,0.1507205525830096,0.0,1.592532049589332e-11,0.0
2016-04-08,0.348468960745973,4.5192945065303997e-13,0.14585964919044586,0.0,0.3539180341891086,6.010041750242072e-11,0.15175335579770044,0.0,1.6219873048980858e-11,0.0
2016-04-11,0.3484172408687367,4.5243010373589695e-13,0.1482286380088901,0.0,0.3523733025008908,5.955093803004603e-11,0.15098081854532983,0.0,1.614930238295388e-11,0.0
2016-04-12,0.3478830551514498,4.513883080356155e-13,0.148428440325917,0.0,0.35259718015174574,5.952279980356791e-11,0.15109132429453256,0.0,1.6380839594308182e-11,0.0
2016-04-13,0.3499150023632198,4.5467425049173923e-13,0.15011737006021003,0.0,0.3499897235271323,5.890858452444193e-11,0.1499779039737475,0.0,1.632721101417873e-11,0.0
2016-04-14,0.35110109582182314,4.613895721017522e-13,0.15148696150125968,0.0,0.3479160572553034,5.872277492612001e-11,0.1494958853463839,0.0,1.6045797746009255e-11,0.0
2016-04-15,0.35126131776753344,4.610026074559967e-13,0.15204319387397547,0.0,0.34723906222038997,5.846506333544815e-11,0.14945642606334716,0.0,1.5827990342687578e-11,0.0
2016-04-18,0.3505431648897038,4.617191108351534e-13,0.15156235342183866,0.0,0.3479514041966202,5.891045556510112e-11,0.1499430774165428,0.0,1.5922490504566226e-11,0.0
2016-04-19,0.3517471796557173,4.635497069290164e-13,0.15231691889551024,0.0,0.3463652158426537,5.844661087992725e-11,0.1495706855313673,0.0,1.5841475886075848e-11,0.0
2016-04-20,0.35163926162787035,4.623172585592757e-13,0.15442451219976913,0.0,0.34460759462658525,5.806307072629949e-11,0.14932863147121644,0.0,1.603353081084381e-11,0.0
2016-04-21,0.35257253186008913,4.637975781149954e-13,0.1548163056987255,0.0,0.34344039412717536,5.7521958653739584e-11,0.14917076824004538,0.0,1.5978857249501537e-11,0.0
2016-04-22,0.35189142131952933,4.630686489130718e-13,0.15441864361329968,0.0,0.3440648423576009,5.7377963101602226e-11,0.14962509263563423,0.0,1.6094874549542815e-11,0.0
2016-04-25,0.35193937873545295,4.677224084918026e-13,0.1545175391028422,0.0,0.34373492030444464,5.723861075367715e-11,0.14980816178366305,0.0,1.5890833778909214e-11,0.0
2016-04-26,0.35207676071336397,4.653853210605692e-13,0.15406440047437445,0.0,0.3440847761705922,5.7122935035180076e-11,0.14977406256811074,0.0,1.597039614597286e-11,0.0
2016-04-27,0.35250049372775705,4.698122462548027e-13,0.15456691401244435,0.0,0.34326349574269666,5.68477033049714e-11,0.14966909644375512,0.0,1.602936010036555e-11,0.0
2016-04-28,0.35193392508578814,4.697302482115874e-13,0.15410514091822988,0.0,0.3438897249334151,5.7205072983981655e-11,0.15007120898887566,0.0,1.601647207493825e-11,0.0
2016-04-29,0.35012741612055087,4.66218322068238e-13,0.15261173082969215,0.0,0.34645441252744535,5.7669542959300685e-11,0.1508064404477918,0.0,1.6384137721620333e-11,0.0
2016-05-02,0.35000000000080783,1.0835839789416974e-12,0.1499999999839271,0.0,0.3499999999928674,1.3026122512322384e-11,0.1499999999920077,0.0,0.0,1.6280273574063995e-11
2016-05-03,0.3517325018622259,1.0899655188221035e-12,0.15096147447103325,0.0,0.34794539400844676,1.2856612593288454e-11,0.14936062962786373,0.0,0.0,1.648375572478312e-11
2016-05-04,0.34979675122917103,1.0755605204428011e-12,0.14895795139306475,0.0,0.35114009779225797,1.3060570714746675e-11,0.1501051995548073,0.0,0.0,1.6562828396712894e-11
2016-05-05,0.34899162211934304,1.0702104242764696e-12,0.14772264828824674,0.0,0.3529367850344873,1.3175493632291543e-11,0.15034894452682226,0.0,0.0,1.685499259190909e-11
2016-05-06,0.3486156686314151,1.0650161519060962e-12,0.14728345351926225,0.0,0.35358379374926163,1.3251862904157745e-11,0.15051708406885617,0.0,0.0,1.6887999301791558e-11
2016-05-09,0.349705545373043,1.070726136325831e-12,0.14761692306023244,0.0,0.352565912871285,1.3188215906206336e-11,0.15011161866411624,0.0,0.0,1.7064457383230692e-11
2016-05-10,0.34981949408505447,1.07327822931686e-12,0.14723454064263672,0.0,0.35305976874053746,1.3223056494134909e-11,0.14988619650023188,0.0,0.0,1.7243241027416947e-11
2016-05-11,0.3518313378661687,1.0769288940995005e-12,0.14835724308929174,0.0,0.3506658248645574,1.3136767311841358e-11,0.14914559414864106,0.0,0.0,1.7127442082411746e-11
2016-05-12,0.3498934061413549,1.067735467728864e-12,0.14765114218978825,0.0,0.35256841398827876,1.3262350678602023e-11,0.1498870376494217,0.0,0.0,1.6826297864809727e-11
2016-05-13,0.35042128262839667,1.063351408323302e-12,0.14777962657378604,0.0,0.3520419548872444,1.3217965610372892e-11,0.14975713587934722,0.0,0.0,1.6944286159547596e-11
2016-05-16,0.34839724716835424,1.0594489415518678e-12,0.14669834675708168,0.0,0.3544276529901315,1.338565653956739e-11,0.15047675305314445,0.0,0.0,1.6842840742495543e-11
2016-05-17,0.35063921362392747,1.0692364438728973e-12,0.14794517716812758,0.0,0.35194975761224284,1.3225223567338592e-11,0.14946585156446274,0.0,0.0,1.6944739225102822e-11
2016-05-18,0.34906945542783036,1.0574461543633368e-12,0.14758737619069062,0.0,0.3531948257474886,1.3312356294235437e-11,0.1501483426029084,0.0,0.0,1.6712036583526167e-11
2016-05-19,0.35056536334057065,1.067205163029697e-12,0.1482282274210076,0.0,0.35174461776845367,1.3175230695067877e-11,0.14946179143920962,0.0,0.0,1.6515885087928906e-11
2016-05-20,0.3498999144357763,1.0603191981568877e-12,0.14739802977121838,0.0,0.35265172785105686,1.3253013499529293e-11,0.15005032791127804,0.0,0.0,1.635695880076682e-11
2016-05-23,0.3507929486412962,1.0740941200590461e-12,0.14806080666770371,0.0,0.35155663588380226,1.3213567155935381e-11,0.14958960877648414,0.0,0.0,1.6425902452180002e-11
2016-05-24,0.35057595837544875,1.073632501679852e-12,0.14767984501451756,0.0,0.3520431566039525,1.3252878560964905e-11,0.1497010399753143,0.0,0.0,1.6440135468589223e-11
2016-05-25,0.3530509858384491,1.0893690985761387e-12,0.14895280361655464,0.0,0.34941773159941514,1.3117076615174683e-11,0.1485784789148269,0.0,0.0,1.6547529807838767e-11
2016-05-26,0.35400644825640315,1.0912980861988797e-12,0.14991120431278526,0.0,0.3478438498419464,1.3014662651095382e-11,0.14823849755827848,0.0,0.0,1.6480521127155045e-11
2016-05-27,0.35339575271080526,1.0878567902346907e-12,0.15001845506858102,0.0,0.3482224902531829,1.3055755953985457e-11,0.148363301936808,0.0,0.0,1.6479053877967396e-11
2016-05-31,0.35470651240750933,1.0980442797572052e-12,0.14977709744118334,0.0,0.34735218786741545,1.302901729411176e-11,0.1481642022532062,0.0,0.0,1.6558414139213887e-11
2016-06-01,0.35000000000260295,3.048789200582013e-11,0.1497770971977225,0.00022290274479619084,0.34735217885138564,0.0,0.1526478211521485,0.0,2.0856355395942827e-11,0.0
2016-06-02,0.350514284245832,3.067691014457662e-11,0.1495622023514768,0.00022263920077586567,0.3470338066749964,0.0,0.15266706747541942,0.0,2.0822733362961066e-11,0.0
2016-06-03,0.3507206391441186,3.083706653435301e-11,0.14919614046290974,0.0002239059342953539,0.34725905571846144,0.0,0.15260025868865457,0.0,2.072339468682098e-11,0.0
2016-06-06,0.3481485774156693,3.0518424756778026e-11,0.14951343320364177,0.000226336938304656,0.3489549618335671,0.0,0.15315669055709324,0.0,2.120564593737056e-11,0.0
2016-06-07,0.3494544080599801,3.08063147566202e-11,0.15015374449083854,0.00022843748324033862,0.34757911386381124,0.0,0.1525842960501391,0.0,2.11845491057575e-11,0.0
2016-06-08,0.34917143900506503,3.08225271009217e-11,0.15088928843803764,0.00022995995680273314,0.34725798360187543,0.0,0.1524513289462801,0.0,2.1116623134404997e-11,0.0
2016-06-09,0.34948516999226154,3.0977555714436144e-11,0.15083795530392372,0.00023107882033156864,0.34684731820540066,0.0,0.15259847762572615,0.0,2.1378979387275452e-11,0.0
2016-06-10,0.34956059170304415,3.0827497794096666e-11,0.14922600469371744,0.00022878443905272055,0.3479290672944327,0.0,0.15305555181739383,0.0,2.1531810207852083e-11,0.0
2016-06-13,0.34842706270825263,3.0599712287330664e-11,0.14580269767276205,0.0002244019225760181,0.3513484478358774,0.0,0.1541973898081774,0.0,2.1754896710484267e-11,0.0
2016-06-14,0.34724833357462515,3.039958971564171e-11,0.14431197438472032,0.0002222216465363101,0.3535778685229522,0.0,0.15463960181875516,0.0,2.2011336790871328e-11,0.0
2016-06-15,0.3477583265731529,3.041656312447877e-11,0.14249472211515568,0.00022224472584236632,0.35469972522738985,0.0,0.15482498130593222,0.0,2.2110524751420976e-11,0.0
2016-06-16,0.34653641152169706,3.0373196682310285e-11,0.1431415421944331,0.00022412863002629267,0.3550245745380537,0.0,0.1550733430631897,0.0,2.2227127502895636e-11,0.0
2016-06-17,0.3468932633635848,3.031135999481884e-11,0.14316990832440848,0.00022288577905428634,0.354712487540675,0.0,0.15500145494001571,0.0,2.1950638888559203e-11,0.0
2016-06-20,0.3461364280937417,3.022842738099218e-11,0.14480212372704748,0.00022383635873888256,0.3540575385704598,0.0,0.1547800731975174,0.0,2.2266662401660345e-11,0.0
2016-06-21,0.34693955114640074,3.043198692930506e-11,0.14778527384473017,0.0002268733297935375,0.3510932677971028,0.0,0.1539550338294979,0.0,2.2043127361336083e-11,0.0
2016-06-22,0.34748741216059864,3.033577426586894e-11,0.14879863050995226,0.00022832831330871973,0.3498641852037763,0.0,0.1536214437604366,0.0,2.159196754289995e-11,0.0
2016-06-23,0.3468108042327414,3.020757989450319e-11,0.14866041122113552,0.00022883579757671617,0.35044681477138884,0.0,0.15385313392535452,0.0,2.159584613499778e-11,0.0
2016-06-24,0.3489505697676713,3.0576435722051634e-11,0.15173901882698612,0.00023277910159523842,0.34641717310011844,0.0,0.1526604591517432,0.0,2.130959321147333e-11,0.0
2016-06-27,0.34330767641865245,3.001651958723525e-11,0.14155056768431934,0.00022312545999134811,0.35839637925657286,0.0,0.15652225112763557,0.0,2.281225743819684e-11,0.0
2016-06-28,0.33889140251098665,2.918008986774849e-11,0.13954684298578435,0.0002213869475101432,0.36335174011561855,0.0,0.15798862738786737,0.0,2.305321162904221e-11,0.0
2016-06-29,0.3413905699676148,2.932080186074911e-11,0.14170610499868144,0.00022552556265199812,0.3594828802576793,0.0,0.15719491916148504,0.0,2.2566880927877388e-11,0.0
2016-06-30,0.3448230835417191,2.978201339910771e-11,0.1433141940387576,0.00022964966510692002,0.3555669604411797,0.0,0.15606611226094988,0.0,2.2505151596749197e-11,0.0
2016-07-01,0.34999999999996806,0.14999999999332086,5.535956459064267e-13,0.0,0.34393388764095306,0.0,0.1560661123550311,0.0,0.0,1.0173225637244928e-11
2016-07-05,0.3496875651922148,0.15008520739616427,5.519421890913453e-13,0.0,0.34381245102936164,0.0,0.1564147763715611,0.0,0.0,1.0146273869498416e-11
2016-07-06,0.3479752136219089,0.14821609590084325,5.425151905578796e-13,0.0,0.3464969568576671,0.0,0.15731173360875608,0.0,0.0,1.0282100756773168e-11
2016-07-07,0.3488397930565485,0.14877094221706527,5.396327435552302e-13,0.0,0.34534764086084974,0.0,0.1570416238547953,0.0,0.0,1.0201634210224998e-11
2016-07-08,0.3487395679381826,0.1491340659973573,5.376389784255864e-13,0.0,0.3450070036349009,0.0,0.1571193624189218,0.0,0.0,1.0099882743375391e-11
2016-07-11,0.3503540388493733,0.15106705119948513,5.403205458999119e-13,0.0,0.3421805701669171,0.0,0.15639833977352469,0.0,0.0,1.0159557289672807e-11
2016-07-12,0.3513174194285395,0.15269483627658803,5.478172614963911e-13,0.0,0.34011254436754274,0.0,0.1558751999165625,0.0,0.0,1.0219511194144038e-11
2016-07-13,0.3532680798649174,0.1544741518275139,5.543007741766352e-13,0.0,0.3375252758105457,0.0,0.15473249248626775,0.0,0.0,1.020102564965451e-11
2016-07-14,0.3529307427333741,0.15374223229657566,5.532640718054117e-13,0.0,0.33811919837583226,0.0,0.1552078265834156,0.0,0.0,1.0249090726421598e-11
2016-07-15,0.35478034977097567,0.1538445217606868,5.578501462686499e-13,0.0,0.336596019617517,0.0,0.15477910884010834,0.0,0.0,1.015428651602622e-11
2016-07-18,0.35498867311366966,0.15456778958204598,5.560963705534947e-13,0.0,0.3359553517543391,0.0,0.15448818553921181,0.0,0.0,1.0177296275270834e-11
2016-07-19,0.3555436863018922,0.15465245325028198,5.568380592134989e-13,0.0,0.3354888801870564,0.0,0.15431498025001944,0.0,0.0,1.0192959231441229e-11
2016-07-20,0.35516798491658474,0.15387237103366866,5.524277549968885e-13,0.0,0.33637502093064436,0.0,0.15458462310830737,0.0,0.0,1.0242186163747227e-11
2016-07-21,0.3560254128734997,0.15460870788283537,5.564301165290018e-13,0.0,0.33510059448559576,0.0,0.15426528474728696,0.0,0.0,1.0225476302444517e-11
2016-07-22,0.3550908191821759,0.15405275664929818,5.548321873209559e-13,0.0,0.33623730696427195,0.0,0.1546191171934413,0.0,0.0,1.025759290151603e-11
2016-07-25,0.3558356287596782,0.15483113946242322,5.54583040981285e-13,0.0,0.33516906217097736,0.0,0.15416416959604304,0.0,0.0,1.0323196664447965e-11
2016-07-26,0.355421803959847,0.1548403810138141,5.547648341493942e-13,0.0,0.3354212890484277,0.0,0.15431652596703596,0.0,0.0,1.0320122748941074e-11
2016-07-27,0.3552411353723069,0.15543653945739724,5.565615792950788e-13,0.0,0.3353054941164372,0.0,0.1540168310430423,0.0,0.0,1.0259467138129995e-11
2016-07-28,0.35410838426517594,0.15554206264778406,5.574149435693226e-13,0.0,0.3360241624211908,0.0,0.15432539065513368,0.0,0.0,1.0157882548028792e-11
2016-07-29,0.35450310782091404,0.1551377942287093,5.568102460530061e-13,0.0,0.33618972697743527,0.0,0.15416937096213262,0.0,0.0,1.025181012888506e-11
2016-08-01,0.35000000000985926,0.14999999994699184,0.0,9.959162428506625e-14,0.3458306282489165,2.16704966032624e-11,0.154169371742511,0.0,1.5892831836815408e-11,1.4058500764496484e-11
2016-08-02,0.3504935301199684,0.15046027074426754,0.0,9.962185331019202e-14,0.3454022719023148,2.148357229717254e-11,0.15364392718178746,0.0,1.5958082298235404e-11,1.4120489591111872e-11
2016-08-03,0.3503623603741592,0.14926257395825984,0.0,9.95056750645843e-14,0.3466656292933693,2.1391345157679932e-11,0.15370943632255604,0.0,1.61854347919102e-11,1.3979291004780879e-11
2016-08-04,0.35046737526097765,0.15008079867490137,0.0,9.957733313985212e-14,0.34594378767045836,2.134773462817907e-11,0.15350803834228735,0.0,1.606627087704134e-11,1.3861673115692347e-11
2016-08-05,0.35014214613669625,0.14991898739587703,0.0,9.993130238259736e-14,0.3460855397579862,2.146533251094635e-11,0.15385332665803617,0.0,1.6061510376016376e-11,1.3777618922285703e-11
2016-08-08,0.35221353537767536,0.15174133259941405,0.0,1.0086380369152623e-13,0.34316149237670296,2.1194462964045284e-11,0.1528836395954174,0.0,1.5739179546935256e-11,1.3755830447710763e-11
2016-08-09,0.3521334034100963,0.15172274252922743,0.0,1.016173899251335e-13,0.3431038890802642,2.1242213916826677e-11,0.15303996492955163,0.0,1.5731402575550527e-11,1.3785275153846467e-11
2016-08-10,0.3514654005819244,0.15150567085379288,0.0,1.0205129774117312e-13,0.34347336273295354,2.1397724053930747e-11,0.1535555657802478,0.0,1.5756232514580214e-11,1.3825385567342778e-11
2016-08-11,0.3508078588017347,0.15050722978909106,0.0,1.0214061817807774e-13,0.3446000657114011,2.1493494848942215e-11,0.15408484564651923,0.0,1.5839701070654765e-11,1.38185527046014e-11
2016-08-12,0.3523718041869023,0.15119831366861478,0.0,1.0344189990393632e-13,0.34288393150502167,2.1297931570334536e-11,0.15354595058867315,0.0,1.5727190861259514e-11,1.3659458901797303e-11
2016-08-15,0.3514452553332975,0.151080274963883,0.0,1.0287538510972323e-13,0.3435024392375557,2.1439473415642718e-11,0.153972030414362,0.0,1.566627739272024e-11,1.3693061368540731e-11
2016-08-16,0.35209674635918653,0.1524196702130406,0.0,1.0383906084536268e-13,0.34214194998818187,2.1215631023909982e-11,0.15334163338890172,0.0,1.5704234372775702e-11,1.3665351769942459e-11
2016-08-17,0.3516538733718751,0.1517771323296919,0.0,1.0377816638332476e-13,0.3429007702025027,2.1242008193058373e-11,0.1536682240451863,0.0,1.5843489783958866e-11,1.3554550093450231e-11
2016-08-18,0.35189619287776314,0.15115066190074672,0.0,1.0299481460082634e-13,0.3430440399839538,2.134398879352343e-11,0.15390910518666762,0.0,1.5828336805324644e-11,1.3593149682447535e-11
2016-08-19,0.3516692779981571,0.15182651822731738,0.0,1.0365749993598644e-13,0.34266590019622256,2.1316093873398897e-11,0.15383830352752143,0.0,1.5857640137056643e-11,1.3503947627675928e-11
2016-08-22,0.35190609734602935,0.15215122954524576,0.0,1.0330224849538878e-13,0.3422361244164387,2.1249851162952844e-11,0.15370654864173533,0.0,1.5751237595853315e-11,1.3446246063153458e-11
2016-08-23,0.35132148851633077,0.15225137502179362,0.0,1.0176384034218299e-13,0.3424467378954266,2.139447272323207e-11,0.15398039851575282,0.0,1.5702437786317654e-11,1.3497313794541823e-11
2016-08-24,0.3513565290965882,0.15302118724528915,0.0,1.0115884968126384e-13,0.34176220901319393,2.1376502768427885e-11,0.15386007459430184,0.0,1.5669996732747858e-11,1.3479107525679814e-11
2016-08-25,0.350704041110738,0.1522725930071616,0.0,1.0176476417655541e-13,0.34275910429783274,2.1395954347367912e-11,0.15426426153375916,0.0,1.554657298190344e-11,1.3464018719054748e-11
2016-08-26,0.35068855946542,0.1526679563278911,0.0,1.0191286217531473e-13,0.34242916215723096,2.132853607780759e-11,0.1542143219989508,0.0,1.5543055776071163e-11,1.3533489761844498e-11
2016-08-29,0.3510010434525838,0.15278193783396157,0.0,1.0131416005200895e-13,0.34206124320947545,2.1263340760975608e-11,0.15415577545361328,0.0,1.556403358850671e-11,1.343701298229012e-11
2016-08-30,0.35104122828089573,0.15284142572386325,0.0,1.0159727608495776e-13,0.34182910999071137,2.1444521632182468e-11,0.15428823595395844,0.0,1.5520261640088437e-11,1.350463403112744e-11
2016-08-31,0.3506462639916496,0.15320583565569254,0.0,1.0137610009221389e-13,0.3419777990531664,2.1373126192518337e-11,0.1541701012491587,0.0,1.5372250157309358e-11,1.3485918336656812e-11
2016-09-01,0.3500000000004605,0.14999999999264857,0.0,4.230974305280225e-12,0.14582989955292627,1.422604276247557e-11,0.15417010134535955,0.0,0.09999999908844157,0.10000000000170652
2016-09-02,0.3498356821329444,0.15003214806263046,0.0,4.26120724132116e-12,0.14598327439968972,1.4234394557377185e-11,0.1540906876522545,0.0,0.10035694591067965,0.09970126182330578
2016-09-06,0.34992137922233735,0.15083706873159097,0.0,4.312286003213694e-12,0.1449865959396797,1.4058382618125564e-11,0.1531634340500018,0.0,0.1009519908059275,0.10013953123209209
2016-09-07,0.34927041425229755,0.1502474458734024,0.0,4.3830607133636154e-12,0.1449537499319867,1.4091866725972972e-11,0.15294914167062246,0.0,0.10215911205480462,0.10042013619841136
2016-09-08,0.34887989464702424,0.15103255594668893,0.0,4.364810146257035e-12,0.14488245306315492,1.4067312031374586e-11,0.15258222568254148,0.0,0.10170533915872618,0.10091753148343201
2016-09-09,0.3497116163321822,0.15143656560489935,0.0,4.373715023662169e-12,0.14484586483740405,1.3955881435511138e-11,0.15221712426445064,0.0,0.10163938057265852,0.10014944837007556
2016-09-12,0.34815328380493327,0.14963336010039796,0.0,4.310693632572419e-12,0.14703440252572633,1.3999875758744557e-11,0.1540910348250463,0.0,0.10298522409377095,0.09810269463181442
2016-09-13,0.3502558609944708,0.15047632045144746,0.0,4.304501554335213e-12,0.14596144902576044,1.3892386920734765e-11,0.15284159038930134,0.0,0.10201277145795683,0.09845200766286605
2016-09-14,0.34945367685624806,0.14939735159846407,0.0,4.247641395328744e-12,0.14720599100715467,1.3903006088902865e-11,0.1542075375536727,0.0,0.10257838091582609,0.09715706205048354
2016-09-15,0.3489771816369487,0.14927443519207834,0.0,4.256398756698369e-12,0.14739256193375203,1.3909985136877862e-11,0.15415664853084945,0.0,0.10282740372813923,0.09737176896006572
2016-09-16,0.3506693816708184,0.1502874462100171,0.0,4.307367372811425e-12,0.146681542472377,1.3779345395200911e-11,0.15347244389351364,0.0,0.1016469603341873,0.09724222540099968
2016-09-19,0.34982012021265846,0.15028333277360179,0.0,4.284275780909511e-12,0.1470529627054604,1.3910820551341965e-11,0.15387197233644412,0.0,0.10154259904701204,0.09742901290662793
2016-09-20,0.3492374130168579,0.151001900900947,0.0,4.3103040521486915e-12,0.14652945506754894,1.383969201026024e-11,0.15353632345068552,0.0,0.1015651366847589,0.09812977086105155
2016-09-21,0.34934066380215867,0.15039924118775716,0.0,4.313720082918291e-12,0.14679066441740038,1.3891584532273667e-11,0.15377640464565412,0.0,0.10168769795173287,0.09800532797709122
2016-09-22,0.3498161654487795,0.15108718025049675,0.0,4.391047416534057e-12,0.1455913742377539,1.3867045667407653e-11,0.1530481721192211,0.0,0.10216273595051327,0.09829437197497705
2016-09-23,0.34942452821077286,0.1521272339889389,0.0,4.38975822500122e-12,0.14494636685321788,1.387420118012627e-11,0.1525397969851314,0.0,0.10164840721178811,0.09931366673188663
2016-09-26,0.34844063885295157,0.15145464974409556,0.0,4.344936815675581e-12,0.14539965040356215,1.3898151910165998e-11,0.15283632284156456,0.0,0.10198452877614578,0.09988420936343696
2016-09-27,0.3468372694549657,0.15047988000927573,0.0,4.296542118729568e-12,0.14633116834568186,1.403588945836792e-11,0.15361284992126523,0.0,0.10226430136719888,0.10047453088327984
2016-09-28,0.34844105564365835,0.15085263213470235,0.0,4.351095370946054e-12,0.14634872967488555,1.4116593592459977e-11,0.1537449761412792,0.0,0.10135886208113348,0.09925374430587294
2016-09-29,0.3489785219494418,0.15149337345576766,0.0,4.375482897381671e-12,0.14578547120609478,1.4038110132717772e-11,0.1533209357361255,0.0,0.10069469951314061,0.09972699812101557
2016-09-30,0.3481849513336755,0.1503023251258599,0.0,4.328774381255686e-12,0.1468736354487187,1.4169806484381745e-11,0.15430643422848855,0.0,0.10126248245188543,0.09907017139287289
2016-10-03,0.35000000000004144,0.1500000000058806,0.0,0.0,0.0,0.04999999999198281,0.34999999999599385,6.348280151219515e-12,2.2248673550226313e-13,0.09999999999953059
2016-10-04,0.3506794089208593,0.15018023878869047,0.0,0.0,0.0,0.05005201636384835,0.3505285286689043,6.371967702461214e-12,2.2288665217834183e-13,0.09855980725110278
2016-10-05,0.3510283154905985,0.15035561606597833,0.0,0.0,0.0,0.04976959983739987,0.35103443351020963,6.39991586601953e-12,2.164676411183002e-13,0.09781203508919735
2016-10-06,0.35262765175422983,0.151278342082168,0.0,0.0,0.0,0.04954414476320152,0.3507058569338847,6.417732559364917e-12,2.161557882163749e-13,0.0958440044598822
2016-10-07,0.35291733926929936,0.15113864383207595,0.0,0.0,0.0,0.049274261508586034,0.3507787043653645,6.422232233163956e-12,2.141782758424654e-13,0.09589105101803792
2016-10-10,0.3523107478521194,0.15018764460115516,0.0,0.0,0.0,0.04939202119220924,0.35221737870079295,6.448056655389955e-12,2.1468937959807474e-13,0.09589220764706063
2016-10-11,0.35275713935907654,0.1513891254312208,0.0,0.0,0.0,0.04890813467381759,0.3508363656550024,6.441199633668487e-12,2.145977037901825e-13,0.09610923487422693
2016-10-12,0.3515900550563291,0.15002748342653877,0.0,0.0,0.0,0.0492585732264472,0.35304628740080846,6.465552305050624e-12,2.1552388083963018e-13,0.09607760088319542
2016-10-13,0.35136487027124497,0.14961219854904748,0.0,0.0,0.0,0.04921067487813654,0.3528209294613264,6.450715757309227e-12,2.1544546272068384e-13,0.09699132683357856
2016-10-14,0.3504154693502489,0.1484583344075567,0.0,0.0,0.0,0.049424130241965895,0.35389303405516254,6.43808871953647e-12,2.1609155425493486e-13,0.09780903193841184
2016-10-17,0.3517211648821597,0.1483310600905653,0.0,0.0,0.0,0.04888795084704058,0.3533720765487536,6.473647573358509e-12,2.1557468681696875e-13,0.09768774762479175
2016-10-18,0.35039749138840026,0.14811536137438452,0.0,0.0,0.0,0.04918565933087042,0.35443072515986884,6.462813860335531e-12,2.1608949242448874e-13,0.09787076273979722
2016-10-19,0.3509431111048091,0.14826839247817947,0.0,0.0,0.0,0.0491146285534395,0.35364063928419603,6.458551162642489e-12,2.1640889426946165e-13,0.09803322857270116
2016-10-20,0.35108042800911904,0.14855542677755146,0.0,0.0,0.0,0.04904370886298265,0.35329961074109817,6.462385381211355e-12,2.171549095022016e-13,0.0980208256025695
2016-10-21,0.3509097402690219,0.1483200803228506,0.0,0.0,0.0,0.0491632663606034,0.35367262819464707,6.472060519470318e-12,2.1679091435785488e-13,0.0979342848461886
2016-10-24,0.3510722952827411,0.14824600569203428,0.0,0.0,0.0,0.049236921873427576,0.35387327227955045,6.473521169868994e-12,2.1695159634688376e-13,0.09757150486555656
2016-10-25,0.3520608999567803,0.1489753915380242,0.0,0.0,0.0,0.04895256520998696,0.35235745993618434,6.467960415491401e-12,2.16157110056043e-13,0.09765368335234054
2016-10-26,0.35179512862023427,0.14824783526299692,0.0,0.0,0.0,0.04920948842806795,0.35301506537181143,6.481094816178474e-12,2.1835588754810071e-13,0.09773248231019052
2016-10-27,0.35294568770974477,0.14755306098737425,0.0,0.0,0.0,0.04913517253513923,0.35339912643626553,6.4892714862606814e-12,2.1828191002586106e-13,0.09696695232476912
2016-10-28,0.35459474991374895,0.14693803863322327,0.0,0.0,0.0,0.04895750630124432,0.35438908973246713,6.512986354399647e-12,2.2028864819920945e-13,0.09512061541258346
2016-10-31,0.3541668812134313,0.14678537753548246,0.0,0.0,0.0,0.04893460324957694,0.35460011750936976,6.492800615586351e-12,2.2171452277390052e-13,0.09551302048542547
2016-11-01,0.15428001950264464,0.3457199804766656,0.0,0.0,0.0,0.34999999999398174,0.1499999998916773,0.0,1.2238971019173372e-10,1.2641014337633682e-11
2016-11-02,0.15401085718580257,0.34338183026876035,0.0,0.0,0.0,0.3519661656940592,0.1506411467150784,0.0,1.2386518525107688e-10,1.2434329954027443e-11
2016-11-03,0.1536280529128622,0.34021566824348026,0.0,0.0,0.0,0.35475391366651016,0.15140236503962426,0.0,1.2522709186078702e-10,1.2295975847158661e-11
2016-11-04,0.1537514411898498,0.34039687558445797,0.0,0.0,0.0,0.3539336656557351,0.15191801743111433,0.0,1.2657602456751432e-10,1.2266748787556952e-11
2016-11-07,0.15271968705083197,0.3406636554754493,0.0,0.0,0.0,0.35510014048793687,0.15151651684753067,0.0,1.2595644641572785e-10,1.2294584418456188e-11
2016-11-08,0.15476056841908137,0.34602489520962953,0.0,0.0,0.0,0.3490862343933814,0.15012830184286802,0.0,1.226361771541604e-10,1.2403432726315092e-11
2016-11-09,0.15548094213156605,0.3469817767786638,0.0,0.0,0.0,0.3477222520245021,0.14981502893065518,0.0,1.221425180410204e-10,1.2470265537299391e-11
2016-11-10,0.15785951943836926,0.35932630692216105,0.0,0.0,0.0,0.33451455269580616,0.14829962080869538,0.0,1.2262935640907463e-10,1.2338622854366799e-11
2016-11-11,0.15808344547927164,0.3646814056195378,0.0,0.0,0.0,0.32921968104640903,0.14801546772198865,0.0,1.206736675756191e-10,1.2118913824733126e-11
2016-11-14,0.1568523268019349,0.37100889876565846,0.0,0.0,0.0,0.3255697349902297,0.14656903931269707,0.0,1.1735473835684044e-10,1.2124868611453526e-11
2016-11-15,0.15656332148468982,0.3752352258475001,0.0,0.0,0.0,0.322772461428341,0.14542899111103239,0.0,1.1605701610417145e-10,1.2379419652447108e-11
2016-11-16,0.1570896807910976,0.3747388535639861,0.0,0.0,0.0,0.3229395956131719,0.1452318699029711,0.0,1.1655073167892052e-10,1.2222165309901879e-11
2016-11-17,0.1563569917246357,0.3736639160718685,0.0,0.0,0.0,0.32494375496330996,0.14503533711215466,0.0,1.1587802547035887e-10,1.2152885340676674e-11
2016-11-18,0.15758735121307813,0.3768763160142332,0.0,0.0,0.0,0.3210316269039374,0.1445047057410938,0.0,1.1559551525626794e-10,1.2061712419142634e-11
2016-11-21,0.1572500260955885,0.37890895940464875,0.0,0.0,0.0,0.3201357197761437,0.14370529459692893,0.0,1.1459174655855159e-10,1.209814718156973e-11
2016-11-22,0.15782286476876145,0.3791967469492354,0.0,0.0,0.0,0.31968533712253777,0.1432950510328771,0.0,1.1457344588302455e-10,1.2014564378113367e-11
2016-11-23,0.15749656893464123,0.381119082597718,0.0,0.0,0.0,0.31829734960552547,0.14308699873586456,0.0,1.1407420410472879e-10,1.2176237249093817e-11
2016-11-25,0.15747094434748823,0.3832302295358379,0.0,0.0,0.0,0.31683829527274016,0.1424605307200831,0.0,1.1173430558144564e-10,1.211596440823801e-11
2016-11-28,0.15768832567153,0.3835975493482417,0.0,0.0,0.0,0.31657287081060875,0.14214125404661726,0.0,1.108443918470955e-10,1.2157528479528438e-11
2016-11-29,0.15737934328292338,0.37965958528087074,0.0,0.0,0.0,0.31978125935561474,0.14317981195601992,0.0,1.123235774888892e-10,1.2247195438433788e-11
2016-11-30,0.15742784920679107,0.37883682136035085,0.0,0.0,0.0,0.32059490610358,0.14314042320531645,0.0,1.116172013263937e-10,1.2344001789640687e-11
2016-12-01,0.15742784919528996,0.0,0.0,0.3425721507997235,8.923759529946199e-12,0.19943172752028807,0.20056827246868578,1.2384980399129109e-11,0.09999999999470402,0.0
2016-12-02,0.15812206853607483,0.0,0.0,0.34126614075338974,8.96185312302373e-12,0.19892718978150614,0.2010625765408061,1.24270605889998e-11,0.10062202436683435,0.0
2016-12-05,0.1576672225967657,0.0,0.0,0.34050192016058023,8.971692065647382e-12,0.19970849643276856,0.20130055094840574,1.2459538667983226e-11,0.10082180984004865,0.0
2016-12-06,0.1580716884693459,0.0,0.0,0.3421384127821894,8.93757975409102e-12,0.1988084169927808,0.2010423895811947,1.2448876361578167e-11,0.09993909215310288,0.0
2016-12-07,0.15824463396761304,0.0,0.0,0.3432633425810309,8.922504351730368e-12,0.19824809717326802,0.20060971640894962,1.248555156455865e-11,0.09963420984773048,0.0
2016-12-08,0.15860961466422943,0.0,0.0,0.34533644004911584,8.856985270546021e-12,0.19781562831851585,0.19930990858771122,1.2414503986570126e-11,0.09892840835915633,0.0
2016-12-09,0.15923126710358904,0.0,0.0,0.3473717108033141,8.83635999225899e-12,0.19576939607463542,0.1987844093384957,1.2431287880850859e-11,0.09884321665869825,0.0
2016-12-12,0.16101296495511191,0.0,0.0,0.34732518398391465,8.835962702059834e-12,0.19432369183863166,0.19903089510167035,1.2500690648669705e-11,0.0983072640993349,0.0
2016-12-13,0.1611408105230915,0.0,0.0,0.3456911223367496,8.854830378640255e-12,0.1950659285938657,0.1992290632177905,1.2507612847312924e-11,0.09887307530714043,0.0
2016-12-14,0.1612911099032602,0.0,0.0,0.3475461911423745,8.80938319083395e-12,0.19464530426193605,0.19853645019790464,1.2466517178270378e-11,0.09798094447324887,0.0
2016-12-15,0.16264955944497736,0.0,0.0,0.34288494509027834,8.88306671226095e-12,0.19570714170245856,0.20059106529354231,1.2580979114980233e-11,0.09816728844727958,0.0
2016-12-16,0.16315012976316287,0.0,0.0,0.34311297449059075,8.849070891604678e-12,0.19649193812374385,0.2005219398711509,1.2573804792493014e-11,0.09672301772992896,0.0
2016-12-19,0.16313152403657583,0.0,0.0,0.3421884699537547,8.876538787283726e-12,0.1964018392098171,0.20073570545597277,1.2608724133291707e-11,0.0975424613223945,0.0
2016-12-20,0.16322701162034448,0.0,0.0,0.339312115668511,8.903481199679961e-12,0.19819902192347763,0.20138765617558202,1.2620882955747878e-11,0.09787419459056065,0.0
2016-12-21,0.16386223138653017,0.0,0.0,0.3404901307725805,8.884971385418403e-12,0.1972179547418966,0.201273223177353,1.2638875413228064e-11,0.09715645990011601,0.0
2016-12-22,0.16345617350575883,0.0,0.0,0.3391780554904448,8.902230461432264e-12,0.19814913060835407,0.20197640711853654,1.2664682264106809e-11,0.09724023325533901,0.0
2016-12-23,0.16397554030471154,0.0,0.0,0.3367926380800148,8.9420932012746e-12,0.19876655863461257,0.20298284889075593,1.2754353519190778e-11,0.09748241406820889,0.0
2016-12-27,0.16368462631559974,0.0,0.0,0.33767374432209046,8.921760225407552e-12,0.19852743934431794,0.2026399194459988,1.2736644299005549e-11,0.0974742705503348,0.0
2016-12-28,0.16385346953004473,0.0,0.0,0.33866096660360795,8.896003207358564e-12,0.19760232525610144,0.20198174889788145,1.2706471761250292e-11,0.09790148969076205,0.0
2016-12-29,0.16190577916413337,0.0,0.0,0.33997208779203136,8.895959261892187e-12,0.19831955344482713,0.20198912274064895,1.2642504032891122e-11,0.09781345683682097,0.0
2016-12-30,0.16053444027658875,0.0,0.0,0.34270771743462547,8.849670798662027e-12,0.1973805075980249,0.20109645576222923,1.2555626605629165e-11,0.09828087890712667,0.0
