,SPY,IWM,EFA,EEM,IEF,TLT,LQD,HYG,GLD,VNQ
2011-01-03,0.30000000001213917,0.19999999994074583,0.0,2.7092619362648007e-11,0.34999999988419683,1.9841299544227787e-11,0.15000000002607525,1.8254227880882663e-11,6.146958596966314e-11,1.0185282810251316e-11
2011-01-04,0.30127062514272834,0.20224740093543808,0.0,2.7188984748141124e-11,0.3468106882270715,1.957268289313713e-11,0.14967128555874926,1.8158035001493486e-11,6.078117518668957e-11,1.0312089897245696e-11
2011-01-05,0.3017551518958331,0.19967979585009787,0.0,2.7372368094033293e-11,0.3483773870553597,1.9638082056924803e-11,0.15018766506380474,1.8279839448195567e-11,5.947797208928229e-11,1.0136476783239407e-11
2011-01-06,0.30361029394932526,0.2022133349656389,0.0,2.7330195119374832e-11,0.3449500494893599,1.9223668453651824e-11,0.14922632146122958,1.8343480441243003e-11,5.936629906482144e-11,1.0182736030672781e-11
2011-01-07,0.3028738588964745,0.20117608325981093,0.0,2.7028359301815256e-11,0.3465730354620821,1.9298702919458155e-11,0.14937702224776578,1.8357055740566664e-11,5.910006299946892e-11,1.008264819752675e-11
2011-01-10,0.30188025667646284,0.1997655504933764,0.0,2.6743621472956848e-11,0.34841735959450026,1.9376023093132298e-11,0.1499368331022939,1.8262397540988742e-11,5.891174426242685e-11,1.0072990238122604e-11
2011-01-11,0.3008340080285039,0.20046635958986353,0.0,2.6407795271163372e-11,0.3488330114308074,1.9437869786110045e-11,0.14986662081770363,1.8207971645984556e-11,5.901917632100792e-11,1.0048908627302752e-11
2011-01-12,0.3017676597316862,0.20119040832236568,0.0,2.6678460378745353e-11,0.3473098542188939,1.9320512880829003e-11,0.149732077593422,1.8270216738284304e-11,5.934075857578613e-11,1.002258310124266e-11
2011-01-13,0.3034734476658164,0.20223784150491483,0.0,2.712379160673297e-11,0.34515267376593695,1.910579624036238e-11,0.14913603692944072,1.8247168627934673e-11,5.938357624729968e-11,1.0030949476045945e-11
2011-01-14,0.3022533685854529,0.20167855453881905,0.0,2.682320772252584e-11,0.34664701467153736,1.923072918665469e-11,0.14942106207127293,1.819955336415997e-11,5.862493850784218e-11,1.0039643335256856e-11
2011-01-18,0.3038245047737364,0.20277934442894555,0.0,2.6847118604622202e-11,0.3449871881197738,1.9069139471583424e-11,0.14840896254543742,1.8192443416623005e-11,5.791224611772181e-11,1.0086274227586983e-11
2011-01-19,0.30442034965431625,0.20298294114267598,0.0,2.681483886831298e-11,0.3442312534146636,1.89847758455279e-11,0.14836545565592366,1.8195153755732686e-11,5.825028447087798e-11,1.0175874833781592e-11
2011-01-20,0.30369027626216294,0.19924927000662943,0.0,2.6806587758176992e-11,0.34769485089848934,1.9264878318318963e-11,0.14936560269944163,1.82750888924428e-11,5.881358790844573e-11,1.0116886835778108e-11
2011-01-21,0.3050665613226138,0.19832527081376378,0.0,2.666857544987071e-11,0.347015518086882,1.9110585751673024e-11,0.14959264964439384,1.8345925178810767e-11,5.804369899999714e-11,1.0178067000595372e-11
2011-01-24,0.30553146867578873,0.1968526494137394,0.0,2.637087864869012e-11,0.3479128622404897,1.9247907273964043e-11,0.14970301953785314,1.8407006613634097e-11,5.792567548814716e-11,1.0177891981838846e-11
2011-01-25,0.3062591545162276,0.19765457210565648,0.0,2.6487789522638154e-11,0.34680658499269224,1.919303573958884e-11,0.14927968825373475,1.837266627492173e-11,5.744009827421383e-11,1.0195658295819368e-11
2011-01-26,0.3055215874717717,0.19737584864406224,0.0,2.625181034132837e-11,0.3475224218115794,1.9318278473485836e-11,0.14958014194122968,1.834655380639671e-11,5.715649108757712e-11,1.0284135804866397e-11
2011-01-27,0.30628136685739,0.20024211598875205,0.0,2.644646951804953e-11,0.3449380736623663,1.8999433271354824e-11,0.14853844335985777,1.8359279554113367e-11,5.7542743309128674e-11,1.0286349059976784e-11
2011-01-28,0.3061565368070553,0.20024798730960378,0.0,2.6280765727264892e-11,0.3452373674451448,1.903025319471347e-11,0.14835810830817167,1.8330571491665412e-11,5.596464963933995e-11,1.0418464836860837e-11
2011-01-31,0.3033789002430695,0.1970204629715014,0.0,2.5667180489229208e-11,0.34978267649414196,1.929351801393328e-11,0.1498179601601375,1.8376389080309475e-11,5.7479392016511575e-11,1.0333444670463315e-11
2011-02-01,0.3033789002423119,0.29662109974873657,0.0,1.6637967590083827e-11,0.04978267650875973,7.0987531759482204e-12,0.14981796016069773,0.1003993633179244,0.09999999999075204,7.081023506852647e-12
2011-02-02,0.30452357975686833,0.29981598264285375,0.0,1.6835892885054133e-11,0.04895449385163198,6.9785374380355696e-12,0.14781775947579545,0.09938497709661462,0.09950320714540863,7.0128757490206895e-12
2011-02-03,0.30463305091399345,0.299367938684039,0.0,1.6748341958133374e-11,0.04895006153286228,6.995969394473802e-12,0.14786592854564667,0.09972020759985427,0.09946281269283128,7.028837170857936e-12
2011-02-04,0.30456992740433675,0.2996947199147668,0.0,1.668621038547709e-11,0.04855276557750861,6.9211542956184206e-12,0.1471513627963571,0.09947846304516543,0.10055276123122665,7.031375076924223e-12
2011-02-07,0.3052300530032905,0.3000226871765473,0.0,1.6671603499130382e-11,0.04822136286020188,6.846429293552919e-12,0.14660251166374538,0.09984748523787879,0.1000759000278429,6.9753779047012314e-12
2011-02-08,0.30554374976602905,0.30141716993570833,0.0,1.6606448465369166e-11,0.04795006775423484,6.846163727835581e-12,0.14600467873438874,0.09951290096998018,0.09957143280919908,7.007274783132263e-12
2011-02-09,0.30574929922417404,0.3023766856924265,0.0,1.654951496737855e-11,0.04743727686420475,6.75711910890905e-12,0.14491263919202937,0.09923689451298033,0.100287204483868,7.01054750505749e-12
2011-02-10,0.3054968463293874,0.3014699699592202,0.0,1.6192645460232465e-11,0.04777664941067771,6.82576187361072e-12,0.146058742907729,0.09881892337513884,0.10037886798780309,7.0254989672237745e-12
2011-02-11,0.3054980990834327,0.3025497437194659,0.0,1.603365148855743e-11,0.04760246315583701,6.744437116132199e-12,0.14528445958672717,0.09888981033610166,0.10017542408860568,7.0519828278774916e-12
2011-02-14,0.30549765249353455,0.3040137589131474,0.0,1.613292687992774e-11,0.04753744770085094,6.800951699998867e-12,0.1452183375333228,0.09854930883214279,0.09918349449701175,7.055937908975726e-12
2011-02-15,0.30533205032095967,0.3046715746046837,0.0,1.6004441532224347e-11,0.04741324275589512,6.7855159945675936e-12,0.14488578343159483,0.0983344731334227,0.09936287572361782,7.036404765105492e-12
2011-02-16,0.30488788606794326,0.30345019323955136,0.0,1.6063401193881842e-11,0.04760240232671157,6.827405822620554e-12,0.1454554361159423,0.09830885766403194,0.10029522455590707,7.021862825868902e-12
2011-02-17,0.30551378376555405,0.3045961322123593,0.0,1.6128972274074116e-11,0.04733376224480675,6.7765590604484695e-12,0.14466473454869722,0.09792431400351374,0.09996727319515578,7.007704219794903e-12
2011-02-18,0.3050789058694076,0.3053837758961054,0.0,1.6114038504222167e-11,0.047299940899638224,6.75728667981239e-12,0.14429567887331268,0.09771648084606821,0.1002252175856126,6.9840462353409655e-12
2011-02-22,0.3051836434322364,0.3051822181532754,0.0,1.618387587745114e-11,0.0472074865642071,6.7245078562050695e-12,0.14425828193278928,0.09784325388802,0.10032511599956409,6.999315342012691e-12
2011-02-23,0.30307675832893155,0.30134180245708125,0.0,1.587715581945713e-11,0.04830349714041184,6.916896790831746e-12,0.14660218364976801,0.09834194426749529,0.10233381412648618,7.0317586664655385e-12
2011-02-24,0.30313640258165614,0.2980362974927183,0.0,1.599270663545104e-11,0.04849161045567597,6.986314506737981e-12,0.14736058370422464,0.09906653481334246,0.10390857092238634,7.017058285097222e-12
2011-02-25,0.3025401415705633,0.2995568362908963,0.0,1.601138328100701e-11,0.048554636876670235,7.021760904071336e-12,0.1473349090708222,0.09901525992038211,0.10299821624067788,6.954660817111105e-12
2011-02-28,0.3021485696115871,0.3028585267534078,0.0,1.6011431835546647e-11,0.04813336453837338,6.979321893678778e-12,0.14627235141645664,0.09813940950107096,0.10244777814910666,7.006527773830128e-12
2011-03-01,0.34999999982275076,0.1499999998707105,0.0,2.9007057227853447e-10,0.003439669676992832,0.0,0.14627235151224635,0.34999999999267417,0.0,0.00028797883455466245
2011-03-02,0.34742415949305644,0.14838387391456473,0.0,2.8981255787290545e-10,0.003476202600291231,0.0,0.14766057630924798,0.35277312551692663,0.0,0.0002820618761003029
2011-03-03,0.3478652105203275,0.14888041355592274,0.0,2.9352232954690766e-10,0.003454937688814757,0.0,0.14674593959643015,0.3527742527924103,0.0,0.00027924555257221174
2011-03-04,0.3503535745341892,0.15075658877864512,0.0,2.9637304985583154e-10,0.0033975011294559328,0.0,0.1446754268571382,0.35053643997159367,0.0,0.00028046843260478194
2011-03-07,0.3489256230147953,0.1506177638711768,0.0,2.9771068928391447e-10,0.003433615302326857,0.0,0.14572590269320296,0.3510183606102116,0.0,0.0002787342105756899
2011-03-08,0.3481022625904666,0.14897130320280647,0.0,2.951456255022581e-10,0.003444060894588808,0.0,0.14616657901375804,0.35303755312944973,0.0,0.0002782408737845914
2011-03-09,0.3494115590678126,0.15064757501821197,0.0,2.9762382116850424e-10,0.003418887379706421,0.0,0.14525500974235295,0.350986196598549,0.0,0.0002807718957431625
2011-03-10,0.349372602344266,0.15024287354492483,0.0,2.985902196247657e-10,0.0034434259754683406,0.0,0.14620327420155316,0.3504569698926498,0.0,0.0002808537425475935
2011-03-11,0.3469117630355102,0.1480902276448093,0.0,2.9313389345198725e-10,0.003513269897645326,0.0,0.1485114818035352,0.3526934723416697,0.0,0.00027978498369629645
2011-03-14,0.34841830387488176,0.14809800978542376,0.0,2.953979838260564e-10,0.0034960257156712114,0.0,0.14799429996560393,0.35171146667096886,0.0,0.000281893692052484
2011-03-15,0.3477601453782764,0.14791871230994474,0.0,2.9837112147498225e-10,0.003518508272853509,0.0,0.14877606832154833,0.35174633343820333,0.0,0.00028023198080254534
2011-03-16,0.34624235271429976,0.1476537182226441,0.0,2.955141531232064e-10,0.0035566134913695134,0.0,0.14982999338037642,0.35243655800973817,0.0,0.000280763886057797
2011-03-17,0.3429702539371933,0.14752763348526757,0.0,2.9215087289477766e-10,0.0036199999980975604,0.0,0.15211697627334847,0.35348595844544867,0.0,0.0002791775684934876
2011-03-18,0.3445559502421162,0.14659148761781468,0.0,2.9323978467852307e-10,0.003578254633286024,0.0,0.15072753509075693,0.35426784662629046,0.0,0.00027892549649595954
2011-03-21,0.3440978397531907,0.14780049570839476,0.0,2.9230564720654645e-10,0.0035582859267032176,0.0,0.1500776612614557,0.35418537430906055,0.0,0.00028034274888959806
2011-03-22,0.34582192243435794,0.14966137434024354,0.0,2.9485139526992044e-10,0.0035032716586943418,0.0,0.14805267436169964,0.35268029758043845,0.0,0.00028045932971496805
2011-03-23,0.3451496365786146,0.14909742998551803,0.0,2.9619936463231453e-10,0.0035104973068433246,0.0,0.14855106294294024,0.3534122845294572,0.0,0.00027908836042750477
2011-03-24,0.3458183417091363,0.1494205174328088,0.0,2.998300962260142e-10,0.0035027809557530917,0.0,0.14831909140716082,0.3526634991638785,0.0,0.00027576903143271405
2011-03-25,0.3476857455191801,0.14983188038930886,0.0,3.020352570182161e-10,0.0034705091513941126,0.0,0.1472204224005327,0.351515648819697,0.0,0.0002757934178524157
2011-03-28,0.34796235446023255,0.15079642938835747,0.0,3.0103665008767245e-10,0.0034534183279690224,0.0,0.14667258851257484,0.3508378870581933,0.0,0.00027732195163668246
2011-03-29,0.3474646555096308,0.15061828325204724,0.0,2.9981277105149525e-10,0.003458018946972909,0.0,0.1468747916901708,0.35130698921942644,0.0,0.00027726108193964653
2011-03-30,0.3486783883128094,0.15154468290276338,0.0,3.0227851163796345e-10,0.0034369556715468166,0.0,0.14569049369471665,0.35037199012418774,0.0,0.000277488991697985
2011-03-31,0.3491946622283192,0.15267657439201182,0.0,3.0450095718039665e-10,0.00343022091051958,0.0,0.14540173662765407,0.34901680316198097,0.0,0.0002800023750139193
2011-04-01,0.34999999997087244,0.14999999994906976,2.241217762164581e-11,0.0,1.683296191541738e-12,0.0,0.049999999833166074,0.3499999999579062,0.10000000002939537,2.354946294641568e-10
2011-04-04,0.3509585359717279,0.1504365964556521,2.2591350801400602e-11,0.0,1.684395670938567e-12,0.0,0.05016182488048446,0.3490620962895035,0.09938094614284781,2.3550837988027576e-10
2011-04-05,0.35007835919573443,0.15027241720410364,2.2545791821997324e-11,0.0,1.682577000821464e-12,0.0,0.05011015402698761,0.35003379226356923,0.09950527705081307,2.345635170530955e-10
2011-04-06,0.34933335906644,0.15078937853862864,2.2445615803846277e-11,0.0,1.6707775991504828e-12,0.0,0.050038679688965956,0.3489606933727416,0.10087788907476761,2.343395881374673e-10
2011-04-07,0.34964047081013677,0.15078322708068054,2.2579583160735862e-11,0.0,1.6597979622378937e-12,0.0,0.04976433253329741,0.34892889726326354,0.10088307205445411,2.339280814344994e-10
2011-04-08,0.3492505150601083,0.1500971889952904,2.2500854217523587e-11,0.0,1.662355042016934e-12,0.0,0.049761950979238495,0.349770549831383,0.10111979487815134,2.3166510148586862e-10
2011-04-11,0.3487396702540794,0.14881940788939446,2.2731209335000266e-11,0.0,1.6607989269888772e-12,0.0,0.0498335396801678,0.35046824861421105,0.10213913330730996,2.3044513225554985e-10
2011-04-12,0.34889067426698017,0.1479997926697121,2.2765064543996383e-11,0.0,1.6687085395492505e-12,0.0,0.050010283060147605,0.3513350241881086,0.10176422555921576,2.314018536028333e-10
2011-04-13,0.34844790587422253,0.14697478467196087,2.2693892650532502e-11,0.0,1.6886145850063568e-12,0.0,0.05049997021563938,0.3524163195033769,0.10166101947797347,2.324441747579883e-10
2011-04-14,0.34767086029895367,0.14685453711265994,2.2712275110012194e-11,0.0,1.6915234729843578e-12,0.0,0.05047951236020942,0.35334534959672714,0.10164974037546573,2.3158024608903846e-10
2011-04-15,0.34766914194846804,0.14742004435430195,2.2795738537456018e-11,0.0,1.6845958830970232e-12,0.0,0.050315464427409674,0.35165620743234843,0.10293914157824186,2.347496634217301e-10
2011-04-18,0.3473912337502847,0.1483297826342825,2.2661243353193232e-11,0.0,1.6894294838436578e-12,0.0,0.05035607123369031,0.3505563050538356,0.10336660706683623,2.367200526839027e-10
2011-04-19,0.3458736827635178,0.14688777790983645,2.2350051152264796e-11,0.0,1.7053054091473811e-12,0.0,0.05077427937770648,0.35175112531471414,0.10471313437395446,2.362153525232306e-10
2011-04-20,0.3466956371888421,0.14643160680575407,2.2439373580224657e-11,0.0,1.7017722322756327e-12,0.0,0.05071095927754217,0.35179933549911013,0.10436246096733308,2.3727739546149265e-10
2011-04-21,0.3481174004455723,0.1480211514781935,2.279389270894659e-11,0.0,1.6791195677450969e-12,0.0,0.05025712192252045,0.34981932624324286,0.10378499964819796,2.3779998331352305e-10
2011-04-25,0.3485282758782709,0.14853306298573649,2.2852062939193164e-11,0.0,1.6738090727706014e-12,0.0,0.050106489383310165,0.3492834819027422,0.10354868958695408,2.384603607659063e-10
2011-04-26,0.34844030782318974,0.14845747796340816,2.2870224440505717e-11,0.0,1.6810560768650973e-12,0.0,0.0501967047082545,0.3491827236282082,0.10372278561214696,2.402412473545481e-10
2011-04-27,0.3496348510918099,0.14916654873258253,2.2928788169867746e-11,0.0,1.6795589143091481e-12,0.0,0.05017157311945119,0.34818088908321426,0.1028461377072282,2.4110576001348753e-10
2011-04-28,0.3500555670638933,0.14926566264775526,2.3091886540144708e-11,0.0,1.66588308760911e-12,0.0,0.049842613202270125,0.3465633270828129,0.10427282973690932,2.4160155295914936e-10
2011-04-29,0.3502822688117371,0.14955708126003175,2.3188528769049357e-11,0.0,1.6679410586045982e-12,0.0,0.04987198194338484,0.34585340953574545,0.1044352581800482,2.441963978114078e-10
2011-05-02,0.34999999998328496,0.14999999992854887,0.0,2.1909238295954355e-11,2.2644995418805774e-10,0.0,0.04999999980292261,0.34999999999712383,0.10000000003976044,0.0
2011-05-03,0.3507379756854244,0.1487880120295266,0.0,2.199368278748386e-11,2.2720736611914076e-10,0.0,0.0502999144928892,0.3510997977710953,0.09907429977186333,0.0
2011-05-04,0.3506824546246564,0.14741294956722747,0.0,2.1579744982821652e-11,2.28596562203231e-10,0.0,0.05045064931022441,0.3523880089955052,0.0990659372522101,0.0
2011-05-05,0.35035201858491083,0.14634005189400312,0.0,2.134381894256667e-11,2.3049000780650268e-10,0.0,0.0508131761499091,0.3542907558596864,0.09820399725965662,0.0
2011-05-06,0.34996581277775,0.14683998823728397,0.0,2.1309169671954096e-11,2.334913355544933e-10,0.0,0.05139690335048291,0.35566036775860743,0.09613692762107508,0.0
2011-05-09,0.3496333427820478,0.1468312274860654,0.0,2.1471219282870205e-11,2.3236590559639818e-10,0.0,0.05112230376874753,0.35557012828002105,0.09684299742928112,0.0
2011-05-10,0.3492541089418359,0.14780785161407023,0.0,2.1405008499839092e-11,2.3155807640763988e-10,0.0,0.05092026529230559,0.35427370451181805,0.09774406938700723,0.0
2011-05-11,0.3500824976919988,0.14915405441093216,0.0,2.1525032593826555e-11,2.2903251524906268e-10,0.0,0.050403691367572855,0.352870327878741,0.09748942840019771,0.0
2011-05-12,0.3491166829142841,0.14754776469740277,0.0,2.1214935784281213e-11,2.3165726388082308e-10,0.0,0.05088203602274468,0.3551024383009363,0.09735107781176003,0.0
2011-05-13,0.34965225006119144,0.14837028717284945,0.0,2.1208708088141375e-11,2.3040393881900126e-10,0.0,0.050599473560811375,0.3543064294974919,0.09707155945604315,0.0
2011-05-16,0.3492997936456238,0.14728960588804446,0.0,2.0884359194205725e-11,2.3286085979144984e-10,0.0,0.05109299369003153,0.3552314720251645,0.0970861344973904,0.0
2011-05-17,0.3483733733505935,0.1456766972496797,0.0,2.093062088872399e-11,2.342888666323909e-10,0.0,0.05143091183548253,0.35724642751783103,0.09727258979119374,0.0
2011-05-18,0.34840674713444925,0.14525213762318168,0.0,2.100279876331916e-11,2.3503264762889534e-10,0.0,0.05151305372584002,0.3579532072789296,0.09687485398156397,0.0
2011-05-19,0.34934863352385914,0.1465722870242163,0.0,2.1210582239367752e-11,2.3224138007796923e-10,0.0,0.05106592632151844,0.3561646496588791,0.09684850321807506,0.0
2011-05-20,0.34979030778612025,0.14672525908791606,0.0,2.104941947031295e-11,2.3222558086049538e-10,0.0,0.051096394636424916,0.35561428908056664,0.09677374915569724,0.0
2011-05-23,0.3480325035610648,0.1460816536156692,0.0,2.0942293881004867e-11,2.334703669645302e-10,0.0,0.051209835940889396,0.356391307456725,0.0982846991712391,0.0
2011-05-24,0.3468268172469826,0.14463561622578808,0.0,2.06750896658901e-11,2.357120770282695e-10,0.0,0.05159888703824523,0.3576164576883063,0.09932222154429073,0.0
2011-05-25,0.34688097232545534,0.14408492962716152,0.0,2.090209942764232e-11,2.361917267726493e-10,0.0,0.05171509305971938,0.35738736111313424,0.0999316436174358,0.0
2011-05-26,0.347044331749835,0.14548333986607845,0.0,2.0887216869523242e-11,2.355419603779221e-10,0.0,0.051465384930527824,0.3563672442270525,0.09963969897007713,0.0
2011-05-27,0.3475358441425088,0.14693125526248213,0.0,2.1088655016131632e-11,2.360911972366775e-10,0.0,0.051523991622910124,0.3549263639423159,0.09908254477260324,0.0
2011-05-31,0.3473168694699534,0.14728136801775507,0.0,2.1217036826773495e-11,2.35016818441232e-10,0.0,0.051350173707055254,0.3544247527421341,0.09962683580686829,0.0
2011-06-01,0.3499999999742203,0.12084256373339439,0.17915743620810304,1.4421444869427992e-11,3.875375179311091e-11,0.0,2.0186582002096523e-11,0.34999999999678,9.719199830528172e-12,4.4213559158553084e-12
2011-06-02,0.34842025944286065,0.11910124015838923,0.17812520291985953,1.4422946815276805e-11,3.9790476820903484e-11,0.0,2.0659988817812794e-11,0.35435329738972854,9.91550383408387e-12,4.373229608486468e-12
2011-06-03,0.3479581192084278,0.11902620493999386,0.1789891470648636,1.4555268944384843e-11,3.9542431777875324e-11,0.0,2.046753706299844e-11,0.3540265286979234,9.8857655000758e-12,4.340474218069142e-12
2011-06-06,0.34675489039507307,0.11805456615580334,0.18025058177675166,1.4577541661177666e-11,3.995814422098384e-11,0.0,2.0646338461456043e-11,0.3549399615828053,9.998455229291656e-12,4.386259132866561e-12
2011-06-07,0.34613416589363727,0.11714489165607288,0.17949427636523962,1.4470498976803051e-11,4.0288222398094847e-11,0.0,2.079407276882602e-11,0.35722666599503244,1.0104751949170542e-11,4.360328611454351e-12
2011-06-08,0.3454253718215935,0.11725689296120648,0.18087693404644617,1.4563335204919397e-11,4.0305372510738144e-11,0.0,2.0835692670075097e-11,0.35644080108056325,1.0086288637264545e-11,4.3999750989548145e-12
2011-06-09,0.3463240283741077,0.11673867425131297,0.17976963547002575,1.4557610351743733e-11,4.066797440020038e-11,0.0,2.0990981827392045e-11,0.3571676618138057,1.0113873438773073e-11,4.417507808104434e-12
2011-06-10,0.3471055742865828,0.11673444898929856,0.1806612388918352,1.459363508597193e-11,4.028888670639383e-11,0.0,2.0822610443113077e-11,0.3554987377421216,1.0110290787666252e-11,4.3465429945861145e-12
2011-06-13,0.34685620072718726,0.11640094875860178,0.1788437593881935,1.446818531893037e-11,4.095850103222995e-11,0.0,2.1076402252042366e-11,0.3578990910350649,1.0155720918980173e-11,4.29383411235213e-12
2011-06-14,0.34752486493178913,0.11620533469238568,0.17932074304251405,1.4459793152697156e-11,4.09167359602062e-11,0.0,2.1123404351581717e-11,0.35694905724242765,1.006718704006435e-11,4.316500073989215e-12
2011-06-15,0.3476500729347574,0.11725552701321207,0.1802788535487272,1.4499325771504392e-11,4.009779578595288e-11,0.0,2.0804116794283387e-11,0.3548155464135696,1.0005219804648574e-11,4.32755141266724e-12
2011-06-16,0.34691400012079016,0.11699695711451238,0.17713769971983137,1.4414677353382276e-11,4.1177790411166245e-11,0.0,2.125275532287372e-11,0.3589513429534995,1.0195592513846496e-11,4.326041779904073e-12
2011-06-17,0.349760692974732,0.11796899793045189,0.17758691325017953,1.4390845358057505e-11,4.1539388525473097e-11,0.0,2.1339569178903538e-11,0.3546833957527344,1.0246324747854339e-11,4.3863053101348425e-12
2011-06-20,0.34845881762146336,0.11721018449829017,0.1781304220923749,1.4313376401838457e-11,4.123202121039355e-11,0.0,2.120451980488645e-11,0.3562005756964792,1.0244086888152675e-11,4.398530775742946e-12
2011-06-21,0.34845232213438915,0.11768468123893477,0.17700901223142956,1.4218492268253707e-11,4.095826259439473e-11,0.0,2.1100028068938845e-11,0.35685398430434295,1.0197874481385829e-11,4.429209951381362e-12
2011-06-22,0.3485039052416325,0.1186257977660088,0.1784274316805071,1.4286088868848755e-11,4.0356533873182775e-11,0.0,2.08122376672198e-11,0.35444286522188245,1.0110454401099958e-11,4.404211981162387e-12
2011-06-23,0.34895101066573747,0.11857945170121428,0.17799758022486492,1.4247836444159154e-11,4.0636518308998844e-11,0.0,2.0993613101986583e-11,0.354471957317682,1.0200329515072026e-11,4.42338560224701e-12
2011-06-24,0.3480072366266118,0.11905916888318052,0.17649737783206326,1.4231549166749493e-11,4.085687558822597e-11,0.0,2.1052062151061874e-11,0.3564362165676467,1.0023025656613382e-11,4.334621818143549e-12
2011-06-27,0.34675283907369103,0.1194114597451389,0.17623002457842446,1.4321680375487143e-11,4.136091403008143e-11,0.0,2.1234102848960614e-11,0.3576056765114964,9.962560304473743e-12,4.370415545719415e-12
2011-06-28,0.3479683358833815,0.11969278210907994,0.17672863986512155,1.4410883085075962e-11,4.097984107059466e-11,0.0,2.1052051609559632e-11,0.35561024205173597,9.873275336373886e-12,4.365552244665853e-12
2011-06-29,0.34903792403416883,0.12035268870193866,0.17708507595487788,1.4464219040199928e-11,4.0202284962481486e-11,0.0,2.0700074063061844e-11,0.3535243112194797,9.810232716950813e-12,4.358551101077365e-12
2011-06-30,0.3484842199428002,0.11970932731144765,0.1783719649365435,1.4450608527558417e-11,3.955915949420976e-11,0.0,2.044526828261496e-11,0.35343448772062036,9.773921452887134e-12,4.3597819757039535e-12
2011-07-01,0.3499999999943837,0.24999999999645361,0.0,0.0,3.359071702510672e-12,0.0,3.4059383353369297e-12,0.2999999999988375,0.0,0.10000000000356031
2011-07-05,0.3508304033245883,0.2507914946961369,0.0,0.0,3.3097210043323006e-12,0.0,3.364492240618243e-12,0.29790751673289895,0.0,0.10047058523970175
2011-07-06,0.35002397780483635,0.2510242099757036,0.0,0.0,3.325614943041616e-12,0.0,3.3714582656355792e-12,0.29785844912455073,0.0,0.1010933630882124
2011-07-07,0.3496315504831764,0.25145650592023194,0.0,0.0,3.3237925353025254e-12,0.0,3.37068339841046e-12,0.29729934573649536,0.0,0.10161259785340195
2011-07-08,0.34980978620788966,0.25274884530290964,0.0,0.0,3.2786755216217865e-12,0.0,3.3386768044314095e-12,0.2955563065039335,0.0,0.10188506197865001
2011-07-11,0.3490568811890232,0.2524643247877161,0.0,0.0,3.330072877538085e-12,0.0,3.376875716619316e-12,0.2962171258836472,0.0,0.10226166813290677
2011-07-12,0.3484496572793575,0.2512086187554165,0.0,0.0,3.411366608401928e-12,0.0,3.4445089194098076e-12,0.29818394472341675,0.0,0.1021577792349536
2011-07-13,0.34812718195446396,0.25064303309247926,0.0,0.0,3.427911610869803e-12,0.0,3.459040759691138e-12,0.29837470510919517,0.0,0.10285507983697478
2011-07-14,0.34765799041297013,0.2516980111023135,0.0,0.0,3.417452437343323e-12,0.0,3.4514947296211683e-12,0.29927950896975936,0.0,0.10136448950808809
2011-07-15,0.3478714698398836,0.24956786916339802,0.0,0.0,3.42361245232098e-12,0.0,3.4561570200010745e-12,0.30137912576849957,0.0,0.10118153522133896
2011-07-18,0.34825223410058703,0.25005990823464425,0.0,0.0,3.421589656609948e-12,0.0,3.4477095920114796e-12,0.29986855730252515,0.0,0.10181930035537404
2011-07-19,0.34822140590500644,0.24805633539554692,0.0,0.0,3.4474578702195507e-12,0.0,3.462490528639231e-12,0.30178942693167304,0.0,0.10193283176086346
2011-07-20,0.3488995843523622,0.2500927559396698,0.0,0.0,3.4118831760455995e-12,0.0,3.430440543476042e-12,0.2988913627254193,0.0,0.10211629697570629
2011-07-21,0.34855892056644455,0.24957920101110087,0.0,0.0,3.3939039857920108e-12,0.0,3.4211574257117466e-12,0.29904187941583843,0.0,0.10281999899980099
2011-07-22,0.35010963732619216,0.2495188591154901,0.0,0.0,3.3437426081769614e-12,0.0,3.3841829059374684e-12,0.2976904523155165,0.0,0.10268105123607331
2011-07-25,0.34983403477646324,0.2494822357760321,0.0,0.0,3.351616077438633e-12,0.0,3.3929531454257076e-12,0.2976465533531589,0.0,0.1030371760876011
2011-07-26,0.3504916589607357,0.24839129345820707,0.0,0.0,3.3659786250620084e-12,0.0,3.402133303221883e-12,0.2982770945272163,0.0,0.10283995304707277
2011-07-27,0.35000225665103946,0.2470862736827305,0.0,0.0,3.3881407176748857e-12,0.0,3.425179203529346e-12,0.2995994584421872,0.0,0.1033120112172294
2011-07-28,0.34975938540337825,0.2445533619035551,0.0,0.0,3.4508893319817227e-12,0.0,3.4840053497958156e-12,0.3032459109109846,0.0,0.10244134177514702
2011-07-29,0.3490372953155344,0.24436275303885255,0.0,0.0,3.460560587709751e-12,0.0,3.494490379737535e-12,0.3039708944543924,0.0,0.10262905718426539
2011-08-01,0.3499999999899048,0.3499999999945041,0.0,0.0,6.358744426488625e-12,0.0,7.887814599708103e-11,0.2999999999290642,1.290094874426038e-12,0.0
2011-08-02,0.34959681862827435,0.348800380281425,0.0,0.0,6.401746695651757e-12,0.0,7.935778751263782e-11,0.30160280100325176,1.2894523801828513e-12,0.0
2011-08-03,0.34887478350604034,0.3460685356334631,0.0,0.0,6.616418050067866e-12,0.0,8.195046915857269e-11,0.3050566807705774,1.3523413114851205e-12,0.0
2011-08-04,0.3493609050986239,0.3469734450052354,0.0,0.0,6.595213329586338e-12,0.0,8.159351493997461e-11,0.3036656498066054,1.3466771186564543e-12,0.0
2011-08-05,0.3490685826832529,0.34178210662980857,0.0,0.0,7.005005302663644e-12,0.0,8.615137580518876e-11,0.30914931059237805,1.4042446261468941e-12,0.0
2011-08-08,0.35094001858556306,0.33810984993798415,0.0,0.0,6.971490014830165e-12,0.0,8.567024971933112e-11,0.31095013138238753,1.4236590575723814e-12,0.0
2011-08-09,0.3510951035519766,0.33032169739378675,0.0,0.0,7.579129028970948e-12,0.0,9.080714926476291e-11,0.3185831989542764,1.5740828934807769e-12,0.0
2011-08-10,0.35056844926773156,0.33617608168305513,0.0,0.0,7.2735295916785515e-12,0.0,8.741910983658814e-11,0.3132554689530055,1.515276323442325e-12,0.0
2011-08-11,0.3480433069137093,0.3320885795872947,0.0,0.0,7.654790876930182e-12,0.0,9.161583840552125e-11,0.3198681133980958,1.6296193459417228e-12,0.0
2011-08-12,0.3503446706607293,0.3359068592308713,0.0,0.0,7.266062483633005e-12,0.0,8.644880523545393e-11,0.31374847001314915,1.5354888363577646e-12,0.0
2011-08-15,0.3516563686318151,0.3369855985066249,0.0,0.0,7.294949066569501e-12,0.0,8.717646987574706e-11,0.3113580327655647,1.523936359831782e-12,0.0
2011-08-16,0.35136078811831806,0.3390311213980662,0.0,0.0,7.111322742538128e-12,0.0,8.545717668831625e-11,0.30960809038954024,1.5071505044569816e-12,0.0
2011-08-17,0.3523059782233765,0.3365640057151436,0.0,0.0,7.224918044895314e-12,0.0,8.67395751197041e-11,0.3111300159659725,1.543029137252809e-12,0.0
2011-08-18,0.35122129916159256,0.33539857285949837,0.0,0.0,7.248308189266439e-12,0.0,8.665157924371222e-11,0.3133801278834677,1.5416694830573799e-12,0.0
2011-08-19,0.3493681081361541,0.3288197052746973,0.0,0.0,7.57428636244234e-12,0.0,9.019752209174214e-11,0.3218121864897441,1.6329599912175156e-12,0.0
2011-08-22,0.3486477494273391,0.327715691062158,0.0,0.0,7.692284578657009e-12,0.0,9.139308146094089e-11,0.3236365594097403,1.6774338036767395e-12,0.0
2011-08-23,0.34909952605456623,0.32672358179019273,0.0,0.0,7.682062180176595e-12,0.0,9.10998405199294e-11,0.3241768920547377,1.7215418099940414e-12,0.0
2011-08-24,0.350192346634554,0.3326198207398652,0.0,0.0,7.430423783587634e-12,0.0,8.746322110390992e-11,0.3171878325290781,1.6092297699195054e-12,0.0
2011-08-25,0.35215864721478146,0.3347273194074053,0.0,0.0,7.289328263252918e-12,0.0,8.570775735793552e-11,0.31311403328327453,1.5417190662254865e-12,0.0
2011-08-26,0.35246931273445486,0.3318511650927113,0.0,0.0,7.454293031699945e-12,0.0,8.759280624924589e-11,0.31567952207621336,1.5734480998854571e-12,0.0
2011-08-29,0.35188067677189433,0.33433962833854475,0.0,0.0,7.358733602408173e-12,0.0,8.623244029055172e-11,0.31377969479437556,1.5942198846405988e-12,0.0
2011-08-30,0.35175284693351533,0.3402543607108016,0.0,0.0,7.103525836641021e-12,0.0,8.406500595978044e-11,0.30799279226299675,1.51787560449862e-12,0.0
2011-08-31,0.3514607147158034,0.3410453913114302,0.0,0.0,7.127922104358496e-12,0.0,8.421799609520999e-11,0.3074938938798627,1.5579472940799442e-12,0.0
2011-09-01,0.3499999999525369,0.2425061059735663,0.0,0.0,0.0,0.0,3.533143122743336e-11,0.30749389473340427,0.09999999930516129,0.0
2011-09-02,0.34947595015424,0.23945111266641603,0.0,0.0,0.0,0.0,3.567832987916706e-11,0.3100807506681685,0.10099218647549736,0.0
2011-09-06,0.3461520735388176,0.23438813333039538,0.0,0.0,0.0,0.0,3.648898926480746e-11,0.3137061216835988,0.10575367141069943,0.0
2011-09-07,0.34607865741363864,0.23540583863233716,0.0,0.0,0.0,0.0,3.6964660275599445e-11,0.31220466140217,0.10631084251488969,0.0
2011-09-08,0.3499610907984285,0.24026536817515978,0.0,0.0,0.0,0.0,3.64244678380262e-11,0.3085462597703902,0.10122728121959734,0.0
2011-09-09,0.34784701774098287,0.23689384990260867,0.0,0.0,0.0,0.0,3.6552382330126035e-11,0.3108710460573141,0.10438808626254227,0.0
2011-09-12,0.34547896948907764,0.23449206168932066,0.0,0.0,0.0,0.0,3.73200638060631e-11,0.31421108236840883,0.10581788641587299,0.0
2011-09-13,0.3479984854526065,0.2367004271255612,0.0,0.0,0.0,0.0,3.71237221291296e-11,0.31175852195251225,0.10354256543219661,0.0
2011-09-14,0.3475436116939078,0.2380275057909512,0.0,0.0,0.0,0.0,3.673173564402217e-11,0.31087684112288555,0.10355204135552411,0.0
2011-09-15,0.3487378866521362,0.2398066575629436,0.0,0.0,0.0,0.0,3.633855535048846e-11,0.3097299222211101,0.10172553352747188,0.0
2011-09-16,0.3512935859586988,0.24080439218926292,0.0,0.0,0.0,0.0,3.585950269509926e-11,0.3087666795488717,0.09913534226730746,0.0
2011-09-19,0.3522459602887693,0.24040628666514496,0.0,0.0,0.0,0.0,3.5745162843781835e-11,0.30760490873993546,0.09974284427040554,0.0
2011-09-20,0.3521940367640088,0.23844316854937805,0.0,0.0,0.0,0.0,3.6298373356652664e-11,0.31018815035225883,0.09917464429805642,0.0
2011-09-21,0.3525585042908543,0.23525965751449607,0.0,0.0,0.0,0.0,3.639434472029347e-11,0.3113723757423793,0.1008094624158764,0.0
2011-09-22,0.35024172803887094,0.23189254251366084,0.0,0.0,0.0,0.0,3.733824327141887e-11,0.3159645766079714,0.10190115280215896,0.0
2011-09-23,0.347523268548679,0.23113705440696808,0.0,0.0,0.0,0.0,3.836030096716376e-11,0.3195846793073662,0.10175499769862671,0.0
2011-09-26,0.3497021340873945,0.2335597408895445,0.0,0.0,0.0,0.0,3.813320597211092e-11,0.32052751315620726,0.09621061182872084,0.0
2011-09-27,0.35356565058970596,0.23501036179449294,0.0,0.0,0.0,0.0,3.7588867990080833e-11,0.31772988292167803,0.09369410465653463,0.0
2011-09-28,0.35355904294212326,0.23741421308336685,0.0,0.0,0.0,0.0,3.705368714149228e-11,0.3145772445914297,0.09444949934602696,0.0
2011-09-29,0.35429127384969206,0.23355137629238135,0.0,0.0,0.0,0.0,3.775251312425979e-11,0.3181920422153061,0.09396530760486843,0.0
2011-09-30,0.35456093635543806,0.23591558948459482,0.0,0.0,0.0,0.0,3.744478308347049e-11,0.31534011433999243,0.09418335978253034,0.0
2011-10-03,0.34999999995905107,0.15000000003866684,0.0,0.0,0.29418335953117736,0.0,6.627697864591852e-11,0.1058166403847379,0.10000000002008987,0.0
2011-10-04,0.34500742619472463,0.14435690609722696,0.0,0.0,0.30124484870839746,0.0,6.737021556317439e-11,0.10606834885471517,0.10332247007756558,0.0
2011-10-05,0.34819653002319245,0.15144833182758716,0.0,0.0,0.29598927227226207,0.0,6.595266227699474e-11,0.10443010081208105,0.09993576499892473,0.0
2011-10-06,0.35122954014341706,0.1520508469405023,0.0,0.0,0.2919150274759011,0.0,6.558818072781607e-11,0.10468813790165311,0.10011644747293832,0.0
2011-10-07,0.35405417554208546,0.15389663075910381,0.0,0.0,0.28702124477949276,0.0,6.467893999143931e-11,0.10525939553012822,0.09976855332451101,0.0
2011-10-10,0.35464283276063063,0.1514007574867753,0.0,0.0,0.287935371907453,0.0,6.516443339136978e-11,0.10623419760844445,0.09978684017153236,0.0
2011-10-11,0.3592086835967071,0.1548889174649361,0.0,0.0,0.27923400520841235,0.0,6.39881418612536e-11,0.10635494228788951,0.10031345137806702,0.0
2011-10-12,0.35940418047235556,0.15588214736795264,0.0,0.0,0.28003193741007376,0.0,6.413126178832145e-11,0.10513282952612339,0.09954890515936358,0.0
2011-10-13,0.3598302135079248,0.15691229426765702,0.0,0.0,0.276980051993164,0.0,6.374600068571015e-11,0.10677014608088944,0.09950729408661897,0.0
2011-10-14,0.3593928916319568,0.15689873391317236,0.0,0.0,0.27830317920197145,0.0,6.385237341759687e-11,0.1064065208845759,0.09899867430447133,0.0
2011-10-17,0.3621743904888884,0.1585309743682592,0.0,0.0,0.27437678732562554,0.0,6.32255538824438e-11,0.10616487464131116,0.09875297311269032,0.0
2011-10-18,0.35921782275105796,0.1554300048802586,0.0,0.0,0.27924916353988927,0.0,6.388407481719215e-11,0.10672654702512507,0.0993764617397851,0.0
2011-10-19,0.3622752889584811,0.1578265789401176,0.0,0.0,0.27593201493708935,0.0,6.341341683864513e-11,0.10613668665364795,0.09782943044725072,0.0
2011-10-20,0.36104694197887544,0.15607227059540954,0.0,0.0,0.27872089385024923,0.0,6.412043567273473e-11,0.10669605769607439,0.09746383581527115,0.0
2011-10-21,0.3622280646050765,0.1563273872089749,0.0,0.0,0.27784730337948277,0.0,6.419249962970653e-11,0.10751938790898696,0.09607785683328661,0.0
2011-10-24,0.36468562289403644,0.15780528258791363,0.0,0.0,0.27401309394285434,0.0,6.363214941425213e-11,0.10751576588172594,0.09598023462983779,0.0
2011-10-25,0.3643363109860498,0.1607586540462807,0.0,0.0,0.2703031661994947,0.0,6.312366412965116e-11,0.10898429278144152,0.09561757592361003,0.0
2011-10-26,0.3603130044615033,0.15758679974123788,0.0,0.0,0.27495598541993915,0.0,6.397854202899553e-11,0.10797041358244376,0.09917379673089767,0.0
2011-10-27,0.361836777941594,0.15936199838101017,0.0,0.0,0.271335514218723,0.0,6.35583750214289e-11,0.10779639727656537,0.09966931211854926,0.0
2011-10-28,0.3668819129463262,0.1643832462513305,0.0,0.0,0.2626500011088097,0.0,6.226428791068926e-11,0.1071734237822848,0.09891141584898466,0.0
2011-10-31,0.3666591334052582,0.16348323706813722,0.0,0.0,0.26412900861772104,0.0,6.248124575105818e-11,0.10681338362278894,0.09891523722361356,0.0
2011-11-01,0.35000000000020365,0.1499999999587681,9.085938585336853e-12,0.0,0.34999999995427883,0.14999999997860092,2.7300176822388956e-11,0.0,7.176239940181684e-11,0.0
2011-11-02,0.34224189535035027,0.1455415959198196,8.853265878613924e-12,0.0,0.3562828815834331,0.15593362703774344,2.7598306028525474e-11,0.0,7.22020820015075e-11,0.0
2011-11-03,0.34562160547928483,0.14818533317421356,8.871755656364823e-12,0.0,0.35317969601862514,0.15301336521901604,2.752379892420081e-11,0.0,7.246494359349461e-11,0.0
2011-11-04,0.3497438197834544,0.15093246835802077,9.039136193297237e-12,0.0,0.34934556304911357,0.14997814869985474,2.7367720088896603e-11,0.0,7.3149677527688e-11,0.0
2011-11-07,0.34818655221832945,0.15043637285442116,8.940201106947391e-12,0.0,0.35096958884430096,0.15040748597364093,2.7467742486272387e-11,0.0,7.289964866333758e-11,0.0
2011-11-08,0.3492258804622372,0.1496517841826959,8.949336728805024e-12,0.0,0.35024534311575795,0.150876992128667,2.7270555654842285e-11,0.0,7.442209440885694e-11,0.0
2011-11-09,0.3525918565615364,0.15136421179668708,9.029173058329065e-12,0.0,0.3475671879088636,0.1484767436232942,2.7016959222993214e-11,0.0,7.357278772064397e-11,0.0
2011-11-10,0.3444225783585929,0.146207324019151,8.688351957882412e-12,0.0,0.355651725425709,0.15371837208653363,2.733056339290937e-11,0.0,7.399460525572131e-11,0.0
2011-11-11,0.3475631634993564,0.14724052696433,8.788359686059948e-12,0.0,0.3538134473102452,0.15138286211652136,2.7185943767583913e-11,0.0,7.357275911523888e-11,0.0
2011-11-14,0.3513404916767539,0.149941358702341,8.937137086353532e-12,0.0,0.34943367149244986,0.1492844780183907,2.692617082534805e-11,0.0,7.420120938015372e-11,0.0
2011-11-15,0.34832330824581736,0.14791665835719234,8.786266141907995e-12,0.0,0.3519388002223302,0.15182123306498277,2.6947893001702955e-11,0.0,7.394316896067329e-11,0.0
2011-11-16,0.3490259969768869,0.14935712086548147,8.736584486548765e-12,0.0,0.3504436260675585,0.1511732559806971,2.684338601462281e-11,0.0,7.379606737156659e-11,0.0
2011-11-17,0.3453174945001268,0.14772509692362815,8.615183904465446e-12,0.0,0.3535937887730287,0.1533636196943037,2.6900452876876853e-11,0.0,7.339715568485539e-11,0.0
2011-11-18,0.34176447558457657,0.14644847948428535,8.570088181676638e-12,0.0,0.35631537693266924,0.15547166789114308,2.6839859773866868e-11,0.0,7.191591399240288e-11,0.0
2011-11-21,0.3420058482269428,0.14666729937162676,8.614930945708706e-12,0.0,0.3556186700236416,0.15570818226997568,2.693065344639732e-11,0.0,7.226759011410152e-11,0.0
2011-11-22,0.33823920840767535,0.14433102494873234,8.46547185072473e-12,0.0,0.3595168458839798,0.15791292065304136,2.7039063092588378e-11,0.0,7.106661290397346e-11,0.0
2011-11-23,0.33680259585884875,0.1430730917075768,8.438147067218067e-12,0.0,0.36050002858593977,0.15962428374040613,2.6960215539159817e-11,0.0,7.183027124919295e-11,0.0
2011-11-25,0.332405150113559,0.13985230004952545,8.28174617393746e-12,0.0,0.3650684933488338,0.16267405638044932,2.7069357879270328e-11,0.0,7.228152341600583e-11,0.0
2011-11-28,0.3341479397000066,0.13905636170316996,8.298037445783764e-12,0.0,0.36533857898854044,0.16145711950066435,2.7154516437817377e-11,0.0,7.216634549419354e-11,0.0
2011-11-29,0.3383290263112537,0.14334372677182894,8.513402704474635e-12,0.0,0.35953093805469005,0.15879630875456574,2.6732393252737252e-11,0.0,7.241608064006085e-11,0.0
2011-11-30,0.3397300305272871,0.14326230761068698,8.580773216719033e-12,0.0,0.359309111498763,0.15769855025535714,2.670648690736091e-11,0.0,7.26187894095994e-11,0.0
2011-12-01,0.3500000000113625,0.14326230757968816,0.006737692345479947,0.0,0.21700766163059265,3.184230281860906e-10,0.18299233811266216,2.7286838608230235e-11,0.09999999997450472,0.0
2011-12-02,0.35032081367587103,0.14238562121814563,0.006687028730725726,0.0,0.2171784750262899,3.1716645490740915e-10,0.1836145971209966,2.7436521124393436e-11,0.0998134638833681,0.0
2011-12-05,0.3489967126145006,0.14255423153065522,0.006666309923112216,0.0,0.21750917819852567,3.2067892204188456e-10,0.1846382831215658,2.7512004137538885e-11,0.09963528426344961,0.0
2011-12-06,0.3506577479035215,0.1441183502834258,0.006701533829436908,0.0,0.21606507481100545,3.1808869531601077e-10,0.18488433342799934,2.7499262525045574e-11,0.09757295939902315,0.0
2011-12-07,0.3510608648228868,0.14437339488279172,0.006675774625272536,0.0,0.21568398708489747,3.1531503908072594e-10,0.18404989516160522,2.764491517408636e-11,0.09815608307958643,0.0
2011-12-08,0.3509967882193154,0.14352343344175822,0.006696623866567896,0.0,0.21581752892849745,3.1521332866609256e-10,0.1844821470775476,2.7449557554820445e-11,0.09848347812365058,0.0
2011-12-09,0.3481336664975846,0.14102402906212785,0.0065680770120525225,0.0,0.21997038992079943,3.2364687012092975e-10,0.1864491475146465,2.7654987821573714e-11,0.09785468964148732,0.0
2011-12-12,0.35110669942476275,0.1440723279637512,0.006676000064376398,0.0,0.2166542383146028,3.1437327117246065e-10,0.18419901291671648,2.766305079278871e-11,0.09729172097375417,0.0
2011-12-13,0.3491943777642183,0.14332288507279575,0.006541293581946005,0.0,0.21942253962755678,3.208269312218264e-10,0.1859260975274447,2.7770332695967003e-11,0.09559280607744121,0.0
2011-12-14,0.34829532834828825,0.1412965050955538,0.006496904001049826,0.0,0.22193606631598228,3.2602834939621125e-10,0.18783295377606235,2.7854169936389242e-11,0.09414224210918098,0.0
2011-12-15,0.3472286725123794,0.14059831953077595,0.006469023113948227,0.0,0.22457510528403055,3.347336114726346e-10,0.18959377816544878,2.8019216123994594e-11,0.0915351010306642,0.0
2011-12-16,0.34765953841261926,0.1415689598660454,0.006485795265375439,0.0,0.22385271482110466,3.327036776657436e-10,0.18944882249290473,2.805285480592729e-11,0.09098416878119375,0.0
2011-12-19,0.34627969849785134,0.14189809111474116,0.006423909543954821,0.0,0.22371274766652421,3.34751202249469e-10,0.18947397456273085,2.8031540703597628e-11,0.09221157825141461,0.0
2011-12-20,0.34429852943800116,0.1401439096512022,0.0063960836869011274,0.0,0.2256017627608828,3.406963278619915e-10,0.19109978983114861,2.81369520853078e-11,0.09245992426303065,0.0
2011-12-21,0.34935327040331254,0.14356446672138398,0.006521543827904506,0.0,0.22018086213890978,3.2717407031842013e-10,0.18807738109375177,2.805723676477006e-11,0.09230247545950587,0.0
2011-12-22,0.35009197781354906,0.14417313636408932,0.006488085249595319,0.0,0.21950801295035746,3.2268064973663667e-10,0.18731405077965513,2.8141550081209315e-11,0.09242473649193127,0.0
2011-12-23,0.35155136323859354,0.14441669833064594,0.006516230370303356,0.0,0.21875841336626653,3.2252879068888585e-10,0.18741787668929677,2.8118084690085857e-11,0.09133941765424676,0.0
2011-12-27,0.35383938184278074,0.14461171162303874,0.006545471675635341,0.0,0.21733717955989268,3.18173189938937e-10,0.18638935791373631,2.8179453860916893e-11,0.09127689703856331,0.0
2011-12-28,0.35387488319260796,0.14493839955549834,0.006511889803292861,0.0,0.2173100400044628,3.194636941113515e-10,0.18696785989691886,2.8272439005082516e-11,0.09039692719948281,0.0
2011-12-29,0.35202631340094387,0.14344118826894817,0.0064454938237045985,0.0,0.22043422969790374,3.2797526774105594e-10,0.18881451417383385,2.836465610656059e-11,0.08883826027832559,0.0
2011-12-30,0.3539055425981948,0.14417078511895595,0.006531560395044354,0.0,0.21961548151801974,3.269484639331356e-10,0.18778149874413813,2.8392767445920253e-11,0.08799513127030556,0.0
2012-01-03,0.3499999999992539,4.563891149723731e-11,0.149999999862511,2.4430910637048675e-11,0.3499999999589007,0.01414217307853983,0.03585782705046458,0.0,0.0999999999802601,0.0
2012-01-04,0.35213036062016867,4.5944092295366786e-11,0.15259458352754598,2.4933785089382725e-11,0.34440701365339293,0.013794848876503433,0.03548207997362715,0.0,0.10159111327788391,0.0
2012-01-05,0.35305409516473396,4.57409689416286e-11,0.1518546141646575,2.4819605122295577e-11,0.34368512002939655,0.013645186648652146,0.03554758491561026,0.0,0.10221339900638902,0.0
2012-01-06,0.35425111445862834,4.6032021762407096e-11,0.1497114977752462,2.4729013134191136e-11,0.34400045347243974,0.01363079590731328,0.03542015374691103,0.0,0.1029859845687004,0.0
2012-01-09,0.3539543132599243,4.5995444209993127e-11,0.14792604467402806,2.445856595966652e-11,0.3459511621781381,0.013762365205598754,0.0356197651624936,0.0,0.10278634944936316,0.0
2012-01-10,0.3544726831193851,4.618471765599164e-11,0.1483551906541769,2.4690805711112054e-11,0.34568461372936965,0.013724818613419247,0.03553234198303531,0.0,0.10223035182973823,0.0
2012-01-11,0.35537393504029763,4.657588337862397e-11,0.1496953152389968,2.5074576791585285e-11,0.34289759909013734,0.013618424134445407,0.03541600341360608,0.0,0.1029987230108664,0.0
2012-01-12,0.3546621646906253,4.664017982898709e-11,0.14883763489486174,2.5029811700184456e-11,0.34401610297433793,0.013760585474943104,0.035319725841322806,0.0,0.10340378605223921,0.0
2012-01-13,0.3550588043324547,4.672047059826164e-11,0.14927258776251978,2.50991002712054e-11,0.3428591632583294,0.013723504933937663,0.03535512878825758,0.0,0.10373081085268145,0.0
2012-01-17,0.35406225885402137,4.658162430661167e-11,0.14801626940297477,2.4930394913470003e-11,0.3452104690538245,0.01389292292493025,0.03556658102094782,0.0,0.10325149867178939,0.0
2012-01-18,0.35386568830297677,4.635755085730197e-11,0.14911506137727779,2.5294009196561434e-11,0.3440104046302659,0.013895603703744186,0.03551764867875578,0.0,0.10359559323532824,0.0
2012-01-19,0.3557130479212496,4.691088233977374e-11,0.1507356930950422,2.578238123834931e-11,0.34095750021543153,0.013648180292834503,0.035241970736048824,0.0,0.10370360766670021,0.0
2012-01-20,0.35714007424105904,4.714120694121939e-11,0.1524045604338641,2.5975760569023022e-11,0.33849390752636127,0.013443528364886473,0.035188394849300766,0.0,0.10332953451141143,0.0
2012-01-23,0.35801707460232096,4.711159605754557e-11,0.1530070271999175,2.5924058391863883e-11,0.3369038443841569,0.013274441223865759,0.03505488469283,0.0,0.10374272782387342,0.0
2012-01-24,0.35727791645720114,4.707556083320904e-11,0.15367524900630586,2.6188091809917607e-11,0.3363347548224307,0.013197253292890019,0.03502073143497667,0.0,0.10449409491293213,0.0
2012-01-25,0.3573932460654376,4.741590808713584e-11,0.15304404973508837,2.626409141676977e-11,0.33721482173211925,0.0132404381563774,0.035197977361003045,0.0,0.10390946687629453,0.0
2012-01-26,0.35712774531186864,4.7388100404338827e-11,0.15324116589085202,2.6319166423980977e-11,0.3357694985727951,0.013089265331765793,0.03499872136201256,0.0,0.10577360345699893,0.0
2012-01-27,0.3549379984856916,4.7286610632865974e-11,0.1531453153631973,2.618702276520064e-11,0.33722321503121067,0.013249430972615094,0.035237244648038124,0.0,0.10620679542577405,0.0
2012-01-30,0.35396313134947704,4.74999380309971e-11,0.15305656844275448,2.626339020094093e-11,0.337471409927656,0.013260601341397423,0.035208063547147735,0.0,0.1070402253178044,0.0
2012-01-31,0.35358624767064906,4.724162041889384e-11,0.15160529758194807,2.5946204268070057e-11,0.3394190263692899,0.0134483381910663,0.03524543306086156,0.0,0.1066956570529977,0.0
2012-02-01,0.35000000000851966,0.14999999982040504,1.3159830912015937e-10,0.0,0.3499999999740557,0.11475456688321198,0.035245433159341095,2.3114704686897294e-12,2.0556812155690034e-11,0.0
2012-02-02,0.35169244207594863,0.15263147395228735,1.331483255533251e-10,0.0,0.34742876318295485,0.11299915048675974,0.03524817014608725,2.3067453053093054e-12,2.0507136457413395e-11,0.0
2012-02-03,0.35156614247183793,0.15320324488180437,1.3316585569499985e-10,0.0,0.34724586027296855,0.11273241547346012,0.03525233674381234,2.3037960362209325e-12,2.0647180217307034e-11,0.0
2012-02-06,0.35541248483690585,0.15606832767035111,1.3483800572598254e-10,0.0,0.3434500425325627,0.10997506934016896,0.03509407546269594,2.303405031103673e-12,2.0174140479951144e-11,0.0
2012-02-07,0.35468339297749824,0.15534521153706987,1.3400194355741064e-10,0.0,0.3439197981444583,0.1109157286916945,0.035135868492885615,2.300724684987191e-12,2.0090947272533525e-11,0.0
2012-02-08,0.3565984153602703,0.15569578742302448,1.3521237402365789e-10,0.0,0.34268189988734854,0.10985387871188472,0.03517001845949559,2.311890354400109e-12,2.0452187556075472e-11,0.0
2012-02-09,0.35705604826026516,0.15577290578503375,1.3546050216332925e-10,0.0,0.3422696419442464,0.10975425586887419,0.035147147983536506,2.310038833694579e-12,2.0273455046653083e-11,0.0
2012-02-10,0.35823499688800076,0.1553181319295408,1.3608797869342634e-10,0.0,0.34218364646313404,0.10915611251686966,0.03510711204379409,2.3157717395655287e-12,2.0256983556347488e-11,0.0
2012-02-13,0.35610939740028463,0.15341255666772052,1.337021502999911e-10,0.0,0.3446169168373862,0.11073589101765491,0.03512523792077214,2.299040959387726e-12,2.0180410167782022e-11,0.0
2012-02-14,0.3570934693411689,0.1546729211556275,1.3460508157260876e-10,0.0,0.342788153197716,0.11036286747167215,0.035082588676784245,2.2949541068027786e-12,2.0131141679098056e-11,0.0
2012-02-15,0.356579224397111,0.15394925078879879,1.3358111347027912e-10,0.0,0.3434418890718976,0.11092640268672292,0.03510323289951351,2.294530470585061e-12,2.0080564591235604e-11,0.0
2012-02-16,0.35595849359339865,0.15311956640064228,1.3412322108191313e-10,0.0,0.3447106135748818,0.11105348245371335,0.03515784382068804,2.2938884601710386e-12,2.0258763078581492e-11,0.0
2012-02-17,0.3583566913263387,0.1553332911950354,1.3539387796445092e-10,0.0,0.34167013865060697,0.10969294694133676,0.03494693172883604,2.2936708526000705e-12,2.0158691824308743e-11,0.0
2012-02-21,0.3591291477608341,0.15523854839340812,1.3592602470752878e-10,0.0,0.3411454419585042,0.10961113701446594,0.03487572471449915,2.291788404982627e-12,2.0070873014505987e-11,0.0
2012-02-22,0.36051211541724415,0.15471427785037353,1.3641455991141583e-10,0.0,0.34106844560310895,0.10876783361510858,0.034937327354861186,2.308235904855345e-12,2.058096909886239e-11,0.0
2012-02-23,0.35915653614515536,0.15340877173046308,1.3594107890867955e-10,0.0,0.3422224876560723,0.11007659144206337,0.03513561286718964,2.3143547090935e-12,2.0800834918672994e-11,0.0
2012-02-24,0.35915482628833695,0.15501841220062768,1.3646363406181873e-10,0.0,0.3412049055221325,0.10959266059128737,0.03502919523812044,2.3125188835010823e-12,2.071896813149454e-11,0.0
2012-02-27,0.35940816167103573,0.1544887243796008,1.3708094455870114e-10,0.0,0.34095706115996816,0.1101420052776447,0.03500404735175988,2.316141446571893e-12,2.059368936153069e-11,0.0
2012-02-28,0.35908507459180683,0.1538300382651229,1.3603390039872165e-10,0.0,0.34121145196707175,0.11083092743198508,0.03504250758519136,2.310682149812144e-12,2.0477472028473416e-11,0.0
2012-02-29,0.35993628605574546,0.15333634382672298,1.3722358059918794e-10,0.0,0.34118729925596497,0.11040611890110547,0.03513395180024397,2.313953129036544e-12,2.0679692126209557e-11,0.0
2012-03-01,0.3499999999730357,0.14999999998384744,0.0,0.0,0.3499999999745761,0.11486604863032143,0.03513395139188271,0.0,4.633676212573316e-11,0.0
2012-03-02,0.35171069965650514,0.15073313184251294,0.0,0.0,0.34876404079800977,0.11375139156349329,0.03504073609250153,0.0,4.697737065044124e-11,0.0
2012-03-05,0.35093615933066846,0.14860208266276045,0.0,0.0,0.3504619682419105,0.11491726817789359,0.03508252153982594,0.0,4.694108622649872e-11,0.0
2012-03-06,0.3505357058882828,0.14920756646792047,0.0,0.0,0.35079259271764845,0.11434128766667191,0.035122847212592116,0.0,4.6884240623390783e-11,0.0
2012-03-07,0.3472467873525156,0.14701408686963713,0.0,0.0,0.3541396593595985,0.11634412398984836,0.03525534238210618,0.0,4.6294302828484796e-11,0.0
2012-03-08,0.34883070722670795,0.14803981237378772,0.0,0.0,0.35261903077801265,0.11535471869336099,0.035155730881683375,0.0,4.6447266976133007e-11,0.0
2012-03-09,0.3511773686705471,0.1494799942596843,0.0,0.0,0.3504570583324529,0.11383600345186648,0.03504957523868318,0.0,4.676598370312198e-11,0.0
2012-03-12,0.3513682579650361,0.15100202552873626,0.0,0.0,0.34902960181108994,0.11368456469155949,0.03491554995665669,0.0,4.692133365018898e-11,0.0
2012-03-13,0.3515550017831333,0.15077515698452482,0.0,0.0,0.3490900298458286,0.11371711694916123,0.03486269439077856,0.0,4.6573259028271115e-11,0.0
2012-03-14,0.3562046011951569,0.1530493018762881,0.0,0.0,0.3449535839868275,0.11118964365210324,0.03460286924404816,0.0,4.5575815688688626e-11,0.0
2012-03-15,0.35898169482565634,0.15314371408770203,0.0,0.0,0.34402949947087863,0.1093502987010798,0.0344947928694759,0.0,4.52069502108635e-11,0.0
2012-03-16,0.3598535407439835,0.15391051264746797,0.0,0.0,0.34277964110061987,0.10915173578903066,0.0343045696734155,0.0,4.548225296269445e-11,0.0
2012-03-19,0.3601589561118929,0.1536985377844147,0.0,0.0,0.3424961568434155,0.10930916274655089,0.03433718646820585,0.0,4.5520012081392545e-11,0.0
2012-03-20,0.3618411158302742,0.1551105507545787,0.0,0.0,0.34064822755053387,0.10808526538740157,0.034314840431575636,0.0,4.563592118580106e-11,0.0
2012-03-21,0.36146208646883304,0.15400789052794475,0.0,0.0,0.3414521800237203,0.10871989762448292,0.03435794530971079,0.0,4.5308111052168535e-11,0.0
2012-03-22,0.35997143426721706,0.1535874643661211,0.0,0.0,0.34233731520048455,0.10967554390096951,0.034428242219989975,0.0,4.52178725238774e-11,0.0
2012-03-23,0.35857775575089657,0.1526161596908859,0.0,0.0,0.34392135523675743,0.11039809860659285,0.034486630669678955,0.0,4.518836719945765e-11,0.0
2012-03-26,0.3579488799850679,0.15334335852465952,0.0,0.0,0.3434780587508805,0.1108875278127652,0.0343421748811108,0.0,4.551606022036524e-11,0.0
2012-03-27,0.3603349056175543,0.1553956442877228,0.0,0.0,0.3405849212728845,0.10951767800402447,0.03416685077182585,0.0,4.5988106520033684e-11,0.0
2012-03-28,0.3589526844531369,0.15419660468718283,0.0,0.0,0.34221990651703155,0.11022471145824145,0.034406092838777005,0.0,4.5630245024958993e-11,0.0
2012-03-29,0.35842624287994806,0.15383305183149953,0.0,0.0,0.3428239060780267,0.1104555131591121,0.034461286006108455,0.0,4.530508838616238e-11,0.0
2012-03-30,0.3573606862124614,0.15319569442097467,0.0,0.0,0.3438141433901869,0.11114340451666732,0.03448607141452641,0.0,4.5183275614101804e-11,0.0
2012-04-02,0.3499999999986259,0.1499999982994603,1.3890316475545984e-11,1.6839701801869063e-09,0.3499999999339595,6.413246840423005e-11,0.14999999998975003,4.773020268655786e-12,1.1438171398292551e-11,0.0
2012-04-03,0.35058536866371703,0.15099706411613809,1.397356059218606e-11,1.6975412141630674e-09,0.34887331623410117,6.412656219416795e-11,0.1495442491942163,4.754445595396703e-12,1.1431635571702098e-11,0.0
2012-04-04,0.3514118628161311,0.15095927930857844,1.3818345291117048e-11,1.6987198045392269e-09,0.34854956334025816,6.342330384879571e-11,0.1490792927429995,4.7809873661132205e-12,1.1290265346028452e-11,0.0
2012-04-05,0.3492705234564347,0.14912082178675934,1.3561441122303724e-11,1.6745434536152238e-09,0.35166697553491194,6.454292119708833e-11,0.14994167745332043,4.781866787356128e-12,1.114382197494579e-11,0.0
2012-04-09,0.348751338449445,0.14831920795162085,1.3466781444711761e-11,1.681941904044361e-09,0.3528874361169597,6.494515478560367e-11,0.15004201570564427,4.765461550668804e-12,1.1210722550565633e-11,0.0
2012-04-10,0.34544292732804655,0.1461404893806505,1.3432027699869233e-11,1.6600747076139972e-09,0.35712810292346797,6.65810034921921e-11,0.15128847861169203,4.749389092951164e-12,1.1305704559868528e-11,0.0
2012-04-11,0.34226630972552746,0.1437996093437057,1.3245963150103215e-11,1.6403123767753118e-09,0.36157017833140415,6.7855520049672e-11,0.15236390086166968,4.762449611293068e-12,1.151664382677047e-11,0.0
2012-04-12,0.34392279811187904,0.14536604703364825,1.3387218686988262e-11,1.6528355916930322e-09,0.3589969797312145,6.682614765080952e-11,0.15171417337395599,4.775942561148415e-12,1.1477323478187307e-11,0.0
2012-04-13,0.34636420989051864,0.14658301735345372,1.3552277978417918e-11,1.685221497653759e-09,0.3561668852859181,6.615642343287707e-11,0.15088588568886385,4.790326097652785e-12,1.152518704557597e-11,0.0
2012-04-16,0.34333793591023326,0.1451166515576173,1.3335511216711823e-11,1.6649267657430858e-09,0.3594571608981561,6.744094455022749e-11,0.15208824987206954,4.790140691009394e-12,1.1430476120267907e-11,0.0
2012-04-17,0.343143963066208,0.14536699426266383,1.3433593361911553e-11,1.6567847809148726e-09,0.35938694230240814,6.734899031763251e-11,0.15210209861495091,4.798042303886751e-12,1.1403799917203733e-11,0.0
2012-04-18,0.34580536080396196,0.1464401252777486,1.355283015740738e-11,1.6640907388449337e-09,0.35651465387582904,6.684062207229579e-11,0.1512398582818812,4.785332406324704e-12,1.1309691302069881e-11,0.0
2012-04-19,0.34518457318351126,0.14556572087760977,1.3503372642470694e-11,1.6588784469061546e-09,0.3577955350507994,6.714205939289246e-11,0.15145416913250306,4.791346258557803e-12,1.1261218165227303e-11,0.0
2012-04-20,0.34384105077516935,0.1450993753834062,1.345640788920686e-11,1.655618636781889e-09,0.35911530986568097,6.737623548723629e-11,0.15194426222319926,4.794504506327824e-12,1.1298383596470746e-11,0.0
2012-04-23,0.34393161116757115,0.1457313270604198,1.3566961234783484e-11,1.6646990110794014e-09,0.35864527524703815,6.729312454250722e-11,0.15169178476332607,4.795204485791664e-12,1.1290306057039633e-11,0.0
2012-04-24,0.3424668600436686,0.14431609827861727,1.335101386398681e-11,1.639677571568364e-09,0.3608641798488103,6.806542309876998e-11,0.15235286009170024,4.805142709070019e-12,1.1304155776907003e-11,0.0
2012-04-25,0.343357479466789,0.14523679681533175,1.3441956301785837e-11,1.6412651565112709e-09,0.3595102437302284,6.750543657379895e-11,0.1518954782493206,4.810576076661741e-12,1.1306953484346935e-11,0.0
2012-04-26,0.3457150552852066,0.14650336666314975,1.3533519367712464e-11,1.6451024770939854e-09,0.35664872896211347,6.670733702866008e-11,0.15113284734812024,4.8130947432948735e-12,1.125338285886604e-11,0.0
2012-04-27,0.3462918076156284,0.14717261756783329,1.3542772416561625e-11,1.6465762725232694e-09,0.35595238471426593,6.675495546523902e-11,0.15058318835931436,4.7909190174578506e-12,1.1293032898786017e-11,0.0
2012-04-30,0.34606016065894984,0.14798278806642404,1.3566755753148152e-11,1.6451109794719185e-09,0.3555016863416315,6.66578177669023e-11,0.1504553631915897,4.777767999139772e-12,1.1291476429700104e-11,0.0
2012-05-01,0.34999999999889164,0.14999999996192337,0.0,0.0,0.22769025375423083,0.0,0.27230974624533466,3.352828972188097e-11,6.091136366546188e-12,0.0
2012-05-02,0.35168764953322507,0.14993863856664005,0.0,0.0,0.22696020637403336,0.0,0.2714135054865326,3.350719405865649e-11,6.061631106653226e-12,0.0
2012-05-03,0.35040131845009265,0.1502416225823127,0.0,0.0,0.22723745987472477,0.0,0.27211959905322597,3.3613657100304256e-11,6.03012306402763e-12,0.0
2012-05-04,0.3493511666132997,0.14881963922364727,0.0,0.0,0.2282756875095164,0.0,0.27355350661379124,3.3748224339660595e-11,5.997136323649591e-12,0.0
2012-05-07,0.34621808180739805,0.1470621243983042,0.0,0.0,0.2308591033103765,0.0,0.27586069044393363,3.3927635614369974e-11,6.0599608773842856e-12,0.0
2012-05-08,0.3461068610589561,0.14729774035285673,0.0,0.0,0.23055117799941527,0.0,0.2760442205487852,3.394794008759422e-11,6.03878973213132e-12,0.0
2012-05-09,0.3448124028509005,0.14724498789596052,0.0,0.0,0.23113671983375803,0.0,0.2768058893795078,3.3949745063278526e-11,5.923485291623434e-12,0.0
2012-05-10,0.3438532757002664,0.14687285372397996,0.0,0.0,0.23206578687362028,0.0,0.27720808366231187,3.393755793966622e-11,5.8839783318662445e-12,0.0
2012-05-11,0.34443469401390064,0.14737741388212772,0.0,0.0,0.23165228829641588,0.0,0.27653560376777503,3.388756085307058e-11,5.8932197291633875e-12,0.0
2012-05-14,0.34333336136780884,0.14697776936366888,0.0,0.0,0.2323734745023009,0.0,0.2773153947264081,3.396735030910784e-11,5.846069886404302e-12,0.0
2012-05-15,0.34112395960776665,0.145700141786672,0.0,0.0,0.2344917663153924,0.0,0.2786841322505065,3.387445680302412e-11,5.788123521253575e-12,0.0
2012-05-16,0.3400197667000395,0.14580441466271762,0.0,0.0,0.23514802799110607,0.0,0.27902779060660104,3.379405491014122e-11,5.741736694715423e-12,0.0
2012-05-17,0.339408884471013,0.14504847823308362,0.0,0.0,0.23580321493779016,0.0,0.27973942231883997,3.353061310769262e-11,5.7426672906327235e-12,0.0
2012-05-18,0.3375910489729415,0.1431217709385626,0.0,0.0,0.23896111650098237,0.0,0.2803260635482018,3.33843145425627e-11,5.927466087622421e-12,0.0
2012-05-21,0.33654631651063494,0.14255540564142477,0.0,0.0,0.24012137271540712,0.0,0.2807769050929365,3.3568304173866486e-11,6.028394587700302e-12,0.0
2012-05-22,0.3393335303398204,0.1446369598749419,0.0,0.0,0.23739799572866327,0.0,0.27863151401697506,3.3620063259524033e-11,5.979475680917658e-12,0.0
2012-05-23,0.3404477370645329,0.14398785545792203,0.0,0.0,0.2372524507859184,0.0,0.27831195665206976,3.3667961240426356e-11,5.889152065786584e-12,0.0
2012-05-24,0.33981033075167666,0.1445683083796546,0.0,0.0,0.23730340831709737,0.0,0.2783179525121613,3.355299068663047e-11,5.857244559613752e-12,0.0
2012-05-25,0.3403050447569872,0.14479713738881697,0.0,0.0,0.2366732276289544,0.0,0.27822459018585183,3.354349998182894e-11,5.846155984147301e-12,0.0
2012-05-29,0.3391380007806915,0.1446758120164635,0.0,0.0,0.23731545306624835,0.0,0.27887073409727153,3.3431093603112105e-11,5.8940984097679755e-12,0.0
2012-05-30,0.34105807004096667,0.14583715968581065,0.0,0.0,0.23560497193997346,0.0,0.27749979829387283,3.358359401909413e-11,5.7928585579836015e-12,0.0
2012-05-31,0.337887270594739,0.14379723613009648,0.0,0.0,0.23910707907578072,0.0,0.2792084141599163,3.3609696964310537e-11,5.857824349500607e-12,0.0
2012-06-01,0.35000000000087284,0.14999999999249097,0.0,0.0,0.22079158592691542,0.0,0.2792084140698603,6.853962435278968e-12,3.00639148407506e-12,0.0
2012-06-04,0.34453479519636504,0.14691383520728862,0.0,0.0,0.22487247340860156,0.0,0.28367889617773,6.861053101906271e-12,3.153616544670437e-12,0.0
2012-06-05,0.345738472439594,0.14715647698617354,0.0,0.0,0.22446273648647191,0.0,0.2826423140777041,6.893821547990384e-12,3.1624987119289388e-12,0.0
2012-06-06,0.34725730703036745,0.14858429527842612,0.0,0.0,0.2230131843541609,0.0,0.2811452133269808,6.915740698987837e-12,3.1489125112388957e-12,0.0
2012-06-07,0.3518290110105638,0.15086389527718289,0.0,0.0,0.2195355087296661,0.0,0.27777158497253956,6.9259965722271135e-12,3.121650713503388e-12,0.0
2012-06-08,0.35192533564620526,0.14982724744010043,0.0,0.0,0.2199928196978304,0.0,0.2782545972058475,6.949655268122096e-12,3.0668201101358763e-12,0.0
2012-06-11,0.35259929791750877,0.15094999187584188,0.0,0.0,0.21883758446184604,0.0,0.2776131257348159,6.934618416995656e-12,3.0529915548830115e-12,0.0
2012-06-12,0.35067192529875113,0.14869713629905545,0.0,0.0,0.22103259825185578,0.0,0.27959834014031015,6.93972782251116e-12,3.0878738552872808e-12,0.0
2012-06-13,0.35332149130619306,0.1499880334264241,0.0,0.0,0.21899285623043802,0.0,0.27769761902688594,6.9613706093863656e-12,3.0976390889764855e-12,0.0
2012-06-14,0.35170469996607934,0.14852778551646004,0.0,0.0,0.22055525879388946,0.0,0.2792122557135012,6.953678127176801e-12,3.1163999607532223e-12,0.0
2012-06-15,0.3538416507933595,0.14955059165018803,0.0,0.0,0.21897940537295923,0.0,0.27762835217340437,6.974186632582613e-12,3.1148877624727953e-12,0.0
2012-06-18,0.35470096468327666,0.15038247927802065,0.0,0.0,0.2182955486410092,0.0,0.2766210073876682,6.932772515990991e-12,3.0926038312642943e-12,0.0
2012-06-19,0.35514551189015,0.15045489809758017,0.0,0.0,0.2180860216504781,0.0,0.27631356835176923,6.930358533723635e-12,3.0922525916416285e-12,0.0
2012-06-20,0.3567830159236072,0.15229535481786163,0.0,0.0,0.2162521029061192,0.0,0.274669526342406,6.944250871281504e-12,3.061749131086787e-12,0.0
2012-06-21,0.3566088428644769,0.15223556323793078,0.0,0.0,0.21605653675462624,0.0,0.27509905713294497,6.9791854568180205e-12,3.0420147277047834e-12,0.0
2012-06-22,0.3524199298618318,0.15015754432599226,0.0,0.0,0.21888571327664597,0.0,0.278536812525535,6.997701967693716e-12,2.9974041540401905e-12,0.0
2012-06-25,0.3539828404810536,0.15137022276884343,0.0,0.0,0.21722700830624336,0.0,0.2774199284338374,7.022522112399882e-12,2.9998712731560724e-12,0.0
2012-06-26,0.3504573005903993,0.14992646333758133,0.0,0.0,0.21976680724179348,0.0,0.27984942882013064,7.054904962240795e-12,3.040540090893569e-12,0.0
2012-06-27,0.35146395611080017,0.15019065642235593,0.0,0.0,0.21880947810590476,0.0,0.27953590935089817,7.029631490739515e-12,3.011531804718895e-12,0.0
2012-06-28,0.35241336134481954,0.1516792822207173,0.0,0.0,0.21774216295344367,0.0,0.2781651934709952,7.0275952672047236e-12,2.9968000814936473e-12,0.0
2012-06-29,0.35145288655490103,0.15144423389785852,0.0,0.0,0.2184755024657853,0.0,0.2786273770714653,7.027718054743894e-12,2.9622780164915716e-12,0.0
2012-07-02,0.34999999999899645,0.1499999999936675,0.0,0.0,0.3499999999937112,5.512137952719516e-12,0.15000000000295477,0.0,5.15814771723515e-12,0.0
2012-07-03,0.34923525241569403,0.15094825016424154,0.0,0.0,0.34980169813606576,5.540152799817937e-12,0.15001479927333064,0.0,5.128111382849037e-12,0.0
2012-07-05,0.35030218462266766,0.15238023792094887,0.0,0.0,0.3477032101138111,5.478254999313152e-12,0.14961436733190622,0.0,5.1881791120775204e-12,0.0
2012-07-06,0.3488731890989129,0.15227816456058657,0.0,0.0,0.3487883352804519,5.5086390311837875e-12,0.15006031104940848,0.0,5.131757978688803e-12,0.0
2012-07-09,0.34674090753290765,0.15109220922792313,0.0,0.0,0.3512106655595093,5.578869783410028e-12,0.15095621766899717,0.0,5.084169369649851e-12,0.0
2012-07-10,0.34628699517038064,0.15050236728909755,0.0,0.0,0.3521608840250692,5.627740038290545e-12,0.15104975350473046,0.0,5.094806307494719e-12,0.0
2012-07-11,0.34484185254378497,0.14951525980756925,0.0,0.0,0.35393861776433916,5.665022858349956e-12,0.15170426987358665,0.0,5.05537782449797e-12,0.0
2012-07-12,0.34507484876662053,0.14908479844892097,0.0,0.0,0.3538002044010167,5.675065185280576e-12,0.1520401483726811,0.0,5.085965322561309e-12,0.0
2012-07-13,0.3436093166010205,0.1486650558615471,0.0,0.0,0.3548254804773318,5.718660233039329e-12,0.1529001470493066,0.0,5.075717056484481e-12,0.0
2012-07-16,0.3468172894381368,0.14941254971961776,0.0,0.0,0.3519382274695221,5.661901439863604e-12,0.1518319333619721,0.0,5.089749127413563e-12,0.0
2012-07-17,0.346076961651005,0.14884639137904204,0.0,0.0,0.35279125680916584,5.6894720847434275e-12,0.15228539015000472,0.0,5.093196367506816e-12,0.0
2012-07-18,0.3477588918304937,0.14907314517373366,0.0,0.0,0.351186151293188,5.63349822968354e-12,0.15198181169189273,0.0,5.058651231936592e-12,0.0
2012-07-19,0.3487013438252438,0.14929009349548675,0.0,0.0,0.34990141220271087,5.610282086051405e-12,0.15210715046592735,0.0,5.021288657792782e-12,0.0
2012-07-20,0.3495578057412862,0.14876329319606765,0.0,0.0,0.3493313632454173,5.5949991498415156e-12,0.15234753780660298,0.0,5.031291631353692e-12,0.0
2012-07-23,0.3476127237798216,0.1473965251435202,0.0,0.0,0.3519781427340069,5.683843501739207e-12,0.15301260833190877,0.0,5.059035937855448e-12,0.0
2012-07-24,0.34609920638635894,0.14588727864324108,0.0,0.0,0.3546080621990805,5.748993322133814e-12,0.1534054527605036,0.0,5.067271188066373e-12,0.0
2012-07-25,0.3444936941870692,0.14454473345013735,0.0,0.0,0.35670214707491593,5.817344595563612e-12,0.1542594252769568,0.0,5.103740383955463e-12,0.0
2012-07-26,0.3442654801161987,0.14473684729559366,0.0,0.0,0.3565807307541882,5.8271792047197845e-12,0.154416941823022,0.0,5.170627858070515e-12,0.0
2012-07-27,0.3478361234213975,0.14510073202852392,0.0,0.0,0.35333518945548054,5.7390323922739746e-12,0.1537279550836836,0.0,5.175786143822682e-12,0.0
2012-07-30,0.3519305012917113,0.14757490188683337,0.0,0.0,0.3484920869490734,5.593951899877077e-12,0.15200250986162128,0.0,5.1671870674116565e-12,0.0
2012-07-31,0.35157516998411315,0.1469240677199354,0.0,0.0,0.3492606266789719,5.630057764616089e-12,0.15224013560619154,0.0,5.158365658176866e-12,0.0
2012-08-01,0.3499999999780478,0.15000000000202965,0.0,0.0,0.349999999931409,1.1854396957348842e-10,0.1499999999619509,8.018619777640132e-12,0.0,0.0
2012-08-02,0.35117648930360074,0.14815537980008225,0.0,0.0,0.35020070755496396,1.1845113962825617e-10,0.15046742321480558,8.096301357968159e-12,0.0,0.0
2012-08-03,0.3494596400286909,0.14791668286648144,0.0,0.0,0.3517510379989617,1.1936425528563583e-10,0.1508726389784217,8.079995077830325e-12,0.0,0.0
2012-08-06,0.3534728306281944,0.15020243001697062,0.0,0.0,0.3470463229902011,1.1647660878138092e-10,0.14927841624011007,8.04720548322809e-12,0.0,0.0
2012-08-07,0.35335468429230504,0.15102474570242722,0.0,0.0,0.3464829994946973,1.1625812604466687e-10,0.14913757038628853,8.023693882354645e-12,0.0,0.0
2012-08-08,0.35493274392255536,0.1523142325977261,0.0,0.0,0.34447473149677804,1.1469976753645239e-10,0.14827829186023705,8.003575109433879e-12,0.0,0.0
2012-08-09,0.35561067411021585,0.15219170379270658,0.0,0.0,0.3442359160598751,1.1416867572960435e-10,0.14796170591501928,8.014415544323603e-12,0.0,0.0
2012-08-10,0.3556748186442451,0.1528132924889829,0.0,0.0,0.34374864555330054,1.1400975400059613e-10,0.14776324319145168,8.009886068662777e-12,0.0,0.0
2012-08-13,0.3557378549499901,0.1520580441487482,0.0,0.0,0.34423677563829064,1.1441727040030094e-10,0.14796732514056235,7.991240384081361e-12,0.0,0.0
2012-08-14,0.35590119010081805,0.151955923282283,0.0,0.0,0.34434252158114725,1.1433539147746329e-10,0.14780036491341286,8.00325371498482e-12,0.0,0.0
2012-08-15,0.3569042930092841,0.1519997244639286,0.0,0.0,0.3435683668831474,1.130882732291469e-10,0.1475276155225145,8.036946740920982e-12,0.0,0.0
2012-08-16,0.3575523916630571,0.153440561914072,0.0,0.0,0.34207282236715464,1.1157433455100226e-10,0.14693422393613792,8.003790974169944e-12,0.0,0.0
2012-08-17,0.3591214678683955,0.15458539269476748,0.0,0.0,0.3402272530091486,1.1029526358621514e-10,0.14606588630938322,8.009779586517748e-12,0.0,0.0
2012-08-20,0.3588200397516985,0.1553328812975743,0.0,0.0,0.3399016476547935,1.105920427514765e-10,0.145945431177349,7.99236249217743e-12,0.0,0.0
2012-08-21,0.3587445996220383,0.15494720785464744,0.0,0.0,0.33999730661604943,1.1078831804023038e-10,0.1463108857884766,7.999725844667753e-12,0.0,0.0
2012-08-22,0.35789132104347315,0.15495240219521417,0.0,0.0,0.3405040762311651,1.1135130819643689e-10,0.1466522004107737,8.022369235455198e-12,0.0,0.0
2012-08-23,0.35701007805266083,0.15376596933061293,0.0,0.0,0.3421590938494856,1.1286268267080494e-10,0.14706485864638624,7.991403195638964e-12,0.0,0.0
2012-08-24,0.3552577426920173,0.15318862870088026,0.0,0.0,0.3438927821712534,1.1370816678553365e-10,0.14766084631412468,8.016009223178872e-12,0.0,0.0
2012-08-27,0.3564896483897845,0.15321395518112166,0.0,0.0,0.3428537597461197,1.1330819240106457e-10,0.1474426365616345,8.031215237714732e-12,0.0,0.0
2012-08-28,0.3559935390718527,0.153423061435528,0.0,0.0,0.34319279899272254,1.1378817930066166e-10,0.14739060037809612,8.012253052690806e-12,0.0,0.0
2012-08-29,0.35539816305567773,0.15401861008858764,0.0,0.0,0.3430849399649654,1.1398199855426964e-10,0.14749828676878723,7.999816234731266e-12,0.0,0.0
2012-08-30,0.35559607939056953,0.1544578112640855,0.0,0.0,0.34278707615636,1.1345890321301976e-10,0.14715903306751657,8.009348867227194e-12,0.0,0.0
2012-08-31,0.35424199463183753,0.15344831523974573,0.0,0.0,0.3445975415274358,1.144380394489339e-10,0.14771214847850947,8.033286235302253e-12,0.0,0.0
2012-09-04,0.3500000000011391,0.14999999998267013,0.0,0.0,0.12243753193245782,0.02756246802941614,0.34999999996834463,5.0557835316758064e-11,0.0,3.541416001846583e-11
2012-09-05,0.3495472648680664,0.15177410920941745,0.0,0.0,0.12211199399730062,0.027524502753487685,0.34904212908553955,5.053789317715628e-11,0.0,3.565030593218245e-11
2012-09-06,0.3493511634138203,0.15185507524508285,0.0,0.0,0.12210244504946119,0.027402754277281255,0.34928856192819935,5.0558060233276735e-11,0.0,3.5596964370702805e-11
2012-09-07,0.3539451410150209,0.1535637974940701,0.0,0.0,0.1204205194668136,0.026757733299059203,0.3453128086388733,5.0499135063309733e-11,0.0,3.566379564234654e-11
2012-09-10,0.35416555589353943,0.15419793149742775,0.0,0.0,0.1201839371788413,0.026546356650104238,0.34490621869408644,5.042173099130499e-11,0.0,3.557905947514567e-11
2012-09-11,0.3530771798624493,0.15390523648304216,0.0,0.0,0.12055493221859565,0.026680390171072856,0.3457822611789746,5.047207878856585e-11,0.0,3.539331127145018e-11
2012-09-12,0.3536327088267695,0.15404879382737172,0.0,0.0,0.12018614639841703,0.026480908407344957,0.3456514424538864,5.0754741300573746e-11,0.0,3.545563830039081e-11
2012-09-13,0.3546862120806316,0.15478180701677888,0.0,0.0,0.11955263502096082,0.026141536630555767,0.34483780916466683,5.0889457949354434e-11,0.0,3.551666885797388e-11
2012-09-14,0.35669366865628144,0.15533593250375755,0.0,0.0,0.11876723064034538,0.025793058849040842,0.3434101092642274,5.0733637930859115e-11,0.0,3.5613917102034047e-11
2012-09-17,0.35856951461350484,0.15691650708772314,0.0,0.0,0.1177486970456865,0.02512816243898152,0.341637118727493,5.076985505470265e-11,0.0,3.584124353672113e-11
2012-09-18,0.3574337184899178,0.15622587470062257,0.0,0.0,0.11801894554748141,0.025435616339586596,0.34288584483590834,5.07382480816769e-11,0.0,3.574519198862935e-11
2012-09-19,0.35689818123943884,0.1556111635994179,0.0,0.0,0.11823674528105184,0.0255457023316189,0.3437082074623651,5.072533705509887e-11,0.0,3.5382183128224516e-11
2012-09-20,0.3567589319954413,0.15519347980619608,0.0,0.0,0.11840191799845537,0.025689346421599587,0.3439563236925435,5.0613048638195565e-11,0.0,3.515127759987252e-11
2012-09-21,0.3570760254966861,0.15463105838659855,0.0,0.0,0.11856535962211992,0.025774127881662175,0.3439534285278575,5.041677494953177e-11,0.0,3.4659160290585796e-11
2012-09-24,0.35645452176306486,0.15498850657454688,0.0,0.0,0.1186620865806459,0.02576972341832289,0.34412516157852113,5.027988077555272e-11,0.0,3.461850921735164e-11
2012-09-25,0.35593982980590416,0.15449257847716105,0.0,0.0,0.11893450547853118,0.025972803221598718,0.3446602829320944,5.021834629309955e-11,0.0,3.4492251473324064e-11
2012-09-26,0.35378898525770897,0.15298005369832532,0.0,0.0,0.11993057316338027,0.026351268876966673,0.34694911891947566,5.000168554138774e-11,0.0,3.414152592662252e-11
2012-09-27,0.3522238428968495,0.15219409170003703,0.0,0.0,0.12057418439244155,0.02666663608787298,0.3483412448388095,4.9812138525508076e-11,0.0,3.4177357368883396e-11
2012-09-28,0.3540027569290053,0.15317540849430059,0.0,0.0,0.11979797696035914,0.026362177205202123,0.34666168032681954,5.0137038578418726e-11,0.0,3.417642426938063e-11
2012-10-01,0.34999999999915266,0.15000000000143304,0.0,0.0,1.1679572677095318e-12,1.1197291205722542e-13,0.20000000020169328,0.19999999979670025,0.0,0.09999999999974102
2012-10-02,0.35061375507181736,0.1503703873581163,0.0,0.0,1.1690907660227064e-12,1.1228908741427138e-13,0.2003565960207851,0.19948580191941295,0.0,0.09917345962858709
2012-10-03,0.35028732888366687,0.15036130297266695,0.0,0.0,1.1660388437434414e-12,1.1191504749665915e-13,0.20002819619802667,0.19959273275685097,0.0,0.09973043918751066
2012-10-04,0.3510749230407238,0.1496571053716297,0.0,0.0,1.1650878579395958e-12,1.1174652438111136e-13,0.19979381611558675,0.1997268310917798,0.0,0.09974732437900315
2012-10-05,0.35211699578549677,0.15004871966478156,0.0,0.0,1.155634271335316e-12,1.0989284855800455e-13,0.1987974626548551,0.19973593653645216,0.0,0.09930088535714901
2012-10-08,0.3522997681326246,0.14993800073108363,0.0,0.0,1.150913957889407e-12,1.085180514671981e-13,0.19857651674491655,0.1997180170327493,0.0,0.0994676973573666
2012-10-09,0.35184095759699735,0.14931005415386875,0.0,0.0,1.1571127610447664e-12,1.0966439736658417e-13,0.1995226812788865,0.19986121946955226,0.0,0.09946508749942842
2012-10-10,0.35044612234999023,0.14844207191362185,0.0,0.0,1.1616625808883284e-12,1.1012176972869709e-13,0.20093039083759223,0.20049061634446108,0.0,0.09969079855306288
2012-10-11,0.3489731850899038,0.14853320206405515,0.0,0.0,1.1670172448429308e-12,1.1114134719601725e-13,0.2017337440842145,0.20044972793886676,0.0,0.1003101408216817
2012-10-12,0.34832861022328626,0.14871511818326943,0.0,0.0,1.1652898390520175e-12,1.1164159807945634e-13,0.2019076100792126,0.20105653555905448,0.0,0.09999212595390053
2012-10-15,0.34792461331233,0.14782477993326307,0.0,0.0,1.1678733355674836e-12,1.121593459901493e-13,0.20256773024818453,0.20183280514908392,0.0,0.09985007135585874
2012-10-16,0.34870332906339874,0.14789844857724396,0.0,0.0,1.161142138509747e-12,1.1123010219604528e-13,0.2019675844622365,0.20152477167450408,0.0,0.09990586622134469
2012-10-17,0.35019015296780914,0.14812445820531733,0.0,0.0,1.1489540468915061e-12,1.0905504985046345e-13,0.2006637930544736,0.2010868579044958,0.0,0.09993473786664646
2012-10-18,0.3508275901030558,0.14905505224829776,0.0,0.0,1.1386105122738148e-12,1.0775277556961478e-13,0.1997310938689265,0.20099501660246047,0.0,0.09939124717601333
2012-10-19,0.35033325835466644,0.14841565331797246,0.0,0.0,1.137945371584818e-12,1.0722079214596839e-13,0.19959491716860764,0.20112720165916068,0.0,0.10052896949834782
2012-10-22,0.34809129262016003,0.1469311365738545,0.0,0.0,1.154668358796257e-12,1.0981023914347874e-13,0.202040292332023,0.20220430121788915,0.0,0.10073297725480901
2012-10-23,0.3484631932770382,0.1470316730545185,0.0,0.0,1.1518619043110797e-12,1.0920809150882666e-13,0.20175047299627058,0.20243576306730457,0.0,0.1003188976036073
2012-10-24,0.34605138670278834,0.1473268580462342,0.0,0.0,1.1655213449776247e-12,1.1155131148260799e-13,0.20352166415111367,0.20309609996151912,0.0,0.10000399113706779
2012-10-25,0.3458256645283662,0.14724935465806513,0.0,0.0,1.1655622811941122e-12,1.1069213243534394e-13,0.20341714243699738,0.20336330434178876,0.0,0.1001445340335064
2012-10-26,0.34645948854335323,0.14768942187319914,0.0,0.0,1.1600762623159225e-12,1.100091651177307e-13,0.20261823875572169,0.20347479552062242,0.0,0.09975805530583368
2012-10-31,0.34669953200573633,0.14716800152661164,0.0,0.0,1.168934193231252e-12,1.1176996134490633e-13,0.20387079353818413,0.20324762640698843,0.0,0.099014046521199
2012-11-01,0.34999999999223397,0.15000000001973174,0.0,0.0,0.19612920635058995,0.0,0.2038707935358344,1.1759373739450592e-10,0.0,0.09999999998401637
2012-11-02,0.3521013046373282,0.15091022420252054,0.0,0.0,0.19487249643314453,0.0,0.20207861144209435,1.1701073302496438e-10,0.0,0.10003736316790178
2012-11-05,0.3507511832580426,0.14928991850017212,0.0,0.0,0.1960308539802901,0.0,0.20271182934115656,1.1744260532047767e-10,0.0,0.10121621480289612
2012-11-06,0.35090251503173114,0.15004039382652104,0.0,0.0,0.1961873587552991,0.0,0.20248413412934646,1.1706283645032513e-10,0.0,0.1003855981400395
2012-11-07,0.35279044602712056,0.15079340126134191,0.0,0.0,0.1948224396521291,0.0,0.20101822903378042,1.1695590120094702e-10,0.0,0.10057548390867233
2012-11-08,0.3482993637495044,0.148625985799981,0.0,0.0,0.19845196787551414,0.0,0.20347853066039465,1.1744136835183967e-10,0.0,0.10114415179716471
2012-11-09,0.346468357776803,0.14753937484505542,0.0,0.0,0.2006969822618067,0.0,0.2046706200306888,1.1785966016992033e-10,0.0,0.10062466496778659
2012-11-12,0.3468164241286014,0.14787600078298804,0.0,0.0,0.20074263888974783,0.0,0.2041943633376382,1.1766957207883567e-10,0.0,0.10037057274335512
2012-11-13,0.3471708334047134,0.14748084262440883,0.0,0.0,0.2009171725085288,0.0,0.20427415656628523,1.1773478929981826e-10,0.0,0.10015699477832911
2012-11-14,0.3465892058547202,0.14690655948250972,0.0,0.0,0.201519404141061,0.0,0.2047262334289143,1.1767591946261824e-10,0.0,0.10025859697511902
2012-11-15,0.34494786410593437,0.145462081050939,0.0,0.0,0.20336565119896974,0.0,0.20696956269913577,1.1807051888513613e-10,0.0,0.09925484082695078
2012-11-16,0.34515798431672706,0.1450422979035574,0.0,0.0,0.203740787096733,0.0,0.20703806579808687,1.182904892089629e-10,0.0,0.09902086476660533
2012-11-19,0.34557745227920916,0.1457086967371641,0.0,0.0,0.20311666310272222,0.0,0.20633901747859215,1.1819030328585416e-10,0.0,0.0992581702841223
2012-11-20,0.34855024202034895,0.14709584196756906,0.0,0.0,0.20039492538987985,0.0,0.20462280145012765,1.183200166519192e-10,0.0,0.0993361890537548
2012-11-21,0.348811115466524,0.1474027866970845,0.0,0.0,0.19962931256928576,0.0,0.20405027393426808,1.1837033243079604e-10,0.0,0.10010651121446755
2012-11-23,0.34907323009298824,0.14801866195861904,0.0,0.0,0.19911229744238496,0.0,0.203973625347907,1.1819989446237987e-10,0.0,0.09982218503990099
2012-11-26,0.35139237776715104,0.1484567326054551,0.0,0.0,0.19763130724569014,0.0,0.2026519525512522,1.1778103603607785e-10,0.0,0.0998676297126705
2012-11-27,0.3504368969030327,0.14884731041770285,0.0,0.0,0.19784188322942028,0.0,0.2028633877234046,1.1773615069659453e-10,0.0,0.10001052160870337
2012-11-28,0.34933309843908333,0.14895508211682168,0.0,0.0,0.19868815304439724,0.0,0.20337879675268486,1.1808246585732795e-10,0.0,0.09964486952893034
2012-11-29,0.3506848255124505,0.14958799656945448,0.0,0.0,0.1981188647160513,0.0,0.20250135905672112,1.1761787341094093e-10,0.0,0.0991069540277046
2012-11-30,0.350833039170824,0.15065988240078004,0.0,0.0,0.1974817070946988,0.0,0.20179494548924307,1.1764032909104883e-10,0.0,0.09923042572681362
2012-12-03,0.34999999999444054,0.14999999999057706,0.0,0.0,0.0,0.0,0.34999999998740366,0.14999999979381243,0.0,2.3376634755913744e-10
2012-12-04,0.34853430520231704,0.14994652517246113,0.0,0.0,0.0,0.0,0.3506474011559524,0.15087176823438267,0.0,2.3488681468112925e-10
2012-12-05,0.3480392155085213,0.1501283568199249,0.0,0.0,0.0,0.0,0.3509616635959513,0.15087076384035297,0.0,2.352495778042922e-10
2012-12-06,0.34816919911251365,0.14973658217333313,0.0,0.0,0.0,0.0,0.35119072129953915,0.15090349718042007,0.0,2.3419407753456856e-10
2012-12-07,0.34877968532112263,0.14972901147931922,0.0,0.0,0.0,0.0,0.3505595846729648,0.1509317182906025,0.0,2.359908778205952e-10
2012-12-10,0.34979843944319444,0.14982223539990322,0.0,0.0,0.0,0.0,0.3496901452348952,0.15068917968516995,0.0,2.368371295598958e-10
2012-12-11,0.3495094839362275,0.1502909546201108,0.0,0.0,0.0,0.0,0.3495691073885737,0.15063045381865472,0.0,2.364330967836952e-10
2012-12-12,0.3508994193975057,0.1514479174471113,0.0,0.0,0.0,0.0,0.3473009767310077,0.1503516861880284,0.0,2.3634674007069553e-10
2012-12-13,0.3515233319421476,0.15078877604447805,0.0,0.0,0.0,0.0,0.346690792379625,0.15099709939774947,0.0,2.359997278051832e-10
2012-12-14,0.3508394905777933,0.15045633625653487,0.0,0.0,0.0,0.0,0.3476053351378715,0.15109883779262487,0.0,2.351752909892289e-10
2012-12-17,0.3499730602613707,0.15055313515144111,0.0,0.0,0.0,0.0,0.3482993706298118,0.15117443372194303,0.0,2.3543312738013787e-10
2012-12-18,0.35208085413739915,0.1518089884904841,0.0,0.0,0.0,0.0,0.34521158687168596,0.1508985702650996,0.0,2.353309745923252e-10
2012-12-19,0.35415284886735243,0.15308300862237234,0.0,0.0,0.0,0.0,0.34256803481172154,0.1501961074620295,0.0,2.365239758455877e-10
2012-12-20,0.35191363769979506,0.153595160622261,0.0,0.0,0.0,0.0,0.3442880903838758,0.15020311105760484,0.0,2.364631132376047e-10
2012-12-21,0.35264631915454464,0.1537986929007193,0.0,0.0,0.0,0.0,0.34337231583575356,0.1501826718702921,0.0,2.386902892722153e-10
2012-12-24,0.35073383925152657,0.15372680976566452,0.0,0.0,0.0,0.0,0.3452363484786605,0.15030300226497453,0.0,2.391737091806478e-10
2012-12-26,0.35056556770302955,0.15337734942466094,0.0,0.0,0.0,0.0,0.3459089852612817,0.15014809737091145,0.0,2.401162168414052e-10
2012-12-27,0.3496891266137114,0.1525412456341565,0.0,0.0,0.0,0.0,0.34699815555682323,0.15077147195591548,0.0,2.3939328515868415e-10
2012-12-28,0.3489245742435907,0.15230204358242078,0.0,0.0,0.0,0.0,0.3478219058548077,0.15095147607911125,0.0,2.40069532903151e-10
2012-12-31,0.34670791112597216,0.15190200463887935,0.0,0.0,0.0,0.0,0.3501655965236565,0.15122448747192338,0.0,2.395685983672976e-10
2013-01-02,0.34999999998438774,0.0,0.14999999993412724,0.0,0.0,0.0,0.3499999999857582,0.14999999998488633,0.0,1.1084043353106554e-10
2013-01-03,0.35418326331242056,0.0,0.1502900799428653,0.0,0.0,0.0,0.34613187773252263,0.14939477890146635,0.0,1.1072509220168742e-10
2013-01-04,0.3550167009551087,0.0,0.14952044787821556,0.0,0.0,0.0,0.34583934071197636,0.14962351034347907,0.0,1.1122025212417825e-10
2013-01-07,0.3557785349476416,0.0,0.14994282200259754,0.0,0.0,0.0,0.34489422552842175,0.14938441740985092,0.0,1.1148805460946265e-10
2013-01-08,0.35513480102737865,0.0,0.14942881467194927,0.0,0.0,0.0,0.3457863976726541,0.14964998651617634,0.0,1.1184143270585523e-10
2013-01-09,0.3546997788433504,0.0,0.14883930800493084,0.0,0.0,0.0,0.34667465957242577,0.1497862534674832,0.0,1.1180957620202776e-10
2013-01-10,0.354950803681485,0.0,0.14932426311640998,0.0,0.0,0.0,0.34592625235669366,0.14979868073348923,0.0,1.1192183855491661e-10
2013-01-11,0.3559380601669929,0.0,0.15045487150075734,0.0,0.0,0.0,0.344323310984854,0.14928375723593135,0.0,1.114640890132644e-10
2013-01-14,0.35549341380295363,0.0,0.15058840474444848,0.0,0.0,0.0,0.3445422496531149,0.14937593168821672,0.0,1.1126609076590758e-10
2013-01-15,0.3555888504723745,0.0,0.15091317150543085,0.0,0.0,0.0,0.34418584339833813,0.14931213451216957,0.0,1.1168679075762938e-10
2013-01-16,0.35591796572485,0.0,0.15071631280210374,0.0,0.0,0.0,0.3439853950619018,0.14938032629889939,0.0,1.1224490787964823e-10
2013-01-17,0.35623612545915445,0.0,0.15014348099579908,0.0,0.0,0.0,0.3443397452358117,0.1492806481970069,0.0,1.1222772393773305e-10
2013-01-18,0.35730012433909486,0.0,0.1508432160648387,0.0,0.0,0.0,0.34255447383274235,0.14930218565113615,0.0,1.1218786284643003e-10
2013-01-22,0.3576719460129904,0.0,0.15050904604098783,0.0,0.0,0.0,0.3424888102300907,0.14933019760339697,0.0,1.125340856250469e-10
2013-01-23,0.3588470939367326,0.0,0.15027092215261237,0.0,0.0,0.0,0.34177066113460586,0.1491113226631738,0.0,1.1287536558630745e-10
2013-01-24,0.3591823731885019,0.0,0.15001475071354223,0.0,0.0,0.0,0.3419650502569622,0.14883782572822732,0.0,1.1276633964859463e-10
2013-01-25,0.3590388289387602,0.0,0.15063687765803332,0.0,0.0,0.0,0.34125577636946575,0.1490685169208189,0.0,1.1292170970465048e-10
2013-01-28,0.3603217768385651,0.0,0.15195181932368154,0.0,0.0,0.0,0.3390084911494184,0.1487179125750023,0.0,1.1333270356432136e-10
2013-01-29,0.360445039855693,0.0,0.15143831783020692,0.0,0.0,0.0,0.33924799806251477,0.14886864413778167,0.0,1.1380367740956905e-10
2013-01-30,0.3613439899718702,0.0,0.15225127401449892,0.0,0.0,0.0,0.3380002546973894,0.14840448120227182,0.0,1.1396955851579014e-10
2013-01-31,0.3611772779936344,0.0,0.15293430127461807,0.0,0.0,0.0,0.33803919024033596,0.1478492303781354,0.0,1.1327607146372719e-10
2013-02-01,0.15000000001848357,0.0,0.3499999999523226,3.394477804001999e-12,2.0342976439828186e-12,0.0,0.34999999999945675,0.15000000000310634,0.0,2.1201985653204652e-11
2013-02-04,0.15095117135277555,0.0,0.3514110988802871,3.403393911591077e-12,2.019467275674871e-12,0.0,0.34772806790662547,0.14990966183364615,0.0,2.1242925497677255e-11
2013-02-05,0.15037856675505087,0.0,0.3476854770600936,3.3835746677392834e-12,2.0464309803125545e-12,0.0,0.35152727007269474,0.15040868608537775,0.0,2.1353053416327167e-11
2013-02-06,0.1514793113180475,0.0,0.3483328032830089,3.3781107413767064e-12,2.033501912986615e-12,0.0,0.3498544736977464,0.1503334116745411,0.0,2.1244588482012707e-11
2013-02-07,0.15147789891446328,0.0,0.3480167594553871,3.3717831057874998e-12,2.0381482624455446e-12,0.0,0.350508197990297,0.14999714361313946,0.0,2.1303483958372602e-11
2013-02-08,0.15176639273319362,0.0,0.3462836205688503,3.3526427255268148e-12,2.045697723769229e-12,0.0,0.351758812151472,0.15019117451980402,0.0,2.1281957123611142e-11
2013-02-11,0.15202611967996202,0.0,0.34715113858767255,3.3643456469154587e-12,2.039392753607229e-12,0.0,0.351174910479409,0.14964783122615682,0.0,2.139599110742852e-11
2013-02-12,0.15208396304661478,0.0,0.34699602482294667,3.3647587739683664e-12,2.0384615558096524e-12,0.0,0.35120167901158156,0.14971833309201446,0.0,2.143942989277153e-11
2013-02-13,0.15201012841866676,0.0,0.34797444939179606,3.3667850132498255e-12,2.0320116718172858e-12,0.0,0.35010180430670806,0.14991361785587556,0.0,2.155495342716292e-11
2013-02-14,0.15208493411831547,0.0,0.34867719995182034,3.3824119266474613e-12,2.024190240621516e-12,0.0,0.3491537205756512,0.15008414532727193,0.0,2.153475229957219e-11
2013-02-15,0.1523544913895869,0.0,0.34707806143247283,3.3837588374598032e-12,2.0345389168631307e-12,0.0,0.3504198142538841,0.15014763289717495,0.0,2.1463156676564593e-11
2013-02-19,0.15235717874537355,0.0,0.34660515291066396,3.3755475999502467e-12,2.0350635257459093e-12,0.0,0.35069366821426246,0.15034400010279145,0.0,2.149824949493281e-11
2013-02-20,0.15269108375641688,0.0,0.3488521499250415,3.364647428096641e-12,2.0211062921572683e-12,0.0,0.348759980412101,0.1496967858795001,0.0,2.1554951649465922e-11
2013-02-21,0.15152830993345276,0.0,0.3471253838049092,3.3512490571458143e-12,2.0354411357863838e-12,0.0,0.351059546617953,0.15028675961677745,0.0,2.152109779169378e-11
2013-02-22,0.15142781835884145,0.0,0.34377063326213997,3.323238890789625e-12,2.0505836369748284e-12,0.0,0.3535339421559829,0.1512676061961861,0.0,2.147611192575521e-11
2013-02-25,0.15183921839343759,0.0,0.3462825175204763,3.3145688166247493e-12,2.0387448364824893e-12,0.0,0.3512982795502351,0.15057998450895818,0.0,2.1539856005104792e-11
2013-02-26,0.15038810214273787,0.0,0.3412564729723493,3.3017173157490102e-12,2.074282864380566e-12,0.0,0.35679214246980817,0.1515632823883942,0.0,2.1334805575322305e-11
2013-02-27,0.15080221704126257,0.0,0.3426081521499412,3.3067796064828164e-12,2.0620014434544357e-12,0.0,0.35489939746155774,0.15169023332047554,0.0,2.139454513198359e-11
2013-02-28,0.15173306216866306,0.0,0.3447522915195967,3.3217614472541568e-12,2.047959153030709e-12,0.0,0.3525302159033519,0.15098443038160533,0.0,2.141359609216376e-11
2013-03-01,0.1500000001798812,2.7882278070208135e-12,0.3499999997585149,0.0,0.0,0.0,0.14999999897075883,0.34999999989180985,0.0,1.196247030277731e-09
2013-03-04,0.1503725475031615,2.7985897895248497e-12,0.34899527463889735,0.0,0.0,0.0,0.15022071192740305,0.35041146472848345,0.0,1.1992560051110175e-09
2013-03-05,0.15083727528746457,2.7997431020459393e-12,0.34971793331196355,0.0,0.0,0.0,0.14977469798225512,0.3496700922099503,0.0,1.205566654426098e-09
2013-03-06,0.1513882464174708,2.8174140878913026e-12,0.3513367093773974,0.0,0.0,0.0,0.14873902528312483,0.34853601771051995,0.0,1.208669580029227e-09
2013-03-07,0.15152712398569274,2.8234958490662176e-12,0.3520747921254473,0.0,0.0,0.0,0.14823904367139215,0.3481590390101146,0.0,1.2045297878134505e-09
2013-03-08,0.15160101373216375,2.8331855286220965e-12,0.3526209994318585,0.0,0.0,0.0,0.14756045901643067,0.34821752661943284,0.0,1.1972811957505257e-09
2013-03-11,0.15204872513458503,2.8556883659676318e-12,0.35293324821983824,0.0,0.0,0.0,0.1468484109594652,0.3481696144854844,0.0,1.1977715089674127e-09
2013-03-12,0.15239346190111205,2.850429804762132e-12,0.35346450856786377,0.0,0.0,0.0,0.14672375216969918,0.3474182761615003,0.0,1.196974420484703e-09
2013-03-13,0.15235240746188997,2.8502760620207458e-12,0.3523795795954524,0.0,0.0,0.0,0.14731072302946077,0.34795728871545734,0.0,1.194889346775957e-09
2013-03-14,0.1526260877484985,2.862037993013374e-12,0.3519788430468958,0.0,0.0,0.0,0.14723087897084297,0.3481641890343557,0.0,1.1965451111462441e-09
2013-03-15,0.15257539997975864,2.874438023376639e-12,0.3534294695273457,0.0,0.0,0.0,0.14646410158806122,0.34753102770465066,0.0,1.1973093709458235e-09
2013-03-18,0.15227214612490633,2.87100254220398e-12,0.35390278157063226,0.0,0.0,0.0,0.14656312455237444,0.3472619465499827,0.0,1.1992333855757947e-09
2013-03-19,0.15208755804835233,2.867610426406005e-12,0.3515169013252065,0.0,0.0,0.0,0.14755578901031283,0.34883975041550264,0.0,1.1977581339403703e-09
2013-03-20,0.1520027176480715,2.860489267749982e-12,0.351068413001919,0.0,0.0,0.0,0.14806429434082666,0.34886457381226926,0.0,1.1940532568433343e-09
2013-03-21,0.15246719920331211,2.875746531478085e-12,0.35183110919958854,0.0,0.0,0.0,0.14705519567471143,0.3486464947263645,0.0,1.1931478255165686e-09
2013-03-22,0.1519214099771923,2.8648100100514446e-12,0.35037718085474007,0.0,0.0,0.0,0.1479399784050347,0.3497614295646491,0.0,1.19551923059377e-09
2013-03-25,0.15253014434617188,2.8621844627142486e-12,0.35200219005434513,0.0,0.0,0.0,0.14736150205461376,0.34810616234499797,0.0,1.1970092901610642e-09
2013-03-26,0.1527394833919509,2.879789293923547e-12,0.34955105672180076,0.0,0.0,0.0,0.14818270572082745,0.3495267529586882,0.0,1.2038531623548473e-09
2013-03-27,0.15332420764961946,2.877021084416396e-12,0.3503007493916567,0.0,0.0,0.0,0.1476678072255383,0.3487072345211001,0.0,1.2092087741019321e-09
2013-03-28,0.15359985542873045,2.8840289741623593e-12,0.3492053520491288,0.0,0.0,0.0,0.14845295449250298,0.3487418368131269,0.0,1.2136271201489362e-09
2013-04-01,0.15359985561317388,6.310992973839798e-12,0.346400144183691,0.0,0.0,0.0,0.15000000016511955,0.34999999985832964,0.0,1.733747915046617e-10
2013-04-02,0.15373573632657928,6.25637944952492e-12,0.3434215675703471,0.0,0.0,0.0,0.1505121160887419,0.35233057983333893,0.0,1.7473625989172446e-10
2013-04-03,0.15385687475534987,6.191771620946197e-12,0.3456486708741236,0.0,0.0,0.0,0.1498786228464786,0.3506158313432995,0.0,1.745565417860548e-10
2013-04-04,0.15270338922175083,6.111060879921507e-12,0.3448620610919354,0.0,0.0,0.0,0.1508830503812776,0.3515514991245193,0.0,1.7440563064395563e-10
2013-04-05,0.15265479274117882,6.136506403255911e-12,0.34640998849020693,0.0,0.0,0.0,0.15102778921224655,0.34990742937376135,0.0,1.7646969504041622e-10
2013-04-08,0.15219302946997385,6.133506555002965e-12,0.34533366432105844,0.0,0.0,0.0,0.15171477039523706,0.3507585356299083,0.0,1.776887378360686e-10
2013-04-09,0.1527810539891332,6.166486447324042e-12,0.34568521466035684,0.0,0.0,0.0,0.1514148473292812,0.3501188838364638,0.0,1.7859849639565602e-10
2013-04-10,0.15284681320480345,6.129945306243779e-12,0.3458694396362687,0.0,0.0,0.0,0.15110799004698727,0.3501757569277262,0.0,1.780844422736792e-10
2013-04-11,0.15353287429412163,6.193102325263554e-12,0.348318739133754,0.0,0.0,0.0,0.14955312902208212,0.3485952573660383,0.0,1.7781085057114447e-10
2013-04-12,0.15352525977317336,6.181113565839365e-12,0.34987927045764045,0.0,0.0,0.0,0.14915608090135318,0.34743938868339086,0.0,1.782610466065097e-10
2013-04-15,0.15320922901675693,6.1585487543630315e-12,0.34914948253168326,0.0,0.0,0.0,0.1499555868304358,0.3476857014361991,0.0,1.7876636137212853e-10
2013-04-16,0.15156557261243028,6.001889825650678e-12,0.3466325842579995,0.0,0.0,0.0,0.15191615870587735,0.3498856842403952,0.0,1.7729572363832674e-10
2013-04-17,0.1523867111245766,6.04956877992463e-12,0.34831189661607515,0.0,0.0,0.0,0.15024445354962002,0.3490569385251027,0.0,1.785757327675101e-10
2013-04-18,0.15164888046906075,6.003580672050807e-12,0.3444443001516527,0.0,0.0,0.0,0.15194689914199772,0.35195992005285076,0.0,1.784342848709223e-10
2013-04-19,0.15106656361078663,5.984759299282788e-12,0.3442240226723812,0.0,0.0,0.0,0.15245390039699896,0.352255513135251,0.0,1.785972568449702e-10
2013-04-22,0.15175581623505122,6.02878034036525e-12,0.3455624234148579,0.0,0.0,0.0,0.15205440937977766,0.35062735078367746,0.0,1.8060685590370804e-10
2013-04-23,0.15197306170439,6.0279806948799095e-12,0.34598546903330396,0.0,0.0,0.0,0.15164911481552457,0.35039235426093107,0.0,1.7982221099890455e-10
2013-04-24,0.1523163906179124,6.074714171679463e-12,0.34808647206667886,0.0,0.0,0.0,0.15063843077360686,0.3489587063563451,0.0,1.793817689693303e-10
2013-04-25,0.15183744491908996,6.083244001551997e-12,0.3497681049183665,0.0,0.0,0.0,0.1501312584977628,0.3482631914796068,0.0,1.7909034380428862e-10
2013-04-26,0.15194787023520945,6.102952764158289e-12,0.35044686006215653,0.0,0.0,0.0,0.14954807152806962,0.34805719799056506,0.0,1.7789619136461944e-10
2013-04-29,0.15165008956055046,6.069102704839724e-12,0.3506659973472819,0.0,0.0,0.0,0.15005876321419975,0.3476251496946136,0.0,1.7728501886177002e-10
2013-04-30,0.15173097710821273,6.075437310777543e-12,0.3529689473179263,0.0,0.0,0.0,0.149151943024058,0.34614813236602365,0.0,1.7770379142655304e-10
2013-05-01,0.15173097731960491,0.29614813187211575,0.052968947379398966,0.0,1.0664233582245491e-10,0.0,0.1491519433942744,0.3499999997991692,0.0,1.2879452192614243e-10
2013-05-02,0.15173992794811028,0.29154575127911353,0.05312139350382449,0.0,1.0794339075757598e-10,0.0,0.15114993008523026,0.35244299694687237,0.0,1.2890581075483743e-10
2013-05-03,0.15186331807450873,0.2936946968349543,0.05283793552486875,0.0,1.0703708701901987e-10,0.0,0.149880859827595,0.351723189502374,0.0,1.2866216947473682e-10
2013-05-06,0.15248582493701102,0.2965700490403151,0.05319373989321161,0.0,1.0548949774517626e-10,0.0,0.14758364530606502,0.3501667405895048,0.0,1.2840305107696507e-10
2013-05-07,0.1525036726747457,0.29775768211457315,0.052997298718941994,0.0,1.0509822622832743e-10,0.0,0.1472025702599047,0.3495387759979817,0.0,1.287545880620251e-10
2013-05-08,0.15282906494505075,0.2993162292879241,0.0529270894464433,0.0,1.046457184013416e-10,0.0,0.14666363044694405,0.34826398563990285,0.0,1.2908931805428486e-10
2013-05-09,0.15299020778378092,0.299142998422331,0.05329922095873452,0.0,1.0440723002376209e-10,0.0,0.14628597237638463,0.3482816002256543,0.0,1.2870750328256598e-10
2013-05-10,0.15306376390518855,0.2991051355785114,0.05295954715127905,0.0,1.0473301809978607e-10,0.0,0.1464546708031221,0.34841688232887896,0.0,1.282870306412796e-10
2013-05-13,0.15352324360419056,0.30130127797173933,0.0530054211888833,0.0,1.041150048355592e-10,0.0,0.14565486869565275,0.34651518830669065,0.0,1.2872840517345076e-10
2013-05-14,0.15393956845782727,0.3016600349995492,0.05308150670221781,0.0,1.0412966175387555e-10,0.0,0.14555768928220095,0.34576120032449015,0.0,1.2958500526664104e-10
2013-05-15,0.15467445892789017,0.30384452301991766,0.05289049001838956,0.0,1.0314097624215883e-10,0.0,0.14437047626980493,0.344220051531513,0.0,1.2934382844404493e-10
2013-05-16,0.1551626293439578,0.3037890559131023,0.05300010679433828,0.0,1.0318213644221487e-10,0.0,0.14455578902016702,0.3434924186949176,0.0,1.3033501855399955e-10
2013-05-17,0.1544914828293944,0.3031284909753397,0.05265822753344816,0.0,1.0371259943283813e-10,0.0,0.14527201885391047,0.34444977957448425,0.0,1.2971056727476498e-10
2013-05-20,0.15526693766727973,0.30511857647969226,0.05277523146505342,0.0,1.0267719854162478e-10,0.0,0.14397848143470118,0.34286077272076404,0.0,1.2983230649049536e-10
2013-05-21,0.15510738931997473,0.3053158403887879,0.053016876498647954,0.0,1.0250111446783448e-10,0.0,0.1436714947339873,0.3428883988260933,0.0,1.3000781451515334e-10
2013-05-22,0.1550856998351532,0.3048962012581369,0.053041884711270484,0.0,1.026078445567728e-10,0.0,0.14398325565228093,0.3429929583100128,0.0,1.3053795526607504e-10
2013-05-23,0.15539446725544795,0.3032887302317861,0.05300524557575543,0.0,1.0275851656514401e-10,0.0,0.1442012268405005,0.34411032986518003,0.0,1.285715706393678e-10
2013-05-24,0.15519817334024194,0.3041572539128549,0.05233207608198104,0.0,1.0303299381613949e-10,0.0,0.14458199210926959,0.3437305043262531,0.0,1.2636648657901885e-10
2013-05-28,0.1552839198036735,0.30452082062754476,0.051948808810604236,0.0,1.0321593836012815e-10,0.0,0.1446875308135859,0.34355891971515373,0.0,1.2622197849767176e-10
2013-05-29,0.1558469779171897,0.30774736126417634,0.051961760429048834,0.0,1.0176399504438433e-10,0.0,0.14295842590675858,0.341485474256217,0.0,1.2484560330030256e-10
2013-05-30,0.15573825493177185,0.30667074743011175,0.051764424788275164,0.0,1.027762940284393e-10,0.0,0.1437318036148322,0.3420947690093233,0.0,1.2290945971144936e-10
2013-05-31,0.1557349055041616,0.30758914301678686,0.051775774941175634,0.0,1.0240579702033608e-10,0.0,0.14338171712470285,0.3415184591894623,0.0,1.2130501406096504e-10
