date,gross,net,benchmark,active,gross_active,turnover,cost,rebalance,benchmark_turnover,benchmark_cost,benchmark_net
2011-01-03,0.006127140582967776,0.00584714058296212,0.005758296757441179,8.884382552094144e-05,0.0003688438255265974,0.28000000000565634,0.00028000000000565637,True,0.0,0.0,0.005758296757441179
2011-01-04,-0.0019375428666639832,-0.0019375428666639832,-0.00020089233104540923,-0.001736650535618574,-0.001736650535618574,0.0,0.0,False,0.0,0.0,-0.00020089233104540923
2011-01-05,-0.0010041064852418617,-0.0010041064852418617,-0.0030702972421233383,0.0020661907568814766,0.0020661907568814766,0.0,0.0,False,0.0,0.0,-0.0030702972421233383
2011-01-06,0.00025064512142537656,0.00025064512142537656,-0.0021675064486189983,0.002418151570044375,0.002418151570044375,0.0,0.0,False,0.0,0.0,-0.0021675064486189983
2011-01-07,0.0011299915270944583,0.0011299915270944583,-5.727830696466334e-05,0.0011872698340591216,0.0011872698340591216,0.0,0.0,False,0.0,0.0,-5.727830696466334e-05
2011-01-10,0.0019192835801539827,0.0019192835801539827,-0.00016957081203450346,0.0020888543921884863,0.0020888543921884863,0.0,0.0,False,0.0,0.0,-0.00016957081203450346
2011-01-11,0.0006464602468888151,0.0006464602468888151,0.002198163937179108,-0.001551703690290293,-0.001551703690290293,0.0,0.0,False,0.0,0.0,0.002198163937179108
2011-01-12,0.003692079794101362,0.003692079794101362,0.007372694293567227,-0.003680614499465865,-0.003680614499465865,0.0,0.0,False,0.0,0.0,0.007372694293567227
2011-01-13,0.0021596479900243474,0.0021596479900243474,0.0014255008444584221,0.0007341471455659253,0.0007341471455659253,0.0,0.0,False,0.0,0.0,0.0014255008444584221
2011-01-14,0.0020461501976221947,0.0020461501976221947,0.0022118698363226075,-0.0001657196387004128,-0.0001657196387004128,0.0,0.0,False,0.0,0.0,0.0022118698363226075
2011-01-18,-0.00027114368327527225,-0.00027114368327527225,0.000611217060078578,-0.0008823607433538503,-0.0008823607433538503,0.0,0.0,False,0.0,0.0,0.000611217060078578
2011-01-19,-0.007344064090827782,-0.007344064090827782,-0.0053593850235490875,-0.0019846790672786944,-0.0019846790672786944,0.0,0.0,False,0.0,0.0,-0.0053593850235490875
2011-01-20,-0.005867456035412706,-0.005867456035412706,-0.00616354755412692,0.000296091518714214,0.000296091518714214,0.0,0.0,False,0.0,0.0,-0.00616354755412692
2011-01-21,0.0005672199526131423,0.0005672199526131423,0.0014169000727246727,-0.0008496801201115303,-0.0008496801201115303,0.0,0.0,False,0.0,0.0,0.0014169000727246727
2011-01-24,0.0033751804572910065,0.0033751804572910065,0.004579098788427395,-0.0012039183311363883,-0.0012039183311363883,0.0,0.0,False,0.0,0.0,0.004579098788427395
2011-01-25,0.002776315155684043,0.002776315155684043,0.001545140120536434,0.001231175035147609,0.001231175035147609,0.0,0.0,False,0.0,0.0,0.001545140120536434
2011-01-26,0.0014547872544313988,0.0014547872544313988,0.0010121975605132346,0.0004425896939181642,0.0004425896939181642,0.0,0.0,False,0.0,0.0,0.0010121975605132346
2011-01-27,0.0027456001086741304,0.0027456001086741304,0.0021251190151424936,0.0006204810935316368,0.0006204810935316368,0.0,0.0,False,0.0,0.0,0.0021251190151424936
2011-01-28,-0.008885540744336687,-0.008885540744336687,-0.011696506406382366,0.002810965662045679,0.002810965662045679,0.0,0.0,False,0.0,0.0,-0.011696506406382366
2011-01-31,0.002040290410490816,0.002040290410490816,0.003377293916578691,-0.001337003506087875,-0.001337003506087875,0.0,0.0,False,0.0,0.0,0.003377293916578691
2011-02-01,0.011587796123986981,0.011308000876069974,0.010562427146867864,0.0007455737292021095,0.001025368977119117,0.27979524791700733,0.00027979524791700734,True,0.00803601025340903,8.036010253409028e-06,0.010554391136614456
2011-02-02,-0.0022249402929034076,-0.0022249402929034076,-0.002390682854599901,0.00016574256169649354,0.00016574256169649354,0.0,0.0,False,0.0,0.0,-0.002390682854599901
2011-02-03,0.0020629180708219104,0.0020629180708219104,-0.0011473888466842796,0.00321030691750619,0.00321030691750619,0.0,0.0,False,0.0,0.0,-0.0011473888466842796
2011-02-04,0.0006613628217270451,0.0006613628217270451,-0.0012876129650682367,0.0019489757867952818,0.0019489757867952818,0.0,0.0,False,0.0,0.0,-0.0012876129650682367
2011-02-07,0.004857123722223699,0.004857123722223699,0.003343671822138998,0.001513451900084701,0.001513451900084701,0.0,0.0,False,0.0,0.0,0.003343671822138998
2011-02-08,0.00342256280280092,0.00342256280280092,0.0004742017560123206,0.0029483610467885995,0.0029483610467885995,0.0,0.0,False,0.0,0.0,0.0004742017560123206
2011-02-09,-0.0017488950767275912,-0.0017488950767275912,-0.0012156840271915252,-0.000533211049536066,-0.000533211049536066,0.0,0.0,False,0.0,0.0,-0.0012156840271915252
2011-02-10,3.588146183338401e-05,3.588146183338401e-05,-0.0035402823413720206,0.0035761638032054044,0.0035761638032054044,0.0,0.0,False,0.0,0.0,-0.0035402823413720206
2011-02-11,0.005878845314376808,0.005878845314376808,0.006069183010295021,-0.00019033769591821244,-0.00019033769591821244,0.0,0.0,False,0.0,0.0,0.006069183010295021
2011-02-14,0.0026098175049734792,0.0026098175049734792,0.0009994484342230165,0.0016103690707504627,0.0016103690707504627,0.0,0.0,False,0.0,0.0,0.0009994484342230165
2011-02-15,-0.0015109293957825123,-0.0015109293957825123,-0.0005298812711746168,-0.0009810481246078956,-0.0009810481246078956,0.0,0.0,False,0.0,0.0,-0.0005298812711746168
2011-02-16,0.004049549707214575,0.004049549707214575,0.004385997253691326,-0.00033644754647675114,-0.00033644754647675114,0.0,0.0,False,0.0,0.0,0.004385997253691326
2011-02-17,0.004203656486894436,0.004203656486894436,0.003214436309302626,0.0009892201775918105,0.0009892201775918105,0.0,0.0,False,0.0,0.0,0.003214436309302626
2011-02-18,0.0018511225772965963,0.0018511225772965963,0.0018420629759062152,9.059601390381134e-06,9.059601390381134e-06,0.0,0.0,False,0.0,0.0,0.0018420629759062152
2011-02-22,-0.012913128149159972,-0.012913128149159972,-0.012057036031715065,-0.0008560921174449072,-0.0008560921174449072,0.0,0.0,False,0.0,0.0,-0.012057036031715065
2011-02-23,-0.00568155912026703,-0.00568155912026703,-0.0029621380594878036,-0.0027194210607792263,-0.0027194210607792263,0.0,0.0,False,0.0,0.0,-0.0029621380594878036
2011-02-24,0.0011744671859046148,0.0011744671859046148,0.0014735189767978761,-0.0002990517908932613,-0.0002990517908932613,0.0,0.0,False,0.0,0.0,0.0014735189767978761
2011-02-25,0.011278379771192924,0.011278379771192924,0.009035327021988906,0.002243052749204017,0.002243052749204017,0.0,0.0,False,0.0,0.0,0.009035327021988906
2011-02-28,0.0034320088625771276,0.0034320088625771276,0.004260715637368405,-0.0008287067747912769,-0.0008287067747912769,0.0,0.0,False,0.0,0.0,0.004260715637368405
2011-03-01,-0.009355776377515671,-0.009634706171185564,-0.008751366247647918,-0.000883339923537646,-0.0006044101298677534,0.278929793669893,0.000278929793669893,True,0.008100208428085846,8.100208428085845e-06,-0.008759466456076004
2011-03-02,0.0011806111909150954,0.0011806111909150954,0.00035188846518890125,0.0008287227257261941,0.0008287227257261941,0.0,0.0,False,0.0,0.0,0.00035188846518890125
2011-03-03,0.010210543626793276,0.010210543626793276,0.007693005119420092,0.002517538507373184,0.002517538507373184,0.0,0.0,False,0.0,0.0,0.007693005119420092
2011-03-04,-0.0033933604376531774,-0.0033933604376531774,-0.0013389854575861534,-0.002054374980067024,-0.002054374980067024,0.0,0.0,False,0.0,0.0,-0.0013389854575861534
2011-03-07,-0.0055934662038417795,-0.0055934662038417795,-0.007239174222174585,0.0016457080183328058,0.0016457080183328058,0.0,0.0,False,0.0,0.0,-0.007239174222174585
2011-03-08,0.0050838909572839906,0.0050838909572839906,0.0042865026037027035,0.0007973883535812871,0.0007973883535812871,0.0,0.0,False,0.0,0.0,0.0042865026037027035
2011-03-09,-0.0012767894405665847,-0.0012767894405665847,0.0020307102941144856,-0.0033074997346810705,-0.0033074997346810705,0.0,0.0,False,0.0,0.0,0.0020307102941144856
2011-03-10,-0.011951499980960026,-0.011951499980960026,-0.01042201664404365,-0.0015294833369163766,-0.0015294833369163766,0.0,0.0,False,0.0,0.0,-0.01042201664404365
2011-03-11,0.002787332026481193,0.002787332026481193,0.0023207171279878472,0.0004666148984933459,0.0004666148984933459,0.0,0.0,False,0.0,0.0,0.0023207171279878472
2011-03-14,-0.0039637730367689675,-0.0039637730367689675,-0.0034792684957921385,-0.00048450454097682906,-0.00048450454097682906,0.0,0.0,False,0.0,0.0,-0.0034792684957921385
2011-03-15,-0.007407083084825258,-0.007407083084825258,-0.007087014873216858,-0.0003200682116083998,-0.0003200682116083998,0.0,0.0,False,0.0,0.0,-0.007087014873216858
2011-03-16,-0.009558070719101912,-0.009558070719101912,-0.009202188423994447,-0.0003558822951074646,-0.0003558822951074646,0.0,0.0,False,0.0,0.0,-0.009202188423994447
2011-03-17,0.008841397272116334,0.008841397272116334,0.008708020795910416,0.00013337647620591774,0.00013337647620591774,0.0,0.0,False,0.0,0.0,0.008708020795910416
2011-03-18,0.0048429886960426145,0.0048429886960426145,0.003971012680260399,0.0008719760157822158,0.0008719760157822158,0.0,0.0,False,0.0,0.0,0.003971012680260399
2011-03-21,0.010619860397016748,0.010619860397016748,0.00932073297677883,0.001299127420237918,0.001299127420237918,0.0,0.0,False,0.0,0.0,0.00932073297677883
2011-03-22,-0.001401182448836191,-0.001401182448836191,-0.0008444702585422202,-0.0005567121902939708,-0.0005567121902939708,0.0,0.0,False,0.0,0.0,-0.0008444702585422202
2011-03-23,0.0012013096195861678,0.0012013096195861678,0.0020934882875003136,-0.0008921786679141458,-0.0008921786679141458,0.0,0.0,False,0.0,0.0,0.0020934882875003136
2011-03-24,0.0043592063757195414,0.0043592063757195414,0.004378878875946695,-1.9672500227153195e-05,-1.9672500227153195e-05,0.0,0.0,False,0.0,0.0,0.004378878875946695
2011-03-25,0.002137186584961102,0.002137186584961102,-0.0012670216051336803,0.003404208190094782,0.003404208190094782,0.0,0.0,False,0.0,0.0,-0.0012670216051336803
2011-03-28,-0.0011024918164855798,-0.0011024918164855798,-0.0012467984861808381,0.0001443066696952583,0.0001443066696952583,0.0,0.0,False,0.0,0.0,-0.0012467984861808381
2011-03-29,0.003401226004090849,0.003401226004090849,0.002715904973520161,0.0006853210305706879,0.0006853210305706879,0.0,0.0,False,0.0,0.0,0.002715904973520161
2011-03-30,0.005507365300493332,0.005507365300493332,0.007391127789615369,-0.001883762489122037,-0.001883762489122037,0.0,0.0,False,0.0,0.0,0.007391127789615369
2011-03-31,-0.000420285915845852,-0.000420285915845852,-0.0011164814786528289,0.0006961955628069768,0.0006961955628069768,0.0,0.0,False,0.0,0.0,-0.0011164814786528289
2011-04-01,0.0017844025700726814,0.0016526730769810952,0.0058907793712313136,-0.004238106294250218,-0.004106376801158633,0.13172949309158613,0.00013172949309158612,True,0.007095628043848615,7.095628043848615e-06,0.005883683743187465
2011-04-04,0.003276125827032363,0.003276125827032363,0.0022664011902377825,0.0010097246367945806,0.0010097246367945806,0.0,0.0,False,0.0,0.0,0.0022664011902377825
2011-04-05,0.001562357793005865,0.001562357793005865,-0.0014714427613003482,0.0030338005543062135,0.0030338005543062135,0.0,0.0,False,0.0,0.0,-0.0014714427613003482
2011-04-06,0.0025062422538410416,0.0025062422538410416,0.0007597121696745775,0.0017465300841664642,0.0017465300841664642,0.0,0.0,False,0.0,0.0,0.0007597121696745775
2011-04-07,-0.0014601031822770595,-0.0014601031822770595,-0.002206854603755485,0.0007467514214784257,0.0007467514214784257,0.0,0.0,False,0.0,0.0,-0.002206854603755485
2011-04-08,-0.0014237583123201472,-0.0014237583123201472,-0.0011397323047210653,-0.0002840260075990819,-0.0002840260075990819,0.0,0.0,False,0.0,0.0,-0.0011397323047210653
2011-04-11,-0.0031785022095516128,-0.0031785022095516128,-0.0025358100983877857,-0.0006426921111638271,-0.0006426921111638271,0.0,0.0,False,0.0,0.0,-0.0025358100983877857
2011-04-12,-0.006115853585554887,-0.006115853585554887,-0.004036653145429448,-0.0020792004401254385,-0.0020792004401254385,0.0,0.0,False,0.0,0.0,-0.004036653145429448
2011-04-13,0.0022133897126683545,0.0022133897126683545,0.0026722042665950395,-0.000458814553926685,-0.000458814553926685,0.0,0.0,False,0.0,0.0,0.0026722042665950395
2011-04-14,0.0006747166891829598,0.0006747166891829598,0.0003517742306681928,0.00032294245851476706,0.00032294245851476706,0.0,0.0,False,0.0,0.0,0.0003517742306681928
2011-04-15,0.003987624655770168,0.003987624655770168,0.004440473339534422,-0.00045284868376425404,-0.00045284868376425404,0.0,0.0,False,0.0,0.0,0.004440473339534422
2011-04-18,-0.007263582570994348,-0.007263582570994348,-0.008953009116936764,0.0016894265459424154,0.0016894265459424154,0.0,0.0,False,0.0,0.0,-0.008953009116936764
2011-04-19,0.0036465079479596255,0.0036465079479596255,0.005042231072182674,-0.0013957231242230487,-0.0013957231242230487,0.0,0.0,False,0.0,0.0,0.005042231072182674
2011-04-20,0.009864364938662057,0.009864364938662057,0.010165717565109856,-0.0003013526264477994,-0.0003013526264477994,0.0,0.0,False,0.0,0.0,0.010165717565109856
2011-04-21,0.003947125881845816,0.003947125881845816,0.004011360059651236,-6.423417780541951e-05,-6.423417780541951e-05,0.0,0.0,False,0.0,0.0,0.004011360059651236
2011-04-25,-0.0007609947031806094,-0.0007609947031806094,-0.00016635505167334006,-0.0005946396515072694,-0.0005946396515072694,0.0,0.0,False,0.0,0.0,-0.00016635505167334006
2011-04-26,0.005212470967969009,0.005212470967969009,0.007138067680889591,-0.0019255967129205818,-0.0019255967129205818,0.0,0.0,False,0.0,0.0,0.007138067680889591
2011-04-27,0.005447032870002005,0.005447032870002005,0.0026962067048651485,0.002750826165136857,0.002750826165136857,0.0,0.0,False,0.0,0.0,0.0026962067048651485
2011-04-28,0.00269589055956339,0.00269589055956339,0.0030325479030402316,-0.0003366573434768418,-0.0003366573434768418,0.0,0.0,False,0.0,0.0,0.0030325479030402316
2011-04-29,0.00356957189836559,0.00356957189836559,0.0015908104445503553,0.0019787614538152344,0.0019787614538152344,0.0,0.0,False,0.0,0.0,0.0015908104445503553
2011-05-02,-0.003122467355144947,-0.003170356987203073,0.00031204997824870736,-0.00348240696545178,-0.0034345173333936545,0.04788963205812573,4.788963205812573e-05,True,0.003855802784934366,3.855802784934366e-06,0.000308194175463773
2011-05-03,-0.003918519732097646,-0.003918519732097646,-0.004404503350778707,0.00048598361868106097,0.00048598361868106097,0.0,0.0,False,0.0,0.0,-0.004404503350778707
2011-05-04,-0.005801269343951402,-0.005801269343951402,-0.004572707143054163,-0.0012285622008972388,-0.0012285622008972388,0.0,0.0,False,0.0,0.0,-0.004572707143054163
2011-05-05,-0.007866398744500796,-0.007866398744500796,-0.0047984737928831915,-0.0030679249516176047,-0.0030679249516176047,0.0,0.0,False,0.0,0.0,-0.0047984737928831915
2011-05-06,0.0055860554033289765,0.0055860554033289765,0.002781863668616383,0.0028041917347125934,0.0028041917347125934,0.0,0.0,False,0.0,0.0,0.002781863668616383
2011-05-09,0.00453004543399164,0.00453004543399164,0.003354229344822629,0.0011758160891690113,0.0011758160891690113,0.0,0.0,False,0.0,0.0,0.003354229344822629
2011-05-10,0.006110037279824556,0.006110037279824556,0.003884932956545043,0.0022251043232795133,0.0022251043232795133,0.0,0.0,False,0.0,0.0,0.003884932956545043
2011-05-11,-0.008001890272087649,-0.008001890272087649,-0.007969168285732273,-3.272198635537529e-05,-3.272198635537529e-05,0.0,0.0,False,0.0,0.0,-0.007969168285732273
2011-05-12,0.0030649231665532822,0.0030649231665532822,0.001484352568956813,0.0015805705975964692,0.0015805705975964692,0.0,0.0,False,0.0,0.0,0.001484352568956813
2011-05-13,-0.007063499439202857,-0.007063499439202857,-0.005705996641623594,-0.001357502797579263,-0.001357502797579263,0.0,0.0,False,0.0,0.0,-0.005705996641623594
2011-05-16,-0.003295325180660407,-0.003295325180660407,-0.001795407795694905,-0.001499917384965502,-0.001499917384965502,0.0,0.0,False,0.0,0.0,-0.001795407795694905
2011-05-17,2.4096463687562936e-05,2.4096463687562936e-05,0.0017662727497161535,-0.0017421762860285906,-0.0017421762860285906,0.0,0.0,False,0.0,0.0,0.0017662727497161535
2011-05-18,0.00632015486099847,0.00632015486099847,0.003562777363642012,0.002757377497356458,0.002757377497356458,0.0,0.0,False,0.0,0.0,0.003562777363642012
2011-05-19,0.0007942043237655638,0.0007942043237655638,0.0014827780065718617,-0.0006885736828062979,-0.0006885736828062979,0.0,0.0,False,0.0,0.0,0.0014827780065718617
2011-05-20,-0.003170251414215847,-0.003170251414215847,-0.005171587020117806,0.0020013356059019587,0.0020013356059019587,0.0,0.0,False,0.0,0.0,-0.005171587020117806
2011-05-23,-0.008469897835401873,-0.008469897835401873,-0.009259425396258694,0.000789527560856821,0.000789527560856821,0.0,0.0,False,0.0,0.0,-0.009259425396258694
2011-05-24,-0.0005209991011047571,-0.0005209991011047571,0.0018989419726229374,-0.0024199410737276946,-0.0024199410737276946,0.0,0.0,False,0.0,0.0,0.0018989419726229374
2011-05-25,0.002574565966698276,0.002574565966698276,0.0021873224100274037,0.0003872435566708724,0.0003872435566708724,0.0,0.0,False,0.0,0.0,0.0021873224100274037
2011-05-26,0.0033313688815153463,0.0033313688815153463,0.006850864409588325,-0.0035194955280729787,-0.0035194955280729787,0.0,0.0,False,0.0,0.0,0.006850864409588325
2011-05-27,0.004566274505503889,0.004566274505503889,0.003664394056973127,0.0009018804485307623,0.0009018804485307623,0.0,0.0,False,0.0,0.0,0.003664394056973127
2011-05-31,0.006853021270505891,0.006853021270505891,0.008799251962052066,-0.0019462306915461747,-0.0019462306915461747,0.0,0.0,False,0.0,0.0,0.008799251962052066
2011-06-01,-0.015728487017294963,-0.015901723407432577,-0.010619257905147866,-0.00528246550228471,-0.005109229112147097,0.17323639013761408,0.00017323639013761406,True,0.00939822239913135,9.39822239913135e-06,-0.010628656127546997
2011-06-02,-0.0002618508724646978,-0.0002618508724646978,-0.002209926218659382,0.001948075346194684,0.001948075346194684,0.0,0.0,False,0.0,0.0,-0.002209926218659382
2011-06-03,-0.005504083592633453,-0.005504083592633453,-0.002678187424268135,-0.002825896168365318,-0.002825896168365318,0.0,0.0,False,0.0,0.0,-0.002678187424268135
2011-06-06,-0.007847367370052889,-0.007847367370052889,-0.008236365910487759,0.00038899854043487024,0.00038899854043487024,0.0,0.0,False,0.0,0.0,-0.008236365910487759
2011-06-07,0.0014122687337510072,0.0014122687337510072,0.0032171502762132946,-0.0018048815424622875,-0.0018048815424622875,0.0,0.0,False,0.0,0.0,0.0032171502762132946
2011-06-08,-0.006048532840526963,-0.006048532840526963,-0.003462198219461957,-0.002586334621065006,-0.002586334621065006,0.0,0.0,False,0.0,0.0,-0.003462198219461957
2011-06-09,0.004886598103585479,0.004886598103585479,0.0033503112611029287,0.0015362868424825507,0.0015362868424825507,0.0,0.0,False,0.0,0.0,0.0033503112611029287
2011-06-10,-0.012275559544795929,-0.012275559544795929,-0.009602974559693146,-0.0026725849851027828,-0.0026725849851027828,0.0,0.0,False,0.0,0.0,-0.009602974559693146
2011-06-13,-0.0010539026408062186,-0.0010539026408062186,-0.00039453307174626244,-0.0006593695690599562,-0.0006593695690599562,0.0,0.0,False,0.0,0.0,-0.00039453307174626244
2011-06-14,0.010866888045040738,0.010866888045040738,0.0059454837985093295,0.004921404246531409,0.004921404246531409,0.0,0.0,False,0.0,0.0,0.0059454837985093295
2011-06-15,-0.014087707473424188,-0.014087707473424188,-0.009162837659046214,-0.004924869814377975,-0.004924869814377975,0.0,0.0,False,0.0,0.0,-0.009162837659046214
2011-06-16,-0.006147658767200386,-0.006147658767200386,3.0406902654448928e-05,-0.006178065669854835,-0.006178065669854835,0.0,0.0,False,0.0,0.0,3.0406902654448928e-05
2011-06-17,0.0067111453136052025,0.0067111453136052025,0.0020979296920376153,0.004613215621567588,0.004613215621567588,0.0,0.0,False,0.0,0.0,0.0020979296920376153
2011-06-20,0.004620902494535834,0.004620902494535834,0.001385144358279927,0.0032357581362559068,0.0032357581362559068,0.0,0.0,False,0.0,0.0,0.001385144358279927
2011-06-21,0.012183791705975229,0.012183791705975229,0.009471035215856712,0.002712756490118517,0.002712756490118517,0.0,0.0,False,0.0,0.0,0.009471035215856712
2011-06-22,-0.006687678296538019,-0.006687678296538019,-0.0044072260633894415,-0.0022804522331485774,-0.0022804522331485774,0.0,0.0,False,0.0,0.0,-0.0044072260633894415
2011-06-23,-0.0003987586829919806,-0.0003987586829919806,-0.00017120444609853598,-0.00022755423689344462,-0.00022755423689344462,0.0,0.0,False,0.0,0.0,-0.00017120444609853598
2011-06-24,-0.007790071890273918,-0.007790071890273918,-0.0044875532051203895,-0.0033025186851535285,-0.0033025186851535285,0.0,0.0,False,0.0,0.0,-0.0044875532051203895
2011-06-27,0.0046553706009288005,0.0046553706009288005,0.0032840337032478033,0.0013713368976809972,0.0013713368976809972,0.0,0.0,False,0.0,0.0,0.0032840337032478033
2011-06-28,0.00862112972706843,0.00862112972706843,0.0042858487931425725,0.004335280933925857,0.004335280933925857,0.0,0.0,False,0.0,0.0,0.0042858487931425725
2011-06-29,0.009708279872853914,0.009708279872853914,0.004347565848599917,0.005360714024253997,0.005360714024253997,0.0,0.0,False,0.0,0.0,0.004347565848599917
2011-06-30,0.008627772646340615,0.008627772646340615,0.005887852876428207,0.0027399197699124085,0.0027399197699124085,0.0,0.0,False,0.0,0.0,0.005887852876428207
2011-07-01,0.010564832813254314,0.010353593790088768,0.007462897958582964,0.002890695831505804,0.00310193485467135,0.21123902316554583,0.00021123902316554584,True,0.0025033962979100627,2.503396297910063e-06,0.007460394562285054
2011-07-05,0.001301872381131767,0.001301872381131767,0.0008261854184368176,0.00047568696269494927,0.00047568696269494927,0.0,0.0,False,0.0,0.0,0.0008261854184368176
2011-07-06,0.0017944911065939674,0.0017944911065939674,-0.00012356582011547945,0.0019180569267094468,0.0019180569267094468,0.0,0.0,False,0.0,0.0,-0.00012356582011547945
2011-07-07,0.008162037823117734,0.008162037823117734,0.0056841874765859455,0.0024778503465317887,0.0024778503465317887,0.0,0.0,False,0.0,0.0,0.0056841874765859455
2011-07-08,-0.003865617128107899,-0.003865617128107899,-0.0016869626358060198,-0.0021786544923018793,-0.0021786544923018793,0.0,0.0,False,0.0,0.0,-0.0016869626358060198
2011-07-11,-0.014012201154354234,-0.014012201154354234,-0.010999801062217873,-0.003012400092136361,-0.003012400092136361,0.0,0.0,False,0.0,0.0,-0.010999801062217873
2011-07-12,-0.0028861403161181296,-0.0028861403161181296,-0.002945584485052768,5.944416893463849e-05,5.944416893463849e-05,0.0,0.0,False,0.0,0.0,-0.002945584485052768
2011-07-13,0.00448914811858162,0.00448914811858162,0.006041905916301467,-0.0015527577977198469,-0.0015527577977198469,0.0,0.0,False,0.0,0.0,0.006041905916301467
2011-07-14,-0.006388657970409818,-0.006388657970409818,-0.008019123971126602,0.001630466000716784,0.001630466000716784,0.0,0.0,False,0.0,0.0,-0.008019123971126602
2011-07-15,0.004063993249461101,0.004063993249461101,0.004450069586479125,-0.0003860763370180237,-0.0003860763370180237,0.0,0.0,False,0.0,0.0,0.004450069586479125
2011-07-18,-0.006914843797200554,-0.006914843797200554,-0.007745463708428084,0.0008306199112275295,0.0008306199112275295,0.0,0.0,False,0.0,0.0,-0.007745463708428084
2011-07-19,0.012268772332293783,0.012268772332293783,0.012141965390597316,0.00012680694169646747,0.00012680694169646747,0.0,0.0,False,0.0,0.0,0.012141965390597316
2011-07-20,0.0004581537383422487,0.0004581537383422487,-0.00022293445181539872,0.0006810881901576475,0.0006810881901576475,0.0,0.0,False,0.0,0.0,-0.00022293445181539872
2011-07-21,0.008535197903283007,0.008535197903283007,0.007545279397726274,0.000989918505556733,0.000989918505556733,0.0,0.0,False,0.0,0.0,0.007545279397726274
2011-07-22,0.0016748896756790207,0.0016748896756790207,0.0021052608384846926,-0.00043037116280567186,-0.00043037116280567186,0.0,0.0,False,0.0,0.0,0.0021052608384846926
2011-07-25,-0.0065929768135465075,-0.0065929768135465075,-0.005319184444887543,-0.0012737923686589646,-0.0012737923686589646,0.0,0.0,False,0.0,0.0,-0.005319184444887543
2011-07-26,-0.0009073764911257847,-0.0009073764911257847,0.0015759848066674179,-0.0024833612977932023,-0.0024833612977932023,0.0,0.0,False,0.0,0.0,0.0015759848066674179
2011-07-27,-0.016796789375777176,-0.016796789375777176,-0.013738446644646296,-0.00305834273113088,-0.00305834273113088,0.0,0.0,False,0.0,0.0,-0.013738446644646296
2011-07-28,-0.0005005849349242911,-0.0005005849349242911,-0.00029130003266005433,-0.00020928490226423675,-0.00020928490226423675,0.0,0.0,False,0.0,0.0,-0.00029130003266005433
2011-07-29,-0.0011853576268863867,-0.0011853576268863867,0.0035718183748862055,-0.004757176001772593,-0.004757176001772593,0.0,0.0,False,0.0,0.0,0.0035718183748862055
2011-08-01,-0.00246422736882034,-0.0027450904876346834,-0.0019017134586351903,-0.0008433770289994931,-0.0005625139101851496,0.28086311881434356,0.0002808631188143436,True,0.012236424965378839,1.223642496537884e-05,-0.001913949883600569
2011-08-02,-0.017852409666578483,-0.017852409666578483,-0.011564134355900715,-0.006288275310677768,-0.006288275310677768,0.0,0.0,False,0.0,0.0,-0.011564134355900715
2011-08-03,0.003652108965461252,0.003652108965461252,0.0026473929010459372,0.0010047160644153148,0.0010047160644153148,0.0,0.0,False,0.0,0.0,0.0026473929010459372
2011-08-04,-0.03597248139433791,-0.03597248139433791,-0.026923399256446483,-0.009049082137891427,-0.009049082137891427,0.0,0.0,False,0.0,0.0,-0.026923399256446483
2011-08-05,-0.008583128438107337,-0.008583128438107337,-0.005460737852006653,-0.0031223905861006845,-0.0031223905861006845,0.0,0.0,False,0.0,0.0,-0.005460737852006653
2011-08-08,-0.054989714444946235,-0.054989714444946235,-0.037985266434347686,-0.017004448010598548,-0.017004448010598548,0.0,0.0,False,0.0,0.0,-0.037985266434347686
2011-08-09,0.04041099864093263,0.04041099864093263,0.033610405270609,0.0068005933703236265,0.0068005933703236265,0.0,0.0,False,0.0,0.0,0.033610405270609
2011-08-10,-0.028934707739213094,-0.028934707739213094,-0.022280465711794886,-0.006654242027418208,-0.006654242027418208,0.0,0.0,False,0.0,0.0,-0.022280465711794886
2011-08-11,0.026127712700480636,0.026127712700480636,0.01657216513076376,0.009555547569716875,0.009555547569716875,0.0,0.0,False,0.0,0.0,0.01657216513076376
2011-08-12,0.006173219937531831,0.006173219937531831,0.008231018737006076,-0.002057798799474245,-0.002057798799474245,0.0,0.0,False,0.0,0.0,0.008231018737006076
2011-08-15,0.01781282773063087,0.01781282773063087,0.011716318798060277,0.006096508932570594,0.006096508932570594,0.0,0.0,False,0.0,0.0,0.011716318798060277
2011-08-16,-0.008123672142142963,-0.008123672142142963,-0.003739442390718422,-0.0043842297514245405,-0.0043842297514245405,0.0,0.0,False,0.0,0.0,-0.003739442390718422
2011-08-17,0.002444439908896744,0.002444439908896744,0.004637171564010918,-0.0021927316551141737,-0.0021927316551141737,0.0,0.0,False,0.0,0.0,0.004637171564010918
2011-08-18,-0.03206867100991837,-0.03206867100991837,-0.023750770334881044,-0.008317900675037328,-0.008317900675037328,0.0,0.0,False,0.0,0.0,-0.023750770334881044
2011-08-19,-0.011861483602504868,-0.011861483602504868,-0.0083390491545431,-0.003522434447961768,-0.003522434447961768,0.0,0.0,False,0.0,0.0,-0.0083390491545431
2011-08-22,-0.0014515548215968117,-0.0014515548215968117,-0.00031585620435806204,-0.0011356986172387498,-0.0011356986172387498,0.0,0.0,False,0.0,0.0,-0.00031585620435806204
2011-08-23,0.02237483144220781,0.02237483144220781,0.01535065921094745,0.00702417223126036,0.00702417223126036,0.0,0.0,False,0.0,0.0,0.01535065921094745
2011-08-24,0.005444962056807496,0.005444962056807496,-0.002084113459434134,0.007529075516241629,0.007529075516241629,0.0,0.0,False,0.0,0.0,-0.002084113459434134
2011-08-25,-0.011903865445051263,-0.011903865445051263,-0.007866221463452207,-0.004037643981599056,-0.004037643981599056,0.0,0.0,False,0.0,0.0,-0.007866221463452207
2011-08-26,0.013071071987314588,0.013071071987314588,0.010319885838877054,0.002751186148437534,0.002751186148437534,0.0,0.0,False,0.0,0.0,0.010319885838877054
2011-08-29,0.025260770823245075,0.025260770823245075,0.014924240431710822,0.010336530391534253,0.010336530391534253,0.0,0.0,False,0.0,0.0,0.014924240431710822
2011-08-30,0.0040558443668395625,0.0040558443668395625,0.0035861133816183994,0.00046973098522116313,0.00046973098522116313,0.0,0.0,False,0.0,0.0,0.0035861133816183994
2011-08-31,0.003381442334207898,0.003381442334207898,0.0044256857102163575,-0.0010442433760084594,-0.0010442433760084594,0.0,0.0,False,0.0,0.0,0.0044256857102163575
2011-09-01,-0.007715327445422439,-0.00792984354089851,-0.003836704289468606,-0.004093139251429905,-0.0038786231559538326,0.21451609547607256,0.00021451609547607257,True,0.026889836835948717,2.6889836835948715e-05,-0.0038635941263045546
2011-09-02,-0.013533294921107695,-0.013533294921107695,-0.01055247718241656,-0.0029808177386911345,-0.0029808177386911345,0.0,0.0,False,0.0,0.0,-0.01055247718241656
2011-09-06,-0.005599716990942401,-0.005599716990942401,-0.006394313572490415,0.0007945965815480136,0.0007945965815480136,0.0,0.0,False,0.0,0.0,-0.006394313572490415
2011-09-07,0.01502825808699142,0.01502825808699142,0.015408423347531643,-0.0003801652605402231,-0.0003801652605402231,0.0,0.0,False,0.0,0.0,0.015408423347531643
2011-09-08,-0.003899490377166417,-0.003899490377166417,-0.007734005879632596,0.0038345155024661795,0.0038345155024661795,0.0,0.0,False,0.0,0.0,-0.007734005879632596
2011-09-09,-0.017232420104914135,-0.017232420104914135,-0.01573704781399373,-0.001495372290920404,-0.001495372290920404,0.0,0.0,False,0.0,0.0,-0.01573704781399373
2011-09-12,-0.0013348401432697007,-0.0013348401432697007,-2.7292538670183432e-05,-0.0013075476045995172,-0.0013075476045995172,0.0,0.0,False,0.0,0.0,-2.7292538670183432e-05
2011-09-13,0.009068451678347009,0.009068451678347009,0.003697017258903766,0.005371434419443243,0.005371434419443243,0.0,0.0,False,0.0,0.0,0.003697017258903766
2011-09-14,0.009057361888823846,0.009057361888823846,0.007349693241613366,0.0017076686472104804,0.0017076686472104804,0.0,0.0,False,0.0,0.0,0.007349693241613366
2011-09-15,0.008468424925695411,0.008468424925695411,0.007400810622516307,0.0010676143031791048,0.0010676143031791048,0.0,0.0,False,0.0,0.0,0.007400810622516307
2011-09-16,0.0030308613285120046,0.0030308613285120046,0.002859018525372155,0.0001718428031398495,0.0001718428031398495,0.0,0.0,False,0.0,0.0,0.002859018525372155
2011-09-19,-0.007964284842084092,-0.007964284842084092,-0.007162550530684742,-0.00080173431139935,-0.00080173431139935,0.0,0.0,False,0.0,0.0,-0.007162550530684742
2011-09-20,-0.0015490259730346755,-0.0015490259730346755,-0.0006595693148923705,-0.000889456658142305,-0.000889456658142305,0.0,0.0,False,0.0,0.0,-0.0006595693148923705
2011-09-21,-0.020145171949531922,-0.020145171949531922,-0.015266874337352937,-0.004878297612178985,-0.004878297612178985,0.0,0.0,False,0.0,0.0,-0.015266874337352937
2011-09-22,-0.02190862569995788,-0.02190862569995788,-0.017367411148564972,-0.004541214551392909,-0.004541214551392909,0.0,0.0,False,0.0,0.0,-0.017367411148564972
2011-09-23,-0.0011115534378028217,-0.0011115534378028217,0.002172985161739527,-0.0032845385995423485,-0.0032845385995423485,0.0,0.0,False,0.0,0.0,0.002172985161739527
2011-09-26,0.011172696292854695,0.011172696292854695,0.009894028198190699,0.0012786680946639956,0.0012786680946639956,0.0,0.0,False,0.0,0.0,0.009894028198190699
2011-09-27,0.009362682775934226,0.009362682775934226,0.007825797030960775,0.001536885744973451,0.001536885744973451,0.0,0.0,False,0.0,0.0,0.007825797030960775
2011-09-28,-0.019939753363572663,-0.019939753363572663,-0.013686471137629715,-0.006253282225942947,-0.006253282225942947,0.0,0.0,False,0.0,0.0,-0.013686471137629715
2011-09-29,0.006054171551825666,0.006054171551825666,0.007382958501635994,-0.0013287869498103287,-0.0013287869498103287,0.0,0.0,False,0.0,0.0,0.007382958501635994
2011-09-30,-0.018763053402643604,-0.018763053402643604,-0.014677188726937875,-0.004085864675705729,-0.004085864675705729,0.0,0.0,False,0.0,0.0,-0.014677188726937875
2011-10-03,-0.013869594658312265,-0.014150005205171234,-0.013668491157405475,-0.00048151404776575896,-0.00020110350090678936,0.28041054685896954,0.00028041054685896955,True,0.03276811308942956,3.276811308942956e-05,-0.013701259270494905
2011-10-04,0.012748812805778047,0.012748812805778047,0.010451137332773478,0.0022976754730045686,0.0022976754730045686,0.0,0.0,False,0.0,0.0,0.010451137332773478
2011-10-05,0.009102322658663575,0.009102322658663575,0.010253064014107246,-0.0011507413554436713,-0.0011507413554436713,0.0,0.0,False,0.0,0.0,0.010253064014107246
2011-10-06,0.008252386155842482,0.008252386155842482,0.011034435525719892,-0.00278204936987741,-0.00278204936987741,0.0,0.0,False,0.0,0.0,0.011034435525719892
2011-10-07,-0.008632551494092602,-0.008632551494092602,-0.007066475285214891,-0.0015660762088777116,-0.0015660762088777116,0.0,0.0,False,0.0,0.0,-0.007066475285214891
2011-10-10,0.01880662747191923,0.01880662747191923,0.020297831394906946,-0.0014912039229877175,-0.0014912039229877175,0.0,0.0,False,0.0,0.0,0.020297831394906946
2011-10-11,0.001978816165155349,0.001978816165155349,0.001306114510734323,0.000672701654421026,0.000672701654421026,0.0,0.0,False,0.0,0.0,0.001306114510734323
2011-10-12,0.005590421820569142,0.005590421820569142,0.007530716790654634,-0.0019402949700854915,-0.0019402949700854915,0.0,0.0,False,0.0,0.0,0.007530716790654634
2011-10-13,-0.0002718655006425075,-0.0002718655006425075,-0.00021934454476788229,-5.252095587462524e-05,-5.252095587462524e-05,0.0,0.0,False,0.0,0.0,-0.00021934454476788229
2011-10-14,0.008769661317155862,0.008769661317155862,0.008534033353178056,0.00023562796397780597,0.00023562796397780597,0.0,0.0,False,0.0,0.0,0.008534033353178056
2011-10-17,-0.010966557836742417,-0.010966557836742417,-0.012850168533603717,0.0018836106968613004,0.0018836106968613004,0.0,0.0,False,0.0,0.0,-0.012850168533603717
2011-10-18,0.011196546064908552,0.011196546064908552,0.012423593147163398,-0.0012270470822548455,-0.0012270470822548455,0.0,0.0,False,0.0,0.0,0.012423593147163398
2011-10-19,-0.007993206926937411,-0.007993206926937411,-0.008866966404572556,0.000873759477635145,0.000873759477635145,0.0,0.0,False,0.0,0.0,-0.008866966404572556
2011-10-20,0.000661862893633632,0.000661862893633632,-0.0005320275225277906,0.0011938904161614226,0.0011938904161614226,0.0,0.0,False,0.0,0.0,-0.0005320275225277906
2011-10-21,0.011467516884977335,0.011467516884977335,0.01335311934292251,-0.001885602457945175,-0.001885602457945175,0.0,0.0,False,0.0,0.0,0.01335311934292251
2011-10-24,0.011387273995703908,0.011387273995703908,0.012685508025596696,-0.0012982340298927884,-0.0012982340298927884,0.0,0.0,False,0.0,0.0,0.012685508025596696
2011-10-25,-0.006875765498068903,-0.006875765498068903,-0.008991030225279157,0.002115264727210254,0.002115264727210254,0.0,0.0,False,0.0,0.0,-0.008991030225279157
2011-10-26,0.0056257418718916544,0.0056257418718916544,0.0058511808688219485,-0.00022543899693029407,-0.00022543899693029407,0.0,0.0,False,0.0,0.0,0.0058511808688219485
2011-10-27,0.019844713271175284,0.019844713271175284,0.025015038719867398,-0.005170325448692115,-0.005170325448692115,0.0,0.0,False,0.0,0.0,0.025015038719867398
2011-10-28,0.0009473443844019207,0.0009473443844019207,-0.0001639243156598127,0.0011112687000617333,0.0011112687000617333,0.0,0.0,False,0.0,0.0,-0.0001639243156598127
2011-10-31,-0.011216249274330594,-0.011216249274330594,-0.01702219817540271,0.0058059489010721145,0.0058059489010721145,0.0,0.0,False,0.0,0.0,-0.01702219817540271
2011-11-01,-0.00900349555088578,-0.00919430636629265,-0.012435709892045604,0.0032414035257529537,0.0034322143411598238,0.19081081540687045,0.00019081081540687044,True,0.02694193838285549,2.694193838285549e-05,-0.012462651830428459
2011-11-02,0.007575753301553495,0.007575753301553495,0.009710065799251082,-0.0021343124976975873,-0.0021343124976975873,0.0,0.0,False,0.0,0.0,0.009710065799251082
2011-11-03,0.007986218748730782,0.007986218748730782,0.009812563130446598,-0.0018263443817158158,-0.0018263443817158158,0.0,0.0,False,0.0,0.0,0.009812563130446598
2011-11-04,-0.0020013297826537543,-0.0020013297826537543,-0.0036541083951877515,0.0016527786125339972,0.0016527786125339972,0.0,0.0,False,0.0,0.0,-0.0036541083951877515
2011-11-07,0.00246581146562761,0.00246581146562761,0.003189061603381404,-0.000723250137753794,-0.000723250137753794,0.0,0.0,False,0.0,0.0,0.003189061603381404
2011-11-08,0.003940519955899384,0.003940519955899384,0.005090033608189517,-0.001149513652290133,-0.001149513652290133,0.0,0.0,False,0.0,0.0,0.005090033608189517
2011-11-09,-0.017057161448587654,-0.017057161448587654,-0.024762112700511513,0.007704951251923858,0.007704951251923858,0.0,0.0,False,0.0,0.0,-0.024762112700511513
2011-11-10,0.0016829132591488537,0.0016829132591488537,0.003001283283648108,-0.0013183700244992543,-0.0013183700244992543,0.0,0.0,False,0.0,0.0,0.003001283283648108
2011-11-11,0.008535245479411886,0.008535245479411886,0.011466108409800597,-0.0029308629303887116,-0.0029308629303887116,0.0,0.0,False,0.0,0.0,0.011466108409800597
2011-11-14,-0.002852100483145051,-0.002852100483145051,-0.005543754603830378,0.0026916541206853267,0.0026916541206853267,0.0,0.0,False,0.0,0.0,-0.005543754603830378
2011-11-15,0.002383115909411612,0.002383115909411612,0.001846191365399275,0.000536924544012337,0.000536924544012337,0.0,0.0,False,0.0,0.0,0.001846191365399275
2011-11-16,-0.006833479885529925,-0.006833479885529925,-0.010343939877449974,0.0035104599919200483,0.0035104599919200483,0.0,0.0,False,0.0,0.0,-0.010343939877449974
2011-11-17,-0.00722114203978295,-0.00722114203978295,-0.009889263501921059,0.002668121462138109,0.002668121462138109,0.0,0.0,False,0.0,0.0,-0.009889263501921059
2011-11-18,-0.0014402104775069172,-0.0014402104775069172,-1.6741909703250684e-06,-0.001438536286536592,-0.001438536286536592,0.0,0.0,False,0.0,0.0,-1.6741909703250684e-06
2011-11-21,-0.00943943503563232,-0.00943943503563232,-0.013367994848390866,0.003928559812758546,0.003928559812758546,0.0,0.0,False,0.0,0.0,-0.013367994848390866
2011-11-22,-0.0009661814509467269,-0.0009661814509467269,-0.0008149264262045393,-0.00015125502474218756,-0.00015125502474218756,0.0,0.0,False,0.0,0.0,-0.0008149264262045393
2011-11-23,-0.010869028762350585,-0.010869028762350585,-0.01458439294761586,0.003715364185265276,0.003715364185265276,0.0,0.0,False,0.0,0.0,-0.01458439294761586
2011-11-25,-0.00567304879288112,-0.00567304879288112,-0.00498650915002029,-0.0006865396428608304,-0.0006865396428608304,0.0,0.0,False,0.0,0.0,-0.00498650915002029
2011-11-28,0.016705768624214815,0.016705768624214815,0.021352278704332685,-0.00464651008011787,-0.00464651008011787,0.0,0.0,False,0.0,0.0,0.021352278704332685
2011-11-29,-0.0002456060370898367,-0.0002456060370898367,8.406144501977891e-05,-0.0003296674821096156,-0.0003296674821096156,0.0,0.0,False,0.0,0.0,8.406144501977891e-05
2011-11-30,0.020267496616706876,0.020267496616706876,0.02707000261804747,-0.006802506001340594,-0.006802506001340594,0.0,0.0,False,0.0,0.0,0.02707000261804747
2011-12-01,-0.0009585264420808517,-0.001231565439463301,-0.0019559047320410637,0.0007243392925777626,0.000997378289960212,0.27303899738244936,0.0002730389973824494,True,0.0063326590037958465,6.332659003795846e-06,-0.0019622373910448596
2011-12-02,0.0030960033595938317,0.0030960033595938317,0.0024778652750999442,0.0006181380844938874,0.0006181380844938874,0.0,0.0,False,0.0,0.0,0.0024778652750999442
2011-12-05,0.006848940950213362,0.006848940950213362,0.008347849720991212,-0.0014989087707778497,-0.0014989087707778497,0.0,0.0,False,0.0,0.0,0.008347849720991212
2011-12-06,-0.0013623579823448635,-0.0013623579823448635,-0.0037176745077548076,0.0023553165254099444,0.0023553165254099444,0.0,0.0,False,0.0,0.0,-0.0037176745077548076
2011-12-07,0.0043705199390274944,0.0043705199390274944,0.004493672466028351,-0.00012315252700085665,-0.00012315252700085665,0.0,0.0,False,0.0,0.0,0.004493672466028351
2011-12-08,-0.014779552625304362,-0.014779552625304362,-0.015512333136505036,0.0007327805112006744,0.0007327805112006744,0.0,0.0,False,0.0,0.0,-0.015512333136505036
2011-12-09,0.008620483536355838,0.008620483536355838,0.009138415708381501,-0.0005179321720256633,-0.0005179321720256633,0.0,0.0,False,0.0,0.0,0.009138415708381501
2011-12-12,-0.010022962836893124,-0.010022962836893124,-0.011905889940194935,0.001882927103301811,0.001882927103301811,0.0,0.0,False,0.0,0.0,-0.011905889940194935
2011-12-13,-0.006538522919802317,-0.006538522919802317,-0.00479022342979174,-0.0017482994900105773,-0.0017482994900105773,0.0,0.0,False,0.0,0.0,-0.00479022342979174
2011-12-14,-0.007578449993571899,-0.007578449993571899,-0.004803959708622588,-0.0027744902849493117,-0.0027744902849493117,0.0,0.0,False,0.0,0.0,-0.004803959708622588
2011-12-15,0.002516786953070468,0.002516786953070468,0.0027362012235108875,-0.00021941427044041943,-0.00021941427044041943,0.0,0.0,False,0.0,0.0,0.0027362012235108875
2011-12-16,0.004920247272394724,0.004920247272394724,0.0034225927089467476,0.0014976545634479764,0.0014976545634479764,0.0,0.0,False,0.0,0.0,0.0034225927089467476
2011-12-19,-0.004766507407368196,-0.004766507407368196,-0.0059050204320808975,0.0011385130247127014,0.0011385130247127014,0.0,0.0,False,0.0,0.0,-0.0059050204320808975
2011-12-20,0.0161042695522004,0.0161042695522004,0.01652305634289365,-0.00041878679069324784,-0.00041878679069324784,0.0,0.0,False,0.0,0.0,0.01652305634289365
2011-12-21,-0.0006532884734002258,-0.0006532884734002258,-0.001710590444643463,0.0010573019712432372,0.0010573019712432372,0.0,0.0,False,0.0,0.0,-0.001710590444643463
2011-12-22,0.0052536494814098295,0.0052536494814098295,0.006832978061587169,-0.0015793285801773398,-0.0015793285801773398,0.0,0.0,False,0.0,0.0,0.006832978061587169
2011-12-23,0.002650089240521406,0.002650089240521406,0.0024035620985125845,0.00024652714200882166,0.00024652714200882166,0.0,0.0,False,0.0,0.0,0.0024035620985125845
2011-12-27,0.0007546249480018387,0.0007546249480018387,-0.00025558749699585603,0.0010102124449976946,0.0010102124449976946,0.0,0.0,False,0.0,0.0,-0.00025558749699585603
2011-12-28,-0.008227518933899837,-0.008227518933899837,-0.006656454172802726,-0.0015710647610971112,-0.0015710647610971112,0.0,0.0,False,0.0,0.0,-0.006656454172802726
2011-12-29,0.005292077770328447,0.005292077770328447,0.007615313580277028,-0.002323235809948581,-0.002323235809948581,0.0,0.0,False,0.0,0.0,0.007615313580277028
2011-12-30,0.00042111452613646956,0.00042111452613646956,0.0005493300200002436,-0.00012821549386377409,-0.00012821549386377409,0.0,0.0,False,0.0,0.0,0.0005493300200002436
2012-01-03,0.00938922455993344,0.009110694664137864,0.010615532859231941,-0.0015048381950940777,-0.0012263082992985015,0.2785298957955756,0.0002785298957955756,True,0.009245407031349882,9.24540703134988e-06,0.010606287452200592
2012-01-04,-0.0009605846687421349,-0.0009605846687421349,-0.002355469443620351,0.0013948847748782162,0.0013948847748782162,0.0,0.0,False,0.0,0.0,-0.002355469443620351
2012-01-05,0.00020621096011796183,0.00020621096011796183,-0.0022976529472545698,0.0025038639073725315,0.0025038639073725315,0.0,0.0,False,0.0,0.0,-0.0022976529472545698
2012-01-06,-0.001255854387911636,-0.001255854387911636,-0.0025132152518639126,0.0012573608639522766,0.0012573608639522766,0.0,0.0,False,0.0,0.0,-0.0025132152518639126
2012-01-09,0.0011227354178866757,0.0011227354178866757,0.0023474566552333332,-0.0012247212373466575,-0.0012247212373466575,0.0,0.0,False,0.0,0.0,0.0023474566552333332
2012-01-10,0.006164487313510586,0.006164487313510586,0.00778125778793205,-0.001616770474421464,-0.001616770474421464,0.0,0.0,False,0.0,0.0,0.00778125778793205
2012-01-11,0.0026819436357889415,0.0026819436357889415,0.0017064313793152004,0.0009755122564737411,0.0009755122564737411,0.0,0.0,False,0.0,0.0,0.0017064313793152004
2012-01-12,0.0012618534198752004,0.0012618534198752004,0.0017834216680045474,-0.000521568248129347,-0.000521568248129347,0.0,0.0,False,0.0,0.0,0.0017834216680045474
2012-01-13,-0.0021897090144692866,-0.0021897090144692866,-0.002499459633733942,0.0003097506192646553,0.0003097506192646553,0.0,0.0,False,0.0,0.0,-0.002499459633733942
2012-01-17,0.0037503234345257134,0.0037503234345257134,0.0057369291437692985,-0.001986605709243585,-0.001986605709243585,0.0,0.0,False,0.0,0.0,0.0057369291437692985
2012-01-18,0.006118236704457143,0.006118236704457143,0.007851406569516958,-0.0017331698650598151,-0.0017331698650598151,0.0,0.0,False,0.0,0.0,0.007851406569516958
2012-01-19,0.0012429215396408723,0.0012429215396408723,0.0028377838936531176,-0.0015948623540122454,-0.0015948623540122454,0.0,0.0,False,0.0,0.0,0.0028377838936531176
2012-01-20,0.0011155801128376283,0.0011155801128376283,0.00031688219758863913,0.0007986979152489891,0.0007986979152489891,0.0,0.0,False,0.0,0.0,0.00031688219758863913
2012-01-23,-0.0007813111375827097,-0.0007813111375827097,-0.0001798687113140629,-0.0006014424262686468,-0.0006014424262686468,0.0,0.0,False,0.0,0.0,-0.0001798687113140629
2012-01-24,-0.0007496678087506904,-0.0007496678087506904,7.847783802831089e-05,-0.0008281456467790013,-0.0008281456467790013,0.0,0.0,False,0.0,0.0,7.847783802831089e-05
2012-01-25,0.008904153362032131,0.008904153362032131,0.007080467136103684,0.0018236862259284475,0.0018236862259284475,0.0,0.0,False,0.0,0.0,0.007080467136103684
2012-01-26,0.0008011717140954811,0.0008011717140954811,0.0007784870886672046,2.268462542827658e-05,2.268462542827658e-05,0.0,0.0,False,0.0,0.0,0.0007784870886672046
2012-01-27,0.002488897802255152,0.002488897802255152,0.001979444352786976,0.0005094534494681758,0.0005094534494681758,0.0,0.0,False,0.0,0.0,0.001979444352786976
2012-01-30,-0.0023561326554678843,-0.0023561326554678843,-0.0037666766540959402,0.001410543998628056,0.001410543998628056,0.0,0.0,False,0.0,0.0,-0.0037666766540959402
2012-01-31,0.002497041797799439,0.002497041797799439,0.0032453573948535274,-0.0007483155970540883,-0.0007483155970540883,0.0,0.0,False,0.0,0.0,0.0032453573948535274
2012-02-01,0.005805371440900649,0.005609752226452926,0.007600154184699731,-0.001990401958246805,-0.0017947827437990822,0.1956192144477229,0.0001956192144477229,True,0.01122446361498804,1.1224463614988039e-05,0.007588929721084743
2012-02-02,0.0022345501615466945,0.0022345501615466945,0.001930185081858573,0.00030436507968812157,0.00030436507968812157,0.0,0.0,False,0.0,0.0,0.001930185081858573
2012-02-03,0.005492779079146354,0.005492779079146354,0.006541726080929788,-0.0010489470017834342,-0.0010489470017834342,0.0,0.0,False,0.0,0.0,0.006541726080929788
2012-02-06,0.0005077194367147055,0.0005077194367147055,-0.0005785286398423802,0.0010862480765570857,0.0010862480765570857,0.0,0.0,False,0.0,0.0,-0.0005785286398423802
2012-02-07,-0.0016216933581232973,-0.0016216933581232973,-0.0002580037412968859,-0.0013636896168264115,-0.0013636896168264115,0.0,0.0,False,0.0,0.0,-0.0002580037412968859
2012-02-08,0.0017278482656810077,0.0017278482656810077,0.0025584584517778348,-0.000830610186096827,-0.000830610186096827,0.0,0.0,False,0.0,0.0,0.0025584584517778348
2012-02-09,-0.001531866855032927,-0.001531866855032927,-0.0007933440086770404,-0.0007385228463558867,-0.0007385228463558867,0.0,0.0,False,0.0,0.0,-0.0007933440086770404
2012-02-10,-0.0031590100514208783,-0.0031590100514208783,-0.006564367957611455,0.003405357906190577,0.003405357906190577,0.0,0.0,False,0.0,0.0,-0.006564367957611455
2012-02-13,0.004985414820849467,0.004985414820849467,0.006744594320174795,-0.001759179499325328,-0.001759179499325328,0.0,0.0,False,0.0,0.0,0.006744594320174795
2012-02-14,-0.00038507390139999077,-0.00038507390139999077,-0.0018092181041403223,0.0014241442027403315,0.0014241442027403315,0.0,0.0,False,0.0,0.0,-0.0018092181041403223
2012-02-15,-0.0028849273748683653,-0.0028849273748683653,-0.001532091241897177,-0.0013528361329711884,-0.0013528361329711884,0.0,0.0,False,0.0,0.0,-0.001532091241897177
2012-02-16,0.005168894223829734,0.005168894223829734,0.005981923887578814,-0.0008130296637490807,-0.0008130296637490807,0.0,0.0,False,0.0,0.0,0.005981923887578814
2012-02-17,0.00038780107768121824,0.00038780107768121824,0.001219944535222162,-0.0008321434575409439,-0.0008321434575409439,0.0,0.0,False,0.0,0.0,0.001219944535222162
2012-02-21,-0.0023539542005634774,-0.0023539542005634774,-0.0020684716757396666,-0.0002854825248238108,-0.0002854825248238108,0.0,0.0,False,0.0,0.0,-0.0020684716757396666
2012-02-22,-0.00023795506863549397,-0.00023795506863549397,0.0006069964365171443,-0.0008449515051526383,-0.0008449515051526383,0.0,0.0,False,0.0,0.0,0.0006069964365171443
2012-02-23,0.004651098659667108,0.004651098659667108,0.00366476707133055,0.0009863315883365574,0.0009863315883365574,0.0,0.0,False,0.0,0.0,0.00366476707133055
2012-02-24,0.0008924739651688359,0.0008924739651688359,0.003088554217031695,-0.002196080251862859,-0.002196080251862859,0.0,0.0,False,0.0,0.0,0.003088554217031695
2012-02-27,0.0019310684217931763,0.0019310684217931763,0.00022720105919623028,0.001703867362596946,0.001703867362596946,0.0,0.0,False,0.0,0.0,0.00022720105919623028
2012-02-28,0.001285102940942781,0.001285102940942781,0.003994801784234453,-0.0027096988432916717,-0.0027096988432916717,0.0,0.0,False,0.0,0.0,0.003994801784234453
2012-02-29,-0.005050434640734137,-0.005050434640734137,-0.004947908836538648,-0.00010252580419548886,-0.00010252580419548886,0.0,0.0,False,0.0,0.0,-0.004947908836538648
2012-03-01,0.0012069909027316902,0.00118930127354764,0.0029893702063194744,-0.0018000689327718343,-0.0017823793035877842,0.017689629184050076,1.7689629184050075e-05,True,0.011079333096650754,1.1079333096650753e-05,0.0029782908732228237
2012-03-02,-0.0020450287056113983,-0.0020450287056113983,-0.001996936943310274,-4.809176230112424e-05,-4.809176230112424e-05,0.0,0.0,False,0.0,0.0,-0.001996936943310274
2012-03-05,-0.002187900231906544,-0.002187900231906544,-0.00476449751464369,0.002576597282737146,0.002576597282737146,0.0,0.0,False,0.0,0.0,-0.00476449751464369
2012-03-06,-0.007091405599720294,-0.007091405599720294,-0.012293242203372039,0.005201836603651745,0.005201836603651745,0.0,0.0,False,0.0,0.0,-0.012293242203372039
2012-03-07,0.003188542834162796,0.003188542834162796,0.004773160210994309,-0.001584617376831513,-0.001584617376831513,0.0,0.0,False,0.0,0.0,0.004773160210994309
2012-03-08,0.004508519863648373,0.004508519863648373,0.007800807160139799,-0.0032922872964914257,-0.0032922872964914257,0.0,0.0,False,0.0,0.0,0.007800807160139799
2012-03-09,0.0031913009798347344,0.0031913009798347344,0.0011670446608431034,0.002024256318991631,0.002024256318991631,0.0,0.0,False,0.0,0.0,0.0011670446608431034
2012-03-12,-0.0006378720503564525,-0.0006378720503564525,-0.0019079751413175637,0.0012701030909611113,0.0012701030909611113,0.0,0.0,False,0.0,0.0,-0.0019079751413175637
2012-03-13,0.006725911955142822,0.006725911955142822,0.008835267442402542,-0.0021093554872597207,-0.0021093554872597207,0.0,0.0,False,0.0,0.0,0.008835267442402542
2012-03-14,-0.007248656099206083,-0.007248656099206083,-0.008889411989765325,0.0016407558905592425,0.0016407558905592425,0.0,0.0,False,0.0,0.0,-0.008889411989765325
2012-03-15,0.003032642202316815,0.003032642202316815,0.004129877874906984,-0.0010972356725901691,-0.0010972356725901691,0.0,0.0,False,0.0,0.0,0.004129877874906984
2012-03-16,0.00045891585923392387,0.00045891585923392387,0.0015680937848826983,-0.0011091779256487745,-0.0011091779256487745,0.0,0.0,False,0.0,0.0,0.0015680937848826983
2012-03-19,0.0005312631395515369,0.0005312631395515369,8.091765976570757e-05,0.00045034547978582934,0.00045034547978582934,0.0,0.0,False,0.0,0.0,8.091765976570757e-05
2012-03-20,-0.002443039738377089,-0.002443039738377089,-0.004690491407935297,0.0022474516695582085,0.0022474516695582085,0.0,0.0,False,0.0,0.0,-0.004690491407935297
2012-03-21,0.001691360586978526,0.001691360586978526,0.0008665796507719347,0.0008247809362065912,0.0008247809362065912,0.0,0.0,False,0.0,0.0,0.0008665796507719347
2012-03-22,-0.003971671570667065,-0.003971671570667065,-0.005100727693905271,0.001129056123238206,0.001129056123238206,0.0,0.0,False,0.0,0.0,-0.005100727693905271
2012-03-23,0.0041262270926708585,0.0041262270926708585,0.004576463415274831,-0.00045023632260397274,-0.00045023632260397274,0.0,0.0,False,0.0,0.0,0.004576463415274831
2012-03-26,0.00834022804552419,0.00834022804552419,0.008858366601556207,-0.0005181385560320169,-0.0005181385560320169,0.0,0.0,False,0.0,0.0,0.008858366601556207
2012-03-27,0.0006277768551714309,0.0006277768551714309,-0.00024062551547489688,0.0008684023706463278,0.0008684023706463278,0.0,0.0,False,0.0,0.0,-0.00024062551547489688
2012-03-28,-0.0035890626963616234,-0.0035890626963616234,-0.005196256957849812,0.001607194261488189,0.001607194261488189,0.0,0.0,False,0.0,0.0,-0.005196256957849812
2012-03-29,0.0006042072108069876,0.0006042072108069876,-0.0002731170500729183,0.0008773242608799059,0.0008773242608799059,0.0,0.0,False,0.0,0.0,-0.0002731170500729183
2012-03-30,-0.0010462781030053105,-0.0010462781030053105,0.0009987760497843598,-0.0020450541527896704,-0.0020450541527896704,0.0,0.0,False,0.0,0.0,0.0009987760497843598
2012-04-02,0.005734148977289416,0.005715342944873762,0.007075496275955628,-0.0013601533310818661,-0.001341347298666212,0.018806032415654286,1.8806032415654287e-05,True,0.01102323991151868,1.1023239911518682e-05,0.0070644730360441095
2012-04-03,-0.006400500285332453,-0.006400500285332453,-0.008523538428092283,0.00212303814275983,0.00212303814275983,0.0,0.0,False,0.0,0.0,-0.008523538428092283
2012-04-04,-0.004025908075393584,-0.004025908075393584,-0.00697212402465527,0.002946215949261686,0.002946215949261686,0.0,0.0,False,0.0,0.0,-0.00697212402465527
2012-04-05,0.0009555906106683225,0.0009555906106683225,0.0008030047947875532,0.0001525858158807693,0.0001525858158807693,0.0,0.0,False,0.0,0.0,0.0008030047947875532
2012-04-09,-0.0019853170988989636,-0.0019853170988989636,-0.0020532479870569477,6.793088815798412e-05,6.793088815798412e-05,0.0,0.0,False,0.0,0.0,-0.0020532479870569477
2012-04-10,-0.007874539586827206,-0.007874539586827206,-0.009731061247950805,0.0018565216611235984,0.0018565216611235984,0.0,0.0,False,0.0,0.0,-0.009731061247950805
2012-04-11,0.0033786563737306053,0.0033786563737306053,0.004539929186861656,-0.0011612728131310509,-0.0011612728131310509,0.0,0.0,False,0.0,0.0,0.004539929186861656
2012-04-12,0.0060942890634222546,0.0060942890634222546,0.009196889636519694,-0.00310260057309744,-0.00310260057309744,0.0,0.0,False,0.0,0.0,0.009196889636519694
2012-04-13,-0.003362893310163678,-0.003362893310163678,-0.005720319000002301,0.0023574256898386227,0.0023574256898386227,0.0,0.0,False,0.0,0.0,-0.005720319000002301
2012-04-16,-9.405866443752768e-05,-9.405866443752768e-05,0.00030555260293844034,-0.000399611267375968,-0.000399611267375968,0.0,0.0,False,0.0,0.0,0.00030555260293844034
2012-04-17,0.007123182652141987,0.007123182652141987,0.008478008811188624,-0.001354826159046637,-0.001354826159046637,0.0,0.0,False,0.0,0.0,0.008478008811188624
2012-04-18,-0.0016512721998601316,-0.0016512721998601316,-0.002073056721932351,0.00042178452207221936,0.00042178452207221936,0.0,0.0,False,0.0,0.0,-0.002073056721932351
2012-04-19,-0.0025989504400734057,-0.0025989504400734057,-0.003119949467584086,0.0005209990275106802,0.0005209990275106802,0.0,0.0,False,0.0,0.0,-0.003119949467584086
2012-04-20,0.0014683750891359472,0.0014683750891359472,0.002848593965503801,-0.0013802188763678538,-0.0013802188763678538,0.0,0.0,False,0.0,0.0,0.002848593965503801
2012-04-23,-0.004320949258152191,-0.004320949258152191,-0.007175374034634717,0.0028544247764825262,0.0028544247764825262,0.0,0.0,False,0.0,0.0,-0.007175374034634717
2012-04-24,0.0012750928673973666,0.0012750928673973666,0.0016801532623454498,-0.0004050603949480832,-0.0004050603949480832,0.0,0.0,False,0.0,0.0,0.0016801532623454498
2012-04-25,0.006897032966609839,0.006897032966609839,0.007425691765333873,-0.0005286587987240344,-0.0005286587987240344,0.0,0.0,False,0.0,0.0,0.007425691765333873
2012-04-26,0.005362775001199819,0.005362775001199819,0.005285857698295428,7.691730290439094e-05,7.691730290439094e-05,0.0,0.0,False,0.0,0.0,0.005285857698295428
2012-04-27,0.0023562331317139263,0.0023562331317139263,0.002092679087476492,0.0002635540442374345,0.0002635540442374345,0.0,0.0,False,0.0,0.0,0.002092679087476492
2012-04-30,-0.0027816219830207843,-0.0027816219830207843,-0.0026063988093878087,-0.00017522317363297558,-0.00017522317363297558,0.0,0.0,False,0.0,0.0,-0.0026063988093878087
2012-05-01,0.0014235514110445646,0.0013305961041317467,0.0022833216316882287,-0.000952725527556482,-0.0008597702206436641,0.09295530691281786,9.295530691281785e-05,True,0.008473918524125351,8.473918524125351e-06,0.0022748477131641033
2012-05-02,0.0006167625841839664,0.0006167625841839664,-0.0009048832521327778,0.001521645836316744,0.001521645836316744,0.0,0.0,False,0.0,0.0,-0.0009048832521327778
2012-05-03,-0.00481705136742957,-0.00481705136742957,-0.005004971624436865,0.0001879202570072942,0.0001879202570072942,0.0,0.0,False,0.0,0.0,-0.005004971624436865
2012-05-04,-0.007343584465812464,-0.007343584465812464,-0.008451500505520536,0.0011079160397080715,0.0011079160397080715,0.0,0.0,False,0.0,0.0,-0.008451500505520536
2012-05-07,0.0009814462500130946,0.0009814462500130946,0.0019932883915249645,-0.00101184214151187,-0.00101184214151187,0.0,0.0,False,0.0,0.0,0.0019932883915249645
2012-05-08,-0.00031287013965248747,-0.00031287013965248747,-0.003975380981079583,0.0036625108414270954,0.0036625108414270954,0.0,0.0,False,0.0,0.0,-0.003975380981079583
2012-05-09,-0.0030973128874666,-0.0030973128874666,-0.005068152436657468,0.0019708395491908684,0.0019708395491908684,0.0,0.0,False,0.0,0.0,-0.005068152436657468
2012-05-10,0.00045486459356941435,0.00045486459356941435,0.001134781298472795,-0.0006799167049033806,-0.0006799167049033806,0.0,0.0,False,0.0,0.0,0.001134781298472795
2012-05-11,0.00014063241005085836,0.00014063241005085836,-0.0016217294194171734,0.0017623618294680319,0.0017623618294680319,0.0,0.0,False,0.0,0.0,-0.0016217294194171734
2012-05-14,-0.004624704161306089,-0.004624704161306089,-0.007250047297056162,0.002625343135750073,0.002625343135750073,0.0,0.0,False,0.0,0.0,-0.007250047297056162
2012-05-15,-0.0024553527506522435,-0.0024553527506522435,-0.004344452353051555,0.0018890996023993118,0.0018890996023993118,0.0,0.0,False,0.0,0.0,-0.004344452353051555
2012-05-16,-0.0020977384590531428,-0.0020977384590531428,-0.0038474813846065044,0.0017497429255533617,0.0017497429255533617,0.0,0.0,False,0.0,0.0,-0.0038474813846065044
2012-05-17,-0.009221758213630662,-0.009221758213630662,-0.007922368430735145,-0.0012993897828955173,-0.0012993897828955173,0.0,0.0,False,0.0,0.0,-0.007922368430735145
2012-05-18,-0.005401493444456486,-0.005401493444456486,-0.005605284176460182,0.00020379073200369607,0.00020379073200369607,0.0,0.0,False,0.0,0.0,-0.005605284176460182
2012-05-21,0.00889208383789498,0.00889208383789498,0.01097765655496233,-0.0020855727170673508,-0.0020855727170673508,0.0,0.0,False,0.0,0.0,0.01097765655496233
2012-05-22,-0.0015463696500186558,-0.0015463696500186558,-0.0027673088774977806,0.0012209392274791248,0.0012209392274791248,0.0,0.0,False,0.0,0.0,-0.0027673088774977806
2012-05-23,0.00245274208582322,0.00245274208582322,-2.662395271365518e-05,0.0024793660385368753,0.0024793660385368753,0.0,0.0,False,0.0,0.0,-2.662395271365518e-05
2012-05-24,0.0004331040436471143,0.0004331040436471143,-0.0013519895492553043,0.0017850935929024185,0.0017850935929024185,0.0,0.0,False,0.0,0.0,-0.0013519895492553043
2012-05-25,0.00017121702419303889,0.00017121702419303889,-0.000724895129273308,0.000896112153466347,0.000896112153466347,0.0,0.0,False,0.0,0.0,-0.000724895129273308
2012-05-29,0.00644553676723216,0.00644553676723216,0.008546315638497837,-0.002100778871265677,-0.002100778871265677,0.0,0.0,False,0.0,0.0,0.008546315638497837
2012-05-30,-0.005106577268337745,-0.005106577268337745,-0.006677040044030802,0.0015704627756930566,0.0015704627756930566,0.0,0.0,False,0.0,0.0,-0.006677040044030802
2012-05-31,0.0017589635344422523,0.0017589635344422523,0.002847320061317469,-0.0010883565268752166,-0.0010883565268752166,0.0,0.0,False,0.0,0.0,0.002847320061317469
2012-06-01,-0.009977327391663019,-0.0099980098025189,-0.011710605579772698,0.0017125957772537968,0.0017332781881096784,0.02068241085588102,2.068241085588102e-05,True,0.027344933916253603,2.73449339162536e-05,-0.011737950513688951
2012-06-04,-0.0038204322244905897,-0.0038204322244905897,-0.0013270229546700457,-0.0024934092698205438,-0.0024934092698205438,0.0,0.0,False,0.0,0.0,-0.0013270229546700457
2012-06-05,0.0032659969979727584,0.0032659969979727584,0.0025382031484238858,0.0007277938495488727,0.0007277938495488727,0.0,0.0,False,0.0,0.0,0.0025382031484238858
2012-06-06,0.009308462465796054,0.009308462465796054,0.012216306461696184,-0.00290784399590013,-0.00290784399590013,0.0,0.0,False,0.0,0.0,0.012216306461696184
2012-06-07,0.0002596703002100257,0.0002596703002100257,0.0015446676397473246,-0.0012849973395372988,-0.0012849973395372988,0.0,0.0,False,0.0,0.0,0.0015446676397473246
2012-06-08,0.006004167000292588,0.006004167000292588,0.002376700733198424,0.0036274662670941643,0.0036274662670941643,0.0,0.0,False,0.0,0.0,0.002376700733198424
2012-06-11,-0.007377152443364272,-0.007377152443364272,-0.007135761442824653,-0.00024139100053961922,-0.00024139100053961922,0.0,0.0,False,0.0,0.0,-0.007135761442824653
2012-06-12,0.0039618393526083245,0.0039618393526083245,0.006703126901649419,-0.002741287549041095,-0.002741287549041095,0.0,0.0,False,0.0,0.0,0.006703126901649419
2012-06-13,-0.0019119809255253267,-0.0019119809255253267,-0.0020285324700759265,0.00011655154455059982,0.00011655154455059982,0.0,0.0,False,0.0,0.0,-0.0020285324700759265
2012-06-14,0.004563249860922228,0.004563249860922228,0.004813981831767149,-0.0002507319708449215,-0.0002507319708449215,0.0,0.0,False,0.0,0.0,0.004813981831767149
2012-06-15,0.007893189341023506,0.007893189341023506,0.009549538531974999,-0.0016563491909514921,-0.0016563491909514921,0.0,0.0,False,0.0,0.0,0.009549538531974999
2012-06-18,0.0007058185542474642,0.0007058185542474642,0.0005653020545713715,0.00014051649967609275,0.00014051649967609275,0.0,0.0,False,0.0,0.0,0.0005653020545713715
2012-06-19,0.0051230996490516725,0.0051230996490516725,0.006515270749824955,-0.0013921711007732823,-0.0013921711007732823,0.0,0.0,False,0.0,0.0,0.006515270749824955
2012-06-20,-0.001250802482921714,-0.001250802482921714,-0.00011315128871683321,-0.0011376511942048808,-0.0011376511942048808,0.0,0.0,False,0.0,0.0,-0.00011315128871683321
2012-06-21,-0.011058025883804437,-0.011058025883804437,-0.014934963526752196,0.0038769376429477597,0.0038769376429477597,0.0,0.0,False,0.0,0.0,-0.014934963526752196
2012-06-22,0.0032316511660709446,0.0032316511660709446,0.002877654025194753,0.0003539971408761918,0.0003539971408761918,0.0,0.0,False,0.0,0.0,0.002877654025194753
2012-06-25,-0.006205959310761382,-0.006205959310761382,-0.008757837320335624,0.002551878009574241,0.002551878009574241,0.0,0.0,False,0.0,0.0,-0.008757837320335624
2012-06-26,0.0020457729147780584,0.0020457729147780584,0.003070203226446055,-0.0010244303116679968,-0.0010244303116679968,0.0,0.0,False,0.0,0.0,0.003070203226446055
2012-06-27,0.006450979694563425,0.006450979694563425,0.006160921761887544,0.0002900579326758808,0.0002900579326758808,0.0,0.0,False,0.0,0.0,0.006160921761887544
2012-06-28,-9.374588957728239e-05,-9.374588957728239e-05,-0.00011848789967355041,2.474201009626802e-05,2.474201009626802e-05,0.0,0.0,False,0.0,0.0,-0.00011848789967355041
2012-06-29,0.012214640128392299,0.012214640128392299,0.017301368113661543,-0.005086727985269244,-0.005086727985269244,0.0,0.0,False,0.0,0.0,0.017301368113661543
2012-07-02,0.00525807002026772,0.0051610708896878636,0.004712824221143963,0.00044824666854390016,0.0005452457991237565,0.09699913057985626,9.699913057985627e-05,True,0.011978050349057377,1.1978050349057378e-05,0.004700846170794906
2012-07-03,0.0036572357335079016,0.0036572357335079016,0.005232043605736999,-0.0015748078722290977,-0.0015748078722290977,0.0,0.0,False,0.0,0.0,0.005232043605736999
2012-07-05,-0.0004819492324439498,-0.0004819492324439498,-0.0038022117739178315,0.003320262541473882,0.003320262541473882,0.0,0.0,False,0.0,0.0,-0.0038022117739178315
2012-07-06,-0.0035587730680827073,-0.0035587730680827073,-0.00509985652472031,0.0015410834566376022,0.0015410834566376022,0.0,0.0,False,0.0,0.0,-0.00509985652472031
2012-07-09,9.339736882323741e-06,9.339736882323741e-06,-0.00015025424524673958,0.00015959398212906333,0.00015959398212906333,0.0,0.0,False,0.0,0.0,-0.00015025424524673958
2012-07-10,-0.004674747200222333,-0.004674747200222333,-0.0050872301016256045,0.00041248290140327194,0.00041248290140327194,0.0,0.0,False,0.0,0.0,-0.0050872301016256045
2012-07-11,-0.0005675208108128446,-0.0005675208108128446,0.0009743916613532135,-0.001541912472166058,-0.001541912472166058,0.0,0.0,False,0.0,0.0,0.0009743916613532135
2012-07-12,-0.0007012323003835095,-0.0007012323003835095,-0.0031233388722907663,0.002422106571907257,0.002422106571907257,0.0,0.0,False,0.0,0.0,-0.0031233388722907663
2012-07-13,0.00750262574773862,0.00750262574773862,0.009298313439344896,-0.0017956876916062764,-0.0017956876916062764,0.0,0.0,False,0.0,0.0,0.009298313439344896
2012-07-16,-0.00028894002784759495,-0.00028894002784759495,-5.848686882706285e-05,-0.0002304531590205321,-0.0002304531590205321,0.0,0.0,False,0.0,0.0,-5.848686882706285e-05
2012-07-17,0.0020439736579258533,0.0020439736579258533,0.003013323653999942,-0.0009693499960740887,-0.0009693499960740887,0.0,0.0,False,0.0,0.0,0.003013323653999942
2012-07-18,0.004679885770489138,0.004679885770489138,0.00450022880389178,0.00017965696659735797,0.00017965696659735797,0.0,0.0,False,0.0,0.0,0.00450022880389178
2012-07-19,0.00012707557142568968,0.00012707557142568968,0.0027364830406911805,-0.002609407469265491,-0.002609407469265491,0.0,0.0,False,0.0,0.0,0.0027364830406911805
2012-07-20,-0.003741115055493521,-0.003741115055493521,-0.00681259042726316,0.003071475371769639,0.003071475371769639,0.0,0.0,False,0.0,0.0,-0.00681259042726316
2012-07-23,-0.0059208713452172995,-0.0059208713452172995,-0.009262599674427937,0.0033417283292106375,0.0033417283292106375,0.0,0.0,False,0.0,0.0,-0.009262599674427937
2012-07-24,-0.004102288924464216,-0.004102288924464216,-0.0041361955500067975,3.390662554258149e-05,3.390662554258149e-05,0.0,0.0,False,0.0,0.0,-0.0041361955500067975
2012-07-25,0.0008926343833609777,0.0008926343833609777,0.0019397607282866383,-0.0010471263449256605,-0.0010471263449256605,0.0,0.0,False,0.0,0.0,0.0019397607282866383
2012-07-26,0.006148968656153116,0.006148968656153116,0.011028473084277051,-0.004879504428123935,-0.004879504428123935,0.0,0.0,False,0.0,0.0,0.011028473084277051
2012-07-27,0.006871023947570186,0.006871023947570186,0.009334291474168265,-0.0024632675265980793,-0.0024632675265980793,0.0,0.0,False,0.0,0.0,0.009334291474168265
2012-07-30,0.0009485006640728446,0.0009485006640728446,0.00048545506915665814,0.00046304559491618645,0.00046304559491618645,0.0,0.0,False,0.0,0.0,0.00048545506915665814
2012-07-31,-0.002504042257348226,-0.002504042257348226,-0.0026766657253715805,0.00017262346802335467,0.00017262346802335467,0.0,0.0,False,0.0,0.0,-0.0026766657253715805
2012-08-01,-0.004325180225475298,-0.004337760903963562,-0.0020227321187618053,-0.002315028785201757,-0.0023024481067134926,0.012580678488264508,1.2580678488264507e-05,True,0.0047472521472635525,4.747252147263552e-06,-0.0020274793709090686
2012-08-02,-0.0021023713166376007,-0.0021023713166376007,-0.004675505194481946,0.0025731338778443454,0.0025731338778443454,0.0,0.0,False,0.0,0.0,-0.004675505194481946
2012-08-03,0.008562483105163388,0.008562483105163388,0.013054042248831138,-0.0044915591436677504,-0.0044915591436677504,0.0,0.0,False,0.0,0.0,0.013054042248831138
2012-08-06,0.0023226753066334194,0.0023226753066334194,0.0030237659669938,-0.0007010906603603807,-0.0007010906603603807,0.0,0.0,False,0.0,0.0,0.0030237659669938
2012-08-07,0.000711889524907506,0.000711889524907506,0.001085546160542087,-0.000373656635634581,-0.000373656635634581,0.0,0.0,False,0.0,0.0,0.001085546160542087
2012-08-08,-0.0006593605511367235,-0.0006593605511367235,-0.0005416283907459713,-0.00011773216039075217,-0.00011773216039075217,0.0,0.0,False,0.0,0.0,-0.0005416283907459713
2012-08-09,0.0007339227856165887,0.0007339227856165887,0.0007404067617001359,-6.483976083547158e-06,-6.483976083547158e-06,0.0,0.0,False,0.0,0.0,0.0007404067617001359
2012-08-10,0.0013670745346445554,0.0013670745346445554,0.0022871929228567463,-0.0009201183882121908,-0.0009201183882121908,0.0,0.0,False,0.0,0.0,0.0022871929228567463
2012-08-13,-0.0009323201047895879,-0.0009323201047895879,-0.002394315465371128,0.0014619953605815401,0.0014619953605815401,0.0,0.0,False,0.0,0.0,-0.002394315465371128
2012-08-14,-0.002604387805406404,-0.002604387805406404,-0.0020201103857583145,-0.0005842774196480895,-0.0005842774196480895,0.0,0.0,False,0.0,0.0,-0.0020201103857583145
2012-08-15,-0.0005440799861656986,-0.0005440799861656986,-0.002146693299131202,0.0016026133129655033,0.0016026133129655033,0.0,0.0,False,0.0,0.0,-0.002146693299131202
2012-08-16,0.0031589667058661286,0.0031589667058661286,0.004327422859557323,-0.0011684561536911943,-0.0011684561536911943,0.0,0.0,False,0.0,0.0,0.004327422859557323
2012-08-17,0.002227265282715552,0.002227265282715552,0.0011293583302839725,0.0010979069524315794,0.0010979069524315794,0.0,0.0,False,0.0,0.0,0.0011293583302839725
2012-08-20,0.00021952891426132992,0.00021952891426132992,0.00028818426274700756,-6.865534848567764e-05,-6.865534848567764e-05,0.0,0.0,False,0.0,0.0,0.00028818426274700756
2012-08-21,-0.0006654287566207585,-0.0006654287566207585,0.000394934577842292,-0.0010603633344630505,-0.0010603633344630505,0.0,0.0,False,0.0,0.0,0.000394934577842292
2012-08-22,0.002737721315517529,0.002737721315517529,0.0028625161401473,-0.00012479482462977084,-0.00012479482462977084,0.0,0.0,False,0.0,0.0,0.0028625161401473
2012-08-23,-0.003371283969129671,-0.003371283969129671,-0.004014038450684106,0.0006427544815544345,0.0006427544815544345,0.0,0.0,False,0.0,0.0,-0.004014038450684106
2012-08-24,0.0026067993046839516,0.0026067993046839516,0.0017807858798944308,0.0008260134247895208,0.0008260134247895208,0.0,0.0,False,0.0,0.0,0.0017807858798944308
2012-08-27,0.0016086194053779412,0.0016086194053779412,0.00023884664792182635,0.0013697727574561148,0.0013697727574561148,0.0,0.0,False,0.0,0.0,0.00023884664792182635
2012-08-28,0.000700711703945512,0.000700711703945512,-2.3061956026681108e-05,0.0007237736599721931,0.0007237736599721931,0.0,0.0,False,0.0,0.0,-2.3061956026681108e-05
2012-08-29,0.0002977146466684966,0.0002977146466684966,-0.0012014442360106215,0.0014991588826791182,0.0014991588826791182,0.0,0.0,False,0.0,0.0,-0.0012014442360106215
2012-08-30,-0.0035217190094761755,-0.0035217190094761755,-0.005491046754438418,0.001969327744962243,0.001969327744962243,0.0,0.0,False,0.0,0.0,-0.005491046754438418
2012-08-31,0.005506012357127939,0.005506012357127939,0.006921322943574455,-0.0014153105864465158,-0.0014153105864465158,0.0,0.0,False,0.0,0.0,0.006921322943574455
2012-09-04,0.0005640208454177164,0.00029379436981112687,-0.001844622999131057,0.0021384173689421838,0.002408643844548773,0.2702264756065896,0.0002702264756065896,True,0.007227000584314799,7.2270005843148e-06,-0.0018518499997153717
2012-09-05,-0.00038243902384735404,-0.00038243902384735404,-0.001408092263055482,0.001025653239208128,0.001025653239208128,0.0,0.0,False,0.0,0.0,-0.001408092263055482
2012-09-06,0.0071695549185089216,0.0071695549185089216,0.010075151133250724,-0.0029055962147418023,-0.0029055962147418023,0.0,0.0,False,0.0,0.0,0.010075151133250724
2012-09-07,0.0031997770140147486,0.0031997770140147486,0.006507955494264072,-0.003308178480249323,-0.003308178480249323,0.0,0.0,False,0.0,0.0,0.006507955494264072
2012-09-10,-0.002638154729708031,-0.002638154729708031,-0.0042678864119337166,0.0016297316822256854,0.0016297316822256854,0.0,0.0,False,0.0,0.0,-0.0042678864119337166
2012-09-11,0.0012147870320761381,0.0012147870320761381,0.0033483651009827637,-0.0021335780689066258,-0.0021335780689066258,0.0,0.0,False,0.0,0.0,0.0033483651009827637
2012-09-12,0.0003446162490354837,0.0003446162490354837,0.0008727696620375773,-0.0005281534130020936,-0.0005281534130020936,0.0,0.0,False,0.0,0.0,0.0008727696620375773
2012-09-13,0.009501505609436621,0.009501505609436621,0.011568812126811956,-0.002067306517375335,-0.002067306517375335,0.0,0.0,False,0.0,0.0,0.011568812126811956
2012-09-14,-0.0009382039563458012,-0.0009382039563458012,0.0006553664756379417,-0.001593570431983743,-0.001593570431983743,0.0,0.0,False,0.0,0.0,0.0006553664756379417
2012-09-17,-0.00010751008810325216,-0.00010751008810325216,-0.0018049177060045992,0.001697407617901347,0.001697407617901347,0.0,0.0,False,0.0,0.0,-0.0018049177060045992
2012-09-18,0.0006597680033753452,0.0006597680033753452,0.00014350016564616914,0.000516267837729176,0.000516267837729176,0.0,0.0,False,0.0,0.0,0.00014350016564616914
2012-09-19,0.0009605799475650664,0.0009605799475650664,0.001723370546842131,-0.0007627905992770646,-0.0007627905992770646,0.0,0.0,False,0.0,0.0,0.001723370546842131
2012-09-20,-0.0008673948807063179,-0.0008673948807063179,-0.001719046755148213,0.000851651874441895,0.000851651874441895,0.0,0.0,False,0.0,0.0,-0.001719046755148213
2012-09-21,0.0012929844532815029,0.0012929844532815029,0.0011269627794028084,0.00016602167387869452,0.00016602167387869452,0.0,0.0,False,0.0,0.0,0.0011269627794028084
2012-09-24,-2.4000737540025757e-05,-2.4000737540025757e-05,-0.00025204791381175135,0.0002280471762717256,0.0002280471762717256,0.0,0.0,False,0.0,0.0,-0.00025204791381175135
2012-09-25,-0.004766595231525549,-0.004766595231525549,-0.005113868703258074,0.00034727347173252494,0.00034727347173252494,0.0,0.0,False,0.0,0.0,-0.005113868703258074
2012-09-26,-0.0012271282273916238,-0.0012271282273916238,-0.0022948124916822785,0.0010676842642906546,0.0010676842642906546,0.0,0.0,False,0.0,0.0,-0.0022948124916822785
2012-09-27,0.0044600426473909854,0.0044600426473909854,0.006006155142179593,-0.0015461124947886073,-0.0015461124947886073,0.0,0.0,False,0.0,0.0,0.006006155142179593
2012-09-28,-0.0020424850244825338,-0.0020424850244825338,-0.005067497280329725,0.0030250122558471916,0.0030250122558471916,0.0,0.0,False,0.0,0.0,-0.005067497280329725
2012-10-01,0.0010482100763853446,0.0007783237087320384,0.004125593897281121,-0.003347270188549083,-0.0030773838208957766,0.26988636765330626,0.0002698863676533063,True,0.007461413343264736,7.461413343264736e-06,0.004118132483937857
2012-10-02,0.00188683231496907,0.00188683231496907,0.0009956110631127969,0.0008912212518562732,0.0008912212518562732,0.0,0.0,False,0.0,0.0,0.0009956110631127969
2012-10-03,0.0017580813937889558,0.0017580813937889558,0.00010292823755925879,0.001655153156229697,0.001655153156229697,0.0,0.0,False,0.0,0.0,0.00010292823755925879
2012-10-04,0.004192686216099776,0.004192686216099776,0.0038260032538549077,0.00036668296224486854,0.00036668296224486854,0.0,0.0,False,0.0,0.0,0.0038260032538549077
2012-10-05,-0.0004871433783811988,-0.0004871433783811988,-0.0016073326800501136,0.0011201893016689148,0.0011201893016689148,0.0,0.0,False,0.0,0.0,-0.0016073326800501136
2012-10-08,-0.002111544272696078,-0.002111544272696078,-0.001694625270533131,-0.0004169190021629469,-0.0004169190021629469,0.0,0.0,False,0.0,0.0,-0.001694625270533131
2012-10-09,-0.005976271041571297,-0.005976271041571297,-0.006840493388941851,0.0008642223473705546,0.0008642223473705546,0.0,0.0,False,0.0,0.0,-0.006840493388941851
2012-10-10,-0.002187238948765503,-0.002187238948765503,-0.0019275465497905772,-0.00025969239897492575,-0.00025969239897492575,0.0,0.0,False,0.0,0.0,-0.0019275465497905772
2012-10-11,0.0024252824562461467,0.0024252824562461467,0.003259796961031847,-0.0008345145047857004,-0.0008345145047857004,0.0,0.0,False,0.0,0.0,0.003259796961031847
2012-10-12,-0.0021732989167343765,-0.0021732989167343765,-0.0015485142556704128,-0.0006247846610639637,-0.0006247846610639637,0.0,0.0,False,0.0,0.0,-0.0015485142556704128
2012-10-15,0.006056627204219981,0.006056627204219981,0.005274886559445977,0.0007817406447740045,0.0007817406447740045,0.0,0.0,False,0.0,0.0,0.005274886559445977
2012-10-16,0.00579968015952342,0.00579968015952342,0.005216472864721265,0.0005832072948021554,0.0005832072948021554,0.0,0.0,False,0.0,0.0,0.005216472864721265
2012-10-17,0.0027721855437873753,0.0027721855437873753,0.0020400271314677037,0.0007321584123196716,0.0007321584123196716,0.0,0.0,False,0.0,0.0,0.0020400271314677037
2012-10-18,-0.001365785004706964,-0.001365785004706964,-0.0028538567388732713,0.0014880717341663073,0.0014880717341663073,0.0,0.0,False,0.0,0.0,-0.0028538567388732713
2012-10-19,-0.010360749973730163,-0.010360749973730163,-0.007917046689075594,-0.002443703284654569,-0.002443703284654569,0.0,0.0,False,0.0,0.0,-0.007917046689075594
2012-10-22,-0.0009138224003647992,-0.0009138224003647992,0.0007351762875898095,-0.0016489986879546087,-0.0016489986879546087,0.0,0.0,False,0.0,0.0,0.0007351762875898095
2012-10-23,-0.006881406662109464,-0.006881406662109464,-0.007877248380778757,0.0009958417186692933,0.0009958417186692933,0.0,0.0,False,0.0,0.0,-0.007877248380778757
2012-10-24,-0.002220381646068024,-0.002220381646068024,-0.002118636424155766,-0.00010174522191225797,-0.00010174522191225797,0.0,0.0,False,0.0,0.0,-0.002118636424155766
2012-10-25,0.0010814505857763294,0.0010814505857763294,0.0016586620955039379,-0.0005772115097276084,-0.0005772115097276084,0.0,0.0,False,0.0,0.0,0.0016586620955039379
2012-10-26,-0.0011222068471332003,-0.0011222068471332003,0.001323508501571668,-0.002445715348704868,-0.002445715348704868,0.0,0.0,False,0.0,0.0,0.001323508501571668
2012-10-31,0.002713161051470378,0.002713161051470378,0.0016173343829703189,0.001095826668500059,0.001095826668500059,0.0,0.0,False,0.0,0.0,0.0016173343829703189
2012-11-01,0.004465838630640081,0.004275962136744857,0.005592906422870003,-0.0013169442861251457,-0.0011270677922299221,0.1898764938952236,0.00018987649389522358,True,0.005067175140127427,5.067175140127427e-06,0.0055878392477298755
2012-11-02,-0.005338727800850044,-0.005338727800850044,-0.0056128960664454915,0.0002741682655954475,0.0002741682655954475,0.0,0.0,False,0.0,0.0,-0.0056128960664454915
2012-11-05,0.0017243293088793328,0.0017243293088793328,0.0019039390421412596,-0.00017960973326192672,-0.00017960973326192672,0.0,0.0,False,0.0,0.0,0.0019039390421412596
2012-11-06,0.0024603500090624544,0.0024603500090624544,0.0028547768298875717,-0.0003944268208251173,-0.0003944268208251173,0.0,0.0,False,0.0,0.0,0.0028547768298875717
2012-11-07,-0.010344856410027406,-0.010344856410027406,-0.009131536450366058,-0.0012133199596613478,-0.0012133199596613478,0.0,0.0,False,0.0,0.0,-0.009131536450366058
2012-11-08,-0.0068973902676914495,-0.0068973902676914495,-0.005399124779016761,-0.0014982654886746887,-0.0014982654886746887,0.0,0.0,False,0.0,0.0,-0.005399124779016761
2012-11-09,-0.00012129333198157783,-0.00012129333198157783,0.00032193976517761824,-0.00044323309715919607,-0.00044323309715919607,0.0,0.0,False,0.0,0.0,0.00032193976517761824
2012-11-12,-0.0002370752165860508,-0.0002370752165860508,0.0005903966429462869,-0.0008274718595323376,-0.0008274718595323376,0.0,0.0,False,0.0,0.0,0.0005903966429462869
2012-11-13,-0.0018582678623125435,-0.0018582678623125435,-0.0024710986068225598,0.0006128307445100163,0.0006128307445100163,0.0,0.0,False,0.0,0.0,-0.0024710986068225598
2012-11-14,-0.008780590282250403,-0.008780590282250403,-0.007590134339891405,-0.0011904559423589981,-0.0011904559423589981,0.0,0.0,False,0.0,0.0,-0.007590134339891405
2012-11-15,-0.0023245897694277448,-0.0023245897694277448,-0.00041125246499048516,-0.0019133373044372597,-0.0019133373044372597,0.0,0.0,False,0.0,0.0,-0.00041125246499048516
2012-11-16,0.003735002303451155,0.003735002303451155,0.0021980937972047726,0.0015369085062463825,0.0015369085062463825,0.0,0.0,False,0.0,0.0,0.0021980937972047726
2012-11-19,0.01169568165003594,0.01169568165003594,0.011719189621875237,-2.3507971839297273e-05,-2.3507971839297273e-05,0.0,0.0,False,0.0,0.0,0.011719189621875237
2012-11-20,-0.0003587746889625719,-0.0003587746889625719,-0.0015755295850353546,0.0012167548960727826,0.0012167548960727826,0.0,0.0,False,0.0,0.0,-0.0015755295850353546
2012-11-21,0.0012155927173922816,0.0012155927173922816,0.0006557728154933133,0.0005598199018989683,0.0005598199018989683,0.0,0.0,False,0.0,0.0,0.0006557728154933133
2012-11-23,0.006973994913242017,0.006973994913242017,0.009325831177337453,-0.002351836264095437,-0.002351836264095437,0.0,0.0,False,0.0,0.0,0.009325831177337453
2012-11-26,0.0006097325025518085,0.0006097325025518085,-2.4111825150517304e-05,0.0006338443277023258,0.0006338443277023258,0.0,0.0,False,0.0,0.0,-2.4111825150517304e-05
2012-11-27,-0.0019411045820426583,-0.0019411045820426583,-0.002441096365432132,0.0004999917833894735,0.0004999917833894735,0.0,0.0,False,0.0,0.0,-0.002441096365432132
2012-11-28,0.0042445772165655106,0.0042445772165655106,0.00462664485696961,-0.00038206764040409937,-0.00038206764040409937,0.0,0.0,False,0.0,0.0,0.00462664485696961
2012-11-29,0.004297779833173362,0.004297779833173362,0.004316206627683197,-1.8426794509834865e-05,-1.8426794509834865e-05,0.0,0.0,False,0.0,0.0,0.004316206627683197
2012-11-30,-0.00010867120498420993,-0.00010867120498420993,-7.327337557534936e-05,-3.5397829408860575e-05,-3.5397829408860575e-05,0.0,0.0,False,0.0,0.0,-7.327337557534936e-05
2012-12-03,-0.0008019015457685228,-0.0010769866614323523,-0.0012560851137884575,0.0001790984523561052,0.00045418356801993473,0.2750851156638295,0.0002750851156638295,True,0.0036545015754961135,3.6545015754961133e-06,-0.0012597396153639535
2012-12-04,1.884721740598791e-05,1.884721740598791e-05,0.0010829483975490833,-0.0010641011801430953,-0.0010641011801430953,0.0,0.0,False,0.0,0.0,0.0010829483975490833
2012-12-05,0.001367074184167226,0.001367074184167226,0.0022113605855288423,-0.0008442864013616163,-0.0008442864013616163,0.0,0.0,False,0.0,0.0,0.0022113605855288423
2012-12-06,0.0016340599933597994,0.0016340599933597994,0.002347035248008699,-0.0007129752546488996,-0.0007129752546488996,0.0,0.0,False,0.0,0.0,0.002347035248008699
2012-12-07,0.0001298621641509216,0.0001298621641509216,-8.366216960234603e-05,0.00021352433375326763,0.00021352433375326763,0.0,0.0,False,0.0,0.0,-8.366216960234603e-05
2012-12-10,0.0012836851561060223,0.0012836851561060223,0.0016171123645788857,-0.0003334272084728634,-0.0003334272084728634,0.0,0.0,False,0.0,0.0,0.0016171123645788857
2012-12-11,0.0029163943139473352,0.0029163943139473352,0.002637310751947565,0.00027908356199977035,0.00027908356199977035,0.0,0.0,False,0.0,0.0,0.002637310751947565
2012-12-12,-0.0013750020723620256,-0.0013750020723620256,-0.0012075603963570976,-0.00016744167600492798,-0.00016744167600492798,0.0,0.0,False,0.0,0.0,-0.0012075603963570976
2012-12-13,-0.004223189246599184,-0.004223189246599184,-0.0036551410571138265,-0.0005680481894853578,-0.0005680481894853578,0.0,0.0,False,0.0,0.0,-0.0036551410571138265
2012-12-14,-0.0012484246039810164,-0.0012484246039810164,0.0007696114612105122,-0.0020180360651915284,-0.0020180360651915284,0.0,0.0,False,0.0,0.0,0.0007696114612105122
2012-12-17,0.005798232557887171,0.005798232557887171,0.0028356287441836845,0.0029626038137034864,0.0029626038137034864,0.0,0.0,False,0.0,0.0,0.0028356287441836845
2012-12-18,0.005345595891025484,0.005345595891025484,0.004720372109643373,0.0006252237813821112,0.0006252237813821112,0.0,0.0,False,0.0,0.0,0.004720372109643373
2012-12-19,-0.0010799173317071818,-0.0010799173317071818,-0.0006383652357682797,-0.0004415520959389021,-0.0004415520959389021,0.0,0.0,False,0.0,0.0,-0.0006383652357682797
2012-12-20,0.0036776710930377012,0.0036776710930377012,0.003922050408558881,-0.0002443793155211798,-0.0002443793155211798,0.0,0.0,False,0.0,0.0,0.003922050408558881
2012-12-21,-0.0036865674063810703,-0.0036865674063810703,-0.003781948592946906,9.538118656583555e-05,9.538118656583555e-05,0.0,0.0,False,0.0,0.0,-0.003781948592946906
2012-12-24,-0.0026160456366404934,-0.0026160456366404934,-0.0021811728113825587,-0.0004348728252579347,-0.0004348728252579347,0.0,0.0,False,0.0,0.0,-0.0021811728113825587
2012-12-26,-0.0018163323955058739,-0.0018163323955058739,-0.0005571581958235292,-0.0012591741996823445,-0.0012591741996823445,0.0,0.0,False,0.0,0.0,-0.0005571581958235292
2012-12-27,0.0008200221768983388,0.0008200221768983388,0.001898689134017726,-0.0010786669571193873,-0.0010786669571193873,0.0,0.0,False,0.0,0.0,0.001898689134017726
2012-12-28,-0.004528130866831137,-0.004528130866831137,-0.003764947484564813,-0.0007631833822663242,-0.0007631833822663242,0.0,0.0,False,0.0,0.0,-0.003764947484564813
2012-12-31,0.0081713476129745,0.0081713476129745,0.00731542120788888,0.0008559264050856203,0.0008559264050856203,0.0,0.0,False,0.0,0.0,0.00731542120788888
2013-01-02,0.013577031505784612,0.013412242625687024,0.012209976682508849,0.0012022659431781754,0.001367054823275763,0.16478888009758844,0.00016478888009758844,True,0.010758174065818384,1.0758174065818385e-05,0.01219921850844303
2013-01-03,-0.0046677126750418775,-0.0046677126750418775,-0.005455945630987609,0.0007882329559457312,0.0007882329559457312,0.0,0.0,False,0.0,0.0,-0.005455945630987609
2013-01-04,0.0022849133354191664,0.0022849133354191664,0.002884636911961965,-0.0005997235765427987,-0.0005997235765427987,0.0,0.0,False,0.0,0.0,0.002884636911961965
2013-01-07,-0.0009772293715852199,-0.0009772293715852199,-0.0020645417624902654,0.0010873123909050455,0.0010873123909050455,0.0,0.0,False,0.0,0.0,-0.0020645417624902654
2013-01-08,-0.0017021180457524277,-0.0017021180457524277,-0.0017114942315592685,9.376185806840793e-06,9.376185806840793e-06,0.0,0.0,False,0.0,0.0,-0.0017114942315592685
2013-01-09,0.0018641061008088239,0.0018641061008088239,0.002225859399875768,-0.0003617532990669442,-0.0003617532990669442,0.0,0.0,False,0.0,0.0,0.002225859399875768
2013-01-10,0.005263938795190887,0.005263938795190887,0.004690817843436777,0.0005731209517541103,0.0005731209517541103,0.0,0.0,False,0.0,0.0,0.004690817843436777
2013-01-11,0.001186017276325686,0.001186017276325686,0.0007401046844488383,0.0004459125918768477,0.0004459125918768477,0.0,0.0,False,0.0,0.0,0.0007401046844488383
2013-01-14,-0.0009225247121731675,-0.0009225247121731675,-7.505333861846942e-05,-0.0008474713735546981,-0.0008474713735546981,0.0,0.0,False,0.0,0.0,-7.505333861846942e-05
2013-01-15,-0.00026232999794500707,-0.00026232999794500707,0.0003521732530993931,-0.0006145032510444002,-0.0006145032510444002,0.0,0.0,False,0.0,0.0,0.0003521732530993931
2013-01-16,-0.0010605796849029125,-0.0010605796849029125,-0.0006524926717537522,-0.00040808701314916027,-0.00040808701314916027,0.0,0.0,False,0.0,0.0,-0.0006524926717537522
2013-01-17,0.003508644198643324,0.003508644198643324,0.0025841269650549014,0.0009245172335884226,0.0009245172335884226,0.0,0.0,False,0.0,0.0,0.0025841269650549014
2013-01-18,0.00116324408097464,0.00116324408097464,0.001966142103684393,-0.0008028980227097527,-0.0008028980227097527,0.0,0.0,False,0.0,0.0,0.001966142103684393
2013-01-22,0.002099974364209402,0.002099974364209402,0.0022092462467571523,-0.00010927188254775035,-0.00010927188254775035,0.0,0.0,False,0.0,0.0,0.0022092462467571523
2013-01-23,0.0006755506588304167,0.0006755506588304167,-0.00011142541556185214,0.0007869760743922688,0.0007869760743922688,0.0,0.0,False,0.0,0.0,-0.00011142541556185214
2013-01-24,0.0006939209018169328,0.0006939209018169328,-8.310312283484186e-05,0.0007770240246517746,0.0007770240246517746,0.0,0.0,False,0.0,0.0,-8.310312283484186e-05
2013-01-25,0.0021520639600380136,0.0021520639600380136,0.000783438884972142,0.0013686250750658715,0.0013686250750658715,0.0,0.0,False,0.0,0.0,0.000783438884972142
2013-01-28,-0.0015828869960881752,-0.0015828869960881752,-0.0024672831910477057,0.0008843961949595305,0.0008843961949595305,0.0,0.0,False,0.0,0.0,-0.0024672831910477057
2013-01-29,0.0015189697356871904,0.0015189697356871904,0.0024869724048540457,-0.0009680026691668553,-0.0009680026691668553,0.0,0.0,False,0.0,0.0,0.0024869724048540457
2013-01-30,-0.003373885303936501,-0.003373885303936501,-0.002611559358141367,-0.000762325945795134,-0.000762325945795134,0.0,0.0,False,0.0,0.0,-0.002611559358141367
2013-01-31,-0.00166728600323875,-0.00166728600323875,-0.0002760646513290469,-0.001391221351909703,-0.001391221351909703,0.0,0.0,False,0.0,0.0,-0.0002760646513290469
2013-02-01,0.00399101016281563,0.003790244086202308,0.0036602430056504984,0.0001300010805518094,0.0003307671571651312,0.20076607661332174,0.00020076607661332173,True,0.014979261898450235,1.4979261898450236e-05,0.003645263743752048
2013-02-04,-0.007546483608449577,-0.007546483608449577,-0.005762148943338644,-0.0017843346651109327,-0.0017843346651109327,0.0,0.0,False,0.0,0.0,-0.005762148943338644
2013-02-05,0.002836374371933073,0.002836374371933073,0.002814583204445318,2.179116748775474e-05,2.179116748775474e-05,0.0,0.0,False,0.0,0.0,0.002814583204445318
2013-02-06,0.0007596777604185937,0.0007596777604185937,0.001693193066672624,-0.0009335153062540303,-0.0009335153062540303,0.0,0.0,False,0.0,0.0,0.001693193066672624
2013-02-07,-0.0032151227870481037,-0.0032151227870481037,-0.00263102546908412,-0.0005840973179639837,-0.0005840973179639837,0.0,0.0,False,0.0,0.0,-0.00263102546908412
2013-02-08,0.0039006156077182616,0.0039006156077182616,0.004377218492269648,-0.0004766028845513866,-0.0004766028845513866,0.0,0.0,False,0.0,0.0,0.004377218492269648
2013-02-11,-0.0005793074180785272,-0.0005793074180785272,-0.0006329053670580203,5.359794897949303e-05,5.359794897949303e-05,0.0,0.0,False,0.0,0.0,-0.0006329053670580203
2013-02-12,0.0021162127862936336,0.0021162127862936336,0.0012462178976110788,0.0008699948886825549,0.0008699948886825549,0.0,0.0,False,0.0,0.0,0.0012462178976110788
2013-02-13,0.00035589566335467756,0.00035589566335467756,-0.00013031034455146084,0.0004862060079061384,0.0004862060079061384,0.0,0.0,False,0.0,0.0,-0.00013031034455146084
2013-02-14,-0.0008368166097548626,-0.0008368166097548626,0.0012578506266410269,-0.0020946672363958896,-0.0020946672363958896,0.0,0.0,False,0.0,0.0,0.0012578506266410269
2013-02-15,-0.0012126049506765006,-0.0012126049506765006,-0.0014756278006789933,0.0002630228500024928,0.0002630228500024928,0.0,0.0,False,0.0,0.0,-0.0014756278006789933
2013-02-19,0.005357452936074854,0.005357452936074854,0.004070868819943579,0.001286584116131275,0.001286584116131275,0.0,0.0,False,0.0,0.0,0.004070868819943579
2013-02-20,-0.0050012385022949685,-0.0050012385022949685,-0.00625594198224104,0.0012547034799460718,0.0012547034799460718,0.0,0.0,False,0.0,0.0,-0.00625594198224104
2013-02-21,-0.005491901027856417,-0.005491901027856417,-0.004993039262783934,-0.0004988617650724834,-0.0004988617650724834,0.0,0.0,False,0.0,0.0,-0.004993039262783934
2013-02-22,0.00711039547195945,0.00711039547195945,0.0064879907044562615,0.0006224047675031886,0.0006224047675031886,0.0,0.0,False,0.0,0.0,0.0064879907044562615
2013-02-25,-0.009721435309203885,-0.009721435309203885,-0.008330444804017782,-0.001390990505186103,-0.001390990505186103,0.0,0.0,False,0.0,0.0,-0.008330444804017782
2013-02-26,0.004099914112161467,0.004099914112161467,0.0031054794927906507,0.0009944346193708166,0.0009944346193708166,0.0,0.0,False,0.0,0.0,0.0031054794927906507
2013-02-27,0.0064962016947200255,0.0064962016947200255,0.006948976191843327,-0.00045277449712330126,-0.00045277449712330126,0.0,0.0,False,0.0,0.0,0.006948976191843327
2013-02-28,-0.0006174406177178514,-0.0006174406177178514,-0.0006803426611700946,6.29020434522432e-05,6.29020434522432e-05,0.0,0.0,False,0.0,0.0,-0.0006803426611700946
2013-03-01,0.0008219427467029158,0.0006074745287141903,0.0022520338155872345,-0.0016445592868730443,-0.0014300910688843187,0.21446821798872562,0.00021446821798872562,True,0.005345125750626692,5.345125750626692e-06,0.0022466886898366077
2013-03-04,0.0022883465794665265,0.0022883465794665265,0.000583132345794274,0.0017052142336722526,0.0017052142336722526,0.0,0.0,False,0.0,0.0,0.000583132345794274
2013-03-05,0.00539336492754787,0.00539336492754787,0.005380046990509379,1.3317937038491608e-05,1.3317937038491608e-05,0.0,0.0,False,0.0,0.0,0.005380046990509379
2013-03-06,0.0004862950543038096,0.0004862950543038096,-0.00010385968788292595,0.0005901547421867355,0.0005901547421867355,0.0,0.0,False,0.0,0.0,-0.00010385968788292595
2013-03-07,0.0013739223978206652,0.0013739223978206652,-0.0001206285972768576,0.0014945509950975227,0.0014945509950975227,0.0,0.0,False,0.0,0.0,-0.0001206285972768576
2013-03-08,0.0013849679937517013,0.0013849679937517013,0.0009425047582549522,0.0004424632354967491,0.0004424632354967491,0.0,0.0,False,0.0,0.0,0.0009425047582549522
2013-03-11,0.0015553969646892954,0.0015553969646892954,0.0012873212811131364,0.000268075683576159,0.000268075683576159,0.0,0.0,False,0.0,0.0,0.0012873212811131364
2013-03-12,-0.0020156722328934823,-0.0020156722328934823,-0.001519011347606812,-0.0004966608852866703,-0.0004966608852866703,0.0,0.0,False,0.0,0.0,-0.001519011347606812
2013-03-13,-0.00035829812541908495,-0.00035829812541908495,-0.0009004513896386433,0.0005421532642195584,0.0005421532642195584,0.0,0.0,False,0.0,0.0,-0.0009004513896386433
2013-03-14,0.005705595750544471,0.005705595750544471,0.0040119208678628514,0.0016936748826816197,0.0016936748826816197,0.0,0.0,False,0.0,0.0,0.0040119208678628514
2013-03-15,0.0006416540969732545,0.0006416540969732545,8.835303096076694e-05,0.0005533010660124875,0.0005533010660124875,0.0,0.0,False,0.0,0.0,8.835303096076694e-05
2013-03-18,-0.004389703976160055,-0.004389703976160055,-0.0033789937014463874,-0.0010107102747136673,-0.0010107102747136673,0.0,0.0,False,0.0,0.0,-0.0033789937014463874
2013-03-19,-0.00180571727479166,-0.00180571727479166,-0.0008862541729627039,-0.0009194631018289561,-0.0009194631018289561,0.0,0.0,False,0.0,0.0,-0.0008862541729627039
2013-03-20,0.004016027631266375,0.004016027631266375,0.0023346587673789125,0.0016813688638874628,0.0016813688638874628,0.0,0.0,False,0.0,0.0,0.0023346587673789125
2013-03-21,-0.005075388195516052,-0.005075388195516052,-0.0042986821178965405,-0.0007767060776195118,-0.0007767060776195118,0.0,0.0,False,0.0,0.0,-0.0042986821178965405
2013-03-22,0.0040892169696972415,0.0040892169696972415,0.004409558267591191,-0.0003203412978939491,-0.0003203412978939491,0.0,0.0,False,0.0,0.0,0.004409558267591191
2013-03-25,-0.005582382985244088,-0.005582382985244088,-0.0031265955742800482,-0.0024557874109640398,-0.0024557874109640398,0.0,0.0,False,0.0,0.0,-0.0031265955742800482
2013-03-26,0.004231954463480499,0.004231954463480499,0.005300579927708246,-0.0010686254642277467,-0.0010686254642277467,0.0,0.0,False,0.0,0.0,0.005300579927708246
2013-03-27,-0.0018284764799984961,-0.0018284764799984961,0.0014462929764318972,-0.0032747694564303933,-0.0032747694564303933,0.0,0.0,False,0.0,0.0,0.0014462929764318972
2013-03-28,0.0027170183078699577,0.0027170183078699577,0.0012184307115035726,0.001498587596366385,0.001498587596366385,0.0,0.0,False,0.0,0.0,0.0012184307115035726
2013-04-01,-0.0048607708470274095,-0.004864412844272041,-0.0042518478544184835,-0.000612564989853558,-0.0006089229926089261,0.003641997244632198,3.641997244632198e-06,True,0.008361571040453434,8.361571040453433e-06,-0.004260209425458937
2013-04-02,0.004192462391481592,0.004192462391481592,0.0021916626457603758,0.0020007997457212163,0.0020007997457212163,0.0,0.0,False,0.0,0.0,0.0021916626457603758
2013-04-03,-0.0028041754884619795,-0.0028041754884619795,-0.0038337968398366087,0.0010296213513746291,0.0010296213513746291,0.0,0.0,False,0.0,0.0,-0.0038337968398366087
2013-04-04,0.004363608895351239,0.004363608895351239,0.004899568329205673,-0.0005359594338544341,-0.0005359594338544341,0.0,0.0,False,0.0,0.0,0.004899568329205673
2013-04-05,-0.0015463342348253876,-0.0015463342348253876,-0.0002237044995105149,-0.0013226297353148727,-0.0013226297353148727,0.0,0.0,False,0.0,0.0,-0.0002237044995105149
2013-04-08,0.002951586070652665,0.002951586070652665,0.002249504312221204,0.0007020817584314611,0.0007020817584314611,0.0,0.0,False,0.0,0.0,0.002249504312221204
2013-04-09,0.003049605021894948,0.003049605021894948,0.0024787368922212028,0.0005708681296737452,0.0005708681296737452,0.0,0.0,False,0.0,0.0,0.0024787368922212028
2013-04-10,0.007875014572128913,0.007875014572128913,0.005762320278955575,0.002112694293173338,0.002112694293173338,0.0,0.0,False,0.0,0.0,0.005762320278955575
2013-04-11,0.0033520411378964825,0.0033520411378964825,0.00275019379048498,0.0006018473474115023,0.0006018473474115023,0.0,0.0,False,0.0,0.0,0.00275019379048498
2013-04-12,-0.0004660052334454657,-0.0004660052334454657,-0.00021243283344169698,-0.00025357240000376875,-0.00025357240000376875,0.0,0.0,False,0.0,0.0,-0.00021243283344169698
2013-04-15,-0.012815835921451474,-0.012815835921451474,-0.013221759888541844,0.00040592396709037033,0.00040592396709037033,0.0,0.0,False,0.0,0.0,-0.013221759888541844
2013-04-16,0.009461101171465274,0.009461101171465274,0.00803932810405767,0.0014217730674076032,0.0014217730674076032,0.0,0.0,False,0.0,0.0,0.00803932810405767
2013-04-17,-0.009976233609565448,-0.009976233609565448,-0.008978817970716722,-0.0009974156388487254,-0.0009974156388487254,0.0,0.0,False,0.0,0.0,-0.008978817970716722
2013-04-18,-0.0024948923824164985,-0.0024948923824164985,-0.002207966416932251,-0.0002869259654842476,-0.0002869259654842476,0.0,0.0,False,0.0,0.0,-0.002207966416932251
2013-04-19,0.004183981528650565,0.004183981528650565,0.005740135699308104,-0.001556154170657539,-0.001556154170657539,0.0,0.0,False,0.0,0.0,0.005740135699308104
2013-04-22,0.0030434200828055365,0.0030434200828055365,0.002760069913793555,0.0002833501690119814,0.0002833501690119814,0.0,0.0,False,0.0,0.0,0.002760069913793555
2013-04-23,0.00812189231473983,0.00812189231473983,0.006313204277851312,0.0018086880368885184,0.0018086880368885184,0.0,0.0,False,0.0,0.0,0.006313204277851312
2013-04-24,0.003791085615450821,0.003791085615450821,0.0026143174529787106,0.0011767681624721103,0.0011767681624721103,0.0,0.0,False,0.0,0.0,0.0026143174529787106
2013-04-25,0.003369832443853142,0.003369832443853142,0.0026793927198581436,0.0006904397239949982,0.0006904397239949982,0.0,0.0,False,0.0,0.0,0.0026793927198581436
2013-04-26,0.00014008087249249714,0.00014008087249249714,7.61035424825309e-05,6.397733000996624e-05,6.397733000996624e-05,0.0,0.0,False,0.0,0.0,7.61035424825309e-05
2013-04-29,0.006227208104504533,0.006227208104504533,0.0050651580587800825,0.0011620500457244507,0.0011620500457244507,0.0,0.0,False,0.0,0.0,0.0050651580587800825
2013-04-30,0.0016899874376882155,0.0016899874376882155,0.0023190827343190024,-0.0006290952966307869,-0.0006290952966307869,0.0,0.0,False,0.0,0.0,0.0023190827343190024
2013-05-01,-0.008593147653894125,-0.008873120212611538,-0.0039889242407374625,-0.004884195971874075,-0.004604223413156663,0.2799725587174123,0.00027997255871741226,True,0.005154728219674016,5.154728219674016e-06,-0.003994078968957137
2013-05-02,0.00830749292981574,0.00830749292981574,0.004736760630277236,0.0035707322995385034,0.0035707322995385034,0.0,0.0,False,0.0,0.0,0.004736760630277236
2013-05-03,0.006151495011204655,0.006151495011204655,0.0022558183470299032,0.003895676664174752,0.003895676664174752,0.0,0.0,False,0.0,0.0,0.0022558183470299032
2013-05-06,0.002295628045814066,0.002295628045814066,0.0006328053985359587,0.0016628226472781074,0.0016628226472781074,0.0,0.0,False,0.0,0.0,0.0006328053985359587
2013-05-07,0.0028549567449650476,0.0028549567449650476,0.0023266458719191315,0.0005283108730459161,0.0005283108730459161,0.0,0.0,False,0.0,0.0,0.0023266458719191315
2013-05-08,0.0036804151332878493,0.0036804151332878493,0.004349048132531173,-0.0006686329992433237,-0.0006686329992433237,0.0,0.0,False,0.0,0.0,0.004349048132531173
2013-05-09,-0.003426010958048841,-0.003426010958048841,-0.0037011537422305075,0.00027514278418166657,0.00027514278418166657,0.0,0.0,False,0.0,0.0,-0.0037011537422305075
2013-05-10,0.00020445276598617137,0.00020445276598617137,-0.0016450672714035494,0.0018495200373897208,0.0018495200373897208,0.0,0.0,False,0.0,0.0,-0.0016450672714035494
2013-05-13,-0.0018729957855254027,-0.0018729957855254027,-0.001882636568893004,9.640783367601252e-06,9.640783367601252e-06,0.0,0.0,False,0.0,0.0,-0.001882636568893004
2013-05-14,0.0054419510577094305,0.0054419510577094305,0.0028708441158650645,0.002571106941844366,0.002571106941844366,0.0,0.0,False,0.0,0.0,0.0028708441158650645
2013-05-15,0.0022885412169723262,0.0022885412169723262,0.003783135032555577,-0.001494593815583251,-0.001494593815583251,0.0,0.0,False,0.0,0.0,0.003783135032555577
2013-05-16,-0.0005474921485035526,-0.0005474921485035526,-0.0008648067122952832,0.0003173145637917306,0.0003173145637917306,0.0,0.0,False,0.0,0.0,-0.0008648067122952832
2013-05-17,0.004681988798414569,0.004681988798414569,0.0027280286435414905,0.001953960154873078,0.001953960154873078,0.0,0.0,False,0.0,0.0,0.0027280286435414905
2013-05-20,0.0010552897537938648,0.0010552897537938648,0.0007819295961229386,0.0002733601576709263,0.0002733601576709263,0.0,0.0,False,0.0,0.0,0.0007819295961229386
2013-05-21,0.0015934720577720606,0.0015934720577720606,0.001988094099399681,-0.00039462204162762026,-0.00039462204162762026,0.0,0.0,False,0.0,0.0,0.001988094099399681
2013-05-22,-0.009290070017293768,-0.009290070017293768,-0.0090751379977312,-0.00021493201956256786,-0.00021493201956256786,0.0,0.0,False,0.0,0.0,-0.0090751379977312
2013-05-23,-0.001979941576637274,-0.001979941576637274,-0.00316588417253943,0.001185942595902156,0.001185942595902156,0.0,0.0,False,0.0,0.0,-0.00316588417253943
2013-05-24,-0.0015669211969054112,-0.0015669211969054112,-0.0023910803898281063,0.000824159192922695,0.000824159192922695,0.0,0.0,False,0.0,0.0,-0.0023910803898281063
2013-05-28,0.0022938453769587165,0.0022938453769587165,-0.0014692922104406825,0.003763137587399399,0.003763137587399399,0.0,0.0,False,0.0,0.0,-0.0014692922104406825
2013-05-29,-0.005860411345813407,-0.005860411345813407,-0.003950231763146551,-0.0019101795826668554,-0.0019101795826668554,0.0,0.0,False,0.0,0.0,-0.003950231763146551
2013-05-30,0.003678333898666695,0.003678333898666695,0.002179553540510879,0.001498780358155816,0.001498780358155816,0.0,0.0,False,0.0,0.0,0.002179553540510879
2013-05-31,-0.01213493967754402,-0.01213493967754402,-0.011147665567650544,-0.000987274109893476,-0.000987274109893476,0.0,0.0,False,0.0,0.0,-0.011147665567650544
2013-06-03,0.0016472378786018583,0.0013659449877990745,0.004341808712463063,-0.002975863724663989,-0.002694570833861205,0.28129289080278386,0.00028129289080278385,True,0.014414609238257964,1.4414609238257965e-05,0.0043273941032248055
2013-06-04,-0.00025392350837164364,-0.00025392350837164364,-0.004221990631657389,0.003968067123285745,0.003968067123285745,0.0,0.0,False,0.0,0.0,-0.004221990631657389
2013-06-05,-0.0132417277982389,-0.0132417277982389,-0.008567964703066725,-0.004673763095172175,-0.004673763095172175,0.0,0.0,False,0.0,0.0,-0.008567964703066725
2013-06-06,0.006881517829782293,0.006881517829782293,0.005753790573678825,0.0011277272561034685,0.0011277272561034685,0.0,0.0,False,0.0,0.0,0.005753790573678825
2013-06-07,0.006380099231209585,0.006380099231209585,0.0026294049352407816,0.003750694295968803,0.003750694295968803,0.0,0.0,False,0.0,0.0,0.0026294049352407816
2013-06-10,-0.0008016485098064575,-0.0008016485098064575,-0.002069018109533668,0.0012673695997272103,0.0012673695997272103,0.0,0.0,False,0.0,0.0,-0.002069018109533668
2013-06-11,-0.008448592830285942,-0.008448592830285942,-0.006574079862328042,-0.0018745129679578997,-0.0018745129679578997,0.0,0.0,False,0.0,0.0,-0.006574079862328042
2013-06-12,-0.0021231300324576754,-0.0021231300324576754,-0.0059744421644816,0.0038513121320239247,0.0038513121320239247,0.0,0.0,False,0.0,0.0,-0.0059744421644816
2013-06-13,0.013402281520122674,0.013402281520122674,0.01373414378614917,-0.00033186226602649645,-0.00033186226602649645,0.0,0.0,False,0.0,0.0,0.01373414378614917
2013-06-14,-0.0044406919482315645,-0.0044406919482315645,-0.005416856443910403,0.0009761644956788381,0.0009761644956788381,0.0,0.0,False,0.0,0.0,-0.005416856443910403
2013-06-17,0.00594225591122472,0.00594225591122472,0.004737186963985081,0.0012050689472396393,0.0012050689472396393,0.0,0.0,False,0.0,0.0,0.004737186963985081
2013-06-18,0.004434677509083307,0.004434677509083307,0.0040916235530151735,0.0003430539560681338,0.0003430539560681338,0.0,0.0,False,0.0,0.0,0.0040916235530151735
2013-06-19,-0.015992045019838086,-0.015992045019838086,-0.01598069370870195,-1.135131113613741e-05,-1.135131113613741e-05,0.0,0.0,False,0.0,0.0,-0.01598069370870195
2013-06-20,-0.022249187589314434,-0.022249187589314434,-0.022482155858884863,0.00023296826957042854,0.00023296826957042854,0.0,0.0,False,0.0,0.0,-0.022482155858884863
2013-06-21,-0.0016597179503357842,-0.0016597179503357842,-0.0012816526912225927,-0.00037806525911319154,-0.00037806525911319154,0.0,0.0,False,0.0,0.0,-0.0012816526912225927
2013-06-24,-0.012698242762399708,-0.012698242762399708,-0.010054275905192754,-0.002643966857206954,-0.002643966857206954,0.0,0.0,False,0.0,0.0,-0.010054275905192754
2013-06-25,0.011523538209678167,0.011523538209678167,0.0071205563165120545,0.0044029818931661125,0.0044029818931661125,0.0,0.0,False,0.0,0.0,0.0071205563165120545
2013-06-26,0.007048028389455103,0.007048028389455103,0.007609893995527398,-0.0005618656060722947,-0.0005618656060722947,0.0,0.0,False,0.0,0.0,0.007609893995527398
2013-06-27,0.007474778642774016,0.007474778642774016,0.008932280917055193,-0.001457502274281177,-0.001457502274281177,0.0,0.0,False,0.0,0.0,0.008932280917055193
2013-06-28,-0.003878357663709018,-0.003878357663709018,-0.0012633714162829223,-0.002614986247426096,-0.002614986247426096,0.0,0.0,False,0.0,0.0,-0.0012633714162829223
2013-07-01,0.0065392687949594,0.0063568546800580605,0.0048626345821756066,0.001494220097882454,0.0016766342127837938,0.1824141149013398,0.00018241411490133982,True,0.0045886460259711714,4.5886460259711715e-06,0.004858045936149635
2013-07-02,-0.0021548663450181808,-0.0021548663450181808,-0.002333584071374296,0.00017871772635611512,0.00017871772635611512,0.0,0.0,False,0.0,0.0,-0.002333584071374296
2013-07-03,0.000310212576657325,0.000310212576657325,-0.0015956825331905533,0.0019058951098478783,0.0019058951098478783,0.0,0.0,False,0.0,0.0,-0.0015956825331905533
2013-07-05,0.0017164229383680122,0.0017164229383680122,-0.002909199518981882,0.004625622457349894,0.004625622457349894,0.0,0.0,False,0.0,0.0,-0.002909199518981882
2013-07-08,0.007671106775152,0.007671106775152,0.005868448233112698,0.0018026585420393027,0.0018026585420393027,0.0,0.0,False,0.0,0.0,0.005868448233112698
2013-07-09,0.004595294721579217,0.004595294721579217,0.005292709929109749,-0.0006974152075305317,-0.0006974152075305317,0.0,0.0,False,0.0,0.0,0.005292709929109749
2013-07-10,0.001442934844559562,0.001442934844559562,-0.0017382786282403098,0.0031812134727998717,0.0031812134727998717,0.0,0.0,False,0.0,0.0,-0.0017382786282403098
2013-07-11,0.017314308357137143,0.017314308357137143,0.017751894997707927,-0.00043758664057078414,-0.00043758664057078414,0.0,0.0,False,0.0,0.0,0.017751894997707927
2013-07-12,-0.0026374485265916463,-0.0026374485265916463,-0.00245717378997224,-0.00018027473661940633,-0.00018027473661940633,0.0,0.0,False,0.0,0.0,-0.00245717378997224
2013-07-15,0.005021877524030554,0.005021877524030554,0.005397847298741364,-0.0003759697747108097,-0.0003759697747108097,0.0,0.0,False,0.0,0.0,0.005397847298741364
2013-07-16,-0.002185043976871985,-0.002185043976871985,-0.0010657076286542133,-0.0011193363482177717,-0.0011193363482177717,0.0,0.0,False,0.0,0.0,-0.0010657076286542133
2013-07-17,0.003728526554729628,0.003728526554729628,0.003851804494333106,-0.00012327793960347812,-0.00012327793960347812,0.0,0.0,False,0.0,0.0,0.003851804494333106
2013-07-18,0.004923112294725069,0.004923112294725069,-4.644564526396313e-05,0.004969557939989032,0.004969557939989032,0.0,0.0,False,0.0,0.0,-4.644564526396313e-05
2013-07-19,0.0009307629178386561,0.0009307629178386561,0.002838457782958787,-0.001907694865120131,-0.001907694865120131,0.0,0.0,False,0.0,0.0,0.002838457782958787
2013-07-22,0.0030050128835660546,0.0030050128835660546,0.002931782401276145,7.323048228990948e-05,7.323048228990948e-05,0.0,0.0,False,0.0,0.0,0.002931782401276145
2013-07-23,-0.0006692402160600956,-0.0006692402160600956,6.37413599174567e-05,-0.0007329815759775523,-0.0007329815759775523,0.0,0.0,False,0.0,0.0,6.37413599174567e-05
2013-07-24,-0.003880319646334478,-0.003880319646334478,-0.00539960459709796,0.0015192849507634824,0.0015192849507634824,0.0,0.0,False,0.0,0.0,-0.00539960459709796
2013-07-25,0.0009605916098671878,0.0009605916098671878,0.002190630085213874,-0.0012300384753466862,-0.0012300384753466862,0.0,0.0,False,0.0,0.0,0.002190630085213874
2013-07-26,-0.0015313686083735162,-0.0015313686083735162,-0.000459535664611348,-0.0010718329437621682,-0.0010718329437621682,0.0,0.0,False,0.0,0.0,-0.000459535664611348
2013-07-29,-0.00492144918486392,-0.00492144918486392,-0.005020403297786568,9.895411292264785e-05,9.895411292264785e-05,0.0,0.0,False,0.0,0.0,-0.005020403297786568
2013-07-30,0.00023107798269055078,0.00023107798269055078,-0.0002436328543020961,0.0004747108369926469,0.0004747108369926469,0.0,0.0,False,0.0,0.0,-0.0002436328543020961
2013-07-31,0.0015744140326365247,0.0015744140326365247,0.00040226620661022044,0.0011721478260263043,0.0011721478260263043,0.0,0.0,False,0.0,0.0,0.00040226620661022044
2013-08-01,0.0018865935364753205,0.0017054660307237784,0.004081913077348426,-0.002376447046624647,-0.0021953195408731052,0.18112750575154202,0.00018112750575154202,True,0.012644633087101901,1.26446330871019e-05,0.004069268444261324
2013-08-02,0.005168535936833298,0.005168535936833298,0.0047209371239122205,0.00044759881292107725,0.00044759881292107725,0.0,0.0,False,0.0,0.0,0.0047209371239122205
2013-08-05,-0.002813602249097992,-0.002813602249097992,-0.0027853113935660573,-2.8290855531934618e-05,-2.8290855531934618e-05,0.0,0.0,False,0.0,0.0,-0.0027853113935660573
2013-08-06,-0.002285136171037629,-0.002285136171037629,-0.0034255732005996015,0.0011404370295619724,0.0011404370295619724,0.0,0.0,False,0.0,0.0,-0.0034255732005996015
2013-08-07,-0.0014828992576523706,-0.0014828992576523706,-0.0016556234836143495,0.0001727242259619789,0.0001727242259619789,0.0,0.0,False,0.0,0.0,-0.0016556234836143495
2013-08-08,0.003669366789005551,0.003669366789005551,0.005313574698589101,-0.0016442079095835504,-0.0016442079095835504,0.0,0.0,False,0.0,0.0,0.005313574698589101
2013-08-09,-0.0005783458459072752,-0.0005783458459072752,-0.000227635681099782,-0.0003507101648074932,-0.0003507101648074932,0.0,0.0,False,0.0,0.0,-0.000227635681099782
2013-08-12,-0.0014395180298674881,-0.0014395180298674881,-0.0003735436736063448,-0.0010659743562611433,-0.0010659743562611433,0.0,0.0,False,0.0,0.0,-0.0003735436736063448
2013-08-13,-0.0004449343323586877,-0.0004449343323586877,-0.0011499215468454606,0.0007049872144867729,0.0007049872144867729,0.0,0.0,False,0.0,0.0,-0.0011499215468454606
2013-08-14,-0.002127046494983993,-0.002127046494983993,-0.001329248553815664,-0.0007977979411683291,-0.0007977979411683291,0.0,0.0,False,0.0,0.0,-0.001329248553815664
2013-08-15,-0.009090585802468699,-0.009090585802468699,-0.010378067687799473,0.001287481885330774,0.001287481885330774,0.0,0.0,False,0.0,0.0,-0.010378067687799473
2013-08-16,-0.0028036551988356887,-0.0028036551988356887,-0.003477834861975888,0.0006741796631401994,0.0006741796631401994,0.0,0.0,False,0.0,0.0,-0.003477834861975888
2013-08-19,-0.006061979152908331,-0.006061979152908331,-0.007517578772181293,0.001455599619272962,0.001455599619272962,0.0,0.0,False,0.0,0.0,-0.007517578772181293
2013-08-20,0.00490349640271542,0.00490349640271542,0.004158410698189773,0.0007450857045256474,0.0007450857045256474,0.0,0.0,False,0.0,0.0,0.004158410698189773
2013-08-21,-0.006630944803686322,-0.006630944803686322,-0.008979076767694973,0.0023481319640086505,0.0023481319640086505,0.0,0.0,False,0.0,0.0,-0.008979076767694973
2013-08-22,0.006261064834106524,0.006261064834106524,0.007637840720158032,-0.0013767758860515084,-0.0013767758860515084,0.0,0.0,False,0.0,0.0,0.007637840720158032
2013-08-23,0.005218953467417131,0.005218953467417131,0.006295473224346727,-0.001076519756929596,-0.001076519756929596,0.0,0.0,False,0.0,0.0,0.006295473224346727
2013-08-26,-0.0018625825174919618,-0.0018625825174919618,-0.0023778938284727455,0.0005153113109807837,0.0005153113109807837,0.0,0.0,False,0.0,0.0,-0.0023778938284727455
2013-08-27,-0.007983364033162764,-0.007983364033162764,-0.008490650442410926,0.0005072864092481623,0.0005072864092481623,0.0,0.0,False,0.0,0.0,-0.008490650442410926
2013-08-28,0.000995029508800655,0.000995029508800655,-2.042726433721699e-05,0.001015456773137872,0.001015456773137872,0.0,0.0,False,0.0,0.0,-2.042726433721699e-05
2013-08-29,0.0013217996778899024,0.0013217996778899024,0.002246646509841518,-0.0009248468319516157,-0.0009248468319516157,0.0,0.0,False,0.0,0.0,0.002246646509841518
2013-08-30,-0.0035929885317274118,-0.0035929885317274118,-0.0032748340099267243,-0.0003181545218006875,-0.0003181545218006875,0.0,0.0,False,0.0,0.0,-0.0032748340099267243
2013-09-03,0.003217657428102338,0.002937805323237466,0.0027851374048703803,0.0001526679183670855,0.00043252002323195763,0.2798521048648721,0.00027985210486487213,True,0.0037174041981988017,3.7174041981988016e-06,0.0027814200006721817
2013-09-04,0.006133260725662016,0.006133260725662016,0.0047680884268427775,0.0013651722988192389,0.0013651722988192389,0.0,0.0,False,0.0,0.0,0.0047680884268427775
2013-09-05,-0.0011215097487497286,-0.0011215097487497286,-0.0018647539733988383,0.0007432442246491098,0.0007432442246491098,0.0,0.0,False,0.0,0.0,-0.0018647539733988383
2013-09-06,0.0020624369396066234,0.0020624369396066234,0.004275088941096435,-0.0022126520014898116,-0.0022126520014898116,0.0,0.0,False,0.0,0.0,0.004275088941096435
2013-09-09,0.009265587611101831,0.009265587611101831,0.009293581966560304,-2.7994355458473355e-05,-2.7994355458473355e-05,0.0,0.0,False,0.0,0.0,0.009293581966560304
2013-09-10,0.006173819598986434,0.006173819598986434,0.0033950377075990233,0.0027787818913874106,0.0027787818913874106,0.0,0.0,False,0.0,0.0,0.0033950377075990233
2013-09-11,0.0022809981522977922,0.0022809981522977922,0.003669213402173513,-0.0013882152498757207,-0.0013882152498757207,0.0,0.0,False,0.0,0.0,0.003669213402173513
2013-09-12,-0.0036763824642655233,-0.0036763824642655233,-0.0034448747963392663,-0.000231507667926257,-0.000231507667926257,0.0,0.0,False,0.0,0.0,-0.0034448747963392663
2013-09-13,0.00258111480162979,0.00258111480162979,0.002925580791137879,-0.0003444659895080887,-0.0003444659895080887,0.0,0.0,False,0.0,0.0,0.002925580791137879
2013-09-16,0.004288421299271147,0.004288421299271147,0.004530780769528657,-0.00024235947025751017,-0.00024235947025751017,0.0,0.0,False,0.0,0.0,0.004530780769528657
2013-09-17,0.005304219238296752,0.005304219238296752,0.0028876090078681672,0.0024166102304285847,0.0024166102304285847,0.0,0.0,False,0.0,0.0,0.0028876090078681672
2013-09-18,0.01201727070892929,0.01201727070892929,0.01766113599901998,-0.005643865290090689,-0.005643865290090689,0.0,0.0,False,0.0,0.0,0.01766113599901998
2013-09-19,-0.0024933208107415605,-0.0024933208107415605,-0.0037332281165986516,0.0012399073058570911,0.0012399073058570911,0.0,0.0,False,0.0,0.0,-0.0037332281165986516
2013-09-20,-0.004077911088635377,-0.004077911088635377,-0.005278919055922267,0.00120100796728689,0.00120100796728689,0.0,0.0,False,0.0,0.0,-0.005278919055922267
2013-09-23,-0.0009103410978463549,-0.0009103410978463549,0.0008707462939125873,-0.0017810873917589423,-0.0017810873917589423,0.0,0.0,False,0.0,0.0,0.0008707462939125873
2013-09-24,-6.049993866634451e-05,-6.049993866634451e-05,-9.356348292800202e-05,3.30635442616575e-05,3.30635442616575e-05,0.0,0.0,False,0.0,0.0,-9.356348292800202e-05
2013-09-25,-0.0013929354844099458,-0.0013929354844099458,-0.0005158241181904943,-0.0008771113662194515,-0.0008771113662194515,0.0,0.0,False,0.0,0.0,-0.0005158241181904943
2013-09-26,0.0027850732465329623,0.0027850732465329623,0.0013975003171234474,0.001387572929409515,0.001387572929409515,0.0,0.0,False,0.0,0.0,0.0013975003171234474
2013-09-27,-0.003404235669295887,-0.003404235669295887,-0.003127654830866325,-0.0002765808384295621,-0.0002765808384295621,0.0,0.0,False,0.0,0.0,-0.003127654830866325
2013-09-30,-0.003032055305771109,-0.003032055305771109,-0.00395280876704855,0.000920753461277441,0.000920753461277441,0.0,0.0,False,0.0,0.0,-0.00395280876704855
2013-10-01,0.007186023553926868,0.0070111215265901555,0.0049947329156374235,0.002016388610952732,0.002191290638289444,0.1749020273367117,0.0001749020273367117,True,0.010748769317719762,1.0748769317719761e-05,0.004983984146319704
2013-10-02,-0.0010763550875818185,-0.0010763550875818185,0.0007098183436907337,-0.0017861734312725522,-0.0017861734312725522,0.0,0.0,False,0.0,0.0,0.0007098183436907337
2013-10-03,-0.005574004030265084,-0.005574004030265084,-0.0043826551195540586,-0.0011913489107110257,-0.0011913489107110257,0.0,0.0,False,0.0,0.0,-0.0043826551195540586
2013-10-04,0.004898856015704295,0.004898856015704295,0.003540906675330624,0.0013579493403736709,0.0013579493403736709,0.0,0.0,False,0.0,0.0,0.003540906675330624
2013-10-07,-0.00681345850543041,-0.00681345850543041,-0.004959866448402312,-0.0018535920570280978,-0.0018535920570280978,0.0,0.0,False,0.0,0.0,-0.004959866448402312
2013-10-08,-0.008298288840960798,-0.008298288840960798,-0.006528572635527718,-0.0017697162054330804,-0.0017697162054330804,0.0,0.0,False,0.0,0.0,-0.006528572635527718
2013-10-09,-0.0005446517200998681,-0.0005446517200998681,0.0003431755693057425,-0.0008878272894056107,-0.0008878272894056107,0.0,0.0,False,0.0,0.0,0.0003431755693057425
2013-10-10,0.015211191601060787,0.015211191601060787,0.012547960209461901,0.0026632313915988855,0.0026632313915988855,0.0,0.0,False,0.0,0.0,0.012547960209461901
2013-10-11,0.006612361131630957,0.006612361131630957,0.004386260676141053,0.0022261004554899036,0.0022261004554899036,0.0,0.0,False,0.0,0.0,0.004386260676141053
2013-10-14,0.003057582944970353,0.003057582944970353,0.0010555602757632242,0.002002022669207129,0.002002022669207129,0.0,0.0,False,0.0,0.0,0.0010555602757632242
2013-10-15,-0.005133819970838165,-0.005133819970838165,-0.004387008524135921,-0.0007468114467022438,-0.0007468114467022438,0.0,0.0,False,0.0,0.0,-0.004387008524135921
2013-10-16,0.010230394165004826,0.010230394165004826,0.009442620580686066,0.0007877735843187603,0.0007877735843187603,0.0,0.0,False,0.0,0.0,0.009442620580686066
2013-10-17,0.006598091265876076,0.006598091265876076,0.007757331889550985,-0.0011592406236749092,-0.0011592406236749092,0.0,0.0,False,0.0,0.0,0.007757331889550985
2013-10-18,0.00603958135825192,0.00603958135825192,0.003920952982753287,0.002118628375498633,0.002118628375498633,0.0,0.0,False,0.0,0.0,0.003920952982753287
2013-10-21,-0.0013872495736702406,-0.0013872495736702406,-0.0006973031758882196,-0.000689946397782021,-0.000689946397782021,0.0,0.0,False,0.0,0.0,-0.0006973031758882196
2013-10-22,0.004031874593777776,0.004031874593777776,0.00720234358352664,-0.0031704689897488645,-0.0031704689897488645,0.0,0.0,False,0.0,0.0,0.00720234358352664
2013-10-23,-0.0022541314515999965,-0.0022541314515999965,-0.005016009154189926,0.002761877702589929,0.002761877702589929,0.0,0.0,False,0.0,0.0,-0.005016009154189926
2013-10-24,0.0025898902507475586,0.0025898902507475586,0.0013630282723228904,0.0012268619784246682,0.0012268619784246682,0.0,0.0,False,0.0,0.0,0.0013630282723228904
2013-10-25,0.0019462515083888965,0.0019462515083888965,0.0019854053091833907,-3.915380079449419e-05,-3.915380079449419e-05,0.0,0.0,False,0.0,0.0,0.0019854053091833907
2013-10-28,0.0004172270555813204,0.0004172270555813204,0.0005866847462903925,-0.0001694576907090721,-0.0001694576907090721,0.0,0.0,False,0.0,0.0,0.0005866847462903925
2013-10-29,0.003237019665781205,0.003237019665781205,0.0029530710647096966,0.00028394860107150855,0.00028394860107150855,0.0,0.0,False,0.0,0.0,0.0029530710647096966
2013-10-30,-0.006720170464797833,-0.006720170464797833,-0.004413985119752701,-0.002306185345045132,-0.002306185345045132,0.0,0.0,False,0.0,0.0,-0.004413985119752701
2013-10-31,-0.002354647787380016,-0.002354647787380016,-0.0033714985043001044,0.0010168507169200885,0.0010168507169200885,0.0,0.0,False,0.0,0.0,-0.0033714985043001044
2013-11-01,-0.002502987952432212,-0.002743949926465106,-0.002235275214817733,-0.0005086747116473727,-0.00026771273761447886,0.2409619740328937,0.0002409619740328937,True,0.00672665361435567,6.72665361435567e-06,-0.002242001868432089
2013-11-04,0.005459935390529874,0.005459935390529874,0.003454762030709964,0.00200517335981991,0.00200517335981991,0.0,0.0,False,0.0,0.0,0.003454762030709964
2013-11-05,-0.0032869862220379783,-0.0032869862220379783,-0.006573332799536447,0.0032863465774984686,0.0032863465774984686,0.0,0.0,False,0.0,0.0,-0.006573332799536447
2013-11-06,0.0007522412842882612,0.0007522412842882612,0.003742085598273171,-0.00298984431398491,-0.00298984431398491,0.0,0.0,False,0.0,0.0,0.003742085598273171
2013-11-07,-0.007339313124651654,-0.007339313124651654,-0.007594114960105489,0.00025480183545383527,0.00025480183545383527,0.0,0.0,False,0.0,0.0,-0.007594114960105489
2013-11-08,0.006270356025073771,0.006270356025073771,0.0006871421539581201,0.00558321387111565,0.00558321387111565,0.0,0.0,False,0.0,0.0,0.0006871421539581201
2013-11-11,-0.0008782395076851825,-0.0008782395076851825,-0.000588317159334305,-0.0002899223483508775,-0.0002899223483508775,0.0,0.0,False,0.0,0.0,-0.000588317159334305
2013-11-12,-0.0006524270162401827,-0.0006524270162401827,-0.0014528030806378845,0.0008003760643977018,0.0008003760643977018,0.0,0.0,False,0.0,0.0,-0.0014528030806378845
2013-11-13,0.006563623153939948,0.006563623153939948,0.0049349102414690095,0.0016287129124709383,0.0016287129124709383,0.0,0.0,False,0.0,0.0,0.0049349102414690095
2013-11-14,0.0021331338179186882,0.0021331338179186882,0.0058021505525059774,-0.003669016734587289,-0.003669016734587289,0.0,0.0,False,0.0,0.0,0.0058021505525059774
2013-11-15,0.002458074541984242,0.002458074541984242,0.00453197187341289,-0.002073897331428648,-0.002073897331428648,0.0,0.0,False,0.0,0.0,0.00453197187341289
2013-11-18,-0.0035666662019291145,-0.0035666662019291145,0.001119111261501683,-0.0046857774634307976,-0.0046857774634307976,0.0,0.0,False,0.0,0.0,0.001119111261501683
2013-11-19,-0.0031870878314536675,-0.0031870878314536675,-0.0035916111588971938,0.00040452332744352624,0.00040452332744352624,0.0,0.0,False,0.0,0.0,-0.0035916111588971938
2013-11-20,-0.0017368041809912825,-0.0017368041809912825,-0.005935631964724806,0.004198827783733524,0.004198827783733524,0.0,0.0,False,0.0,0.0,-0.005935631964724806
2013-11-21,0.008949211327535064,0.008949211327535064,0.004759241061024228,0.004189970266510835,0.004189970266510835,0.0,0.0,False,0.0,0.0,0.004759241061024228
2013-11-22,0.0032111300350956247,0.0032111300350956247,0.0044577718180031835,-0.0012466417829075588,-0.0012466417829075588,0.0,0.0,False,0.0,0.0,0.0044577718180031835
2013-11-25,0.0009097539075514369,0.0009097539075514369,-0.0014058239331065734,0.0023155778406580103,0.0023155778406580103,0.0,0.0,False,0.0,0.0,-0.0014058239331065734
2013-11-26,0.003226057034696035,0.003226057034696035,0.0016995625022858387,0.0015264945324101964,0.0015264945324101964,0.0,0.0,False,0.0,0.0,0.0016995625022858387
2013-11-27,0.0018496203129010303,0.0018496203129010303,0.0015248896330986466,0.0003247306798023837,0.0003247306798023837,0.0,0.0,False,0.0,0.0,0.0015248896330986466
2013-11-29,0.0003707474400415555,0.0003707474400415555,0.0009042812806465412,-0.0005335338406049857,-0.0005335338406049857,0.0,0.0,False,0.0,0.0,0.0009042812806465412
2013-12-02,-0.003556880860756192,-0.003836806444718379,-0.006451641884192133,0.0026148354394737536,0.0028947610234359407,0.2799255839621872,0.0002799255839621872,True,0.007963890474373611,7.963890474373612e-06,-0.0064596057746665065
2013-12-03,-0.0034503022150470736,-0.0034503022150470736,-0.001998258298486508,-0.0014520439165605658,-0.0014520439165605658,0.0,0.0,False,0.0,0.0,-0.001998258298486508
2013-12-04,-0.0019853831784026428,-0.0019853831784026428,-0.0029679008042968018,0.000982517625894159,0.000982517625894159,0.0,0.0,False,0.0,0.0,-0.0029679008042968018
2013-12-05,-0.0021568196290351976,-0.0021568196290351976,-0.0036804095777321476,0.00152358994869695,0.00152358994869695,0.0,0.0,False,0.0,0.0,-0.0036804095777321476
2013-12-06,0.007585596243515434,0.007585596243515434,0.008513933078978679,-0.0009283368354632447,-0.0009283368354632447,0.0,0.0,False,0.0,0.0,0.008513933078978679
2013-12-09,0.00203443304965115,0.00203443304965115,0.0013157273224964773,0.0007187057271546727,0.0007187057271546727,0.0,0.0,False,0.0,0.0,0.0013157273224964773
2013-12-10,-0.0032708510806194885,-0.0032708510806194885,5.8146126111841316e-05,-0.0033289972067313297,-0.0033289972067313297,0.0,0.0,False,0.0,0.0,5.8146126111841316e-05
2013-12-11,-0.009213253252353778,-0.009213253252353778,-0.009369684967724331,0.000156431715370553,0.000156431715370553,0.0,0.0,False,0.0,0.0,-0.009369684967724331
2013-12-12,-0.001992406946251959,-0.001992406946251959,-0.0035630188231699986,0.0015706118769180395,0.0015706118769180395,0.0,0.0,False,0.0,0.0,-0.0035630188231699986
2013-12-13,0.0011621646697281994,0.0011621646697281994,0.0012357029719745822,-7.353830224638282e-05,-7.353830224638282e-05,0.0,0.0,False,0.0,0.0,0.0012357029719745822
2013-12-16,0.005545994405756716,0.005545994405756716,0.004000880885355234,0.0015451135204014822,0.0015451135204014822,0.0,0.0,False,0.0,0.0,0.004000880885355234
2013-12-17,-0.0017297744164804086,-0.0017297744164804086,-0.0012177511172426219,-0.0005120232992377868,-0.0005120232992377868,0.0,0.0,False,0.0,0.0,-0.0012177511172426219
2013-12-18,0.010749207543499891,0.010749207543499891,0.00906855616627494,0.001680651377224951,0.001680651377224951,0.0,0.0,False,0.0,0.0,0.00906855616627494
2013-12-19,-0.002349250309255319,-0.002349250309255319,-0.0036465972613555445,0.0012973469521002255,0.0012973469521002255,0.0,0.0,False,0.0,0.0,-0.0036465972613555445
2013-12-20,0.006271269512540488,0.006271269512540488,0.005397074912388629,0.0008741946001518588,0.0008741946001518588,0.0,0.0,False,0.0,0.0,0.005397074912388629
2013-12-23,0.005385756660217828,0.005385756660217828,0.003292529819913578,0.0020932268403042495,0.0020932268403042495,0.0,0.0,False,0.0,0.0,0.003292529819913578
2013-12-24,0.0015466239357725719,0.0015466239357725719,0.0005236691834759448,0.001022954752296627,0.001022954752296627,0.0,0.0,False,0.0,0.0,0.0005236691834759448
2013-12-26,0.002600515005207856,0.002600515005207856,0.0010743561959033743,0.0015261588093044818,0.0015261588093044818,0.0,0.0,False,0.0,0.0,0.0010743561959033743
2013-12-27,0.0002564498321559062,0.0002564498321559062,0.0018380262884528128,-0.0015815764562969066,-0.0015815764562969066,0.0,0.0,False,0.0,0.0,0.0018380262884528128
2013-12-30,0.0004882378158335743,0.0004882378158335743,0.002297360463159863,-0.0018091226473262887,-0.0018091226473262887,0.0,0.0,False,0.0,0.0,0.002297360463159863
2013-12-31,0.002693800630577295,0.002693800630577295,0.0013124599213670857,0.0013813407092102092,0.0013813407092102092,0.0,0.0,False,0.0,0.0,0.0013124599213670857
2014-01-02,-0.003934993633668897,-0.00407548185513031,-0.008701508622183707,0.0046260267670533975,0.00476651498851481,0.14048822146141246,0.00014048822146141247,True,0.008567939290206956,8.567939290206955e-06,-0.008710076561473915
2014-01-03,0.000552228081465005,0.000552228081465005,0.00029660139981752833,0.00025562668164747664,0.00025562668164747664,0.0,0.0,False,0.0,0.0,0.00029660139981752833
2014-01-06,-0.0011496061088606558,-0.0011496061088606558,-0.001258818191481647,0.00010921208262099124,0.00010921208262099124,0.0,0.0,False,0.0,0.0,-0.001258818191481647
2014-01-07,0.0036825925314721833,0.0036825925314721833,0.003833908187884754,-0.00015131565641257096,-0.00015131565641257096,0.0,0.0,False,0.0,0.0,0.003833908187884754
2014-01-08,-0.0006339702807455239,-0.0006339702807455239,-0.0020060980740913086,0.0013721277933457848,0.0013721277933457848,0.0,0.0,False,0.0,0.0,-0.0020060980740913086
2014-01-09,0.0011650693263101372,0.0011650693263101372,0.0007598874330041422,0.00040518189330599505,0.00040518189330599505,0.0,0.0,False,0.0,0.0,0.0007598874330041422
2014-01-10,0.004063067496729627,0.004063067496729627,0.007286228841929239,-0.0032231613451996115,-0.0032231613451996115,0.0,0.0,False,0.0,0.0,0.007286228841929239
2014-01-13,-0.006777078791334944,-0.006777078791334944,-0.005980012178156404,-0.00079706661317854,-0.00079706661317854,0.0,0.0,False,0.0,0.0,-0.005980012178156404
2014-01-14,0.0057027576460582105,0.0057027576460582105,0.004615481365418076,0.0010872762806401343,0.0010872762806401343,0.0,0.0,False,0.0,0.0,0.004615481365418076
2014-01-15,0.003648826709189134,0.003648826709189134,0.0023900180523087743,0.0012588086568803597,0.0012588086568803597,0.0,0.0,False,0.0,0.0,0.0023900180523087743
2014-01-16,-1.6269889302940468e-05,-1.6269889302940468e-05,0.0003395689391400203,-0.00035583882844296075,-0.00035583882844296075,0.0,0.0,False,0.0,0.0,0.0003395689391400203
2014-01-17,-0.0016227750157814678,-0.0016227750157814678,-0.0014976370630816367,-0.00012513795269983113,-0.00012513795269983113,0.0,0.0,False,0.0,0.0,-0.0014976370630816367
2014-01-21,0.0022668767433316347,0.0022668767433316347,0.0013554589181356339,0.0009114178251960008,0.0009114178251960008,0.0,0.0,False,0.0,0.0,0.0013554589181356339
2014-01-22,0.00012232826101956964,0.00012232826101956964,0.0006581072140742913,-0.0005357789530547216,-0.0005357789530547216,0.0,0.0,False,0.0,0.0,0.0006581072140742913
2014-01-23,-0.0034262192479619456,-0.0034262192479619456,-0.00348299210078614,5.677285282419458e-05,5.677285282419458e-05,0.0,0.0,False,0.0,0.0,-0.00348299210078614
2014-01-24,-0.01322073007626582,-0.01322073007626582,-0.013137066739480393,-8.366333678542712e-05,-8.366333678542712e-05,0.0,0.0,False,0.0,0.0,-0.013137066739480393
2014-01-27,-0.004564822462907659,-0.004564822462907659,-0.004526684189693353,-3.8138273214306274e-05,-3.8138273214306274e-05,0.0,0.0,False,0.0,0.0,-0.004526684189693353
2014-01-28,0.005480066469388706,0.005480066469388706,0.005326576658105667,0.0001534898112830396,0.0001534898112830396,0.0,0.0,False,0.0,0.0,0.005326576658105667
2014-01-29,-0.005951018866276647,-0.005951018866276647,-0.004813304397063223,-0.0011377144692134248,-0.0011377144692134248,0.0,0.0,False,0.0,0.0,-0.004813304397063223
2014-01-30,0.006421720686450251,0.006421720686450251,0.005169672620249712,0.0012520480662005394,0.0012520480662005394,0.0,0.0,False,0.0,0.0,0.005169672620249712
2014-01-31,-0.002726679760428688,-0.002726679760428688,-0.002803795360950448,7.711560052175992e-05,7.711560052175992e-05,0.0,0.0,False,0.0,0.0,-0.002803795360950448
2014-02-03,-0.01709099026032611,-0.01724223294313582,-0.011546267778214497,-0.005695965164921322,-0.005544722482111615,0.15124268280970798,0.00015124268280970797,True,0.01892966835032686,1.8929668350326862e-05,-0.011565197446564824
2014-02-04,0.005551233972032091,0.005551233972032091,0.004262136675609049,0.0012890972964230418,0.0012890972964230418,0.0,0.0,False,0.0,0.0,0.004262136675609049
2014-02-05,-0.0015903941825862015,-0.0015903941825862015,-0.002480177623967984,0.0008897834413817826,0.0008897834413817826,0.0,0.0,False,0.0,0.0,-0.002480177623967984
2014-02-06,0.00932532210343873,0.00932532210343873,0.008336659636011606,0.0009886624674271243,0.0009886624674271243,0.0,0.0,False,0.0,0.0,0.008336659636011606
2014-02-07,0.009691617012949917,0.009691617012949917,0.007861808645917427,0.00182980836703249,0.00182980836703249,0.0,0.0,False,0.0,0.0,0.007861808645917427
2014-02-10,0.0009641441009889358,0.0009641441009889358,-0.0006540827734359404,0.0016182268744248762,0.0016182268744248762,0.0,0.0,False,0.0,0.0,-0.0006540827734359404
2014-02-11,0.007898369922658436,0.007898369922658436,0.006842822300384817,0.0010555476222736193,0.0010555476222736193,0.0,0.0,False,0.0,0.0,0.006842822300384817
2014-02-12,0.0005329363589956461,0.0005329363589956461,-0.000537403778988263,0.001070340137983909,0.001070340137983909,0.0,0.0,False,0.0,0.0,-0.000537403778988263
2014-02-13,0.005524670356669166,0.005524670356669166,0.00458044365114822,0.0009442267055209458,0.0009442267055209458,0.0,0.0,False,0.0,0.0,0.00458044365114822
2014-02-14,0.0031936335533719654,0.0031936335533719654,0.0037314883166825238,-0.0005378547633105584,-0.0005378547633105584,0.0,0.0,False,0.0,0.0,0.0037314883166825238
2014-02-18,0.003827951143232341,0.003827951143232341,0.0021436849115799234,0.0016842662316524175,0.0016842662316524175,0.0,0.0,False,0.0,0.0,0.0021436849115799234
2014-02-19,-0.005905004263292694,-0.005905004263292694,-0.0050034846789256075,-0.0009015195843670868,-0.0009015195843670868,0.0,0.0,False,0.0,0.0,-0.0050034846789256075
2014-02-20,0.005555913920859273,0.005555913920859273,0.002698653689642631,0.0028572602312166425,0.0028572602312166425,0.0,0.0,False,0.0,0.0,0.002698653689642631
2014-02-21,0.0007017212413626553,0.0007017212413626553,0.001459975076247675,-0.0007582538348850196,-0.0007582538348850196,0.0,0.0,False,0.0,0.0,0.001459975076247675
2014-02-24,0.0050988320719192815,0.0050988320719192815,0.003152358232118505,0.0019464738398007764,0.0019464738398007764,0.0,0.0,False,0.0,0.0,0.003152358232118505
2014-02-25,0.0001883589211779615,0.0001883589211779615,8.512865336324075e-05,0.00010323026781472076,0.00010323026781472076,0.0,0.0,False,0.0,0.0,8.512865336324075e-05
2014-02-26,0.0013723984897557949,0.0013723984897557949,0.0011870660085939939,0.00018533248116180102,0.00018533248116180102,0.0,0.0,False,0.0,0.0,0.0011870660085939939
2014-02-27,0.003922971846236456,0.003922971846236456,0.005033136054581435,-0.0011101642083449796,-0.0011101642083449796,0.0,0.0,False,0.0,0.0,0.005033136054581435
2014-02-28,0.0007001806355931926,0.0007001806355931926,-9.769389679830103e-05,0.0007978745323914936,0.0007978745323914936,0.0,0.0,False,0.0,0.0,-9.769389679830103e-05
2014-03-03,-0.0032748010534827685,-0.0034204505797459997,-0.005612579416215001,0.0021921288364690015,0.0023377783627322327,0.1456495262632312,0.00014564952626323118,True,0.009532381287120088,9.532381287120086e-06,-0.005622111797502122
2014-03-04,0.009424319125022356,0.009424319125022356,0.006949938145418101,0.0024743809796042545,0.0024743809796042545,0.0,0.0,False,0.0,0.0,0.006949938145418101
2014-03-05,-0.0004748141702551845,-0.0004748141702551845,0.0004303694729807793,-0.0009051836432359638,-0.0009051836432359638,0.0,0.0,False,0.0,0.0,0.0004303694729807793
2014-03-06,-0.00015622763645836425,-0.00015622763645836425,0.001855965552231294,-0.0020121931886896583,-0.0020121931886896583,0.0,0.0,False,0.0,0.0,0.001855965552231294
2014-03-07,-0.0017311298381098813,-0.0017311298381098813,-0.0036967470677419885,0.001965617229632107,0.001965617229632107,0.0,0.0,False,0.0,0.0,-0.0036967470677419885
2014-03-10,-0.0009076072058814494,-0.0009076072058814494,-0.0018949709120000286,0.0009873637061185792,0.0009873637061185792,0.0,0.0,False,0.0,0.0,-0.0018949709120000286
2014-03-11,-0.0037472882259953705,-0.0037472882259953705,-0.003860164783300965,0.0001128765573055945,0.0001128765573055945,0.0,0.0,False,0.0,0.0,-0.003860164783300965
2014-03-12,0.0016692808590486668,0.0016692808590486668,0.0015392267771826595,0.00013005408186600735,0.00013005408186600735,0.0,0.0,False,0.0,0.0,0.0015392267771826595
2014-03-13,-0.0062417339708498755,-0.0062417339708498755,-0.0061562313248256385,-8.550264602423703e-05,-8.550264602423703e-05,0.0,0.0,False,0.0,0.0,-0.0061562313248256385
2014-03-14,-0.0007287713852788901,-0.0007287713852788901,-0.0005516940537178154,-0.0001770773315610747,-0.0001770773315610747,0.0,0.0,False,0.0,0.0,-0.0005516940537178154
2014-03-17,0.004173974358977,0.004173974358977,0.004605959569792694,-0.0004319852108156941,-0.0004319852108156941,0.0,0.0,False,0.0,0.0,0.004605959569792694
2014-03-18,0.006321685681268451,0.006321685681268451,0.006323632497059661,-1.9468157912098244e-06,-1.9468157912098244e-06,0.0,0.0,False,0.0,0.0,0.006323632497059661
2014-03-19,-0.0057002235484263225,-0.0057002235484263225,-0.009193353282924114,0.0034931297344977918,0.0034931297344977918,0.0,0.0,False,0.0,0.0,-0.009193353282924114
2014-03-20,0.003647992536353765,0.003647992536353765,0.0018723846601156073,0.0017756078762381576,0.0017756078762381576,0.0,0.0,False,0.0,0.0,0.0018723846601156073
2014-03-21,-0.0018561298115250926,-0.0018561298115250926,0.0003349855049199177,-0.0021911153164450104,-0.0021911153164450104,0.0,0.0,False,0.0,0.0,0.0003349855049199177
2014-03-24,-0.0029161175281993464,-0.0029161175281993464,0.00023799278466473902,-0.0031541103128640852,-0.0031541103128640852,0.0,0.0,False,0.0,0.0,0.00023799278466473902
2014-03-25,0.0023804650294117075,0.0023804650294117075,0.003900400497693994,-0.0015199354682822867,-0.0015199354682822867,0.0,0.0,False,0.0,0.0,0.003900400497693994
2014-03-26,-0.0049747570826228,-0.0049747570826228,-0.0011103930836266877,-0.0038643639989961124,-0.0038643639989961124,0.0,0.0,False,0.0,0.0,-0.0011103930836266877
2014-03-27,-0.001623298784460092,-0.001623298784460092,0.0017911185212313924,-0.0034144173056914846,-0.0034144173056914846,0.0,0.0,False,0.0,0.0,0.0017911185212313924
2014-03-28,0.002066567975798682,0.002066567975798682,0.0022464285368212185,-0.0001798605610225366,-0.0001798605610225366,0.0,0.0,False,0.0,0.0,0.0022464285368212185
2014-03-31,0.00620303095718527,0.00620303095718527,0.004655090577371547,0.0015479403798137233,0.0015479403798137233,0.0,0.0,False,0.0,0.0,0.004655090577371547
2014-04-01,0.006205577495271105,0.0060133941445781,0.003563050905472759,0.0024503432391053412,0.0026425265897983457,0.19218335069300418,0.0001921833506930042,True,0.004683445775489823,4.683445775489823e-06,0.003558367459697269
2014-04-02,0.0016818273081542654,0.0016818273081542654,0.0003652316709963864,0.001316595637157879,0.001316595637157879,0.0,0.0,False,0.0,0.0,0.0003652316709963864
2014-04-03,-0.003467356689154746,-0.003467356689154746,-0.0010900659062561117,-0.002377290782898634,-0.002377290782898634,0.0,0.0,False,0.0,0.0,-0.0010900659062561117
2014-04-04,-0.00906329181599357,-0.00906329181599357,-0.003325701827384373,-0.0057375899886091975,-0.0057375899886091975,0.0,0.0,False,0.0,0.0,-0.003325701827384373
2014-04-07,-0.007581333478084374,-0.007581333478084374,-0.0031678996513139763,-0.004413433826770398,-0.004413433826770398,0.0,0.0,False,0.0,0.0,-0.0031678996513139763
2014-04-08,0.004308547756188463,0.004308547756188463,0.003446426459630729,0.0008621212965577336,0.0008621212965577336,0.0,0.0,False,0.0,0.0,0.003446426459630729
2014-04-09,0.0076313277213125395,0.0076313277213125395,0.00642000151839127,0.0012113262029212696,0.0012113262029212696,0.0,0.0,False,0.0,0.0,0.00642000151839127
2014-04-10,-0.014664288208438798,-0.014664288208438798,-0.009915911864669117,-0.0047483763437696815,-0.0047483763437696815,0.0,0.0,False,0.0,0.0,-0.009915911864669117
2014-04-11,-0.007835316716967286,-0.007835316716967286,-0.0032931138725910748,-0.004542202844376212,-0.004542202844376212,0.0,0.0,False,0.0,0.0,-0.0032931138725910748
2014-04-14,0.0036343684020336397,0.0036343684020336397,0.0027300585352308497,0.00090430986680279,0.00090430986680279,0.0,0.0,False,0.0,0.0,0.0027300585352308497
2014-04-15,0.0032264074837959266,0.0032264074837959266,0.00092394498485353,0.002302462498942397,0.002302462498942397,0.0,0.0,False,0.0,0.0,0.00092394498485353
2014-04-16,0.005890611727940527,0.005890611727940527,0.0065505702610035785,-0.0006599585330630516,-0.0006599585330630516,0.0,0.0,False,0.0,0.0,0.0065505702610035785
2014-04-17,0.0008786349119530028,0.0008786349119530028,-0.00021156331177077988,0.0010901982237237827,0.0010901982237237827,0.0,0.0,False,0.0,0.0,-0.00021156331177077988
2014-04-21,0.0024201447568019323,0.0024201447568019323,0.0009595554955619162,0.0014605892612400161,0.0014605892612400161,0.0,0.0,False,0.0,0.0,0.0009595554955619162
2014-04-22,0.004830849122592475,0.004830849122592475,0.002382508528052138,0.0024483405945403373,0.0024483405945403373,0.0,0.0,False,0.0,0.0,0.002382508528052138
2014-04-23,-0.0022431126759980343,-0.0022431126759980343,-0.0009617716147866626,-0.0012813410612113716,-0.0012813410612113716,0.0,0.0,False,0.0,0.0,-0.0009617716147866626
2014-04-24,-0.0004020611090942946,-0.0004020611090942946,0.0006198660995108784,-0.001021927208605173,-0.001021927208605173,0.0,0.0,False,0.0,0.0,0.0006198660995108784
2014-04-25,-0.0077179205322329995,-0.0077179205322329995,-0.005078614757352348,-0.0026393057748806516,-0.0026393057748806516,0.0,0.0,False,0.0,0.0,-0.005078614757352348
2014-04-28,-0.001599918952818721,-0.001599918952818721,0.0008991885670720389,-0.0024991075198907598,-0.0024991075198907598,0.0,0.0,False,0.0,0.0,0.0008991885670720389
2014-04-29,0.002281397494784071,0.002281397494784071,0.0035770830633900896,-0.0012956855686060186,-0.0012956855686060186,0.0,0.0,False,0.0,0.0,0.0035770830633900896
2014-04-30,0.0030676532480754986,0.0030676532480754986,0.002777162754768362,0.0002904904933071365,0.0002904904933071365,0.0,0.0,False,0.0,0.0,0.002777162754768362
2014-05-01,2.688655702382729e-06,-6.581972890639898e-06,0.002293226384160413,-0.0022998083570510528,-0.00229053772845803,0.009270628593022627,9.270628593022627e-06,True,0.00270233609534851,2.70233609534851e-06,0.0022905240480650645
2014-05-02,0.0010667235428005728,0.0010667235428005728,0.0008466676429838702,0.00022005589981670263,0.00022005589981670263,0.0,0.0,False,0.0,0.0,0.0008466676429838702
2014-05-05,-0.0005081904428823101,-0.0005081904428823101,-0.0009585561704772059,0.0004503657275948958,0.0004503657275948958,0.0,0.0,False,0.0,0.0,-0.0009585561704772059
2014-05-06,-0.007053410540249672,-0.007053410540249672,-0.0025309656488941928,-0.0045224448913554795,-0.0045224448913554795,0.0,0.0,False,0.0,0.0,-0.0025309656488941928
2014-05-07,0.0018759818895244188,0.0018759818895244188,0.002494151576546355,-0.0006181696870219361,-0.0006181696870219361,0.0,0.0,False,0.0,0.0,0.002494151576546355
2014-05-08,-0.0037250619139304864,-0.0037250619139304864,-0.0009949421901858865,-0.0027301197237446,-0.0027301197237446,0.0,0.0,False,0.0,0.0,-0.0009949421901858865
2014-05-09,0.0036414043985314236,0.0036414043985314236,1.9158411594695604e-05,0.003622245986936728,0.003622245986936728,0.0,0.0,False,0.0,0.0,1.9158411594695604e-05
2014-05-12,0.009766526057384754,0.009766526057384754,0.005592872933871411,0.004173653123513343,0.004173653123513343,0.0,0.0,False,0.0,0.0,0.005592872933871411
2014-05-13,-0.0022713409200937965,-0.0022713409200937965,0.00214847137680057,-0.004419812296894366,-0.004419812296894366,0.0,0.0,False,0.0,0.0,0.00214847137680057
2014-05-14,-0.005784899446935389,-0.005784899446935389,0.000412772586384104,-0.006197672033319493,-0.006197672033319493,0.0,0.0,False,0.0,0.0,0.000412772586384104
2014-05-15,-0.004123369323850205,-0.004123369323850205,-0.003174063486625329,-0.0009493058372248763,-0.0009493058372248763,0.0,0.0,False,0.0,0.0,-0.003174063486625329
2014-05-16,0.0034040343612154198,0.0034040343612154198,0.0022607242291554277,0.001143310132059992,0.001143310132059992,0.0,0.0,False,0.0,0.0,0.0022607242291554277
2014-05-19,0.004808053035304891,0.004808053035304891,0.0005405413024550328,0.004267511732849858,0.004267511732849858,0.0,0.0,False,0.0,0.0,0.0005405413024550328
2014-05-20,-0.006905093853873549,-0.006905093853873549,-0.0037077502592776116,-0.0031973435945959377,-0.0031973435945959377,0.0,0.0,False,0.0,0.0,-0.0037077502592776116
2014-05-21,0.0031049185473046715,0.0031049185473046715,0.00380460039801276,-0.0006996818507080883,-0.0006996818507080883,0.0,0.0,False,0.0,0.0,0.00380460039801276
2014-05-22,0.004251398360133704,0.004251398360133704,0.001810505717063763,0.002440892643069941,0.002440892643069941,0.0,0.0,False,0.0,0.0,0.001810505717063763
2014-05-23,0.004764441047462571,0.004764441047462571,0.002769947692261294,0.0019944933552012768,0.0019944933552012768,0.0,0.0,False,0.0,0.0,0.002769947692261294
2014-05-27,0.006886149985202596,0.006886149985202596,0.0036055715938550378,0.0032805783913475582,0.0032805783913475582,0.0,0.0,False,0.0,0.0,0.0036055715938550378
2014-05-28,-0.001310465713317599,-0.001310465713317599,0.002051394899779404,-0.0033618606130970032,-0.0033618606130970032,0.0,0.0,False,0.0,0.0,0.002051394899779404
2014-05-29,0.0021569469549091403,0.0021569469549091403,0.001946190252475985,0.00021075670243315536,0.00021075670243315536,0.0,0.0,False,0.0,0.0,0.001946190252475985
2014-05-30,-0.0008749607581568476,-0.0008749607581568476,-0.0012659215926771284,0.0003909608345202809,0.0003909608345202809,0.0,0.0,False,0.0,0.0,-0.0012659215926771284
2014-06-02,-0.0016777970314286622,-0.001956532714484576,-0.0014395323318723953,-0.0005170003826121808,-0.00023826469955626683,0.278735683055914,0.00027873568305591403,True,0.0022986925835692257,2.2986925835692256e-06,-0.0014418310244559646
2014-06-03,-0.0011683111989751564,-0.0011683111989751564,-0.0023737990036422473,0.0012054878046670909,0.0012054878046670909,0.0,0.0,False,0.0,0.0,-0.0023737990036422473
2014-06-04,0.0008817102857933809,0.0008817102857933809,-4.791164394943065e-05,0.0009296219297428115,0.0009296219297428115,0.0,0.0,False,0.0,0.0,-4.791164394943065e-05
2014-06-05,0.005510734655521859,0.005510734655521859,0.005749669015127697,-0.00023893435960583784,-0.00023893435960583784,0.0,0.0,False,0.0,0.0,0.005749669015127697
2014-06-06,0.004135885469310001,0.004135885469310001,0.0039203514972461564,0.00021553397206384474,0.00021553397206384474,0.0,0.0,False,0.0,0.0,0.0039203514972461564
2014-06-09,0.0010085977364267106,0.0010085977364267106,0.00032483866124529207,0.0006837590751814185,0.0006837590751814185,0.0,0.0,False,0.0,0.0,0.00032483866124529207
2014-06-10,-0.0007377571249940182,-0.0007377571249940182,-0.0006540597295786213,-8.369739541539691e-05,-8.369739541539691e-05,0.0,0.0,False,0.0,0.0,-0.0006540597295786213
2014-06-11,-0.0018848011416797532,-0.0018848011416797532,-0.0019387530992267508,5.395195754699764e-05,5.395195754699764e-05,0.0,0.0,False,0.0,0.0,-0.0019387530992267508
2014-06-12,-0.002671745549248225,-0.002671745549248225,-0.001225478936862904,-0.0014462666123853211,-0.0014462666123853211,0.0,0.0,False,0.0,0.0,-0.001225478936862904
2014-06-13,0.0016370914645624248,0.0016370914645624248,0.0007236956673485323,0.0009133957972138925,0.0009133957972138925,0.0,0.0,False,0.0,0.0,0.0007236956673485323
2014-06-16,0.0004583034434490882,0.0004583034434490882,0.0001801373394898096,0.00027816610395927857,0.00027816610395927857,0.0,0.0,False,0.0,0.0,0.0001801373394898096
2014-06-17,0.0006812137325719808,0.0006812137325719808,-0.0006011132955856492,0.00128232702815763,0.00128232702815763,0.0,0.0,False,0.0,0.0,-0.0006011132955856492
2014-06-18,0.006218466443416596,0.006218466443416596,0.00725596589749609,-0.0010374994540794944,-0.0010374994540794944,0.0,0.0,False,0.0,0.0,0.00725596589749609
2014-06-19,0.00038895540246951927,0.00038895540246951927,-0.0010311221643515857,0.0014200775668211049,0.0014200775668211049,0.0,0.0,False,0.0,0.0,-0.0010311221643515857
2014-06-20,0.0013889241126690158,0.0013889241126690158,0.0012019914168484515,0.00018693269582056426,0.00018693269582056426,0.0,0.0,False,0.0,0.0,0.0012019914168484515
2014-06-23,-0.0005406582189826489,-0.0005406582189826489,-0.0011079171825522803,0.0005672589635696314,0.0005672589635696314,0.0,0.0,False,0.0,0.0,-0.0011079171825522803
2014-06-24,-0.0031646942131179708,-0.0031646942131179708,-0.0014546761399093402,-0.0017100180732086306,-0.0017100180732086306,0.0,0.0,False,0.0,0.0,-0.0014546761399093402
2014-06-25,0.0028050176272749155,0.0028050176272749155,0.0024308092171423695,0.000374208410132546,0.000374208410132546,0.0,0.0,False,0.0,0.0,0.0024308092171423695
2014-06-26,-0.00041583089340790946,-0.00041583089340790946,0.0009461754285541508,-0.0013620063219620601,-0.0013620063219620601,0.0,0.0,False,0.0,0.0,0.0009461754285541508
2014-06-27,0.00118898113468762,0.00118898113468762,0.0011574514315021208,3.152970318549917e-05,3.152970318549917e-05,0.0,0.0,False,0.0,0.0,0.0011574514315021208
2014-06-30,-0.00023727742215301742,-0.00023727742215301742,3.897427777922477e-05,-0.0002762516999322422,-0.0002762516999322422,0.0,0.0,False,0.0,0.0,3.897427777922477e-05
2014-07-01,0.0037122384218953213,0.0034504449102220557,0.0031292761828426107,0.000321168727379445,0.0005829622390527106,0.2617935116732657,0.0002617935116732657,True,0.0057336348080480465,5.733634808048047e-06,0.0031235425480345626
2014-07-02,0.0004603977937023625,0.0004603977937023625,-0.0009149404378739389,0.0013753382315763014,0.0013753382315763014,0.0,0.0,False,0.0,0.0,-0.0009149404378739389
2014-07-03,0.0008587032771992896,0.0008587032771992896,0.0019610720689060487,-0.001102368791706759,-0.001102368791706759,0.0,0.0,False,0.0,0.0,0.0019610720689060487
2014-07-07,-0.003332639038959271,-0.003332639038959271,-0.0020630220885153416,-0.0012696169504439292,-0.0012696169504439292,0.0,0.0,False,0.0,0.0,-0.0020630220885153416
2014-07-08,-0.004143563919206852,-0.004143563919206852,-0.002571445719558102,-0.0015721181996487506,-0.0015721181996487506,0.0,0.0,False,0.0,0.0,-0.002571445719558102
2014-07-09,0.0018203138219895186,0.0018203138219895186,0.0027924467836701063,-0.0009721329616805877,-0.0009721329616805877,0.0,0.0,False,0.0,0.0,0.0027924467836701063
2014-07-10,-0.005663345272772149,-0.005663345272772149,-0.0035864753748136935,-0.0020768698979584553,-0.0020768698979584553,0.0,0.0,False,0.0,0.0,-0.0035864753748136935
2014-07-11,0.001458107826550432,0.001458107826550432,0.0014381247754247759,1.998305112565612e-05,1.998305112565612e-05,0.0,0.0,False,0.0,0.0,0.0014381247754247759
2014-07-14,0.002991199370516289,0.002991199370516289,0.002673030995096864,0.0003181683754194249,0.0003181683754194249,0.0,0.0,False,0.0,0.0,0.002673030995096864
2014-07-15,-0.0018847799979868837,-0.0018847799979868837,-0.0019252219780968157,4.044198010993202e-05,4.044198010993202e-05,0.0,0.0,False,0.0,0.0,-0.0019252219780968157
2014-07-16,0.002535052939207164,0.002535052939207164,0.003069344824897614,-0.0005342918856904499,-0.0005342918856904499,0.0,0.0,False,0.0,0.0,0.003069344824897614
2014-07-17,-0.008238542097619168,-0.008238542097619168,-0.005638595963204271,-0.0025999461344148964,-0.0025999461344148964,0.0,0.0,False,0.0,0.0,-0.005638595963204271
2014-07-18,0.005674383135968655,0.005674383135968655,0.0057786145821832,-0.00010423144621454512,-0.00010423144621454512,0.0,0.0,False,0.0,0.0,0.0057786145821832
2014-07-21,-0.00218503762911581,-0.00218503762911581,-0.0006505401383966326,-0.0015344974907191777,-0.0015344974907191777,0.0,0.0,False,0.0,0.0,-0.0006505401383966326
2014-07-22,0.002848854811645972,0.002848854811645972,0.003788607261739389,-0.0009397524500934173,-0.0009397524500934173,0.0,0.0,False,0.0,0.0,0.003788607261739389
2014-07-23,0.0019139961431597456,0.0019139961431597456,0.0012152390540094466,0.0006987570891502991,0.0006987570891502991,0.0,0.0,False,0.0,0.0,0.0012152390540094466
2014-07-24,0.0009099103836887985,0.0009099103836887985,-0.0010444550651842832,0.0019543654488730815,0.0019543654488730815,0.0,0.0,False,0.0,0.0,-0.0010444550651842832
2014-07-25,-0.0022594551824954784,-0.0022594551824954784,-0.0009382997381343518,-0.0013211554443611265,-0.0013211554443611265,0.0,0.0,False,0.0,0.0,-0.0009382997381343518
2014-07-28,-0.0010818989848162476,-0.0010818989848162476,0.00014051902982988252,-0.00122241801464613,-0.00122241801464613,0.0,0.0,False,0.0,0.0,0.00014051902982988252
2014-07-29,-0.0017783237393114099,-0.0017783237393114099,-0.0014986890199660922,-0.00027963471934531765,-0.00027963471934531765,0.0,0.0,False,0.0,0.0,-0.0014986890199660922
2014-07-30,-0.002580604563535663,-0.002580604563535663,-0.003292284805812718,0.0007116802422770553,0.0007116802422770553,0.0,0.0,False,0.0,0.0,-0.003292284805812718
2014-07-31,-0.01228919689130324,-0.01228919689130324,-0.01194748337051837,-0.0003417135207848705,-0.0003417135207848705,0.0,0.0,False,0.0,0.0,-0.01194748337051837
2014-08-01,-0.003377107109898334,-0.00351915865685448,0.0007025271074395546,-0.0042216857642940345,-0.0040796342173378885,0.14205154695614605,0.00014205154695614606,True,0.005930526634328529,5.930526634328529e-06,0.0006965965808052261
2014-08-04,0.005941457125195757,0.005941457125195757,0.004253860838641007,0.00168759628655475,0.00168759628655475,0.0,0.0,False,0.0,0.0,0.004253860838641007
2014-08-05,-0.008075026301437058,-0.008075026301437058,-0.006071248846573649,-0.002003777454863409,-0.002003777454863409,0.0,0.0,False,0.0,0.0,-0.006071248846573649
2014-08-06,8.299416735137871e-05,8.299416735137871e-05,-0.0008562409197856771,0.0009392350871370558,0.0009392350871370558,0.0,0.0,False,0.0,0.0,-0.0008562409197856771
2014-08-07,-0.004213766421661663,-0.004213766421661663,-0.0016669106162797256,-0.002546855805381937,-0.002546855805381937,0.0,0.0,False,0.0,0.0,-0.0016669106162797256
2014-08-08,0.006621716745841912,0.006621716745841912,0.005362243312914019,0.0012594734329278929,0.0012594734329278929,0.0,0.0,False,0.0,0.0,0.005362243312914019
2014-08-11,0.0038633376220612043,0.0038633376220612043,0.003148744213917286,0.0007145934081439183,0.0007145934081439183,0.0,0.0,False,0.0,0.0,0.003148744213917286
2014-08-12,-0.0007607236824228438,-0.0007607236824228438,-0.0014588455664412505,0.0006981218840184068,0.0006981218840184068,0.0,0.0,False,0.0,0.0,-0.0014588455664412505
2014-08-13,0.00501770766360729,0.00501770766360729,0.005089731930867095,-7.202426725980496e-05,-7.202426725980496e-05,0.0,0.0,False,0.0,0.0,0.005089731930867095
2014-08-14,0.003941583232171252,0.003941583232171252,0.0034071584728666273,0.0005344247593046247,0.0005344247593046247,0.0,0.0,False,0.0,0.0,0.0034071584728666273
2014-08-15,0.0002837625240160339,0.0002837625240160339,0.001299161462814578,-0.001015398938798544,-0.001015398938798544,0.0,0.0,False,0.0,0.0,0.001299161462814578
2014-08-18,0.005796803927272317,0.005796803927272317,0.003692733967173143,0.002104069960099174,0.002104069960099174,0.0,0.0,False,0.0,0.0,0.003692733967173143
2014-08-19,0.002308837912302757,0.002308837912302757,0.002110435488420787,0.0001984024238819702,0.0001984024238819702,0.0,0.0,False,0.0,0.0,0.002110435488420787
2014-08-20,-8.026722593596674e-06,-8.026722593596674e-06,-0.0010827855207687388,0.0010747587981751422,0.0010747587981751422,0.0,0.0,False,0.0,0.0,-0.0010827855207687388
2014-08-21,0.0023405378726370826,0.0023405378726370826,0.0024007233062326378,-6.018543359555522e-05,-6.018543359555522e-05,0.0,0.0,False,0.0,0.0,0.0024007233062326378
2014-08-22,-0.0029763678929146,-0.0029763678929146,-0.0009564043754578962,-0.002019963517456704,-0.002019963517456704,0.0,0.0,False,0.0,0.0,-0.0009564043754578962
2014-08-25,0.004522477854458765,0.004522477854458765,0.004044950610214638,0.0004775272442441268,0.0004775272442441268,0.0,0.0,False,0.0,0.0,0.004044950610214638
2014-08-26,0.0005100019853235178,0.0005100019853235178,0.0011805642215303139,-0.0006705622362067961,-0.0006705622362067961,0.0,0.0,False,0.0,0.0,0.0011805642215303139
2014-08-27,0.00021364294737938224,0.00021364294737938224,0.0017757710518139275,-0.0015621281044345453,-0.0015621281044345453,0.0,0.0,False,0.0,0.0,0.0017757710518139275
2014-08-28,-0.002228190058184453,-0.002228190058184453,-0.0012361796006929325,-0.0009920104574915206,-0.0009920104574915206,0.0,0.0,False,0.0,0.0,-0.0012361796006929325
2014-08-29,0.0009813165419420276,0.0009813165419420276,0.0010919303332770848,-0.00011061379133505723,-0.00011061379133505723,0.0,0.0,False,0.0,0.0,0.0010919303332770848
2014-09-02,0.0008759765801054497,0.0008378826464717763,-0.002591854104049224,0.003429736750521,0.0034678306841546738,0.03809393363367339,3.8093933633673386e-05,True,0.006044293980772705,6.0442939807727054e-06,-0.0025978983980299965
2014-09-03,0.0014851362631447054,0.0014851362631447054,0.002650959364222622,-0.0011658231010779167,-0.0011658231010779167,0.0,0.0,False,0.0,0.0,0.002650959364222622
2014-09-04,-0.0031868877240289932,-0.0031868877240289932,-0.00398097020184279,0.000794082477813797,0.000794082477813797,0.0,0.0,False,0.0,0.0,-0.00398097020184279
2014-09-05,0.0012145679358320012,0.0012145679358320012,0.00239097985534347,-0.001176411919511469,-0.001176411919511469,0.0,0.0,False,0.0,0.0,0.00239097985534347
2014-09-08,-0.004901845334468128,-0.004901845334468128,-0.0039397447671846945,-0.0009621005672834334,-0.0009621005672834334,0.0,0.0,False,0.0,0.0,-0.0039397447671846945
2014-09-09,-0.004589951698969855,-0.004589951698969855,-0.005083506153934835,0.00049355445496498,0.00049355445496498,0.0,0.0,False,0.0,0.0,-0.005083506153934835
2014-09-10,0.003427768368211877,0.003427768368211877,0.0008131521635653253,0.0026146162046465516,0.0026146162046465516,0.0,0.0,False,0.0,0.0,0.0008131521635653253
2014-09-11,-0.0015603980047369694,-0.0015603980047369694,-0.001365952376271893,-0.00019444562846507654,-0.00019444562846507654,0.0,0.0,False,0.0,0.0,-0.001365952376271893
2014-09-12,-0.002838169989158044,-0.002838169989158044,-0.005548594948611908,0.0027104249594538644,0.0027104249594538644,0.0,0.0,False,0.0,0.0,-0.005548594948611908
2014-09-15,-0.0015665161715978163,-0.0015665161715978163,-0.0011145725816227722,-0.0004519435899750441,-0.0004519435899750441,0.0,0.0,False,0.0,0.0,-0.0011145725816227722
2014-09-16,0.0046927543108233214,0.0046927543108233214,0.004070190730697662,0.0006225635801256598,0.0006225635801256598,0.0,0.0,False,0.0,0.0,0.004070190730697662
2014-09-17,-0.0010244346360364285,-0.0010244346360364285,-0.00248647060510359,0.0014620359690671614,0.0014620359690671614,0.0,0.0,False,0.0,0.0,-0.00248647060510359
2014-09-18,0.004624276142423624,0.004624276142423624,0.003516014359191175,0.001108261783232449,0.001108261783232449,0.0,0.0,False,0.0,0.0,0.003516014359191175
2014-09-19,-0.0010554891626401658,-0.0010554891626401658,-0.00022550700803608244,-0.0008299821546040834,-0.0008299821546040834,0.0,0.0,False,0.0,0.0,-0.00022550700803608244
2014-09-22,-0.0047424286254949075,-0.0047424286254949075,-0.0045734474437979095,-0.00016898118169699806,-0.00016898118169699806,0.0,0.0,False,0.0,0.0,-0.0045734474437979095
2014-09-23,-0.006438267276613043,-0.006438267276613043,-0.0030283141492402858,-0.0034099531273727576,-0.0034099531273727576,0.0,0.0,False,0.0,0.0,-0.0030283141492402858
2014-09-24,0.0034986135957105085,0.0034986135957105085,0.0037598876112777684,-0.00026127401556725986,-0.00026127401556725986,0.0,0.0,False,0.0,0.0,0.0037598876112777684
2014-09-25,-0.01275329155276677,-0.01275329155276677,-0.008063892807383802,-0.004689398745382968,-0.004689398745382968,0.0,0.0,False,0.0,0.0,-0.008063892807383802
2014-09-26,0.00397162081183647,0.00397162081183647,0.0030566079547517393,0.0009150128570847306,0.0009150128570847306,0.0,0.0,False,0.0,0.0,0.0030566079547517393
2014-09-29,-0.004482068516446733,-0.004482068516446733,-0.002941333448692979,-0.001540735067753754,-0.001540735067753754,0.0,0.0,False,0.0,0.0,-0.002941333448692979
2014-09-30,0.0008232508746614108,0.0008232508746614108,-0.001900153627444323,0.0027234045021057337,0.0027234045021057337,0.0,0.0,False,0.0,0.0,-0.001900153627444323
2014-10-01,-0.00648892107998973,-0.00677011197542361,-0.0050377164199138956,-0.001732395555509714,-0.0014512046600758345,0.28119089543387943,0.00028119089543387945,True,0.008877771206000296,8.877771206000296e-06,-0.005046594191119896
2014-10-02,0.00031359883626744624,0.00031359883626744624,-0.001609099865692383,0.0019226987019598293,0.0019226987019598293,0.0,0.0,False,0.0,0.0,-0.001609099865692383
2014-10-03,0.006511376426111593,0.006511376426111593,0.005099493017234994,0.0014118834088765993,0.0014118834088765993,0.0,0.0,False,0.0,0.0,0.005099493017234994
2014-10-06,0.0018504892199801169,0.0018504892199801169,0.0018933789715696258,-4.288975158950889e-05,-4.288975158950889e-05,0.0,0.0,False,0.0,0.0,0.0018933789715696258
2014-10-07,-0.008865996906060892,-0.008865996906060892,-0.006411736344080798,-0.002454260561980094,-0.002454260561980094,0.0,0.0,False,0.0,0.0,-0.006411736344080798
2014-10-08,0.012408551402218363,0.012408551402218363,0.011443112701746555,0.000965438700471808,0.000965438700471808,0.0,0.0,False,0.0,0.0,0.011443112701746555
2014-10-09,-0.01377506742569868,-0.01377506742569868,-0.013959211256542267,0.00018414383084358783,0.00018414383084358783,0.0,0.0,False,0.0,0.0,-0.013959211256542267
2014-10-10,-0.00931124276073161,-0.00931124276073161,-0.0068891505144513905,-0.00242209224628022,-0.00242209224628022,0.0,0.0,False,0.0,0.0,-0.0068891505144513905
2014-10-13,-0.006010683974626279,-0.006010683974626279,-0.0024235602292227696,-0.0035871237454035095,-0.0035871237454035095,0.0,0.0,False,0.0,0.0,-0.0024235602292227696
2014-10-14,0.0040204986795020214,0.0040204986795020214,0.003073023018184774,0.0009474756613172476,0.0009474756613172476,0.0,0.0,False,0.0,0.0,0.003073023018184774
2014-10-15,-0.004113546722056123,-0.004113546722056123,-0.0018820868314421365,-0.002231459890613987,-0.002231459890613987,0.0,0.0,False,0.0,0.0,-0.0018820868314421365
2014-10-16,-2.9628922417198472e-05,-2.9628922417198472e-05,-0.0031894654234527987,0.0031598365010356002,0.0031598365010356002,0.0,0.0,False,0.0,0.0,-0.0031894654234527987
2014-10-17,0.008954344340618235,0.008954344340618235,0.006047356757557359,0.0029069875830608754,0.0029069875830608754,0.0,0.0,False,0.0,0.0,0.006047356757557359
2014-10-20,0.007857050009623136,0.007857050009623136,0.005375496641643583,0.002481553367979553,0.002481553367979553,0.0,0.0,False,0.0,0.0,0.005375496641643583
2014-10-21,0.011255930948678963,0.011255930948678963,0.007674831589366925,0.0035810993593120375,0.0035810993593120375,0.0,0.0,False,0.0,0.0,0.007674831589366925
2014-10-22,-0.005693369783233386,-0.005693369783233386,-0.0047879383026836414,-0.0009054314805497449,-0.0009054314805497449,0.0,0.0,False,0.0,0.0,-0.0047879383026836414
2014-10-23,0.004993800237617265,0.004993800237617265,0.004068647517403627,0.0009251527202136381,0.0009251527202136381,0.0,0.0,False,0.0,0.0,0.004068647517403627
2014-10-24,0.004499133970978352,0.004499133970978352,0.004161082956308362,0.00033805101466998985,0.00033805101466998985,0.0,0.0,False,0.0,0.0,0.004161082956308362
2014-10-27,-0.002005821860674733,-0.002005821860674733,-0.0015253553235237828,-0.00048046653715095016,-0.00048046653715095016,0.0,0.0,False,0.0,0.0,-0.0015253553235237828
2014-10-28,0.007405877136252952,0.007405877136252952,0.0077020400506563474,-0.00029616291440339587,-0.00029616291440339587,0.0,0.0,False,0.0,0.0,0.0077020400506563474
2014-10-29,-0.0018180253407559452,-0.0018180253407559452,-0.002378953648766,0.000560928308010055,0.000560928308010055,0.0,0.0,False,0.0,0.0,-0.002378953648766
2014-10-30,0.004095615975241273,0.004095615975241273,0.004697425629840219,-0.0006018096545989463,-0.0006018096545989463,0.0,0.0,False,0.0,0.0,0.004697425629840219
2014-10-31,0.007016138695836664,0.007016138695836664,0.006829635097588294,0.0001865035982483703,0.0001865035982483703,0.0,0.0,False,0.0,0.0,0.006829635097588294
2014-11-03,-0.0012623114924878356,-0.0015409780265618507,-0.00241311995387844,0.0008721419273165891,0.0011508084613906042,0.27866653407401515,0.00027866653407401516,True,0.004602882623748989,4.6028826237489895e-06,-0.002417722836502189
2014-11-04,-0.0024171309073689803,-0.0024171309073689803,-0.0016759025290757465,-0.0007412283782932338,-0.0007412283782932338,0.0,0.0,False,0.0,0.0,-0.0016759025290757465
2014-11-05,0.0019617277423019494,0.0019617277423019494,0.0010960463866473914,0.000865681355654558,0.000865681355654558,0.0,0.0,False,0.0,0.0,0.0010960463866473914
2014-11-06,0.000301757029687497,0.000301757029687497,-0.0019818626416291934,0.0022836196713166904,0.0022836196713166904,0.0,0.0,False,0.0,0.0,-0.0019818626416291934
2014-11-07,0.0023341097451697775,0.0023341097451697775,0.0038612821151416715,-0.001527172369971894,-0.001527172369971894,0.0,0.0,False,0.0,0.0,0.0038612821151416715
2014-11-10,0.0005356311953215329,0.0005356311953215329,8.00352651128091e-05,0.0004555959302087238,0.0004555959302087238,0.0,0.0,False,0.0,0.0,8.00352651128091e-05
2014-11-11,0.0017695022005973539,0.0017695022005973539,0.0011694180060407096,0.0006000841945566443,0.0006000841945566443,0.0,0.0,False,0.0,0.0,0.0011694180060407096
2014-11-12,-0.0024581099515456955,-0.0024581099515456955,-0.0016870156166991451,-0.0007710943348465504,-0.0007710943348465504,0.0,0.0,False,0.0,0.0,-0.0016870156166991451
2014-11-13,-4.7303448878127435e-05,-4.7303448878127435e-05,0.0006348515198918749,-0.0006821549687700023,-0.0006821549687700023,0.0,0.0,False,0.0,0.0,0.0006348515198918749
2014-11-14,-0.0004346716793767767,-0.0004346716793767767,0.0018565146544012273,-0.002291186333778004,-0.002291186333778004,0.0,0.0,False,0.0,0.0,0.0018565146544012273
2014-11-17,-0.001062686966533681,-0.001062686966533681,-0.0025585464575815725,0.0014958594910478916,0.0014958594910478916,0.0,0.0,False,0.0,0.0,-0.0025585464575815725
2014-11-18,0.003579575642724201,0.003579575642724201,0.0046847381403814356,-0.0011051624976572347,-0.0011051624976572347,0.0,0.0,False,0.0,0.0,0.0046847381403814356
2014-11-19,-0.002527602265531187,-0.002527602265531187,-0.003154151308329924,0.0006265490427987369,0.0006265490427987369,0.0,0.0,False,0.0,0.0,-0.003154151308329924
2014-11-20,0.000725205246889714,0.000725205246889714,0.0012217242850911503,-0.0004965190382014363,-0.0004965190382014363,0.0,0.0,False,0.0,0.0,0.0012217242850911503
2014-11-21,0.005628637178721949,0.005628637178721949,0.00743236098849724,-0.0018037238097752904,-0.0018037238097752904,0.0,0.0,False,0.0,0.0,0.00743236098849724
2014-11-24,0.0023273589139576087,0.0023273589139576087,0.0019900884253961,0.0003372704885615087,0.0003372704885615087,0.0,0.0,False,0.0,0.0,0.0019900884253961
2014-11-25,0.0015213764255626863,0.0015213764255626863,0.0009817526585841002,0.000539623766978586,0.000539623766978586,0.0,0.0,False,0.0,0.0,0.0009817526585841002
2014-11-26,0.0027372605743329757,0.0027372605743329757,0.0037551207260325013,-0.0010178601516995255,-0.0010178601516995255,0.0,0.0,False,0.0,0.0,0.0037551207260325013
2014-11-28,-0.0033733931098053204,-0.0033733931098053204,-0.003010633775354241,-0.0003627593344510795,-0.0003627593344510795,0.0,0.0,False,0.0,0.0,-0.003010633775354241
2014-12-01,-0.004138609807949952,-0.004358468779288539,-0.006018254642189002,0.0016597858629004633,0.00187964483423905,0.2198589713385864,0.00021985897133858638,True,0.00548254151547058,5.48254151547058e-06,-0.006023737183704473
2014-12-02,-0.0002634107824453702,-0.0002634107824453702,0.0005464814360554291,-0.0008098922185007993,-0.0008098922185007993,0.0,0.0,False,0.0,0.0,0.0005464814360554291
2014-12-03,0.001561906318224374,0.001561906318224374,0.0021456519513201044,-0.0005837456330957305,-0.0005837456330957305,0.0,0.0,False,0.0,0.0,0.0021456519513201044
2014-12-04,0.0001303023367477304,0.0001303023367477304,0.00045396092037229926,-0.00032365858362456886,-0.00032365858362456886,0.0,0.0,False,0.0,0.0,0.00045396092037229926
2014-12-05,-0.0012900977356939906,-0.0012900977356939906,-0.0010153553161631852,-0.0002747424195308054,-0.0002747424195308054,0.0,0.0,False,0.0,0.0,-0.0010153553161631852
2014-12-08,-0.001655737896375783,-0.001655737896375783,-0.0034469746863350216,0.0017912367899592385,0.0017912367899592385,0.0,0.0,False,0.0,0.0,-0.0034469746863350216
2014-12-09,-0.00028094385246052846,-0.00028094385246052846,3.921124610450563e-05,-0.0003201550985650341,-0.0003201550985650341,0.0,0.0,False,0.0,0.0,3.921124610450563e-05
2014-12-10,-0.007116875505180219,-0.007116875505180219,-0.0079996681527604,0.0008827926475801808,0.0008827926475801808,0.0,0.0,False,0.0,0.0,-0.0079996681527604
2014-12-11,0.000963927881681319,0.000963927881681319,0.0004309903123938188,0.0005329375692875002,0.0005329375692875002,0.0,0.0,False,0.0,0.0,0.0004309903123938188
2014-12-12,-0.006954450040411229,-0.006954450040411229,-0.0072743081331822276,0.00031985809277099847,0.00031985809277099847,0.0,0.0,False,0.0,0.0,-0.0072743081331822276
2014-12-15,-0.004640835354212196,-0.004640835354212196,-0.006829342235799382,0.002188506881587186,0.002188506881587186,0.0,0.0,False,0.0,0.0,-0.006829342235799382
2014-12-16,-0.0010561921536056296,-0.0010561921536056296,8.752856397363555e-05,-0.001143720717579265,-0.001143720717579265,0.0,0.0,False,0.0,0.0,8.752856397363555e-05
2014-12-17,0.0076572201131605315,0.0076572201131605315,0.009337333645043104,-0.0016801135318825723,-0.0016801135318825723,0.0,0.0,False,0.0,0.0,0.009337333645043104
2014-12-18,0.01090001687862424,0.01090001687862424,0.010092638562717032,0.0008073783159072076,0.0008073783159072076,0.0,0.0,False,0.0,0.0,0.010092638562717032
2014-12-19,0.0020664347248069708,0.0020664347248069708,0.003641585150247234,-0.0015751504254402633,-0.0015751504254402633,0.0,0.0,False,0.0,0.0,0.003641585150247234
2014-12-22,0.00349653447998257,0.00349653447998257,0.0043316362296909085,-0.0008351017497083384,-0.0008351017497083384,0.0,0.0,False,0.0,0.0,0.0043316362296909085
2014-12-23,-0.003854502475454786,-0.003854502475454786,-0.004712397543385444,0.0008578950679306585,0.0008578950679306585,0.0,0.0,False,0.0,0.0,-0.004712397543385444
2014-12-24,0.0019703398263001912,0.0019703398263001912,0.0019715613625549125,-1.2215362547212186e-06,-1.2215362547212186e-06,0.0,0.0,False,0.0,0.0,0.0019715613625549125
2014-12-26,0.0019961401658581254,0.0019961401658581254,0.0030267785799229013,-0.001030638414064776,-0.001030638414064776,0.0,0.0,False,0.0,0.0,0.0030267785799229013
2014-12-29,0.000489881157025989,0.000489881157025989,0.00032608731298736847,0.00016379384403862048,0.00016379384403862048,0.0,0.0,False,0.0,0.0,0.00032608731298736847
2014-12-30,-0.0028900818796823206,-0.0028900818796823206,-0.0026006673121372293,-0.0002894145675450912,-0.0002894145675450912,0.0,0.0,False,0.0,0.0,-0.0026006673121372293
2014-12-31,-0.0040778051513408724,-0.0040778051513408724,-0.0037230480258935664,-0.000354757125447306,-0.000354757125447306,0.0,0.0,False,0.0,0.0,-0.0037230480258935664
2015-01-02,0.0010729759648893564,0.0010676945457779767,-0.0003111927839571484,0.0013788873297351251,0.0013841687488465048,0.005281419111379734,5.2814191113797345e-06,True,0.008161055402220698,8.161055402220699e-06,-0.0003193538393593691
2015-01-05,-0.007774931521957531,-0.007774931521957531,-0.008727770919780074,0.0009528393978225436,0.0009528393978225436,0.0,0.0,False,0.0,0.0,-0.008727770919780074
2015-01-06,-0.0026278149208329928,-0.0026278149208329928,-0.0028069106632001685,0.00017909574236717575,0.00017909574236717575,0.0,0.0,False,0.0,0.0,-0.0028069106632001685
2015-01-07,0.0064521273351801495,0.0064521273351801495,0.008072904698355154,-0.0016207773631750043,-0.0016207773631750043,0.0,0.0,False,0.0,0.0,0.008072904698355154
2015-01-08,0.006511774136621641,0.006511774136621641,0.0077381813841483635,-0.0012264072475267227,-0.0012264072475267227,0.0,0.0,False,0.0,0.0,0.0077381813841483635
2015-01-09,-0.0019273608832520526,-0.0019273608832520526,-0.0019570427556342817,2.9681872382229108e-05,2.9681872382229108e-05,0.0,0.0,False,0.0,0.0,-0.0019570427556342817
2015-01-12,-0.0019136410668934268,-0.0019136410668934268,-0.0023498043098828495,0.0004361632429894227,0.0004361632429894227,0.0,0.0,False,0.0,0.0,-0.0023498043098828495
2015-01-13,0.0002730236443882409,0.0002730236443882409,0.001138049894352092,-0.0008650262499638511,-0.0008650262499638511,0.0,0.0,False,0.0,0.0,0.001138049894352092
2015-01-14,-0.001248415582640444,-0.001248415582640444,-0.0013507724150016768,0.00010235683236123273,0.00010235683236123273,0.0,0.0,False,0.0,0.0,-0.0013507724150016768
2015-01-15,0.0009421130957733778,0.0009421130957733778,0.0010336422637852402,-9.152916801186237e-05,-9.152916801186237e-05,0.0,0.0,False,0.0,0.0,0.0010336422637852402
2015-01-16,0.003433928520247377,0.003433928520247377,0.004287022049277945,-0.0008530935290305681,-0.0008530935290305681,0.0,0.0,False,0.0,0.0,0.004287022049277945
2015-01-20,0.002427753226081936,0.002427753226081936,0.0023034562622012054,0.00012429696388073074,0.00012429696388073074,0.0,0.0,False,0.0,0.0,0.0023034562622012054
2015-01-21,0.0021537909238654564,0.0021537909238654564,0.0030469509757182407,-0.0008931600518527843,-0.0008931600518527843,0.0,0.0,False,0.0,0.0,0.0030469509757182407
2015-01-22,0.005175079902272343,0.005175079902272343,0.007074860634773883,-0.0018997807325015405,-0.0018997807325015405,0.0,0.0,False,0.0,0.0,0.007074860634773883
2015-01-23,0.00017212578072658315,0.00017212578072658315,-0.00036220178958755944,0.0005343275703141426,0.0005343275703141426,0.0,0.0,False,0.0,0.0,-0.00036220178958755944
2015-01-26,0.0025744576517408913,0.0025744576517408913,0.0025832887745488725,-8.831122807981175e-06,-8.831122807981175e-06,0.0,0.0,False,0.0,0.0,0.0025832887745488725
2015-01-27,-0.003855439034527908,-0.003855439034527908,-0.003974894151362166,0.0001194551168342585,0.0001194551168342585,0.0,0.0,False,0.0,0.0,-0.003974894151362166
2015-01-28,-0.0032919726640489376,-0.0032919726640489376,-0.004473575523559454,0.0011816028595105165,0.0011816028595105165,0.0,0.0,False,0.0,0.0,-0.004473575523559454
2015-01-29,0.003960594365890332,0.003960594365890332,0.003943783959280877,1.6810406609455222e-05,1.6810406609455222e-05,0.0,0.0,False,0.0,0.0,0.003943783959280877
2015-01-30,-0.0026411649726099575,-0.0026411649726099575,-0.005885527903752982,0.0032443629311430244,0.0032443629311430244,0.0,0.0,False,0.0,0.0,-0.005885527903752982
2015-02-02,0.00582428466092201,0.0055606238636608475,0.007481130766657162,-0.0019205069029963147,-0.0016568461057351524,0.2636607972611621,0.0002636607972611621,True,0.015458048919073084,1.5458048919073084e-05,0.007465672717738089
2015-02-03,0.005507906377069075,0.005507906377069075,0.005647175051389232,-0.00013926867432015756,-0.00013926867432015756,0.0,0.0,False,0.0,0.0,0.005647175051389232
2015-02-04,-0.0017682167483662149,-0.0017682167483662149,-0.0025011432210920257,0.0007329264727258108,0.0007329264727258108,0.0,0.0,False,0.0,0.0,-0.0025011432210920257
2015-02-05,0.005473873901753136,0.005473873901753136,0.004697317574373298,0.0007765563273798379,0.0007765563273798379,0.0,0.0,False,0.0,0.0,0.004697317574373298
2015-02-06,-0.007890979184282925,-0.007890979184282925,-0.009097161232572131,0.001206182048289206,0.001206182048289206,0.0,0.0,False,0.0,0.0,-0.009097161232572131
2015-02-09,-0.0033247079283796792,-0.0033247079283796792,-0.002735992532451648,-0.0005887153959280313,-0.0005887153959280313,0.0,0.0,False,0.0,0.0,-0.002735992532451648
2015-02-10,0.004084716159019365,0.004084716159019365,0.003469150547653401,0.0006155656113659637,0.0006155656113659637,0.0,0.0,False,0.0,0.0,0.003469150547653401
2015-02-11,-7.53775257065259e-05,-7.53775257065259e-05,-0.0013484440065317464,0.0012730664808252206,0.0012730664808252206,0.0,0.0,False,0.0,0.0,-0.0013484440065317464
2015-02-12,0.007263054063556609,0.007263054063556609,0.008357486956730976,-0.0010944328931743671,-0.0010944328931743671,0.0,0.0,False,0.0,0.0,0.008357486956730976
2015-02-13,0.00038361623317041725,0.00038361623317041725,0.0020670049177453744,-0.0016833886845749571,-0.0016833886845749571,0.0,0.0,False,0.0,0.0,0.0020670049177453744
2015-02-17,-0.0010286877535195926,-0.0010286877535195926,-0.0019281627341628013,0.0008994749806432087,0.0008994749806432087,0.0,0.0,False,0.0,0.0,-0.0019281627341628013
2015-02-18,0.0024502196155808988,0.0024502196155808988,0.00267201531645295,-0.00022179570087205126,-0.00022179570087205126,0.0,0.0,False,0.0,0.0,0.00267201531645295
2015-02-19,-0.002302642202774608,-0.002302642202774608,-0.0012574903499548472,-0.0010451518528197608,-0.0010451518528197608,0.0,0.0,False,0.0,0.0,-0.0012574903499548472
2015-02-20,0.00393500919621251,0.00393500919621251,0.0043758054398104675,-0.00044079624359795715,-0.00044079624359795715,0.0,0.0,False,0.0,0.0,0.0043758054398104675
2015-02-23,0.0021634821377994645,0.0021634821377994645,0.0002974360266540119,0.0018660461111454528,0.0018660461111454528,0.0,0.0,False,0.0,0.0,0.0002974360266540119
2015-02-24,0.0020443451957155388,0.0020443451957155388,0.0061677421379862886,-0.00412339694227075,-0.00412339694227075,0.0,0.0,False,0.0,0.0,0.0061677421379862886
2015-02-25,0.0002498905360917048,0.0002498905360917048,0.00021933054475901134,3.055999133269344e-05,3.055999133269344e-05,0.0,0.0,False,0.0,0.0,0.00021933054475901134
2015-02-26,-0.0028563532570392166,-0.0028563532570392166,-0.003119617457227703,0.0002632642001884865,0.0002632642001884865,0.0,0.0,False,0.0,0.0,-0.003119617457227703
2015-02-27,-0.0005101602636408228,-0.0005101602636408228,5.48033385503616e-05,-0.0005649636021911844,-0.0005649636021911844,0.0,0.0,False,0.0,0.0,5.48033385503616e-05
2015-03-02,-0.00106587521076687,-0.0012458299509243175,-0.0013801460312637013,0.0001343160803393838,0.00031427082049683124,0.17995474015744753,0.00017995474015744753,True,0.01913396048828423,1.913396048828423e-05,-0.0013992799917519855
2015-03-03,-0.003188615877991398,-0.003188615877991398,-0.003916999224452272,0.0007283833464608739,0.0007283833464608739,0.0,0.0,False,0.0,0.0,-0.003916999224452272
2015-03-04,-0.004270799574438078,-0.004270799574438078,-0.0030522710444827487,-0.0012185285299553296,-0.0012185285299553296,0.0,0.0,False,0.0,0.0,-0.0030522710444827487
2015-03-05,0.0008654455610206968,0.0008654455610206968,0.0009278220104746375,-6.23764494539407e-05,-6.23764494539407e-05,0.0,0.0,False,0.0,0.0,0.0009278220104746375
2015-03-06,-0.014767285956992,-0.014767285956992,-0.013157966688032138,-0.001609319268959861,-0.001609319268959861,0.0,0.0,False,0.0,0.0,-0.013157966688032138
2015-03-09,0.0032862242715035388,0.0032862242715035388,0.0033164238423734607,-3.019957086992193e-05,-3.019957086992193e-05,0.0,0.0,False,0.0,0.0,0.0033164238423734607
2015-03-10,-0.00833933329873877,-0.00833933329873877,-0.009174432965402633,0.0008350996666638619,0.0008350996666638619,0.0,0.0,False,0.0,0.0,-0.009174432965402633
2015-03-11,0.002366647552744676,0.002366647552744676,0.002219600141325146,0.00014704741141952993,0.00014704741141952993,0.0,0.0,False,0.0,0.0,0.002219600141325146
2015-03-12,0.006651073932069576,0.006651073932069576,0.007082493388474983,-0.0004314194564054071,-0.0004314194564054071,0.0,0.0,False,0.0,0.0,0.007082493388474983
2015-03-13,-0.005165867437082265,-0.005165867437082265,-0.0049474788644601735,-0.00021838857262209115,-0.00021838857262209115,0.0,0.0,False,0.0,0.0,-0.0049474788644601735
2015-03-16,0.00812312746108229,0.00812312746108229,0.008470198776666396,-0.0003470713155841066,-0.0003470713155841066,0.0,0.0,False,0.0,0.0,0.008470198776666396
2015-03-17,0.001503983957416968,0.001503983957416968,0.0010684149846100928,0.0004355689728068751,0.0004355689728068751,0.0,0.0,False,0.0,0.0,0.0010684149846100928
2015-03-18,0.014958140608557522,0.014958140608557522,0.014720554790568479,0.00023758581798904305,0.00023758581798904305,0.0,0.0,False,0.0,0.0,0.014720554790568479
2015-03-19,-0.0063304819740101995,-0.0063304819740101995,-0.0066510088274089755,0.0003205268533987759,0.0003205268533987759,0.0,0.0,False,0.0,0.0,-0.0066510088274089755
2015-03-20,0.008959423396247026,0.008959423396247026,0.009352954824983236,-0.0003935314287362105,-0.0003935314287362105,0.0,0.0,False,0.0,0.0,0.009352954824983236
2015-03-23,0.0004879916508891466,0.0004879916508891466,0.0009636134523725467,-0.0004756218014834002,-0.0004756218014834002,0.0,0.0,False,0.0,0.0,0.0009636134523725467
2015-03-24,-0.0013416234605246613,-0.0013416234605246613,-0.00030095042700932614,-0.0010406730335153352,-0.0010406730335153352,0.0,0.0,False,0.0,0.0,-0.00030095042700932614
2015-03-25,-0.010649411074384862,-0.010649411074384862,-0.009640509510439129,-0.0010089015639457334,-0.0010089015639457334,0.0,0.0,False,0.0,0.0,-0.009640509510439129
2015-03-26,-0.005384754370854934,-0.005384754370854934,-0.00586474579642385,0.00047999142556891597,0.00047999142556891597,0.0,0.0,False,0.0,0.0,-0.00586474579642385
2015-03-27,0.00308403201858938,0.00308403201858938,0.0036884015780240345,-0.0006043695594346544,-0.0006043695594346544,0.0,0.0,False,0.0,0.0,0.0036884015780240345
2015-03-30,0.00907690551980709,0.00907690551980709,0.006262733643652693,0.0028141718761543963,0.0028141718761543963,0.0,0.0,False,0.0,0.0,0.006262733643652693
2015-03-31,-0.0034432727554474804,-0.0034432727554474804,-0.004416192998383835,0.0009729202429363546,0.0009729202429363546,0.0,0.0,False,0.0,0.0,-0.004416192998383835
2015-04-01,0.0021587101349706183,0.002050982992397005,0.003320200470155943,-0.0012692174777589379,-0.0011614903351853246,0.10772714257361321,0.00010772714257361323,True,0.005675988699185626,5.675988699185626e-06,0.0033145244814567574
2015-04-02,0.003013568996121224,0.003013568996121224,0.002631293312502763,0.00038227568361846095,0.00038227568361846095,0.0,0.0,False,0.0,0.0,0.002631293312502763
2015-04-06,0.005185457192077518,0.005185457192077518,0.005249837674456818,-6.438048237929987e-05,-6.438048237929987e-05,0.0,0.0,False,0.0,0.0,0.005249837674456818
2015-04-07,2.598567668305005e-05,2.598567668305005e-05,-0.0007182656807369512,0.0007442513574200013,0.0007442513574200013,0.0,0.0,False,0.0,0.0,-0.0007182656807369512
2015-04-08,0.00440656821822415,0.00440656821822415,0.0040088565459704935,0.00039771167225365663,0.00039771167225365663,0.0,0.0,False,0.0,0.0,0.0040088565459704935
2015-04-09,0.001117810408227021,0.001117810408227021,0.00017917290219661257,0.0009386375060304085,0.0009386375060304085,0.0,0.0,False,0.0,0.0,0.00017917290219661257
2015-04-10,0.002707494622971371,0.002707494622971371,0.002467642937073024,0.00023985168589834693,0.00023985168589834693,0.0,0.0,False,0.0,0.0,0.002467642937073024
2015-04-13,-0.002735125760181776,-0.002735125760181776,-0.002484146573337988,-0.00025097918684378797,-0.00025097918684378797,0.0,0.0,False,0.0,0.0,-0.002484146573337988
2015-04-14,0.002379160884942305,0.002379160884942305,0.0034277700405710857,-0.0010486091556287805,-0.0010486091556287805,0.0,0.0,False,0.0,0.0,0.0034277700405710857
2015-04-15,0.0033520534935764365,0.0033520534935764365,0.003276660839225551,7.539265435088562e-05,7.539265435088562e-05,0.0,0.0,False,0.0,0.0,0.003276660839225551
2015-04-16,0.0008588768469331152,0.0008588768469331152,0.0009445111187840126,-8.563427185089738e-05,-8.563427185089738e-05,0.0,0.0,False,0.0,0.0,0.0009445111187840126
2015-04-17,-0.006223988372552851,-0.006223988372552851,-0.00666272255673726,0.0004387341841844087,0.0004387341841844087,0.0,0.0,False,0.0,0.0,-0.00666272255673726
2015-04-20,0.0023222674428457933,0.0023222674428457933,0.0021097600654012222,0.00021250737744457106,0.00021250737744457106,0.0,0.0,False,0.0,0.0,0.0021097600654012222
2015-04-21,0.000424479008914914,0.000424479008914914,0.0008823323662163782,-0.00045785335730146417,-0.00045785335730146417,0.0,0.0,False,0.0,0.0,0.0008823323662163782
2015-04-22,0.0008966209483860449,0.0008966209483860449,0.00012147753388565502,0.0007751434145003899,0.0007751434145003899,0.0,0.0,False,0.0,0.0,0.00012147753388565502
2015-04-23,0.0031155868262887827,0.0031155868262887827,0.0035187308576548524,-0.0004031440313660697,-0.0004031440313660697,0.0,0.0,False,0.0,0.0,0.0035187308576548524
2015-04-24,0.0023850071141111764,0.0023850071141111764,0.003077675516711147,-0.0006926684025999707,-0.0006926684025999707,0.0,0.0,False,0.0,0.0,0.003077675516711147
2015-04-27,-0.0011173104990136028,-0.0011173104990136028,-0.0010413415297816832,-7.596896923191959e-05,-7.596896923191959e-05,0.0,0.0,False,0.0,0.0,-0.0010413415297816832
2015-04-28,-0.0009945411380481396,-0.0009945411380481396,-0.0008627842644984115,-0.00013175687354972812,-0.00013175687354972812,0.0,0.0,False,0.0,0.0,-0.0008627842644984115
2015-04-29,-0.006738858556642793,-0.006738858556642793,-0.006968915235251895,0.00023005667860910226,0.00023005667860910226,0.0,0.0,False,0.0,0.0,-0.006968915235251895
2015-04-30,-0.005895498504431752,-0.005895498504431752,-0.007153615826794439,0.0012581173223626865,0.0012581173223626865,0.0,0.0,False,0.0,0.0,-0.007153615826794439
2015-05-01,0.002141348870900968,0.001879917847120378,0.0032594516102188937,-0.0013795337630985156,-0.0011181027393179256,0.26143102378059,0.00026143102378059,True,0.010102546824464105,1.0102546824464104e-05,0.0032493490633944294
2015-05-04,0.00020013068838749655,0.00020013068838749655,0.00011784815608911157,8.228253229838499e-05,8.228253229838499e-05,0.0,0.0,False,0.0,0.0,0.00011784815608911157
2015-05-05,-0.00692666680026925,-0.00692666680026925,-0.008104263338604792,0.0011775965383355423,0.0011775965383355423,0.0,0.0,False,0.0,0.0,-0.008104263338604792
2015-05-06,-0.003079588742122139,-0.003079588742122139,-0.004381231441556042,0.0013016426994339027,0.0013016426994339027,0.0,0.0,False,0.0,0.0,-0.004381231441556042
2015-05-07,0.003996386959136557,0.003996386959136557,0.002846315330709265,0.0011500716284272919,0.0011500716284272919,0.0,0.0,False,0.0,0.0,0.002846315330709265
2015-05-08,0.008355052693312204,0.008355052693312204,0.010859077348654394,-0.002504024655342189,-0.002504024655342189,0.0,0.0,False,0.0,0.0,0.010859077348654394
2015-05-11,-0.006451429333693982,-0.006451429333693982,-0.008320131753158396,0.0018687024194644145,0.0018687024194644145,0.0,0.0,False,0.0,0.0,-0.008320131753158396
2015-05-12,-0.001722756456752338,-0.001722756456752338,-0.0013603655958964451,-0.00036239086085589284,-0.00036239086085589284,0.0,0.0,False,0.0,0.0,-0.0013603655958964451
2015-05-13,-0.00044278918345853484,-0.00044278918345853484,0.0005943179299332213,-0.001037107113391756,-0.001037107113391756,0.0,0.0,False,0.0,0.0,0.0005943179299332213
2015-05-14,0.007062006570747414,0.007062006570747414,0.007830191131805976,-0.0007681845610585623,-0.0007681845610585623,0.0,0.0,False,0.0,0.0,0.007830191131805976
2015-05-15,0.0035831269999177695,0.0035831269999177695,0.004603360192142298,-0.0010202331922245281,-0.0010202331922245281,0.0,0.0,False,0.0,0.0,0.004603360192142298
2015-05-18,-0.0006317529336086665,-0.0006317529336086665,-0.0032857279454463068,0.0026539750118376405,0.0026539750118376405,0.0,0.0,False,0.0,0.0,-0.0032857279454463068
2015-05-19,-0.002772903362243335,-0.002772903362243335,-0.0026693520149060567,-0.0001035513473372782,-0.0001035513473372782,0.0,0.0,False,0.0,0.0,-0.0026693520149060567
2015-05-20,0.0007689173685850863,0.0007689173685850863,0.0007845840973537065,-1.566672876862022e-05,-1.566672876862022e-05,0.0,0.0,False,0.0,0.0,0.0007845840973537065
2015-05-21,0.0033150182569834504,0.0033150182569834504,0.0038228556570763144,-0.0005078374000928639,-0.0005078374000928639,0.0,0.0,False,0.0,0.0,0.0038228556570763144
2015-05-22,-0.0021167106845147417,-0.0021167106845147417,-0.0021363936722265274,1.9682987711785657e-05,1.9682987711785657e-05,0.0,0.0,False,0.0,0.0,-0.0021363936722265274
2015-05-26,-0.003000109243491227,-0.003000109243491227,-0.005399741624856137,0.0023996323813649098,0.0023996323813649098,0.0,0.0,False,0.0,0.0,-0.005399741624856137
2015-05-27,0.005596770615091992,0.005596770615091992,0.005146511301698135,0.00045025931339385747,0.00045025931339385747,0.0,0.0,False,0.0,0.0,0.005146511301698135
2015-05-28,-0.0011104410716604267,-0.0011104410716604267,-0.0021820437028198894,0.0010716026311594626,0.0010716026311594626,0.0,0.0,False,0.0,0.0,-0.0021820437028198894
2015-05-29,-0.0029609205185390495,-0.0029609205185390495,-0.004318247622956349,0.0013573271044172992,0.0013573271044172992,0.0,0.0,False,0.0,0.0,-0.004318247622956349
2015-06-01,-0.001343385712838555,-0.001350714851690752,-0.00228637162138941,0.0009356567696986581,0.0009429859085508551,0.00732913885219706,7.32913885219706e-06,True,0.006552608715922208,6.552608715922209e-06,-0.0022929242301053324
2015-06-02,-0.002823040757692898,-0.002823040757692898,-0.001958807551743779,-0.0008642332059491191,-0.0008642332059491191,0.0,0.0,False,0.0,0.0,-0.001958807551743779
2015-06-03,-0.0009135940007462481,-0.0009135940007462481,-0.0018134404797264245,0.0008998464789801764,0.0008998464789801764,0.0,0.0,False,0.0,0.0,-0.0018134404797264245
2015-06-04,-0.0021611437192259253,-0.0021611437192259253,-0.003860273869365163,0.001699130150139238,0.001699130150139238,0.0,0.0,False,0.0,0.0,-0.003860273869365163
2015-06-05,-0.002232563710134577,-0.002232563710134577,-0.00518171577577073,0.002949152065636153,0.002949152065636153,0.0,0.0,False,0.0,0.0,-0.00518171577577073
2015-06-08,-0.0029218108758467215,-0.0029218108758467215,-0.0022008069343951433,-0.0007210039414515782,-0.0007210039414515782,0.0,0.0,False,0.0,0.0,-0.0022008069343951433
2015-06-09,-0.002541026352168895,-0.002541026352168895,-0.0033251526243956854,0.0007841262722267906,0.0007841262722267906,0.0,0.0,False,0.0,0.0,-0.0033251526243956854
2015-06-10,0.004753675617275129,0.004753675617275129,0.007260012125852913,-0.0025063365085777837,-0.0025063365085777837,0.0,0.0,False,0.0,0.0,0.007260012125852913
2015-06-11,0.0056851691441973,0.0056851691441973,0.004905619681741973,0.0007795494624553275,0.0007795494624553275,0.0,0.0,False,0.0,0.0,0.004905619681741973
2015-06-12,-0.0038475112521823554,-0.0038475112521823554,-0.004049406563692709,0.00020189531151035365,0.00020189531151035365,0.0,0.0,False,0.0,0.0,-0.004049406563692709
2015-06-15,-0.0017134561776427028,-0.0017134561776427028,-0.002951231463399928,0.0012377752857572254,0.0012377752857572254,0.0,0.0,False,0.0,0.0,-0.002951231463399928
2015-06-16,0.0044902208661026745,0.0044902208661026745,0.0035102665024391586,0.0009799543636635159,0.0009799543636635159,0.0,0.0,False,0.0,0.0,0.0035102665024391586
2015-06-17,0.00038005187830840643,0.00038005187830840643,0.00038112983071188114,-1.077952403474706e-06,-1.077952403474706e-06,0.0,0.0,False,0.0,0.0,0.00038112983071188114
2015-06-18,0.005128363918020367,0.005128363918020367,0.005430695877325662,-0.0003023319593052952,-0.0003023319593052952,0.0,0.0,False,0.0,0.0,0.005430695877325662
2015-06-19,0.0009306900995080077,0.0009306900995080077,-0.0001242289593612985,0.0010549190588693062,0.0010549190588693062,0.0,0.0,False,0.0,0.0,-0.0001242289593612985
2015-06-22,-0.0009696085830455832,-0.0009696085830455832,0.002306220820854278,-0.0032758294038998615,-0.0032758294038998615,0.0,0.0,False,0.0,0.0,0.002306220820854278
2015-06-23,-0.0006058352819066537,-0.0006058352819066537,0.00048691738749153995,-0.0010927526693981938,-0.0010927526693981938,0.0,0.0,False,0.0,0.0,0.00048691738749153995
2015-06-24,-0.0026153270188904844,-0.0026153270188904844,-0.0032647868257613564,0.000649459806870872,0.000649459806870872,0.0,0.0,False,0.0,0.0,-0.0032647868257613564
2015-06-25,-0.0020819794531474114,-0.0020819794531474114,-0.0022607406443060168,0.00017876119115860538,0.00017876119115860538,0.0,0.0,False,0.0,0.0,-0.0022607406443060168
2015-06-26,-0.0027651619203851656,-0.0027651619203851656,-0.003374273387839073,0.0006091114674539075,0.0006091114674539075,0.0,0.0,False,0.0,0.0,-0.003374273387839073
2015-06-29,-0.006944273598090521,-0.006944273598090521,-0.009722370055976096,0.0027780964578855757,0.0027780964578855757,0.0,0.0,False,0.0,0.0,-0.009722370055976096
2015-06-30,0.0004245818328744079,0.0004245818328744079,0.0005976247870301141,-0.0001730429541557062,-0.0001730429541557062,0.0,0.0,False,0.0,0.0,0.0005976247870301141
2015-07-01,0.0012850060936138753,0.0010050883511519635,0.0012448905948987733,-0.00023980224374680974,4.011549871510206e-05,0.2799177424619118,0.0002799177424619118,True,0.0032847422014064716,3.2847422014064714e-06,0.0012416058526973667
2015-07-02,0.0002534408419713469,0.0002534408419713469,0.0014592079574465785,-0.0012057671154752318,-0.0012057671154752318,0.0,0.0,False,0.0,0.0,0.0014592079574465785
2015-07-06,0.0013620780794671818,0.0013620780794671818,-0.0037881476068963712,0.005150225686363553,0.005150225686363553,0.0,0.0,False,0.0,0.0,-0.0037881476068963712
2015-07-07,0.003614365149514484,0.003614365149514484,0.002168039319390232,0.0014463258301242524,0.0014463258301242524,0.0,0.0,False,0.0,0.0,0.002168039319390232
2015-07-08,-0.007256773301221067,-0.007256773301221067,-0.011141637244495203,0.0038848639432741356,0.0038848639432741356,0.0,0.0,False,0.0,0.0,-0.011141637244495203
2015-07-09,-0.001460268176917748,-0.001460268176917748,0.0014860287428478758,-0.002946296919765624,-0.002946296919765624,0.0,0.0,False,0.0,0.0,0.0014860287428478758
2015-07-10,0.004271088501533574,0.004271088501533574,0.008582604742878839,-0.0043115162413452646,-0.0043115162413452646,0.0,0.0,False,0.0,0.0,0.008582604742878839
2015-07-13,0.004705466594592603,0.004705466594592603,0.004111330971248642,0.0005941356233439606,0.0005941356233439606,0.0,0.0,False,0.0,0.0,0.004111330971248642
2015-07-14,0.0034893972870256905,0.0034893972870256905,0.003965964825483465,-0.0004765675384577747,-0.0004765675384577747,0.0,0.0,False,0.0,0.0,0.003965964825483465
2015-07-15,0.0004947688606669449,0.0004947688606669449,-0.0003682975755311636,0.0008630664361981085,0.0008630664361981085,0.0,0.0,False,0.0,0.0,-0.0003682975755311636
2015-07-16,0.0038837034633380594,0.0038837034633380594,0.0057584332664344,-0.0018747298030963406,-0.0018747298030963406,0.0,0.0,False,0.0,0.0,0.0057584332664344
2015-07-17,-0.0005492406434733285,-0.0005492406434733285,3.7763458175496875e-05,-0.0005870041016488254,-0.0005870041016488254,0.0,0.0,False,0.0,0.0,3.7763458175496875e-05
2015-07-20,-0.001882639790381553,-0.001882639790381553,-0.001289783047423959,-0.000592856742957594,-0.000592856742957594,0.0,0.0,False,0.0,0.0,-0.001289783047423959
2015-07-21,-0.001239652809761059,-0.001239652809761059,-0.0007381317430456484,-0.0005015210667154105,-0.0005015210667154105,0.0,0.0,False,0.0,0.0,-0.0007381317430456484
2015-07-22,-8.734327617149462e-05,-8.734327617149462e-05,-0.0021550638262130303,0.0020677205500415356,0.0020677205500415356,0.0,0.0,False,0.0,0.0,-0.0021550638262130303
2015-07-23,-0.002221645997354726,-0.002221645997354726,-0.001711001079963471,-0.0005106449173912552,-0.0005106449173912552,0.0,0.0,False,0.0,0.0,-0.001711001079963471
2015-07-24,-0.006142244485168579,-0.006142244485168579,-0.006713677795745945,0.0005714333105773664,0.0005714333105773664,0.0,0.0,False,0.0,0.0,-0.006713677795745945
2015-07-27,-0.0025287651445930503,-0.0025287651445930503,-0.0040858231698571975,0.0015570580252641472,0.0015570580252641472,0.0,0.0,False,0.0,0.0,-0.0040858231698571975
2015-07-28,0.0050453535216659655,0.0050453535216659655,0.005890590355927521,-0.0008452368342615557,-0.0008452368342615557,0.0,0.0,False,0.0,0.0,0.005890590355927521
2015-07-29,0.0028069622100003965,0.0028069622100003965,0.0030716920623418123,-0.00026472985234141577,-0.00026472985234141577,0.0,0.0,False,0.0,0.0,0.0030716920623418123
2015-07-30,0.0012026754611574176,0.0012026754611574176,-0.00013385298398886674,0.0013365284451462844,0.0013365284451462844,0.0,0.0,False,0.0,0.0,-0.00013385298398886674
2015-07-31,0.002514343494246842,0.002514343494246842,0.004034835875016596,-0.0015204923807697543,-0.0015204923807697543,0.0,0.0,False,0.0,0.0,0.004034835875016596
2015-08-03,-0.0012369215042593096,-0.0014321761268225566,-0.001838562642053948,0.0004063865152313913,0.0006016411377946383,0.195254622563247,0.000195254622563247,True,0.00839012581038778,8.39012581038778e-06,-0.0018469527678643357
2015-08-04,-0.0031878988667001056,-0.0031878988667001056,-0.002439371534596565,-0.0007485273321035405,-0.0007485273321035405,0.0,0.0,False,0.0,0.0,-0.002439371534596565
2015-08-05,-0.00036197207953412105,-0.00036197207953412105,0.0001825417116917045,-0.0005445137912258256,-0.0005445137912258256,0.0,0.0,False,0.0,0.0,0.0001825417116917045
2015-08-06,-0.005050229819506846,-0.005050229819506846,-0.003200224913898708,-0.001850004905608138,-0.001850004905608138,0.0,0.0,False,0.0,0.0,-0.003200224913898708
2015-08-07,-0.0013069026412528485,-0.0013069026412528485,0.0007401001853073223,-0.002047002826560171,-0.002047002826560171,0.0,0.0,False,0.0,0.0,0.0007401001853073223
2015-08-10,0.004540384498770056,0.004540384498770056,0.005752771771447772,-0.001212387272677716,-0.001212387272677716,0.0,0.0,False,0.0,0.0,0.005752771771447772
2015-08-11,-0.0022679258668521825,-0.0022679258668521825,-0.004896850508742064,0.002628924641889881,0.002628924641889881,0.0,0.0,False,0.0,0.0,-0.004896850508742064
2015-08-12,-0.0008057992316976756,-0.0008057992316976756,-0.002913935799023714,0.002108136567326038,0.002108136567326038,0.0,0.0,False,0.0,0.0,-0.002913935799023714
2015-08-13,-0.002581185884452165,-0.002581185884452165,-0.0020124835474564667,-0.0005687023369956982,-0.0005687023369956982,0.0,0.0,False,0.0,0.0,-0.0020124835474564667
2015-08-14,0.0025391648622370695,0.0025391648622370695,0.0018358807676499772,0.0007032840945870923,0.0007032840945870923,0.0,0.0,False,0.0,0.0,0.0018358807676499772
2015-08-17,0.005359892510191406,0.005359892510191406,0.0019372938848590817,0.0034225986253323248,0.0034225986253323248,0.0,0.0,False,0.0,0.0,0.0019372938848590817
2015-08-18,-0.004119967240223888,-0.004119967240223888,-0.004720921637211843,0.0006009543969879546,0.0006009543969879546,0.0,0.0,False,0.0,0.0,-0.004720921637211843
2015-08-19,-0.0025081573965323243,-0.0025081573965323243,-0.0029166525660143223,0.0004084951694819979,0.0004084951694819979,0.0,0.0,False,0.0,0.0,-0.0029166525660143223
2015-08-20,-0.011443813212027941,-0.011443813212027941,-0.011415492236860572,-2.832097516736881e-05,-2.832097516736881e-05,0.0,0.0,False,0.0,0.0,-0.011415492236860572
2015-08-21,-0.007574766523176684,-0.007574766523176684,-0.01472190765181502,0.007147141128638335,0.007147141128638335,0.0,0.0,False,0.0,0.0,-0.01472190765181502
2015-08-24,-0.019938886209369937,-0.019938886209369937,-0.023370218717647846,0.003431332508277908,0.003431332508277908,0.0,0.0,False,0.0,0.0,-0.023370218717647846
2015-08-25,-0.006496605187741788,-0.006496605187741788,-0.00413436758995105,-0.0023622375977907385,-0.0023622375977907385,0.0,0.0,False,0.0,0.0,-0.00413436758995105
2015-08-26,0.0125772521238009,0.0125772521238009,0.016164229622270095,-0.0035869774984691946,-0.0035869774984691946,0.0,0.0,False,0.0,0.0,0.016164229622270095
2015-08-27,0.01029466158811123,0.01029466158811123,0.014047133322979926,-0.0037524717348686957,-0.0037524717348686957,0.0,0.0,False,0.0,0.0,0.014047133322979926
2015-08-28,0.003587917885698752,0.003587917885698752,-0.0004820980078861078,0.00407001589358486,0.00407001589358486,0.0,0.0,False,0.0,0.0,-0.0004820980078861078
2015-08-31,-0.0033680169257850143,-0.0033680169257850143,-0.004621097331372153,0.0012530804055871387,0.0012530804055871387,0.0,0.0,False,0.0,0.0,-0.004621097331372153
2015-09-01,-0.013176582788512121,-0.013191947800522548,-0.017117997616350696,0.003926049815828147,0.0039414148278385745,0.015365012010426756,1.5365012010426758e-05,True,0.016412273155330847,1.6412273155330848e-05,-0.017134409889506028
2015-09-02,0.008477753890407004,0.008477753890407004,0.008887087610111862,-0.0004093337197048578,-0.0004093337197048578,0.0,0.0,False,0.0,0.0,0.008887087610111862
2015-09-03,0.0008074513035094578,0.0008074513035094578,0.0023404869031171814,-0.0015330355996077236,-0.0015330355996077236,0.0,0.0,False,0.0,0.0,0.0023404869031171814
2015-09-04,-0.0039032168019477688,-0.0039032168019477688,-0.009807535642776975,0.005904318840829206,0.005904318840829206,0.0,0.0,False,0.0,0.0,-0.009807535642776975
2015-09-08,0.010502691637310782,0.010502691637310782,0.013583022979333318,-0.0030803313420225357,-0.0030803313420225357,0.0,0.0,False,0.0,0.0,0.013583022979333318
2015-09-09,-0.006021711985155817,-0.006021711985155817,-0.0050573307235829345,-0.0009643812615728825,-0.0009643812615728825,0.0,0.0,False,0.0,0.0,-0.0050573307235829345
2015-09-10,0.0017533088446900589,0.0017533088446900589,0.002744082364457139,-0.0009907735197670802,-0.0009907735197670802,0.0,0.0,False,0.0,0.0,0.002744082364457139
2015-09-11,0.0032978270743106008,0.0032978270743106008,0.0029038951158705437,0.00039393195844005706,0.00039393195844005706,0.0,0.0,False,0.0,0.0,0.0029038951158705437
2015-09-14,-0.002023062907106827,-0.002023062907106827,-0.0023623005786302543,0.0003392376715234272,0.0003392376715234272,0.0,0.0,False,0.0,0.0,-0.0023623005786302543
2015-09-15,0.002703178039979039,0.002703178039979039,0.0025541018402978665,0.00014907619968117236,0.00014907619968117236,0.0,0.0,False,0.0,0.0,0.0025541018402978665
2015-09-16,0.004112704880822467,0.004112704880822467,0.007789200452740829,-0.0036764955719183617,-0.0036764955719183617,0.0,0.0,False,0.0,0.0,0.007789200452740829
2015-09-17,0.004244907556498907,0.004244907556498907,0.0028102206106762626,0.0014346869458226443,0.0014346869458226443,0.0,0.0,False,0.0,0.0,0.0028102206106762626
2015-09-18,-0.005926678513536069,-0.005926678513536069,-0.009081131251973176,0.003154452738437107,0.003154452738437107,0.0,0.0,False,0.0,0.0,-0.009081131251973176
2015-09-21,-0.0022556322922472373,-0.0022556322922472373,-0.0015445822725957455,-0.0007110500196514918,-0.0007110500196514918,0.0,0.0,False,0.0,0.0,-0.0015445822725957455
2015-09-22,-0.006012015303630646,-0.006012015303630646,-0.00768589998278347,0.0016738846791528247,0.0016738846791528247,0.0,0.0,False,0.0,0.0,-0.00768589998278347
2015-09-23,-0.001870667689150311,-0.001870667689150311,-0.003214251931632342,0.001343584242482031,0.001343584242482031,0.0,0.0,False,0.0,0.0,-0.003214251931632342
2015-09-24,-0.0010345888177599061,-0.0010345888177599061,-0.0013107636370658844,0.0002761748193059782,0.0002761748193059782,0.0,0.0,False,0.0,0.0,-0.0013107636370658844
2015-09-25,-0.006126251848796217,-0.006126251848796217,-0.0011171152640350392,-0.005009136584761178,-0.005009136584761178,0.0,0.0,False,0.0,0.0,-0.0011171152640350392
2015-09-28,-0.012787739139934398,-0.012787739139934398,-0.011511816866751644,-0.0012759222731827547,-0.0012759222731827547,0.0,0.0,False,0.0,0.0,-0.011511816866751644
2015-09-29,-0.0010013947807716442,-0.0010013947807716442,0.0011434514253540278,-0.002144846206125672,-0.002144846206125672,0.0,0.0,False,0.0,0.0,0.0011434514253540278
2015-09-30,0.008749227715955795,0.008749227715955795,0.01160387860040504,-0.002854650884449245,-0.002854650884449245,0.0,0.0,False,0.0,0.0,0.01160387860040504
2015-10-01,-0.0008170743665359178,-0.0008850321733299904,0.0020516443546599317,-0.0029366765279899222,-0.0028687187211958497,0.0679578067940726,6.795780679407259e-05,True,0.011672208425690497,1.1672208425690497e-05,0.002039972146234241
2015-10-02,0.009421297697715422,0.009421297697715422,0.01238907238917957,-0.0029677746914641475,-0.0029677746914641475,0.0,0.0,False,0.0,0.0,0.01238907238917957
2015-10-05,0.010986594872228422,0.010986594872228422,0.009564098068455273,0.0014224968037731493,0.0014224968037731493,0.0,0.0,False,0.0,0.0,0.009564098068455273
2015-10-06,-0.0015455772627628302,-0.0015455772627628302,-0.0004882833229888862,-0.001057293939773944,-0.001057293939773944,0.0,0.0,False,0.0,0.0,-0.0004882833229888862
2015-10-07,0.008158364905022185,0.008158364905022185,0.007893519746649591,0.0002648451583725942,0.0002648451583725942,0.0,0.0,False,0.0,0.0,0.007893519746649591
2015-10-08,0.004369849402626858,0.004369849402626858,0.004042568791858025,0.0003272806107688332,0.0003272806107688332,0.0,0.0,False,0.0,0.0,0.004042568791858025
2015-10-09,0.0010181019104843077,0.0010181019104843077,0.0012392635322834122,-0.0002211616217991045,-0.0002211616217991045,0.0,0.0,False,0.0,0.0,0.0012392635322834122
2015-10-12,0.0004972556776013202,0.0004972556776013202,0.0007101414586730005,-0.00021288578107168032,-0.00021288578107168032,0.0,0.0,False,0.0,0.0,0.0007101414586730005
2015-10-13,-0.005944199520511277,-0.005944199520511277,-0.006109841640803202,0.00016564212029192456,0.00016564212029192456,0.0,0.0,False,0.0,0.0,-0.006109841640803202
2015-10-14,-0.00250938297830712,-0.00250938297830712,0.001213276022347663,-0.0037226590006547828,-0.0037226590006547828,0.0,0.0,False,0.0,0.0,0.001213276022347663
2015-10-15,0.010104099319734272,0.010104099319734272,0.010017171674392651,8.692764534162095e-05,8.692764534162095e-05,0.0,0.0,False,0.0,0.0,0.010017171674392651
2015-10-16,0.0006321775780223141,0.0006321775780223141,0.0011822934123357025,-0.0005501158343133885,-0.0005501158343133885,0.0,0.0,False,0.0,0.0,0.0011822934123357025
2015-10-19,0.000980382471041457,0.000980382471041457,-0.001594149181323161,0.0025745316523646177,0.0025745316523646177,0.0,0.0,False,0.0,0.0,-0.001594149181323161
2015-10-20,-0.0017350028891122285,-0.0017350028891122285,-0.0023447607207658285,0.0006097578316536,0.0006097578316536,0.0,0.0,False,0.0,0.0,-0.0023447607207658285
2015-10-21,-0.0054574177588701134,-0.0054574177588701134,-0.0024126996164882154,-0.003044718142381898,-0.003044718142381898,0.0,0.0,False,0.0,0.0,-0.0024126996164882154
2015-10-22,0.0062824393900473615,0.0062824393900473615,0.010036543981244022,-0.0037541045911966605,-0.0037541045911966605,0.0,0.0,False,0.0,0.0,0.010036543981244022
2015-10-23,0.0038895917215625605,0.0038895917215625605,0.003965646011841842,-7.605429027928183e-05,-7.605429027928183e-05,0.0,0.0,False,0.0,0.0,0.003965646011841842
2015-10-26,-0.0021176661800522186,-0.0021176661800522186,-0.0015620929061380142,-0.0005555732739142044,-0.0005555732739142044,0.0,0.0,False,0.0,0.0,-0.0015620929061380142
2015-10-27,-0.0038280422666395293,-0.0038280422666395293,-0.0030465402991508303,-0.000781501967488699,-0.000781501967488699,0.0,0.0,False,0.0,0.0,-0.0030465402991508303
2015-10-28,0.010818857344864121,0.010818857344864121,0.003013082070806853,0.007805775274057268,0.007805775274057268,0.0,0.0,False,0.0,0.0,0.003013082070806853
2015-10-29,-0.006345058720484124,-0.006345058720484124,-0.005740631310675042,-0.0006044274098090828,-0.0006044274098090828,0.0,0.0,False,0.0,0.0,-0.005740631310675042
2015-10-30,-0.001541148156444234,-0.001541148156444234,-0.00062864652353535,-0.0009125016329088841,-0.0009125016329088841,0.0,0.0,False,0.0,0.0,-0.00062864652353535
2015-11-02,0.007495300561216589,0.007340655842720602,0.006542746194813515,0.0007979096479070876,0.0009525543664030741,0.15464471849598652,0.0001546447184959865,True,0.017451874726124077,1.7451874726124077e-05,0.006525294320087391
2015-11-03,0.0013858595529507908,0.0013858595529507908,0.0015141739103180776,-0.00012831435736728684,-0.00012831435736728684,0.0,0.0,False,0.0,0.0,0.0015141739103180776
2015-11-04,-0.001201208740895317,-0.001201208740895317,-0.002908621395646554,0.001707412654751237,0.001707412654751237,0.0,0.0,False,0.0,0.0,-0.002908621395646554
2015-11-05,-9.557319310801005e-05,-9.557319310801005e-05,-0.0005818495100611688,0.00048627631695315876,0.00048627631695315876,0.0,0.0,False,0.0,0.0,-0.0005818495100611688
2015-11-06,-0.0008555076525128612,-0.0008555076525128612,-0.004932569562917068,0.004077061910404207,0.004077061910404207,0.0,0.0,False,0.0,0.0,-0.004932569562917068
2015-11-09,-0.006509406551828882,-0.006509406551828882,-0.008363889134200332,0.0018544825823714507,0.0018544825823714507,0.0,0.0,False,0.0,0.0,-0.008363889134200332
2015-11-10,0.0024300856825669485,0.0024300856825669485,0.0012184732534640274,0.001211612429102921,0.001211612429102921,0.0,0.0,False,0.0,0.0,0.0012184732534640274
2015-11-11,-0.003881903162304642,-0.003881903162304642,-0.0008831083148784012,-0.0029987948474262407,-0.0029987948474262407,0.0,0.0,False,0.0,0.0,-0.0008831083148784012
2015-11-12,-0.008847821330879564,-0.008847821330879564,-0.007813578198915884,-0.0010342431319636802,-0.0010342431319636802,0.0,0.0,False,0.0,0.0,-0.007813578198915884
2015-11-13,-0.002625728235455026,-0.002625728235455026,-0.004866324937603381,0.002240596702148355,0.002240596702148355,0.0,0.0,False,0.0,0.0,-0.004866324937603381
2015-11-16,0.005952916808816468,0.005952916808816468,0.009005185456382816,-0.003052268647566348,-0.003052268647566348,0.0,0.0,False,0.0,0.0,0.009005185456382816
2015-11-17,-0.0013882168748102605,-0.0013882168748102605,-0.00012201190397067685,-0.0012662049708395836,-0.0012662049708395836,0.0,0.0,False,0.0,0.0,-0.00012201190397067685
2015-11-18,0.008327160495127243,0.008327160495127243,0.008102265754291245,0.00022489474083599824,0.00022489474083599824,0.0,0.0,False,0.0,0.0,0.008102265754291245
2015-11-19,-0.0004345560039027273,-0.0004345560039027273,0.0023843802370106157,-0.0028189362409133433,-0.0028189362409133433,0.0,0.0,False,0.0,0.0,0.0023843802370106157
2015-11-20,0.002356090458614281,0.002356090458614281,0.0016460958924997926,0.0007099945661144884,0.0007099945661144884,0.0,0.0,False,0.0,0.0,0.0016460958924997926
2015-11-23,0.0020278174009229996,0.0020278174009229996,-0.0015097726432314628,0.0035375900441544624,0.0035375900441544624,0.0,0.0,False,0.0,0.0,-0.0015097726432314628
2015-11-24,0.0031387406044394387,0.0031387406044394387,0.0015549617442425841,0.0015837788601968546,0.0015837788601968546,0.0,0.0,False,0.0,0.0,0.0015549617442425841
2015-11-25,0.003010677766082265,0.003010677766082265,0.00029373334359161644,0.0027169444224906486,0.0027169444224906486,0.0,0.0,False,0.0,0.0,0.00029373334359161644
2015-11-27,0.0019167858403988328,0.0019167858403988328,-0.0014051340032270735,0.0033219198436259065,0.0033219198436259065,0.0,0.0,False,0.0,0.0,-0.0014051340032270735
2015-11-30,-0.002028843271558282,-0.002028843271558282,-0.0011259907081871826,-0.0009028525633710995,-0.0009028525633710995,0.0,0.0,False,0.0,0.0,-0.0011259907081871826
2015-12-01,0.007664175121689501,0.007384988970260209,0.008406889211592295,-0.0010219002413320855,-0.0007427140899027938,0.27918615142929204,0.000279186151429292,True,0.0037276962867815663,3.7276962867815664e-06,0.008403161515305513
2015-12-02,-0.006605440993284989,-0.006605440993284989,-0.007296314649344754,0.0006908736560597654,0.0006908736560597654,0.0,0.0,False,0.0,0.0,-0.007296314649344754
2015-12-03,-0.012050155825650395,-0.012050155825650395,-0.011786097987117945,-0.0002640578385324499,-0.0002640578385324499,0.0,0.0,False,0.0,0.0,-0.011786097987117945
2015-12-04,0.010296089875276951,0.010296089875276951,0.010230366314291325,6.572356098562618e-05,6.572356098562618e-05,0.0,0.0,False,0.0,0.0,0.010230366314291325
2015-12-07,-0.0023916756164076413,-0.0023916756164076413,-0.0038010165623538553,0.001409340945946214,0.001409340945946214,0.0,0.0,False,0.0,0.0,-0.0038010165623538553
2015-12-08,-0.004038423483646973,-0.004038423483646973,-0.005652649263261403,0.0016142257796144298,0.0016142257796144298,0.0,0.0,False,0.0,0.0,-0.005652649263261403
2015-12-09,-0.0033952689128698976,-0.0033952689128698976,-0.004151343961847382,0.0007560750489774845,0.0007560750489774845,0.0,0.0,False,0.0,0.0,-0.004151343961847382
2015-12-10,4.375865672335961e-05,4.375865672335961e-05,-0.00042445563172385553,0.0004682142884472151,0.0004682142884472151,0.0,0.0,False,0.0,0.0,-0.00042445563172385553
2015-12-11,-0.006898711518601218,-0.006898711518601218,-0.009768776722772727,0.0028700652041715093,0.0028700652041715093,0.0,0.0,False,0.0,0.0,-0.009768776722772727
2015-12-14,-0.0023011866320212402,-0.0023011866320212402,-0.0004068467531753878,-0.0018943398788458525,-0.0018943398788458525,0.0,0.0,False,0.0,0.0,-0.0004068467531753878
2015-12-15,0.0041502297772107065,0.0041502297772107065,0.005228696726192279,-0.0010784669489815723,-0.0010784669489815723,0.0,0.0,False,0.0,0.0,0.005228696726192279
2015-12-16,0.0069533797258797304,0.0069533797258797304,0.009358001319437816,-0.0024046215935580855,-0.0024046215935580855,0.0,0.0,False,0.0,0.0,0.009358001319437816
2015-12-17,-0.00560221254225624,-0.00560221254225624,-0.0067206117454354,0.0011183992031791592,0.0011183992031791592,0.0,0.0,False,0.0,0.0,-0.0067206117454354
2015-12-18,-0.00690642558065508,-0.00690642558065508,-0.006952009998768476,4.558441811339589e-05,4.558441811339589e-05,0.0,0.0,False,0.0,0.0,-0.006952009998768476
2015-12-21,0.004026112518340518,0.004026112518340518,0.0044486570467710315,-0.0004225445284305133,-0.0004225445284305133,0.0,0.0,False,0.0,0.0,0.0044486570467710315
2015-12-22,0.0032377027288067284,0.0032377027288067284,0.003902857733429081,-0.0006651550046223526,-0.0006651550046223526,0.0,0.0,False,0.0,0.0,0.003902857733429081
2015-12-23,0.005971590326803474,0.005971590326803474,0.007479326568590412,-0.0015077362417869385,-0.0015077362417869385,0.0,0.0,False,0.0,0.0,0.007479326568590412
2015-12-24,0.0005013623021065497,0.0005013623021065497,0.00012916711468712933,0.0003721951874194204,0.0003721951874194204,0.0,0.0,False,0.0,0.0,0.00012916711468712933
2015-12-28,-0.0014310681461618148,-0.0014310681461618148,-0.0019511556682941448,0.00052008752213233,0.00052008752213233,0.0,0.0,False,0.0,0.0,-0.0019511556682941448
2015-12-29,0.0027648628603866026,0.0027648628603866026,0.0026105708565437175,0.0001542920038428851,0.0001542920038428851,0.0,0.0,False,0.0,0.0,0.0026105708565437175
2015-12-30,-0.0035957290731827166,-0.0035957290731827166,-0.005048975946964562,0.0014532468737818455,0.0014532468737818455,0.0,0.0,False,0.0,0.0,-0.005048975946964562
2015-12-31,-0.004932709102040739,-0.004932709102040739,-0.0052411658982035175,0.0003084567961627784,0.0003084567961627784,0.0,0.0,False,0.0,0.0,-0.0052411658982035175
2016-01-04,-0.006463660500251953,-0.006467864285800768,-0.009251448593565541,0.0027835843077647733,0.002787788093313588,0.004203785548814599,4.203785548814599e-06,True,0.004606242365478748,4.6062423654787476e-06,-0.00925605483593102
2016-01-05,0.0005667924939132728,0.0005667924939132728,0.0004173055091517974,0.00014948698476147538,0.00014948698476147538,0.0,0.0,False,0.0,0.0,0.0004173055091517974
2016-01-06,-0.004214030974003845,-0.004214030974003845,-0.006350235844167792,0.002136204870163947,0.002136204870163947,0.0,0.0,False,0.0,0.0,-0.006350235844167792
2016-01-07,-0.011028931871410118,-0.011028931871410118,-0.013836279214302827,0.002807347342892709,0.002807347342892709,0.0,0.0,False,0.0,0.0,-0.013836279214302827
2016-01-08,-0.004904556978664898,-0.004904556978664898,-0.005961697885748452,0.001057140907083554,0.001057140907083554,0.0,0.0,False,0.0,0.0,-0.005961697885748452
2016-01-11,-0.0011999079537075548,-0.0011999079537075548,-0.0010919295028571194,-0.00010797845085043544,-0.00010797845085043544,0.0,0.0,False,0.0,0.0,-0.0010919295028571194
2016-01-12,0.005308713552801387,0.005308713552801387,0.005444029188112846,-0.00013531563531145926,-0.00013531563531145926,0.0,0.0,False,0.0,0.0,0.005444029188112846
2016-01-13,-0.010052324094658862,-0.010052324094658862,-0.010296598811218268,0.0002442747165594065,0.0002442747165594065,0.0,0.0,False,0.0,0.0,-0.010296598811218268
2016-01-14,0.006019549582055353,0.006019549582055353,0.006768836325142691,-0.0007492867430873382,-0.0007492867430873382,0.0,0.0,False,0.0,0.0,0.006768836325142691
2016-01-15,-0.010006500831048254,-0.010006500831048254,-0.014506104599892482,0.0044996037688442275,0.0044996037688442275,0.0,0.0,False,0.0,0.0,-0.014506104599892482
2016-01-19,-0.0007412033664598491,-0.0007412033664598491,0.0012888930173122616,-0.0020300963837721108,-0.0020300963837721108,0.0,0.0,False,0.0,0.0,0.0012888930173122616
2016-01-20,-0.0039720752515042665,-0.0039720752515042665,-0.0069890136708825904,0.003016938419378324,0.003016938419378324,0.0,0.0,False,0.0,0.0,-0.0069890136708825904
2016-01-21,0.0009945328953954407,0.0009945328953954407,0.0015465910392724591,-0.0005520581438770184,-0.0005520581438770184,0.0,0.0,False,0.0,0.0,0.0015465910392724591
2016-01-22,0.010167507598519004,0.010167507598519004,0.013865831371378853,-0.003698323772859849,-0.003698323772859849,0.0,0.0,False,0.0,0.0,0.013865831371378853
2016-01-25,-0.006596805047954007,-0.006596805047954007,-0.008164764283562208,0.0015679592356082012,0.0015679592356082012,0.0,0.0,False,0.0,0.0,-0.008164764283562208
2016-01-26,0.008040625582684724,0.008040625582684724,0.009439704736579995,-0.0013990791538952708,-0.0013990791538952708,0.0,0.0,False,0.0,0.0,0.009439704736579995
2016-01-27,-0.0052047126788009705,-0.0052047126788009705,-0.005336917049314079,0.0001322043705131084,0.0001322043705131084,0.0,0.0,False,0.0,0.0,-0.005336917049314079
2016-01-28,0.002630733436808427,0.002630733436808427,0.003950259298170377,-0.0013195258613619499,-0.0013195258613619499,0.0,0.0,False,0.0,0.0,0.003950259298170377
2016-01-29,0.01448641522534794,0.01448641522534794,0.016635440508470108,-0.002149025283122167,-0.002149025283122167,0.0,0.0,False,0.0,0.0,0.016635440508470108
2016-02-01,-0.0016204781271077072,-0.001684686311863443,-0.0025397237175315114,0.0008550374056680685,0.0009192455904238042,0.06420818475573563,6.420818475573563e-05,True,0.019236726332433708,1.9236726332433706e-05,-0.002558960443863945
2016-02-02,-0.007270559836682048,-0.007270559836682048,-0.010583252438147648,0.0033126926014656003,0.0033126926014656003,0.0,0.0,False,0.0,0.0,-0.010583252438147648
2016-02-03,0.0025158366480512273,0.0025158366480512273,0.004812945998498951,-0.0022971093504477237,-0.0022971093504477237,0.0,0.0,False,0.0,0.0,0.004812945998498951
2016-02-04,0.001701001220030849,0.001701001220030849,0.0024028559641548486,-0.0007018547441239996,-0.0007018547441239996,0.0,0.0,False,0.0,0.0,0.0024028559641548486
2016-02-05,-0.00886163490840203,-0.00886163490840203,-0.010179835250682627,0.0013182003422805965,0.0013182003422805965,0.0,0.0,False,0.0,0.0,-0.010179835250682627
2016-02-08,-0.004103808286428695,-0.004103808286428695,-0.005459615619963987,0.0013558073335352928,0.0013558073335352928,0.0,0.0,False,0.0,0.0,-0.005459615619963987
2016-02-09,-0.0021020704527361703,-0.0021020704527361703,-0.003794257902723212,0.0016921874499870415,0.0016921874499870415,0.0,0.0,False,0.0,0.0,-0.003794257902723212
2016-02-10,0.000816947593352139,0.000816947593352139,0.0012859481369586567,-0.0004690005436065178,-0.0004690005436065178,0.0,0.0,False,0.0,0.0,0.0012859481369586567
2016-02-11,-0.004453855540632609,-0.004453855540632609,-0.006241305112844769,0.0017874495722121604,0.0017874495722121604,0.0,0.0,False,0.0,0.0,-0.006241305112844769
2016-02-12,0.00605425365498284,0.00605425365498284,0.007736154421972694,-0.0016819007669898536,-0.0016819007669898536,0.0,0.0,False,0.0,0.0,0.007736154421972694
2016-02-16,0.007209852389471846,0.007209852389471846,0.00932791938095937,-0.002118066991487524,-0.002118066991487524,0.0,0.0,False,0.0,0.0,0.00932791938095937
2016-02-17,0.007395395628992417,0.007395395628992417,0.009244590210210717,-0.0018491945812183002,-0.0018491945812183002,0.0,0.0,False,0.0,0.0,0.009244590210210717
2016-02-18,0.0005441636769930179,0.0005441636769930179,-2.8110885489511387e-05,0.0005722745624825293,0.0005722745624825293,0.0,0.0,False,0.0,0.0,-2.8110885489511387e-05
2016-02-19,-0.0003186777128780649,-0.0003186777128780649,-0.0005814286208816407,0.00026275090800357583,0.00026275090800357583,0.0,0.0,False,0.0,0.0,-0.0005814286208816407
2016-02-22,0.006727086280099989,0.006727086280099989,0.009069536497552044,-0.002342450217452055,-0.002342450217452055,0.0,0.0,False,0.0,0.0,0.009069536497552044
2016-02-23,-0.005860559070585186,-0.005860559070585186,-0.007878077310200416,0.0020175182396152307,0.0020175182396152307,0.0,0.0,False,0.0,0.0,-0.007878077310200416
2016-02-24,0.001431052722908269,0.001431052722908269,0.0011380126730462662,0.0002930400498620028,0.0002930400498620028,0.0,0.0,False,0.0,0.0,0.0011380126730462662
2016-02-25,0.007874859309160627,0.007874859309160627,0.007787469300341859,8.739000881876832e-05,8.739000881876832e-05,0.0,0.0,False,0.0,0.0,0.007787469300341859
2016-02-26,-0.0028068282380097473,-0.0028068282380097473,-0.003268035112586302,0.00046120687457655487,0.00046120687457655487,0.0,0.0,False,0.0,0.0,-0.003268035112586302
2016-02-29,-0.0029712681851757307,-0.0029712681851757307,-0.0019436666571052618,-0.0010276015280704688,-0.0010276015280704688,0.0,0.0,False,0.0,0.0,-0.0019436666571052618
2016-03-01,0.00899008855301257,0.00893306796923959,0.012344250259903728,-0.0034111822906641373,-0.003354161706891158,0.05702058377297943,5.7020583772979426e-05,True,0.006127643319763149,6.1276433197631484e-06,0.012338122616583964
2016-03-02,0.002480457525763265,0.002480457525763265,0.00445769360952275,-0.0019772360837594853,-0.0019772360837594853,0.0,0.0,False,0.0,0.0,0.00445769360952275
2016-03-03,0.004240654418385644,0.004240654418385644,0.005476139437514998,-0.001235485019129354,-0.001235485019129354,0.0,0.0,False,0.0,0.0,0.005476139437514998
2016-03-04,0.0013198336572334583,0.0013198336572334583,0.003460606441938974,-0.002140772784705516,-0.002140772784705516,0.0,0.0,False,0.0,0.0,0.003460606441938974
2016-03-07,-0.0005186218638080017,-0.0005186218638080017,0.00020770400795961465,-0.0007263258717676163,-0.0007263258717676163,0.0,0.0,False,0.0,0.0,0.00020770400795961465
2016-03-08,-0.0027788540293690565,-0.0027788540293690565,-0.005435387370319656,0.0026565333409505993,0.0026565333409505993,0.0,0.0,False,0.0,0.0,-0.005435387370319656
2016-03-09,0.0008281345791491278,0.0008281345791491278,0.0017417545775635082,-0.0009136199984143804,-0.0009136199984143804,0.0,0.0,False,0.0,0.0,0.0017417545775635082
2016-03-10,-0.0007005332176551578,-0.0007005332176551578,-0.0005314462939169419,-0.00016908692373821595,-0.00016908692373821595,0.0,0.0,False,0.0,0.0,-0.0005314462939169419
2016-03-11,0.009806665431209467,0.009806665431209467,0.011542548531421924,-0.001735883100212457,-0.001735883100212457,0.0,0.0,False,0.0,0.0,0.011542548531421924
2016-03-14,-0.00018425286980292457,-0.00018425286980292457,-0.0007661688254928298,0.0005819159556899053,0.0005819159556899053,0.0,0.0,False,0.0,0.0,-0.0007661688254928298
2016-03-15,-0.0025321159379818182,-0.0025321159379818182,-0.004291178077545992,0.0017590621395641736,0.0017590621395641736,0.0,0.0,False,0.0,0.0,-0.004291178077545992
2016-03-16,0.006076424777113039,0.006076424777113039,0.007420151987253936,-0.0013437272101408972,-0.0013437272101408972,0.0,0.0,False,0.0,0.0,0.007420151987253936
2016-03-17,0.0043955509366451736,0.0043955509366451736,0.007072094949270131,-0.002676544012624958,-0.002676544012624958,0.0,0.0,False,0.0,0.0,0.007072094949270131
2016-03-18,0.0018335668647711844,0.0018335668647711844,0.0027200488718658314,-0.000886482007094647,-0.000886482007094647,0.0,0.0,False,0.0,0.0,0.0027200488718658314
2016-03-21,-0.0009663381221211882,-0.0009663381221211882,-0.0007829035779113632,-0.000183434544209825,-0.000183434544209825,0.0,0.0,False,0.0,0.0,-0.0007829035779113632
2016-03-22,-0.0014893325528809232,-0.0014893325528809232,-0.001429174878958875,-6.0157673922048294e-05,-6.0157673922048294e-05,0.0,0.0,False,0.0,0.0,-0.001429174878958875
2016-03-23,-0.0019421017632454672,-0.0019421017632454672,-0.004204362937370393,0.0022622611741249256,0.0022622611741249256,0.0,0.0,False,0.0,0.0,-0.004204362937370393
2016-03-24,-0.0018681643948563194,-0.0018681643948563194,-0.001497277088442167,-0.0003708873064141524,-0.0003708873064141524,0.0,0.0,False,0.0,0.0,-0.001497277088442167
2016-03-28,0.0019578690071878546,0.0019578690071878546,0.0019370962367768851,2.077277041096946e-05,2.077277041096946e-05,0.0,0.0,False,0.0,0.0,0.0019370962367768851
2016-03-29,0.008046960998399157,0.008046960998399157,0.009770351498627601,-0.0017233905002284437,-0.0017233905002284437,0.0,0.0,False,0.0,0.0,0.009770351498627601
2016-03-30,0.002295315263955957,0.002295315263955957,0.002648931431174864,-0.00035361616721890686,-0.00035361616721890686,0.0,0.0,False,0.0,0.0,0.002648931431174864
2016-03-31,-0.0009897266167463422,-0.0009897266167463422,-0.0005981664062936103,-0.00039156021045273185,-0.00039156021045273185,0.0,0.0,False,0.0,0.0,-0.0005981664062936103
2016-04-01,0.0010262232403824285,0.0009886705520729055,0.0009281267791032275,6.054377296967799e-05,9.809646127920102e-05,0.037552688309522964,3.755268830952297e-05,True,0.014884680730180778,1.4884680730180776e-05,0.0009132420983730468
2016-04-04,-0.0010509417891734548,-0.0010509417891734548,-0.0026284563174132636,0.0015775145282398088,0.0015775145282398088,0.0,0.0,False,0.0,0.0,-0.0026284563174132636
2016-04-05,-0.004768648452726325,-0.004768648452726325,-0.00659478996455015,0.0018261415118238254,0.0018261415118238254,0.0,0.0,False,0.0,0.0,-0.00659478996455015
2016-04-06,0.005462496519916145,0.005462496519916145,0.006463748177071109,-0.001001251657154964,-0.001001251657154964,0.0,0.0,False,0.0,0.0,0.006463748177071109
2016-04-07,-0.0043097782868961685,-0.0043097782868961685,-0.006337359798839766,0.0020275815119435974,0.0020275815119435974,0.0,0.0,False,0.0,0.0,-0.006337359798839766
2016-04-08,0.003055790209756882,0.003055790209756882,0.004507379638210949,-0.001451589428454067,-0.001451589428454067,0.0,0.0,False,0.0,0.0,0.004507379638210949
2016-04-11,-0.0008095696458683381,-0.0008095696458683381,0.00036685167994467507,-0.0011764213258130133,-0.0011764213258130133,0.0,0.0,False,0.0,0.0,0.00036685167994467507
2016-04-12,0.003639323173858757,0.003639323173858757,0.0052999491129781485,-0.0016606259391193914,-0.0016606259391193914,0.0,0.0,False,0.0,0.0,0.0052999491129781485
2016-04-13,0.006813120451900384,0.006813120451900384,0.00909979308206845,-0.0022866726301680653,-0.0022866726301680653,0.0,0.0,False,0.0,0.0,0.00909979308206845
2016-04-14,-0.00036829846743968497,-0.00036829846743968497,-0.0008519754522005244,0.0004836769847608394,0.0004836769847608394,0.0,0.0,False,0.0,0.0,-0.0008519754522005244
2016-04-15,0.0008759431226437767,0.0008759431226437767,0.000522094386416196,0.00035384873622758067,0.00035384873622758067,0.0,0.0,False,0.0,0.0,0.000522094386416196
2016-04-18,0.0036552063724387884,0.0036552063724387884,0.00399803112054544,-0.00034282474810665153,-0.00034282474810665153,0.0,0.0,False,0.0,0.0,0.00399803112054544
2016-04-19,0.003619321130776384,0.003619321130776384,0.004949688569083315,-0.001330367438306931,-0.001330367438306931,0.0,0.0,False,0.0,0.0,0.004949688569083315
2016-04-20,-0.0016604586953132758,-0.0016604586953132758,-0.0019161479019534475,0.0002556892066401717,0.0002556892066401717,0.0,0.0,False,0.0,0.0,-0.0019161479019534475
2016-04-21,-0.0035097445621011776,-0.0035097445621011776,-0.004479429120799937,0.0009696845586987593,0.0009696845586987593,0.0,0.0,False,0.0,0.0,-0.004479429120799937
2016-04-22,-0.0001418751482202776,-0.0001418751482202776,-0.00020535334849976293,6.347820027948533e-05,6.347820027948533e-05,0.0,0.0,False,0.0,0.0,-0.00020535334849976293
2016-04-25,-0.002140023772962212,-0.002140023772962212,-0.003056710787249002,0.0009166870142867899,0.0009166870142867899,0.0,0.0,False,0.0,0.0,-0.003056710787249002
2016-04-26,0.0003226265217721952,0.0003226265217721952,0.0018634803936569445,-0.0015408538718847493,-0.0015408538718847493,0.0,0.0,False,0.0,0.0,0.0018634803936569445
2016-04-27,0.0036135905667409214,0.0036135905667409214,0.004017620193090802,-0.000404029626349881,-0.000404029626349881,0.0,0.0,False,0.0,0.0,0.004017620193090802
2016-04-28,-0.004111229092977835,-0.004111229092977835,-0.005423694945867321,0.001312465852889486,0.001312465852889486,0.0,0.0,False,0.0,0.0,-0.005423694945867321
2016-04-29,-0.002557181546503983,-0.002557181546503983,-0.002940770267733745,0.0003835887212297619,0.0003835887212297619,0.0,0.0,False,0.0,0.0,-0.002940770267733745
2016-05-02,0.0030908909220957485,0.0030871534273319264,0.0027014410571219393,0.0003857123702099871,0.0003894498649738092,0.0037374947638219806,3.7374947638219802e-06,True,0.003877987232148314,3.877987232148314e-06,0.002697563069889791
2016-05-03,-0.0033998791868752884,-0.0033998791868752884,-0.006681818855028642,0.003281939668153353,0.003281939668153353,0.0,0.0,False,0.0,0.0,-0.006681818855028642
2016-05-04,-0.0033824395518993796,-0.0033824395518993796,-0.005002079858297707,0.0016196403063983272,0.0016196403063983272,0.0,0.0,False,0.0,0.0,-0.005002079858297707
2016-05-05,0.0008426448622257798,0.0008426448622257798,0.0005976611883572795,0.00024498367386850033,0.00024498367386850033,0.0,0.0,False,0.0,0.0,0.0005976611883572795
2016-05-06,0.0005801883270804252,0.0005801883270804252,0.0009280907041012998,-0.0003479023770208747,-0.0003479023770208747,0.0,0.0,False,0.0,0.0,0.0009280907041012998
2016-05-09,0.0004899190901335401,0.0004899190901335401,-0.0007545350928889112,0.0012444541830224512,0.0012444541830224512,0.0,0.0,False,0.0,0.0,-0.0007545350928889112
2016-05-10,0.006769847682635403,0.006769847682635403,0.0084146587350568,-0.0016448110524213974,-0.0016448110524213974,0.0,0.0,False,0.0,0.0,0.0084146587350568
2016-05-11,-0.003964054057315956,-0.003964054057315956,-0.004210261517419996,0.00024620746010403996,0.00024620746010403996,0.0,0.0,False,0.0,0.0,-0.004210261517419996
2016-05-12,-0.0011992432164182171,-0.0011992432164182171,-0.0015855199877595806,0.00038627677134136346,0.00038627677134136346,0.0,0.0,False,0.0,0.0,-0.0015855199877595806
2016-05-13,-0.0030748269038226713,-0.0030748269038226713,-0.0046669310160469225,0.0015921041122242512,0.0015921041122242512,0.0,0.0,False,0.0,0.0,-0.0046669310160469225
2016-05-16,0.00355916016730372,0.00355916016730372,0.00481449919617121,-0.0012553390288674903,-0.0012553390288674903,0.0,0.0,False,0.0,0.0,0.00481449919617121
2016-05-17,-0.0049476712772596396,-0.0049476712772596396,-0.005370813756639009,0.00042314247937936915,0.00042314247937936915,0.0,0.0,False,0.0,0.0,-0.005370813756639009
2016-05-18,-0.003887227681012308,-0.003887227681012308,-0.0042035821454692425,0.00031635446445693475,0.00031635446445693475,0.0,0.0,False,0.0,0.0,-0.0042035821454692425
2016-05-19,-0.0016642620769040596,-0.0016642620769040596,-0.002620775111135641,0.0009565130342315815,0.0009565130342315815,0.0,0.0,False,0.0,0.0,-0.002620775111135641
2016-05-20,0.0038309102923628486,0.0038309102923628486,0.005183861100375568,-0.0013529508080127191,-0.0013529508080127191,0.0,0.0,False,0.0,0.0,0.005183861100375568
2016-05-23,-0.0007771633135079261,-0.0007771633135079261,-0.0008986188631061865,0.00012145554959826037,0.00012145554959826037,0.0,0.0,False,0.0,0.0,-0.0008986188631061865
2016-05-24,0.00602129615892082,0.00602129615892082,0.007266448087742645,-0.001245151928821825,-0.001245151928821825,0.0,0.0,False,0.0,0.0,0.007266448087742645
2016-05-25,0.0041528407253793595,0.0041528407253793595,0.005056722705711029,-0.0009038819803316696,-0.0009038819803316696,0.0,0.0,False,0.0,0.0,0.005056722705711029
2016-05-26,0.0020141086108787813,0.0020141086108787813,0.002386399712079077,-0.00037229110120029583,-0.00037229110120029583,0.0,0.0,False,0.0,0.0,0.002386399712079077
2016-05-27,0.0005852486933169484,0.0005852486933169484,0.001058039462649323,-0.00047279076933237456,-0.00047279076933237456,0.0,0.0,False,0.0,0.0,0.001058039462649323
2016-05-31,-0.0007815122404687997,-0.0007815122404687997,-0.0003860371503077247,-0.00039547509016107495,-0.00039547509016107495,0.0,0.0,False,0.0,0.0,-0.0003860371503077247
2016-06-01,0.000563533328517439,0.0005585788306169178,0.001006096345321117,-0.0004475175147041991,-0.0004425630168036779,0.004954497900521176,4.954497900521176e-06,True,0.005880415405235508,5.8804154052355085e-06,0.0010002159299158813
2016-06-02,0.0024336684114579436,0.0024336684114579436,0.00339868393498437,-0.0009650155235264263,-0.0009650155235264263,0.0,0.0,False,0.0,0.0,0.00339868393498437
2016-06-03,0.004363500058678743,0.004363500058678743,0.005079862070326227,-0.0007163620116474841,-0.0007163620116474841,0.0,0.0,False,0.0,0.0,0.005079862070326227
2016-06-06,0.001413208652529759,0.001413208652529759,0.002706557042171447,-0.001293348389641688,-0.001293348389641688,0.0,0.0,False,0.0,0.0,0.002706557042171447
2016-06-07,0.002431131682972468,0.002431131682972468,0.0032626498701433895,-0.0008315181871709214,-0.0008315181871709214,0.0,0.0,False,0.0,0.0,0.0032626498701433895
2016-06-08,0.0023460303729113253,0.0023460303729113253,0.0033896088019957603,-0.001043578429084435,-0.001043578429084435,0.0,0.0,False,0.0,0.0,0.0033896088019957603
2016-06-09,-0.0017182141270259818,-0.0017182141270259818,-0.0029174409759119826,0.0011992268488860008,0.0011992268488860008,0.0,0.0,False,0.0,0.0,-0.0029174409759119826
2016-06-10,-0.006556232999528689,-0.006556232999528689,-0.009302165069577895,0.0027459320700492056,0.0027459320700492056,0.0,0.0,False,0.0,0.0,-0.009302165069577895
2016-06-13,-0.0044717888024355355,-0.0044717888024355355,-0.005970668282716922,0.0014988794802813865,0.0014988794802813865,0.0,0.0,False,0.0,0.0,-0.005970668282716922
2016-06-14,-0.0035635378432485472,-0.0035635378432485472,-0.0038056869630979217,0.00024214911984937445,0.00024214911984937445,0.0,0.0,False,0.0,0.0,-0.0038056869630979217
2016-06-15,0.0021545621222248796,0.0021545621222248796,0.0030252740202528377,-0.0008707118980279581,-0.0008707118980279581,0.0,0.0,False,0.0,0.0,0.0030252740202528377
2016-06-16,0.0019589597982733473,0.0019589597982733473,0.001528267193748567,0.0004306926045247804,0.0004306926045247804,0.0,0.0,False,0.0,0.0,0.001528267193748567
2016-06-17,-0.0014226949291781528,-0.0014226949291781528,-0.0011104993061542593,-0.00031219562302389346,-0.00031219562302389346,0.0,0.0,False,0.0,0.0,-0.0011104993061542593
2016-06-20,0.004364426770414575,0.004364426770414575,0.006204522054773261,-0.0018400952843586858,-0.0018400952843586858,0.0,0.0,False,0.0,0.0,0.006204522054773261
2016-06-21,0.0013470896243261011,0.0013470896243261011,0.0018990603608040567,-0.0005519707364779556,-0.0005519707364779556,0.0,0.0,False,0.0,0.0,0.0018990603608040567
2016-06-22,0.00029255841723056975,0.00029255841723056975,0.00024721915868982465,4.533925854074511e-05,4.533925854074511e-05,0.0,0.0,False,0.0,0.0,0.00024721915868982465
2016-06-23,0.007096649001176967,0.007096649001176967,0.009694706966309762,-0.002598057965132795,-0.002598057965132795,0.0,0.0,False,0.0,0.0,0.009694706966309762
2016-06-24,-0.02097668469738323,-0.02097668469738323,-0.027072507617327535,0.0060958229199443055,0.0060958229199443055,0.0,0.0,False,0.0,0.0,-0.027072507617327535
2016-06-27,-0.005340515040864992,-0.005340515040864992,-0.007162508455036052,0.0018219934141710603,0.0018219934141710603,0.0,0.0,False,0.0,0.0,-0.007162508455036052
2016-06-28,0.010782361144455655,0.010782361144455655,0.013554336300290633,-0.002771975155834978,-0.002771975155834978,0.0,0.0,False,0.0,0.0,0.013554336300290633
2016-06-29,0.007086744732410211,0.007086744732410211,0.009943861830041738,-0.002857117097631527,-0.002857117097631527,0.0,0.0,False,0.0,0.0,0.009943861830041738
2016-06-30,0.00829375201545848,0.00829375201545848,0.00928076675003339,-0.000987014734574911,-0.000987014734574911,0.0,0.0,False,0.0,0.0,0.00928076675003339
2016-07-01,0.002978761696052699,0.0028149497478716654,0.0037768114684519354,-0.00096186172058027,-0.0007980497723992365,0.16381194818103362,0.00016381194818103361,True,0.01054751572140128,1.054751572140128e-05,0.003766263952730534
2016-07-05,-0.0024890971435701324,-0.0024890971435701324,-0.005687243416924124,0.003198146273353992,0.003198146273353992,0.0,0.0,False,0.0,0.0,-0.005687243416924124
2016-07-06,0.0035589495809335006,0.0035589495809335006,0.002010303614532062,0.0015486459664014384,0.0015486459664014384,0.0,0.0,False,0.0,0.0,0.002010303614532062
2016-07-07,-0.0003137311312735852,-0.0003137311312735852,-0.0011792353065120731,0.000865504175238488,0.000865504175238488,0.0,0.0,False,0.0,0.0,-0.0011792353065120731
2016-07-08,0.010389704830114895,0.010389704830114895,0.011613156723554462,-0.0012234518934395675,-0.0012234518934395675,0.0,0.0,False,0.0,0.0,0.011613156723554462
2016-07-11,0.0009174976773457861,0.0009174976773457861,0.002861203047103059,-0.001943705369757273,-0.001943705369757273,0.0,0.0,False,0.0,0.0,0.002861203047103059
2016-07-12,0.0018935583765556515,0.0018935583765556515,0.0034431443562640317,-0.0015495859797083802,-0.0015495859797083802,0.0,0.0,False,0.0,0.0,0.0034431443562640317
2016-07-13,0.0007365086017905935,0.0007365086017905935,0.0010945320692442423,-0.0003580234674536489,-0.0003580234674536489,0.0,0.0,False,0.0,0.0,0.0010945320692442423
2016-07-14,0.00037500247008816234,0.00037500247008816234,0.002581709896298664,-0.0022067074262105014,-0.0022067074262105014,0.0,0.0,False,0.0,0.0,0.002581709896298664
2016-07-15,-0.0018611157461577012,-0.0018611157461577012,-0.002992628948578984,0.0011315132024212827,0.0011315132024212827,0.0,0.0,False,0.0,0.0,-0.002992628948578984
2016-07-18,0.001139146127344703,0.001139146127344703,0.002088953107817458,-0.0009498069804727547,-0.0009498069804727547,0.0,0.0,False,0.0,0.0,0.002088953107817458
2016-07-19,-2.9200733502882407e-05,-2.9200733502882407e-05,-0.001746208276262538,0.0017170075427596556,0.0017170075427596556,0.0,0.0,False,0.0,0.0,-0.001746208276262538
2016-07-20,0.0018142640623671487,0.0018142640623671487,0.0027440987720148114,-0.0009298347096476627,-0.0009298347096476627,0.0,0.0,False,0.0,0.0,0.0027440987720148114
2016-07-21,-0.0012146856184899037,-0.0012146856184899037,-0.0016124798954205832,0.0003977942769306795,0.0003977942769306795,0.0,0.0,False,0.0,0.0,-0.0016124798954205832
2016-07-22,0.0024635942997839827,0.0024635942997839827,0.002621824383279715,-0.00015823008349573212,-0.00015823008349573212,0.0,0.0,False,0.0,0.0,0.002621824383279715
2016-07-25,-0.0015638135190458957,-0.0015638135190458957,-0.002389188028686327,0.0008253745096404314,0.0008253745096404314,0.0,0.0,False,0.0,0.0,-0.002389188028686327
2016-07-26,0.001029708498254232,0.001029708498254232,0.0018768819827079354,-0.0008471734844537034,-0.0008471734844537034,0.0,0.0,False,0.0,0.0,0.0018768819827079354
2016-07-27,0.0021214294144408946,0.0021214294144408946,0.0027741036976353293,-0.0006526742831944347,-0.0006526742831944347,0.0,0.0,False,0.0,0.0,0.0027741036976353293
2016-07-28,2.3277317682407386e-05,2.3277317682407386e-05,-4.304964025470781e-05,6.63269579371152e-05,6.63269579371152e-05,0.0,0.0,False,0.0,0.0,-4.304964025470781e-05
2016-07-29,0.0027086939516429947,0.0027086939516429947,0.00461157426716206,-0.0019028803155190653,-0.0019028803155190653,0.0,0.0,False,0.0,0.0,0.00461157426716206
2016-08-01,-0.0021709813998056302,-0.0021803524310960035,-0.0034645980965138153,0.0012842456654178118,0.001293616696708185,0.009371031290373137,9.371031290373137e-06,True,0.007779135827220684,7.779135827220685e-06,-0.003472377232341036
2016-08-02,-0.006118644523164449,-0.006118644523164449,-0.005931298109294258,-0.00018734641387019042,-0.00018734641387019042,0.0,0.0,False,0.0,0.0,-0.005931298109294258
2016-08-03,0.002690060941501872,0.002690060941501872,0.0014276694134919493,0.0012623915280099225,0.0012623915280099225,0.0,0.0,False,0.0,0.0,0.0014276694134919493
2016-08-04,0.001960468540032552,0.001960468540032552,0.0032716151941525927,-0.0013111466541200407,-0.0013111466541200407,0.0,0.0,False,0.0,0.0,0.0032716151941525927
2016-08-05,0.002434440722986446,0.002434440722986446,0.0026489069331371174,-0.00021446621015067157,-0.00021446621015067157,0.0,0.0,False,0.0,0.0,0.0026489069331371174
2016-08-08,-0.00037989177573759464,-0.00037989177573759464,0.0009084211001751365,-0.001288312875912731,-0.001288312875912731,0.0,0.0,False,0.0,0.0,0.0009084211001751365
2016-08-09,0.0024499098694861616,0.0024499098694861616,0.004180658973693069,-0.0017307491042069076,-0.0017307491042069076,0.0,0.0,False,0.0,0.0,0.004180658973693069
2016-08-10,-0.000706159044359512,-0.000706159044359512,0.0005800771721320742,-0.0012862362164915862,-0.0012862362164915862,0.0,0.0,False,0.0,0.0,0.0005800771721320742
2016-08-11,0.0002624954627570036,0.0002624954627570036,0.0021422364081360953,-0.0018797409453790918,-0.0018797409453790918,0.0,0.0,False,0.0,0.0,0.0021422364081360953
2016-08-12,0.001729568065358024,0.001729568065358024,0.0008098230710985924,0.0009197449942594316,0.0009197449942594316,0.0,0.0,False,0.0,0.0,0.0008098230710985924
2016-08-15,0.0011586219199378048,0.0011586219199378048,0.0015192996875296497,-0.0003606777675918449,-0.0003606777675918449,0.0,0.0,False,0.0,0.0,0.0015192996875296497
2016-08-16,-0.003968435620574916,-0.003968435620574916,-0.0033832683744982016,-0.0005851672460767147,-0.0005851672460767147,0.0,0.0,False,0.0,0.0,-0.0033832683744982016
2016-08-17,0.0011335754018289325,0.0011335754018289325,0.0007248063021276658,0.0004087690997012667,0.0004087690997012667,0.0,0.0,False,0.0,0.0,0.0007248063021276658
2016-08-18,0.0029401808594806847,0.0029401808594806847,0.0035672515217855163,-0.0006270706623048316,-0.0006270706623048316,0.0,0.0,False,0.0,0.0,0.0035672515217855163
2016-08-19,-0.002104023936253117,-0.002104023936253117,-0.003507945750996994,0.0014039218147438768,0.0014039218147438768,0.0,0.0,False,0.0,0.0,-0.003507945750996994
2016-08-22,0.0016072863148625194,0.0016072863148625194,0.00024108615940672973,0.0013662001554557897,0.0013662001554557897,0.0,0.0,False,0.0,0.0,0.00024108615940672973
2016-08-23,0.0019726363006322026,0.0019726363006322026,0.0013922144625898314,0.0005804218380423712,0.0005804218380423712,0.0,0.0,False,0.0,0.0,0.0013922144625898314
2016-08-24,-0.0033397545819482057,-0.0033397545819482057,-0.00231852968308919,-0.0010212248988590157,-0.0010212248988590157,0.0,0.0,False,0.0,0.0,-0.00231852968308919
2016-08-25,-0.0006149682974110231,-0.0006149682974110231,-0.0012913329064000892,0.000676364608989066,0.000676364608989066,0.0,0.0,False,0.0,0.0,-0.0012913329064000892
2016-08-26,-0.002760548747419727,-0.002760548747419727,-0.003965673018191687,0.00120512427077196,0.00120512427077196,0.0,0.0,False,0.0,0.0,-0.003965673018191687
2016-08-29,0.0048045429837664695,0.0048045429837664695,0.005302515739643319,-0.0004979727558768491,-0.0004979727558768491,0.0,0.0,False,0.0,0.0,0.005302515739643319
2016-08-30,-0.0004918154171215767,-0.0004918154171215767,-0.0012819256699464457,0.000790110252824869,0.000790110252824869,0.0,0.0,False,0.0,0.0,-0.0012819256699464457
2016-08-31,-0.002375423611487219,-0.002375423611487219,-0.002798720621190221,0.00042329700970300185,0.00042329700970300185,0.0,0.0,False,0.0,0.0,-0.002798720621190221
2016-09-01,0.0005385230266204094,0.0003585230267091221,0.0022140725702174623,-0.0018555495435083403,-0.001675549543597053,0.1799999999112873,0.0001799999999112873,True,0.0026970283573682224,2.6970283573682226e-06,0.002211375541860094
2016-09-02,0.004134930143602064,0.004134930143602064,0.004021600367090504,0.0001133297765115596,0.0001133297765115596,0.0,0.0,False,0.0,0.0,0.004021600367090504
2016-09-06,0.00471232079584661,0.00471232079584661,0.005956090341759788,-0.001243769545913178,-0.001243769545913178,0.0,0.0,False,0.0,0.0,0.005956090341759788
2016-09-07,0.0010900385500087525,0.0010900385500087525,-9.606043082968714e-05,0.0011860989808384396,0.0011860989808384396,0.0,0.0,False,0.0,0.0,-9.606043082968714e-05
2016-09-08,-0.004527305102869848,-0.004527305102869848,-0.004120347688438537,-0.0004069574144313108,-0.0004069574144313108,0.0,0.0,False,0.0,0.0,-0.004120347688438537
2016-09-09,-0.019439681349522793,-0.019439681349522793,-0.01802603132840532,-0.0014136500211174713,-0.0014136500211174713,0.0,0.0,False,0.0,0.0,-0.01802603132840532
2016-09-12,0.008311148995231233,0.008311148995231233,0.007116101342040186,0.0011950476531910476,0.0011950476531910476,0.0,0.0,False,0.0,0.0,0.007116101342040186
2016-09-13,-0.012030851498057655,-0.012030851498057655,-0.012666242639525687,0.0006353911414680325,0.0006353911414680325,0.0,0.0,False,0.0,0.0,-0.012666242639525687
2016-09-14,0.0009638542122424758,0.0009638542122424758,0.0006195763574448917,0.0003442778547975841,0.0003442778547975841,0.0,0.0,False,0.0,0.0,0.0006195763574448917
2016-09-15,0.005265331892059358,0.005265331892059358,0.006548888034989271,-0.0012835561429299135,-0.0012835561429299135,0.0,0.0,False,0.0,0.0,0.006548888034989271
2016-09-16,-0.0014310293069514212,-0.0014310293069514212,-0.003089113317004747,0.001658084010053326,0.001658084010053326,0.0,0.0,False,0.0,0.0,-0.003089113317004747
2016-09-19,0.001781996298146091,0.001781996298146091,0.0014194900967925393,0.00036250620135355174,0.00036250620135355174,0.0,0.0,False,0.0,0.0,0.0014194900967925393
2016-09-20,-0.0002685678487930826,-0.0002685678487930826,0.0014395036998656467,-0.0017080715486587294,-0.0017080715486587294,0.0,0.0,False,0.0,0.0,0.0014395036998656467
2016-09-21,0.009721504976134962,0.009721504976134962,0.011053249617038872,-0.0013317446409039108,-0.0013317446409039108,0.0,0.0,False,0.0,0.0,0.011053249617038872
2016-09-22,0.007392035819455071,0.007392035819455071,0.006462080017243179,0.0009299558022118921,0.0009299558022118921,0.0,0.0,False,0.0,0.0,0.006462080017243179
2016-09-23,-0.002763000932393513,-0.002763000932393513,-0.004664994976617411,0.0019019940442238977,0.0019019940442238977,0.0,0.0,False,0.0,0.0,-0.004664994976617411
2016-09-26,-0.00359127909109452,-0.00359127909109452,-0.00471633793241337,0.0011250588413188496,0.0011250588413188496,0.0,0.0,False,0.0,0.0,-0.00471633793241337
2016-09-27,0.0018082713747158887,0.0018082713747158887,0.0052903084701708975,-0.003482037095455009,-0.003482037095455009,0.0,0.0,False,0.0,0.0,0.0052903084701708975
2016-09-28,0.0034279276270650604,0.0034279276270650604,0.003764872430120616,-0.0003369448030555557,-0.0003369448030555557,0.0,0.0,False,0.0,0.0,0.003764872430120616
2016-09-29,-0.006774008222411211,-0.006774008222411211,-0.006921940221994671,0.00014793199958345986,0.00014793199958345986,0.0,0.0,False,0.0,0.0,-0.006921940221994671
2016-09-30,0.0027912176246102822,0.0027912176246102822,0.0032004084302610153,-0.000409190805650733,-0.000409190805650733,0.0,0.0,False,0.0,0.0,0.0032004084302610153
2016-10-03,-0.004181289043201562,-0.004439645308722431,-0.001645053775964089,-0.002794591532758342,-0.0025362352672374726,0.2583562655208694,0.00025835626552086935,True,0.003746803134698485,3.746803134698485e-06,-0.0016488005790987875
2016-10-04,-0.0060010586341400305,-0.0060010586341400305,-0.00511836146463396,-0.0008826971695060706,-0.0008826971695060706,0.0,0.0,False,0.0,0.0,-0.00511836146463396
2016-10-05,0.00012802122273862483,0.00012802122273862483,0.0028498423749867352,-0.0027218211522481105,-0.0027218211522481105,0.0,0.0,False,0.0,0.0,0.0028498423749867352
2016-10-06,-0.0001396248556472954,-0.0001396248556472954,-0.0012533830702818876,0.001113758214634592,0.001113758214634592,0.0,0.0,False,0.0,0.0,-0.0012533830702818876
2016-10-07,-0.0017771211984237132,-0.0017771211984237132,-0.001977022355918568,0.000199901157494855,0.000199901157494855,0.0,0.0,False,0.0,0.0,-0.001977022355918568
2016-10-10,0.0039949462662225215,0.0039949462662225215,0.002884922430884289,0.0011100238353382325,0.0011100238353382325,0.0,0.0,False,0.0,0.0,0.002884922430884289
2016-10-11,-0.00943883452261538,-0.00943883452261538,-0.009824443768643457,0.0003856092460280767,0.0003856092460280767,0.0,0.0,False,0.0,0.0,-0.009824443768643457
2016-10-12,0.0018345656203972724,0.0018345656203972724,7.520539236990472e-05,0.0017593602280273678,0.0017593602280273678,0.0,0.0,False,0.0,0.0,7.520539236990472e-05
2016-10-13,-0.0007337765630919596,-0.0007337765630919596,-0.00188289710199369,0.0011491205389017305,0.0011491205389017305,0.0,0.0,False,0.0,0.0,-0.00188289710199369
2016-10-14,-0.0031940487761791293,-0.0031940487761791293,-0.0016425671271006748,-0.0015514816490784546,-0.0015514816490784546,0.0,0.0,False,0.0,0.0,-0.0016425671271006748
2016-10-17,0.0002595162345734285,0.0002595162345734285,-0.0004038010853226248,0.0006633173198960533,0.0006633173198960533,0.0,0.0,False,0.0,0.0,-0.0004038010853226248
2016-10-18,0.004692020743175453,0.004692020743175453,0.0063338258419576516,-0.0016418050987821982,-0.0016418050987821982,0.0,0.0,False,0.0,0.0,0.0063338258419576516
2016-10-19,0.0022952956201445582,0.0022952956201445582,0.002368378484672194,-7.30828645276356e-05,-7.30828645276356e-05,0.0,0.0,False,0.0,0.0,0.002368378484672194
2016-10-20,-0.0013882366145702048,-0.0013882366145702048,-0.0009508025917725025,-0.0004374340227977023,-0.0004374340227977023,0.0,0.0,False,0.0,0.0,-0.0009508025917725025
2016-10-21,3.558577940026232e-05,3.558577940026232e-05,0.00013241767734967048,-9.683189794940816e-05,-9.683189794940816e-05,0.0,0.0,False,0.0,0.0,0.00013241767734967048
2016-10-24,0.0014731715923808318,0.0014731715923808318,0.001077817145753857,0.0003953544466269749,0.0003953544466269749,0.0,0.0,False,0.0,0.0,0.001077817145753857
2016-10-25,-0.0026537923402682956,-0.0026537923402682956,-0.0013902630322365943,-0.0012635293080317013,-0.0012635293080317013,0.0,0.0,False,0.0,0.0,-0.0013902630322365943
2016-10-26,-0.005231009250712413,-0.005231009250712413,-0.0042315314170672256,-0.000999477833645187,-0.000999477833645187,0.0,0.0,False,0.0,0.0,-0.0042315314170672256
2016-10-27,-0.007162260878051318,-0.007162260878051318,-0.004312978273961453,-0.002849282604089865,-0.002849282604089865,0.0,0.0,False,0.0,0.0,-0.004312978273961453
2016-10-28,-0.0018003867977710165,-0.0018003867977710165,-0.0017315266720811678,-6.886012568984873e-05,-6.886012568984873e-05,0.0,0.0,False,0.0,0.0,-0.0017315266720811678
2016-10-31,0.002661942240790487,0.002661942240790487,0.0014565403001666234,0.0012054019406238636,0.0012054019406238636,0.0,0.0,False,0.0,0.0,0.0014565403001666234
2016-11-01,-0.004919267147745934,-0.0051946871236039265,-0.004419521513260705,-0.0007751656103432217,-0.0004997456344852293,0.2754199758579925,0.0002754199758579925,True,0.0030903441852266345,3.0903441852266346e-06,-0.004422611857445932
2016-11-02,-0.0029496256667796827,-0.0029496256667796827,-0.003591495710940574,0.0006418700441608912,0.0006418700441608912,0.0,0.0,False,0.0,0.0,-0.003591495710940574
2016-11-03,-0.004881630441474863,-0.004881630441474863,-0.0028503128520102564,-0.002031317589464607,-0.002031317589464607,0.0,0.0,False,0.0,0.0,-0.0028503128520102564
2016-11-04,0.0035742503888028807,0.0035742503888028807,-0.0009327565038478766,0.004507006892650757,0.004507006892650757,0.0,0.0,False,0.0,0.0,-0.0009327565038478766
2016-11-07,0.009544564612649365,0.009544564612649365,0.011987281306512217,-0.002442716693862852,-0.002442716693862852,0.0,0.0,False,0.0,0.0,0.011987281306512217
2016-11-08,0.00047634266092249386,0.00047634266092249386,0.0012990929254277073,-0.0008227502645052134,-0.0008227502645052134,0.0,0.0,False,0.0,0.0,0.0012990929254277073
2016-11-09,-0.0072402241730129425,-0.0072402241730129425,-0.005745009663789595,-0.0014952145092233474,-0.0014952145092233474,0.0,0.0,False,0.0,0.0,-0.005745009663789595
2016-11-10,-0.0014024129357577569,-0.0014024129357577569,-0.0036244015219746833,0.0022219885862169264,0.0022219885862169264,0.0,0.0,False,0.0,0.0,-0.0036244015219746833
2016-11-11,0.0005459114756873442,0.0005459114756873442,-0.0035367174843559356,0.00408262896004328,0.00408262896004328,0.0,0.0,False,0.0,0.0,-0.0035367174843559356
2016-11-14,0.00012282245320457334,0.00012282245320457334,-0.002677929209654381,0.002800751662858954,0.002800751662858954,0.0,0.0,False,0.0,0.0,-0.002677929209654381
2016-11-15,0.005516765594230771,0.005516765594230771,0.005819061161737124,-0.00030229556750635284,-0.00030229556750635284,0.0,0.0,False,0.0,0.0,0.005819061161737124
2016-11-16,0.0017308973666426597,0.0017308973666426597,-0.002124886122278938,0.003855783488921598,0.003855783488921598,0.0,0.0,False,0.0,0.0,-0.002124886122278938
2016-11-17,-0.0023917761021001495,-0.0023917761021001495,0.0006804220330902699,-0.0030721981351904196,-0.0030721981351904196,0.0,0.0,False,0.0,0.0,0.0006804220330902699
2016-11-18,-0.0017200009980245562,-0.0017200009980245562,-0.004291396681022445,0.002571395682997889,0.002571395682997889,0.0,0.0,False,0.0,0.0,-0.004291396681022445
2016-11-21,0.004398310576750204,0.004398310576750204,0.005248171862138343,-0.0008498612853881388,-0.0008498612853881388,0.0,0.0,False,0.0,0.0,0.005248171862138343
2016-11-22,0.0033571082338543184,0.0033571082338543184,0.0034741668166399504,-0.000117058582785632,-0.000117058582785632,0.0,0.0,False,0.0,0.0,0.0034741668166399504
2016-11-23,-0.0007136607278114461,-0.0007136607278114461,-0.0024411220268210046,0.0017274612990095584,0.0017274612990095584,0.0,0.0,False,0.0,0.0,-0.0024411220268210046
2016-11-25,0.0023764017938519184,0.0023764017938519184,0.0021762449079274857,0.00020015688592443272,0.00020015688592443272,0.0,0.0,False,0.0,0.0,0.0021762449079274857
2016-11-28,-0.0010816131847294552,-0.0010816131847294552,-0.0007355365098643391,-0.0003460766748651161,-0.0003460766748651161,0.0,0.0,False,0.0,0.0,-0.0007355365098643391
2016-11-29,0.0019338023532463923,0.0019338023532463923,0.0022542628792072343,-0.000320460525960842,-0.000320460525960842,0.0,0.0,False,0.0,0.0,0.0022542628792072343
2016-11-30,-0.006573492737472578,-0.006573492737472578,-0.003626516650449287,-0.002946976087023291,-0.002946976087023291,0.0,0.0,False,0.0,0.0,-0.003626516650449287
2016-12-01,-0.006735822214918143,-0.007014974676201649,-0.005241526010028597,-0.001773448666173052,-0.0014942962048895463,0.2791524612835055,0.0002791524612835055,True,0.01947133662564299,1.947133662564299e-05,-0.00526099734665424
2016-12-02,0.003162423060220177,0.003162423060220177,0.0025580753068118658,0.0006043477534083113,0.0006043477534083113,0.0,0.0,False,0.0,0.0,0.0025580753068118658
2016-12-05,0.0033208434111698386,0.0033208434111698386,0.005153178970056495,-0.0018323355588866562,-0.0018323355588866562,0.0,0.0,False,0.0,0.0,0.005153178970056495
2016-12-06,0.001812783194489093,0.001812783194489093,0.003083445669750482,-0.001270662475261389,-0.001270662475261389,0.0,0.0,False,0.0,0.0,0.003083445669750482
2016-12-07,0.01016892049669147,0.01016892049669147,0.010073213529948829,9.570696674264176e-05,9.570696674264176e-05,0.0,0.0,False,0.0,0.0,0.010073213529948829
2016-12-08,-0.0014851006558019636,-0.0014851006558019636,-8.89656307347088e-05,-0.0013961350250672549,-0.0013961350250672549,0.0,0.0,False,0.0,0.0,-8.89656307347088e-05
2016-12-09,-0.003022116598653514,-0.003022116598653514,-0.0001423480398399068,-0.002879768558813607,-0.002879768558813607,0.0,0.0,False,0.0,0.0,-0.0001423480398399068
2016-12-12,-0.0012580283548832263,-0.0012580283548832263,-0.002248489908678715,0.0009904615537954886,0.0009904615537954886,0.0,0.0,False,0.0,0.0,-0.002248489908678715
2016-12-13,0.005144560842724132,0.005144560842724132,0.005403046861689254,-0.0002584860189651216,-0.0002584860189651216,0.0,0.0,False,0.0,0.0,0.005403046861689254
2016-12-14,-0.013154272806567533,-0.013154272806567533,-0.011493115963827731,-0.001661156842739802,-0.001661156842739802,0.0,0.0,False,0.0,0.0,-0.011493115963827731
2016-12-15,0.0014523943873922267,0.0014523943873922267,0.001263469230258241,0.00018892515713398567,0.00018892515713398567,0.0,0.0,False,0.0,0.0,0.001263469230258241
2016-12-16,-0.0015078763673734264,-0.0015078763673734264,-0.001016421233290976,-0.0004914551340824505,-0.0004914551340824505,0.0,0.0,False,0.0,0.0,-0.001016421233290976
2016-12-19,0.002702146788087549,0.002702146788087549,0.002238566671247728,0.00046358011683982113,0.00046358011683982113,0.0,0.0,False,0.0,0.0,0.002238566671247728
2016-12-20,0.0002887165865623386,0.0002887165865623386,0.001727372864301463,-0.0014386562777391246,-0.0014386562777391246,0.0,0.0,False,0.0,0.0,0.001727372864301463
2016-12-21,-0.00019217337914487873,-0.00019217337914487873,-0.0005494621512135813,0.0003572887720687026,0.0003572887720687026,0.0,0.0,False,0.0,0.0,-0.0005494621512135813
2016-12-22,-0.0033503326158086915,-0.0033503326158086915,-0.00263366561209567,-0.0007166670037130215,-0.0007166670037130215,0.0,0.0,False,0.0,0.0,-0.00263366561209567
2016-12-23,0.0025722034702368394,0.0025722034702368394,0.0022022215268538573,0.0003699819433829821,0.0003699819433829821,0.0,0.0,False,0.0,0.0,0.0022022215268538573
2016-12-27,0.001193769636457129,0.001193769636457129,0.0005190066927718647,0.0006747629436852643,0.0006747629436852643,0.0,0.0,False,0.0,0.0,0.0005190066927718647
2016-12-28,0.001101816307639099,0.001101816307639099,-0.0012886054308269817,0.0023904217384660806,0.0023904217384660806,0.0,0.0,False,0.0,0.0,-0.0012886054308269817
2016-12-29,0.005754702078231665,0.005754702078231665,0.0033100684466576148,0.00244463363157405,0.00244463363157405,0.0,0.0,False,0.0,0.0,0.0033100684466576148
2016-12-30,-0.0024911053221568927,-0.0024911053221568927,-0.0005939551179861788,-0.001897150204170714,-0.001897150204170714,0.0,0.0,False,0.0,0.0,-0.0005939551179861788
2017-01-03,0.005669976845195542,0.005389281012405785,0.004925166376215184,0.0004641146361906009,0.0007448104689803583,0.2806958327897573,0.0002806958327897573,True,0.005456568845847186,5.456568845847186e-06,0.004919709807369337
2017-01-04,0.0060154206533578345,0.0060154206533578345,0.006026909760250138,-1.1489106892303112e-05,-1.1489106892303112e-05,0.0,0.0,False,0.0,0.0,0.006026909760250138
2017-01-05,0.0020989330729082383,0.0020989330729082383,0.004426230922281974,-0.0023272978493737353,-0.0023272978493737353,0.0,0.0,False,0.0,0.0,0.004426230922281974
2017-01-06,-0.0012768439277465989,-0.0012768439277465989,-0.0021920690161824612,0.0009152250884358623,0.0009152250884358623,0.0,0.0,False,0.0,0.0,-0.0021920690161824612
2017-01-09,-0.0005881324836693475,-0.0005881324836693475,-0.00018879124670740158,-0.00039934123696194594,-0.00039934123696194594,0.0,0.0,False,0.0,0.0,-0.00018879124670740158
2017-01-10,0.00148075727144195,0.00148075727144195,0.0008741037513379562,0.0006066535201039937,0.0006066535201039937,0.0,0.0,False,0.0,0.0,0.0008741037513379562
2017-01-11,0.002867687806622538,0.002867687806622538,0.0035634454924045053,-0.0006957576857819672,-0.0006957576857819672,0.0,0.0,False,0.0,0.0,0.0035634454924045053
2017-01-12,-0.0007337563193402956,-0.0007337563193402956,-0.0004667437754827795,-0.00026701254385751616,-0.00026701254385751616,0.0,0.0,False,0.0,0.0,-0.0004667437754827795
2017-01-13,0.0011052377167231312,0.0011052377167231312,0.0005481926740335018,0.0005570450426896293,0.0005570450426896293,0.0,0.0,False,0.0,0.0,0.0005481926740335018
2017-01-17,-0.00019695983583466366,-0.00019695983583466366,-0.0001878194240461634,-9.140411788500255e-06,-9.140411788500255e-06,0.0,0.0,False,0.0,0.0,-0.0001878194240461634
2017-01-18,-0.0015819470912191763,-0.0015819470912191763,-0.003211313637941543,0.0016293665467223665,0.0016293665467223665,0.0,0.0,False,0.0,0.0,-0.003211313637941543
2017-01-19,-0.0035655450563204455,-0.0035655450563204455,-0.0038088712153441953,0.00024332615902374977,0.00024332615902374977,0.0,0.0,False,0.0,0.0,-0.0038088712153441953
2017-01-20,0.002798674162787126,0.002798674162787126,0.0026888716001746103,0.00010980256261251559,0.00010980256261251559,0.0,0.0,False,0.0,0.0,0.0026888716001746103
2017-01-23,0.0016917635643343655,0.0016917635643343655,0.003136188976477061,-0.0014444254121426955,-0.0014444254121426955,0.0,0.0,False,0.0,0.0,0.003136188976477061
2017-01-24,0.002944084552174539,0.002944084552174539,0.002158518409310176,0.0007855661428643633,0.0007855661428643633,0.0,0.0,False,0.0,0.0,0.002158518409310176
2017-01-25,0.003693328772947168,0.003693328772947168,0.0036316381204488943,6.169065249827382e-05,6.169065249827382e-05,0.0,0.0,False,0.0,0.0,0.0036316381204488943
2017-01-26,-0.0016893928867779558,-0.0016893928867779558,-0.0009709370303591126,-0.0007184558564188432,-0.0007184558564188432,0.0,0.0,False,0.0,0.0,-0.0009709370303591126
2017-01-27,-0.00013373208560606698,-0.00013373208560606698,-0.00021899735623560717,8.526527062954019e-05,8.526527062954019e-05,0.0,0.0,False,0.0,0.0,-0.00021899735623560717
2017-01-30,-0.004051203166372729,-0.004051203166372729,-0.004665976834852562,0.000614773668479833,0.000614773668479833,0.0,0.0,False,0.0,0.0,-0.004665976834852562
2017-01-31,0.002131542490443497,0.002131542490443497,0.0020269393597587403,0.00010460313068475684,0.00010460313068475684,0.0,0.0,False,0.0,0.0,0.0020269393597587403
2017-02-01,0.001167355778427007,0.0009023103378671359,-0.0001306317476152674,0.0010329420854824033,0.0012979875260422744,0.26504544055987117,0.0002650454405598712,True,0.006924984724114236,6.924984724114236e-06,-0.00013755673233938165
2017-02-02,6.557328634722851e-05,6.557328634722851e-05,0.0006699119830737765,-0.000604338696726548,-0.000604338696726548,0.0,0.0,False,0.0,0.0,0.0006699119830737765
2017-02-03,0.005604967890431007,0.005604967890431007,0.004347393760188766,0.0012575741302422415,0.0012575741302422415,0.0,0.0,False,0.0,0.0,0.004347393760188766
2017-02-06,-0.0016371808780226767,-0.0016371808780226767,-0.0005135447923234611,-0.0011236360856992156,-0.0011236360856992156,0.0,0.0,False,0.0,0.0,-0.0005135447923234611
2017-02-07,-0.0009734767097643482,-0.0009734767097643482,0.0001165985894707915,-0.0010900752992351397,-0.0010900752992351397,0.0,0.0,False,0.0,0.0,0.0001165985894707915
2017-02-08,0.000905635674201012,0.000905635674201012,0.003189727169520475,-0.002284091495319463,-0.002284091495319463,0.0,0.0,False,0.0,0.0,0.003189727169520475
2017-02-09,0.004239190573845425,0.004239190573845425,0.0011789494463755467,0.003060241127469878,0.003060241127469878,0.0,0.0,False,0.0,0.0,0.0011789494463755467
2017-02-10,0.002809497967608923,0.002809497967608923,0.0026492892418516515,0.00016020872575727135,0.00016020872575727135,0.0,0.0,False,0.0,0.0,0.0026492892418516515
2017-02-13,0.0027933309448920536,0.0027933309448920536,0.0021666558529169224,0.0006266750919751312,0.0006266750919751312,0.0,0.0,False,0.0,0.0,0.0021666558529169224
2017-02-14,0.0018536445500220954,0.0018536445500220954,-0.00016707132945703134,0.002020715879479127,0.002020715879479127,0.0,0.0,False,0.0,0.0,-0.00016707132945703134
2017-02-15,0.0028237842233586243,0.0028237842233586243,0.002563350067445732,0.00026043415591289233,0.00026043415591289233,0.0,0.0,False,0.0,0.0,0.002563350067445732
2017-02-16,-0.0006433231525613072,-0.0006433231525613072,0.0010473037758942944,-0.0016906269284556017,-0.0016906269284556017,0.0,0.0,False,0.0,0.0,0.0010473037758942944
2017-02-17,0.001161631398296723,0.001161631398296723,0.0008239602418821331,0.00033767115641458994,0.00033767115641458994,0.0,0.0,False,0.0,0.0,0.0008239602418821331
2017-02-21,0.004577173062734649,0.004577173062734649,0.0036912464074132104,0.000885926655321439,0.000885926655321439,0.0,0.0,False,0.0,0.0,0.0036912464074132104
2017-02-22,-0.0007686072216520612,-0.0007686072216520612,0.00033104189642247956,-0.0010996491180745409,-0.0010996491180745409,0.0,0.0,False,0.0,0.0,0.00033104189642247956
2017-02-23,-5.3882958546176024e-05,-5.3882958546176024e-05,0.0012976167920804391,-0.001351499750626615,-0.001351499750626615,0.0,0.0,False,0.0,0.0,0.0012976167920804391
2017-02-24,0.0013108811825804827,0.0013108811825804827,0.000275759139268532,0.0010351220433119507,0.0010351220433119507,0.0,0.0,False,0.0,0.0,0.000275759139268532
2017-02-27,0.0022177232641731777,0.0022177232641731777,-0.0006033164138742394,0.002821039678047417,0.002821039678047417,0.0,0.0,False,0.0,0.0,-0.0006033164138742394
2017-02-28,-0.00362568382704773,-0.00362568382704773,-0.0026044079343377647,-0.0010212758927099653,-0.0010212758927099653,0.0,0.0,False,0.0,0.0,-0.0026044079343377647
2017-03-01,0.006661089658835445,0.006382073507298605,0.005114582660177602,0.0012674908471210031,0.0015465069986578426,0.27901615153683956,0.00027901615153683954,True,0.005524186235055694,5.524186235055694e-06,0.005109058473942546
2017-03-02,-0.004630935697624109,-0.004630935697624109,-0.006225830782218373,0.0015948950845942646,0.0015948950845942646,0.0,0.0,False,0.0,0.0,-0.006225830782218373
2017-03-03,0.002091615690714,0.002091615690714,0.002284175175151959,-0.00019255948443795906,-0.00019255948443795906,0.0,0.0,False,0.0,0.0,0.002284175175151959
2017-03-06,-0.002925647247179625,-0.002925647247179625,-0.0022012926927648603,-0.0007243545544147645,-0.0007243545544147645,0.0,0.0,False,0.0,0.0,-0.0022012926927648603
2017-03-07,-0.004610227238568316,-0.004610227238568316,-0.002815219995220967,-0.0017950072433473487,-0.0017950072433473487,0.0,0.0,False,0.0,0.0,-0.002815219995220967
2017-03-08,-0.0041892754395812725,-0.0041892754395812725,-0.0037773093424838225,-0.00041196609709745,-0.00041196609709745,0.0,0.0,False,0.0,0.0,-0.0037773093424838225
2017-03-09,-0.00030116076668063605,-0.00030116076668063605,-0.0017824999814969838,0.0014813392148163478,0.0014813392148163478,0.0,0.0,False,0.0,0.0,-0.0017824999814969838
2017-03-10,0.0034075989351211064,0.0034075989351211064,0.004641382880451055,-0.0012337839453299489,-0.0012337839453299489,0.0,0.0,False,0.0,0.0,0.004641382880451055
2017-03-13,0.0014138122283855548,0.0014138122283855548,0.0011724486703803714,0.00024136355800518337,0.00024136355800518337,0.0,0.0,False,0.0,0.0,0.0011724486703803714
2017-03-14,-0.003989517356865938,-0.003989517356865938,-0.002581332766343055,-0.0014081845905228835,-0.0014081845905228835,0.0,0.0,False,0.0,0.0,-0.002581332766343055
2017-03-15,0.012016025381064416,0.012016025381064416,0.01181275833802839,0.00020326704303602616,0.00020326704303602616,0.0,0.0,False,0.0,0.0,0.01181275833802839
2017-03-16,-0.00028921053955546696,-0.00028921053955546696,-0.00016495787144880838,-0.00012425266810665858,-0.00012425266810665858,0.0,0.0,False,0.0,0.0,-0.00016495787144880838
2017-03-17,0.0007450505206950984,0.0007450505206950984,0.0010539597187785182,-0.0003089091980834198,-0.0003089091980834198,0.0,0.0,False,0.0,0.0,0.0010539597187785182
2017-03-20,-0.0012109416820813511,-0.0012109416820813511,0.0013563453895628123,-0.0025672870716441634,-0.0025672870716441634,0.0,0.0,False,0.0,0.0,0.0013563453895628123
2017-03-21,-0.0064329487863222495,-0.0064329487863222495,-0.005655986032329727,-0.0007769627539925229,-0.0007769627539925229,0.0,0.0,False,0.0,0.0,-0.005655986032329727
2017-03-22,0.001787461513651716,0.001787461513651716,0.0021890261731188983,-0.00040156465946718234,-0.00040156465946718234,0.0,0.0,False,0.0,0.0,0.0021890261731188983
2017-03-23,0.0004162683570522572,0.0004162683570522572,-4.090517250451256e-05,0.00045717352955676975,0.00045717352955676975,0.0,0.0,False,0.0,0.0,-4.090517250451256e-05
2017-03-24,0.0019422562869820708,0.0019422562869820708,0.0009434879640364236,0.0009987683229456471,0.0009987683229456471,0.0,0.0,False,0.0,0.0,0.0009434879640364236
2017-03-27,0.00042359031082774153,0.00042359031082774153,0.0009246290921548641,-0.0005010387813271226,-0.0005010387813271226,0.0,0.0,False,0.0,0.0,0.0009246290921548641
2017-03-28,0.004686165443180837,0.004686165443180837,0.002236985574278187,0.0024491798689026496,0.0024491798689026496,0.0,0.0,False,0.0,0.0,0.002236985574278187
2017-03-29,0.0013711323189315567,0.0013711323189315567,0.0019552748762340848,-0.0005841425573025281,-0.0005841425573025281,0.0,0.0,False,0.0,0.0,0.0019552748762340848
2017-03-30,0.001007898521681867,0.001007898521681867,-0.0011229443473606306,0.0021308428690424977,0.0021308428690424977,0.0,0.0,False,0.0,0.0,-0.0011229443473606306
2017-03-31,-0.0009338141175011341,-0.0009338141175011341,-0.0008792005390185061,-5.4613578482628025e-05,-5.4613578482628025e-05,0.0,0.0,False,0.0,0.0,-0.0008792005390185061
2017-04-03,-0.001889095077440529,-0.002169217057092758,0.0014552024880432057,-0.0036244195451359635,-0.003344297565483735,0.28012197965222907,0.00028012197965222906,True,0.0064016257746900875,6.4016257746900866e-06,0.0014488008622685156
2017-04-04,-0.00020490925651896864,-0.00020490925651896864,-0.0008173112397407133,0.0006124019832217447,0.0006124019832217447,0.0,0.0,False,0.0,0.0,-0.0008173112397407133
2017-04-05,-0.002971911723097579,-0.002971911723097579,-0.0018249375294959766,-0.0011469741936016025,-0.0011469741936016025,0.0,0.0,False,0.0,0.0,-0.0018249375294959766
2017-04-06,0.003028763356154468,0.003028763356154468,0.0010751061673601003,0.001953657188794368,0.001953657188794368,0.0,0.0,False,0.0,0.0,0.0010751061673601003
2017-04-07,-0.0009262648806390161,-0.0009262648806390161,-0.001781920993068928,0.000855656112429912,0.000855656112429912,0.0,0.0,False,0.0,0.0,-0.001781920993068928
2017-04-10,0.0012952855772458782,0.0012952855772458782,0.000587143672088347,0.0007081419051575312,0.0007081419051575312,0.0,0.0,False,0.0,0.0,0.000587143672088347
2017-04-11,0.0008203826465055036,0.0008203826465055036,0.0026181036943718596,-0.001797721047866356,-0.001797721047866356,0.0,0.0,False,0.0,0.0,0.0026181036943718596
2017-04-12,-0.003022396452229211,-0.003022396452229211,-0.00022322313948859075,-0.00279917331274062,-0.00279917331274062,0.0,0.0,False,0.0,0.0,-0.00022322313948859075
2017-04-13,-0.004327601027499897,-0.004327601027499897,-0.0027863518689653947,-0.0015412491585345021,-0.0015412491585345021,0.0,0.0,False,0.0,0.0,-0.0027863518689653947
2017-04-17,0.005737568431744493,0.005737568431744493,0.004382418475173603,0.0013551499565708901,0.0013551499565708901,0.0,0.0,False,0.0,0.0,0.004382418475173603
2017-04-18,-0.0002873017356073913,-0.0002873017356073913,-0.00010505812734188551,-0.0001822436082655058,-0.0001822436082655058,0.0,0.0,False,0.0,0.0,-0.00010505812734188551
2017-04-19,-0.0008379332279590782,-0.0008379332279590782,-0.002852774338259706,0.002014841110300628,0.002014841110300628,0.0,0.0,False,0.0,0.0,-0.002852774338259706
2017-04-20,0.005855709647413089,0.005855709647413089,0.004575500084719266,0.001280209562693823,0.001280209562693823,0.0,0.0,False,0.0,0.0,0.004575500084719266
2017-04-21,-0.0017517272475307954,-0.0017517272475307954,-0.0008722916446494043,-0.0008794356028813911,-0.0008794356028813911,0.0,0.0,False,0.0,0.0,-0.0008722916446494043
2017-04-24,0.007357556933421024,0.007357556933421024,0.008205043622832354,-0.0008474866894113298,-0.0008474866894113298,0.0,0.0,False,0.0,0.0,0.008205043622832354
2017-04-25,0.003718578831998943,0.003718578831998943,0.0019396946848694303,0.0017788841471295127,0.0017788841471295127,0.0,0.0,False,0.0,0.0,0.0019396946848694303
2017-04-26,0.0006213560577871018,0.0006213560577871018,0.00042995914212056054,0.00019139691566654127,0.00019139691566654127,0.0,0.0,False,0.0,0.0,0.00042995914212056054
2017-04-27,0.0006128963878733247,0.0006128963878733247,0.0005070112742619658,0.00010588511361135893,0.00010588511361135893,0.0,0.0,False,0.0,0.0,0.0005070112742619658
2017-04-28,-0.0029113019184880957,-0.0029113019184880957,-0.0008537721639968406,-0.0020575297544912553,-0.0020575297544912553,0.0,0.0,False,0.0,0.0,-0.0008537721639968406
2017-05-01,0.0015461949867173978,0.00138199199187368,0.0009161169400235258,0.0004658750518501541,0.0006300780466938719,0.16420299484371786,0.00016420299484371786,True,0.001993399962087687,1.9933999620876873e-06,0.0009141235400614381
2017-05-02,0.001820253901373622,0.001820253901373622,0.0024654497455695867,-0.0006451958441959648,-0.0006451958441959648,0.0,0.0,False,0.0,0.0,0.0024654497455695867
2017-05-03,-0.001252325969377503,-0.001252325969377503,-0.002103871996227198,0.0008515460268496951,0.0008515460268496951,0.0,0.0,False,0.0,0.0,-0.002103871996227198
2017-05-04,-0.003524079140198362,-0.003524079140198362,-0.00039120112426764466,-0.003132878015930717,-0.003132878015930717,0.0,0.0,False,0.0,0.0,-0.00039120112426764466
2017-05-05,0.003350139237514627,0.003350139237514627,0.004150541116809921,-0.0008004018792952938,-0.0008004018792952938,0.0,0.0,False,0.0,0.0,0.004150541116809921
2017-05-08,5.222543172245643e-05,5.222543172245643e-05,-0.002447958892228276,0.0025001843239507325,0.0025001843239507325,0.0,0.0,False,0.0,0.0,-0.002447958892228276
2017-05-09,0.0014949242053110816,0.0014949242053110816,0.00039290182054194166,0.00110202238476914,0.00110202238476914,0.0,0.0,False,0.0,0.0,0.00039290182054194166
2017-05-10,0.0034029750949614783,0.0034029750949614783,0.00182449148080798,0.0015784836141534983,0.0015784836141534983,0.0,0.0,False,0.0,0.0,0.00182449148080798
2017-05-11,-0.00024827458685482205,-0.00024827458685482205,-0.0008872483626429592,0.0006389737757881371,0.0006389737757881371,0.0,0.0,False,0.0,0.0,-0.0008872483626429592
2017-05-12,0.0006744321618496195,0.0006744321618496195,0.0026394013625800966,-0.001964969200730477,-0.001964969200730477,0.0,0.0,False,0.0,0.0,0.0026394013625800966
2017-05-15,0.004372206003433188,0.004372206003433188,0.003569830124657482,0.000802375878775706,0.000802375878775706,0.0,0.0,False,0.0,0.0,0.003569830124657482
2017-05-16,0.0005488696436883145,0.0005488696436883145,0.0014752895191610868,-0.0009264198754727723,-0.0009264198754727723,0.0,0.0,False,0.0,0.0,0.0014752895191610868
2017-05-17,-0.009673906664230509,-0.009673906664230509,-0.006923025221272387,-0.0027508814429581217,-0.0027508814429581217,0.0,0.0,False,0.0,0.0,-0.006923025221272387
2017-05-18,-0.0009416743123860012,-0.0009416743123860012,-8.944354020534381e-05,-0.0008522307721806574,-0.0008522307721806574,0.0,0.0,False,0.0,0.0,-8.944354020534381e-05
2017-05-19,0.006409852969490591,0.006409852969490591,0.006230425021916081,0.00017942794757450954,0.00017942794757450954,0.0,0.0,False,0.0,0.0,0.006230425021916081
2017-05-22,0.002874553950644428,0.002874553950644428,0.0016345782906440468,0.001239975660000381,0.001239975660000381,0.0,0.0,False,0.0,0.0,0.0016345782906440468
2017-05-23,0.000457540881343205,0.000457540881343205,-0.000376064021447228,0.0008336049027904331,0.0008336049027904331,0.0,0.0,False,0.0,0.0,-0.000376064021447228
2017-05-24,0.002259238493464246,0.002259238493464246,0.0021418483555596924,0.00011739013790455343,0.00011739013790455343,0.0,0.0,False,0.0,0.0,0.0021418483555596924
2017-05-25,0.002238673535919543,0.002238673535919543,0.0021423683013188175,9.630523460072565e-05,9.630523460072565e-05,0.0,0.0,False,0.0,0.0,0.0021423683013188175
2017-05-26,0.0008182010925707374,0.0008182010925707374,0.0001786756210807092,0.0006395254714900282,0.0006395254714900282,0.0,0.0,False,0.0,0.0,0.0001786756210807092
2017-05-30,-0.0004897948748423754,-0.0004897948748423754,-0.00025135180111777094,-0.00023844307372460446,-0.00023844307372460446,0.0,0.0,False,0.0,0.0,-0.00025135180111777094
2017-05-31,-0.001221410942278004,-0.001221410942278004,-0.0003334802770902655,-0.0008879306651877384,-0.0008879306651877384,0.0,0.0,False,0.0,0.0,-0.0003334802770902655
2017-06-01,0.007775906024746429,0.007569110447918386,0.005109523544836913,0.002459586903081473,0.002666382479909516,0.20679557682804284,0.0002067955768280428,True,0.004233867374862407,4.233867374862407e-06,0.005105289677462051
2017-06-02,0.003144685692057221,0.003144685692057221,0.0056447152565791865,-0.0025000295645219656,-0.0025000295645219656,0.0,0.0,False,0.0,0.0,0.0056447152565791865
2017-06-05,-0.002131901437015748,-0.002131901437015748,-0.0025521491769674577,0.0004202477399517096,0.0004202477399517096,0.0,0.0,False,0.0,0.0,-0.0025521491769674577
2017-06-06,-0.0015895297748425392,-0.0015895297748425392,-5.311770022117427e-05,-0.0015364120746213649,-0.0015364120746213649,0.0,0.0,False,0.0,0.0,-5.311770022117427e-05
2017-06-07,1.4771348491563851e-05,1.4771348491563851e-05,-0.00026939966358039563,0.0002841710120719595,0.0002841710120719595,0.0,0.0,False,0.0,0.0,-0.00026939966358039563
2017-06-08,0.0031183496125136707,0.0031183496125136707,0.0004637584093249382,0.0026545912031887327,0.0026545912031887327,0.0,0.0,False,0.0,0.0,0.0004637584093249382
2017-06-09,0.0007357596880313638,0.0007357596880313638,-0.001933366950771534,0.0026691266388028977,0.0026691266388028977,0.0,0.0,False,0.0,0.0,-0.001933366950771534
2017-06-12,0.0001980725819389865,0.0001980725819389865,-0.0012559986144893595,0.001454071196428346,0.001454071196428346,0.0,0.0,False,0.0,0.0,-0.0012559986144893595
2017-06-13,0.0035053702752518377,0.0035053702752518377,0.0036128593900530957,-0.00010748911480125802,-0.00010748911480125802,0.0,0.0,False,0.0,0.0,0.0036128593900530957
2017-06-14,-0.0010073000894111773,-0.0010073000894111773,0.001995468127360511,-0.003002768216771688,-0.003002768216771688,0.0,0.0,False,0.0,0.0,0.001995468127360511
2017-06-15,-0.0032961358774614624,-0.0032961358774614624,-0.0042111372831312496,0.0009150014056697872,0.0009150014056697872,0.0,0.0,False,0.0,0.0,-0.0042111372831312496
2017-06-16,-0.0009543285403361797,-0.0009543285403361797,0.001706081076326884,-0.002660409616663064,-0.002660409616663064,0.0,0.0,False,0.0,0.0,0.001706081076326884
2017-06-19,0.005406107218979436,0.005406107218979436,0.0036616507740207613,0.001744456444958675,0.001744456444958675,0.0,0.0,False,0.0,0.0,0.0036616507740207613
2017-06-20,-0.005485926294099334,-0.005485926294099334,-0.0035803533983738015,-0.0019055728957255323,-0.0019055728957255323,0.0,0.0,False,0.0,0.0,-0.0035803533983738015
2017-06-21,-0.002564008842835892,-0.002564008842835892,-7.253017312307708e-06,-0.002556755825523584,-0.002556755825523584,0.0,0.0,False,0.0,0.0,-7.253017312307708e-06
2017-06-22,0.0016560424299954535,0.0016560424299954535,0.0009625925826716139,0.0006934498473238395,0.0006934498473238395,0.0,0.0,False,0.0,0.0,0.0009625925826716139
2017-06-23,0.003267407992780506,0.003267407992780506,0.0016999776235941842,0.001567430369186322,0.001567430369186322,0.0,0.0,False,0.0,0.0,0.0016999776235941842
2017-06-26,0.0011258350417521015,0.0011258350417521015,0.0021046607597721,-0.0009788257180199983,-0.0009788257180199983,0.0,0.0,False,0.0,0.0,0.0021046607597721
2017-06-27,-0.0061856250571273785,-0.0061856250571273785,-0.0062668488575208315,8.122380039345296e-05,8.122380039345296e-05,0.0,0.0,False,0.0,0.0,-0.0062668488575208315
2017-06-28,0.007841116612963947,0.007841116612963947,0.005348040521312696,0.002493076091651251,0.002493076091651251,0.0,0.0,False,0.0,0.0,0.005348040521312696
2017-06-29,-0.005465800132136919,-0.005465800132136919,-0.007319511601485012,0.0018537114693480926,0.0018537114693480926,0.0,0.0,False,0.0,0.0,-0.007319511601485012
2017-06-30,0.0010686216129860548,0.0010686216129860548,0.0003265768840828877,0.0007420447289031671,0.0007420447289031671,0.0,0.0,False,0.0,0.0,0.0003265768840828877
2017-07-03,-3.431218356773211e-05,-0.00024401057127760442,0.00010315752229058674,-0.0003471680935681912,-0.00013746970585831885,0.20969838770987234,0.00020969838770987231,True,0.002376515167595381,2.3765151675953813e-06,0.00010078100712299136
2017-07-05,0.0006898793940792276,0.0006898793940792276,0.0007324221250564027,-4.254273097717507e-05,-4.254273097717507e-05,0.0,0.0,False,0.0,0.0,0.0007324221250564027
2017-07-06,-0.005241944672241532,-0.005241944672241532,-0.006455263730148672,0.00121331905790714,0.00121331905790714,0.0,0.0,False,0.0,0.0,-0.006455263730148672
2017-07-07,0.0019011798630167616,0.0019011798630167616,0.0019028199804901418,-1.640117473380217e-06,-1.640117473380217e-06,0.0,0.0,False,0.0,0.0,0.0019028199804901418
2017-07-10,0.0014390647139364335,0.0014390647139364335,0.002007869540513169,-0.0005688048265767357,-0.0005688048265767357,0.0,0.0,False,0.0,0.0,0.002007869540513169
2017-07-11,1.2317370575807126e-05,1.2317370575807126e-05,0.0015015396872885252,-0.001489222316712718,-0.001489222316712718,0.0,0.0,False,0.0,0.0,0.0015015396872885252
2017-07-12,0.006964477766507585,0.006964477766507585,0.007382175770667706,-0.00041769800416012123,-0.00041769800416012123,0.0,0.0,False,0.0,0.0,0.007382175770667706
2017-07-13,0.0012970367039261991,0.0012970367039261991,0.0007097413597596519,0.0005872953441665472,0.0005872953441665472,0.0,0.0,False,0.0,0.0,0.0007097413597596519
2017-07-14,0.0042829382546369305,0.0042829382546369305,0.004518785117832408,-0.0002358468631954774,-0.0002358468631954774,0.0,0.0,False,0.0,0.0,0.004518785117832408
2017-07-17,-0.00024382967400424742,-0.00024382967400424742,-0.00018197769941486798,-6.185197458937944e-05,-6.185197458937944e-05,0.0,0.0,False,0.0,0.0,-0.00018197769941486798
2017-07-18,0.000935762174155083,0.000935762174155083,0.0022680066756997496,-0.0013322445015446667,-0.0013322445015446667,0.0,0.0,False,0.0,0.0,0.0022680066756997496
2017-07-19,0.0033623891543923864,0.0033623891543923864,0.003607216964763587,-0.0002448278103712007,-0.0002448278103712007,0.0,0.0,False,0.0,0.0,0.003607216964763587
2017-07-20,0.0012749881909988807,0.0012749881909988807,0.0009919854813982359,0.0002830027096006448,0.0002830027096006448,0.0,0.0,False,0.0,0.0,0.0009919854813982359
2017-07-21,-0.0011745060719492398,-0.0011745060719492398,-0.00025157746194649755,-0.0009229286100027423,-0.0009229286100027423,0.0,0.0,False,0.0,0.0,-0.00025157746194649755
2017-07-24,-0.0004781612638989217,-0.0004781612638989217,-0.0005943936048421387,0.00011623234094321704,0.00011623234094321704,0.0,0.0,False,0.0,0.0,-0.0005943936048421387
2017-07-25,0.0007320430262753502,0.0007320430262753502,-0.0015020412418186556,0.0022340842680940057,0.0022340842680940057,0.0,0.0,False,0.0,0.0,-0.0015020412418186556
2017-07-26,0.002104114004605228,0.002104114004605228,0.002712800083459149,-0.000608686078853921,-0.000608686078853921,0.0,0.0,False,0.0,0.0,0.002712800083459149
2017-07-27,-0.0012965956506960496,-0.0012965956506960496,-0.0024251394213711673,0.0011285437706751178,0.0011285437706751178,0.0,0.0,False,0.0,0.0,-0.0024251394213711673
2017-07-28,9.088530193560002e-05,9.088530193560002e-05,0.0006364283038130926,-0.0005455430018774926,-0.0005455430018774926,0.0,0.0,False,0.0,0.0,0.0006364283038130926
2017-07-31,0.0002340288438401632,0.0002340288438401632,0.00022129655031893146,1.2732293521231734e-05,1.2732293521231734e-05,0.0,0.0,False,0.0,0.0,0.00022129655031893146
2017-08-01,0.002520308399702399,0.0024719128255986157,0.00328195446844256,-0.0008100416428439444,-0.0007616460687401611,0.04839557410378338,4.839557410378338e-05,True,0.005981339232789311,5.981339232789311e-06,0.0032759731292097707
2017-08-02,0.00010055873019088665,0.00010055873019088665,-0.0006363377400672096,0.0007368964702580963,0.0007368964702580963,0.0,0.0,False,0.0,0.0,-0.0006363377400672096
2017-08-03,-0.0010573311804889336,-0.0010573311804889336,0.0002729945188749371,-0.0013303256993638707,-0.0013303256993638707,0.0,0.0,False,0.0,0.0,0.0002729945188749371
2017-08-04,0.00038693202312962944,0.00038693202312962944,-0.00020475355419131535,0.0005916855773209447,0.0005916855773209447,0.0,0.0,False,0.0,0.0,-0.00020475355419131535
2017-08-07,0.0005995700338328155,0.0005995700338328155,0.0015946185735757905,-0.000995048539742975,-0.000995048539742975,0.0,0.0,False,0.0,0.0,0.0015946185735757905
2017-08-08,-0.0038901024224557643,-0.0038901024224557643,-0.0027398224632423423,-0.001150279959213422,-0.001150279959213422,0.0,0.0,False,0.0,0.0,-0.0027398224632423423
2017-08-09,-0.0014841169449333219,-0.0014841169449333219,-0.0009305077158181666,-0.0005536092291151553,-0.0005536092291151553,0.0,0.0,False,0.0,0.0,-0.0009305077158181666
2017-08-10,-0.009507758054750506,-0.009507758054750506,-0.008498960015977525,-0.0010087980387729813,-0.0010087980387729813,0.0,0.0,False,0.0,0.0,-0.008498960015977525
2017-08-11,0.001084833691393435,0.001084833691393435,0.0009978023717196667,8.703131967376836e-05,8.703131967376836e-05,0.0,0.0,False,0.0,0.0,0.0009978023717196667
2017-08-14,0.006377266124254237,0.006377266124254237,0.004938457986745897,0.0014388081375083395,0.0014388081375083395,0.0,0.0,False,0.0,0.0,0.004938457986745897
2017-08-15,-0.00020692699930243466,-0.00020692699930243466,-0.0014278321506501059,0.0012209051513476712,0.0012209051513476712,0.0,0.0,False,0.0,0.0,-0.0014278321506501059
2017-08-16,0.001962088306805205,0.001962088306805205,0.0034104706229447267,-0.001448382316139522,-0.001448382316139522,0.0,0.0,False,0.0,0.0,0.0034104706229447267
2017-08-17,-0.009080152268044393,-0.009080152268044393,-0.007285553427831435,-0.001794598840212958,-0.001794598840212958,0.0,0.0,False,0.0,0.0,-0.007285553427831435
2017-08-18,0.00031607643309378565,0.00031607643309378565,0.0007137616580066349,-0.00039768522491284925,-0.00039768522491284925,0.0,0.0,False,0.0,0.0,0.0007137616580066349
2017-08-21,0.0007841200510387836,0.0007841200510387836,0.0009940080594879014,-0.0002098880084491178,-0.0002098880084491178,0.0,0.0,False,0.0,0.0,0.0009940080594879014
2017-08-22,0.0057152168391468305,0.0057152168391468305,0.004725334581741999,0.000989882257404832,0.000989882257404832,0.0,0.0,False,0.0,0.0,0.004725334581741999
2017-08-23,-0.0006552501182966408,-0.0006552501182966408,0.000967420385212506,-0.0016226705035091468,-0.0016226705035091468,0.0,0.0,False,0.0,0.0,0.000967420385212506
2017-08-24,-0.0009255574856788701,-0.0009255574856788701,-0.0013552205077409082,0.0004296630220620381,0.0004296630220620381,0.0,0.0,False,0.0,0.0,-0.0013552205077409082
2017-08-25,0.0027412650030668026,0.0027412650030668026,0.003208001035342511,-0.0004667360322757083,-0.0004667360322757083,0.0,0.0,False,0.0,0.0,0.003208001035342511
2017-08-28,5.386888328392353e-05,5.386888328392353e-05,6.970770200067782e-06,4.6898113083855746e-05,4.6898113083855746e-05,0.0,0.0,False,0.0,0.0,6.970770200067782e-06
2017-08-29,-0.0005813127596464823,-0.0005813127596464823,0.00030884122091451045,-0.0008901539805609927,-0.0008901539805609927,0.0,0.0,False,0.0,0.0,0.00030884122091451045
2017-08-30,0.002507059267884603,0.002507059267884603,0.00161485942598289,0.0008921998419017128,0.0008921998419017128,0.0,0.0,False,0.0,0.0,0.00161485942598289
2017-08-31,0.004520813993095827,0.004520813993095827,0.00429886502919441,0.00022194896390141747,0.00022194896390141747,0.0,0.0,False,0.0,0.0,0.00429886502919441
2017-09-01,0.0012523768828415869,0.0010614516274134462,8.049035159017907e-05,0.0009809612758232673,0.001171886531251408,0.1909252554281406,0.0001909252554281406,True,0.004079558848254141,4.079558848254141e-06,7.641079274192493e-05
2017-09-05,-0.00529872396909541,-0.00529872396909541,-0.0018634392720057046,-0.0034352846970897052,-0.0034352846970897052,0.0,0.0,False,0.0,0.0,-0.0018634392720057046
2017-09-06,0.0029370468418703165,0.0029370468418703165,0.0013683990134836918,0.0015686478283866248,0.0015686478283866248,0.0,0.0,False,0.0,0.0,0.0013683990134836918
2017-09-07,0.0028841648300115728,0.0028841648300115728,0.0037731360621121902,-0.0008889712321006175,-0.0008889712321006175,0.0,0.0,False,0.0,0.0,0.0037731360621121902
2017-09-08,-0.0014076625065189085,-0.0014076625065189085,-0.0016562784703849556,0.0002486159638660471,0.0002486159638660471,0.0,0.0,False,0.0,0.0,-0.0016562784703849556
2017-09-11,0.007069350965806269,0.007069350965806269,0.004022570037624463,0.0030467809281818055,0.0030467809281818055,0.0,0.0,False,0.0,0.0,0.004022570037624463
2017-09-12,0.00253426175613054,0.00253426175613054,0.0007767223068402128,0.0017575394492903272,0.0017575394492903272,0.0,0.0,False,0.0,0.0,0.0007767223068402128
2017-09-13,-0.0016547334240469601,-0.0016547334240469601,-0.0018087347879017775,0.00015400136385481733,0.00015400136385481733,0.0,0.0,False,0.0,0.0,-0.0018087347879017775
2017-09-14,0.000998541556248849,0.000998541556248849,0.001000190099884619,-1.6485436357700084e-06,-1.6485436357700084e-06,0.0,0.0,False,0.0,0.0,0.001000190099884619
2017-09-15,0.001029744500065191,0.001029744500065191,0.0017265194790368529,-0.0006967749789716618,-0.0006967749789716618,0.0,0.0,False,0.0,0.0,0.0017265194790368529
2017-09-18,0.0009480784957751016,0.0009480784957751016,0.0003375477477846597,0.0006105307479904419,0.0006105307479904419,0.0,0.0,False,0.0,0.0,0.0003375477477846597
2017-09-19,0.002309463005169782,0.002309463005169782,0.0009806667296194552,0.0013287962755503268,0.0013287962755503268,0.0,0.0,False,0.0,0.0,0.0009806667296194552
2017-09-20,-0.0007052240534291353,-0.0007052240534291353,-0.00106028983325105,0.00035506577982191473,0.00035506577982191473,0.0,0.0,False,0.0,0.0,-0.00106028983325105
2017-09-21,-0.0019595062792116544,-0.0019595062792116544,-0.0014588430357623653,-0.0005006632434492891,-0.0005006632434492891,0.0,0.0,False,0.0,0.0,-0.0014588430357623653
2017-09-22,0.0015000048163534925,0.0015000048163534925,0.0008549755626757868,0.0006450292536777057,0.0006450292536777057,0.0,0.0,False,0.0,0.0,0.0008549755626757868
2017-09-25,-0.002432678347803839,-0.002432678347803839,-0.001671955471382747,-0.0007607228764210919,-0.0007607228764210919,0.0,0.0,False,0.0,0.0,-0.001671955471382747
2017-09-26,-0.0001641756829415603,-0.0001641756829415603,-0.0005350305414728591,0.0003708548585312988,0.0003708548585312988,0.0,0.0,False,0.0,0.0,-0.0005350305414728591
2017-09-27,0.001586301778469675,0.001586301778469675,-0.0003928750246720217,0.001979176803141697,0.001979176803141697,0.0,0.0,False,0.0,0.0,-0.0003928750246720217
2017-09-28,0.0012923241697621185,0.0012923241697621185,0.0008787752655172259,0.00041354890424489263,0.00041354890424489263,0.0,0.0,False,0.0,0.0,0.0008787752655172259
2017-09-29,0.0036342279910374403,0.0036342279910374403,0.003219978645443812,0.00041424934559362815,0.00041424934559362815,0.0,0.0,False,0.0,0.0,0.003219978645443812
2017-10-02,0.0008165523897917995,0.0008129691648565249,0.001627789458993517,-0.0008148202941369921,-0.0008112370692017174,0.003583224935274672,3.583224935274672e-06,True,0.008379503344722903,8.379503344722902e-06,0.001619409955648794
2017-10-03,0.002452125557807539,0.002452125557807539,0.0035038680705436528,-0.0010517425127361136,-0.0010517425127361136,0.0,0.0,False,0.0,0.0,0.0035038680705436528
2017-10-04,-0.0006606236409248879,-0.0006606236409248879,-0.00024872167389612806,-0.0004119019670287598,-0.0004119019670287598,0.0,0.0,False,0.0,0.0,-0.00024872167389612806
2017-10-05,0.002017202856328213,0.002017202856328213,0.0019845580844869604,3.2644771841252446e-05,3.2644771841252446e-05,0.0,0.0,False,0.0,0.0,0.0019845580844869604
2017-10-06,-0.001111654727335828,-0.001111654727335828,-0.001538560331750456,0.00042690560441462793,0.00042690560441462793,0.0,0.0,False,0.0,0.0,-0.001538560331750456
2017-10-09,-0.0003583030140492632,-0.0003583030140492632,-0.0002262381647918356,-0.00013206484925742758,-0.00013206484925742758,0.0,0.0,False,0.0,0.0,-0.0002262381647918356
2017-10-10,0.0043857578042741634,0.0043857578042741634,0.0036095237822904207,0.0007762340219837427,0.0007762340219837427,0.0,0.0,False,0.0,0.0,0.0036095237822904207
2017-10-11,0.0009824732182407633,0.0009824732182407633,0.0015158129116614523,-0.000533339693420689,-0.000533339693420689,0.0,0.0,False,0.0,0.0,0.0015158129116614523
2017-10-12,-0.0011464716223467276,-0.0011464716223467276,-0.00022648995785522875,-0.0009199816644914988,-0.0009199816644914988,0.0,0.0,False,0.0,0.0,-0.00022648995785522875
2017-10-13,0.002351182965236183,0.002351182965236183,0.0036026904851842482,-0.0012515075199480653,-0.0012515075199480653,0.0,0.0,False,0.0,0.0,0.0036026904851842482
2017-10-16,0.00034500630936978296,0.00034500630936978296,-0.0003945078925409229,0.0007395142019107059,0.0007395142019107059,0.0,0.0,False,0.0,0.0,-0.0003945078925409229
2017-10-17,-0.00018829837906355576,-0.00018829837906355576,-0.000884074417019941,0.0006957760379563853,0.0006957760379563853,0.0,0.0,False,0.0,0.0,-0.000884074417019941
2017-10-18,0.0016604836164210524,0.0016604836164210524,0.0001554164328782954,0.001505067183542757,0.001505067183542757,0.0,0.0,False,0.0,0.0,0.0001554164328782954
2017-10-19,-0.0004339631884511051,-0.0004339631884511051,-0.0006237311590387427,0.00018976797058763758,0.00018976797058763758,0.0,0.0,False,0.0,0.0,-0.0006237311590387427
2017-10-20,0.0014168793052725366,0.0014168793052725366,0.000217841411681131,0.0011990378935914058,0.0011990378935914058,0.0,0.0,False,0.0,0.0,0.000217841411681131
2017-10-23,-0.002327043212981645,-0.002327043212981645,-0.0022733572995950048,-5.3685913386640124e-05,-5.3685913386640124e-05,0.0,0.0,False,0.0,0.0,-0.0022733572995950048
2017-10-24,0.0010884319759833503,0.0010884319759833503,-0.00039637191033783454,0.0014848038863211849,0.0014848038863211849,0.0,0.0,False,0.0,0.0,-0.00039637191033783454
2017-10-25,-0.003842947732449163,-0.003842947732449163,-0.003494630406292051,-0.00034831732615711207,-0.00034831732615711207,0.0,0.0,False,0.0,0.0,-0.003494630406292051
2017-10-26,-9.206067099760501e-05,-9.206067099760501e-05,-0.0006516480175061943,0.0005595873465085892,0.0005595873465085892,0.0,0.0,False,0.0,0.0,-0.0006516480175061943
2017-10-27,0.0042328003488680144,0.0042328003488680144,0.006046034999107138,-0.0018132346502391233,-0.0018132346502391233,0.0,0.0,False,0.0,0.0,0.006046034999107138
2017-10-30,-0.0004032334994445594,-0.0004032334994445594,-0.00028812215375362943,-0.00011511134569092997,-0.00011511134569092997,0.0,0.0,False,0.0,0.0,-0.00028812215375362943
2017-10-31,0.0020165522006831624,0.0020165522006831624,0.0020773501445516727,-6.079794386851028e-05,-6.079794386851028e-05,0.0,0.0,False,0.0,0.0,0.0020773501445516727
2017-11-01,-0.0006334077579302149,-0.0009140265742985439,0.0013150189126938717,-0.002229045486992416,-0.0019484266706240867,0.28061881636832897,0.00028061881636832895,True,0.005576813618528267,5.576813618528267e-06,0.0013094420990753435
2017-11-02,0.0012455769736013434,0.0012455769736013434,0.0013050788765513787,-5.950190295003527e-05,-5.950190295003527e-05,0.0,0.0,False,0.0,0.0,0.0013050788765513787
2017-11-03,-0.00036281748722712955,-0.00036281748722712955,0.0008435982739016988,-0.0012064157611288283,-0.0012064157611288283,0.0,0.0,False,0.0,0.0,0.0008435982739016988
2017-11-06,0.000768989089760646,0.000768989089760646,0.0023262230621327678,-0.0015572339723721217,-0.0015572339723721217,0.0,0.0,False,0.0,0.0,0.0023262230621327678
2017-11-07,-0.004054089819417672,-0.004054089819417672,-0.0018391824171052216,-0.00221490740231245,-0.00221490740231245,0.0,0.0,False,0.0,0.0,-0.0018391824171052216
2017-11-08,-0.0003566463207714092,-0.0003566463207714092,0.0009904969148063344,-0.0013471432355777436,-0.0013471432355777436,0.0,0.0,False,0.0,0.0,0.0009904969148063344
2017-11-09,-0.004667072442022889,-0.004667072442022889,-0.003360157679811106,-0.001306914762211783,-0.001306914762211783,0.0,0.0,False,0.0,0.0,-0.003360157679811106
2017-11-10,-0.0011166530952480187,-0.0011166530952480187,-0.003606376962818541,0.0024897238675705225,0.0024897238675705225,0.0,0.0,False,0.0,0.0,-0.003606376962818541
2017-11-13,-0.0016289076882985791,-0.0016289076882985791,-0.000513483437139706,-0.001115424251158873,-0.001115424251158873,0.0,0.0,False,0.0,0.0,-0.000513483437139706
2017-11-14,-0.002130130364647452,-0.002130130364647452,-0.0009554306978026186,-0.0011746996668448334,-0.0011746996668448334,0.0,0.0,False,0.0,0.0,-0.0009554306978026186
2017-11-15,-0.0017387158270955748,-0.0017387158270955748,-0.0010347718929540279,-0.0007039439341415469,-0.0007039439341415469,0.0,0.0,False,0.0,0.0,-0.0010347718929540279
2017-11-16,0.008255026619793165,0.008255026619793165,0.0053961679391466115,0.0028588586806465536,0.0028588586806465536,0.0,0.0,False,0.0,0.0,0.0053961679391466115
2017-11-17,-0.0007751190536760162,-0.0007751190536760162,0.00012425995887106799,-0.0008993790125470842,-0.0008993790125470842,0.0,0.0,False,0.0,0.0,0.00012425995887106799
2017-11-20,0.0018739694499124169,0.0018739694499124169,0.0013745461679387644,0.0004994232819736525,0.0004994232819736525,0.0,0.0,False,0.0,0.0,0.0013745461679387644
2017-11-21,0.005401802516722029,0.005401802516722029,0.005657843027209291,-0.0002560405104872626,-0.0002560405104872626,0.0,0.0,False,0.0,0.0,0.005657843027209291
2017-11-22,0.0018520756879598478,0.0018520756879598478,0.0017099152176841283,0.00014216047027571952,0.00014216047027571952,0.0,0.0,False,0.0,0.0,0.0017099152176841283
2017-11-24,0.003045653215590692,0.003045653215590692,0.0012352726231053641,0.001810380592485328,0.001810380592485328,0.0,0.0,False,0.0,0.0,0.0012352726231053641
2017-11-27,-0.003679085543873873,-0.003679085543873873,-0.002720490316035072,-0.0009585952278388008,-0.0009585952278388008,0.0,0.0,False,0.0,0.0,-0.002720490316035072
2017-11-28,0.005681346141814524,0.005681346141814524,0.005761713328424921,-8.036718661039687e-05,-8.036718661039687e-05,0.0,0.0,False,0.0,0.0,0.005761713328424921
2017-11-29,-0.0019364365106017624,-0.0019364365106017624,-0.003925330403366279,0.0019888938927645167,0.0019888938927645167,0.0,0.0,False,0.0,0.0,-0.003925330403366279
2017-11-30,0.0007329899903241076,0.0007329899903241076,0.0008518644204651938,-0.0001188744301410862,-0.0001188744301410862,0.0,0.0,False,0.0,0.0,0.0008518644204651938
2017-12-01,-0.0014094088185090871,-0.0015493824199970566,-0.00011340278954784515,-0.0014359796304492115,-0.001296006028961242,0.1399736014879696,0.0001399736014879696,True,0.006746972295844162,6.7469722958441614e-06,-0.00012014976184368931
2017-12-04,-0.0013420409696860095,-0.0013420409696860095,-0.0007212629333803696,-0.0006207780363056399,-0.0006207780363056399,0.0,0.0,False,0.0,0.0,-0.0007212629333803696
2017-12-05,-0.0012585550426196983,-0.0012585550426196983,-0.001266692179098714,8.137136479015664e-06,8.137136479015664e-06,0.0,0.0,False,0.0,0.0,-0.001266692179098714
2017-12-06,-0.0007245524511398618,-0.0007245524511398618,-0.0009410239582561525,0.00021647150711629067,0.00021647150711629067,0.0,0.0,False,0.0,0.0,-0.0009410239582561525
2017-12-07,0.0012869148574394336,0.0012869148574394336,0.0008915890567341824,0.0003953258007052512,0.0003953258007052512,0.0,0.0,False,0.0,0.0,0.0008915890567341824
2017-12-08,0.002912345990432706,0.002912345990432706,0.0032893279980823224,-0.0003769820076496163,-0.0003769820076496163,0.0,0.0,False,0.0,0.0,0.0032893279980823224
2017-12-11,0.0015674502019417632,0.0015674502019417632,0.0016436227843809126,-7.617258243914943e-05,-7.617258243914943e-05,0.0,0.0,False,0.0,0.0,0.0016436227843809126
2017-12-12,0.00046736142799203375,0.00046736142799203375,-0.00040238602855831583,0.0008697474565503495,0.0008697474565503495,0.0,0.0,False,0.0,0.0,-0.00040238602855831583
2017-12-13,0.002015733315169547,0.002015733315169547,0.0037397511490262878,-0.0017240178338567406,-0.0017240178338567406,0.0,0.0,False,0.0,0.0,0.0037397511490262878
2017-12-14,-0.0030592109268408416,-0.0030592109268408416,-0.0029201030889955248,-0.00013910783784531686,-0.00013910783784531686,0.0,0.0,False,0.0,0.0,-0.0029201030889955248
2017-12-15,0.0014730206018323388,0.0014730206018323388,0.003729126591400876,-0.002256105989568537,-0.002256105989568537,0.0,0.0,False,0.0,0.0,0.003729126591400876
2017-12-18,0.00510092746694592,0.00510092746694592,0.004096641853973284,0.001004285612972636,0.001004285612972636,0.0,0.0,False,0.0,0.0,0.004096641853973284
2017-12-19,-0.003340079408519663,-0.003340079408519663,-0.004948136291079686,0.001608056882560023,0.001608056882560023,0.0,0.0,False,0.0,0.0,-0.004948136291079686
2017-12-20,-0.0007796840914430748,-0.0007796840914430748,-0.0017215267424579364,0.0009418426510148616,0.0009418426510148616,0.0,0.0,False,0.0,0.0,-0.0017215267424579364
2017-12-21,0.0023320468575865607,0.0023320468575865607,0.002868096808311289,-0.0005360499507247284,-0.0005360499507247284,0.0,0.0,False,0.0,0.0,0.002868096808311289
2017-12-22,0.001285571844140352,0.001285571844140352,0.0013238021660310247,-3.8230321890672745e-05,-3.8230321890672745e-05,0.0,0.0,False,0.0,0.0,0.0013238021660310247
2017-12-26,0.00041119724068954173,0.00041119724068954173,-4.1622747824587956e-05,0.0004528199885141297,0.0004528199885141297,0.0,0.0,False,0.0,0.0,-4.1622747824587956e-05
2017-12-27,0.0016653897516776912,0.0016653897516776912,0.002964332099214875,-0.001298942347537184,-0.001298942347537184,0.0,0.0,False,0.0,0.0,0.002964332099214875
2017-12-28,0.0002789182414628028,0.0002789182414628028,0.0012082928120689426,-0.0009293745706061398,-0.0009293745706061398,0.0,0.0,False,0.0,0.0,0.0012082928120689426
2017-12-29,0.00034566764761785997,0.00034566764761785997,-0.00036414903759507443,0.0007098166852129344,0.0007098166852129344,0.0,0.0,False,0.0,0.0,-0.00036414903759507443
