date,gross,net,benchmark,active,gross_active,turnover,cost,rebalance,benchmark_turnover,benchmark_cost,benchmark_net
2011-01-03,0.006127140582960038,0.00584714058295221,0.005758296757441179,8.884382551103097e-05,0.00036884382551885964,0.2800000000078287,0.0002800000000078287,True,0.0,0.0,0.005758296757441179
2011-01-04,-0.0019375428669209636,-0.0019375428669209636,-0.00020089233104540923,-0.0017366505358755544,-0.0017366505358755544,0.0,0.0,False,0.0,0.0,-0.00020089233104540923
2011-01-05,-0.0010041064851530209,-0.0010041064851530209,-0.0030702972421233383,0.0020661907569703175,0.0020661907569703175,0.0,0.0,False,0.0,0.0,-0.0030702972421233383
2011-01-06,0.0002506451213788853,0.0002506451213788853,-0.0021675064486189983,0.0024181515699978834,0.0024181515699978834,0.0,0.0,False,0.0,0.0,-0.0021675064486189983
2011-01-07,0.0011299915270467909,0.0011299915270467909,-5.727830696466334e-05,0.0011872698340114542,0.0011872698340114542,0.0,0.0,False,0.0,0.0,-5.727830696466334e-05
2011-01-10,0.0019192835802072112,0.0019192835802072112,-0.00016957081203450346,0.0020888543922417146,0.0020888543922417146,0.0,0.0,False,0.0,0.0,-0.00016957081203450346
2011-01-11,0.0006464602469376299,0.0006464602469376299,0.002198163937179108,-0.0015517036902414783,-0.0015517036902414783,0.0,0.0,False,0.0,0.0,0.002198163937179108
2011-01-12,0.0036920797940835945,0.0036920797940835945,0.007372694293567227,-0.0036806144994836324,-0.0036806144994836324,0.0,0.0,False,0.0,0.0,0.007372694293567227
2011-01-13,0.0021596479899243085,0.0021596479899243085,0.0014255008444584221,0.0007341471454658864,0.0007341471454658864,0.0,0.0,False,0.0,0.0,0.0014255008444584221
2011-01-14,0.002046150197569673,0.002046150197569673,0.0022118698363226075,-0.0001657196387529346,-0.0001657196387529346,0.0,0.0,False,0.0,0.0,0.0022118698363226075
2011-01-18,-0.0002711436831901569,-0.0002711436831901569,0.000611217060078578,-0.000882360743268735,-0.000882360743268735,0.0,0.0,False,0.0,0.0,0.000611217060078578
2011-01-19,-0.007344064090841896,-0.007344064090841896,-0.0053593850235490875,-0.001984679067292808,-0.001984679067292808,0.0,0.0,False,0.0,0.0,-0.0053593850235490875
2011-01-20,-0.00586745603545184,-0.00586745603545184,-0.00616354755412692,0.0002960915186750795,0.0002960915186750795,0.0,0.0,False,0.0,0.0,-0.00616354755412692
2011-01-21,0.0005672199526544025,0.0005672199526544025,0.0014169000727246727,-0.0008496801200702701,-0.0008496801200702701,0.0,0.0,False,0.0,0.0,0.0014169000727246727
2011-01-24,0.003375180457239732,0.003375180457239732,0.004579098788427395,-0.0012039183311876628,-0.0012039183311876628,0.0,0.0,False,0.0,0.0,0.004579098788427395
2011-01-25,0.002776315155684196,0.002776315155684196,0.001545140120536434,0.001231175035147762,0.001231175035147762,0.0,0.0,False,0.0,0.0,0.001545140120536434
2011-01-26,0.0014547872544957358,0.0014547872544957358,0.0010121975605132346,0.0004425896939825012,0.0004425896939825012,0.0,0.0,False,0.0,0.0,0.0010121975605132346
2011-01-27,0.0027456001084888346,0.0027456001084888346,0.0021251190151424936,0.0006204810933463411,0.0006204810933463411,0.0,0.0,False,0.0,0.0,0.0021251190151424936
2011-01-28,-0.008885540744173186,-0.008885540744173186,-0.011696506406382366,0.00281096566220918,0.00281096566220918,0.0,0.0,False,0.0,0.0,-0.011696506406382366
2011-01-31,0.0020402904104886814,0.0020402904104886814,0.003377293916578691,-0.0013370035060900095,-0.0013370035060900095,0.0,0.0,False,0.0,0.0,0.003377293916578691
2011-02-01,0.012088618168691188,0.011808822920642701,0.010562427146867864,0.0012463957737748367,0.001526191021823324,0.27979524804848793,0.00027979524804848795,True,0.00803601025340903,8.036010253409028e-06,0.010554391136614456
2011-02-02,-0.002339661174582296,-0.002339661174582296,-0.002390682854599901,5.102168001760521e-05,5.102168001760521e-05,0.0,0.0,False,0.0,0.0,-0.002390682854599901
2011-02-03,0.0021464603546838923,0.0021464603546838923,-0.0011473888466842796,0.003293849201368172,0.003293849201368172,0.0,0.0,False,0.0,0.0,-0.0011473888466842796
2011-02-04,0.0006003807739463419,0.0006003807739463419,-0.0012876129650682367,0.0018879937390145786,0.0018879937390145786,0.0,0.0,False,0.0,0.0,-0.0012876129650682367
2011-02-07,0.005048786946354454,0.005048786946354454,0.003343671822138998,0.0017051151242154566,0.0017051151242154566,0.0,0.0,False,0.0,0.0,0.003343671822138998
2011-02-08,0.0035653126217936038,0.0035653126217936038,0.0004742017560123206,0.0030911108657812832,0.0030911108657812832,0.0,0.0,False,0.0,0.0,0.0004742017560123206
2011-02-09,-0.0017224565621047749,-0.0017224565621047749,-0.0012156840271915252,-0.0005067725349132497,-0.0005067725349132497,0.0,0.0,False,0.0,0.0,-0.0012156840271915252
2011-02-10,0.00010580346105186998,0.00010580346105186998,-0.0035402823413720206,0.0036460858024238907,0.0036460858024238907,0.0,0.0,False,0.0,0.0,-0.0035402823413720206
2011-02-11,0.006077786072878218,0.006077786072878218,0.006069183010295021,8.603062583197561e-06,8.603062583197561e-06,0.0,0.0,False,0.0,0.0,0.006069183010295021
2011-02-14,0.002713904545461448,0.002713904545461448,0.0009994484342230165,0.0017144561112384317,0.0017144561112384317,0.0,0.0,False,0.0,0.0,0.0009994484342230165
2011-02-15,-0.001602689290136081,-0.001602689290136081,-0.0005298812711746168,-0.001072808018961464,-0.001072808018961464,0.0,0.0,False,0.0,0.0,-0.0005298812711746168
2011-02-16,0.004233186186676025,0.004233186186676025,0.004385997253691326,-0.00015281106701530052,-0.00015281106701530052,0.0,0.0,False,0.0,0.0,0.004385997253691326
2011-02-17,0.00431660127478103,0.00431660127478103,0.003214436309302626,0.0011021649654784044,0.0011021649654784044,0.0,0.0,False,0.0,0.0,0.003214436309302626
2011-02-18,0.0018047814113300274,0.0018047814113300274,0.0018420629759062152,-3.7281564576187786e-05,-3.7281564576187786e-05,0.0,0.0,False,0.0,0.0,0.0018420629759062152
2011-02-22,-0.01333325298385454,-0.01333325298385454,-0.012057036031715065,-0.001276216952139475,-0.001276216952139475,0.0,0.0,False,0.0,0.0,-0.012057036031715065
2011-02-23,-0.006115321363571884,-0.006115321363571884,-0.0029621380594878036,-0.0031531833040840808,-0.0031531833040840808,0.0,0.0,False,0.0,0.0,-0.0029621380594878036
2011-02-24,0.0013084958342831636,0.0013084958342831636,0.0014735189767978761,-0.00016502314251471252,-0.00016502314251471252,0.0,0.0,False,0.0,0.0,0.0014735189767978761
2011-02-25,0.011755749027283212,0.011755749027283212,0.009035327021988906,0.002720422005294305,0.002720422005294305,0.0,0.0,False,0.0,0.0,0.009035327021988906
2011-02-28,0.0033390121351229763,0.0033390121351229763,0.004260715637368405,-0.0009217035022454283,-0.0009217035022454283,0.0,0.0,False,0.0,0.0,0.004260715637368405
2011-03-01,-0.009431655514622364,-0.00971072997583209,-0.008751366247647918,-0.0009593637281841722,-0.0006802892669744466,0.2790744612097255,0.0002790744612097255,True,0.008100208428085846,8.100208428085845e-06,-0.008759466456076004
2011-03-02,0.001122289685437003,0.001122289685437003,0.00035188846518890125,0.0007704012202481018,0.0007704012202481018,0.0,0.0,False,0.0,0.0,0.00035188846518890125
2011-03-03,0.010238902035044066,0.010238902035044066,0.007693005119420092,0.002545896915623974,0.002545896915623974,0.0,0.0,False,0.0,0.0,0.007693005119420092
2011-03-04,-0.003340138932046849,-0.003340138932046849,-0.0013389854575861534,-0.0020011534744606954,-0.0020011534744606954,0.0,0.0,False,0.0,0.0,-0.0013389854575861534
2011-03-07,-0.005728694041396688,-0.005728694041396688,-0.007239174222174585,0.0015104801807778977,0.0015104801807778977,0.0,0.0,False,0.0,0.0,-0.007239174222174585
2011-03-08,0.005186934751147596,0.005186934751147596,0.0042865026037027035,0.0009004321474448927,0.0009004321474448927,0.0,0.0,False,0.0,0.0,0.0042865026037027035
2011-03-09,-0.0012829888699747959,-0.0012829888699747959,0.0020307102941144856,-0.0033136991640892815,-0.0033136991640892815,0.0,0.0,False,0.0,0.0,0.0020307102941144856
2011-03-10,-0.011960823987401153,-0.011960823987401153,-0.01042201664404365,-0.0015388073433575036,-0.0015388073433575036,0.0,0.0,False,0.0,0.0,-0.01042201664404365
2011-03-11,0.0026942656469105602,0.0026942656469105602,0.0023207171279878472,0.000373548518922713,0.000373548518922713,0.0,0.0,False,0.0,0.0,0.0023207171279878472
2011-03-14,-0.003971388457486595,-0.003971388457486595,-0.0034792684957921385,-0.0004921199616944563,-0.0004921199616944563,0.0,0.0,False,0.0,0.0,-0.0034792684957921385
2011-03-15,-0.0073047322757279435,-0.0073047322757279435,-0.007087014873216858,-0.0002177174025110853,-0.0002177174025110853,0.0,0.0,False,0.0,0.0,-0.007087014873216858
2011-03-16,-0.009321487168051677,-0.009321487168051677,-0.009202188423994447,-0.00011929874405722934,-0.00011929874405722934,0.0,0.0,False,0.0,0.0,-0.009202188423994447
2011-03-17,0.008581321634507578,0.008581321634507578,0.008708020795910416,-0.00012669916140283823,-0.00012669916140283823,0.0,0.0,False,0.0,0.0,0.008708020795910416
2011-03-18,0.004983613802105409,0.004983613802105409,0.003971012680260399,0.00101260112184501,0.00101260112184501,0.0,0.0,False,0.0,0.0,0.003971012680260399
2011-03-21,0.010666889537556762,0.010666889537556762,0.00932073297677883,0.0013461565607779322,0.0013461565607779322,0.0,0.0,False,0.0,0.0,0.00932073297677883
2011-03-22,-0.0014529923629838918,-0.0014529923629838918,-0.0008444702585422202,-0.0006085221044416716,-0.0006085221044416716,0.0,0.0,False,0.0,0.0,-0.0008444702585422202
2011-03-23,0.0011616835948472623,0.0011616835948472623,0.0020934882875003136,-0.0009318046926530513,-0.0009318046926530513,0.0,0.0,False,0.0,0.0,0.0020934882875003136
2011-03-24,0.004276519606531599,0.004276519606531599,0.004378878875946695,-0.00010235926941509592,-0.00010235926941509592,0.0,0.0,False,0.0,0.0,0.004378878875946695
2011-03-25,0.0022401764432490165,0.0022401764432490165,-0.0012670216051336803,0.0035071980483826967,0.0035071980483826967,0.0,0.0,False,0.0,0.0,-0.0012670216051336803
2011-03-28,-0.001085747142247146,-0.001085747142247146,-0.0012467984861808381,0.00016105134393369202,0.00016105134393369202,0.0,0.0,False,0.0,0.0,-0.0012467984861808381
2011-03-29,0.003388673188851894,0.003388673188851894,0.002715904973520161,0.0006727682153317327,0.0006727682153317327,0.0,0.0,False,0.0,0.0,0.002715904973520161
2011-03-30,0.005596018676849992,0.005596018676849992,0.007391127789615369,-0.0017951091127653765,-0.0017951091127653765,0.0,0.0,False,0.0,0.0,0.007391127789615369
2011-03-31,-0.00040200686680613034,-0.00040200686680613034,-0.0011164814786528289,0.0007144746118466985,0.0007144746118466985,0.0,0.0,False,0.0,0.0,-0.0011164814786528289
2011-04-01,0.0015718207339308077,0.0014572587020850601,0.0058907793712313136,-0.004433520669146254,-0.004318958637300506,0.11456203184574752,0.00011456203184574752,True,0.007095628043848615,7.095628043848615e-06,0.005883683743187465
2011-04-04,0.0033190071098588153,0.0033190071098588153,0.0022664011902377825,0.0010526059196210328,0.0010526059196210328,0.0,0.0,False,0.0,0.0,0.0022664011902377825
2011-04-05,0.0018791240830277145,0.0018791240830277145,-0.0014714427613003482,0.0033505668443280625,0.0033505668443280625,0.0,0.0,False,0.0,0.0,-0.0014714427613003482
2011-04-06,0.00227071250028508,0.00227071250028508,0.0007597121696745775,0.0015110003306105027,0.0015110003306105027,0.0,0.0,False,0.0,0.0,0.0007597121696745775
2011-04-07,-0.0014994856861803808,-0.0014994856861803808,-0.002206854603755485,0.0007073689175751043,0.0007073689175751043,0.0,0.0,False,0.0,0.0,-0.002206854603755485
2011-04-08,-0.0021775281897833828,-0.0021775281897833828,-0.0011397323047210653,-0.0010377958850623175,-0.0010377958850623175,0.0,0.0,False,0.0,0.0,-0.0011397323047210653
2011-04-11,-0.0034592987041714477,-0.0034592987041714477,-0.0025358100983877857,-0.000923488605783662,-0.000923488605783662,0.0,0.0,False,0.0,0.0,-0.0025358100983877857
2011-04-12,-0.00627077057639,-0.00627077057639,-0.004036653145429448,-0.002234117430960552,-0.002234117430960552,0.0,0.0,False,0.0,0.0,-0.004036653145429448
2011-04-13,0.0021521122431283966,0.0021521122431283966,0.0026722042665950395,-0.0005200920234666429,-0.0005200920234666429,0.0,0.0,False,0.0,0.0,0.0026722042665950395
2011-04-14,0.0006744059017753823,0.0006744059017753823,0.0003517742306681928,0.00032263167110718955,0.00032263167110718955,0.0,0.0,False,0.0,0.0,0.0003517742306681928
2011-04-15,0.0044694280594703845,0.0044694280594703845,0.004440473339534422,2.8954719935962714e-05,2.8954719935962714e-05,0.0,0.0,False,0.0,0.0,0.004440473339534422
2011-04-18,-0.007099717526420583,-0.007099717526420583,-0.008953009116936764,0.001853291590516181,0.001853291590516181,0.0,0.0,False,0.0,0.0,-0.008953009116936764
2011-04-19,0.003364823633203289,0.003364823633203289,0.005042231072182674,-0.001677407438979385,-0.001677407438979385,0.0,0.0,False,0.0,0.0,0.005042231072182674
2011-04-20,0.009657162385377513,0.009657162385377513,0.010165717565109856,-0.0005085551797323427,-0.0005085551797323427,0.0,0.0,False,0.0,0.0,0.010165717565109856
2011-04-21,0.003982131578720544,0.003982131578720544,0.004011360059651236,-2.922848093069204e-05,-2.922848093069204e-05,0.0,0.0,False,0.0,0.0,0.004011360059651236
2011-04-25,-0.0008165521340858141,-0.0008165521340858141,-0.00016635505167334006,-0.000650197082412474,-0.000650197082412474,0.0,0.0,False,0.0,0.0,-0.00016635505167334006
2011-04-26,0.005294919644998063,0.005294919644998063,0.007138067680889591,-0.0018431480358915278,-0.0018431480358915278,0.0,0.0,False,0.0,0.0,0.007138067680889591
2011-04-27,0.005182153490508738,0.005182153490508738,0.0026962067048651485,0.0024859467856435894,0.0024859467856435894,0.0,0.0,False,0.0,0.0,0.0026962067048651485
2011-04-28,0.00259699454961158,0.00259699454961158,0.0030325479030402316,-0.0004355533534286518,-0.0004355533534286518,0.0,0.0,False,0.0,0.0,0.0030325479030402316
2011-04-29,0.003915972212726454,0.003915972212726454,0.0015908104445503553,0.0023251617681760983,0.0023251617681760983,0.0,0.0,False,0.0,0.0,0.0015908104445503553
2011-05-02,-0.0036283342947357614,-0.0036335979899196277,0.00031204997824870736,-0.0039456479681683355,-0.003940384272984469,0.005263695183866223,5.2636951838662234e-06,True,0.003855802784934366,3.855802784934366e-06,0.000308194175463773
2011-05-03,-0.003530098536041592,-0.003530098536041592,-0.004404503350778707,0.0008744048147371151,0.0008744048147371151,0.0,0.0,False,0.0,0.0,-0.004404503350778707
2011-05-04,-0.005679154376648534,-0.005679154376648534,-0.004572707143054163,-0.0011064472335943713,-0.0011064472335943713,0.0,0.0,False,0.0,0.0,-0.004572707143054163
2011-05-05,-0.007716924342463728,-0.007716924342463728,-0.0047984737928831915,-0.002918450549580537,-0.002918450549580537,0.0,0.0,False,0.0,0.0,-0.0047984737928831915
2011-05-06,0.0052998633818913485,0.0052998633818913485,0.002781863668616383,0.0025179997132749655,0.0025179997132749655,0.0,0.0,False,0.0,0.0,0.002781863668616383
2011-05-09,0.004939447503038112,0.004939447503038112,0.003354229344822629,0.0015852181582154826,0.0015852181582154826,0.0,0.0,False,0.0,0.0,0.003354229344822629
2011-05-10,0.006265331064877025,0.006265331064877025,0.003884932956545043,0.0023803981083319816,0.0023803981083319816,0.0,0.0,False,0.0,0.0,0.003884932956545043
2011-05-11,-0.007879830537141272,-0.007879830537141272,-0.007969168285732273,8.933774859100178e-05,8.933774859100178e-05,0.0,0.0,False,0.0,0.0,-0.007969168285732273
2011-05-12,0.0033047603722275937,0.0033047603722275937,0.001484352568956813,0.0018204078032707806,0.0018204078032707806,0.0,0.0,False,0.0,0.0,0.001484352568956813
2011-05-13,-0.00677095856189203,-0.00677095856189203,-0.005705996641623594,-0.0010649619202684358,-0.0010649619202684358,0.0,0.0,False,0.0,0.0,-0.005705996641623594
2011-05-16,-0.003824516085457448,-0.003824516085457448,-0.001795407795694905,-0.002029108289762543,-0.002029108289762543,0.0,0.0,False,0.0,0.0,-0.001795407795694905
2011-05-17,-0.00023435736646125357,-0.00023435736646125357,0.0017662727497161535,-0.002000630116177407,-0.002000630116177407,0.0,0.0,False,0.0,0.0,0.0017662727497161535
2011-05-18,0.0063066002629716044,0.0063066002629716044,0.003562777363642012,0.0027438228993295925,0.0027438228993295925,0.0,0.0,False,0.0,0.0,0.003562777363642012
2011-05-19,0.0011337418710069653,0.0011337418710069653,0.0014827780065718617,-0.0003490361355648964,-0.0003490361355648964,0.0,0.0,False,0.0,0.0,0.0014827780065718617
2011-05-20,-0.003127716002771087,-0.003127716002771087,-0.005171587020117806,0.0020438710173467187,0.0020438710173467187,0.0,0.0,False,0.0,0.0,-0.005171587020117806
2011-05-23,-0.008363427158682041,-0.008363427158682041,-0.009259425396258694,0.0008959982375766531,0.0008959982375766531,0.0,0.0,False,0.0,0.0,-0.009259425396258694
2011-05-24,-0.0010863244249214167,-0.0010863244249214167,0.0018989419726229374,-0.002985266397544354,-0.002985266397544354,0.0,0.0,False,0.0,0.0,0.0018989419726229374
2011-05-25,0.002985363758969072,0.002985363758969072,0.0021873224100274037,0.0007980413489416683,0.0007980413489416683,0.0,0.0,False,0.0,0.0,0.0021873224100274037
2011-05-26,0.0033393346983738633,0.0033393346983738633,0.006850864409588325,-0.0035115297112144617,-0.0035115297112144617,0.0,0.0,False,0.0,0.0,0.006850864409588325
2011-05-27,0.004436048496664855,0.004436048496664855,0.003664394056973127,0.000771654439691728,0.000771654439691728,0.0,0.0,False,0.0,0.0,0.003664394056973127
2011-05-31,0.00677319406486732,0.00677319406486732,0.008799251962052066,-0.002026057897184746,-0.002026057897184746,0.0,0.0,False,0.0,0.0,0.008799251962052066
2011-06-01,-0.018028795946342657,-0.018209360716979223,-0.010619257905147866,-0.007590102811831357,-0.007409538041194791,0.18056477063656765,0.00018056477063656764,True,0.00939822239913135,9.39822239913135e-06,-0.010628656127546997
2011-06-02,0.0002651318434852576,0.0002651318434852576,-0.002209926218659382,0.0024750580621446397,0.0024750580621446397,0.0,0.0,False,0.0,0.0,-0.002209926218659382
2011-06-03,-0.006508490950486638,-0.006508490950486638,-0.002678187424268135,-0.003830303526218503,-0.003830303526218503,0.0,0.0,False,0.0,0.0,-0.002678187424268135
2011-06-06,-0.008806830187111207,-0.008806830187111207,-0.008236365910487759,-0.0005704642766234478,-0.0005704642766234478,0.0,0.0,False,0.0,0.0,-0.008236365910487759
2011-06-07,0.0014312985532659796,0.0014312985532659796,0.0032171502762132946,-0.001785851722947315,-0.001785851722947315,0.0,0.0,False,0.0,0.0,0.0032171502762132946
2011-06-08,-0.0067717328181210144,-0.0067717328181210144,-0.003462198219461957,-0.0033095345986590575,-0.0033095345986590575,0.0,0.0,False,0.0,0.0,-0.003462198219461957
2011-06-09,0.00536262092880095,0.00536262092880095,0.0033503112611029287,0.002012309667698021,0.002012309667698021,0.0,0.0,False,0.0,0.0,0.0033503112611029287
2011-06-10,-0.013201565983472429,-0.013201565983472429,-0.009602974559693146,-0.0035985914237792824,-0.0035985914237792824,0.0,0.0,False,0.0,0.0,-0.009602974559693146
2011-06-13,-0.001142109447283753,-0.001142109447283753,-0.00039453307174626244,-0.0007475763755374907,-0.0007475763755374907,0.0,0.0,False,0.0,0.0,-0.00039453307174626244
2011-06-14,0.012321617000576171,0.012321617000576171,0.0059454837985093295,0.0063761332020668415,0.0063761332020668415,0.0,0.0,False,0.0,0.0,0.0059454837985093295
2011-06-15,-0.015702205628654303,-0.015702205628654303,-0.009162837659046214,-0.006539367969608089,-0.006539367969608089,0.0,0.0,False,0.0,0.0,-0.009162837659046214
2011-06-16,-0.005952303970976916,-0.005952303970976916,3.0406902654448928e-05,-0.005982710873631365,-0.005982710873631365,0.0,0.0,False,0.0,0.0,3.0406902654448928e-05
2011-06-17,0.006731538969981348,0.006731538969981348,0.0020979296920376153,0.004633609277943733,0.004633609277943733,0.0,0.0,False,0.0,0.0,0.0020979296920376153
2011-06-20,0.005134206110108202,0.005134206110108202,0.001385144358279927,0.0037490617518282747,0.0037490617518282747,0.0,0.0,False,0.0,0.0,0.001385144358279927
2011-06-21,0.013554243532382802,0.013554243532382802,0.009471035215856712,0.00408320831652609,0.00408320831652609,0.0,0.0,False,0.0,0.0,0.009471035215856712
2011-06-22,-0.007298826245711493,-0.007298826245711493,-0.0044072260633894415,-0.002891600182322052,-0.002891600182322052,0.0,0.0,False,0.0,0.0,-0.0044072260633894415
2011-06-23,-0.00017207002811692358,-0.00017207002811692358,-0.00017120444609853598,-8.655820183875993e-07,-8.655820183875993e-07,0.0,0.0,False,0.0,0.0,-0.00017120444609853598
2011-06-24,-0.008037827249976528,-0.008037827249976528,-0.0044875532051203895,-0.0035502740448561387,-0.0035502740448561387,0.0,0.0,False,0.0,0.0,-0.0044875532051203895
2011-06-27,0.005386663735519594,0.005386663735519594,0.0032840337032478033,0.0021026300322717906,0.0021026300322717906,0.0,0.0,False,0.0,0.0,0.0032840337032478033
2011-06-28,0.009948286457226587,0.009948286457226587,0.0042858487931425725,0.0056624376640840145,0.0056624376640840145,0.0,0.0,False,0.0,0.0,0.0042858487931425725
2011-06-29,0.010167071493156411,0.010167071493156411,0.004347565848599917,0.005819505644556494,0.005819505644556494,0.0,0.0,False,0.0,0.0,0.004347565848599917
2011-06-30,0.009170920016369963,0.009170920016369963,0.005887852876428207,0.0032830671399417567,0.0032830671399417567,0.0,0.0,False,0.0,0.0,0.005887852876428207
2011-07-01,0.012256013458836635,0.012034090987085539,0.007462897958582964,0.004571193028502575,0.004793115500253671,0.2219224717510966,0.00022192247175109662,True,0.0025033962979100627,2.503396297910063e-06,0.007460394562285054
2011-07-05,0.001416563420162819,0.001416563420162819,0.0008261854184368176,0.0005903780017260014,0.0005903780017260014,0.0,0.0,False,0.0,0.0,0.0008261854184368176
2011-07-06,0.0022487902739088024,0.0022487902739088024,-0.00012356582011547945,0.002372356094024282,0.002372356094024282,0.0,0.0,False,0.0,0.0,-0.00012356582011547945
2011-07-07,0.0097745792531854,0.0097745792531854,0.0056841874765859455,0.0040903917765994545,0.0040903917765994545,0.0,0.0,False,0.0,0.0,0.0056841874765859455
2011-07-08,-0.004966425741404854,-0.004966425741404854,-0.0016869626358060198,-0.003279463105598834,-0.003279463105598834,0.0,0.0,False,0.0,0.0,-0.0016869626358060198
2011-07-11,-0.01629440815037443,-0.01629440815037443,-0.010999801062217873,-0.005294607088156558,-0.005294607088156558,0.0,0.0,False,0.0,0.0,-0.010999801062217873
2011-07-12,-0.0034603619556100294,-0.0034603619556100294,-0.002945584485052768,-0.0005147774705572612,-0.0005147774705572612,0.0,0.0,False,0.0,0.0,-0.002945584485052768
2011-07-13,0.004882859711783355,0.004882859711783355,0.006041905916301467,-0.001159046204518112,-0.001159046204518112,0.0,0.0,False,0.0,0.0,0.006041905916301467
2011-07-14,-0.007424007106471845,-0.007424007106471845,-0.008019123971126602,0.0005951168646547572,0.0005951168646547572,0.0,0.0,False,0.0,0.0,-0.008019123971126602
2011-07-15,0.004590604028700988,0.004590604028700988,0.004450069586479125,0.00014053444222186275,0.00014053444222186275,0.0,0.0,False,0.0,0.0,0.004450069586479125
2011-07-18,-0.008061179079279087,-0.008061179079279087,-0.007745463708428084,-0.00031571537085100295,-0.00031571537085100295,0.0,0.0,False,0.0,0.0,-0.007745463708428084
2011-07-19,0.014139472133785531,0.014139472133785531,0.012141965390597316,0.0019975067431882154,0.0019975067431882154,0.0,0.0,False,0.0,0.0,0.012141965390597316
2011-07-20,0.00030876041531899197,0.00030876041531899197,-0.00022293445181539872,0.0005316948671343906,0.0005316948671343906,0.0,0.0,False,0.0,0.0,-0.00022293445181539872
2011-07-21,0.009349100737272933,0.009349100737272933,0.007545279397726274,0.0018038213395466587,0.0018038213395466587,0.0,0.0,False,0.0,0.0,0.007545279397726274
2011-07-22,0.0014201056922810945,0.0014201056922810945,0.0021052608384846926,-0.0006851551462035981,-0.0006851551462035981,0.0,0.0,False,0.0,0.0,0.0021052608384846926
2011-07-25,-0.007398042842583179,-0.007398042842583179,-0.005319184444887543,-0.0020788583976956362,-0.0020788583976956362,0.0,0.0,False,0.0,0.0,-0.005319184444887543
2011-07-26,-0.0023459877217197377,-0.0023459877217197377,0.0015759848066674179,-0.003921972528387155,-0.003921972528387155,0.0,0.0,False,0.0,0.0,0.0015759848066674179
2011-07-27,-0.019590911410092095,-0.019590911410092095,-0.013738446644646296,-0.005852464765445799,-0.005852464765445799,0.0,0.0,False,0.0,0.0,-0.013738446644646296
2011-07-28,-0.0008417251316781096,-0.0008417251316781096,-0.00029130003266005433,-0.0005504250990180553,-0.0005504250990180553,0.0,0.0,False,0.0,0.0,-0.00029130003266005433
2011-07-29,-0.002366058691027494,-0.002366058691027494,0.0035718183748862055,-0.005937877065913699,-0.005937877065913699,0.0,0.0,False,0.0,0.0,0.0035718183748862055
2011-08-01,-0.0030191119245083415,-0.003116925015945567,-0.0019017134586351903,-0.0012152115573103766,-0.0011173984658731512,0.09781309143722523,9.781309143722523e-05,True,0.012236424965378839,1.223642496537884e-05,-0.001913949883600569
2011-08-02,-0.023347345521748046,-0.023347345521748046,-0.011564134355900715,-0.01178321116584733,-0.01178321116584733,0.0,0.0,False,0.0,0.0,-0.011564134355900715
2011-08-03,0.003948150777493536,0.003948150777493536,0.0026473929010459372,0.0013007578764475986,0.0013007578764475986,0.0,0.0,False,0.0,0.0,0.0026473929010459372
2011-08-04,-0.04573953716420245,-0.04573953716420245,-0.026923399256446483,-0.018816137907755964,-0.018816137907755964,0.0,0.0,False,0.0,0.0,-0.026923399256446483
2011-08-05,-0.006672041898223302,-0.006672041898223302,-0.005460737852006653,-0.0012113040462166493,-0.0012113040462166493,0.0,0.0,False,0.0,0.0,-0.005460737852006653
2011-08-08,-0.06511015492044919,-0.06511015492044919,-0.037985266434347686,-0.027124888486101506,-0.027124888486101506,0.0,0.0,False,0.0,0.0,-0.037985266434347686
2011-08-09,0.04772741034459469,0.04772741034459469,0.033610405270609,0.014117005073985688,0.014117005073985688,0.0,0.0,False,0.0,0.0,0.033610405270609
2011-08-10,-0.03692222860512491,-0.03692222860512491,-0.022280465711794886,-0.014641762893330024,-0.014641762893330024,0.0,0.0,False,0.0,0.0,-0.022280465711794886
2011-08-11,0.03769951719072279,0.03769951719072279,0.01657216513076376,0.021127352059959026,0.021127352059959026,0.0,0.0,False,0.0,0.0,0.01657216513076376
2011-08-12,0.002866625807410288,0.002866625807410288,0.008231018737006076,-0.0053643929295957874,-0.0053643929295957874,0.0,0.0,False,0.0,0.0,0.008231018737006076
2011-08-15,0.021911010674436248,0.021911010674436248,0.011716318798060277,0.01019469187637597,0.01019469187637597,0.0,0.0,False,0.0,0.0,0.011716318798060277
2011-08-16,-0.011088149910136288,-0.011088149910136288,-0.003739442390718422,-0.007348707519417866,-0.007348707519417866,0.0,0.0,False,0.0,0.0,-0.003739442390718422
2011-08-17,0.0038677758914493388,0.0038677758914493388,0.004637171564010918,-0.0007693956725615789,-0.0007693956725615789,0.0,0.0,False,0.0,0.0,0.004637171564010918
2011-08-18,-0.037603853579415925,-0.037603853579415925,-0.023750770334881044,-0.01385308324453488,-0.01385308324453488,0.0,0.0,False,0.0,0.0,-0.023750770334881044
2011-08-19,-0.01420795272203821,-0.01420795272203821,-0.0083390491545431,-0.00586890356749511,-0.00586890356749511,0.0,0.0,False,0.0,0.0,-0.0083390491545431
2011-08-22,-0.00045443299737649243,-0.00045443299737649243,-0.00031585620435806204,-0.0001385767930184304,-0.0001385767930184304,0.0,0.0,False,0.0,0.0,-0.00031585620435806204
2011-08-23,0.029287704434221642,0.029287704434221642,0.01535065921094745,0.013937045223274193,0.013937045223274193,0.0,0.0,False,0.0,0.0,0.01535065921094745
2011-08-24,0.008225375074817957,0.008225375074817957,-0.002084113459434134,0.01030948853425209,0.01030948853425209,0.0,0.0,False,0.0,0.0,-0.002084113459434134
2011-08-25,-0.015955691027301842,-0.015955691027301842,-0.007866221463452207,-0.008089469563849636,-0.008089469563849636,0.0,0.0,False,0.0,0.0,-0.007866221463452207
2011-08-26,0.016103243335775053,0.016103243335775053,0.010319885838877054,0.0057833574968979996,0.0057833574968979996,0.0,0.0,False,0.0,0.0,0.010319885838877054
2011-08-29,0.028753931245184577,0.028753931245184577,0.014924240431710822,0.013829690813473756,0.013829690813473756,0.0,0.0,False,0.0,0.0,0.014924240431710822
2011-08-30,0.0034335489803204774,0.0034335489803204774,0.0035861133816183994,-0.00015256440129792197,-0.00015256440129792197,0.0,0.0,False,0.0,0.0,0.0035861133816183994
2011-08-31,0.004963342817990588,0.004963342817990588,0.0044256857102163575,0.0005376571077742309,0.0005376571077742309,0.0,0.0,False,0.0,0.0,0.0044256857102163575
2011-09-01,-0.009001615284720956,-0.009091615283103942,-0.003836704289468606,-0.005254910993635336,-0.00516491099525235,0.08999999838298549,8.999999838298549e-05,True,0.026889836835948717,2.6889836835948715e-05,-0.0038635941263045546
2011-09-02,-0.01654227000655623,-0.01654227000655623,-0.01055247718241656,-0.005989792824139669,-0.005989792824139669,0.0,0.0,False,0.0,0.0,-0.01055247718241656
2011-09-06,-0.007191516622353896,-0.007191516622353896,-0.006394313572490415,-0.0007972030498634812,-0.0007972030498634812,0.0,0.0,False,0.0,0.0,-0.006394313572490415
2011-09-07,0.01719357868561206,0.01719357868561206,0.015408423347531643,0.001785155338080418,0.001785155338080418,0.0,0.0,False,0.0,0.0,0.015408423347531643
2011-09-08,-0.0046144461705453724,-0.0046144461705453724,-0.007734005879632596,0.003119559709087224,0.003119559709087224,0.0,0.0,False,0.0,0.0,-0.007734005879632596
2011-09-09,-0.01956638435156321,-0.01956638435156321,-0.01573704781399373,-0.0038293365375694777,-0.0038293365375694777,0.0,0.0,False,0.0,0.0,-0.01573704781399373
2011-09-12,-0.0006714621800173511,-0.0006714621800173511,-2.7292538670183432e-05,-0.0006441696413471676,-0.0006441696413471676,0.0,0.0,False,0.0,0.0,-2.7292538670183432e-05
2011-09-13,0.010461438226891164,0.010461438226891164,0.003697017258903766,0.006764420967987398,0.006764420967987398,0.0,0.0,False,0.0,0.0,0.003697017258903766
2011-09-14,0.010518065778134567,0.010518065778134567,0.007349693241613366,0.0031683725365212016,0.0031683725365212016,0.0,0.0,False,0.0,0.0,0.007349693241613366
2011-09-15,0.010085800208447647,0.010085800208447647,0.007400810622516307,0.0026849895859313404,0.0026849895859313404,0.0,0.0,False,0.0,0.0,0.007400810622516307
2011-09-16,0.0030997060170941714,0.0030997060170941714,0.002859018525372155,0.00024068749172201625,0.00024068749172201625,0.0,0.0,False,0.0,0.0,0.002859018525372155
2011-09-19,-0.009670118167872112,-0.009670118167872112,-0.007162550530684742,-0.00250756763718737,-0.00250756763718737,0.0,0.0,False,0.0,0.0,-0.007162550530684742
2011-09-20,-0.0023191237127755514,-0.0023191237127755514,-0.0006595693148923705,-0.001659554397883181,-0.001659554397883181,0.0,0.0,False,0.0,0.0,-0.0006595693148923705
2011-09-21,-0.02299652284214334,-0.02299652284214334,-0.015266874337352937,-0.007729648504790403,-0.007729648504790403,0.0,0.0,False,0.0,0.0,-0.015266874337352937
2011-09-22,-0.02462428672831664,-0.02462428672831664,-0.017367411148564972,-0.007256875579751666,-0.007256875579751666,0.0,0.0,False,0.0,0.0,-0.017367411148564972
2011-09-23,0.00034096230857624376,0.00034096230857624376,0.002172985161739527,-0.001832022853163283,-0.001832022853163283,0.0,0.0,False,0.0,0.0,0.002172985161739527
2011-09-26,0.012754319506582113,0.012754319506582113,0.009894028198190699,0.002860291308391414,0.002860291308391414,0.0,0.0,False,0.0,0.0,0.009894028198190699
2011-09-27,0.011020717254036475,0.011020717254036475,0.007825797030960775,0.0031949202230757007,0.0031949202230757007,0.0,0.0,False,0.0,0.0,0.007825797030960775
2011-09-28,-0.022278242294737353,-0.022278242294737353,-0.013686471137629715,-0.008591771157107637,-0.008591771157107637,0.0,0.0,False,0.0,0.0,-0.013686471137629715
2011-09-29,0.007019536879429803,0.007019536879429803,0.007382958501635994,-0.00036342162220619114,-0.00036342162220619114,0.0,0.0,False,0.0,0.0,0.007382958501635994
2011-09-30,-0.022339531924920338,-0.022339531924920338,-0.014677188726937875,-0.007662343197982462,-0.007662343197982462,0.0,0.0,False,0.0,0.0,-0.014677188726937875
2011-10-03,-0.015512431110929308,-0.01579029810214629,-0.013668491157405475,-0.0021218069447408137,-0.0018439399535238321,0.27786699121698083,0.0002778669912169808,True,0.03276811308942956,3.276811308942956e-05,-0.013701259270494905
2011-10-04,0.01343316852696913,0.01343316852696913,0.010451137332773478,0.002982031194195652,0.002982031194195652,0.0,0.0,False,0.0,0.0,0.010451137332773478
2011-10-05,0.010062718080291105,0.010062718080291105,0.010253064014107246,-0.00019034593381614048,-0.00019034593381614048,0.0,0.0,False,0.0,0.0,0.010253064014107246
2011-10-06,0.01056191308966544,0.01056191308966544,0.011034435525719892,-0.0004725224360544525,-0.0004725224360544525,0.0,0.0,False,0.0,0.0,0.011034435525719892
2011-10-07,-0.008393141331475786,-0.008393141331475786,-0.007066475285214891,-0.001326666046260895,-0.001326666046260895,0.0,0.0,False,0.0,0.0,-0.007066475285214891
2011-10-10,0.021103633446161583,0.021103633446161583,0.020297831394906946,0.0008058020512546372,0.0008058020512546372,0.0,0.0,False,0.0,0.0,0.020297831394906946
2011-10-11,0.000323877565521587,0.000323877565521587,0.001306114510734323,-0.000982236945212736,-0.000982236945212736,0.0,0.0,False,0.0,0.0,0.001306114510734323
2011-10-12,0.008157403683459534,0.008157403683459534,0.007530716790654634,0.0006266868928049008,0.0006266868928049008,0.0,0.0,False,0.0,0.0,0.007530716790654634
2011-10-13,-0.0008771080767787293,-0.0008771080767787293,-0.00021934454476788229,-0.0006577635320108471,-0.0006577635320108471,0.0,0.0,False,0.0,0.0,-0.00021934454476788229
2011-10-14,0.009634053940925721,0.009634053940925721,0.008534033353178056,0.001100020587747665,0.001100020587747665,0.0,0.0,False,0.0,0.0,0.008534033353178056
2011-10-17,-0.011499657788194766,-0.011499657788194766,-0.012850168533603717,0.0013505107454089508,0.0013505107454089508,0.0,0.0,False,0.0,0.0,-0.012850168533603717
2011-10-18,0.011370828288117658,0.011370828288117658,0.012423593147163398,-0.0010527648590457402,-0.0010527648590457402,0.0,0.0,False,0.0,0.0,0.012423593147163398
2011-10-19,-0.00862754026838671,-0.00862754026838671,-0.008866966404572556,0.0002394261361858465,0.0002394261361858465,0.0,0.0,False,0.0,0.0,-0.008866966404572556
2011-10-20,0.0014653303858950602,0.0014653303858950602,-0.0005320275225277906,0.001997357908422851,0.001997357908422851,0.0,0.0,False,0.0,0.0,-0.0005320275225277906
2011-10-21,0.012485698972267194,0.012485698972267194,0.01335311934292251,-0.0008674203706553162,-0.0008674203706553162,0.0,0.0,False,0.0,0.0,0.01335311934292251
2011-10-24,0.013989064100622277,0.013989064100622277,0.012685508025596696,0.0013035560750255804,0.0013035560750255804,0.0,0.0,False,0.0,0.0,0.012685508025596696
2011-10-25,-0.009544232644025876,-0.009544232644025876,-0.008991030225279157,-0.0005532024187467188,-0.0005532024187467188,0.0,0.0,False,0.0,0.0,-0.008991030225279157
2011-10-26,0.006182266934447265,0.006182266934447265,0.0058511808688219485,0.00033108606562531635,0.00033108606562531635,0.0,0.0,False,0.0,0.0,0.0058511808688219485
2011-10-27,0.02149124539128641,0.02149124539128641,0.025015038719867398,-0.0035237933285809896,-0.0035237933285809896,0.0,0.0,False,0.0,0.0,0.025015038719867398
2011-10-28,0.0001501606896551766,0.0001501606896551766,-0.0001639243156598127,0.0003140850053149893,0.0003140850053149893,0.0,0.0,False,0.0,0.0,-0.0001639243156598127
2011-10-31,-0.012499283567264964,-0.012499283567264964,-0.01702219817540271,0.004522914608137744,0.004522914608137744,0.0,0.0,False,0.0,0.0,-0.01702219817540271
2011-11-01,-0.006540729471077441,-0.006778430038243034,-0.012435709892045604,0.00565727985380257,0.005894980420968162,0.2377005671655928,0.0002377005671655928,True,0.02694193838285549,2.694193838285549e-05,-0.012462651830428459
2011-11-02,0.0067467138565701825,0.0067467138565701825,0.009710065799251082,-0.0029633519426809,-0.0029633519426809,0.0,0.0,False,0.0,0.0,0.009710065799251082
2011-11-03,0.006614089620677506,0.006614089620677506,0.009812563130446598,-0.003198473509769092,-0.003198473509769092,0.0,0.0,False,0.0,0.0,0.009812563130446598
2011-11-04,-0.0017155569091274337,-0.0017155569091274337,-0.0036541083951877515,0.0019385514860603178,0.0019385514860603178,0.0,0.0,False,0.0,0.0,-0.0036541083951877515
2011-11-07,0.003137900215603954,0.003137900215603954,0.003189061603381404,-5.1161387777449996e-05,-5.1161387777449996e-05,0.0,0.0,False,0.0,0.0,0.003189061603381404
2011-11-08,0.003436525687121379,0.003436525687121379,0.005090033608189517,-0.0016535079210681378,-0.0016535079210681378,0.0,0.0,False,0.0,0.0,0.005090033608189517
2011-11-09,-0.014749523551451604,-0.014749523551451604,-0.024762112700511513,0.010012589149059909,0.010012589149059909,0.0,0.0,False,0.0,0.0,-0.024762112700511513
2011-11-10,0.0005226748640000038,0.0005226748640000038,0.003001283283648108,-0.0024786084196481042,-0.0024786084196481042,0.0,0.0,False,0.0,0.0,0.003001283283648108
2011-11-11,0.008191233416320397,0.008191233416320397,0.011466108409800597,-0.0032748749934801997,-0.0032748749934801997,0.0,0.0,False,0.0,0.0,0.011466108409800597
2011-11-14,-0.00119822149721068,-0.00119822149721068,-0.005543754603830378,0.004345533106619698,0.004345533106619698,0.0,0.0,False,0.0,0.0,-0.005543754603830378
2011-11-15,0.003058674923527074,0.003058674923527074,0.001846191365399275,0.0012124835581277993,0.0012124835581277993,0.0,0.0,False,0.0,0.0,0.001846191365399275
2011-11-16,-0.005548002136695222,-0.005548002136695222,-0.010343939877449974,0.004795937740754752,0.004795937740754752,0.0,0.0,False,0.0,0.0,-0.010343939877449974
2011-11-17,-0.005869920141173315,-0.005869920141173315,-0.009889263501921059,0.004019343360747744,0.004019343360747744,0.0,0.0,False,0.0,0.0,-0.009889263501921059
2011-11-18,-0.0017707830684115901,-0.0017707830684115901,-1.6741909703250684e-06,-0.0017691088774412652,-0.0017691088774412652,0.0,0.0,False,0.0,0.0,-1.6741909703250684e-06
2011-11-21,-0.00839589972901721,-0.00839589972901721,-0.013367994848390866,0.004972095119373656,0.004972095119373656,0.0,0.0,False,0.0,0.0,-0.013367994848390866
2011-11-22,0.00012300417233954174,0.00012300417233954174,-0.0008149264262045393,0.0009379305985440811,0.0009379305985440811,0.0,0.0,False,0.0,0.0,-0.0008149264262045393
2011-11-23,-0.00954314260570332,-0.00954314260570332,-0.01458439294761586,0.0050412503419125405,0.0050412503419125405,0.0,0.0,False,0.0,0.0,-0.01458439294761586
2011-11-25,-0.007065583641875451,-0.007065583641875451,-0.00498650915002029,-0.002079074491855161,-0.002079074491855161,0.0,0.0,False,0.0,0.0,-0.00498650915002029
2011-11-28,0.016722168105099633,0.016722168105099633,0.021352278704332685,-0.004630110599233052,-0.004630110599233052,0.0,0.0,False,0.0,0.0,0.021352278704332685
2011-11-29,-0.0012275294037493178,-0.0012275294037493178,8.406144501977891e-05,-0.0013115908487690967,-0.0013115908487690967,0.0,0.0,False,0.0,0.0,8.406144501977891e-05
2011-11-30,0.01853069314053775,0.01853069314053775,0.02707000261804747,-0.008539309477509721,-0.008539309477509721,0.0,0.0,False,0.0,0.0,0.02707000261804747
2011-12-01,-0.0011445309736019774,-0.0014169791954573344,-0.0019559047320410637,0.0005389255365837293,0.0008113737584390863,0.27244822185535705,0.00027244822185535706,True,0.0063326590037958465,6.332659003795846e-06,-0.0019622373910448596
2011-12-02,0.0028980883047393237,0.0028980883047393237,0.0024778652750999442,0.00042022302963937944,0.00042022302963937944,0.0,0.0,False,0.0,0.0,0.0024778652750999442
2011-12-05,0.006338958125971444,0.006338958125971444,0.008347849720991212,-0.0020088915950197683,-0.0020088915950197683,0.0,0.0,False,0.0,0.0,0.008347849720991212
2011-12-06,-0.0008457701900464677,-0.0008457701900464677,-0.0037176745077548076,0.00287190431770834,0.00287190431770834,0.0,0.0,False,0.0,0.0,-0.0037176745077548076
2011-12-07,0.0037984914162500828,0.0037984914162500828,0.004493672466028351,-0.0006951810497782683,-0.0006951810497782683,0.0,0.0,False,0.0,0.0,0.004493672466028351
2011-12-08,-0.013920899432100882,-0.013920899432100882,-0.015512333136505036,0.0015914337044041545,0.0015914337044041545,0.0,0.0,False,0.0,0.0,-0.015512333136505036
2011-12-09,0.008571146806085287,0.008571146806085287,0.009138415708381501,-0.0005672689022962144,-0.0005672689022962144,0.0,0.0,False,0.0,0.0,0.009138415708381501
2011-12-12,-0.009056088061980501,-0.009056088061980501,-0.011905889940194935,0.0028498018782144342,0.0028498018782144342,0.0,0.0,False,0.0,0.0,-0.011905889940194935
2011-12-13,-0.006764396332011794,-0.006764396332011794,-0.00479022342979174,-0.0019741729022200536,-0.0019741729022200536,0.0,0.0,False,0.0,0.0,-0.00479022342979174
2011-12-14,-0.0073713245481249485,-0.0073713245481249485,-0.004803959708622588,-0.002567364839502361,-0.002567364839502361,0.0,0.0,False,0.0,0.0,-0.004803959708622588
2011-12-15,0.0024667417781098298,0.0024667417781098298,0.0027362012235108875,-0.0002694594454010577,-0.0002694594454010577,0.0,0.0,False,0.0,0.0,0.0027362012235108875
2011-12-16,0.0053618103499823945,0.0053618103499823945,0.0034225927089467476,0.001939217641035647,0.001939217641035647,0.0,0.0,False,0.0,0.0,0.0034225927089467476
2011-12-19,-0.00514469807480813,-0.00514469807480813,-0.0059050204320808975,0.0007603223572727677,0.0007603223572727677,0.0,0.0,False,0.0,0.0,-0.0059050204320808975
2011-12-20,0.015524368822675091,0.015524368822675091,0.01652305634289365,-0.0009986875202185573,-0.0009986875202185573,0.0,0.0,False,0.0,0.0,0.01652305634289365
2011-12-21,-0.00013951345929179553,-0.00013951345929179553,-0.001710590444643463,0.0015710769853516675,0.0015710769853516675,0.0,0.0,False,0.0,0.0,-0.001710590444643463
2011-12-22,0.0047575301069577285,0.0047575301069577285,0.006832978061587169,-0.002075447954629441,-0.002075447954629441,0.0,0.0,False,0.0,0.0,0.006832978061587169
2011-12-23,0.0024280132455366246,0.0024280132455366246,0.0024035620985125845,2.4451147024040065e-05,2.4451147024040065e-05,0.0,0.0,False,0.0,0.0,0.0024035620985125845
2011-12-27,0.0007666201582112297,0.0007666201582112297,-0.00025558749699585603,0.0010222076552070857,0.0010222076552070857,0.0,0.0,False,0.0,0.0,-0.00025558749699585603
2011-12-28,-0.007847631860401686,-0.007847631860401686,-0.006656454172802726,-0.0011911776875989603,-0.0011911776875989603,0.0,0.0,False,0.0,0.0,-0.006656454172802726
2011-12-29,0.005125983069908985,0.005125983069908985,0.007615313580277028,-0.0024893305103680435,-0.0024893305103680435,0.0,0.0,False,0.0,0.0,0.007615313580277028
2011-12-30,-0.00010739381998422679,-0.00010739381998422679,0.0005493300200002436,-0.0006567238399844704,-0.0006567238399844704,0.0,0.0,False,0.0,0.0,0.0005493300200002436
2012-01-03,0.009955582864017282,0.009677325393377897,0.010615532859231941,-0.0009382074658540445,-0.0006599499952146589,0.27825747063938605,0.00027825747063938604,True,0.009245407031349882,9.24540703134988e-06,0.010606287452200592
2012-01-04,-0.0009861083930843106,-0.0009861083930843106,-0.002355469443620351,0.0013693610505360406,0.0013693610505360406,0.0,0.0,False,0.0,0.0,-0.002355469443620351
2012-01-05,-0.0008855886805142968,-0.0008855886805142968,-0.0022976529472545698,0.0014120642667402729,0.0014120642667402729,0.0,0.0,False,0.0,0.0,-0.0022976529472545698
2012-01-06,-0.0018413539997172775,-0.0018413539997172775,-0.0025132152518639126,0.0006718612521466351,0.0006718612521466351,0.0,0.0,False,0.0,0.0,-0.0025132152518639126
2012-01-09,0.0010548622458414962,0.0010548622458414962,0.0023474566552333332,-0.001292594409391837,-0.001292594409391837,0.0,0.0,False,0.0,0.0,0.0023474566552333332
2012-01-10,0.006183870161648367,0.006183870161648367,0.00778125778793205,-0.0015973876262836834,-0.0015973876262836834,0.0,0.0,False,0.0,0.0,0.00778125778793205
2012-01-11,0.0023044725041913307,0.0023044725041913307,0.0017064313793152004,0.0005980411248761304,0.0005980411248761304,0.0,0.0,False,0.0,0.0,0.0017064313793152004
2012-01-12,0.0013221919200316647,0.0013221919200316647,0.0017834216680045474,-0.0004612297479728827,-0.0004612297479728827,0.0,0.0,False,0.0,0.0,0.0017834216680045474
2012-01-13,-0.0024706950093330198,-0.0024706950093330198,-0.002499459633733942,2.876462440092216e-05,2.876462440092216e-05,0.0,0.0,False,0.0,0.0,-0.002499459633733942
2012-01-17,0.004398814194157604,0.004398814194157604,0.0057369291437692985,-0.0013381149496116945,-0.0013381149496116945,0.0,0.0,False,0.0,0.0,0.0057369291437692985
2012-01-18,0.006048405223668883,0.006048405223668883,0.007851406569516958,-0.0018030013458480753,-0.0018030013458480753,0.0,0.0,False,0.0,0.0,0.007851406569516958
2012-01-19,0.0015646376788582784,0.0015646376788582784,0.0028377838936531176,-0.0012731462147948392,-0.0012731462147948392,0.0,0.0,False,0.0,0.0,0.0028377838936531176
2012-01-20,0.0013622792943882198,0.0013622792943882198,0.00031688219758863913,0.0010453970967995807,0.0010453970967995807,0.0,0.0,False,0.0,0.0,0.00031688219758863913
2012-01-23,-0.0005045267941680403,-0.0005045267941680403,-0.0001798687113140629,-0.0003246580828539774,-0.0003246580828539774,0.0,0.0,False,0.0,0.0,-0.0001798687113140629
2012-01-24,-0.0013648675524247074,-0.0013648675524247074,7.847783802831089e-05,-0.0014433453904530184,-0.0014433453904530184,0.0,0.0,False,0.0,0.0,7.847783802831089e-05
2012-01-25,0.009006487144216107,0.009006487144216107,0.007080467136103684,0.0019260200081124227,0.0019260200081124227,0.0,0.0,False,0.0,0.0,0.007080467136103684
2012-01-26,0.0008848078589524526,0.0008848078589524526,0.0007784870886672046,0.00010632077028524805,0.00010632077028524805,0.0,0.0,False,0.0,0.0,0.0007784870886672046
2012-01-27,0.002210139929766457,0.002210139929766457,0.001979444352786976,0.00023069557697948063,0.00023069557697948063,0.0,0.0,False,0.0,0.0,0.001979444352786976
2012-01-30,-0.002567831864106129,-0.002567831864106129,-0.0037666766540959402,0.001198844789989811,0.001198844789989811,0.0,0.0,False,0.0,0.0,-0.0037666766540959402
2012-01-31,0.0028336971461737385,0.0028336971461737385,0.0032453573948535274,-0.0004116602486797889,-0.0004116602486797889,0.0,0.0,False,0.0,0.0,0.0032453573948535274
2012-02-01,0.004446756023652699,0.0041904017954174306,0.007600154184699731,-0.0034097523892823002,-0.0031533981610470316,0.25635422823526877,0.00025635422823526877,True,0.01122446361498804,1.1224463614988039e-05,0.007588929721084743
2012-02-02,0.0020406224161132604,0.0020406224161132604,0.001930185081858573,0.00011043733425468742,0.00011043733425468742,0.0,0.0,False,0.0,0.0,0.001930185081858573
2012-02-03,0.003749230606099105,0.003749230606099105,0.006541726080929788,-0.0027924954748306833,-0.0027924954748306833,0.0,0.0,False,0.0,0.0,0.006541726080929788
2012-02-06,0.001157801663004501,0.001157801663004501,-0.0005785286398423802,0.0017363303028468812,0.0017363303028468812,0.0,0.0,False,0.0,0.0,-0.0005785286398423802
2012-02-07,-0.0025983380463157307,-0.0025983380463157307,-0.0002580037412968859,-0.0023403343050188447,-0.0023403343050188447,0.0,0.0,False,0.0,0.0,-0.0002580037412968859
2012-02-08,0.0016993353318150175,0.0016993353318150175,0.0025584584517778348,-0.0008591231199628173,-0.0008591231199628173,0.0,0.0,False,0.0,0.0,0.0025584584517778348
2012-02-09,-0.0019596272856361816,-0.0019596272856361816,-0.0007933440086770404,-0.0011662832769591411,-0.0011662832769591411,0.0,0.0,False,0.0,0.0,-0.0007933440086770404
2012-02-10,-0.0019105376820894976,-0.0019105376820894976,-0.006564367957611455,0.004653830275521957,0.004653830275521957,0.0,0.0,False,0.0,0.0,-0.006564367957611455
2012-02-13,0.004811901885576075,0.004811901885576075,0.006744594320174795,-0.0019326924345987205,-0.0019326924345987205,0.0,0.0,False,0.0,0.0,0.006744594320174795
2012-02-14,2.730931088679628e-05,2.730931088679628e-05,-0.0018092181041403223,0.0018365274150271185,0.0018365274150271185,0.0,0.0,False,0.0,0.0,-0.0018092181041403223
2012-02-15,-0.002984311552065872,-0.002984311552065872,-0.001532091241897177,-0.0014522203101686951,-0.0014522203101686951,0.0,0.0,False,0.0,0.0,-0.001532091241897177
2012-02-16,0.00465552215451742,0.00465552215451742,0.005981923887578814,-0.0013264017330613942,-0.0013264017330613942,0.0,0.0,False,0.0,0.0,0.005981923887578814
2012-02-17,0.000472148791937676,0.000472148791937676,0.001219944535222162,-0.0007477957432844861,-0.0007477957432844861,0.0,0.0,False,0.0,0.0,0.001219944535222162
2012-02-21,-0.0032340880266019086,-0.0032340880266019086,-0.0020684716757396666,-0.001165616350862242,-0.001165616350862242,0.0,0.0,False,0.0,0.0,-0.0020684716757396666
2012-02-22,0.00025687122802299246,0.00025687122802299246,0.0006069964365171443,-0.00035012520849415186,-0.00035012520849415186,0.0,0.0,False,0.0,0.0,0.0006069964365171443
2012-02-23,0.004582393556376736,0.004582393556376736,0.00366476707133055,0.0009176264850461859,0.0009176264850461859,0.0,0.0,False,0.0,0.0,0.00366476707133055
2012-02-24,0.0013299134651052961,0.0013299134651052961,0.003088554217031695,-0.0017586407519263989,-0.0017586407519263989,0.0,0.0,False,0.0,0.0,0.003088554217031695
2012-02-27,0.0024081640477988334,0.0024081640477988334,0.00022720105919623028,0.0021809629886026033,0.0021809629886026033,0.0,0.0,False,0.0,0.0,0.00022720105919623028
2012-02-28,0.000636172989617195,0.000636172989617195,0.003994801784234453,-0.0033586287946172576,-0.0033586287946172576,0.0,0.0,False,0.0,0.0,0.003994801784234453
2012-02-29,-0.005696179650601389,-0.005696179650601389,-0.004947908836538648,-0.0007482708140627405,-0.0007482708140627405,0.0,0.0,False,0.0,0.0,-0.004947908836538648
2012-03-01,0.0005356269034341758,0.0005232524115088473,0.0029893702063194744,-0.0024661177948106273,-0.002453743302885299,0.012374491925328478,1.2374491925328479e-05,True,0.011079333096650754,1.1079333096650753e-05,0.0029782908732228237
2012-03-02,-0.0012157062041700563,-0.0012157062041700563,-0.001996936943310274,0.0007812307391402177,0.0007812307391402177,0.0,0.0,False,0.0,0.0,-0.001996936943310274
2012-03-05,-0.002765633716226584,-0.002765633716226584,-0.00476449751464369,0.001998863798417106,0.001998863798417106,0.0,0.0,False,0.0,0.0,-0.00476449751464369
2012-03-06,-0.005798848932998136,-0.005798848932998136,-0.012293242203372039,0.006494393270373903,0.006494393270373903,0.0,0.0,False,0.0,0.0,-0.012293242203372039
2012-03-07,0.0026389293006779265,0.0026389293006779265,0.004773160210994309,-0.0021342309103163826,-0.0021342309103163826,0.0,0.0,False,0.0,0.0,0.004773160210994309
2012-03-08,0.0035701159179746464,0.0035701159179746464,0.007800807160139799,-0.0042306912421651525,-0.0042306912421651525,0.0,0.0,False,0.0,0.0,0.007800807160139799
2012-03-09,0.003402964734631736,0.003402964734631736,0.0011670446608431034,0.002235920073788633,0.002235920073788633,0.0,0.0,False,0.0,0.0,0.0011670446608431034
2012-03-12,-0.0005012779192646352,-0.0005012779192646352,-0.0019079751413175637,0.0014066972220529285,0.0014066972220529285,0.0,0.0,False,0.0,0.0,-0.0019079751413175637
2012-03-13,0.005313229522459566,0.005313229522459566,0.008835267442402542,-0.0035220379199429764,-0.0035220379199429764,0.0,0.0,False,0.0,0.0,0.008835267442402542
2012-03-14,-0.008456734535509432,-0.008456734535509432,-0.008889411989765325,0.0004326774542558927,0.0004326774542558927,0.0,0.0,False,0.0,0.0,-0.008889411989765325
2012-03-15,0.0033702191911769374,0.0033702191911769374,0.004129877874906984,-0.0007596586837300468,-0.0007596586837300468,0.0,0.0,False,0.0,0.0,0.004129877874906984
2012-03-16,0.0005012290759468486,0.0005012290759468486,0.0015680937848826983,-0.0010668647089358497,-0.0010668647089358497,0.0,0.0,False,0.0,0.0,0.0015680937848826983
2012-03-19,-0.0004082205999443461,-0.0004082205999443461,8.091765976570757e-05,-0.0004891382597100537,-0.0004891382597100537,0.0,0.0,False,0.0,0.0,8.091765976570757e-05
2012-03-20,-0.0020528706207130556,-0.0020528706207130556,-0.004690491407935297,0.0026376207872222416,0.0026376207872222416,0.0,0.0,False,0.0,0.0,-0.004690491407935297
2012-03-21,0.002297544289618594,0.002297544289618594,0.0008665796507719347,0.0014309646388466594,0.0014309646388466594,0.0,0.0,False,0.0,0.0,0.0008665796507719347
2012-03-22,-0.0035351297125777786,-0.0035351297125777786,-0.005100727693905271,0.0015655979813274925,0.0015655979813274925,0.0,0.0,False,0.0,0.0,-0.005100727693905271
2012-03-23,0.004884869608710348,0.004884869608710348,0.004576463415274831,0.0003084061934355165,0.0003084061934355165,0.0,0.0,False,0.0,0.0,0.004576463415274831
2012-03-26,0.007674785272358452,0.007674785272358452,0.008858366601556207,-0.0011835813291977554,-0.0011835813291977554,0.0,0.0,False,0.0,0.0,0.008858366601556207
2012-03-27,0.0005989982160750879,0.0005989982160750879,-0.00024062551547489688,0.0008396237315499848,0.0008396237315499848,0.0,0.0,False,0.0,0.0,-0.00024062551547489688
2012-03-28,-0.0035471340603818987,-0.0035471340603818987,-0.005196256957849812,0.0016491228974679136,0.0016491228974679136,0.0,0.0,False,0.0,0.0,-0.005196256957849812
2012-03-29,0.0010927303249261573,0.0010927303249261573,-0.0002731170500729183,0.0013658473749990755,0.0013658473749990755,0.0,0.0,False,0.0,0.0,-0.0002731170500729183
2012-03-30,-0.0023467610565794978,-0.0023467610565794978,0.0009987760497843598,-0.003345537106363858,-0.003345537106363858,0.0,0.0,False,0.0,0.0,0.0009987760497843598
2012-04-02,0.0057300504366762876,0.005630726445977257,0.007075496275955628,-0.001444769829978371,-0.0013454458392793403,0.0993239906990304,9.93239906990304e-05,True,0.01102323991151868,1.1023239911518682e-05,0.0070644730360441095
2012-04-03,-0.006403229752373428,-0.006403229752373428,-0.008523538428092283,0.0021203086757188546,0.0021203086757188546,0.0,0.0,False,0.0,0.0,-0.008523538428092283
2012-04-04,-0.004019870221571609,-0.004019870221571609,-0.00697212402465527,0.0029522538030836605,0.0029522538030836605,0.0,0.0,False,0.0,0.0,-0.00697212402465527
2012-04-05,0.0009274518408555024,0.0009274518408555024,0.0008030047947875532,0.00012444704606794923,0.00012444704606794923,0.0,0.0,False,0.0,0.0,0.0008030047947875532
2012-04-09,-0.0019897597108973985,-0.0019897597108973985,-0.0020532479870569477,6.348827615954922e-05,6.348827615954922e-05,0.0,0.0,False,0.0,0.0,-0.0020532479870569477
2012-04-10,-0.007885637425181126,-0.007885637425181126,-0.009731061247950805,0.0018454238227696793,0.0018454238227696793,0.0,0.0,False,0.0,0.0,-0.009731061247950805
2012-04-11,0.0033873736794605503,0.0033873736794605503,0.004539929186861656,-0.001152555507401106,-0.001152555507401106,0.0,0.0,False,0.0,0.0,0.004539929186861656
2012-04-12,0.006061994764293256,0.006061994764293256,0.009196889636519694,-0.0031348948722264387,-0.0031348948722264387,0.0,0.0,False,0.0,0.0,0.009196889636519694
2012-04-13,-0.0033563548262641888,-0.0033563548262641888,-0.005720319000002301,0.002363964173738112,0.002363964173738112,0.0,0.0,False,0.0,0.0,-0.005720319000002301
2012-04-16,-7.52768515381585e-05,-7.52768515381585e-05,0.00030555260293844034,-0.00038082945447659883,-0.00038082945447659883,0.0,0.0,False,0.0,0.0,0.00030555260293844034
2012-04-17,0.007131376449254439,0.007131376449254439,0.008478008811188624,-0.0013466323619341844,-0.0013466323619341844,0.0,0.0,False,0.0,0.0,0.008478008811188624
2012-04-18,-0.0016591570333084234,-0.0016591570333084234,-0.002073056721932351,0.00041389968862392754,0.00041389968862392754,0.0,0.0,False,0.0,0.0,-0.002073056721932351
2012-04-19,-0.0026023323500498252,-0.0026023323500498252,-0.003119949467584086,0.0005176171175342607,0.0005176171175342607,0.0,0.0,False,0.0,0.0,-0.003119949467584086
2012-04-20,0.0014649675123178147,0.0014649675123178147,0.002848593965503801,-0.0013836264531859863,-0.0013836264531859863,0.0,0.0,False,0.0,0.0,0.002848593965503801
2012-04-23,-0.004305359102657447,-0.004305359102657447,-0.007175374034634717,0.0028700149319772703,0.0028700149319772703,0.0,0.0,False,0.0,0.0,-0.007175374034634717
2012-04-24,0.001290118556574132,0.001290118556574132,0.0016801532623454498,-0.00039003470577131773,-0.00039003470577131773,0.0,0.0,False,0.0,0.0,0.0016801532623454498
2012-04-25,0.006914960478769074,0.006914960478769074,0.007425691765333873,-0.0005107312865647992,-0.0005107312865647992,0.0,0.0,False,0.0,0.0,0.007425691765333873
2012-04-26,0.005373186164120045,0.005373186164120045,0.005285857698295428,8.732846582461696e-05,8.732846582461696e-05,0.0,0.0,False,0.0,0.0,0.005285857698295428
2012-04-27,0.0023743820147418457,0.0023743820147418457,0.002092679087476492,0.0002817029272653539,0.0002817029272653539,0.0,0.0,False,0.0,0.0,0.002092679087476492
2012-04-30,-0.002807009946650354,-0.002807009946650354,-0.0026063988093878087,-0.00020061113726254536,-0.00020061113726254536,0.0,0.0,False,0.0,0.0,-0.0026063988093878087
2012-05-01,0.001423551412215772,0.0013334194419438957,0.0022833216316882287,-0.000949902189744333,-0.0008597702194724566,0.0901319702718764,9.01319702718764e-05,True,0.008473918524125351,8.473918524125351e-06,0.0022748477131641033
2012-05-02,0.0006167625642520073,0.0006167625642520073,-0.0009048832521327778,0.0015216458163847851,0.0015216458163847851,0.0,0.0,False,0.0,0.0,-0.0009048832521327778
2012-05-03,-0.004817051377640661,-0.004817051377640661,-0.005004971624436865,0.00018792024679620354,0.00018792024679620354,0.0,0.0,False,0.0,0.0,-0.005004971624436865
2012-05-04,-0.007343584424391147,-0.007343584424391147,-0.008451500505520536,0.0011079160811293893,0.0011079160811293893,0.0,0.0,False,0.0,0.0,-0.008451500505520536
2012-05-07,0.000981446220557636,0.000981446220557636,0.0019932883915249645,-0.0010118421709673286,-0.0010118421709673286,0.0,0.0,False,0.0,0.0,0.0019932883915249645
2012-05-08,-0.0003128701427717245,-0.0003128701427717245,-0.003975380981079583,0.0036625108383078584,0.0036625108383078584,0.0,0.0,False,0.0,0.0,-0.003975380981079583
2012-05-09,-0.0030973128497141606,-0.0030973128497141606,-0.005068152436657468,0.0019708395869433076,0.0019708395869433076,0.0,0.0,False,0.0,0.0,-0.005068152436657468
2012-05-10,0.0004548646030389365,0.0004548646030389365,0.001134781298472795,-0.0006799166954338584,-0.0006799166954338584,0.0,0.0,False,0.0,0.0,0.001134781298472795
2012-05-11,0.00014063241451234412,0.00014063241451234412,-0.0016217294194171734,0.0017623618339295175,0.0017623618339295175,0.0,0.0,False,0.0,0.0,-0.0016217294194171734
2012-05-14,-0.00462470409932628,-0.00462470409932628,-0.007250047297056162,0.0026253431977298815,0.0026253431977298815,0.0,0.0,False,0.0,0.0,-0.007250047297056162
2012-05-15,-0.0024553527270742056,-0.0024553527270742056,-0.004344452353051555,0.0018890996259773498,0.0018890996259773498,0.0,0.0,False,0.0,0.0,-0.004344452353051555
2012-05-16,-0.0020977384550131344,-0.0020977384550131344,-0.0038474813846065044,0.00174974292959337,0.00174974292959337,0.0,0.0,False,0.0,0.0,-0.0038474813846065044
2012-05-17,-0.009221758045213354,-0.009221758045213354,-0.007922368430735145,-0.0012993896144782094,-0.0012993896144782094,0.0,0.0,False,0.0,0.0,-0.007922368430735145
2012-05-18,-0.005401493394930482,-0.005401493394930482,-0.005605284176460182,0.00020379078152970003,0.00020379078152970003,0.0,0.0,False,0.0,0.0,-0.005605284176460182
2012-05-21,0.008892083777971762,0.008892083777971762,0.01097765655496233,-0.002085572776990568,-0.002085572776990568,0.0,0.0,False,0.0,0.0,0.01097765655496233
2012-05-22,-0.001546369642303012,-0.001546369642303012,-0.0027673088774977806,0.0012209392351947687,0.0012209392351947687,0.0,0.0,False,0.0,0.0,-0.0027673088774977806
2012-05-23,0.0024527420888877565,0.0024527420888877565,-2.662395271365518e-05,0.0024793660416014118,0.0024793660416014118,0.0,0.0,False,0.0,0.0,-2.662395271365518e-05
2012-05-24,0.000433104008510355,0.000433104008510355,-0.0013519895492553043,0.0017850935577656594,0.0017850935577656594,0.0,0.0,False,0.0,0.0,-0.0013519895492553043
2012-05-25,0.00017121703080313777,0.00017121703080313777,-0.000724895129273308,0.0008961121600764458,0.0008961121600764458,0.0,0.0,False,0.0,0.0,-0.000724895129273308
2012-05-29,0.006445536730873458,0.006445536730873458,0.008546315638497837,-0.0021007789076243786,-0.0021007789076243786,0.0,0.0,False,0.0,0.0,0.008546315638497837
2012-05-30,-0.0051065771368533335,-0.0051065771368533335,-0.006677040044030802,0.0015704629071774685,0.0015704629071774685,0.0,0.0,False,0.0,0.0,-0.006677040044030802
2012-05-31,0.0017589634882609882,0.0017589634882609882,0.002847320061317469,-0.0010883565730564807,-0.0010883565730564807,0.0,0.0,False,0.0,0.0,0.002847320061317469
2012-06-01,-0.009977327356301208,-0.009998009767312532,-0.011710605579772698,0.001712595812460166,0.0017332782234714891,0.020682411011322618,2.068241101132262e-05,True,0.027344933916253603,2.73449339162536e-05,-0.011737950513688951
2012-06-04,-0.003820432197434578,-0.003820432197434578,-0.0013270229546700457,-0.0024934092427645327,-0.0024934092427645327,0.0,0.0,False,0.0,0.0,-0.0013270229546700457
2012-06-05,0.0032659969804583145,0.0032659969804583145,0.0025382031484238858,0.0007277938320344288,0.0007277938320344288,0.0,0.0,False,0.0,0.0,0.0025382031484238858
2012-06-06,0.009308462411941372,0.009308462411941372,0.012216306461696184,-0.002907844049754813,-0.002907844049754813,0.0,0.0,False,0.0,0.0,0.012216306461696184
2012-06-07,0.00025967030516803064,0.00025967030516803064,0.0015446676397473246,-0.001284997334579294,-0.001284997334579294,0.0,0.0,False,0.0,0.0,0.0015446676397473246
2012-06-08,0.006004166957249277,0.006004166957249277,0.002376700733198424,0.003627466224050853,0.003627466224050853,0.0,0.0,False,0.0,0.0,0.002376700733198424
2012-06-11,-0.007377152402507352,-0.007377152402507352,-0.007135761442824653,-0.00024139095968269894,-0.00024139095968269894,0.0,0.0,False,0.0,0.0,-0.007135761442824653
2012-06-12,0.00396183931706487,0.00396183931706487,0.006703126901649419,-0.0027412875845845494,-0.0027412875845845494,0.0,0.0,False,0.0,0.0,0.006703126901649419
2012-06-13,-0.0019119809015771165,-0.0019119809015771165,-0.0020285324700759265,0.00011655156849880999,0.00011655156849880999,0.0,0.0,False,0.0,0.0,-0.0020285324700759265
2012-06-14,0.0045632498395271085,0.0045632498395271085,0.004813981831767149,-0.0002507319922400407,-0.0002507319922400407,0.0,0.0,False,0.0,0.0,0.004813981831767149
2012-06-15,0.007893189348637107,0.007893189348637107,0.009549538531974999,-0.0016563491833378914,-0.0016563491833378914,0.0,0.0,False,0.0,0.0,0.009549538531974999
2012-06-18,0.0007058185564840464,0.0007058185564840464,0.0005653020545713715,0.00014051650191267498,0.00014051650191267498,0.0,0.0,False,0.0,0.0,0.0005653020545713715
2012-06-19,0.005123099613724094,0.005123099613724094,0.006515270749824955,-0.0013921711361008608,-0.0013921711361008608,0.0,0.0,False,0.0,0.0,0.006515270749824955
2012-06-20,-0.0012508025182996576,-0.0012508025182996576,-0.00011315128871683321,-0.0011376512295828245,-0.0011376512295828245,0.0,0.0,False,0.0,0.0,-0.00011315128871683321
2012-06-21,-0.011058025876750003,-0.011058025876750003,-0.014934963526752196,0.003876937650002193,0.003876937650002193,0.0,0.0,False,0.0,0.0,-0.014934963526752196
2012-06-22,0.0032316511146701804,0.0032316511146701804,0.002877654025194753,0.0003539970894754275,0.0003539970894754275,0.0,0.0,False,0.0,0.0,0.002877654025194753
2012-06-25,-0.006205959270251513,-0.006205959270251513,-0.008757837320335624,0.002551878050084111,0.002551878050084111,0.0,0.0,False,0.0,0.0,-0.008757837320335624
2012-06-26,0.0020457728677551338,0.0020457728677551338,0.003070203226446055,-0.0010244303586909214,-0.0010244303586909214,0.0,0.0,False,0.0,0.0,0.003070203226446055
2012-06-27,0.006450979695825616,0.006450979695825616,0.006160921761887544,0.00029005793393807166,0.00029005793393807166,0.0,0.0,False,0.0,0.0,0.006160921761887544
2012-06-28,-9.374586522438596e-05,-9.374586522438596e-05,-0.00011848789967355041,2.4742034449164456e-05,2.4742034449164456e-05,0.0,0.0,False,0.0,0.0,-0.00011848789967355041
2012-06-29,0.012214640067125726,0.012214640067125726,0.017301368113661543,-0.005086728046535817,-0.005086728046535817,0.0,0.0,False,0.0,0.0,0.017301368113661543
2012-07-02,0.005271561321149146,0.005175728905875656,0.004712824221143963,0.00046290468473169245,0.0005587371000051822,0.09583241527348953,9.583241527348952e-05,True,0.011978050349057377,1.1978050349057378e-05,0.004700846170794906
2012-07-03,0.0036493692259868434,0.0036493692259868434,0.005232043605736999,-0.0015826743797501559,-0.0015826743797501559,0.0,0.0,False,0.0,0.0,0.005232043605736999
2012-07-05,-0.00047084274971367977,-0.00047084274971367977,-0.0038022117739178315,0.0033313690242041515,0.0033313690242041515,0.0,0.0,False,0.0,0.0,-0.0038022117739178315
2012-07-06,-0.003550659470404165,-0.003550659470404165,-0.00509985652472031,0.0015491970543161445,0.0015491970543161445,0.0,0.0,False,0.0,0.0,-0.00509985652472031
2012-07-09,8.96960728865193e-06,8.96960728865193e-06,-0.00015025424524673958,0.00015922385253539152,0.00015922385253539152,0.0,0.0,False,0.0,0.0,-0.00015025424524673958
2012-07-10,-0.004674862014778603,-0.004674862014778603,-0.0050872301016256045,0.0004123680868470016,0.0004123680868470016,0.0,0.0,False,0.0,0.0,-0.0050872301016256045
2012-07-11,-0.0005774282066712352,-0.0005774282066712352,0.0009743916613532135,-0.0015518198680244486,-0.0015518198680244486,0.0,0.0,False,0.0,0.0,0.0009743916613532135
2012-07-12,-0.0006860929520275919,-0.0006860929520275919,-0.0031233388722907663,0.0024372459202631745,0.0024372459202631745,0.0,0.0,False,0.0,0.0,-0.0031233388722907663
2012-07-13,0.007495001337296785,0.007495001337296785,0.009298313439344896,-0.001803312102048111,-0.001803312102048111,0.0,0.0,False,0.0,0.0,0.009298313439344896
2012-07-16,-0.00029092978325734846,-0.00029092978325734846,-5.848686882706285e-05,-0.0002324429144302856,-0.0002324429144302856,0.0,0.0,False,0.0,0.0,-5.848686882706285e-05
2012-07-17,0.002032899943365623,0.002032899943365623,0.003013323653999942,-0.000980423710634319,-0.000980423710634319,0.0,0.0,False,0.0,0.0,0.003013323653999942
2012-07-18,0.004689928421951016,0.004689928421951016,0.00450022880389178,0.00018969961805923637,0.00018969961805923637,0.0,0.0,False,0.0,0.0,0.00450022880389178
2012-07-19,0.00011256721225029465,0.00011256721225029465,0.0027364830406911805,-0.002623915828440886,-0.002623915828440886,0.0,0.0,False,0.0,0.0,0.0027364830406911805
2012-07-20,-0.0037387930484115393,-0.0037387930484115393,-0.00681259042726316,0.0030737973788516207,0.0030737973788516207,0.0,0.0,False,0.0,0.0,-0.00681259042726316
2012-07-23,-0.005909300591327978,-0.005909300591327978,-0.009262599674427937,0.003353299083099959,0.003353299083099959,0.0,0.0,False,0.0,0.0,-0.009262599674427937
2012-07-24,-0.004112366776400199,-0.004112366776400199,-0.0041361955500067975,2.3828773606598963e-05,2.3828773606598963e-05,0.0,0.0,False,0.0,0.0,-0.0041361955500067975
2012-07-25,0.0008897501504390025,0.0008897501504390025,0.0019397607282866383,-0.0010500105778476357,-0.0010500105778476357,0.0,0.0,False,0.0,0.0,0.0019397607282866383
2012-07-26,0.0061332705401439735,0.0061332705401439735,0.011028473084277051,-0.0048952025441330775,-0.0048952025441330775,0.0,0.0,False,0.0,0.0,0.011028473084277051
2012-07-27,0.006865907110969208,0.006865907110969208,0.009334291474168265,-0.0024683843631990573,-0.0024683843631990573,0.0,0.0,False,0.0,0.0,0.009334291474168265
2012-07-30,0.0009513757093846338,0.0009513757093846338,0.00048545506915665814,0.00046592064022797565,0.00046592064022797565,0.0,0.0,False,0.0,0.0,0.00048545506915665814
2012-07-31,-0.002508903903113609,-0.002508903903113609,-0.0026766657253715805,0.00016776182225797156,0.00016776182225797156,0.0,0.0,False,0.0,0.0,-0.0026766657253715805
2012-08-01,-0.004372421137986086,-0.004376644018700586,-0.0020227321187618053,-0.002353911899938781,-0.0023496890192242804,0.004222880714500088,4.222880714500088e-06,True,0.0047472521472635525,4.747252147263552e-06,-0.0020274793709090686
2012-08-02,-0.002068256008629692,-0.002068256008629692,-0.004675505194481946,0.002607249185852254,0.002607249185852254,0.0,0.0,False,0.0,0.0,-0.004675505194481946
2012-08-03,0.00851488191401233,0.00851488191401233,0.013054042248831138,-0.0045391603348188085,-0.0045391603348188085,0.0,0.0,False,0.0,0.0,0.013054042248831138
2012-08-06,0.002337099150721997,0.002337099150721997,0.0030237659669938,-0.000686666816271803,-0.000686666816271803,0.0,0.0,False,0.0,0.0,0.0030237659669938
2012-08-07,0.0006886450517111538,0.0006886450517111538,0.001085546160542087,-0.00039690110883093316,-0.00039690110883093316,0.0,0.0,False,0.0,0.0,0.001085546160542087
2012-08-08,-0.0006843301860628777,-0.0006843301860628777,-0.0005416283907459713,-0.00014270179531690637,-0.00014270179531690637,0.0,0.0,False,0.0,0.0,-0.0005416283907459713
2012-08-09,0.0007284525932053693,0.0007284525932053693,0.0007404067617001359,-1.1954168494766643e-05,-1.1954168494766643e-05,0.0,0.0,False,0.0,0.0,0.0007404067617001359
2012-08-10,0.0013937042343353618,0.0013937042343353618,0.0022871929228567463,-0.0008934886885213844,-0.0008934886885213844,0.0,0.0,False,0.0,0.0,0.0022871929228567463
2012-08-13,-0.0009511464346381405,-0.0009511464346381405,-0.002394315465371128,0.0014431690307329876,0.0014431690307329876,0.0,0.0,False,0.0,0.0,-0.002394315465371128
2012-08-14,-0.002647714877015683,-0.002647714877015683,-0.0020201103857583145,-0.0006276044912573685,-0.0006276044912573685,0.0,0.0,False,0.0,0.0,-0.0020201103857583145
2012-08-15,-0.0005427715318325535,-0.0005427715318325535,-0.002146693299131202,0.0016039217672986484,0.0016039217672986484,0.0,0.0,False,0.0,0.0,-0.002146693299131202
2012-08-16,0.0031116880886654635,0.0031116880886654635,0.004327422859557323,-0.0012157347708918595,-0.0012157347708918595,0.0,0.0,False,0.0,0.0,0.004327422859557323
2012-08-17,0.002237173360277839,0.002237173360277839,0.0011293583302839725,0.0011078150299938666,0.0011078150299938666,0.0,0.0,False,0.0,0.0,0.0011293583302839725
2012-08-20,0.00023047404612544194,0.00023047404612544194,0.00028818426274700756,-5.771021662156562e-05,-5.771021662156562e-05,0.0,0.0,False,0.0,0.0,0.00028818426274700756
2012-08-21,-0.0006693860428063396,-0.0006693860428063396,0.000394934577842292,-0.0010643206206486316,-0.0010643206206486316,0.0,0.0,False,0.0,0.0,0.000394934577842292
2012-08-22,0.002785546899978578,0.002785546899978578,0.0028625161401473,-7.69692401687218e-05,-7.69692401687218e-05,0.0,0.0,False,0.0,0.0,0.0028625161401473
2012-08-23,-0.003364787401482077,-0.003364787401482077,-0.004014038450684106,0.0006492510492020287,0.0006492510492020287,0.0,0.0,False,0.0,0.0,-0.004014038450684106
2012-08-24,0.0025825585109393928,0.0025825585109393928,0.0017807858798944308,0.000801772631044962,0.000801772631044962,0.0,0.0,False,0.0,0.0,0.0017807858798944308
2012-08-27,0.0016232049517237493,0.0016232049517237493,0.00023884664792182635,0.0013843583038019229,0.0013843583038019229,0.0,0.0,False,0.0,0.0,0.00023884664792182635
2012-08-28,0.0007170979610511096,0.0007170979610511096,-2.3061956026681108e-05,0.0007401599170777907,0.0007401599170777907,0.0,0.0,False,0.0,0.0,-2.3061956026681108e-05
2012-08-29,0.0002728179685517404,0.0002728179685517404,-0.0012014442360106215,0.001474262204562362,0.001474262204562362,0.0,0.0,False,0.0,0.0,-0.0012014442360106215
2012-08-30,-0.0035166832993042633,-0.0035166832993042633,-0.005491046754438418,0.001974363455134155,0.001974363455134155,0.0,0.0,False,0.0,0.0,-0.005491046754438418
2012-08-31,0.0055369988758454435,0.0055369988758454435,0.006921322943574455,-0.0013843240677290118,-0.0013843240677290118,0.0,0.0,False,0.0,0.0,0.006921322943574455
2012-09-04,0.0005397997287442404,0.00028284347875399176,-0.001844622999131057,0.0021274664778850485,0.002384422727875297,0.25695624999024863,0.00025695624999024863,True,0.007227000584314799,7.2270005843148e-06,-0.0018518499997153717
2012-09-05,-0.00035933828205053566,-0.00035933828205053566,-0.001408092263055482,0.0010487539810049465,0.0010487539810049465,0.0,0.0,False,0.0,0.0,-0.001408092263055482
2012-09-06,0.007137619598848283,0.007137619598848283,0.010075151133250724,-0.002937531534402441,-0.002937531534402441,0.0,0.0,False,0.0,0.0,0.010075151133250724
2012-09-07,0.003232088872593842,0.003232088872593842,0.006507955494264072,-0.0032758666216702297,-0.0032758666216702297,0.0,0.0,False,0.0,0.0,0.006507955494264072
2012-09-10,-0.0026346783511436264,-0.0026346783511436264,-0.0042678864119337166,0.0016332080607900901,0.0016332080607900901,0.0,0.0,False,0.0,0.0,-0.0042678864119337166
2012-09-11,0.0011784234359230924,0.0011784234359230924,0.0033483651009827637,-0.0021699416650596713,-0.0021699416650596713,0.0,0.0,False,0.0,0.0,0.0033483651009827637
2012-09-12,0.00033164460978804154,0.00033164460978804154,0.0008727696620375773,-0.0005411250522495358,-0.0005411250522495358,0.0,0.0,False,0.0,0.0,0.0008727696620375773
2012-09-13,0.0095156711380301,0.0095156711380301,0.011568812126811956,-0.002053140988781857,-0.002053140988781857,0.0,0.0,False,0.0,0.0,0.011568812126811956
2012-09-14,-0.0009068072066182094,-0.0009068072066182094,0.0006553664756379417,-0.0015621736822561511,-0.0015621736822561511,0.0,0.0,False,0.0,0.0,0.0006553664756379417
2012-09-17,-0.00014179754883470404,-0.00014179754883470404,-0.0018049177060045992,0.0016631201571698953,0.0016631201571698953,0.0,0.0,False,0.0,0.0,-0.0018049177060045992
2012-09-18,0.00066091348776219,0.00066091348776219,0.00014350016564616914,0.0005174133221160208,0.0005174133221160208,0.0,0.0,False,0.0,0.0,0.00014350016564616914
2012-09-19,0.0009627463972448938,0.0009627463972448938,0.001723370546842131,-0.0007606241495972372,-0.0007606241495972372,0.0,0.0,False,0.0,0.0,0.001723370546842131
2012-09-20,-0.0008403648533490554,-0.0008403648533490554,-0.001719046755148213,0.0008786819017991576,0.0008786819017991576,0.0,0.0,False,0.0,0.0,-0.001719046755148213
2012-09-21,0.0013241219234189018,0.0013241219234189018,0.0011269627794028084,0.00019715914401609346,0.00019715914401609346,0.0,0.0,False,0.0,0.0,0.0011269627794028084
2012-09-24,-3.0600279010103065e-05,-3.0600279010103065e-05,-0.00025204791381175135,0.00022144763480164828,0.00022144763480164828,0.0,0.0,False,0.0,0.0,-0.00025204791381175135
2012-09-25,-0.004711320556584358,-0.004711320556584358,-0.005113868703258074,0.0004025481466737157,0.0004025481466737157,0.0,0.0,False,0.0,0.0,-0.005113868703258074
2012-09-26,-0.001199919266731568,-0.001199919266731568,-0.0022948124916822785,0.0010948932249507104,0.0010948932249507104,0.0,0.0,False,0.0,0.0,-0.0022948124916822785
2012-09-27,0.004396282459796007,0.004396282459796007,0.006006155142179593,-0.0016098726823835854,-0.0016098726823835854,0.0,0.0,False,0.0,0.0,0.006006155142179593
2012-09-28,-0.0020117028577161843,-0.0020117028577161843,-0.005067497280329725,0.003055794422613541,0.003055794422613541,0.0,0.0,False,0.0,0.0,-0.005067497280329725
2012-10-01,0.0010352914685886202,0.0007552914768823825,0.004125593897281121,-0.0033703024203987388,-0.0030903024286925013,0.2799999917062377,0.0002799999917062377,True,0.007461413343264736,7.461413343264736e-06,0.004118132483937857
2012-10-02,0.0018932955843064337,0.0018932955843064337,0.0009956110631127969,0.0008976845211936368,0.0008976845211936368,0.0,0.0,False,0.0,0.0,0.0009956110631127969
2012-10-03,0.00176355223526458,0.00176355223526458,0.00010292823755925879,0.001660623997705321,0.001660623997705321,0.0,0.0,False,0.0,0.0,0.00010292823755925879
2012-10-04,0.004207651783882304,0.004207651783882304,0.0038260032538549077,0.0003816485300273966,0.0003816485300273966,0.0,0.0,False,0.0,0.0,0.0038260032538549077
2012-10-05,-0.0004841349687699116,-0.0004841349687699116,-0.0016073326800501136,0.001123197711280202,0.001123197711280202,0.0,0.0,False,0.0,0.0,-0.0016073326800501136
2012-10-08,-0.0021234210606498054,-0.0021234210606498054,-0.001694625270533131,-0.0004287957901166744,-0.0004287957901166744,0.0,0.0,False,0.0,0.0,-0.001694625270533131
2012-10-09,-0.005987738809625871,-0.005987738809625871,-0.006840493388941851,0.0008527545793159804,0.0008527545793159804,0.0,0.0,False,0.0,0.0,-0.006840493388941851
2012-10-10,-0.002199725867517514,-0.002199725867517514,-0.0019275465497905772,-0.00027217931772693677,-0.00027217931772693677,0.0,0.0,False,0.0,0.0,-0.0019275465497905772
2012-10-11,0.002431715841132832,0.002431715841132832,0.003259796961031847,-0.0008280811198990152,-0.0008280811198990152,0.0,0.0,False,0.0,0.0,0.003259796961031847
2012-10-12,-0.0021715815529884776,-0.0021715815529884776,-0.0015485142556704128,-0.0006230672973180649,-0.0006230672973180649,0.0,0.0,False,0.0,0.0,-0.0015485142556704128
2012-10-15,0.006060983491029981,0.006060983491029981,0.005274886559445977,0.0007860969315840044,0.0007860969315840044,0.0,0.0,False,0.0,0.0,0.005274886559445977
2012-10-16,0.005812590600172369,0.005812590600172369,0.005216472864721265,0.0005961177354511038,0.0005961177354511038,0.0,0.0,False,0.0,0.0,0.005216472864721265
2012-10-17,0.0027846841538597977,0.0027846841538597977,0.0020400271314677037,0.000744657022392094,0.000744657022392094,0.0,0.0,False,0.0,0.0,0.0020400271314677037
2012-10-18,-0.0013618084876712282,-0.0013618084876712282,-0.0028538567388732713,0.001492048251202043,0.001492048251202043,0.0,0.0,False,0.0,0.0,-0.0028538567388732713
2012-10-19,-0.010380825531048011,-0.010380825531048011,-0.007917046689075594,-0.002463778841972417,-0.002463778841972417,0.0,0.0,False,0.0,0.0,-0.007917046689075594
2012-10-22,-0.0009061007938340961,-0.0009061007938340961,0.0007351762875898095,-0.0016412770814239056,-0.0016412770814239056,0.0,0.0,False,0.0,0.0,0.0007351762875898095
2012-10-23,-0.0068977623555714,-0.0068977623555714,-0.007877248380778757,0.0009794860252073578,0.0009794860252073578,0.0,0.0,False,0.0,0.0,-0.007877248380778757
2012-10-24,-0.0022148832013816483,-0.0022148832013816483,-0.002118636424155766,-9.62467772258821e-05,-9.62467772258821e-05,0.0,0.0,False,0.0,0.0,-0.002118636424155766
2012-10-25,0.001094961877817968,0.001094961877817968,0.0016586620955039379,-0.0005637002176859698,-0.0005637002176859698,0.0,0.0,False,0.0,0.0,0.0016586620955039379
2012-10-26,-0.0011441177273134003,-0.0011441177273134003,0.001323508501571668,-0.0024676262288850686,-0.0024676262288850686,0.0,0.0,False,0.0,0.0,0.001323508501571668
2012-10-31,0.002707402695442003,0.002707402695442003,0.0016173343829703189,0.001090068312471684,0.001090068312471684,0.0,0.0,False,0.0,0.0,0.0016173343829703189
2012-11-01,0.0044730679246284405,0.004280180300419667,0.005592906422870003,-0.0013127261224503356,-0.0011198384982415623,0.19288762420877348,0.00019288762420877347,True,0.005067175140127427,5.067175140127427e-06,0.0055878392477298755
2012-11-02,-0.005330312732338175,-0.005330312732338175,-0.0056128960664454915,0.0002825833341073168,0.0002825833341073168,0.0,0.0,False,0.0,0.0,-0.0056128960664454915
2012-11-05,0.0017301210585275052,0.0017301210585275052,0.0019039390421412596,-0.0001738179836137544,-0.0001738179836137544,0.0,0.0,False,0.0,0.0,0.0019039390421412596
2012-11-06,0.002461049035669699,0.002461049035669699,0.0028547768298875717,-0.00039372779421787286,-0.00039372779421787286,0.0,0.0,False,0.0,0.0,0.0028547768298875717
2012-11-07,-0.01032560179875893,-0.01032560179875893,-0.009131536450366058,-0.001194065348392873,-0.001194065348392873,0.0,0.0,False,0.0,0.0,-0.009131536450366058
2012-11-08,-0.0068805855287080555,-0.0068805855287080555,-0.005399124779016761,-0.0014814607496912947,-0.0014814607496912947,0.0,0.0,False,0.0,0.0,-0.005399124779016761
2012-11-09,-0.00011353390885871878,-0.00011353390885871878,0.00032193976517761824,-0.000435473674036337,-0.000435473674036337,0.0,0.0,False,0.0,0.0,0.00032193976517761824
2012-11-12,-0.00023556870583171636,-0.00023556870583171636,0.0005903966429462869,-0.0008259653487780032,-0.0008259653487780032,0.0,0.0,False,0.0,0.0,0.0005903966429462869
2012-11-13,-0.001855690961197436,-0.001855690961197436,-0.0024710986068225598,0.0006154076456251238,0.0006154076456251238,0.0,0.0,False,0.0,0.0,-0.0024710986068225598
2012-11-14,-0.008785354586472343,-0.008785354586472343,-0.007590134339891405,-0.0011952202465809383,-0.0011952202465809383,0.0,0.0,False,0.0,0.0,-0.007590134339891405
2012-11-15,-0.0023198353042135655,-0.0023198353042135655,-0.00041125246499048516,-0.0019085828392230804,-0.0019085828392230804,0.0,0.0,False,0.0,0.0,-0.00041125246499048516
2012-11-16,0.0037357491425679436,0.0037357491425679436,0.0021980937972047726,0.001537655345363171,0.001537655345363171,0.0,0.0,False,0.0,0.0,0.0021980937972047726
2012-11-19,0.0116789860229898,0.0116789860229898,0.011719189621875237,-4.020359888543684e-05,-4.020359888543684e-05,0.0,0.0,False,0.0,0.0,0.011719189621875237
2012-11-20,-0.00036208028322923453,-0.00036208028322923453,-0.0015755295850353546,0.0012134493018061202,0.0012134493018061202,0.0,0.0,False,0.0,0.0,-0.0015755295850353546
2012-11-21,0.0012087519396406705,0.0012087519396406705,0.0006557728154933133,0.0005529791241473572,0.0005529791241473572,0.0,0.0,False,0.0,0.0,0.0006557728154933133
2012-11-23,0.006970743966400752,0.006970743966400752,0.009325831177337453,-0.0023550872109367018,-0.0023550872109367018,0.0,0.0,False,0.0,0.0,0.009325831177337453
2012-11-26,0.0006098425281723682,0.0006098425281723682,-2.4111825150517304e-05,0.0006339543533228855,0.0006339543533228855,0.0,0.0,False,0.0,0.0,-2.4111825150517304e-05
2012-11-27,-0.0019357188350453654,-0.0019357188350453654,-0.002441096365432132,0.0005053775303867664,0.0005053775303867664,0.0,0.0,False,0.0,0.0,-0.002441096365432132
2012-11-28,0.004248823894450112,0.004248823894450112,0.00462664485696961,-0.0003778209625194982,-0.0003778209625194982,0.0,0.0,False,0.0,0.0,0.00462664485696961
2012-11-29,0.004298433159618103,0.004298433159618103,0.004316206627683197,-1.7773468065093202e-05,-1.7773468065093202e-05,0.0,0.0,False,0.0,0.0,0.004316206627683197
2012-11-30,-0.00010898235466500096,-0.00010898235466500096,-7.327337557534936e-05,-3.57089790896516e-05,-3.57089790896516e-05,0.0,0.0,False,0.0,0.0,-7.327337557534936e-05
2012-12-03,-0.0008019015453211485,-0.0010799871853326582,-0.0012560851137884575,0.00017609792845579928,0.00045418356846730896,0.27808564001150965,0.0002780856400115097,True,0.0036545015754961135,3.6545015754961133e-06,-0.0012597396153639535
2012-12-04,1.8847216527840963e-05,1.8847216527840963e-05,0.0010829483975490833,-0.0010641011810212423,-0.0010641011810212423,0.0,0.0,False,0.0,0.0,0.0010829483975490833
2012-12-05,0.0013670741868524834,0.0013670741868524834,0.0022113605855288423,-0.0008442863986763589,-0.0008442863986763589,0.0,0.0,False,0.0,0.0,0.0022113605855288423
2012-12-06,0.0016340599890594786,0.0016340599890594786,0.002347035248008699,-0.0007129752589492204,-0.0007129752589492204,0.0,0.0,False,0.0,0.0,0.002347035248008699
2012-12-07,0.0001298621611940363,0.0001298621611940363,-8.366216960234603e-05,0.00021352433079638232,0.00021352433079638232,0.0,0.0,False,0.0,0.0,-8.366216960234603e-05
2012-12-10,0.001283685156901246,0.001283685156901246,0.0016171123645788857,-0.0003334272076776397,-0.0003334272076776397,0.0,0.0,False,0.0,0.0,0.0016171123645788857
2012-12-11,0.0029163943131725934,0.0029163943131725934,0.002637310751947565,0.00027908356122502854,0.00027908356122502854,0.0,0.0,False,0.0,0.0,0.002637310751947565
2012-12-12,-0.0013750020692014286,-0.0013750020692014286,-0.0012075603963570976,-0.00016744167284433098,-0.00016744167284433098,0.0,0.0,False,0.0,0.0,-0.0012075603963570976
2012-12-13,-0.004223189244230911,-0.004223189244230911,-0.0036551410571138265,-0.0005680481871170847,-0.0005680481871170847,0.0,0.0,False,0.0,0.0,-0.0036551410571138265
2012-12-14,-0.001248424604323208,-0.001248424604323208,0.0007696114612105122,-0.00201803606553372,-0.00201803606553372,0.0,0.0,False,0.0,0.0,0.0007696114612105122
2012-12-17,0.005798232557155959,0.005798232557155959,0.0028356287441836845,0.0029626038129722744,0.0029626038129722744,0.0,0.0,False,0.0,0.0,0.0028356287441836845
2012-12-18,0.005345595885555051,0.005345595885555051,0.004720372109643373,0.0006252237759116781,0.0006252237759116781,0.0,0.0,False,0.0,0.0,0.004720372109643373
2012-12-19,-0.0010799173314916927,-0.0010799173314916927,-0.0006383652357682797,-0.00044155209572341303,-0.00044155209572341303,0.0,0.0,False,0.0,0.0,-0.0006383652357682797
2012-12-20,0.003677671087504281,0.003677671087504281,0.003922050408558881,-0.00024437932105459987,-0.00024437932105459987,0.0,0.0,False,0.0,0.0,0.003922050408558881
2012-12-21,-0.0036865674071054847,-0.0036865674071054847,-0.003781948592946906,9.53811858414211e-05,9.53811858414211e-05,0.0,0.0,False,0.0,0.0,-0.003781948592946906
2012-12-24,-0.0026160456395104177,-0.0026160456395104177,-0.0021811728113825587,-0.00043487282812785903,-0.00043487282812785903,0.0,0.0,False,0.0,0.0,-0.0021811728113825587
2012-12-26,-0.0018163323915037241,-0.0018163323915037241,-0.0005571581958235292,-0.0012591741956801948,-0.0012591741956801948,0.0,0.0,False,0.0,0.0,-0.0005571581958235292
2012-12-27,0.000820022175898711,0.000820022175898711,0.001898689134017726,-0.001078666958119015,-0.001078666958119015,0.0,0.0,False,0.0,0.0,0.001898689134017726
2012-12-28,-0.004528130864618166,-0.004528130864618166,-0.003764947484564813,-0.0007631833800533531,-0.0007631833800533531,0.0,0.0,False,0.0,0.0,-0.003764947484564813
2012-12-31,0.00817134760947033,0.00817134760947033,0.00731542120788888,0.0008559264015814512,0.0008559264015814512,0.0,0.0,False,0.0,0.0,0.00731542120788888
2013-01-02,0.013577031505559195,0.013412242625494368,0.012209976682508849,0.0012022659429855188,0.0013670548230503461,0.16478888006482803,0.00016478888006482803,True,0.010758174065818384,1.0758174065818385e-05,0.01219921850844303
2013-01-03,-0.004667712675080773,-0.004667712675080773,-0.005455945630987609,0.0007882329559068361,0.0007882329559068361,0.0,0.0,False,0.0,0.0,-0.005455945630987609
2013-01-04,0.002284913335182323,0.002284913335182323,0.002884636911961965,-0.0005997235767796422,-0.0005997235767796422,0.0,0.0,False,0.0,0.0,0.002884636911961965
2013-01-07,-0.0009772293715735033,-0.0009772293715735033,-0.0020645417624902654,0.001087312390916762,0.001087312390916762,0.0,0.0,False,0.0,0.0,-0.0020645417624902654
2013-01-08,-0.0017021180456300818,-0.0017021180456300818,-0.0017114942315592685,9.37618592918672e-06,9.37618592918672e-06,0.0,0.0,False,0.0,0.0,-0.0017114942315592685
2013-01-09,0.0018641061007191764,0.0018641061007191764,0.002225859399875768,-0.0003617532991565917,-0.0003617532991565917,0.0,0.0,False,0.0,0.0,0.002225859399875768
2013-01-10,0.0052639387950666515,0.0052639387950666515,0.004690817843436777,0.0005731209516298746,0.0005731209516298746,0.0,0.0,False,0.0,0.0,0.004690817843436777
2013-01-11,0.0011860172764249517,0.0011860172764249517,0.0007401046844488383,0.00044591259197611333,0.00044591259197611333,0.0,0.0,False,0.0,0.0,0.0007401046844488383
2013-01-14,-0.0009225247123930846,-0.0009225247123930846,-7.505333861846942e-05,-0.0008474713737746152,-0.0008474713737746152,0.0,0.0,False,0.0,0.0,-7.505333861846942e-05
2013-01-15,-0.000262329998120612,-0.000262329998120612,0.0003521732530993931,-0.000614503251220005,-0.000614503251220005,0.0,0.0,False,0.0,0.0,0.0003521732530993931
2013-01-16,-0.0010605796848759525,-0.0010605796848759525,-0.0006524926717537522,-0.0004080870131222003,-0.0004080870131222003,0.0,0.0,False,0.0,0.0,-0.0006524926717537522
2013-01-17,0.0035086441985903594,0.0035086441985903594,0.0025841269650549014,0.000924517233535458,0.000924517233535458,0.0,0.0,False,0.0,0.0,0.0025841269650549014
2013-01-18,0.001163244080880854,0.001163244080880854,0.001966142103684393,-0.0008028980228035388,-0.0008028980228035388,0.0,0.0,False,0.0,0.0,0.001966142103684393
2013-01-22,0.0020999743640153098,0.0020999743640153098,0.0022092462467571523,-0.00010927188274184249,-0.00010927188274184249,0.0,0.0,False,0.0,0.0,0.0022092462467571523
2013-01-23,0.0006755506587994469,0.0006755506587994469,-0.00011142541556185214,0.000786976074361299,0.000786976074361299,0.0,0.0,False,0.0,0.0,-0.00011142541556185214
2013-01-24,0.0006939209017767424,0.0006939209017767424,-8.310312283484186e-05,0.0007770240246115842,0.0007770240246115842,0.0,0.0,False,0.0,0.0,-8.310312283484186e-05
2013-01-25,0.0021520639596128697,0.0021520639596128697,0.000783438884972142,0.0013686250746407277,0.0013686250746407277,0.0,0.0,False,0.0,0.0,0.000783438884972142
2013-01-28,-0.0015828869961674022,-0.0015828869961674022,-0.0024672831910477057,0.0008843961948803035,0.0008843961948803035,0.0,0.0,False,0.0,0.0,-0.0024672831910477057
2013-01-29,0.0015189697353702452,0.0015189697353702452,0.0024869724048540457,-0.0009680026694838006,-0.0009680026694838006,0.0,0.0,False,0.0,0.0,0.0024869724048540457
2013-01-30,-0.003373885303931092,-0.003373885303931092,-0.002611559358141367,-0.0007623259457897251,-0.0007623259457897251,0.0,0.0,False,0.0,0.0,-0.002611559358141367
2013-01-31,-0.0016672860030901389,-0.0016672860030901389,-0.0002760646513290469,-0.0013912213517610918,-0.0013912213517610918,0.0,0.0,False,0.0,0.0,-0.0002760646513290469
2013-02-01,0.0039910101628199655,0.0037902440862351275,0.0036602430056504984,0.00013000108058462906,0.00033076715716946715,0.20076607658483814,0.00020076607658483817,True,0.014979261898450235,1.4979261898450236e-05,0.003645263743752048
2013-02-04,-0.007546483608630773,-0.007546483608630773,-0.005762148943338644,-0.001784334665292129,-0.001784334665292129,0.0,0.0,False,0.0,0.0,-0.005762148943338644
2013-02-05,0.0028363743719433698,0.0028363743719433698,0.002814583204445318,2.1791167498051624e-05,2.1791167498051624e-05,0.0,0.0,False,0.0,0.0,0.002814583204445318
2013-02-06,0.0007596777603896695,0.0007596777603896695,0.001693193066672624,-0.0009335153062829545,-0.0009335153062829545,0.0,0.0,False,0.0,0.0,0.001693193066672624
2013-02-07,-0.003215122787135794,-0.003215122787135794,-0.00263102546908412,-0.000584097318051674,-0.000584097318051674,0.0,0.0,False,0.0,0.0,-0.00263102546908412
2013-02-08,0.00390061560771343,0.00390061560771343,0.004377218492269648,-0.0004766028845562182,-0.0004766028845562182,0.0,0.0,False,0.0,0.0,0.004377218492269648
2013-02-11,-0.0005793074181029703,-0.0005793074181029703,-0.0006329053670580203,5.359794895505002e-05,5.359794895505002e-05,0.0,0.0,False,0.0,0.0,-0.0006329053670580203
2013-02-12,0.0021162127863054896,0.0021162127863054896,0.0012462178976110788,0.0008699948886944108,0.0008699948886944108,0.0,0.0,False,0.0,0.0,0.0012462178976110788
2013-02-13,0.00035589566338584437,0.00035589566338584437,-0.00013031034455146084,0.0004862060079373052,0.0004862060079373052,0.0,0.0,False,0.0,0.0,-0.00013031034455146084
2013-02-14,-0.0008368166098234091,-0.0008368166098234091,0.0012578506266410269,-0.002094667236464436,-0.002094667236464436,0.0,0.0,False,0.0,0.0,0.0012578506266410269
2013-02-15,-0.0012126049507098673,-0.0012126049507098673,-0.0014756278006789933,0.000263022849969126,0.000263022849969126,0.0,0.0,False,0.0,0.0,-0.0014756278006789933
2013-02-19,0.005357452936155667,0.005357452936155667,0.004070868819943579,0.001286584116212088,0.001286584116212088,0.0,0.0,False,0.0,0.0,0.004070868819943579
2013-02-20,-0.005001238502309142,-0.005001238502309142,-0.00625594198224104,0.0012547034799318983,0.0012547034799318983,0.0,0.0,False,0.0,0.0,-0.00625594198224104
2013-02-21,-0.005491901027998657,-0.005491901027998657,-0.004993039262783934,-0.0004988617652147229,-0.0004988617652147229,0.0,0.0,False,0.0,0.0,-0.004993039262783934
2013-02-22,0.007110395472046127,0.007110395472046127,0.0064879907044562615,0.0006224047675898658,0.0006224047675898658,0.0,0.0,False,0.0,0.0,0.0064879907044562615
2013-02-25,-0.009721435309309356,-0.009721435309309356,-0.008330444804017782,-0.0013909905052915741,-0.0013909905052915741,0.0,0.0,False,0.0,0.0,-0.008330444804017782
2013-02-26,0.004099914112183572,0.004099914112183572,0.0031054794927906507,0.0009944346193929213,0.0009944346193929213,0.0,0.0,False,0.0,0.0,0.0031054794927906507
2013-02-27,0.006496201694771575,0.006496201694771575,0.006948976191843327,-0.00045277449707175135,-0.00045277449707175135,0.0,0.0,False,0.0,0.0,0.006948976191843327
2013-02-28,-0.0006174406177091225,-0.0006174406177091225,-0.0006803426611700946,6.290204346097211e-05,6.290204346097211e-05,0.0,0.0,False,0.0,0.0,-0.0006803426611700946
2013-03-01,0.0008219427465174286,0.0006074745285893025,0.0022520338155872345,-0.001644559286997932,-0.001430091069069806,0.214468217928126,0.000214468217928126,True,0.005345125750626692,5.345125750626692e-06,0.0022466886898366077
2013-03-04,0.0022883465788168873,0.0022883465788168873,0.000583132345794274,0.0017052142330226134,0.0017052142330226134,0.0,0.0,False,0.0,0.0,0.000583132345794274
2013-03-05,0.005393364926889402,0.005393364926889402,0.005380046990509379,1.3317936380023536e-05,1.3317936380023536e-05,0.0,0.0,False,0.0,0.0,0.005380046990509379
2013-03-06,0.0004862950543891723,0.0004862950543891723,-0.00010385968788292595,0.0005901547422720982,0.0005901547422720982,0.0,0.0,False,0.0,0.0,-0.00010385968788292595
2013-03-07,0.0013739223980517574,0.0013739223980517574,-0.0001206285972768576,0.001494550995328615,0.001494550995328615,0.0,0.0,False,0.0,0.0,-0.0001206285972768576
2013-03-08,0.001384967993386907,0.001384967993386907,0.0009425047582549522,0.00044246323513195474,0.00044246323513195474,0.0,0.0,False,0.0,0.0,0.0009425047582549522
2013-03-11,0.0015553969646678585,0.0015553969646678585,0.0012873212811131364,0.00026807568355472215,0.00026807568355472215,0.0,0.0,False,0.0,0.0,0.0012873212811131364
2013-03-12,-0.002015672232536994,-0.002015672232536994,-0.001519011347606812,-0.000496660884930182,-0.000496660884930182,0.0,0.0,False,0.0,0.0,-0.001519011347606812
2013-03-13,-0.00035829812560640365,-0.00035829812560640365,-0.0009004513896386433,0.0005421532640322397,0.0005421532640322397,0.0,0.0,False,0.0,0.0,-0.0009004513896386433
2013-03-14,0.005705595750220949,0.005705595750220949,0.0040119208678628514,0.0016936748823580972,0.0016936748823580972,0.0,0.0,False,0.0,0.0,0.0040119208678628514
2013-03-15,0.0006416540969255547,0.0006416540969255547,8.835303096076694e-05,0.0005533010659647877,0.0005533010659647877,0.0,0.0,False,0.0,0.0,8.835303096076694e-05
2013-03-18,-0.004389703975697096,-0.004389703975697096,-0.0033789937014463874,-0.0010107102742507087,-0.0010107102742507087,0.0,0.0,False,0.0,0.0,-0.0033789937014463874
2013-03-19,-0.0018057172743350292,-0.0018057172743350292,-0.0008862541729627039,-0.0009194631013723253,-0.0009194631013723253,0.0,0.0,False,0.0,0.0,-0.0008862541729627039
2013-03-20,0.004016027630887909,0.004016027630887909,0.0023346587673789125,0.0016813688635089964,0.0016813688635089964,0.0,0.0,False,0.0,0.0,0.0023346587673789125
2013-03-21,-0.005075388195296659,-0.005075388195296659,-0.0042986821178965405,-0.0007767060774001187,-0.0007767060774001187,0.0,0.0,False,0.0,0.0,-0.0042986821178965405
2013-03-22,0.004089216969330328,0.004089216969330328,0.004409558267591191,-0.0003203412982608622,-0.0003203412982608622,0.0,0.0,False,0.0,0.0,0.004409558267591191
2013-03-25,-0.005582382985467619,-0.005582382985467619,-0.0031265955742800482,-0.002455787411187571,-0.002455787411187571,0.0,0.0,False,0.0,0.0,-0.0031265955742800482
2013-03-26,0.004231954462856012,0.004231954462856012,0.005300579927708246,-0.001068625464852234,-0.001068625464852234,0.0,0.0,False,0.0,0.0,0.005300579927708246
2013-03-27,-0.0018284764800472078,-0.0018284764800472078,0.0014462929764318972,-0.003274769456479105,-0.003274769456479105,0.0,0.0,False,0.0,0.0,0.0014462929764318972
2013-03-28,0.0027170183076264346,0.0027170183076264346,0.0012184307115035726,0.001498587596122862,0.001498587596122862,0.0,0.0,False,0.0,0.0,0.0012184307115035726
2013-04-01,-0.004860770850402075,-0.004864412847549808,-0.0042518478544184835,-0.0006125649931313249,-0.0006089229959835912,0.003641997147733456,3.6419971477334555e-06,True,0.008361571040453434,8.361571040453433e-06,-0.004260209425458937
2013-04-02,0.004192462393519015,0.004192462393519015,0.0021916626457603758,0.0020007997477586394,0.0020007997477586394,0.0,0.0,False,0.0,0.0,0.0021916626457603758
2013-04-03,-0.0028041754871391275,-0.0028041754871391275,-0.0038337968398366087,0.0010296213526974811,0.0010296213526974811,0.0,0.0,False,0.0,0.0,-0.0038337968398366087
2013-04-04,0.0043636088966885036,0.0043636088966885036,0.004899568329205673,-0.0005359594325171696,-0.0005359594325171696,0.0,0.0,False,0.0,0.0,0.004899568329205673
2013-04-05,-0.0015463342352305394,-0.0015463342352305394,-0.0002237044995105149,-0.0013226297357200245,-0.0013226297357200245,0.0,0.0,False,0.0,0.0,-0.0002237044995105149
2013-04-08,0.0029515860698039933,0.0029515860698039933,0.002249504312221204,0.0007020817575827893,0.0007020817575827893,0.0,0.0,False,0.0,0.0,0.002249504312221204
2013-04-09,0.0030496050220404055,0.0030496050220404055,0.0024787368922212028,0.0005708681298192027,0.0005708681298192027,0.0,0.0,False,0.0,0.0,0.0024787368922212028
2013-04-10,0.00787501457339467,0.00787501457339467,0.005762320278955575,0.0021126942944390947,0.0021126942944390947,0.0,0.0,False,0.0,0.0,0.005762320278955575
2013-04-11,0.0033520411394122895,0.0033520411394122895,0.00275019379048498,0.0006018473489273093,0.0006018473489273093,0.0,0.0,False,0.0,0.0,0.00275019379048498
2013-04-12,-0.00046600523368561764,-0.00046600523368561764,-0.00021243283344169698,-0.00025357240024392067,-0.00025357240024392067,0.0,0.0,False,0.0,0.0,-0.00021243283344169698
2013-04-15,-0.012815835920798612,-0.012815835920798612,-0.013221759888541844,0.0004059239677432318,0.0004059239677432318,0.0,0.0,False,0.0,0.0,-0.013221759888541844
2013-04-16,0.00946110117151016,0.00946110117151016,0.00803932810405767,0.0014217730674524892,0.0014217730674524892,0.0,0.0,False,0.0,0.0,0.00803932810405767
2013-04-17,-0.009976233612051556,-0.009976233612051556,-0.008978817970716722,-0.000997415641334834,-0.000997415641334834,0.0,0.0,False,0.0,0.0,-0.008978817970716722
2013-04-18,-0.002494892381607182,-0.002494892381607182,-0.002207966416932251,-0.000286925964674931,-0.000286925964674931,0.0,0.0,False,0.0,0.0,-0.002207966416932251
2013-04-19,0.004183981528446708,0.004183981528446708,0.005740135699308104,-0.001556154170861396,-0.001556154170861396,0.0,0.0,False,0.0,0.0,0.005740135699308104
2013-04-22,0.003043420082946767,0.003043420082946767,0.002760069913793555,0.00028335016915321176,0.00028335016915321176,0.0,0.0,False,0.0,0.0,0.002760069913793555
2013-04-23,0.008121892316294638,0.008121892316294638,0.006313204277851312,0.0018086880384433268,0.0018086880384433268,0.0,0.0,False,0.0,0.0,0.006313204277851312
2013-04-24,0.0037910856180624645,0.0037910856180624645,0.0026143174529787106,0.0011767681650837539,0.0011767681650837539,0.0,0.0,False,0.0,0.0,0.0026143174529787106
2013-04-25,0.0033698324445067774,0.0033698324445067774,0.0026793927198581436,0.0006904397246486338,0.0006904397246486338,0.0,0.0,False,0.0,0.0,0.0026793927198581436
2013-04-26,0.00014008087331826265,0.00014008087331826265,7.61035424825309e-05,6.397733083573175e-05,6.397733083573175e-05,0.0,0.0,False,0.0,0.0,7.61035424825309e-05
2013-04-29,0.0062272081066235664,0.0062272081066235664,0.0050651580587800825,0.001162050047843484,0.001162050047843484,0.0,0.0,False,0.0,0.0,0.0050651580587800825
2013-04-30,0.001689987437139667,0.001689987437139667,0.0023190827343190024,-0.0006290952971793355,-0.0006290952971793355,0.0,0.0,False,0.0,0.0,0.0023190827343190024
2013-05-01,-0.008593147652528917,-0.008873120211255359,-0.0039889242407374625,-0.004884195970517896,-0.004604223411791454,0.27997255872644106,0.00027997255872644106,True,0.005154728219674016,5.154728219674016e-06,-0.003994078968957137
2013-05-02,0.00830749292769484,0.00830749292769484,0.004736760630277236,0.0035707322974176045,0.0035707322974176045,0.0,0.0,False,0.0,0.0,0.004736760630277236
2013-05-03,0.006151495012053447,0.006151495012053447,0.0022558183470299032,0.0038956766650235434,0.0038956766650235434,0.0,0.0,False,0.0,0.0,0.0022558183470299032
2013-05-06,0.0022956280443899362,0.0022956280443899362,0.0006328053985359587,0.0016628226458539775,0.0016628226458539775,0.0,0.0,False,0.0,0.0,0.0006328053985359587
2013-05-07,0.0028549567436406747,0.0028549567436406747,0.0023266458719191315,0.0005283108717215432,0.0005283108717215432,0.0,0.0,False,0.0,0.0,0.0023266458719191315
2013-05-08,0.0036804151353882755,0.0036804151353882755,0.004349048132531173,-0.0006686329971428975,-0.0006686329971428975,0.0,0.0,False,0.0,0.0,0.004349048132531173
2013-05-09,-0.003426010960247952,-0.003426010960247952,-0.0037011537422305075,0.00027514278198255545,0.00027514278198255545,0.0,0.0,False,0.0,0.0,-0.0037011537422305075
2013-05-10,0.00020445276501612677,0.00020445276501612677,-0.0016450672714035494,0.0018495200364196762,0.0018495200364196762,0.0,0.0,False,0.0,0.0,-0.0016450672714035494
2013-05-13,-0.0018729957860604243,-0.0018729957860604243,-0.001882636568893004,9.640782832579572e-06,9.640782832579572e-06,0.0,0.0,False,0.0,0.0,-0.001882636568893004
2013-05-14,0.005441951054878839,0.005441951054878839,0.0028708441158650645,0.0025711069390137744,0.0025711069390137744,0.0,0.0,False,0.0,0.0,0.0028708441158650645
2013-05-15,0.0022885412165029387,0.0022885412165029387,0.003783135032555577,-0.0014945938160526384,-0.0014945938160526384,0.0,0.0,False,0.0,0.0,0.003783135032555577
2013-05-16,-0.0005474921491661405,-0.0005474921491661405,-0.0008648067122952832,0.0003173145631291427,0.0003173145631291427,0.0,0.0,False,0.0,0.0,-0.0008648067122952832
2013-05-17,0.004681988797408425,0.004681988797408425,0.0027280286435414905,0.001953960153866934,0.001953960153866934,0.0,0.0,False,0.0,0.0,0.0027280286435414905
2013-05-20,0.001055289755601721,0.001055289755601721,0.0007819295961229386,0.00027336015947878245,0.00027336015947878245,0.0,0.0,False,0.0,0.0,0.0007819295961229386
2013-05-21,0.0015934720579290616,0.0015934720579290616,0.001988094099399681,-0.00039462204147061933,-0.00039462204147061933,0.0,0.0,False,0.0,0.0,0.001988094099399681
2013-05-22,-0.009290070017658815,-0.009290070017658815,-0.0090751379977312,-0.0002149320199276144,-0.0002149320199276144,0.0,0.0,False,0.0,0.0,-0.0090751379977312
2013-05-23,-0.0019799415803382937,-0.0019799415803382937,-0.00316588417253943,0.0011859425922011364,0.0011859425922011364,0.0,0.0,False,0.0,0.0,-0.00316588417253943
2013-05-24,-0.0015669211994950713,-0.0015669211994950713,-0.0023910803898281063,0.000824159190333035,0.000824159190333035,0.0,0.0,False,0.0,0.0,-0.0023910803898281063
2013-05-28,0.0022938453757736224,0.0022938453757736224,-0.0014692922104406825,0.003763137586214305,0.003763137586214305,0.0,0.0,False,0.0,0.0,-0.0014692922104406825
2013-05-29,-0.005860411346539362,-0.005860411346539362,-0.003950231763146551,-0.0019101795833928103,-0.0019101795833928103,0.0,0.0,False,0.0,0.0,-0.003950231763146551
2013-05-30,0.003678333898818535,0.003678333898818535,0.002179553540510879,0.001498780358307656,0.001498780358307656,0.0,0.0,False,0.0,0.0,0.002179553540510879
2013-05-31,-0.012134939679386959,-0.012134939679386959,-0.011147665567650544,-0.000987274111736415,-0.000987274111736415,0.0,0.0,False,0.0,0.0,-0.011147665567650544
2013-06-03,0.0016472378779825527,0.0013659449871937994,0.004341808712463063,-0.002975863725269264,-0.0026945708344805106,0.28129289078875325,0.00028129289078875324,True,0.014414609238257964,1.4414609238257965e-05,0.0043273941032248055
2013-06-04,-0.00025392350526478636,-0.00025392350526478636,-0.004221990631657389,0.003968067126392603,0.003968067126392603,0.0,0.0,False,0.0,0.0,-0.004221990631657389
2013-06-05,-0.013241727801205052,-0.013241727801205052,-0.008567964703066725,-0.0046737630981383265,-0.0046737630981383265,0.0,0.0,False,0.0,0.0,-0.008567964703066725
2013-06-06,0.006881517828476036,0.006881517828476036,0.005753790573678825,0.0011277272547972114,0.0011277272547972114,0.0,0.0,False,0.0,0.0,0.005753790573678825
2013-06-07,0.00638009923172736,0.00638009923172736,0.0026294049352407816,0.003750694296486578,0.003750694296486578,0.0,0.0,False,0.0,0.0,0.0026294049352407816
2013-06-10,-0.0008016485095346024,-0.0008016485095346024,-0.002069018109533668,0.0012673695999990656,0.0012673695999990656,0.0,0.0,False,0.0,0.0,-0.002069018109533668
2013-06-11,-0.008448592830911596,-0.008448592830911596,-0.006574079862328042,-0.0018745129685835537,-0.0018745129685835537,0.0,0.0,False,0.0,0.0,-0.006574079862328042
2013-06-12,-0.0021231300299683485,-0.0021231300299683485,-0.0059744421644816,0.0038513121345132516,0.0038513121345132516,0.0,0.0,False,0.0,0.0,-0.0059744421644816
2013-06-13,0.013402281519993411,0.013402281519993411,0.01373414378614917,-0.00033186226615575937,-0.00033186226615575937,0.0,0.0,False,0.0,0.0,0.01373414378614917
2013-06-14,-0.004440691949952906,-0.004440691949952906,-0.005416856443910403,0.0009761644939574963,0.0009761644939574963,0.0,0.0,False,0.0,0.0,-0.005416856443910403
2013-06-17,0.005942255913614022,0.005942255913614022,0.004737186963985081,0.0012050689496289407,0.0012050689496289407,0.0,0.0,False,0.0,0.0,0.004737186963985081
2013-06-18,0.004434677508761034,0.004434677508761034,0.0040916235530151735,0.00034305395574586034,0.00034305395574586034,0.0,0.0,False,0.0,0.0,0.0040916235530151735
2013-06-19,-0.015992045021377275,-0.015992045021377275,-0.01598069370870195,-1.1351312675326325e-05,-1.1351312675326325e-05,0.0,0.0,False,0.0,0.0,-0.01598069370870195
2013-06-20,-0.022249187593278617,-0.022249187593278617,-0.022482155858884863,0.0002329682656062454,0.0002329682656062454,0.0,0.0,False,0.0,0.0,-0.022482155858884863
2013-06-21,-0.0016597179503734243,-0.0016597179503734243,-0.0012816526912225927,-0.00037806525915083156,-0.00037806525915083156,0.0,0.0,False,0.0,0.0,-0.0012816526912225927
2013-06-24,-0.012698242763521342,-0.012698242763521342,-0.010054275905192754,-0.002643966858328588,-0.002643966858328588,0.0,0.0,False,0.0,0.0,-0.010054275905192754
2013-06-25,0.011523538210666685,0.011523538210666685,0.0071205563165120545,0.004402981894154631,0.004402981894154631,0.0,0.0,False,0.0,0.0,0.0071205563165120545
2013-06-26,0.007048028387514525,0.007048028387514525,0.007609893995527398,-0.0005618656080128726,-0.0005618656080128726,0.0,0.0,False,0.0,0.0,0.007609893995527398
2013-06-27,0.00747477864383396,0.00747477864383396,0.008932280917055193,-0.0014575022732212332,-0.0014575022732212332,0.0,0.0,False,0.0,0.0,0.008932280917055193
2013-06-28,-0.003878357662865795,-0.003878357662865795,-0.0012633714162829223,-0.0026149862465828727,-0.0026149862465828727,0.0,0.0,False,0.0,0.0,-0.0012633714162829223
2013-07-01,0.00653926879629706,0.006356854680973201,0.0048626345821756066,0.0014942200987975943,0.0016766342141214538,0.18241411532385973,0.00018241411532385975,True,0.0045886460259711714,4.5886460259711715e-06,0.004858045936149635
2013-07-02,-0.0021548663453462326,-0.0021548663453462326,-0.002333584071374296,0.0001787177260280633,0.0001787177260280633,0.0,0.0,False,0.0,0.0,-0.002333584071374296
2013-07-03,0.00031021257565420484,0.00031021257565420484,-0.0015956825331905533,0.0019058951088447582,0.0019058951088447582,0.0,0.0,False,0.0,0.0,-0.0015956825331905533
2013-07-05,0.0017164229460562034,0.0017164229460562034,-0.002909199518981882,0.0046256224650380855,0.0046256224650380855,0.0,0.0,False,0.0,0.0,-0.002909199518981882
2013-07-08,0.007671106771527415,0.007671106771527415,0.005868448233112698,0.0018026585384147177,0.0018026585384147177,0.0,0.0,False,0.0,0.0,0.005868448233112698
2013-07-09,0.004595294724063276,0.004595294724063276,0.005292709929109749,-0.0006974152050464727,-0.0006974152050464727,0.0,0.0,False,0.0,0.0,0.005292709929109749
2013-07-10,0.0014429348436394165,0.0014429348436394165,-0.0017382786282403098,0.0031812134718797263,0.0031812134718797263,0.0,0.0,False,0.0,0.0,-0.0017382786282403098
2013-07-11,0.017314308361811838,0.017314308361811838,0.017751894997707927,-0.0004375866358960895,-0.0004375866358960895,0.0,0.0,False,0.0,0.0,0.017751894997707927
2013-07-12,-0.002637448528397176,-0.002637448528397176,-0.00245717378997224,-0.00018027473842493601,-0.00018027473842493601,0.0,0.0,False,0.0,0.0,-0.00245717378997224
2013-07-15,0.005021877524686944,0.005021877524686944,0.005397847298741364,-0.0003759697740544198,-0.0003759697740544198,0.0,0.0,False,0.0,0.0,0.005397847298741364
2013-07-16,-0.002185043976368354,-0.002185043976368354,-0.0010657076286542133,-0.0011193363477141408,-0.0011193363477141408,0.0,0.0,False,0.0,0.0,-0.0010657076286542133
2013-07-17,0.0037285265526540226,0.0037285265526540226,0.003851804494333106,-0.00012327794167908343,-0.00012327794167908343,0.0,0.0,False,0.0,0.0,0.003851804494333106
2013-07-18,0.0049231122946894555,0.0049231122946894555,-4.644564526396313e-05,0.004969557939953418,0.004969557939953418,0.0,0.0,False,0.0,0.0,-4.644564526396313e-05
2013-07-19,0.000930762918156706,0.000930762918156706,0.002838457782958787,-0.0019076948648020812,-0.0019076948648020812,0.0,0.0,False,0.0,0.0,0.002838457782958787
2013-07-22,0.0030050128853876755,0.0030050128853876755,0.002931782401276145,7.323048411153046e-05,7.323048411153046e-05,0.0,0.0,False,0.0,0.0,0.002931782401276145
2013-07-23,-0.0006692402144267644,-0.0006692402144267644,6.37413599174567e-05,-0.0007329815743442211,-0.0007329815743442211,0.0,0.0,False,0.0,0.0,6.37413599174567e-05
2013-07-24,-0.003880319643320979,-0.003880319643320979,-0.00539960459709796,0.001519284953776981,0.001519284953776981,0.0,0.0,False,0.0,0.0,-0.00539960459709796
2013-07-25,0.000960591611876791,0.000960591611876791,0.002190630085213874,-0.001230038473337083,-0.001230038473337083,0.0,0.0,False,0.0,0.0,0.002190630085213874
2013-07-26,-0.001531368610551288,-0.001531368610551288,-0.000459535664611348,-0.00107183294593994,-0.00107183294593994,0.0,0.0,False,0.0,0.0,-0.000459535664611348
2013-07-29,-0.0049214491874813955,-0.0049214491874813955,-0.005020403297786568,9.895411030517217e-05,9.895411030517217e-05,0.0,0.0,False,0.0,0.0,-0.005020403297786568
2013-07-30,0.00023107798197008082,0.00023107798197008082,-0.0002436328543020961,0.00047471083627217693,0.00047471083627217693,0.0,0.0,False,0.0,0.0,-0.0002436328543020961
2013-07-31,0.001574414032122193,0.001574414032122193,0.00040226620661022044,0.0011721478255119727,0.0011721478255119727,0.0,0.0,False,0.0,0.0,0.00040226620661022044
2013-08-01,0.001886593536263852,0.0017054660300516225,0.004081913077348426,-0.002376447047296803,-0.002195319541084574,0.1811275062122294,0.0001811275062122294,True,0.012644633087101901,1.26446330871019e-05,0.004069268444261324
2013-08-02,0.005168535937307026,0.005168535937307026,0.0047209371239122205,0.00044759881339480594,0.00044759881339480594,0.0,0.0,False,0.0,0.0,0.0047209371239122205
2013-08-05,-0.002813602248516263,-0.002813602248516263,-0.0027853113935660573,-2.829085495020551e-05,-2.829085495020551e-05,0.0,0.0,False,0.0,0.0,-0.0027853113935660573
2013-08-06,-0.002285136170087043,-0.002285136170087043,-0.0034255732005996015,0.0011404370305125584,0.0011404370305125584,0.0,0.0,False,0.0,0.0,-0.0034255732005996015
2013-08-07,-0.0014828992544419582,-0.0014828992544419582,-0.0016556234836143495,0.00017272422917239132,0.00017272422917239132,0.0,0.0,False,0.0,0.0,-0.0016556234836143495
2013-08-08,0.003669366788669974,0.003669366788669974,0.005313574698589101,-0.0016442079099191274,-0.0016442079099191274,0.0,0.0,False,0.0,0.0,0.005313574698589101
2013-08-09,-0.0005783458457793017,-0.0005783458457793017,-0.000227635681099782,-0.0003507101646795197,-0.0003507101646795197,0.0,0.0,False,0.0,0.0,-0.000227635681099782
2013-08-12,-0.0014395180302382488,-0.0014395180302382488,-0.0003735436736063448,-0.001065974356631904,-0.001065974356631904,0.0,0.0,False,0.0,0.0,-0.0003735436736063448
2013-08-13,-0.0004449343364704156,-0.0004449343364704156,-0.0011499215468454606,0.0007049872103750449,0.0007049872103750449,0.0,0.0,False,0.0,0.0,-0.0011499215468454606
2013-08-14,-0.002127046494141145,-0.002127046494141145,-0.001329248553815664,-0.0007977979403254812,-0.0007977979403254812,0.0,0.0,False,0.0,0.0,-0.001329248553815664
2013-08-15,-0.009090585802664052,-0.009090585802664052,-0.010378067687799473,0.0012874818851354216,0.0012874818851354216,0.0,0.0,False,0.0,0.0,-0.010378067687799473
2013-08-16,-0.00280365519936126,-0.00280365519936126,-0.003477834861975888,0.0006741796626146281,0.0006741796626146281,0.0,0.0,False,0.0,0.0,-0.003477834861975888
2013-08-19,-0.006061979151902128,-0.006061979151902128,-0.007517578772181293,0.001455599620279165,0.001455599620279165,0.0,0.0,False,0.0,0.0,-0.007517578772181293
2013-08-20,0.0049034964009009654,0.0049034964009009654,0.004158410698189773,0.0007450857027111926,0.0007450857027111926,0.0,0.0,False,0.0,0.0,0.004158410698189773
2013-08-21,-0.006630944804818751,-0.006630944804818751,-0.008979076767694973,0.0023481319628762213,0.0023481319628762213,0.0,0.0,False,0.0,0.0,-0.008979076767694973
2013-08-22,0.006261064832073185,0.006261064832073185,0.007637840720158032,-0.0013767758880848472,-0.0013767758880848472,0.0,0.0,False,0.0,0.0,0.007637840720158032
2013-08-23,0.00521895346839692,0.00521895346839692,0.006295473224346727,-0.0010765197559498068,-0.0010765197559498068,0.0,0.0,False,0.0,0.0,0.006295473224346727
2013-08-26,-0.001862582516487761,-0.001862582516487761,-0.0023778938284727455,0.0005153113119849846,0.0005153113119849846,0.0,0.0,False,0.0,0.0,-0.0023778938284727455
2013-08-27,-0.007983364026847115,-0.007983364026847115,-0.008490650442410926,0.0005072864155638117,0.0005072864155638117,0.0,0.0,False,0.0,0.0,-0.008490650442410926
2013-08-28,0.0009950295059296425,0.0009950295059296425,-2.042726433721699e-05,0.0010154567702668595,0.0010154567702668595,0.0,0.0,False,0.0,0.0,-2.042726433721699e-05
2013-08-29,0.00132179967619999,0.00132179967619999,0.002246646509841518,-0.0009248468336415282,-0.0009248468336415282,0.0,0.0,False,0.0,0.0,0.002246646509841518
2013-08-30,-0.0035929885312720026,-0.0035929885312720026,-0.0032748340099267243,-0.0003181545213452783,-0.0003181545213452783,0.0,0.0,False,0.0,0.0,-0.0032748340099267243
2013-09-03,0.0032176574264337304,0.002937805321599828,0.0027851374048703803,0.00015266791672944756,0.0004325200215633501,0.2798521048339026,0.0002798521048339026,True,0.0037174041981988017,3.7174041981988016e-06,0.0027814200006721817
2013-09-04,0.006133260720668097,0.006133260720668097,0.0047680884268427775,0.0013651722938253195,0.0013651722938253195,0.0,0.0,False,0.0,0.0,0.0047680884268427775
2013-09-05,-0.0011215097511760382,-0.0011215097511760382,-0.0018647539733988383,0.0007432442222228002,0.0007432442222228002,0.0,0.0,False,0.0,0.0,-0.0018647539733988383
2013-09-06,0.0020624369388217707,0.0020624369388217707,0.004275088941096435,-0.0022126520022746642,-0.0022126520022746642,0.0,0.0,False,0.0,0.0,0.004275088941096435
2013-09-09,0.009265587609733388,0.009265587609733388,0.009293581966560304,-2.7994356826916908e-05,-2.7994356826916908e-05,0.0,0.0,False,0.0,0.0,0.009293581966560304
2013-09-10,0.006173819593523342,0.006173819593523342,0.0033950377075990233,0.002778781885924319,0.002778781885924319,0.0,0.0,False,0.0,0.0,0.0033950377075990233
2013-09-11,0.002280998154161147,0.002280998154161147,0.003669213402173513,-0.0013882152480123658,-0.0013882152480123658,0.0,0.0,False,0.0,0.0,0.003669213402173513
2013-09-12,-0.003676382463324431,-0.003676382463324431,-0.0034448747963392663,-0.00023150766698516474,-0.00023150766698516474,0.0,0.0,False,0.0,0.0,-0.0034448747963392663
2013-09-13,0.0025811148018360765,0.0025811148018360765,0.002925580791137879,-0.00034446598930180233,-0.00034446598930180233,0.0,0.0,False,0.0,0.0,0.002925580791137879
2013-09-16,0.004288421296851943,0.004288421296851943,0.004530780769528657,-0.0002423594726767139,-0.0002423594726767139,0.0,0.0,False,0.0,0.0,0.004530780769528657
2013-09-17,0.005304219237792151,0.005304219237792151,0.0028876090078681672,0.002416610229923984,0.002416610229923984,0.0,0.0,False,0.0,0.0,0.0028876090078681672
2013-09-18,0.012017270710468056,0.012017270710468056,0.01766113599901998,-0.005643865288551923,-0.005643865288551923,0.0,0.0,False,0.0,0.0,0.01766113599901998
2013-09-19,-0.0024933208124100657,-0.0024933208124100657,-0.0037332281165986516,0.001239907304188586,0.001239907304188586,0.0,0.0,False,0.0,0.0,-0.0037332281165986516
2013-09-20,-0.0040779110869046935,-0.0040779110869046935,-0.005278919055922267,0.0012010079690175732,0.0012010079690175732,0.0,0.0,False,0.0,0.0,-0.005278919055922267
2013-09-23,-0.0009103410945496965,-0.0009103410945496965,0.0008707462939125873,-0.0017810873884622838,-0.0017810873884622838,0.0,0.0,False,0.0,0.0,0.0008707462939125873
2013-09-24,-6.049993611681546e-05,-6.049993611681546e-05,-9.356348292800202e-05,3.306354681118656e-05,3.306354681118656e-05,0.0,0.0,False,0.0,0.0,-9.356348292800202e-05
2013-09-25,-0.0013929354818292125,-0.0013929354818292125,-0.0005158241181904943,-0.0008771113636387182,-0.0008771113636387182,0.0,0.0,False,0.0,0.0,-0.0005158241181904943
2013-09-26,0.0027850732448117263,0.0027850732448117263,0.0013975003171234474,0.001387572927688279,0.001387572927688279,0.0,0.0,False,0.0,0.0,0.0013975003171234474
2013-09-27,-0.0034042356685834085,-0.0034042356685834085,-0.003127654830866325,-0.00027658083771708343,-0.00027658083771708343,0.0,0.0,False,0.0,0.0,-0.003127654830866325
2013-09-30,-0.00303205530487725,-0.00303205530487725,-0.00395280876704855,0.0009207534621713002,0.0009207534621713002,0.0,0.0,False,0.0,0.0,-0.00395280876704855
2013-10-01,0.007560206428295012,0.00738530440048263,0.0049947329156374235,0.0023905714848452067,0.0025654735126575887,0.17490202781238232,0.0001749020278123823,True,0.010748769317719762,1.0748769317719761e-05,0.004983984146319704
2013-10-02,-0.0012855356818461043,-0.0012855356818461043,0.0007098183436907337,-0.001995354025536838,-0.001995354025536838,0.0,0.0,False,0.0,0.0,0.0007098183436907337
2013-10-03,-0.005892289012064258,-0.005892289012064258,-0.0043826551195540586,-0.0015096338925101992,-0.0015096338925101992,0.0,0.0,False,0.0,0.0,-0.0043826551195540586
2013-10-04,0.005125539587699927,0.005125539587699927,0.003540906675330624,0.0015846329123693033,0.0015846329123693033,0.0,0.0,False,0.0,0.0,0.003540906675330624
2013-10-07,-0.007210306173388878,-0.007210306173388878,-0.004959866448402312,-0.0022504397249865655,-0.0022504397249865655,0.0,0.0,False,0.0,0.0,-0.004959866448402312
2013-10-08,-0.008771580211872349,-0.008771580211872349,-0.006528572635527718,-0.002243007576344631,-0.002243007576344631,0.0,0.0,False,0.0,0.0,-0.006528572635527718
2013-10-09,-0.0005994870671063492,-0.0005994870671063492,0.0003431755693057425,-0.0009426626364120918,-0.0009426626364120918,0.0,0.0,False,0.0,0.0,0.0003431755693057425
2013-10-10,0.015884107983031446,0.015884107983031446,0.012547960209461901,0.0033361477735695446,0.0033361477735695446,0.0,0.0,False,0.0,0.0,0.012547960209461901
2013-10-11,0.007000367215657876,0.007000367215657876,0.004386260676141053,0.0026141065395168224,0.0026141065395168224,0.0,0.0,False,0.0,0.0,0.004386260676141053
2013-10-14,0.003295802215156879,0.003295802215156879,0.0010555602757632242,0.0022402419393936545,0.0022402419393936545,0.0,0.0,False,0.0,0.0,0.0010555602757632242
2013-10-15,-0.005426858281635551,-0.005426858281635551,-0.004387008524135921,-0.0010398497574996305,-0.0010398497574996305,0.0,0.0,False,0.0,0.0,-0.004387008524135921
2013-10-16,0.010377259127595977,0.010377259127595977,0.009442620580686066,0.0009346385469099112,0.0009346385469099112,0.0,0.0,False,0.0,0.0,0.009442620580686066
2013-10-17,0.006639484376730714,0.006639484376730714,0.007757331889550985,-0.0011178475128202714,-0.0011178475128202714,0.0,0.0,False,0.0,0.0,0.007757331889550985
2013-10-18,0.006337611147618079,0.006337611147618079,0.003920952982753287,0.0024166581648647923,0.0024166581648647923,0.0,0.0,False,0.0,0.0,0.003920952982753287
2013-10-21,-0.0013695922871935177,-0.0013695922871935177,-0.0006973031758882196,-0.000672289111305298,-0.000672289111305298,0.0,0.0,False,0.0,0.0,-0.0006973031758882196
2013-10-22,0.003929886523444869,0.003929886523444869,0.00720234358352664,-0.0032724570600817715,-0.0032724570600817715,0.0,0.0,False,0.0,0.0,0.00720234358352664
2013-10-23,-0.0023445583640909545,-0.0023445583640909545,-0.005016009154189926,0.002671450790098971,0.002671450790098971,0.0,0.0,False,0.0,0.0,-0.005016009154189926
2013-10-24,0.0027777113006499333,0.0027777113006499333,0.0013630282723228904,0.0014146830283270429,0.0014146830283270429,0.0,0.0,False,0.0,0.0,0.0013630282723228904
2013-10-25,0.0019743616195337242,0.0019743616195337242,0.0019854053091833907,-1.1043689649666445e-05,-1.1043689649666445e-05,0.0,0.0,False,0.0,0.0,0.0019854053091833907
2013-10-28,0.00037588250708326,0.00037588250708326,0.0005866847462903925,-0.00021080223920713251,-0.00021080223920713251,0.0,0.0,False,0.0,0.0,0.0005866847462903925
2013-10-29,0.0032802676258574938,0.0032802676258574938,0.0029530710647096966,0.00032719656114779715,0.00032719656114779715,0.0,0.0,False,0.0,0.0,0.0029530710647096966
2013-10-30,-0.007063104010357852,-0.007063104010357852,-0.004413985119752701,-0.002649118890605151,-0.002649118890605151,0.0,0.0,False,0.0,0.0,-0.004413985119752701
2013-10-31,-0.002485213802249515,-0.002485213802249515,-0.0033714985043001044,0.0008862847020505893,0.0008862847020505893,0.0,0.0,False,0.0,0.0,-0.0033714985043001044
2013-11-01,-0.0025029879526808313,-0.002714676515339112,-0.002235275214817733,-0.000479401300521379,-0.0002677127378630981,0.21168856265828087,0.00021168856265828086,True,0.00672665361435567,6.72665361435567e-06,-0.002242001868432089
2013-11-04,0.005459935390546348,0.005459935390546348,0.003454762030709964,0.0020051733598363836,0.0020051733598363836,0.0,0.0,False,0.0,0.0,0.003454762030709964
2013-11-05,-0.0032869862220543875,-0.0032869862220543875,-0.006573332799536447,0.0032863465774820595,0.0032863465774820595,0.0,0.0,False,0.0,0.0,-0.006573332799536447
2013-11-06,0.0007522412842244069,0.0007522412842244069,0.003742085598273171,-0.002989844314048764,-0.002989844314048764,0.0,0.0,False,0.0,0.0,0.003742085598273171
2013-11-07,-0.007339313124254694,-0.007339313124254694,-0.007594114960105489,0.00025480183585079464,0.00025480183585079464,0.0,0.0,False,0.0,0.0,-0.007594114960105489
2013-11-08,0.00627035602448291,0.00627035602448291,0.0006871421539581201,0.0055832138705247895,0.0055832138705247895,0.0,0.0,False,0.0,0.0,0.0006871421539581201
2013-11-11,-0.0008782395077033365,-0.0008782395077033365,-0.000588317159334305,-0.0002899223483690315,-0.0002899223483690315,0.0,0.0,False,0.0,0.0,-0.000588317159334305
2013-11-12,-0.0006524270162290092,-0.0006524270162290092,-0.0014528030806378845,0.0008003760644088754,0.0008003760644088754,0.0,0.0,False,0.0,0.0,-0.0014528030806378845
2013-11-13,0.006563623153885506,0.006563623153885506,0.0049349102414690095,0.0016287129124164966,0.0016287129124164966,0.0,0.0,False,0.0,0.0,0.0049349102414690095
2013-11-14,0.00213313381786614,0.00213313381786614,0.0058021505525059774,-0.0036690167346398374,-0.0036690167346398374,0.0,0.0,False,0.0,0.0,0.0058021505525059774
2013-11-15,0.0024580745418385165,0.0024580745418385165,0.00453197187341289,-0.0020738973315743733,-0.0020738973315743733,0.0,0.0,False,0.0,0.0,0.00453197187341289
2013-11-18,-0.0035666662018263248,-0.0035666662018263248,0.001119111261501683,-0.004685777463328008,-0.004685777463328008,0.0,0.0,False,0.0,0.0,0.001119111261501683
2013-11-19,-0.0031870878314911393,-0.0031870878314911393,-0.0035916111588971938,0.0004045233274060545,0.0004045233274060545,0.0,0.0,False,0.0,0.0,-0.0035916111588971938
2013-11-20,-0.001736804181025907,-0.001736804181025907,-0.005935631964724806,0.0041988277836989,0.0041988277836989,0.0,0.0,False,0.0,0.0,-0.005935631964724806
2013-11-21,0.008949211327385718,0.008949211327385718,0.004759241061024228,0.00418997026636149,0.00418997026636149,0.0,0.0,False,0.0,0.0,0.004759241061024228
2013-11-22,0.003211130035015934,0.003211130035015934,0.0044577718180031835,-0.0012466417829872494,-0.0012466417829872494,0.0,0.0,False,0.0,0.0,0.0044577718180031835
2013-11-25,0.0009097539075996274,0.0009097539075996274,-0.0014058239331065734,0.002315577840706201,0.002315577840706201,0.0,0.0,False,0.0,0.0,-0.0014058239331065734
2013-11-26,0.0032260570347687947,0.0032260570347687947,0.0016995625022858387,0.001526494532482956,0.001526494532482956,0.0,0.0,False,0.0,0.0,0.0016995625022858387
2013-11-27,0.0018496203127562271,0.0018496203127562271,0.0015248896330986466,0.0003247306796575805,0.0003247306796575805,0.0,0.0,False,0.0,0.0,0.0015248896330986466
2013-11-29,0.0003707474400582545,0.0003707474400582545,0.0009042812806465412,-0.0005335338405882868,-0.0005335338405882868,0.0,0.0,False,0.0,0.0,0.0009042812806465412
2013-12-02,-0.0035795834873542385,-0.0038595090696951773,-0.006451641884192133,0.0025921328144969556,0.0028720583968378944,0.2799255823409388,0.0002799255823409388,True,0.007963890474373611,7.963890474373612e-06,-0.0064596057746665065
2013-12-03,-0.0034762632549089215,-0.0034762632549089215,-0.001998258298486508,-0.0014780049564224137,-0.0014780049564224137,0.0,0.0,False,0.0,0.0,-0.001998258298486508
2013-12-04,-0.0019779762238558,-0.0019779762238558,-0.0029679008042968018,0.0009899245804410018,0.0009899245804410018,0.0,0.0,False,0.0,0.0,-0.0029679008042968018
2013-12-05,-0.0021442855647244518,-0.0021442855647244518,-0.0036804095777321476,0.0015361240130076959,0.0015361240130076959,0.0,0.0,False,0.0,0.0,-0.0036804095777321476
2013-12-06,0.007612886566427834,0.007612886566427834,0.008513933078978679,-0.0009010465125508455,-0.0009010465125508455,0.0,0.0,False,0.0,0.0,0.008513933078978679
2013-12-09,0.002028704269760116,0.002028704269760116,0.0013157273224964773,0.0007129769472636386,0.0007129769472636386,0.0,0.0,False,0.0,0.0,0.0013157273224964773
2013-12-10,-0.003322783880806951,-0.003322783880806951,5.8146126111841316e-05,-0.0033809300069187922,-0.0033809300069187922,0.0,0.0,False,0.0,0.0,5.8146126111841316e-05
2013-12-11,-0.009262544375386577,-0.009262544375386577,-0.009369684967724331,0.00010714059233775386,0.00010714059233775386,0.0,0.0,False,0.0,0.0,-0.009369684967724331
2013-12-12,-0.0019727122721318042,-0.0019727122721318042,-0.0035630188231699986,0.0015903065510381943,0.0015903065510381943,0.0,0.0,False,0.0,0.0,-0.0035630188231699986
2013-12-13,0.0011690685983538178,0.0011690685983538178,0.0012357029719745822,-6.663437362076441e-05,-6.663437362076441e-05,0.0,0.0,False,0.0,0.0,0.0012357029719745822
2013-12-16,0.005594695470677768,0.005594695470677768,0.004000880885355234,0.0015938145853225342,0.0015938145853225342,0.0,0.0,False,0.0,0.0,0.004000880885355234
2013-12-17,-0.0017480158844332188,-0.0017480158844332188,-0.0012177511172426219,-0.000530264767190597,-0.000530264767190597,0.0,0.0,False,0.0,0.0,-0.0012177511172426219
2013-12-18,0.010818554616298808,0.010818554616298808,0.00906855616627494,0.001749998450023868,0.001749998450023868,0.0,0.0,False,0.0,0.0,0.00906855616627494
2013-12-19,-0.002362106514342346,-0.002362106514342346,-0.0036465972613555445,0.0012844907470131984,0.0012844907470131984,0.0,0.0,False,0.0,0.0,-0.0036465972613555445
2013-12-20,0.006325100015837131,0.006325100015837131,0.005397074912388629,0.0009280251034485022,0.0009280251034485022,0.0,0.0,False,0.0,0.0,0.005397074912388629
2013-12-23,0.00544264753545424,0.00544264753545424,0.003292529819913578,0.002150117715540662,0.002150117715540662,0.0,0.0,False,0.0,0.0,0.003292529819913578
2013-12-24,0.001576719824463861,0.001576719824463861,0.0005236691834759448,0.0010530506409879162,0.0010530506409879162,0.0,0.0,False,0.0,0.0,0.0005236691834759448
2013-12-26,0.002603800342131197,0.002603800342131197,0.0010743561959033743,0.0015294441462278226,0.0015294441462278226,0.0,0.0,False,0.0,0.0,0.0010743561959033743
2013-12-27,0.00025630868456110855,0.00025630868456110855,0.0018380262884528128,-0.0015817176038917043,-0.0015817176038917043,0.0,0.0,False,0.0,0.0,0.0018380262884528128
2013-12-30,0.0004753726080895949,0.0004753726080895949,0.002297360463159863,-0.001821987855070268,-0.001821987855070268,0.0,0.0,False,0.0,0.0,0.002297360463159863
2013-12-31,0.002720038089625472,0.002720038089625472,0.0013124599213670857,0.0014075781682583864,0.0014075781682583864,0.0,0.0,False,0.0,0.0,0.0013124599213670857
2014-01-02,-0.003934993634312675,-0.0040793410653651285,-0.008701508622183707,0.004622167556818579,0.004766514987871033,0.1443474310524539,0.00014434743105245392,True,0.008567939290206956,8.567939290206955e-06,-0.008710076561473915
2014-01-03,0.0005522280815151792,0.0005522280815151792,0.00029660139981752833,0.0002556266816976509,0.0002556266816976509,0.0,0.0,False,0.0,0.0,0.00029660139981752833
2014-01-06,-0.0011496061088717507,-0.0011496061088717507,-0.001258818191481647,0.00010921208260989638,0.00010921208260989638,0.0,0.0,False,0.0,0.0,-0.001258818191481647
2014-01-07,0.0036825925318952684,0.0036825925318952684,0.003833908187884754,-0.00015131565598948578,-0.00015131565598948578,0.0,0.0,False,0.0,0.0,0.003833908187884754
2014-01-08,-0.0006339702813207747,-0.0006339702813207747,-0.0020060980740913086,0.001372127792770534,0.001372127792770534,0.0,0.0,False,0.0,0.0,-0.0020060980740913086
2014-01-09,0.0011650693263422945,0.0011650693263422945,0.0007598874330041422,0.00040518189333815227,0.00040518189333815227,0.0,0.0,False,0.0,0.0,0.0007598874330041422
2014-01-10,0.0040630674978399004,0.0040630674978399004,0.007286228841929239,-0.003223161344089338,-0.003223161344089338,0.0,0.0,False,0.0,0.0,0.007286228841929239
2014-01-13,-0.0067770787909931275,-0.0067770787909931275,-0.005980012178156404,-0.0007970666128367231,-0.0007970666128367231,0.0,0.0,False,0.0,0.0,-0.005980012178156404
2014-01-14,0.005702757645524724,0.005702757645524724,0.004615481365418076,0.0010872762801066478,0.0010872762801066478,0.0,0.0,False,0.0,0.0,0.004615481365418076
2014-01-15,0.0036488267088524706,0.0036488267088524706,0.0023900180523087743,0.0012588086565436963,0.0012588086565436963,0.0,0.0,False,0.0,0.0,0.0023900180523087743
2014-01-16,-1.6269888847878183e-05,-1.6269888847878183e-05,0.0003395689391400203,-0.0003558388279878985,-0.0003558388279878985,0.0,0.0,False,0.0,0.0,0.0003395689391400203
2014-01-17,-0.0016227750155852606,-0.0016227750155852606,-0.0014976370630816367,-0.00012513795250362393,-0.00012513795250362393,0.0,0.0,False,0.0,0.0,-0.0014976370630816367
2014-01-21,0.002266876743184963,0.002266876743184963,0.0013554589181356339,0.0009114178250493291,0.0009114178250493291,0.0,0.0,False,0.0,0.0,0.0013554589181356339
2014-01-22,0.00012232826089270186,0.00012232826089270186,0.0006581072140742913,-0.0005357789531815894,-0.0005357789531815894,0.0,0.0,False,0.0,0.0,0.0006581072140742913
2014-01-23,-0.0034262192470533924,-0.0034262192470533924,-0.00348299210078614,5.677285373274776e-05,5.677285373274776e-05,0.0,0.0,False,0.0,0.0,-0.00348299210078614
2014-01-24,-0.013220730075745698,-0.013220730075745698,-0.013137066739480393,-8.366333626530498e-05,-8.366333626530498e-05,0.0,0.0,False,0.0,0.0,-0.013137066739480393
2014-01-27,-0.004564822463445413,-0.004564822463445413,-0.004526684189693353,-3.8138273752060144e-05,-3.8138273752060144e-05,0.0,0.0,False,0.0,0.0,-0.004526684189693353
2014-01-28,0.005480066469208554,0.005480066469208554,0.005326576658105667,0.0001534898111028877,0.0001534898111028877,0.0,0.0,False,0.0,0.0,0.005326576658105667
2014-01-29,-0.005951018865555904,-0.005951018865555904,-0.004813304397063223,-0.001137714468492681,-0.001137714468492681,0.0,0.0,False,0.0,0.0,-0.004813304397063223
2014-01-30,0.0064217206860842655,0.0064217206860842655,0.005169672620249712,0.0012520480658345535,0.0012520480658345535,0.0,0.0,False,0.0,0.0,0.005169672620249712
2014-01-31,-0.002726679760702166,-0.002726679760702166,-0.002803795360950448,7.711560024828206e-05,7.711560024828206e-05,0.0,0.0,False,0.0,0.0,-0.002803795360950448
2014-02-03,-0.017090990294084434,-0.017242232976856488,-0.011546267778214497,-0.005695965198641991,-0.005544722515869937,0.15124268277205283,0.00015124268277205282,True,0.01892966835032686,1.8929668350326862e-05,-0.011565197446564824
2014-02-04,0.00555123396041836,0.00555123396041836,0.004262136675609049,0.001289097284809311,0.001289097284809311,0.0,0.0,False,0.0,0.0,0.004262136675609049
2014-02-05,-0.0015903942111190682,-0.0015903942111190682,-0.002480177623967984,0.000889783412848916,0.000889783412848916,0.0,0.0,False,0.0,0.0,-0.002480177623967984
2014-02-06,0.009325322074268779,0.009325322074268779,0.008336659636011606,0.0009886624382571731,0.0009886624382571731,0.0,0.0,False,0.0,0.0,0.008336659636011606
2014-02-07,0.00969161700775218,0.00969161700775218,0.007861808645917427,0.0018298083618347536,0.0018298083618347536,0.0,0.0,False,0.0,0.0,0.007861808645917427
2014-02-10,0.000964144119177841,0.000964144119177841,-0.0006540827734359404,0.0016182268926137815,0.0016182268926137815,0.0,0.0,False,0.0,0.0,-0.0006540827734359404
2014-02-11,0.007898369901814204,0.007898369901814204,0.006842822300384817,0.0010555476014293868,0.0010555476014293868,0.0,0.0,False,0.0,0.0,0.006842822300384817
2014-02-12,0.0005329363657438574,0.0005329363657438574,-0.000537403778988263,0.0010703401447321203,0.0010703401447321203,0.0,0.0,False,0.0,0.0,-0.000537403778988263
2014-02-13,0.005524670385840305,0.005524670385840305,0.00458044365114822,0.0009442267346920843,0.0009442267346920843,0.0,0.0,False,0.0,0.0,0.00458044365114822
2014-02-14,0.003193633546266972,0.003193633546266972,0.0037314883166825238,-0.0005378547704155516,-0.0005378547704155516,0.0,0.0,False,0.0,0.0,0.0037314883166825238
2014-02-18,0.003827951148591504,0.003827951148591504,0.0021436849115799234,0.0016842662370115807,0.0016842662370115807,0.0,0.0,False,0.0,0.0,0.0021436849115799234
2014-02-19,-0.005905004274078812,-0.005905004274078812,-0.0050034846789256075,-0.0009015195951532044,-0.0009015195951532044,0.0,0.0,False,0.0,0.0,-0.0050034846789256075
2014-02-20,0.005555913943294763,0.005555913943294763,0.002698653689642631,0.0028572602536521318,0.0028572602536521318,0.0,0.0,False,0.0,0.0,0.002698653689642631
2014-02-21,0.0007017212448553057,0.0007017212448553057,0.001459975076247675,-0.0007582538313923692,-0.0007582538313923692,0.0,0.0,False,0.0,0.0,0.001459975076247675
2014-02-24,0.005098832067968349,0.005098832067968349,0.003152358232118505,0.001946473835849844,0.001946473835849844,0.0,0.0,False,0.0,0.0,0.003152358232118505
2014-02-25,0.00018835893148391953,0.00018835893148391953,8.512865336324075e-05,0.00010323027812067878,0.00010323027812067878,0.0,0.0,False,0.0,0.0,8.512865336324075e-05
2014-02-26,0.0013723985189962166,0.0013723985189962166,0.0011870660085939939,0.00018533251040222273,0.00018533251040222273,0.0,0.0,False,0.0,0.0,0.0011870660085939939
2014-02-27,0.00392297185251876,0.00392297185251876,0.005033136054581435,-0.001110164202062675,-0.001110164202062675,0.0,0.0,False,0.0,0.0,0.005033136054581435
2014-02-28,0.0007001806180063087,0.0007001806180063087,-9.769389679830103e-05,0.0007978745148046097,0.0007978745148046097,0.0,0.0,False,0.0,0.0,-9.769389679830103e-05
2014-03-03,-0.003274801053514481,-0.003420450579795601,-0.005612579416215001,0.0021921288364194,0.0023377783627005202,0.1456495262811201,0.0001456495262811201,True,0.009532381287120088,9.532381287120086e-06,-0.005622111797502122
2014-03-04,0.00942431912501348,0.00942431912501348,0.006949938145418101,0.002474380979595378,0.002474380979595378,0.0,0.0,False,0.0,0.0,0.006949938145418101
2014-03-05,-0.0004748141702561478,-0.0004748141702561478,0.0004303694729807793,-0.0009051836432369271,-0.0009051836432369271,0.0,0.0,False,0.0,0.0,0.0004303694729807793
2014-03-06,-0.00015622763643748707,-0.00015622763643748707,0.001855965552231294,-0.002012193188668781,-0.002012193188668781,0.0,0.0,False,0.0,0.0,0.001855965552231294
2014-03-07,-0.001731129838119425,-0.001731129838119425,-0.0036967470677419885,0.0019656172296225634,0.0019656172296225634,0.0,0.0,False,0.0,0.0,-0.0036967470677419885
2014-03-10,-0.0009076072058871935,-0.0009076072058871935,-0.0018949709120000286,0.000987363706112835,0.000987363706112835,0.0,0.0,False,0.0,0.0,-0.0018949709120000286
2014-03-11,-0.003747288225989443,-0.003747288225989443,-0.003860164783300965,0.00011287655731152205,0.00011287655731152205,0.0,0.0,False,0.0,0.0,-0.003860164783300965
2014-03-12,0.0016692808590352045,0.0016692808590352045,0.0015392267771826595,0.00013005408185254503,0.00013005408185254503,0.0,0.0,False,0.0,0.0,0.0015392267771826595
2014-03-13,-0.006241733970864681,-0.006241733970864681,-0.0061562313248256385,-8.55026460390429e-05,-8.55026460390429e-05,0.0,0.0,False,0.0,0.0,-0.0061562313248256385
2014-03-14,-0.0007287713852915955,-0.0007287713852915955,-0.0005516940537178154,-0.00017707733157378014,-0.00017707733157378014,0.0,0.0,False,0.0,0.0,-0.0005516940537178154
2014-03-17,0.004173974358993686,0.004173974358993686,0.004605959569792694,-0.00043198521079900777,-0.00043198521079900777,0.0,0.0,False,0.0,0.0,0.004605959569792694
2014-03-18,0.006321685681252287,0.006321685681252287,0.006323632497059661,-1.9468158073739777e-06,-1.9468158073739777e-06,0.0,0.0,False,0.0,0.0,0.006323632497059661
2014-03-19,-0.005700223548436182,-0.005700223548436182,-0.009193353282924114,0.0034931297344879325,0.0034931297344879325,0.0,0.0,False,0.0,0.0,-0.009193353282924114
2014-03-20,0.0036479925363451116,0.0036479925363451116,0.0018723846601156073,0.0017756078762295043,0.0017756078762295043,0.0,0.0,False,0.0,0.0,0.0018723846601156073
2014-03-21,-0.0018561298115202067,-0.0018561298115202067,0.0003349855049199177,-0.0021911153164401245,-0.0021911153164401245,0.0,0.0,False,0.0,0.0,0.0003349855049199177
2014-03-24,-0.002916117528172387,-0.002916117528172387,0.00023799278466473902,-0.003154110312837126,-0.003154110312837126,0.0,0.0,False,0.0,0.0,0.00023799278466473902
2014-03-25,0.002380465029433311,0.002380465029433311,0.003900400497693994,-0.0015199354682606833,-0.0015199354682606833,0.0,0.0,False,0.0,0.0,0.003900400497693994
2014-03-26,-0.004974757082586856,-0.004974757082586856,-0.0011103930836266877,-0.003864363998960169,-0.003864363998960169,0.0,0.0,False,0.0,0.0,-0.0011103930836266877
2014-03-27,-0.0016232987844462664,-0.0016232987844462664,0.0017911185212313924,-0.003414417305677659,-0.003414417305677659,0.0,0.0,False,0.0,0.0,0.0017911185212313924
2014-03-28,0.0020665679758161332,0.0020665679758161332,0.0022464285368212185,-0.00017986056100508527,-0.00017986056100508527,0.0,0.0,False,0.0,0.0,0.0022464285368212185
2014-03-31,0.006203030957161044,0.006203030957161044,0.004655090577371547,0.001547940379789497,0.001547940379789497,0.0,0.0,False,0.0,0.0,0.004655090577371547
2014-04-01,0.007244003149526307,0.007051819798797643,0.003563050905472759,0.0034887688933248834,0.0036809522440535477,0.19218335072866427,0.00019218335072866428,True,0.004683445775489823,4.683445775489823e-06,0.003558367459697269
2014-04-02,0.0022163161102648392,0.0022163161102648392,0.0003652316709963864,0.0018510844392684528,0.0018510844392684528,0.0,0.0,False,0.0,0.0,0.0003652316709963864
2014-04-03,-0.0038257497437303336,-0.0038257497437303336,-0.0010900659062561117,-0.002735683837474222,-0.002735683837474222,0.0,0.0,False,0.0,0.0,-0.0010900659062561117
2014-04-04,-0.010849855813072008,-0.010849855813072008,-0.003325701827384373,-0.007524153985687634,-0.007524153985687634,0.0,0.0,False,0.0,0.0,-0.003325701827384373
2014-04-07,-0.00912211961129179,-0.00912211961129179,-0.0031678996513139763,-0.005954219959977813,-0.005954219959977813,0.0,0.0,False,0.0,0.0,-0.0031678996513139763
2014-04-08,0.004480228429659157,0.004480228429659157,0.003446426459630729,0.0010338019700284282,0.0010338019700284282,0.0,0.0,False,0.0,0.0,0.003446426459630729
2014-04-09,0.00877201154617468,0.00877201154617468,0.00642000151839127,0.00235201002778341,0.00235201002778341,0.0,0.0,False,0.0,0.0,0.00642000151839127
2014-04-10,-0.01722988828427153,-0.01722988828427153,-0.009915911864669117,-0.007313976419602412,-0.007313976419602412,0.0,0.0,False,0.0,0.0,-0.009915911864669117
2014-04-11,-0.00896596865574284,-0.00896596865574284,-0.0032931138725910748,-0.005672854783151765,-0.005672854783151765,0.0,0.0,False,0.0,0.0,-0.0032931138725910748
2014-04-14,0.00446614153251267,0.00446614153251267,0.0027300585352308497,0.0017360829972818204,0.0017360829972818204,0.0,0.0,False,0.0,0.0,0.0027300585352308497
2014-04-15,0.0037740983145587593,0.0037740983145587593,0.00092394498485353,0.0028501533297052295,0.0028501533297052295,0.0,0.0,False,0.0,0.0,0.00092394498485353
2014-04-16,0.007058448309406746,0.007058448309406746,0.0065505702610035785,0.0005078780484031676,0.0005078780484031676,0.0,0.0,False,0.0,0.0,0.0065505702610035785
2014-04-17,0.001713231274613369,0.001713231274613369,-0.00021156331177077988,0.0019247945863841488,0.0019247945863841488,0.0,0.0,False,0.0,0.0,-0.00021156331177077988
2014-04-21,0.002665379587139645,0.002665379587139645,0.0009595554955619162,0.0017058240915777288,0.0017058240915777288,0.0,0.0,False,0.0,0.0,0.0009595554955619162
2014-04-22,0.005298351593189137,0.005298351593189137,0.002382508528052138,0.0029158430651369995,0.0029158430651369995,0.0,0.0,False,0.0,0.0,0.002382508528052138
2014-04-23,-0.0027677115019029007,-0.0027677115019029007,-0.0009617716147866626,-0.001805939887116238,-0.001805939887116238,0.0,0.0,False,0.0,0.0,-0.0009617716147866626
2014-04-24,-0.0001893851414666352,-0.0001893851414666352,0.0006198660995108784,-0.0008092512409775136,-0.0008092512409775136,0.0,0.0,False,0.0,0.0,0.0006198660995108784
2014-04-25,-0.0086480136719259,-0.0086480136719259,-0.005078614757352348,-0.003569398914573552,-0.003569398914573552,0.0,0.0,False,0.0,0.0,-0.005078614757352348
2014-04-28,-0.0010994005552889862,-0.0010994005552889862,0.0008991885670720389,-0.0019985891223610252,-0.0019985891223610252,0.0,0.0,False,0.0,0.0,0.0008991885670720389
2014-04-29,0.002802588008318327,0.002802588008318327,0.0035770830633900896,-0.0007744950550717627,-0.0007744950550717627,0.0,0.0,False,0.0,0.0,0.0035770830633900896
2014-04-30,0.0030888354386224707,0.0030888354386224707,0.002777162754768362,0.0003116726838541086,0.0003116726838541086,0.0,0.0,False,0.0,0.0,0.002777162754768362
2014-05-01,-0.00045456064931110793,-0.00046442577914004683,0.002293226384160413,-0.0027576521633004597,-0.002747787033471521,0.009865129828938897,9.865129828938896e-06,True,0.00270233609534851,2.70233609534851e-06,0.0022905240480650645
2014-05-02,0.0006715705932935031,0.0006715705932935031,0.0008466676429838702,-0.0001750970496903671,-0.0001750970496903671,0.0,0.0,False,0.0,0.0,0.0008466676429838702
2014-05-05,-1.3201709709973418e-05,-1.3201709709973418e-05,-0.0009585561704772059,0.0009453544607672324,0.0009453544607672324,0.0,0.0,False,0.0,0.0,-0.0009585561704772059
2014-05-06,-0.008225353549441383,-0.008225353549441383,-0.0025309656488941928,-0.005694387900547189,-0.005694387900547189,0.0,0.0,False,0.0,0.0,-0.0025309656488941928
2014-05-07,0.0025134337327435193,0.0025134337327435193,0.002494151576546355,1.9282156197164384e-05,1.9282156197164384e-05,0.0,0.0,False,0.0,0.0,0.002494151576546355
2014-05-08,-0.003884019237572588,-0.003884019237572588,-0.0009949421901858865,-0.0028890770473867016,-0.0028890770473867016,0.0,0.0,False,0.0,0.0,-0.0009949421901858865
2014-05-09,0.003943911182781596,0.003943911182781596,1.9158411594695604e-05,0.0039247527711869,0.0039247527711869,0.0,0.0,False,0.0,0.0,1.9158411594695604e-05
2014-05-12,0.011163343546488964,0.011163343546488964,0.005592872933871411,0.005570470612617553,0.005570470612617553,0.0,0.0,False,0.0,0.0,0.005592872933871411
2014-05-13,-0.0025939221599806145,-0.0025939221599806145,0.00214847137680057,-0.004742393536781185,-0.004742393536781185,0.0,0.0,False,0.0,0.0,0.00214847137680057
2014-05-14,-0.006883603645200192,-0.006883603645200192,0.000412772586384104,-0.007296376231584296,-0.007296376231584296,0.0,0.0,False,0.0,0.0,0.000412772586384104
2014-05-15,-0.005314019640243492,-0.005314019640243492,-0.003174063486625329,-0.0021399561536181626,-0.0021399561536181626,0.0,0.0,False,0.0,0.0,-0.003174063486625329
2014-05-16,0.0039366386706539535,0.0039366386706539535,0.0022607242291554277,0.0016759144414985258,0.0016759144414985258,0.0,0.0,False,0.0,0.0,0.0022607242291554277
2014-05-19,0.0053377600902005246,0.0053377600902005246,0.0005405413024550328,0.004797218787745492,0.004797218787745492,0.0,0.0,False,0.0,0.0,0.0005405413024550328
2014-05-20,-0.007625547374402119,-0.007625547374402119,-0.0037077502592776116,-0.003917797115124508,-0.003917797115124508,0.0,0.0,False,0.0,0.0,-0.0037077502592776116
2014-05-21,0.004262669481117008,0.004262669481117008,0.00380460039801276,0.0004580690831042485,0.0004580690831042485,0.0,0.0,False,0.0,0.0,0.00380460039801276
2014-05-22,0.004572245143912056,0.004572245143912056,0.001810505717063763,0.002761739426848293,0.002761739426848293,0.0,0.0,False,0.0,0.0,0.001810505717063763
2014-05-23,0.005098668336692117,0.005098668336692117,0.002769947692261294,0.0023287206444308228,0.0023287206444308228,0.0,0.0,False,0.0,0.0,0.002769947692261294
2014-05-27,0.007186275553360424,0.007186275553360424,0.0036055715938550378,0.0035807039595053864,0.0035807039595053864,0.0,0.0,False,0.0,0.0,0.0036055715938550378
2014-05-28,-0.001929402070789418,-0.001929402070789418,0.002051394899779404,-0.0039807969705688215,-0.0039807969705688215,0.0,0.0,False,0.0,0.0,0.002051394899779404
2014-05-29,0.003064994466794373,0.003064994466794373,0.001946190252475985,0.0011188042143183878,0.0011188042143183878,0.0,0.0,False,0.0,0.0,0.001946190252475985
2014-05-30,-0.0007169343092387389,-0.0007169343092387389,-0.0012659215926771284,0.0005489872834383895,0.0005489872834383895,0.0,0.0,False,0.0,0.0,-0.0012659215926771284
2014-06-02,-0.0016822970690671892,-0.0019609755273606454,-0.0014395323318723953,-0.0005214431954882501,-0.00024276473719479384,0.27867845829345633,0.00027867845829345633,True,0.0022986925835692257,2.2986925835692256e-06,-0.0014418310244559646
2014-06-03,-0.0011682818723462859,-0.0011682818723462859,-0.0023737990036422473,0.0012055171312959614,0.0012055171312959614,0.0,0.0,False,0.0,0.0,-0.0023737990036422473
2014-06-04,0.0008842598737156633,0.0008842598737156633,-4.791164394943065e-05,0.0009321715176650939,0.0009321715176650939,0.0,0.0,False,0.0,0.0,-4.791164394943065e-05
2014-06-05,0.0055192473634169585,0.0055192473634169585,0.005749669015127697,-0.00023042165171073808,-0.00023042165171073808,0.0,0.0,False,0.0,0.0,0.005749669015127697
2014-06-06,0.004138439233710842,0.004138439233710842,0.0039203514972461564,0.00021808773646468573,0.00021808773646468573,0.0,0.0,False,0.0,0.0,0.0039203514972461564
2014-06-09,0.0010146328453942224,0.0010146328453942224,0.00032483866124529207,0.0006897941841489303,0.0006897941841489303,0.0,0.0,False,0.0,0.0,0.00032483866124529207
2014-06-10,-0.0007376719665247223,-0.0007376719665247223,-0.0006540597295786213,-8.361223694610103e-05,-8.361223694610103e-05,0.0,0.0,False,0.0,0.0,-0.0006540597295786213
2014-06-11,-0.0018847771527018189,-0.0018847771527018189,-0.0019387530992267508,5.3975946524931944e-05,5.3975946524931944e-05,0.0,0.0,False,0.0,0.0,-0.0019387530992267508
2014-06-12,-0.002675669555705372,-0.002675669555705372,-0.001225478936862904,-0.0014501906188424678,-0.0014501906188424678,0.0,0.0,False,0.0,0.0,-0.001225478936862904
2014-06-13,0.001637708344759741,0.001637708344759741,0.0007236956673485323,0.0009140126774112087,0.0009140126774112087,0.0,0.0,False,0.0,0.0,0.0007236956673485323
2014-06-16,0.000461117509453351,0.000461117509453351,0.0001801373394898096,0.0002809801699635414,0.0002809801699635414,0.0,0.0,False,0.0,0.0,0.0001801373394898096
2014-06-17,0.0006860190949447957,0.0006860190949447957,-0.0006011132955856492,0.0012871323905304449,0.0012871323905304449,0.0,0.0,False,0.0,0.0,-0.0006011132955856492
2014-06-18,0.006217354335996,0.006217354335996,0.00725596589749609,-0.0010386115615000904,-0.0010386115615000904,0.0,0.0,False,0.0,0.0,0.00725596589749609
2014-06-19,0.00038620036512896223,0.00038620036512896223,-0.0010311221643515857,0.0014173225294805479,0.0014173225294805479,0.0,0.0,False,0.0,0.0,-0.0010311221643515857
2014-06-20,0.0013920056885746404,0.0013920056885746404,0.0012019914168484515,0.00019001427172618893,0.00019001427172618893,0.0,0.0,False,0.0,0.0,0.0012019914168484515
2014-06-23,-0.0005402300655487221,-0.0005402300655487221,-0.0011079171825522803,0.0005676871170035582,0.0005676871170035582,0.0,0.0,False,0.0,0.0,-0.0011079171825522803
2014-06-24,-0.003167519437801281,-0.003167519437801281,-0.0014546761399093402,-0.0017128432978919409,-0.0017128432978919409,0.0,0.0,False,0.0,0.0,-0.0014546761399093402
2014-06-25,0.002810447566048732,0.002810447566048732,0.0024308092171423695,0.0003796383489063624,0.0003796383489063624,0.0,0.0,False,0.0,0.0,0.0024308092171423695
2014-06-26,-0.0004173235308413643,-0.0004173235308413643,0.0009461754285541508,-0.0013634989593955152,-0.0013634989593955152,0.0,0.0,False,0.0,0.0,0.0009461754285541508
2014-06-27,0.0011927934233372382,0.0011927934233372382,0.0011574514315021208,3.534199183511744e-05,3.534199183511744e-05,0.0,0.0,False,0.0,0.0,0.0011574514315021208
2014-06-30,-0.00023531156824587834,-0.00023531156824587834,3.897427777922477e-05,-0.0002742858460251031,-0.0002742858460251031,0.0,0.0,False,0.0,0.0,3.897427777922477e-05
2014-07-01,0.0037122735306629345,0.0034498648400593857,0.0031292761828426107,0.00032058865721677505,0.0005829973478203238,0.26240869060354866,0.0002624086906035487,True,0.0057336348080480465,5.733634808048047e-06,0.0031235425480345626
2014-07-02,0.0004604128555302234,0.0004604128555302234,-0.0009149404378739389,0.0013753532934041622,0.0013753532934041622,0.0,0.0,False,0.0,0.0,-0.0009149404378739389
2014-07-03,0.0008587229823181395,0.0008587229823181395,0.0019610720689060487,-0.0011023490865879092,-0.0011023490865879092,0.0,0.0,False,0.0,0.0,0.0019610720689060487
2014-07-07,-0.0033326563089450807,-0.0033326563089450807,-0.0020630220885153416,-0.001269634220429739,-0.001269634220429739,0.0,0.0,False,0.0,0.0,-0.0020630220885153416
2014-07-08,-0.0041435975104744255,-0.0041435975104744255,-0.002571445719558102,-0.0015721517909163237,-0.0015721517909163237,0.0,0.0,False,0.0,0.0,-0.002571445719558102
2014-07-09,0.0018203234458470667,0.0018203234458470667,0.0027924467836701063,-0.0009721233378230396,-0.0009721233378230396,0.0,0.0,False,0.0,0.0,0.0027924467836701063
2014-07-10,-0.005663355849797208,-0.005663355849797208,-0.0035864753748136935,-0.002076880474983515,-0.002076880474983515,0.0,0.0,False,0.0,0.0,-0.0035864753748136935
2014-07-11,0.0014581020053207254,0.0014581020053207254,0.0014381247754247759,1.9977229895949515e-05,1.9977229895949515e-05,0.0,0.0,False,0.0,0.0,0.0014381247754247759
2014-07-14,0.0029912232548916,0.0029912232548916,0.002673030995096864,0.00031819225979473576,0.00031819225979473576,0.0,0.0,False,0.0,0.0,0.002673030995096864
2014-07-15,-0.0018847825893478518,-0.0018847825893478518,-0.0019252219780968157,4.043938874896398e-05,4.043938874896398e-05,0.0,0.0,False,0.0,0.0,-0.0019252219780968157
2014-07-16,0.0025350574491310634,0.0025350574491310634,0.003069344824897614,-0.0005342873757665507,-0.0005342873757665507,0.0,0.0,False,0.0,0.0,0.003069344824897614
2014-07-17,-0.008238592644043469,-0.008238592644043469,-0.005638595963204271,-0.0025999966808391978,-0.0025999966808391978,0.0,0.0,False,0.0,0.0,-0.005638595963204271
2014-07-18,0.005674422021600204,0.005674422021600204,0.0057786145821832,-0.0001041925605829953,-0.0001041925605829953,0.0,0.0,False,0.0,0.0,0.0057786145821832
2014-07-21,-0.0021850438821912135,-0.0021850438821912135,-0.0006505401383966326,-0.001534503743794581,-0.001534503743794581,0.0,0.0,False,0.0,0.0,-0.0006505401383966326
2014-07-22,0.0028488669181167448,0.0028488669181167448,0.003788607261739389,-0.0009397403436226443,-0.0009397403436226443,0.0,0.0,False,0.0,0.0,0.003788607261739389
2014-07-23,0.001913999655515398,0.001913999655515398,0.0012152390540094466,0.0006987606015059515,0.0006987606015059515,0.0,0.0,False,0.0,0.0,0.0012152390540094466
2014-07-24,0.0009099236775574939,0.0009099236775574939,-0.0010444550651842832,0.001954378742741777,0.001954378742741777,0.0,0.0,False,0.0,0.0,-0.0010444550651842832
2014-07-25,-0.0022594837395217985,-0.0022594837395217985,-0.0009382997381343518,-0.0013211840013874466,-0.0013211840013874466,0.0,0.0,False,0.0,0.0,-0.0009382997381343518
2014-07-28,-0.0010818936774408313,-0.0010818936774408313,0.00014051902982988252,-0.0012224127072707138,-0.0012224127072707138,0.0,0.0,False,0.0,0.0,0.00014051902982988252
2014-07-29,-0.0017783412731771323,-0.0017783412731771323,-0.0014986890199660922,-0.00027965225321104005,-0.00027965225321104005,0.0,0.0,False,0.0,0.0,-0.0014986890199660922
2014-07-30,-0.0025805885766436686,-0.0025805885766436686,-0.003292284805812718,0.0007116962291690496,0.0007116962291690496,0.0,0.0,False,0.0,0.0,-0.003292284805812718
2014-07-31,-0.012289253915066486,-0.012289253915066486,-0.01194748337051837,-0.0003417705445481166,-0.0003417705445481166,0.0,0.0,False,0.0,0.0,-0.01194748337051837
2014-08-01,-0.003377107133891917,-0.003519155323897307,0.0007025271074395546,-0.004221682431336861,-0.004079634241331472,0.14204819000538976,0.00014204819000538976,True,0.005930526634328529,5.930526634328529e-06,0.0006965965808052261
2014-08-04,0.005941457134427555,0.005941457134427555,0.004253860838641007,0.0016875962957865476,0.0016875962957865476,0.0,0.0,False,0.0,0.0,0.004253860838641007
2014-08-05,-0.008075026364309618,-0.008075026364309618,-0.006071248846573649,-0.0020037775177359687,-0.0020037775177359687,0.0,0.0,False,0.0,0.0,-0.006071248846573649
2014-08-06,8.299415050155325e-05,8.299415050155325e-05,-0.0008562409197856771,0.0009392350702872303,0.0009392350702872303,0.0,0.0,False,0.0,0.0,-0.0008562409197856771
2014-08-07,-0.004213766471149079,-0.004213766471149079,-0.0016669106162797256,-0.002546855854869353,-0.002546855854869353,0.0,0.0,False,0.0,0.0,-0.0016669106162797256
2014-08-08,0.006621716814439065,0.006621716814439065,0.005362243312914019,0.001259473501525046,0.001259473501525046,0.0,0.0,False,0.0,0.0,0.005362243312914019
2014-08-11,0.003863337607192015,0.003863337607192015,0.003148744213917286,0.0007145933932747291,0.0007145933932747291,0.0,0.0,False,0.0,0.0,0.003148744213917286
2014-08-12,-0.0007607236920169486,-0.0007607236920169486,-0.0014588455664412505,0.000698121874424302,0.000698121874424302,0.0,0.0,False,0.0,0.0,-0.0014588455664412505
2014-08-13,0.005017707695221248,0.005017707695221248,0.005089731930867095,-7.202423564584698e-05,-7.202423564584698e-05,0.0,0.0,False,0.0,0.0,0.005089731930867095
2014-08-14,0.003941583255040579,0.003941583255040579,0.0034071584728666273,0.0005344247821739518,0.0005344247821739518,0.0,0.0,False,0.0,0.0,0.0034071584728666273
2014-08-15,0.0002837625058131567,0.0002837625058131567,0.001299161462814578,-0.0010153989570014213,-0.0010153989570014213,0.0,0.0,False,0.0,0.0,0.001299161462814578
2014-08-18,0.00579680397219502,0.00579680397219502,0.003692733967173143,0.0021040700050218774,0.0021040700050218774,0.0,0.0,False,0.0,0.0,0.003692733967173143
2014-08-19,0.002308837957361826,0.002308837957361826,0.002110435488420787,0.00019840246894103908,0.00019840246894103908,0.0,0.0,False,0.0,0.0,0.002110435488420787
2014-08-20,-8.026706853969461e-06,-8.026706853969461e-06,-0.0010827855207687388,0.0010747588139147694,0.0010747588139147694,0.0,0.0,False,0.0,0.0,-0.0010827855207687388
2014-08-21,0.0023405378963521455,0.0023405378963521455,0.0024007233062326378,-6.018540988049232e-05,-6.018540988049232e-05,0.0,0.0,False,0.0,0.0,0.0024007233062326378
2014-08-22,-0.0029763678857318227,-0.0029763678857318227,-0.0009564043754578962,-0.0020199635102739265,-0.0020199635102739265,0.0,0.0,False,0.0,0.0,-0.0009564043754578962
2014-08-25,0.0045224778784521726,0.0045224778784521726,0.004044950610214638,0.0004775272682375348,0.0004775272682375348,0.0,0.0,False,0.0,0.0,0.004044950610214638
2014-08-26,0.0005100019845768438,0.0005100019845768438,0.0011805642215303139,-0.0006705622369534701,-0.0006705622369534701,0.0,0.0,False,0.0,0.0,0.0011805642215303139
2014-08-27,0.0002136429518016537,0.0002136429518016537,0.0017757710518139275,-0.0015621281000122737,-0.0015621281000122737,0.0,0.0,False,0.0,0.0,0.0017757710518139275
2014-08-28,-0.0022281900505365534,-0.0022281900505365534,-0.0012361796006929325,-0.0009920104498436209,-0.0009920104498436209,0.0,0.0,False,0.0,0.0,-0.0012361796006929325
2014-08-29,0.0009813165591622324,0.0009813165591622324,0.0010919303332770848,-0.00011061377411485237,-0.00011061377411485237,0.0,0.0,False,0.0,0.0,0.0010919303332770848
2014-09-02,0.0008759765801152383,0.000837882654629901,-0.002591854104049224,0.003429736758679125,0.003467830684164462,0.03809392548533721,3.809392548533721e-05,True,0.006044293980772705,6.0442939807727054e-06,-0.0025978983980299965
2014-09-03,0.0014851362631533023,0.0014851362631533023,0.002650959364222622,-0.0011658231010693199,-0.0011658231010693199,0.0,0.0,False,0.0,0.0,0.002650959364222622
2014-09-04,-0.003186887724120115,-0.003186887724120115,-0.00398097020184279,0.0007940824777226754,0.0007940824777226754,0.0,0.0,False,0.0,0.0,-0.00398097020184279
2014-09-05,0.001214567935955807,0.001214567935955807,0.00239097985534347,-0.0011764119193876633,-0.0011764119193876633,0.0,0.0,False,0.0,0.0,0.00239097985534347
2014-09-08,-0.004901845334324018,-0.004901845334324018,-0.0039397447671846945,-0.0009621005671393238,-0.0009621005671393238,0.0,0.0,False,0.0,0.0,-0.0039397447671846945
2014-09-09,-0.004589951698955151,-0.004589951698955151,-0.005083506153934835,0.0004935544549796844,0.0004935544549796844,0.0,0.0,False,0.0,0.0,-0.005083506153934835
2014-09-10,0.0034277683675161255,0.0034277683675161255,0.0008131521635653253,0.0026146162039508,0.0026146162039508,0.0,0.0,False,0.0,0.0,0.0008131521635653253
2014-09-11,-0.0015603980047170299,-0.0015603980047170299,-0.001365952376271893,-0.00019444562844513698,-0.00019444562844513698,0.0,0.0,False,0.0,0.0,-0.001365952376271893
2014-09-12,-0.002838169989881977,-0.002838169989881977,-0.005548594948611908,0.0027104249587299313,0.0027104249587299313,0.0,0.0,False,0.0,0.0,-0.005548594948611908
2014-09-15,-0.0015665161717233515,-0.0015665161717233515,-0.0011145725816227722,-0.0004519435901005793,-0.0004519435901005793,0.0,0.0,False,0.0,0.0,-0.0011145725816227722
2014-09-16,0.0046927543108034216,0.0046927543108034216,0.004070190730697662,0.0006225635801057599,0.0006225635801057599,0.0,0.0,False,0.0,0.0,0.004070190730697662
2014-09-17,-0.0010244346360019298,-0.0010244346360019298,-0.00248647060510359,0.00146203596910166,0.00146203596910166,0.0,0.0,False,0.0,0.0,-0.00248647060510359
2014-09-18,0.004624276141892061,0.004624276141892061,0.003516014359191175,0.0011082617827008856,0.0011082617827008856,0.0,0.0,False,0.0,0.0,0.003516014359191175
2014-09-19,-0.0010554891625030004,-0.0010554891625030004,-0.00022550700803608244,-0.0008299821544669179,-0.0008299821544669179,0.0,0.0,False,0.0,0.0,-0.00022550700803608244
2014-09-22,-0.004742428625401831,-0.004742428625401831,-0.0045734474437979095,-0.00016898118160392148,-0.00016898118160392148,0.0,0.0,False,0.0,0.0,-0.0045734474437979095
2014-09-23,-0.006438267276601567,-0.006438267276601567,-0.0030283141492402858,-0.0034099531273612815,-0.0034099531273612815,0.0,0.0,False,0.0,0.0,-0.0030283141492402858
2014-09-24,0.003498613595214509,0.003498613595214509,0.0037598876112777684,-0.00026127401606325937,-0.00026127401606325937,0.0,0.0,False,0.0,0.0,0.0037598876112777684
2014-09-25,-0.01275329155222186,-0.01275329155222186,-0.008063892807383802,-0.004689398744838058,-0.004689398744838058,0.0,0.0,False,0.0,0.0,-0.008063892807383802
2014-09-26,0.003971620811855971,0.003971620811855971,0.0030566079547517393,0.0009150128571042315,0.0009150128571042315,0.0,0.0,False,0.0,0.0,0.0030566079547517393
2014-09-29,-0.0044820685163748574,-0.0044820685163748574,-0.002941333448692979,-0.0015407350676818784,-0.0015407350676818784,0.0,0.0,False,0.0,0.0,-0.002941333448692979
2014-09-30,0.0008232508747349498,0.0008232508747349498,-0.001900153627444323,0.0027234045021792726,0.0027234045021792726,0.0,0.0,False,0.0,0.0,-0.001900153627444323
2014-10-01,-0.006488921080125739,-0.006770111975558575,-0.0050377164199138956,-0.0017323955556446799,-0.0014512046602118437,0.28119089543283615,0.0002811908954328362,True,0.008877771206000296,8.877771206000296e-06,-0.005046594191119896
2014-10-02,0.0003135988364100761,0.0003135988364100761,-0.001609099865692383,0.001922698702102459,0.001922698702102459,0.0,0.0,False,0.0,0.0,-0.001609099865692383
2014-10-03,0.006511376426176885,0.006511376426176885,0.005099493017234994,0.0014118834089418908,0.0014118834089418908,0.0,0.0,False,0.0,0.0,0.005099493017234994
2014-10-06,0.0018504892200348995,0.0018504892200348995,0.0018933789715696258,-4.2889751534726326e-05,-4.2889751534726326e-05,0.0,0.0,False,0.0,0.0,0.0018933789715696258
2014-10-07,-0.008865996906123604,-0.008865996906123604,-0.006411736344080798,-0.002454260562042806,-0.002454260562042806,0.0,0.0,False,0.0,0.0,-0.006411736344080798
2014-10-08,0.012408551402206765,0.012408551402206765,0.011443112701746555,0.0009654387004602097,0.0009654387004602097,0.0,0.0,False,0.0,0.0,0.011443112701746555
2014-10-09,-0.01377506742572875,-0.01377506742572875,-0.013959211256542267,0.00018414383081351814,0.00018414383081351814,0.0,0.0,False,0.0,0.0,-0.013959211256542267
2014-10-10,-0.00931124276092462,-0.00931124276092462,-0.0068891505144513905,-0.002422092246473229,-0.002422092246473229,0.0,0.0,False,0.0,0.0,-0.0068891505144513905
2014-10-13,-0.006010683974672243,-0.006010683974672243,-0.0024235602292227696,-0.0035871237454494736,-0.0035871237454494736,0.0,0.0,False,0.0,0.0,-0.0024235602292227696
2014-10-14,0.0040204986795417345,0.0040204986795417345,0.003073023018184774,0.0009474756613569607,0.0009474756613569607,0.0,0.0,False,0.0,0.0,0.003073023018184774
2014-10-15,-0.00411354672211266,-0.00411354672211266,-0.0018820868314421365,-0.0022314598906705233,-0.0022314598906705233,0.0,0.0,False,0.0,0.0,-0.0018820868314421365
2014-10-16,-2.962892228967418e-05,-2.962892228967418e-05,-0.0031894654234527987,0.0031598365011631245,0.0031598365011631245,0.0,0.0,False,0.0,0.0,-0.0031894654234527987
2014-10-17,0.00895434434071743,0.00895434434071743,0.006047356757557359,0.0029069875831600703,0.0029069875831600703,0.0,0.0,False,0.0,0.0,0.006047356757557359
2014-10-20,0.007857050009687297,0.007857050009687297,0.005375496641643583,0.0024815533680437136,0.0024815533680437136,0.0,0.0,False,0.0,0.0,0.005375496641643583
2014-10-21,0.011255930948767822,0.011255930948767822,0.007674831589366925,0.003581099359400897,0.003581099359400897,0.0,0.0,False,0.0,0.0,0.007674831589366925
2014-10-22,-0.005693369783307978,-0.005693369783307978,-0.0047879383026836414,-0.0009054314806243363,-0.0009054314806243363,0.0,0.0,False,0.0,0.0,-0.0047879383026836414
2014-10-23,0.004993800237574967,0.004993800237574967,0.004068647517403627,0.0009251527201713404,0.0009251527201713404,0.0,0.0,False,0.0,0.0,0.004068647517403627
2014-10-24,0.004499133971027806,0.004499133971027806,0.004161082956308362,0.00033805101471944335,0.00033805101471944335,0.0,0.0,False,0.0,0.0,0.004161082956308362
2014-10-27,-0.0020058218607760378,-0.0020058218607760378,-0.0015253553235237828,-0.000480466537252255,-0.000480466537252255,0.0,0.0,False,0.0,0.0,-0.0015253553235237828
2014-10-28,0.00740587713636551,0.00740587713636551,0.0077020400506563474,-0.00029616291429083747,-0.00029616291429083747,0.0,0.0,False,0.0,0.0,0.0077020400506563474
2014-10-29,-0.0018180253406777963,-0.0018180253406777963,-0.002378953648766,0.0005609283080882039,0.0005609283080882039,0.0,0.0,False,0.0,0.0,-0.002378953648766
2014-10-30,0.004095615975237881,0.004095615975237881,0.004697425629840219,-0.0006018096546023376,-0.0006018096546023376,0.0,0.0,False,0.0,0.0,0.004697425629840219
2014-10-31,0.007016138695757342,0.007016138695757342,0.006829635097588294,0.00018650359816904834,0.00018650359816904834,0.0,0.0,False,0.0,0.0,0.006829635097588294
2014-11-03,-0.001262311492382421,-0.0015409780264546147,-0.00241311995387844,0.0008721419274238251,0.0011508084614960188,0.2786665340721937,0.0002786665340721937,True,0.004602882623748989,4.6028826237489895e-06,-0.002417722836502189
2014-11-04,-0.0024171309074765934,-0.0024171309074765934,-0.0016759025290757465,-0.0007412283784008469,-0.0007412283784008469,0.0,0.0,False,0.0,0.0,-0.0016759025290757465
2014-11-05,0.0019617277423390686,0.0019617277423390686,0.0010960463866473914,0.0008656813556916772,0.0008656813556916772,0.0,0.0,False,0.0,0.0,0.0010960463866473914
2014-11-06,0.00030175702981877944,0.00030175702981877944,-0.0019818626416291934,0.002283619671447973,0.002283619671447973,0.0,0.0,False,0.0,0.0,-0.0019818626416291934
2014-11-07,0.0023341097450451614,0.0023341097450451614,0.0038612821151416715,-0.0015271723700965101,-0.0015271723700965101,0.0,0.0,False,0.0,0.0,0.0038612821151416715
2014-11-10,0.000535631195449729,0.000535631195449729,8.00352651128091e-05,0.00045559593033691985,0.00045559593033691985,0.0,0.0,False,0.0,0.0,8.00352651128091e-05
2014-11-11,0.0017695022006525864,0.0017695022006525864,0.0011694180060407096,0.0006000841946118768,0.0006000841946118768,0.0,0.0,False,0.0,0.0,0.0011694180060407096
2014-11-12,-0.002458109951622514,-0.002458109951622514,-0.0016870156166991451,-0.0007710943349233687,-0.0007710943349233687,0.0,0.0,False,0.0,0.0,-0.0016870156166991451
2014-11-13,-4.730344894835685e-05,-4.730344894835685e-05,0.0006348515198918749,-0.0006821549688402317,-0.0006821549688402317,0.0,0.0,False,0.0,0.0,0.0006348515198918749
2014-11-14,-0.0004346716795279109,-0.0004346716795279109,0.0018565146544012273,-0.0022911863339291384,-0.0022911863339291384,0.0,0.0,False,0.0,0.0,0.0018565146544012273
2014-11-17,-0.001062686966477543,-0.001062686966477543,-0.0025585464575815725,0.0014958594911040296,0.0014958594911040296,0.0,0.0,False,0.0,0.0,-0.0025585464575815725
2014-11-18,0.0035795756426535014,0.0035795756426535014,0.0046847381403814356,-0.0011051624977279342,-0.0011051624977279342,0.0,0.0,False,0.0,0.0,0.0046847381403814356
2014-11-19,-0.0025276022654094825,-0.0025276022654094825,-0.003154151308329924,0.0006265490429204416,0.0006265490429204416,0.0,0.0,False,0.0,0.0,-0.003154151308329924
2014-11-20,0.000725205246802563,0.000725205246802563,0.0012217242850911503,-0.0004965190382885873,-0.0004965190382885873,0.0,0.0,False,0.0,0.0,0.0012217242850911503
2014-11-21,0.005628637178748365,0.005628637178748365,0.00743236098849724,-0.0018037238097488749,-0.0018037238097488749,0.0,0.0,False,0.0,0.0,0.00743236098849724
2014-11-24,0.002327358913914133,0.002327358913914133,0.0019900884253961,0.0003372704885180331,0.0003372704885180331,0.0,0.0,False,0.0,0.0,0.0019900884253961
2014-11-25,0.001521376425502427,0.001521376425502427,0.0009817526585841002,0.0005396237669183267,0.0005396237669183267,0.0,0.0,False,0.0,0.0,0.0009817526585841002
2014-11-26,0.002737260574281311,0.002737260574281311,0.0037551207260325013,-0.0010178601517511904,-0.0010178601517511904,0.0,0.0,False,0.0,0.0,0.0037551207260325013
2014-11-28,-0.0033733931100914712,-0.0033733931100914712,-0.003010633775354241,-0.0003627593347372304,-0.0003627593347372304,0.0,0.0,False,0.0,0.0,-0.003010633775354241
2014-12-01,-0.00413860980813099,-0.0043584687794840085,-0.006018254642189002,0.0016597858627049938,0.0018796448340580125,0.21985897135301896,0.00021985897135301898,True,0.00548254151547058,5.48254151547058e-06,-0.006023737183704473
2014-12-02,-0.0002634107823631961,-0.0002634107823631961,0.0005464814360554291,-0.0008098922184186252,-0.0008098922184186252,0.0,0.0,False,0.0,0.0,0.0005464814360554291
2014-12-03,0.0015619063182682705,0.0015619063182682705,0.0021456519513201044,-0.0005837456330518339,-0.0005837456330518339,0.0,0.0,False,0.0,0.0,0.0021456519513201044
2014-12-04,0.0001303023367544668,0.0001303023367544668,0.00045396092037229926,-0.00032365858361783244,-0.00032365858361783244,0.0,0.0,False,0.0,0.0,0.00045396092037229926
2014-12-05,-0.00129009773568271,-0.00129009773568271,-0.0010153553161631852,-0.00027474241951952493,-0.00027474241951952493,0.0,0.0,False,0.0,0.0,-0.0010153553161631852
2014-12-08,-0.0016557378964560648,-0.0016557378964560648,-0.0034469746863350216,0.0017912367898789568,0.0017912367898789568,0.0,0.0,False,0.0,0.0,-0.0034469746863350216
2014-12-09,-0.00028094385250174094,-0.00028094385250174094,3.921124610450563e-05,-0.00032015509860624657,-0.00032015509860624657,0.0,0.0,False,0.0,0.0,3.921124610450563e-05
2014-12-10,-0.0071168755053280484,-0.0071168755053280484,-0.0079996681527604,0.0008827926474323511,0.0008827926474323511,0.0,0.0,False,0.0,0.0,-0.0079996681527604
2014-12-11,0.0009639278816418249,0.0009639278816418249,0.0004309903123938188,0.0005329375692480062,0.0005329375692480062,0.0,0.0,False,0.0,0.0,0.0004309903123938188
2014-12-12,-0.006954450040584943,-0.006954450040584943,-0.0072743081331822276,0.00031985809259728413,0.00031985809259728413,0.0,0.0,False,0.0,0.0,-0.0072743081331822276
2014-12-15,-0.00464083535417497,-0.00464083535417497,-0.006829342235799382,0.002188506881624412,0.002188506881624412,0.0,0.0,False,0.0,0.0,-0.006829342235799382
2014-12-16,-0.0010561921537432363,-0.0010561921537432363,8.752856397363555e-05,-0.0011437207177168718,-0.0011437207177168718,0.0,0.0,False,0.0,0.0,8.752856397363555e-05
2014-12-17,0.007657220113519233,0.007657220113519233,0.009337333645043104,-0.0016801135315238705,-0.0016801135315238705,0.0,0.0,False,0.0,0.0,0.009337333645043104
2014-12-18,0.010900016878706226,0.010900016878706226,0.010092638562717032,0.0008073783159891941,0.0008073783159891941,0.0,0.0,False,0.0,0.0,0.010092638562717032
2014-12-19,0.00206643472490474,0.00206643472490474,0.003641585150247234,-0.0015751504253424939,-0.0015751504253424939,0.0,0.0,False,0.0,0.0,0.003641585150247234
2014-12-22,0.0034965344800472536,0.0034965344800472536,0.0043316362296909085,-0.0008351017496436549,-0.0008351017496436549,0.0,0.0,False,0.0,0.0,0.0043316362296909085
2014-12-23,-0.00385450247539369,-0.00385450247539369,-0.004712397543385444,0.0008578950679917546,0.0008578950679917546,0.0,0.0,False,0.0,0.0,-0.004712397543385444
2014-12-24,0.0019703398263011505,0.0019703398263011505,0.0019715613625549125,-1.2215362537619165e-06,-1.2215362537619165e-06,0.0,0.0,False,0.0,0.0,0.0019715613625549125
2014-12-26,0.001996140165858601,0.001996140165858601,0.0030267785799229013,-0.0010306384140643002,-0.0010306384140643002,0.0,0.0,False,0.0,0.0,0.0030267785799229013
2014-12-29,0.0004898811570354275,0.0004898811570354275,0.00032608731298736847,0.000163793844048059,0.000163793844048059,0.0,0.0,False,0.0,0.0,0.00032608731298736847
2014-12-30,-0.0028900818796321636,-0.0028900818796321636,-0.0026006673121372293,-0.0002894145674949343,-0.0002894145674949343,0.0,0.0,False,0.0,0.0,-0.0026006673121372293
2014-12-31,-0.004077805151365765,-0.004077805151365765,-0.0037230480258935664,-0.0003547571254721984,-0.0003547571254721984,0.0,0.0,False,0.0,0.0,-0.0037230480258935664
2015-01-02,0.0010729759648823104,0.0010676945457696787,-0.0003111927839571484,0.001378887329726827,0.0013841687488394588,0.005281419112631846,5.281419112631847e-06,True,0.008161055402220698,8.161055402220699e-06,-0.0003193538393593691
2015-01-05,-0.0077749315218676954,-0.0077749315218676954,-0.008727770919780074,0.0009528393979123789,0.0009528393979123789,0.0,0.0,False,0.0,0.0,-0.008727770919780074
2015-01-06,-0.002627814920731732,-0.002627814920731732,-0.0028069106632001685,0.00017909574246843633,0.00017909574246843633,0.0,0.0,False,0.0,0.0,-0.0028069106632001685
2015-01-07,0.006452127335287384,0.006452127335287384,0.008072904698355154,-0.0016207773630677698,-0.0016207773630677698,0.0,0.0,False,0.0,0.0,0.008072904698355154
2015-01-08,0.006511774136647045,0.006511774136647045,0.0077381813841483635,-0.0012264072475013186,-0.0012264072475013186,0.0,0.0,False,0.0,0.0,0.0077381813841483635
2015-01-09,-0.0019273608832284178,-0.0019273608832284178,-0.0019570427556342817,2.9681872405863848e-05,2.9681872405863848e-05,0.0,0.0,False,0.0,0.0,-0.0019570427556342817
2015-01-12,-0.0019136410669030764,-0.0019136410669030764,-0.0023498043098828495,0.00043616324297977307,0.00043616324297977307,0.0,0.0,False,0.0,0.0,-0.0023498043098828495
2015-01-13,0.0002730236443990823,0.0002730236443990823,0.001138049894352092,-0.0008650262499530098,-0.0008650262499530098,0.0,0.0,False,0.0,0.0,0.001138049894352092
2015-01-14,-0.0012484155826200643,-0.0012484155826200643,-0.0013507724150016768,0.00010235683238161248,0.00010235683238161248,0.0,0.0,False,0.0,0.0,-0.0013507724150016768
2015-01-15,0.0009421130957403992,0.0009421130957403992,0.0010336422637852402,-9.152916804484098e-05,-9.152916804484098e-05,0.0,0.0,False,0.0,0.0,0.0010336422637852402
2015-01-16,0.0034339285202376773,0.0034339285202376773,0.004287022049277945,-0.0008530935290402678,-0.0008530935290402678,0.0,0.0,False,0.0,0.0,0.004287022049277945
2015-01-20,0.0024277532260084025,0.0024277532260084025,0.0023034562622012054,0.00012429696380719711,0.00012429696380719711,0.0,0.0,False,0.0,0.0,0.0023034562622012054
2015-01-21,0.0021537909239402494,0.0021537909239402494,0.0030469509757182407,-0.0008931600517779912,-0.0008931600517779912,0.0,0.0,False,0.0,0.0,0.0030469509757182407
2015-01-22,0.0051750799024396455,0.0051750799024396455,0.007074860634773883,-0.0018997807323342377,-0.0018997807323342377,0.0,0.0,False,0.0,0.0,0.007074860634773883
2015-01-23,0.00017212578069875773,0.00017212578069875773,-0.00036220178958755944,0.0005343275702863171,0.0005343275702863171,0.0,0.0,False,0.0,0.0,-0.00036220178958755944
2015-01-26,0.0025744576516545043,0.0025744576516545043,0.0025832887745488725,-8.831122894368236e-06,-8.831122894368236e-06,0.0,0.0,False,0.0,0.0,0.0025832887745488725
2015-01-27,-0.003855439034577833,-0.003855439034577833,-0.003974894151362166,0.00011945511678433359,0.00011945511678433359,0.0,0.0,False,0.0,0.0,-0.003974894151362166
2015-01-28,-0.003291972664035231,-0.003291972664035231,-0.004473575523559454,0.001181602859524223,0.001181602859524223,0.0,0.0,False,0.0,0.0,-0.004473575523559454
2015-01-29,0.0039605943657881415,0.0039605943657881415,0.003943783959280877,1.6810406507264397e-05,1.6810406507264397e-05,0.0,0.0,False,0.0,0.0,0.003943783959280877
2015-01-30,-0.002641164972765666,-0.002641164972765666,-0.005885527903752982,0.003244362930987316,0.003244362930987316,0.0,0.0,False,0.0,0.0,-0.005885527903752982
2015-02-02,0.005824284660890262,0.005560623863747841,0.007481130766657162,-0.0019205069029093209,-0.0016568461057669005,0.26366079714242086,0.00026366079714242084,True,0.015458048919073084,1.5458048919073084e-05,0.007465672717738089
2015-02-03,0.005507906374962475,0.005507906374962475,0.005647175051389232,-0.00013926867642675717,-0.00013926867642675717,0.0,0.0,False,0.0,0.0,0.005647175051389232
2015-02-04,-0.0017682167477123716,-0.0017682167477123716,-0.0025011432210920257,0.0007329264733796541,0.0007329264733796541,0.0,0.0,False,0.0,0.0,-0.0025011432210920257
2015-02-05,0.005473873899932601,0.005473873899932601,0.004697317574373298,0.0007765563255593029,0.0007765563255593029,0.0,0.0,False,0.0,0.0,0.004697317574373298
2015-02-06,-0.00789097918255767,-0.00789097918255767,-0.009097161232572131,0.0012061820500144614,0.0012061820500144614,0.0,0.0,False,0.0,0.0,-0.009097161232572131
2015-02-09,-0.00332470792763256,-0.00332470792763256,-0.002735992532451648,-0.0005887153951809119,-0.0005887153951809119,0.0,0.0,False,0.0,0.0,-0.002735992532451648
2015-02-10,0.004084716158350309,0.004084716158350309,0.003469150547653401,0.0006155656106969077,0.0006155656106969077,0.0,0.0,False,0.0,0.0,0.003469150547653401
2015-02-11,-7.537752544908941e-05,-7.537752544908941e-05,-0.0013484440065317464,0.001273066481082657,0.001273066481082657,0.0,0.0,False,0.0,0.0,-0.0013484440065317464
2015-02-12,0.007263054062191115,0.007263054062191115,0.008357486956730976,-0.0010944328945398617,-0.0010944328945398617,0.0,0.0,False,0.0,0.0,0.008357486956730976
2015-02-13,0.00038361623339840437,0.00038361623339840437,0.0020670049177453744,-0.00168338868434697,-0.00168338868434697,0.0,0.0,False,0.0,0.0,0.0020670049177453744
2015-02-17,-0.0010286877541552748,-0.0010286877541552748,-0.0019281627341628013,0.0008994749800075265,0.0008994749800075265,0.0,0.0,False,0.0,0.0,-0.0019281627341628013
2015-02-18,0.0024502196151972425,0.0024502196151972425,0.00267201531645295,-0.00022179570125570747,-0.00022179570125570747,0.0,0.0,False,0.0,0.0,0.00267201531645295
2015-02-19,-0.0023026422009576517,-0.0023026422009576517,-0.0012574903499548472,-0.0010451518510028045,-0.0010451518510028045,0.0,0.0,False,0.0,0.0,-0.0012574903499548472
2015-02-20,0.003935009195134039,0.003935009195134039,0.0043758054398104675,-0.00044079624467642867,-0.00044079624467642867,0.0,0.0,False,0.0,0.0,0.0043758054398104675
2015-02-23,0.0021634821375186215,0.0021634821375186215,0.0002974360266540119,0.0018660461108646097,0.0018660461108646097,0.0,0.0,False,0.0,0.0,0.0002974360266540119
2015-02-24,0.0020443451983949952,0.0020443451983949952,0.0061677421379862886,-0.004123396939591293,-0.004123396939591293,0.0,0.0,False,0.0,0.0,0.0061677421379862886
2015-02-25,0.000249890536159394,0.000249890536159394,0.00021933054475901134,3.0559991400382677e-05,3.0559991400382677e-05,0.0,0.0,False,0.0,0.0,0.00021933054475901134
2015-02-26,-0.002856353256701962,-0.002856353256701962,-0.003119617457227703,0.000263264200525741,0.000263264200525741,0.0,0.0,False,0.0,0.0,-0.003119617457227703
2015-02-27,-0.000510160263904881,-0.000510160263904881,5.48033385503616e-05,-0.0005649636024552425,-0.0005649636024552425,0.0,0.0,False,0.0,0.0,5.48033385503616e-05
2015-03-02,-0.001065875204148578,-0.0012458299435798117,-0.0013801460312637013,0.00013431608768388966,0.0003142708271151233,0.17995473943123372,0.00017995473943123374,True,0.01913396048828423,1.913396048828423e-05,-0.0013992799917519855
2015-03-03,-0.0031886158758138664,-0.0031886158758138664,-0.003916999224452272,0.0007283833486384055,0.0007283833486384055,0.0,0.0,False,0.0,0.0,-0.003916999224452272
2015-03-04,-0.004270799572401916,-0.004270799572401916,-0.0030522710444827487,-0.0012185285279191676,-0.0012185285279191676,0.0,0.0,False,0.0,0.0,-0.0030522710444827487
2015-03-05,0.0008654455631076886,0.0008654455631076886,0.0009278220104746375,-6.237644736694888e-05,-6.237644736694888e-05,0.0,0.0,False,0.0,0.0,0.0009278220104746375
2015-03-06,-0.014767285949297146,-0.014767285949297146,-0.013157966688032138,-0.0016093192612650076,-0.0016093192612650076,0.0,0.0,False,0.0,0.0,-0.013157966688032138
2015-03-09,0.0032862242705516613,0.0032862242705516613,0.0033164238423734607,-3.0199571821799397e-05,-3.0199571821799397e-05,0.0,0.0,False,0.0,0.0,0.0033164238423734607
2015-03-10,-0.008339333300699778,-0.008339333300699778,-0.009174432965402633,0.0008350996647028541,0.0008350996647028541,0.0,0.0,False,0.0,0.0,-0.009174432965402633
2015-03-11,0.0023666475497436594,0.0023666475497436594,0.002219600141325146,0.0001470474084185134,0.0001470474084185134,0.0,0.0,False,0.0,0.0,0.002219600141325146
2015-03-12,0.006651073933065572,0.006651073933065572,0.007082493388474983,-0.00043141945540941043,-0.00043141945540941043,0.0,0.0,False,0.0,0.0,0.007082493388474983
2015-03-13,-0.005165867434441284,-0.005165867434441284,-0.0049474788644601735,-0.00021838856998111084,-0.00021838856998111084,0.0,0.0,False,0.0,0.0,-0.0049474788644601735
2015-03-16,0.008123127455003836,0.008123127455003836,0.008470198776666396,-0.0003470713216625603,-0.0003470713216625603,0.0,0.0,False,0.0,0.0,0.008470198776666396
2015-03-17,0.0015039839514075196,0.0015039839514075196,0.0010684149846100928,0.00043556896679742673,0.00043556896679742673,0.0,0.0,False,0.0,0.0,0.0010684149846100928
2015-03-18,0.014958140600887057,0.014958140600887057,0.014720554790568479,0.0002375858103185781,0.0002375858103185781,0.0,0.0,False,0.0,0.0,0.014720554790568479
2015-03-19,-0.0063304819704383015,-0.0063304819704383015,-0.0066510088274089755,0.0003205268569706739,0.0003205268569706739,0.0,0.0,False,0.0,0.0,-0.0066510088274089755
2015-03-20,0.008959423393400324,0.008959423393400324,0.009352954824983236,-0.00039353143158291255,-0.00039353143158291255,0.0,0.0,False,0.0,0.0,0.009352954824983236
2015-03-23,0.0004879916521318336,0.0004879916521318336,0.0009636134523725467,-0.0004756218002407131,-0.0004756218002407131,0.0,0.0,False,0.0,0.0,0.0009636134523725467
2015-03-24,-0.0013416234657020304,-0.0013416234657020304,-0.00030095042700932614,-0.0010406730386927042,-0.0010406730386927042,0.0,0.0,False,0.0,0.0,-0.00030095042700932614
2015-03-25,-0.010649411071152703,-0.010649411071152703,-0.009640509510439129,-0.001008901560713574,-0.001008901560713574,0.0,0.0,False,0.0,0.0,-0.009640509510439129
2015-03-26,-0.005384754363676329,-0.005384754363676329,-0.00586474579642385,0.0004799914327475209,0.0004799914327475209,0.0,0.0,False,0.0,0.0,-0.00586474579642385
2015-03-27,0.003084032013994766,0.003084032013994766,0.0036884015780240345,-0.0006043695640292686,-0.0006043695640292686,0.0,0.0,False,0.0,0.0,0.0036884015780240345
2015-03-30,0.009076905520509927,0.009076905520509927,0.006262733643652693,0.0028141718768572334,0.0028141718768572334,0.0,0.0,False,0.0,0.0,0.006262733643652693
2015-03-31,-0.003443272755259207,-0.003443272755259207,-0.004416192998383835,0.000972920243124628,0.000972920243124628,0.0,0.0,False,0.0,0.0,-0.004416192998383835
2015-04-01,0.002158710133511716,0.0020509829915804963,0.003320200470155943,-0.0012692174785754466,-0.001161490336644227,0.1077271419312194,0.00010772714193121939,True,0.005675988699185626,5.675988699185626e-06,0.0033145244814567574
2015-04-02,0.003013568991899361,0.003013568991899361,0.002631293312502763,0.00038227567939659807,0.00038227567939659807,0.0,0.0,False,0.0,0.0,0.002631293312502763
2015-04-06,0.005185457189780167,0.005185457189780167,0.005249837674456818,-6.438048467665054e-05,-6.438048467665054e-05,0.0,0.0,False,0.0,0.0,0.005249837674456818
2015-04-07,2.59856746832077e-05,2.59856746832077e-05,-0.0007182656807369512,0.0007442513554201589,0.0007442513554201589,0.0,0.0,False,0.0,0.0,-0.0007182656807369512
2015-04-08,0.004406568215310032,0.004406568215310032,0.0040088565459704935,0.0003977116693395389,0.0003977116693395389,0.0,0.0,False,0.0,0.0,0.0040088565459704935
2015-04-09,0.0011178104041538702,0.0011178104041538702,0.00017917290219661257,0.0009386375019572576,0.0009386375019572576,0.0,0.0,False,0.0,0.0,0.00017917290219661257
2015-04-10,0.002707494622867048,0.002707494622867048,0.002467642937073024,0.0002398516857940237,0.0002398516857940237,0.0,0.0,False,0.0,0.0,0.002467642937073024
2015-04-13,-0.002735125757295399,-0.002735125757295399,-0.002484146573337988,-0.00025097918395741063,-0.00025097918395741063,0.0,0.0,False,0.0,0.0,-0.002484146573337988
2015-04-14,0.00237916088492653,0.00237916088492653,0.0034277700405710857,-0.0010486091556445557,-0.0010486091556445557,0.0,0.0,False,0.0,0.0,0.0034277700405710857
2015-04-15,0.0033520534922480832,0.0033520534922480832,0.003276660839225551,7.53926530225324e-05,7.53926530225324e-05,0.0,0.0,False,0.0,0.0,0.003276660839225551
2015-04-16,0.0008588768461862525,0.0008588768461862525,0.0009445111187840126,-8.563427259776003e-05,-8.563427259776003e-05,0.0,0.0,False,0.0,0.0,0.0009445111187840126
2015-04-17,-0.006223988370231831,-0.006223988370231831,-0.00666272255673726,0.0004387341865054288,0.0004387341865054288,0.0,0.0,False,0.0,0.0,-0.00666272255673726
2015-04-20,0.002322267443558232,0.002322267443558232,0.0021097600654012222,0.00021250737815700985,0.00021250737815700985,0.0,0.0,False,0.0,0.0,0.0021097600654012222
2015-04-21,0.0004244790063584477,0.0004244790063584477,0.0008823323662163782,-0.0004578533598579305,-0.0004578533598579305,0.0,0.0,False,0.0,0.0,0.0008823323662163782
2015-04-22,0.0008966209444827594,0.0008966209444827594,0.00012147753388565502,0.0007751434105971043,0.0007751434105971043,0.0,0.0,False,0.0,0.0,0.00012147753388565502
2015-04-23,0.003115586826977851,0.003115586826977851,0.0035187308576548524,-0.00040314403067700155,-0.00040314403067700155,0.0,0.0,False,0.0,0.0,0.0035187308576548524
2015-04-24,0.0023850071133378016,0.0023850071133378016,0.003077675516711147,-0.0006926684033733456,-0.0006926684033733456,0.0,0.0,False,0.0,0.0,0.003077675516711147
2015-04-27,-0.001117310502952816,-0.001117310502952816,-0.0010413415297816832,-7.59689731711327e-05,-7.59689731711327e-05,0.0,0.0,False,0.0,0.0,-0.0010413415297816832
2015-04-28,-0.0009945411384445725,-0.0009945411384445725,-0.0008627842644984115,-0.000131756873946161,-0.000131756873946161,0.0,0.0,False,0.0,0.0,-0.0008627842644984115
2015-04-29,-0.0067388585569623585,-0.0067388585569623585,-0.006968915235251895,0.0002300566782895367,0.0002300566782895367,0.0,0.0,False,0.0,0.0,-0.006968915235251895
2015-04-30,-0.005895498505489368,-0.005895498505489368,-0.007153615826794439,0.0012581173213050707,0.0012581173213050707,0.0,0.0,False,0.0,0.0,-0.007153615826794439
2015-05-01,0.002141348870822058,0.0018799178476713928,0.0032594516102188937,-0.001379533762547501,-0.0011181027393968356,0.26143102315066535,0.00026143102315066537,True,0.010102546824464105,1.0102546824464104e-05,0.0032493490633944294
2015-05-04,0.00020013068825993697,0.00020013068825993697,0.00011784815608911157,8.22825321708254e-05,8.22825321708254e-05,0.0,0.0,False,0.0,0.0,0.00011784815608911157
2015-05-05,-0.0069266668002957565,-0.0069266668002957565,-0.008104263338604792,0.0011775965383090357,0.0011775965383090357,0.0,0.0,False,0.0,0.0,-0.008104263338604792
2015-05-06,-0.0030795887422654464,-0.0030795887422654464,-0.004381231441556042,0.0013016426992905955,0.0013016426992905955,0.0,0.0,False,0.0,0.0,-0.004381231441556042
2015-05-07,0.003996386959261444,0.003996386959261444,0.002846315330709265,0.001150071628552179,0.001150071628552179,0.0,0.0,False,0.0,0.0,0.002846315330709265
2015-05-08,0.00835505269337102,0.00835505269337102,0.010859077348654394,-0.0025040246552833732,-0.0025040246552833732,0.0,0.0,False,0.0,0.0,0.010859077348654394
2015-05-11,-0.006451429333895924,-0.006451429333895924,-0.008320131753158396,0.0018687024192624727,0.0018687024192624727,0.0,0.0,False,0.0,0.0,-0.008320131753158396
2015-05-12,-0.001722756456788782,-0.001722756456788782,-0.0013603655958964451,-0.0003623908608923368,-0.0003623908608923368,0.0,0.0,False,0.0,0.0,-0.0013603655958964451
2015-05-13,-0.00044278918355309603,-0.00044278918355309603,0.0005943179299332213,-0.0010371071134863174,-0.0010371071134863174,0.0,0.0,False,0.0,0.0,0.0005943179299332213
2015-05-14,0.00706200657076649,0.00706200657076649,0.007830191131805976,-0.0007681845610394865,-0.0007681845610394865,0.0,0.0,False,0.0,0.0,0.007830191131805976
2015-05-15,0.0035831270000743465,0.0035831270000743465,0.004603360192142298,-0.0010202331920679511,-0.0010202331920679511,0.0,0.0,False,0.0,0.0,0.004603360192142298
2015-05-18,-0.0006317529337383095,-0.0006317529337383095,-0.0032857279454463068,0.0026539750117079972,0.0026539750117079972,0.0,0.0,False,0.0,0.0,-0.0032857279454463068
2015-05-19,-0.002772903362319614,-0.002772903362319614,-0.0026693520149060567,-0.00010355134741355746,-0.00010355134741355746,0.0,0.0,False,0.0,0.0,-0.0026693520149060567
2015-05-20,0.0007689173685379198,0.0007689173685379198,0.0007845840973537065,-1.56667288157867e-05,-1.56667288157867e-05,0.0,0.0,False,0.0,0.0,0.0007845840973537065
2015-05-21,0.0033150182570285767,0.0033150182570285767,0.0038228556570763144,-0.0005078374000477377,-0.0005078374000477377,0.0,0.0,False,0.0,0.0,0.0038228556570763144
2015-05-22,-0.0021167106844252044,-0.0021167106844252044,-0.0021363936722265274,1.9682987801322976e-05,1.9682987801322976e-05,0.0,0.0,False,0.0,0.0,-0.0021363936722265274
2015-05-26,-0.0030001092434399183,-0.0030001092434399183,-0.005399741624856137,0.0023996323814162186,0.0023996323814162186,0.0,0.0,False,0.0,0.0,-0.005399741624856137
2015-05-27,0.005596770615211159,0.005596770615211159,0.005146511301698135,0.0004502593135130243,0.0004502593135130243,0.0,0.0,False,0.0,0.0,0.005146511301698135
2015-05-28,-0.0011104410718034527,-0.0011104410718034527,-0.0021820437028198894,0.0010716026310164366,0.0010716026310164366,0.0,0.0,False,0.0,0.0,-0.0021820437028198894
2015-05-29,-0.0029609205185356837,-0.0029609205185356837,-0.004318247622956349,0.001357327104420665,0.001357327104420665,0.0,0.0,False,0.0,0.0,-0.004318247622956349
2015-06-01,-0.001343385712561825,-0.0013507148514829343,-0.00228637162138941,0.0009356567699064758,0.0009429859088275852,0.00732913892110929,7.329138921109291e-06,True,0.006552608715922208,6.552608715922209e-06,-0.0022929242301053324
2015-06-02,-0.0028230407569733024,-0.0028230407569733024,-0.001958807551743779,-0.0008642332052295233,-0.0008642332052295233,0.0,0.0,False,0.0,0.0,-0.001958807551743779
2015-06-03,-0.0009135940005197221,-0.0009135940005197221,-0.0018134404797264245,0.0008998464792067025,0.0008998464792067025,0.0,0.0,False,0.0,0.0,-0.0018134404797264245
2015-06-04,-0.0021611437195593187,-0.0021611437195593187,-0.003860273869365163,0.0016991301498058445,0.0016991301498058445,0.0,0.0,False,0.0,0.0,-0.003860273869365163
2015-06-05,-0.0022325637102127193,-0.0022325637102127193,-0.00518171577577073,0.0029491520655580104,0.0029491520655580104,0.0,0.0,False,0.0,0.0,-0.00518171577577073
2015-06-08,-0.002921810875220423,-0.002921810875220423,-0.0022008069343951433,-0.0007210039408252797,-0.0007210039408252797,0.0,0.0,False,0.0,0.0,-0.0022008069343951433
2015-06-09,-0.0025410263513232084,-0.0025410263513232084,-0.0033251526243956854,0.000784126273072477,0.000784126273072477,0.0,0.0,False,0.0,0.0,-0.0033251526243956854
2015-06-10,0.004753675617047653,0.004753675617047653,0.007260012125852913,-0.0025063365088052597,-0.0025063365088052597,0.0,0.0,False,0.0,0.0,0.007260012125852913
2015-06-11,0.005685169142519132,0.005685169142519132,0.004905619681741973,0.0007795494607771595,0.0007795494607771595,0.0,0.0,False,0.0,0.0,0.004905619681741973
2015-06-12,-0.0038475112523554096,-0.0038475112523554096,-0.004049406563692709,0.00020189531133729937,0.00020189531133729937,0.0,0.0,False,0.0,0.0,-0.004049406563692709
2015-06-15,-0.0017134561772502793,-0.0017134561772502793,-0.002951231463399928,0.0012377752861496489,0.0012377752861496489,0.0,0.0,False,0.0,0.0,-0.002951231463399928
2015-06-16,0.004490220865090573,0.004490220865090573,0.0035102665024391586,0.000979954362651414,0.000979954362651414,0.0,0.0,False,0.0,0.0,0.0035102665024391586
2015-06-17,0.0003800518796899652,0.0003800518796899652,0.00038112983071188114,-1.0779510219159389e-06,-1.0779510219159389e-06,0.0,0.0,False,0.0,0.0,0.00038112983071188114
2015-06-18,0.0051283639175362505,0.0051283639175362505,0.005430695877325662,-0.00030233195978941144,-0.00030233195978941144,0.0,0.0,False,0.0,0.0,0.005430695877325662
2015-06-19,0.0009306900987190075,0.0009306900987190075,-0.0001242289593612985,0.001054919058080306,0.001054919058080306,0.0,0.0,False,0.0,0.0,-0.0001242289593612985
2015-06-22,-0.0009696085819307105,-0.0009696085819307105,0.002306220820854278,-0.0032758294027849886,-0.0032758294027849886,0.0,0.0,False,0.0,0.0,0.002306220820854278
2015-06-23,-0.0006058352816372908,-0.0006058352816372908,0.00048691738749153995,-0.0010927526691288307,-0.0010927526691288307,0.0,0.0,False,0.0,0.0,0.00048691738749153995
2015-06-24,-0.0026153270189839123,-0.0026153270189839123,-0.0032647868257613564,0.0006494598067774441,0.0006494598067774441,0.0,0.0,False,0.0,0.0,-0.0032647868257613564
2015-06-25,-0.0020819794530029644,-0.0020819794530029644,-0.0022607406443060168,0.00017876119130305233,0.00017876119130305233,0.0,0.0,False,0.0,0.0,-0.0022607406443060168
2015-06-26,-0.0027651619195857746,-0.0027651619195857746,-0.003374273387839073,0.0006091114682532984,0.0006091114682532984,0.0,0.0,False,0.0,0.0,-0.003374273387839073
2015-06-29,-0.006944273597944101,-0.006944273597944101,-0.009722370055976096,0.002778096458031995,0.002778096458031995,0.0,0.0,False,0.0,0.0,-0.009722370055976096
2015-06-30,0.0004245818330711517,0.0004245818330711517,0.0005976247870301141,-0.00017304295395896238,-0.00017304295395896238,0.0,0.0,False,0.0,0.0,0.0005976247870301141
2015-07-01,0.0012850060939376485,0.0010050883513566134,0.0012448905948987733,-0.00023980224354215986,4.011549903887518e-05,0.279917742581035,0.00027991774258103504,True,0.0032847422014064716,3.2847422014064714e-06,0.0012416058526973667
2015-07-02,0.00025344084192759856,0.00025344084192759856,0.0014592079574465785,-0.00120576711551898,-0.00120576711551898,0.0,0.0,False,0.0,0.0,0.0014592079574465785
2015-07-06,0.0013620780774276716,0.0013620780774276716,-0.0037881476068963712,0.005150225684324043,0.005150225684324043,0.0,0.0,False,0.0,0.0,-0.0037881476068963712
2015-07-07,0.003614365148088656,0.003614365148088656,0.002168039319390232,0.0014463258286984242,0.0014463258286984242,0.0,0.0,False,0.0,0.0,0.002168039319390232
2015-07-08,-0.007256773302843311,-0.007256773302843311,-0.011141637244495203,0.0038848639416518916,0.0038848639416518916,0.0,0.0,False,0.0,0.0,-0.011141637244495203
2015-07-09,-0.0014602681743401927,-0.0014602681743401927,0.0014860287428478758,-0.0029462969171880687,-0.0029462969171880687,0.0,0.0,False,0.0,0.0,0.0014860287428478758
2015-07-10,0.004271088504703704,0.004271088504703704,0.008582604742878839,-0.004311516238175135,-0.004311516238175135,0.0,0.0,False,0.0,0.0,0.008582604742878839
2015-07-13,0.004705466595393564,0.004705466595393564,0.004111330971248642,0.0005941356241449215,0.0005941356241449215,0.0,0.0,False,0.0,0.0,0.004111330971248642
2015-07-14,0.0034893972865861723,0.0034893972865861723,0.003965964825483465,-0.0004765675388972929,-0.0004765675388972929,0.0,0.0,False,0.0,0.0,0.003965964825483465
2015-07-15,0.0004947688599715089,0.0004947688599715089,-0.0003682975755311636,0.0008630664355026725,0.0008630664355026725,0.0,0.0,False,0.0,0.0,-0.0003682975755311636
2015-07-16,0.0038837034630361256,0.0038837034630361256,0.0057584332664344,-0.0018747298033982744,-0.0018747298033982744,0.0,0.0,False,0.0,0.0,0.0057584332664344
2015-07-17,-0.0005492406443798011,-0.0005492406443798011,3.7763458175496875e-05,-0.000587004102555298,-0.000587004102555298,0.0,0.0,False,0.0,0.0,3.7763458175496875e-05
2015-07-20,-0.001882639791131039,-0.001882639791131039,-0.001289783047423959,-0.00059285674370708,-0.00059285674370708,0.0,0.0,False,0.0,0.0,-0.001289783047423959
2015-07-21,-0.0012396528107230043,-0.0012396528107230043,-0.0007381317430456484,-0.0005015210676773559,-0.0005015210676773559,0.0,0.0,False,0.0,0.0,-0.0007381317430456484
2015-07-22,-8.734327849389213e-05,-8.734327849389213e-05,-0.0021550638262130303,0.002067720547719138,0.002067720547719138,0.0,0.0,False,0.0,0.0,-0.0021550638262130303
2015-07-23,-0.0022216459979071687,-0.0022216459979071687,-0.001711001079963471,-0.0005106449179436978,-0.0005106449179436978,0.0,0.0,False,0.0,0.0,-0.001711001079963471
2015-07-24,-0.00614224448601367,-0.00614224448601367,-0.006713677795745945,0.0005714333097322751,0.0005714333097322751,0.0,0.0,False,0.0,0.0,-0.006713677795745945
2015-07-27,-0.002528765145746958,-0.002528765145746958,-0.0040858231698571975,0.0015570580241102395,0.0015570580241102395,0.0,0.0,False,0.0,0.0,-0.0040858231698571975
2015-07-28,0.0050453535233532,0.0050453535233532,0.005890590355927521,-0.0008452368325743212,-0.0008452368325743212,0.0,0.0,False,0.0,0.0,0.005890590355927521
2015-07-29,0.0028069622116920893,0.0028069622116920893,0.0030716920623418123,-0.000264729850649723,-0.000264729850649723,0.0,0.0,False,0.0,0.0,0.0030716920623418123
2015-07-30,0.0012026754620579078,0.0012026754620579078,-0.00013385298398886674,0.0013365284460467746,0.0013365284460467746,0.0,0.0,False,0.0,0.0,-0.00013385298398886674
2015-07-31,0.002514343492218159,0.002514343492218159,0.004034835875016596,-0.001520492382798437,-0.001520492382798437,0.0,0.0,False,0.0,0.0,0.004034835875016596
2015-08-03,-0.0012369215009600558,-0.001432176122564654,-0.001838562642053948,0.00040638651948929393,0.0006016411410938922,0.19525462160459828,0.0001952546216045983,True,0.00839012581038778,8.39012581038778e-06,-0.0018469527678643357
2015-08-04,-0.0031878988708294786,-0.0031878988708294786,-0.002439371534596565,-0.0007485273362329136,-0.0007485273362329136,0.0,0.0,False,0.0,0.0,-0.002439371534596565
2015-08-05,-0.000361972081772388,-0.000361972081772388,0.0001825417116917045,-0.0005445137934640925,-0.0005445137934640925,0.0,0.0,False,0.0,0.0,0.0001825417116917045
2015-08-06,-0.005050229814681219,-0.005050229814681219,-0.003200224913898708,-0.0018500049007825112,-0.0018500049007825112,0.0,0.0,False,0.0,0.0,-0.003200224913898708
2015-08-07,-0.0013069026364040167,-0.0013069026364040167,0.0007401001853073223,-0.0020470028217113388,-0.0020470028217113388,0.0,0.0,False,0.0,0.0,0.0007401001853073223
2015-08-10,0.004540384492836046,0.004540384492836046,0.005752771771447772,-0.0012123872786117262,-0.0012123872786117262,0.0,0.0,False,0.0,0.0,0.005752771771447772
2015-08-11,-0.002267925859715854,-0.002267925859715854,-0.004896850508742064,0.0026289246490262094,0.0026289246490262094,0.0,0.0,False,0.0,0.0,-0.004896850508742064
2015-08-12,-0.0008057992319803418,-0.0008057992319803418,-0.002913935799023714,0.002108136567043372,0.002108136567043372,0.0,0.0,False,0.0,0.0,-0.002913935799023714
2015-08-13,-0.002581185886094622,-0.002581185886094622,-0.0020124835474564667,-0.0005687023386381552,-0.0005687023386381552,0.0,0.0,False,0.0,0.0,-0.0020124835474564667
2015-08-14,0.002539164862217067,0.002539164862217067,0.0018358807676499772,0.0007032840945670896,0.0007032840945670896,0.0,0.0,False,0.0,0.0,0.0018358807676499772
2015-08-17,0.005359892512232086,0.005359892512232086,0.0019372938848590817,0.003422598627373005,0.003422598627373005,0.0,0.0,False,0.0,0.0,0.0019372938848590817
2015-08-18,-0.004119967241958868,-0.004119967241958868,-0.004720921637211843,0.0006009543952529743,0.0006009543952529743,0.0,0.0,False,0.0,0.0,-0.004720921637211843
2015-08-19,-0.0025081573916215056,-0.0025081573916215056,-0.0029166525660143223,0.00040849517439281663,0.00040849517439281663,0.0,0.0,False,0.0,0.0,-0.0029166525660143223
2015-08-20,-0.011443813206635504,-0.011443813206635504,-0.011415492236860572,-2.8320969774932314e-05,-2.8320969774932314e-05,0.0,0.0,False,0.0,0.0,-0.011415492236860572
2015-08-21,-0.007574766517658063,-0.007574766517658063,-0.01472190765181502,0.0071471411341569565,0.0071471411341569565,0.0,0.0,False,0.0,0.0,-0.01472190765181502
2015-08-24,-0.019938886202273954,-0.019938886202273954,-0.023370218717647846,0.0034313325153738916,0.0034313325153738916,0.0,0.0,False,0.0,0.0,-0.023370218717647846
2015-08-25,-0.006496605192227771,-0.006496605192227771,-0.00413436758995105,-0.0023622376022767212,-0.0023622376022767212,0.0,0.0,False,0.0,0.0,-0.00413436758995105
2015-08-26,0.01257725211395356,0.01257725211395356,0.016164229622270095,-0.0035869775083165346,-0.0035869775083165346,0.0,0.0,False,0.0,0.0,0.016164229622270095
2015-08-27,0.010294661581572134,0.010294661581572134,0.014047133322979926,-0.0037524717414077913,-0.0037524717414077913,0.0,0.0,False,0.0,0.0,0.014047133322979926
2015-08-28,0.0035879178865191423,0.0035879178865191423,-0.0004820980078861078,0.00407001589440525,0.00407001589440525,0.0,0.0,False,0.0,0.0,-0.0004820980078861078
2015-08-31,-0.0033680169260442653,-0.0033680169260442653,-0.004621097331372153,0.0012530804053278877,0.0012530804053278877,0.0,0.0,False,0.0,0.0,-0.004621097331372153
2015-09-01,-0.013176582782838599,-0.013191947794936385,-0.017117997616350696,0.003926049821414311,0.003941414833512097,0.015365012097786616,1.536501209778662e-05,True,0.016412273155330847,1.6412273155330848e-05,-0.017134409889506028
2015-09-02,0.008477753886946857,0.008477753886946857,0.008887087610111862,-0.0004093337231650049,-0.0004093337231650049,0.0,0.0,False,0.0,0.0,0.008887087610111862
2015-09-03,0.0008074513057702411,0.0008074513057702411,0.0023404869031171814,-0.0015330355973469404,-0.0015330355973469404,0.0,0.0,False,0.0,0.0,0.0023404869031171814
2015-09-04,-0.003903216799910322,-0.003903216799910322,-0.009807535642776975,0.005904318842866653,0.005904318842866653,0.0,0.0,False,0.0,0.0,-0.009807535642776975
2015-09-08,0.010502691630811125,0.010502691630811125,0.013583022979333318,-0.0030803313485221924,-0.0030803313485221924,0.0,0.0,False,0.0,0.0,0.013583022979333318
2015-09-09,-0.0060217119830277,-0.0060217119830277,-0.0050573307235829345,-0.0009643812594447654,-0.0009643812594447654,0.0,0.0,False,0.0,0.0,-0.0050573307235829345
2015-09-10,0.0017533088418000395,0.0017533088418000395,0.002744082364457139,-0.0009907735226570996,-0.0009907735226570996,0.0,0.0,False,0.0,0.0,0.002744082364457139
2015-09-11,0.0032978270750532125,0.0032978270750532125,0.0029038951158705437,0.00039393195918266876,0.00039393195918266876,0.0,0.0,False,0.0,0.0,0.0029038951158705437
2015-09-14,-0.002023062906097654,-0.002023062906097654,-0.0023623005786302543,0.0003392376725326004,0.0003392376725326004,0.0,0.0,False,0.0,0.0,-0.0023623005786302543
2015-09-15,0.002703178035374032,0.002703178035374032,0.0025541018402978665,0.00014907619507616545,0.00014907619507616545,0.0,0.0,False,0.0,0.0,0.0025541018402978665
2015-09-16,0.00411270488469554,0.00411270488469554,0.007789200452740829,-0.003676495568045289,-0.003676495568045289,0.0,0.0,False,0.0,0.0,0.007789200452740829
2015-09-17,0.0042449075614211665,0.0042449075614211665,0.0028102206106762626,0.001434686950744904,0.001434686950744904,0.0,0.0,False,0.0,0.0,0.0028102206106762626
2015-09-18,-0.0059266785099551175,-0.0059266785099551175,-0.009081131251973176,0.0031544527420180584,0.0031544527420180584,0.0,0.0,False,0.0,0.0,-0.009081131251973176
2015-09-21,-0.0022556322943330653,-0.0022556322943330653,-0.0015445822725957455,-0.0007110500217373198,-0.0007110500217373198,0.0,0.0,False,0.0,0.0,-0.0015445822725957455
2015-09-22,-0.006012015296175158,-0.006012015296175158,-0.00768589998278347,0.0016738846866083124,0.0016738846866083124,0.0,0.0,False,0.0,0.0,-0.00768589998278347
2015-09-23,-0.0018706676883695843,-0.0018706676883695843,-0.003214251931632342,0.0013435842432627577,0.0013435842432627577,0.0,0.0,False,0.0,0.0,-0.003214251931632342
2015-09-24,-0.0010345888143919724,-0.0010345888143919724,-0.0013107636370658844,0.000276174822673912,0.000276174822673912,0.0,0.0,False,0.0,0.0,-0.0013107636370658844
2015-09-25,-0.006126251847525568,-0.006126251847525568,-0.0011171152640350392,-0.005009136583490529,-0.005009136583490529,0.0,0.0,False,0.0,0.0,-0.0011171152640350392
2015-09-28,-0.012787739128878267,-0.012787739128878267,-0.011511816866751644,-0.001275922262126623,-0.001275922262126623,0.0,0.0,False,0.0,0.0,-0.011511816866751644
2015-09-29,-0.0010013947799528537,-0.0010013947799528537,0.0011434514253540278,-0.0021448462053068815,-0.0021448462053068815,0.0,0.0,False,0.0,0.0,0.0011434514253540278
2015-09-30,0.008749227711624522,0.008749227711624522,0.01160387860040504,-0.002854650888780518,-0.002854650888780518,0.0,0.0,False,0.0,0.0,0.01160387860040504
2015-10-01,-0.0008170743666438558,-0.000885032174125614,0.0020516443546599317,-0.0029366765287855458,-0.0028687187213037877,0.0679578074817582,6.795780748175819e-05,True,0.011672208425690497,1.1672208425690497e-05,0.002039972146234241
2015-10-02,0.009421297697926791,0.009421297697926791,0.01238907238917957,-0.0029677746912527784,-0.0029677746912527784,0.0,0.0,False,0.0,0.0,0.01238907238917957
2015-10-05,0.010986594872501946,0.010986594872501946,0.009564098068455273,0.0014224968040466735,0.0014224968040466735,0.0,0.0,False,0.0,0.0,0.009564098068455273
2015-10-06,-0.0015455772627830369,-0.0015455772627830369,-0.0004882833229888862,-0.0010572939397941507,-0.0010572939397941507,0.0,0.0,False,0.0,0.0,-0.0004882833229888862
2015-10-07,0.008158364904949396,0.008158364904949396,0.007893519746649591,0.0002648451582998052,0.0002648451582998052,0.0,0.0,False,0.0,0.0,0.007893519746649591
2015-10-08,0.0043698494028354,0.0043698494028354,0.004042568791858025,0.0003272806109773747,0.0003272806109773747,0.0,0.0,False,0.0,0.0,0.004042568791858025
2015-10-09,0.001018101910537488,0.001018101910537488,0.0012392635322834122,-0.00022116162174592416,-0.00022116162174592416,0.0,0.0,False,0.0,0.0,0.0012392635322834122
2015-10-12,0.0004972556773491345,0.0004972556773491345,0.0007101414586730005,-0.00021288578132386596,-0.00021288578132386596,0.0,0.0,False,0.0,0.0,0.0007101414586730005
2015-10-13,-0.005944199520480099,-0.005944199520480099,-0.006109841640803202,0.00016564212032310274,0.00016564212032310274,0.0,0.0,False,0.0,0.0,-0.006109841640803202
2015-10-14,-0.002509382978333835,-0.002509382978333835,0.001213276022347663,-0.003722659000681498,-0.003722659000681498,0.0,0.0,False,0.0,0.0,0.001213276022347663
2015-10-15,0.010104099319847753,0.010104099319847753,0.010017171674392651,8.692764545510136e-05,8.692764545510136e-05,0.0,0.0,False,0.0,0.0,0.010017171674392651
2015-10-16,0.0006321775780198848,0.0006321775780198848,0.0011822934123357025,-0.0005501158343158177,-0.0005501158343158177,0.0,0.0,False,0.0,0.0,0.0011822934123357025
2015-10-19,0.000980382470729593,0.000980382470729593,-0.001594149181323161,0.002574531652052754,0.002574531652052754,0.0,0.0,False,0.0,0.0,-0.001594149181323161
2015-10-20,-0.00173500288911219,-0.00173500288911219,-0.0023447607207658285,0.0006097578316536386,0.0006097578316536386,0.0,0.0,False,0.0,0.0,-0.0023447607207658285
2015-10-21,-0.00545741775909958,-0.00545741775909958,-0.0024126996164882154,-0.0030447181426113646,-0.0030447181426113646,0.0,0.0,False,0.0,0.0,-0.0024126996164882154
2015-10-22,0.006282439390315706,0.006282439390315706,0.010036543981244022,-0.003754104590928316,-0.003754104590928316,0.0,0.0,False,0.0,0.0,0.010036543981244022
2015-10-23,0.0038895917222568515,0.0038895917222568515,0.003965646011841842,-7.605428958499085e-05,-7.605428958499085e-05,0.0,0.0,False,0.0,0.0,0.003965646011841842
2015-10-26,-0.002117666180152792,-0.002117666180152792,-0.0015620929061380142,-0.0005555732740147776,-0.0005555732740147776,0.0,0.0,False,0.0,0.0,-0.0015620929061380142
2015-10-27,-0.003828042266685588,-0.003828042266685588,-0.0030465402991508303,-0.0007815019675347576,-0.0007815019675347576,0.0,0.0,False,0.0,0.0,-0.0030465402991508303
2015-10-28,0.010818857345291274,0.010818857345291274,0.003013082070806853,0.007805775274484421,0.007805775274484421,0.0,0.0,False,0.0,0.0,0.003013082070806853
2015-10-29,-0.006345058720336739,-0.006345058720336739,-0.005740631310675042,-0.0006044274096616972,-0.0006044274096616972,0.0,0.0,False,0.0,0.0,-0.005740631310675042
2015-10-30,-0.0015411481563851824,-0.0015411481563851824,-0.00062864652353535,-0.0009125016328498323,-0.0009125016328498323,0.0,0.0,False,0.0,0.0,-0.00062864652353535
2015-11-02,0.007495300560085871,0.007340655841476299,0.006542746194813515,0.0007979096466627844,0.0009525543652723562,0.15464471860957213,0.0001546447186095721,True,0.017451874726124077,1.7451874726124077e-05,0.006525294320087391
2015-11-03,0.001385859552742787,0.001385859552742787,0.0015141739103180776,-0.0001283143575752906,-0.0001283143575752906,0.0,0.0,False,0.0,0.0,0.0015141739103180776
2015-11-04,-0.0012012087412306056,-0.0012012087412306056,-0.002908621395646554,0.0017074126544159482,0.0017074126544159482,0.0,0.0,False,0.0,0.0,-0.002908621395646554
2015-11-05,-9.557319332275207e-05,-9.557319332275207e-05,-0.0005818495100611688,0.00048627631673841675,0.00048627631673841675,0.0,0.0,False,0.0,0.0,-0.0005818495100611688
2015-11-06,-0.0008555076533760435,-0.0008555076533760435,-0.004932569562917068,0.004077061909541025,0.004077061909541025,0.0,0.0,False,0.0,0.0,-0.004932569562917068
2015-11-09,-0.006509406551473287,-0.006509406551473287,-0.008363889134200332,0.0018544825827270456,0.0018544825827270456,0.0,0.0,False,0.0,0.0,-0.008363889134200332
2015-11-10,0.0024300856824663675,0.0024300856824663675,0.0012184732534640274,0.00121161242900234,0.00121161242900234,0.0,0.0,False,0.0,0.0,0.0012184732534640274
2015-11-11,-0.003881903161694858,-0.003881903161694858,-0.0008831083148784012,-0.0029987948468164567,-0.0029987948468164567,0.0,0.0,False,0.0,0.0,-0.0008831083148784012
2015-11-12,-0.008847821330265739,-0.008847821330265739,-0.007813578198915884,-0.0010342431313498553,-0.0010342431313498553,0.0,0.0,False,0.0,0.0,-0.007813578198915884
2015-11-13,-0.0026257282359915127,-0.0026257282359915127,-0.004866324937603381,0.0022405967016118685,0.0022405967016118685,0.0,0.0,False,0.0,0.0,-0.004866324937603381
2015-11-16,0.005952916809673418,0.005952916809673418,0.009005185456382816,-0.003052268646709398,-0.003052268646709398,0.0,0.0,False,0.0,0.0,0.009005185456382816
2015-11-17,-0.001388216874429175,-0.001388216874429175,-0.00012201190397067685,-0.0012662049704584982,-0.0012662049704584982,0.0,0.0,False,0.0,0.0,-0.00012201190397067685
2015-11-18,0.008327160495012214,0.008327160495012214,0.008102265754291245,0.00022489474072096872,0.00022489474072096872,0.0,0.0,False,0.0,0.0,0.008102265754291245
2015-11-19,-0.00043455600351802767,-0.00043455600351802767,0.0023843802370106157,-0.002818936240528643,-0.002818936240528643,0.0,0.0,False,0.0,0.0,0.0023843802370106157
2015-11-20,0.002356090458270256,0.002356090458270256,0.0016460958924997926,0.0007099945657704633,0.0007099945657704633,0.0,0.0,False,0.0,0.0,0.0016460958924997926
2015-11-23,0.002027817400122576,0.002027817400122576,-0.0015097726432314628,0.003537590043354039,0.003537590043354039,0.0,0.0,False,0.0,0.0,-0.0015097726432314628
2015-11-24,0.0031387406036898703,0.0031387406036898703,0.0015549617442425841,0.0015837788594472862,0.0015837788594472862,0.0,0.0,False,0.0,0.0,0.0015549617442425841
2015-11-25,0.003010677765045447,0.003010677765045447,0.00029373334359161644,0.0027169444214538304,0.0027169444214538304,0.0,0.0,False,0.0,0.0,0.00029373334359161644
2015-11-27,0.0019167858400587902,0.0019167858400587902,-0.0014051340032270735,0.0033219198432858634,0.0033219198432858634,0.0,0.0,False,0.0,0.0,-0.0014051340032270735
2015-11-30,-0.002028843271553017,-0.002028843271553017,-0.0011259907081871826,-0.0009028525633658342,-0.0009028525633658342,0.0,0.0,False,0.0,0.0,-0.0011259907081871826
2015-12-01,0.0076641751222838155,0.007384988970808437,0.008406889211592295,-0.0010219002407838573,-0.0007427140893084792,0.27918615147537773,0.0002791861514753777,True,0.0037276962867815663,3.7276962867815664e-06,0.008403161515305513
2015-12-02,-0.006605440993256972,-0.006605440993256972,-0.007296314649344754,0.000690873656087782,0.000690873656087782,0.0,0.0,False,0.0,0.0,-0.007296314649344754
2015-12-03,-0.012050155823384881,-0.012050155823384881,-0.011786097987117945,-0.00026405783626693574,-0.00026405783626693574,0.0,0.0,False,0.0,0.0,-0.011786097987117945
2015-12-04,0.010296089874816563,0.010296089874816563,0.010230366314291325,6.57235605252375e-05,6.57235605252375e-05,0.0,0.0,False,0.0,0.0,0.010230366314291325
2015-12-07,-0.0023916756150056586,-0.0023916756150056586,-0.0038010165623538553,0.0014093409473481967,0.0014093409473481967,0.0,0.0,False,0.0,0.0,-0.0038010165623538553
2015-12-08,-0.0040384234853198695,-0.0040384234853198695,-0.005652649263261403,0.0016142257779415336,0.0016142257779415336,0.0,0.0,False,0.0,0.0,-0.005652649263261403
2015-12-09,-0.0033952689117425373,-0.0033952689117425373,-0.004151343961847382,0.0007560750501048449,0.0007560750501048449,0.0,0.0,False,0.0,0.0,-0.004151343961847382
2015-12-10,4.3758656152689796e-05,4.3758656152689796e-05,-0.00042445563172385553,0.0004682142878765453,0.0004682142878765453,0.0,0.0,False,0.0,0.0,-0.00042445563172385553
2015-12-11,-0.006898711518348352,-0.006898711518348352,-0.009768776722772727,0.0028700652044243748,0.0028700652044243748,0.0,0.0,False,0.0,0.0,-0.009768776722772727
2015-12-14,-0.002301186630424762,-0.002301186630424762,-0.0004068467531753878,-0.0018943398772493744,-0.0018943398772493744,0.0,0.0,False,0.0,0.0,-0.0004068467531753878
2015-12-15,0.004150229775709144,0.004150229775709144,0.005228696726192279,-0.001078466950483135,-0.001078466950483135,0.0,0.0,False,0.0,0.0,0.005228696726192279
2015-12-16,0.006953379726749427,0.006953379726749427,0.009358001319437816,-0.002404621592688389,-0.002404621592688389,0.0,0.0,False,0.0,0.0,0.009358001319437816
2015-12-17,-0.005602212542731487,-0.005602212542731487,-0.0067206117454354,0.0011183992027039126,0.0011183992027039126,0.0,0.0,False,0.0,0.0,-0.0067206117454354
2015-12-18,-0.006906425580019977,-0.006906425580019977,-0.006952009998768476,4.558441874849897e-05,4.558441874849897e-05,0.0,0.0,False,0.0,0.0,-0.006952009998768476
2015-12-21,0.004026112517863054,0.004026112517863054,0.0044486570467710315,-0.0004225445289079777,-0.0004225445289079777,0.0,0.0,False,0.0,0.0,0.0044486570467710315
2015-12-22,0.0032377027286592595,0.0032377027286592595,0.003902857733429081,-0.0006651550047698214,-0.0006651550047698214,0.0,0.0,False,0.0,0.0,0.003902857733429081
2015-12-23,0.005971590327720457,0.005971590327720457,0.007479326568590412,-0.001507736240869955,-0.001507736240869955,0.0,0.0,False,0.0,0.0,0.007479326568590412
2015-12-24,0.0005013623014227724,0.0005013623014227724,0.00012916711468712933,0.00037219518673564303,0.00037219518673564303,0.0,0.0,False,0.0,0.0,0.00012916711468712933
2015-12-28,-0.0014310681458322143,-0.0014310681458322143,-0.0019511556682941448,0.0005200875224619305,0.0005200875224619305,0.0,0.0,False,0.0,0.0,-0.0019511556682941448
2015-12-29,0.002764862860452415,0.002764862860452415,0.0026105708565437175,0.00015429200390869747,0.00015429200390869747,0.0,0.0,False,0.0,0.0,0.0026105708565437175
2015-12-30,-0.0035957290724790954,-0.0035957290724790954,-0.005048975946964562,0.0014532468744854667,0.0014532468744854667,0.0,0.0,False,0.0,0.0,-0.005048975946964562
2015-12-31,-0.0049327091023321544,-0.0049327091023321544,-0.0052411658982035175,0.0003084567958713631,0.0003084567958713631,0.0,0.0,False,0.0,0.0,-0.0052411658982035175
2016-01-04,-0.006463660499239321,-0.006467864284781644,-0.009251448593565541,0.0027835843087838973,0.00278778809432622,0.004203785542322225,4.203785542322225e-06,True,0.004606242365478748,4.6062423654787476e-06,-0.00925605483593102
2016-01-05,0.0005667924934543832,0.0005667924934543832,0.0004173055091517974,0.00014948698430258583,0.00014948698430258583,0.0,0.0,False,0.0,0.0,0.0004173055091517974
2016-01-06,-0.00421403097414847,-0.00421403097414847,-0.006350235844167792,0.0021362048700193223,0.0021362048700193223,0.0,0.0,False,0.0,0.0,-0.006350235844167792
2016-01-07,-0.011028931870696965,-0.011028931870696965,-0.013836279214302827,0.0028073473436058625,0.0028073473436058625,0.0,0.0,False,0.0,0.0,-0.013836279214302827
2016-01-08,-0.0049045569780368555,-0.0049045569780368555,-0.005961697885748452,0.0010571409077115967,0.0010571409077115967,0.0,0.0,False,0.0,0.0,-0.005961697885748452
2016-01-11,-0.0011999079526816858,-0.0011999079526816858,-0.0010919295028571194,-0.00010797844982456638,-0.00010797844982456638,0.0,0.0,False,0.0,0.0,-0.0010919295028571194
2016-01-12,0.005308713553027228,0.005308713553027228,0.005444029188112846,-0.0001353156350856182,-0.0001353156350856182,0.0,0.0,False,0.0,0.0,0.005444029188112846
2016-01-13,-0.010052324092730817,-0.010052324092730817,-0.010296598811218268,0.000244274718487451,0.000244274718487451,0.0,0.0,False,0.0,0.0,-0.010296598811218268
2016-01-14,0.0060195495819995734,0.0060195495819995734,0.006768836325142691,-0.0007492867431431174,-0.0007492867431431174,0.0,0.0,False,0.0,0.0,0.006768836325142691
2016-01-15,-0.010006500833469444,-0.010006500833469444,-0.014506104599892482,0.0044996037664230375,0.0044996037664230375,0.0,0.0,False,0.0,0.0,-0.014506104599892482
2016-01-19,-0.0007412033637921187,-0.0007412033637921187,0.0012888930173122616,-0.00203009638110438,-0.00203009638110438,0.0,0.0,False,0.0,0.0,0.0012888930173122616
2016-01-20,-0.0039720752546688505,-0.0039720752546688505,-0.0069890136708825904,0.00301693841621374,0.00301693841621374,0.0,0.0,False,0.0,0.0,-0.0069890136708825904
2016-01-21,0.00099453289654333,0.00099453289654333,0.0015465910392724591,-0.0005520581427291291,-0.0005520581427291291,0.0,0.0,False,0.0,0.0,0.0015465910392724591
2016-01-22,0.010167507599127039,0.010167507599127039,0.013865831371378853,-0.0036983237722518145,-0.0036983237722518145,0.0,0.0,False,0.0,0.0,0.013865831371378853
2016-01-25,-0.006596805046939404,-0.006596805046939404,-0.008164764283562208,0.0015679592366228045,0.0015679592366228045,0.0,0.0,False,0.0,0.0,-0.008164764283562208
2016-01-26,0.00804062558246619,0.00804062558246619,0.009439704736579995,-0.0013990791541138043,-0.0013990791541138043,0.0,0.0,False,0.0,0.0,0.009439704736579995
2016-01-27,-0.00520471267795226,-0.00520471267795226,-0.005336917049314079,0.00013220437136181925,0.00013220437136181925,0.0,0.0,False,0.0,0.0,-0.005336917049314079
2016-01-28,0.0026307334371873307,0.0026307334371873307,0.003950259298170377,-0.001319525860983046,-0.001319525860983046,0.0,0.0,False,0.0,0.0,0.003950259298170377
2016-01-29,0.014486415223631742,0.014486415223631742,0.016635440508470108,-0.0021490252848383653,-0.0021490252848383653,0.0,0.0,False,0.0,0.0,0.016635440508470108
2016-02-01,-0.0016204781382222256,-0.0016846863199513008,-0.0025397237175315114,0.0008550373975802106,0.0009192455793092858,0.06420818172907514,6.420818172907514e-05,True,0.019236726332433708,1.9236726332433706e-05,-0.002558960443863945
2016-02-02,-0.007270559837340829,-0.007270559837340829,-0.010583252438147648,0.003312692600806819,0.003312692600806819,0.0,0.0,False,0.0,0.0,-0.010583252438147648
2016-02-03,0.0025158366266451134,0.0025158366266451134,0.004812945998498951,-0.0022971093718538375,-0.0022971093718538375,0.0,0.0,False,0.0,0.0,0.004812945998498951
2016-02-04,0.0017010012253031138,0.0017010012253031138,0.0024028559641548486,-0.0007018547388517348,-0.0007018547388517348,0.0,0.0,False,0.0,0.0,0.0024028559641548486
2016-02-05,-0.008861634943750876,-0.008861634943750876,-0.010179835250682627,0.0013182003069317511,0.0013182003069317511,0.0,0.0,False,0.0,0.0,-0.010179835250682627
2016-02-08,-0.004103808282358458,-0.004103808282358458,-0.005459615619963987,0.0013558073376055291,0.0013558073376055291,0.0,0.0,False,0.0,0.0,-0.005459615619963987
2016-02-09,-0.0021020704437504007,-0.0021020704437504007,-0.003794257902723212,0.001692187458972811,0.001692187458972811,0.0,0.0,False,0.0,0.0,-0.003794257902723212
2016-02-10,0.0008169475960464779,0.0008169475960464779,0.0012859481369586567,-0.0004690005409121789,-0.0004690005409121789,0.0,0.0,False,0.0,0.0,0.0012859481369586567
2016-02-11,-0.0044538555316170824,-0.0044538555316170824,-0.006241305112844769,0.0017874495812276866,0.0017874495812276866,0.0,0.0,False,0.0,0.0,-0.006241305112844769
2016-02-12,0.006054253660894832,0.006054253660894832,0.007736154421972694,-0.0016819007610778623,-0.0016819007610778623,0.0,0.0,False,0.0,0.0,0.007736154421972694
2016-02-16,0.007209852397017737,0.007209852397017737,0.00932791938095937,-0.002118066983941633,-0.002118066983941633,0.0,0.0,False,0.0,0.0,0.00932791938095937
2016-02-17,0.007395395626990371,0.007395395626990371,0.009244590210210717,-0.0018491945832203463,-0.0018491945832203463,0.0,0.0,False,0.0,0.0,0.009244590210210717
2016-02-18,0.000544163681877058,0.000544163681877058,-2.8110885489511387e-05,0.0005722745673665694,0.0005722745673665694,0.0,0.0,False,0.0,0.0,-2.8110885489511387e-05
2016-02-19,-0.00031867769645460813,-0.00031867769645460813,-0.0005814286208816407,0.0002627509244270326,0.0002627509244270326,0.0,0.0,False,0.0,0.0,-0.0005814286208816407
2016-02-22,0.006727086282748584,0.006727086282748584,0.009069536497552044,-0.00234245021480346,-0.00234245021480346,0.0,0.0,False,0.0,0.0,0.009069536497552044
2016-02-23,-0.005860559050440671,-0.005860559050440671,-0.007878077310200416,0.0020175182597597452,0.0020175182597597452,0.0,0.0,False,0.0,0.0,-0.007878077310200416
2016-02-24,0.0014310527606703576,0.0014310527606703576,0.0011380126730462662,0.0002930400876240914,0.0002930400876240914,0.0,0.0,False,0.0,0.0,0.0011380126730462662
2016-02-25,0.007874859304183695,0.007874859304183695,0.007787469300341859,8.739000384183626e-05,8.739000384183626e-05,0.0,0.0,False,0.0,0.0,0.007787469300341859
2016-02-26,-0.002806828207533908,-0.002806828207533908,-0.003268035112586302,0.00046120690505239417,0.00046120690505239417,0.0,0.0,False,0.0,0.0,-0.003268035112586302
2016-02-29,-0.0029712681819942842,-0.0029712681819942842,-0.0019436666571052618,-0.0010276015248890224,-0.0010276015248890224,0.0,0.0,False,0.0,0.0,-0.0019436666571052618
2016-03-01,0.008990088552581864,0.008933067966227677,0.012344250259903728,-0.003411182293676051,-0.003354161707321864,0.05702058635418685,5.702058635418685e-05,True,0.006127643319763149,6.1276433197631484e-06,0.012338122616583964
2016-03-02,0.002480457525355263,0.002480457525355263,0.00445769360952275,-0.0019772360841674875,-0.0019772360841674875,0.0,0.0,False,0.0,0.0,0.00445769360952275
2016-03-03,0.004240654417399465,0.004240654417399465,0.005476139437514998,-0.001235485020115533,-0.001235485020115533,0.0,0.0,False,0.0,0.0,0.005476139437514998
2016-03-04,0.001319833656536494,0.001319833656536494,0.003460606441938974,-0.00214077278540248,-0.00214077278540248,0.0,0.0,False,0.0,0.0,0.003460606441938974
2016-03-07,-0.0005186218634623734,-0.0005186218634623734,0.00020770400795961465,-0.0007263258714219881,-0.0007263258714219881,0.0,0.0,False,0.0,0.0,0.00020770400795961465
2016-03-08,-0.0027788540295479113,-0.0027788540295479113,-0.005435387370319656,0.0026565333407717446,0.0026565333407717446,0.0,0.0,False,0.0,0.0,-0.005435387370319656
2016-03-09,0.0008281345793382745,0.0008281345793382745,0.0017417545775635082,-0.0009136199982252337,-0.0009136199982252337,0.0,0.0,False,0.0,0.0,0.0017417545775635082
2016-03-10,-0.0007005332172480092,-0.0007005332172480092,-0.0005314462939169419,-0.00016908692333106735,-0.00016908692333106735,0.0,0.0,False,0.0,0.0,-0.0005314462939169419
2016-03-11,0.009806665429495487,0.009806665429495487,0.011542548531421924,-0.0017358831019264366,-0.0017358831019264366,0.0,0.0,False,0.0,0.0,0.011542548531421924
2016-03-14,-0.00018425286965923155,-0.00018425286965923155,-0.0007661688254928298,0.0005819159558335983,0.0005819159558335983,0.0,0.0,False,0.0,0.0,-0.0007661688254928298
2016-03-15,-0.002532115936636568,-0.002532115936636568,-0.004291178077545992,0.001759062140909424,0.001759062140909424,0.0,0.0,False,0.0,0.0,-0.004291178077545992
2016-03-16,0.006076424776592482,0.006076424776592482,0.007420151987253936,-0.0013437272106614547,-0.0013437272106614547,0.0,0.0,False,0.0,0.0,0.007420151987253936
2016-03-17,0.004395550936406932,0.004395550936406932,0.007072094949270131,-0.0026765440128631995,-0.0026765440128631995,0.0,0.0,False,0.0,0.0,0.007072094949270131
2016-03-18,0.0018335668657432761,0.0018335668657432761,0.0027200488718658314,-0.0008864820061225552,-0.0008864820061225552,0.0,0.0,False,0.0,0.0,0.0027200488718658314
2016-03-21,-0.0009663381216118172,-0.0009663381216118172,-0.0007829035779113632,-0.00018343454370045391,-0.00018343454370045391,0.0,0.0,False,0.0,0.0,-0.0007829035779113632
2016-03-22,-0.001489332552675273,-0.001489332552675273,-0.001429174878958875,-6.015767371639813e-05,-6.015767371639813e-05,0.0,0.0,False,0.0,0.0,-0.001429174878958875
2016-03-23,-0.0019421017626364396,-0.0019421017626364396,-0.004204362937370393,0.0022622611747339532,0.0022622611747339532,0.0,0.0,False,0.0,0.0,-0.004204362937370393
2016-03-24,-0.0018681643937917553,-0.0018681643937917553,-0.001497277088442167,-0.00037088730534958836,-0.00037088730534958836,0.0,0.0,False,0.0,0.0,-0.001497277088442167
2016-03-28,0.0019578690062639578,0.0019578690062639578,0.0019370962367768851,2.077276948707265e-05,2.077276948707265e-05,0.0,0.0,False,0.0,0.0,0.0019370962367768851
2016-03-29,0.00804696099814117,0.00804696099814117,0.009770351498627601,-0.0017233905004864318,-0.0017233905004864318,0.0,0.0,False,0.0,0.0,0.009770351498627601
2016-03-30,0.002295315263423742,0.002295315263423742,0.002648931431174864,-0.00035361616775112176,-0.00035361616775112176,0.0,0.0,False,0.0,0.0,0.002648931431174864
2016-03-31,-0.00098972661546857,-0.00098972661546857,-0.0005981664062936103,-0.0003915602091749597,-0.0003915602091749597,0.0,0.0,False,0.0,0.0,-0.0005981664062936103
2016-04-01,0.001026223240270433,0.0009886705521111772,0.0009281267791032275,6.0543773007949676e-05,9.809646116720554e-05,0.03755268815925592,3.755268815925592e-05,True,0.014884680730180778,1.4884680730180776e-05,0.0009132420983730468
2016-04-04,-0.001050941789349431,-0.001050941789349431,-0.0026284563174132636,0.0015775145280638326,0.0015775145280638326,0.0,0.0,False,0.0,0.0,-0.0026284563174132636
2016-04-05,-0.004768648451387715,-0.004768648451387715,-0.00659478996455015,0.0018261415131624352,0.0018261415131624352,0.0,0.0,False,0.0,0.0,-0.00659478996455015
2016-04-06,0.005462496518930611,0.005462496518930611,0.006463748177071109,-0.0010012516581404977,-0.0010012516581404977,0.0,0.0,False,0.0,0.0,0.006463748177071109
2016-04-07,-0.004309778285465005,-0.004309778285465005,-0.006337359798839766,0.0020275815133747608,0.0020275815133747608,0.0,0.0,False,0.0,0.0,-0.006337359798839766
2016-04-08,0.0030557902090782635,0.0030557902090782635,0.004507379638210949,-0.0014515894291326856,-0.0014515894291326856,0.0,0.0,False,0.0,0.0,0.004507379638210949
2016-04-11,-0.0008095696454575743,-0.0008095696454575743,0.00036685167994467507,-0.0011764213254022494,-0.0011764213254022494,0.0,0.0,False,0.0,0.0,0.00036685167994467507
2016-04-12,0.0036393231734245697,0.0036393231734245697,0.0052999491129781485,-0.0016606259395535788,-0.0016606259395535788,0.0,0.0,False,0.0,0.0,0.0052999491129781485
2016-04-13,0.006813120451142078,0.006813120451142078,0.00909979308206845,-0.002286672630926371,-0.002286672630926371,0.0,0.0,False,0.0,0.0,0.00909979308206845
2016-04-14,-0.00036829846829299496,-0.00036829846829299496,-0.0008519754522005244,0.0004836769839075294,0.0004836769839075294,0.0,0.0,False,0.0,0.0,-0.0008519754522005244
2016-04-15,0.0008759431231761868,0.0008759431231761868,0.000522094386416196,0.00035384873675999083,0.00035384873675999083,0.0,0.0,False,0.0,0.0,0.000522094386416196
2016-04-18,0.0036552063718219064,0.0036552063718219064,0.00399803112054544,-0.0003428247487235335,-0.0003428247487235335,0.0,0.0,False,0.0,0.0,0.00399803112054544
2016-04-19,0.0036193211306285323,0.0036193211306285323,0.004949688569083315,-0.0013303674384547827,-0.0013303674384547827,0.0,0.0,False,0.0,0.0,0.004949688569083315
2016-04-20,-0.0016604586960284572,-0.0016604586960284572,-0.0019161479019534475,0.0002556892059249903,0.0002556892059249903,0.0,0.0,False,0.0,0.0,-0.0019161479019534475
2016-04-21,-0.003509744562203,-0.003509744562203,-0.004479429120799937,0.0009696845585969371,0.0009696845585969371,0.0,0.0,False,0.0,0.0,-0.004479429120799937
2016-04-22,-0.0001418751489496324,-0.0001418751489496324,-0.00020535334849976293,6.347819955013052e-05,6.347819955013052e-05,0.0,0.0,False,0.0,0.0,-0.00020535334849976293
2016-04-25,-0.002140023772845216,-0.002140023772845216,-0.003056710787249002,0.0009166870144037861,0.0009166870144037861,0.0,0.0,False,0.0,0.0,-0.003056710787249002
2016-04-26,0.00032262652159590255,0.00032262652159590255,0.0018634803936569445,-0.0015408538720610419,-0.0015408538720610419,0.0,0.0,False,0.0,0.0,0.0018634803936569445
2016-04-27,0.0036135905669650668,0.0036135905669650668,0.004017620193090802,-0.00040402962612573565,-0.00040402962612573565,0.0,0.0,False,0.0,0.0,0.004017620193090802
2016-04-28,-0.004111229091817801,-0.004111229091817801,-0.005423694945867321,0.00131246585404952,0.00131246585404952,0.0,0.0,False,0.0,0.0,-0.005423694945867321
2016-04-29,-0.0025571815456105914,-0.0025571815456105914,-0.002940770267733745,0.0003835887221231536,0.0003835887221231536,0.0,0.0,False,0.0,0.0,-0.002940770267733745
2016-05-02,0.003090890921855989,0.0030871534270778818,0.0027014410571219393,0.0003857123699559425,0.0003894498647340496,0.0037374947781071443,3.7374947781071443e-06,True,0.003877987232148314,3.877987232148314e-06,0.002697563069889791
2016-05-03,-0.003399879186368218,-0.003399879186368218,-0.006681818855028642,0.0032819396686604237,0.0032819396686604237,0.0,0.0,False,0.0,0.0,-0.006681818855028642
2016-05-04,-0.003382439551410227,-0.003382439551410227,-0.005002079858297707,0.0016196403068874797,0.0016196403068874797,0.0,0.0,False,0.0,0.0,-0.005002079858297707
2016-05-05,0.0008426448624366892,0.0008426448624366892,0.0005976611883572795,0.00024498367407940964,0.00024498367407940964,0.0,0.0,False,0.0,0.0,0.0005976611883572795
2016-05-06,0.0005801883271056136,0.0005801883271056136,0.0009280907041012998,-0.0003479023769956863,-0.0003479023769956863,0.0,0.0,False,0.0,0.0,0.0009280907041012998
2016-05-09,0.0004899190904336677,0.0004899190904336677,-0.0007545350928889112,0.0012444541833225788,0.0012444541833225788,0.0,0.0,False,0.0,0.0,-0.0007545350928889112
2016-05-10,0.006769847682485069,0.006769847682485069,0.0084146587350568,-0.0016448110525717312,-0.0016448110525717312,0.0,0.0,False,0.0,0.0,0.0084146587350568
2016-05-11,-0.003964054057314617,-0.003964054057314617,-0.004210261517419996,0.0002462074601053783,0.0002462074601053783,0.0,0.0,False,0.0,0.0,-0.004210261517419996
2016-05-12,-0.0011992432164609867,-0.0011992432164609867,-0.0015855199877595806,0.00038627677129859385,0.00038627677129859385,0.0,0.0,False,0.0,0.0,-0.0015855199877595806
2016-05-13,-0.0030748269035463095,-0.0030748269035463095,-0.0046669310160469225,0.001592104112500613,0.001592104112500613,0.0,0.0,False,0.0,0.0,-0.0046669310160469225
2016-05-16,0.003559160167140209,0.003559160167140209,0.00481449919617121,-0.0012553390290310014,-0.0012553390290310014,0.0,0.0,False,0.0,0.0,0.00481449919617121
2016-05-17,-0.004947671277340643,-0.004947671277340643,-0.005370813756639009,0.00042314247929836537,0.00042314247929836537,0.0,0.0,False,0.0,0.0,-0.005370813756639009
2016-05-18,-0.003887227681339012,-0.003887227681339012,-0.0042035821454692425,0.00031635446413023037,0.00031635446413023037,0.0,0.0,False,0.0,0.0,-0.0042035821454692425
2016-05-19,-0.001664262076908788,-0.001664262076908788,-0.002620775111135641,0.0009565130342268531,0.0009565130342268531,0.0,0.0,False,0.0,0.0,-0.002620775111135641
2016-05-20,0.003830910292415909,0.003830910292415909,0.005183861100375568,-0.0013529508079596587,-0.0013529508079596587,0.0,0.0,False,0.0,0.0,0.005183861100375568
2016-05-23,-0.0007771633133963951,-0.0007771633133963951,-0.0008986188631061865,0.00012145554970979138,0.00012145554970979138,0.0,0.0,False,0.0,0.0,-0.0008986188631061865
2016-05-24,0.006021296158879616,0.006021296158879616,0.007266448087742645,-0.001245151928863029,-0.001245151928863029,0.0,0.0,False,0.0,0.0,0.007266448087742645
2016-05-25,0.0041528407250892895,0.0041528407250892895,0.005056722705711029,-0.0009038819806217397,-0.0009038819806217397,0.0,0.0,False,0.0,0.0,0.005056722705711029
2016-05-26,0.002014108610951424,0.002014108610951424,0.002386399712079077,-0.000372291101127653,-0.000372291101127653,0.0,0.0,False,0.0,0.0,0.002386399712079077
2016-05-27,0.0005852486933746669,0.0005852486933746669,0.001058039462649323,-0.00047279076927465597,-0.00047279076927465597,0.0,0.0,False,0.0,0.0,0.001058039462649323
2016-05-31,-0.0007815122404133646,-0.0007815122404133646,-0.0003860371503077247,-0.0003954750901056399,-0.0003954750901056399,0.0,0.0,False,0.0,0.0,-0.0003860371503077247
2016-06-01,0.0005635333283932987,0.0005585788305872344,0.001006096345321117,-0.0004475175147338825,-0.0004425630169278182,0.0049544978060643684,4.954497806064369e-06,True,0.005880415405235508,5.8804154052355085e-06,0.0010002159299158813
2016-06-02,0.002433668411879524,0.002433668411879524,0.00339868393498437,-0.000965015523104846,-0.000965015523104846,0.0,0.0,False,0.0,0.0,0.00339868393498437
2016-06-03,0.004363500059092563,0.004363500059092563,0.005079862070326227,-0.0007163620112336641,-0.0007163620112336641,0.0,0.0,False,0.0,0.0,0.005079862070326227
2016-06-06,0.0014132086526800643,0.0014132086526800643,0.002706557042171447,-0.0012933483894913827,-0.0012933483894913827,0.0,0.0,False,0.0,0.0,0.002706557042171447
2016-06-07,0.0024311316830158114,0.0024311316830158114,0.0032626498701433895,-0.000831518187127578,-0.000831518187127578,0.0,0.0,False,0.0,0.0,0.0032626498701433895
2016-06-08,0.0023460303727794196,0.0023460303727794196,0.0033896088019957603,-0.0010435784292163407,-0.0010435784292163407,0.0,0.0,False,0.0,0.0,0.0033896088019957603
2016-06-09,-0.0017182141269920822,-0.0017182141269920822,-0.0029174409759119826,0.0011992268489199004,0.0011992268489199004,0.0,0.0,False,0.0,0.0,-0.0029174409759119826
2016-06-10,-0.006556232999082921,-0.006556232999082921,-0.009302165069577895,0.002745932070494974,0.002745932070494974,0.0,0.0,False,0.0,0.0,-0.009302165069577895
2016-06-13,-0.004471788801924086,-0.004471788801924086,-0.005970668282716922,0.001498879480792836,0.001498879480792836,0.0,0.0,False,0.0,0.0,-0.005970668282716922
2016-06-14,-0.0035635378425671015,-0.0035635378425671015,-0.0038056869630979217,0.00024214912053082023,0.00024214912053082023,0.0,0.0,False,0.0,0.0,-0.0038056869630979217
2016-06-15,0.0021545621222364415,0.0021545621222364415,0.0030252740202528377,-0.0008707118980163962,-0.0008707118980163962,0.0,0.0,False,0.0,0.0,0.0030252740202528377
2016-06-16,0.0019589597980272217,0.0019589597980272217,0.001528267193748567,0.00043069260427865477,0.00043069260427865477,0.0,0.0,False,0.0,0.0,0.001528267193748567
2016-06-17,-0.001422694929460246,-0.001422694929460246,-0.0011104993061542593,-0.0003121956233059866,-0.0003121956233059866,0.0,0.0,False,0.0,0.0,-0.0011104993061542593
2016-06-20,0.004364426769757838,0.004364426769757838,0.006204522054773261,-0.0018400952850154235,-0.0018400952850154235,0.0,0.0,False,0.0,0.0,0.006204522054773261
2016-06-21,0.001347089624097926,0.001347089624097926,0.0018990603608040567,-0.0005519707367061307,-0.0005519707367061307,0.0,0.0,False,0.0,0.0,0.0018990603608040567
2016-06-22,0.0002925584173371789,0.0002925584173371789,0.00024721915868982465,4.5339258647354274e-05,4.5339258647354274e-05,0.0,0.0,False,0.0,0.0,0.00024721915868982465
2016-06-23,0.007096649000544481,0.007096649000544481,0.009694706966309762,-0.002598057965765281,-0.002598057965765281,0.0,0.0,False,0.0,0.0,0.009694706966309762
2016-06-24,-0.02097668469530191,-0.02097668469530191,-0.027072507617327535,0.006095822922025627,0.006095822922025627,0.0,0.0,False,0.0,0.0,-0.027072507617327535
2016-06-27,-0.005340515040092133,-0.005340515040092133,-0.007162508455036052,0.0018219934149439187,0.0018219934149439187,0.0,0.0,False,0.0,0.0,-0.007162508455036052
2016-06-28,0.010782361143699978,0.010782361143699978,0.013554336300290633,-0.002771975156590655,-0.002771975156590655,0.0,0.0,False,0.0,0.0,0.013554336300290633
2016-06-29,0.007086744732115838,0.007086744732115838,0.009943861830041738,-0.0028571170979259,-0.0028571170979259,0.0,0.0,False,0.0,0.0,0.009943861830041738
2016-06-30,0.008293752015152086,0.008293752015152086,0.00928076675003339,-0.0009870147348813047,-0.0009870147348813047,0.0,0.0,False,0.0,0.0,0.00928076675003339
2016-07-01,0.0029787616959503983,0.0028149497476491793,0.0037768114684519354,-0.0009618617208027561,-0.000798049772501537,0.16381194830121906,0.00016381194830121905,True,0.01054751572140128,1.054751572140128e-05,0.003766263952730534
2016-07-05,-0.0024890971435188747,-0.0024890971435188747,-0.005687243416924124,0.0031981462734052496,0.0031981462734052496,0.0,0.0,False,0.0,0.0,-0.005687243416924124
2016-07-06,0.0035589495808695817,0.0035589495808695817,0.002010303614532062,0.0015486459663375195,0.0015486459663375195,0.0,0.0,False,0.0,0.0,0.002010303614532062
2016-07-07,-0.00031373113132702817,-0.00031373113132702817,-0.0011792353065120731,0.000865504175185045,0.000865504175185045,0.0,0.0,False,0.0,0.0,-0.0011792353065120731
2016-07-08,0.010389704830029035,0.010389704830029035,0.011613156723554462,-0.0012234518935254277,-0.0012234518935254277,0.0,0.0,False,0.0,0.0,0.011613156723554462
2016-07-11,0.0009174976773018784,0.0009174976773018784,0.002861203047103059,-0.0019437053698011806,-0.0019437053698011806,0.0,0.0,False,0.0,0.0,0.002861203047103059
2016-07-12,0.001893558376586083,0.001893558376586083,0.0034431443562640317,-0.0015495859796779488,-0.0015495859796779488,0.0,0.0,False,0.0,0.0,0.0034431443562640317
2016-07-13,0.0007365086017446535,0.0007365086017446535,0.0010945320692442423,-0.0003580234674995888,-0.0003580234674995888,0.0,0.0,False,0.0,0.0,0.0010945320692442423
2016-07-14,0.0003750024700478913,0.0003750024700478913,0.002581709896298664,-0.0022067074262507726,-0.0022067074262507726,0.0,0.0,False,0.0,0.0,0.002581709896298664
2016-07-15,-0.0018611157461532939,-0.0018611157461532939,-0.002992628948578984,0.00113151320242569,0.00113151320242569,0.0,0.0,False,0.0,0.0,-0.002992628948578984
2016-07-18,0.0011391461273406248,0.0011391461273406248,0.002088953107817458,-0.0009498069804768331,-0.0009498069804768331,0.0,0.0,False,0.0,0.0,0.002088953107817458
2016-07-19,-2.920073347691132e-05,-2.920073347691132e-05,-0.001746208276262538,0.0017170075427856268,0.0017170075427856268,0.0,0.0,False,0.0,0.0,-0.001746208276262538
2016-07-20,0.001814264062349092,0.001814264062349092,0.0027440987720148114,-0.0009298347096657195,-0.0009298347096657195,0.0,0.0,False,0.0,0.0,0.0027440987720148114
2016-07-21,-0.0012146856184861291,-0.0012146856184861291,-0.0016124798954205832,0.000397794276934454,0.000397794276934454,0.0,0.0,False,0.0,0.0,-0.0016124798954205832
2016-07-22,0.002463594299805102,0.002463594299805102,0.002621824383279715,-0.00015823008347461273,-0.00015823008347461273,0.0,0.0,False,0.0,0.0,0.002621824383279715
2016-07-25,-0.0015638135190445264,-0.0015638135190445264,-0.002389188028686327,0.0008253745096418008,0.0008253745096418008,0.0,0.0,False,0.0,0.0,-0.002389188028686327
2016-07-26,0.001029708498285489,0.001029708498285489,0.0018768819827079354,-0.0008471734844224463,-0.0008471734844224463,0.0,0.0,False,0.0,0.0,0.0018768819827079354
2016-07-27,0.002121429414403677,0.002121429414403677,0.0027741036976353293,-0.0006526742832316523,-0.0006526742832316523,0.0,0.0,False,0.0,0.0,0.0027741036976353293
2016-07-28,2.3277317744355174e-05,2.3277317744355174e-05,-4.304964025470781e-05,6.632695799906299e-05,6.632695799906299e-05,0.0,0.0,False,0.0,0.0,-4.304964025470781e-05
2016-07-29,0.0027086939516525917,0.0027086939516525917,0.00461157426716206,-0.0019028803155094684,-0.0019028803155094684,0.0,0.0,False,0.0,0.0,0.00461157426716206
2016-08-01,-0.0021709813998397067,-0.0021803524310908375,-0.0034645980965138153,0.0012842456654229778,0.0012936166966741086,0.0093710312511306,9.371031251130602e-06,True,0.007779135827220684,7.779135827220685e-06,-0.003472377232341036
2016-08-02,-0.006118644523202006,-0.006118644523202006,-0.005931298109294258,-0.00018734641390774805,-0.00018734641390774805,0.0,0.0,False,0.0,0.0,-0.005931298109294258
2016-08-03,0.002690060941497311,0.002690060941497311,0.0014276694134919493,0.0012623915280053615,0.0012623915280053615,0.0,0.0,False,0.0,0.0,0.0014276694134919493
2016-08-04,0.0019604685400570324,0.0019604685400570324,0.0032716151941525927,-0.0013111466540955603,-0.0013111466540955603,0.0,0.0,False,0.0,0.0,0.0032716151941525927
2016-08-05,0.0024344407229920165,0.0024344407229920165,0.0026489069331371174,-0.00021446621014510094,-0.00021446621014510094,0.0,0.0,False,0.0,0.0,0.0026489069331371174
2016-08-08,-0.0003798917757194386,-0.0003798917757194386,0.0009084211001751365,-0.001288312875894575,-0.001288312875894575,0.0,0.0,False,0.0,0.0,0.0009084211001751365
2016-08-09,0.002449909869523033,0.002449909869523033,0.004180658973693069,-0.001730749104170036,-0.001730749104170036,0.0,0.0,False,0.0,0.0,0.004180658973693069
2016-08-10,-0.0007061590443453849,-0.0007061590443453849,0.0005800771721320742,-0.0012862362164774593,-0.0012862362164774593,0.0,0.0,False,0.0,0.0,0.0005800771721320742
2016-08-11,0.0002624954627607275,0.0002624954627607275,0.0021422364081360953,-0.0018797409453753678,-0.0018797409453753678,0.0,0.0,False,0.0,0.0,0.0021422364081360953
2016-08-12,0.001729568065375082,0.001729568065375082,0.0008098230710985924,0.0009197449942764896,0.0009197449942764896,0.0,0.0,False,0.0,0.0,0.0008098230710985924
2016-08-15,0.0011586219199166982,0.0011586219199166982,0.0015192996875296497,-0.0003606777676129515,-0.0003606777676129515,0.0,0.0,False,0.0,0.0,0.0015192996875296497
2016-08-16,-0.0039684356205734826,-0.0039684356205734826,-0.0033832683744982016,-0.000585167246075281,-0.000585167246075281,0.0,0.0,False,0.0,0.0,-0.0033832683744982016
2016-08-17,0.0011335754018551908,0.0011335754018551908,0.0007248063021276658,0.000408769099727525,0.000408769099727525,0.0,0.0,False,0.0,0.0,0.0007248063021276658
2016-08-18,0.0029401808594771003,0.0029401808594771003,0.0035672515217855163,-0.000627070662308416,-0.000627070662308416,0.0,0.0,False,0.0,0.0,0.0035672515217855163
2016-08-19,-0.0021040239362550266,-0.0021040239362550266,-0.003507945750996994,0.0014039218147419673,0.0014039218147419673,0.0,0.0,False,0.0,0.0,-0.003507945750996994
2016-08-22,0.0016072863148810278,0.0016072863148810278,0.00024108615940672973,0.001366200155474298,0.001366200155474298,0.0,0.0,False,0.0,0.0,0.00024108615940672973
2016-08-23,0.001972636300638733,0.001972636300638733,0.0013922144625898314,0.0005804218380489016,0.0005804218380489016,0.0,0.0,False,0.0,0.0,0.0013922144625898314
2016-08-24,-0.0033397545819448243,-0.0033397545819448243,-0.00231852968308919,-0.0010212248988556343,-0.0010212248988556343,0.0,0.0,False,0.0,0.0,-0.00231852968308919
2016-08-25,-0.0006149682974050145,-0.0006149682974050145,-0.0012913329064000892,0.0006763646089950747,0.0006763646089950747,0.0,0.0,False,0.0,0.0,-0.0012913329064000892
2016-08-26,-0.0027605487474166098,-0.0027605487474166098,-0.003965673018191687,0.0012051242707750774,0.0012051242707750774,0.0,0.0,False,0.0,0.0,-0.003965673018191687
2016-08-29,0.004804542983792605,0.004804542983792605,0.005302515739643319,-0.0004979727558507138,-0.0004979727558507138,0.0,0.0,False,0.0,0.0,0.005302515739643319
2016-08-30,-0.0004918154171446676,-0.0004918154171446676,-0.0012819256699464457,0.0007901102528017781,0.0007901102528017781,0.0,0.0,False,0.0,0.0,-0.0012819256699464457
2016-08-31,-0.002375423611467994,-0.002375423611467994,-0.002798720621190221,0.0004232970097222269,0.0004232970097222269,0.0,0.0,False,0.0,0.0,-0.002798720621190221
2016-09-01,0.0005385230265840479,0.00035852302668061434,0.0022140725702174623,-0.001855549543536848,-0.0016755495436334145,0.17999999990343354,0.00017999999990343354,True,0.0026970283573682224,2.6970283573682226e-06,0.002211375541860094
2016-09-02,0.004134930143518766,0.004134930143518766,0.004021600367090504,0.00011332977642826165,0.00011332977642826165,0.0,0.0,False,0.0,0.0,0.004021600367090504
2016-09-06,0.004712320795744144,0.004712320795744144,0.005956090341759788,-0.0012437695460156438,-0.0012437695460156438,0.0,0.0,False,0.0,0.0,0.005956090341759788
2016-09-07,0.001090038550015627,0.001090038550015627,-9.606043082968714e-05,0.001186098980845314,0.001186098980845314,0.0,0.0,False,0.0,0.0,-9.606043082968714e-05
2016-09-08,-0.004527305102892123,-0.004527305102892123,-0.004120347688438537,-0.00040695741445358636,-0.00040695741445358636,0.0,0.0,False,0.0,0.0,-0.004120347688438537
2016-09-09,-0.01943968134954566,-0.01943968134954566,-0.01802603132840532,-0.0014136500211403384,-0.0014136500211403384,0.0,0.0,False,0.0,0.0,-0.01802603132840532
2016-09-12,0.00831114899523967,0.00831114899523967,0.007116101342040186,0.0011950476531994835,0.0011950476531994835,0.0,0.0,False,0.0,0.0,0.007116101342040186
2016-09-13,-0.012030851498034175,-0.012030851498034175,-0.012666242639525687,0.000635391141491512,0.000635391141491512,0.0,0.0,False,0.0,0.0,-0.012666242639525687
2016-09-14,0.0009638542122146746,0.0009638542122146746,0.0006195763574448917,0.000344277854769783,0.000344277854769783,0.0,0.0,False,0.0,0.0,0.0006195763574448917
2016-09-15,0.005265331892114024,0.005265331892114024,0.006548888034989271,-0.0012835561428752472,-0.0012835561428752472,0.0,0.0,False,0.0,0.0,0.006548888034989271
2016-09-16,-0.0014310293069242377,-0.0014310293069242377,-0.003089113317004747,0.0016580840100805096,0.0016580840100805096,0.0,0.0,False,0.0,0.0,-0.003089113317004747
2016-09-19,0.001781996298134835,0.001781996298134835,0.0014194900967925393,0.00036250620134229577,0.00036250620134229577,0.0,0.0,False,0.0,0.0,0.0014194900967925393
2016-09-20,-0.0002685678487916723,-0.0002685678487916723,0.0014395036998656467,-0.001708071548657319,-0.001708071548657319,0.0,0.0,False,0.0,0.0,0.0014395036998656467
2016-09-21,0.009721504976083163,0.009721504976083163,0.011053249617038872,-0.0013317446409557097,-0.0013317446409557097,0.0,0.0,False,0.0,0.0,0.011053249617038872
2016-09-22,0.007392035819474112,0.007392035819474112,0.006462080017243179,0.0009299558022309324,0.0009299558022309324,0.0,0.0,False,0.0,0.0,0.006462080017243179
2016-09-23,-0.0027630009324097317,-0.0027630009324097317,-0.004664994976617411,0.001901994044207679,0.001901994044207679,0.0,0.0,False,0.0,0.0,-0.004664994976617411
2016-09-26,-0.0035912790910846313,-0.0035912790910846313,-0.00471633793241337,0.0011250588413287384,0.0011250588413287384,0.0,0.0,False,0.0,0.0,-0.00471633793241337
2016-09-27,0.0018082713747917842,0.0018082713747917842,0.0052903084701708975,-0.0034820370953791134,-0.0034820370953791134,0.0,0.0,False,0.0,0.0,0.0052903084701708975
2016-09-28,0.0034279276270977217,0.0034279276270977217,0.003764872430120616,-0.0003369448030228943,-0.0003369448030228943,0.0,0.0,False,0.0,0.0,0.003764872430120616
2016-09-29,-0.0067740082224105914,-0.0067740082224105914,-0.006921940221994671,0.00014793199958407915,0.00014793199958407915,0.0,0.0,False,0.0,0.0,-0.006921940221994671
2016-09-30,0.002791217624625844,0.002791217624625844,0.0032004084302610153,-0.00040919080563517124,-0.00040919080563517124,0.0,0.0,False,0.0,0.0,0.0032004084302610153
2016-10-03,-0.004181289043200169,-0.004439645308709124,-0.001645053775964089,-0.002794591532745035,-0.0025362352672360796,0.2583562655089554,0.0002583562655089554,True,0.003746803134698485,3.746803134698485e-06,-0.0016488005790987875
2016-10-04,-0.006001058634142091,-0.006001058634142091,-0.00511836146463396,-0.0008826971695081315,-0.0008826971695081315,0.0,0.0,False,0.0,0.0,-0.00511836146463396
2016-10-05,0.00012802122274043946,0.00012802122274043946,0.0028498423749867352,-0.0027218211522462956,-0.0027218211522462956,0.0,0.0,False,0.0,0.0,0.0028498423749867352
2016-10-06,-0.00013962485564814953,-0.00013962485564814953,-0.0012533830702818876,0.0011137582146337381,0.0011137582146337381,0.0,0.0,False,0.0,0.0,-0.0012533830702818876
2016-10-07,-0.0017771211984238067,-0.0017771211984238067,-0.001977022355918568,0.00019990115749476153,0.00019990115749476153,0.0,0.0,False,0.0,0.0,-0.001977022355918568
2016-10-10,0.003994946266222682,0.003994946266222682,0.002884922430884289,0.001110023835338393,0.001110023835338393,0.0,0.0,False,0.0,0.0,0.002884922430884289
2016-10-11,-0.009438834522615402,-0.009438834522615402,-0.009824443768643457,0.00038560924602805413,0.00038560924602805413,0.0,0.0,False,0.0,0.0,-0.009824443768643457
2016-10-12,0.0018345656203964053,0.0018345656203964053,7.520539236990472e-05,0.0017593602280265006,0.0017593602280265006,0.0,0.0,False,0.0,0.0,7.520539236990472e-05
2016-10-13,-0.0007337765630926498,-0.0007337765630926498,-0.00188289710199369,0.0011491205389010403,0.0011491205389010403,0.0,0.0,False,0.0,0.0,-0.00188289710199369
2016-10-14,-0.003194048776179243,-0.003194048776179243,-0.0016425671271006748,-0.0015514816490785682,-0.0015514816490785682,0.0,0.0,False,0.0,0.0,-0.0016425671271006748
2016-10-17,0.0002595162345733987,0.0002595162345733987,-0.0004038010853226248,0.0006633173198960235,0.0006633173198960235,0.0,0.0,False,0.0,0.0,-0.0004038010853226248
2016-10-18,0.004692020743175509,0.004692020743175509,0.0063338258419576516,-0.0016418050987821427,-0.0016418050987821427,0.0,0.0,False,0.0,0.0,0.0063338258419576516
2016-10-19,0.0022952956201449507,0.0022952956201449507,0.002368378484672194,-7.308286452724312e-05,-7.308286452724312e-05,0.0,0.0,False,0.0,0.0,0.002368378484672194
2016-10-20,-0.0013882366145704002,-0.0013882366145704002,-0.0009508025917725025,-0.0004374340227978977,-0.0004374340227978977,0.0,0.0,False,0.0,0.0,-0.0009508025917725025
2016-10-21,3.558577940061781e-05,3.558577940061781e-05,0.00013241767734967048,-9.683189794905267e-05,-9.683189794905267e-05,0.0,0.0,False,0.0,0.0,0.00013241767734967048
2016-10-24,0.0014731715923806568,0.0014731715923806568,0.001077817145753857,0.0003953544466267999,0.0003953544466267999,0.0,0.0,False,0.0,0.0,0.001077817145753857
2016-10-25,-0.002653792340267688,-0.002653792340267688,-0.0013902630322365943,-0.0012635293080310937,-0.0012635293080310937,0.0,0.0,False,0.0,0.0,-0.0013902630322365943
2016-10-26,-0.005231009250711895,-0.005231009250711895,-0.0042315314170672256,-0.0009994778336446693,-0.0009994778336446693,0.0,0.0,False,0.0,0.0,-0.0042315314170672256
2016-10-27,-0.007162260878048955,-0.007162260878048955,-0.004312978273961453,-0.002849282604087502,-0.002849282604087502,0.0,0.0,False,0.0,0.0,-0.004312978273961453
2016-10-28,-0.0018003867977707004,-0.0018003867977707004,-0.0017315266720811678,-6.886012568953258e-05,-6.886012568953258e-05,0.0,0.0,False,0.0,0.0,-0.0017315266720811678
2016-10-31,0.002661942240789468,0.002661942240789468,0.0014565403001666234,0.0012054019406228444,0.0012054019406228444,0.0,0.0,False,0.0,0.0,0.0014565403001666234
2016-11-01,-0.004676257396888111,-0.004955881958595917,-0.004419521513260705,-0.0005363604453352119,-0.0002567358836274066,0.2796245617078055,0.00027962456170780545,True,0.0030903441852266345,3.0903441852266346e-06,-0.004422611857445932
2016-11-02,-0.002452753355898312,-0.002452753355898312,-0.003591495710940574,0.001138742355042262,0.001138742355042262,0.0,0.0,False,0.0,0.0,-0.003591495710940574
2016-11-03,-0.0052103957564614035,-0.0052103957564614035,-0.0028503128520102564,-0.002360082904451147,-0.002360082904451147,0.0,0.0,False,0.0,0.0,-0.0028503128520102564
2016-11-04,0.004068086319936732,0.004068086319936732,-0.0009327565038478766,0.005000842823784608,0.005000842823784608,0.0,0.0,False,0.0,0.0,-0.0009327565038478766
2016-11-07,0.00857483918686209,0.00857483918686209,0.011987281306512217,-0.0034124421196501265,-0.0034124421196501265,0.0,0.0,False,0.0,0.0,0.011987281306512217
2016-11-08,0.00031437104776398507,0.00031437104776398507,0.0012990929254277073,-0.0009847218776637221,-0.0009847218776637221,0.0,0.0,False,0.0,0.0,0.0012990929254277073
2016-11-09,-0.007443947736576497,-0.007443947736576497,-0.005745009663789595,-0.001698938072786902,-0.001698938072786902,0.0,0.0,False,0.0,0.0,-0.005745009663789595
2016-11-10,-0.0011801540514873188,-0.0011801540514873188,-0.0036244015219746833,0.0024442474704873644,0.0024442474704873644,0.0,0.0,False,0.0,0.0,-0.0036244015219746833
2016-11-11,0.0006338539936542441,0.0006338539936542441,-0.0035367174843559356,0.00417057147801018,0.00417057147801018,0.0,0.0,False,0.0,0.0,-0.0035367174843559356
2016-11-14,5.175436151956016e-05,5.175436151956016e-05,-0.002677929209654381,0.002729683571173941,0.002729683571173941,0.0,0.0,False,0.0,0.0,-0.002677929209654381
2016-11-15,0.0053438716034263705,0.0053438716034263705,0.005819061161737124,-0.0004751895583107535,-0.0004751895583107535,0.0,0.0,False,0.0,0.0,0.005819061161737124
2016-11-16,0.002280958282168514,0.002280958282168514,-0.002124886122278938,0.004405844404447452,0.004405844404447452,0.0,0.0,False,0.0,0.0,-0.002124886122278938
2016-11-17,-0.0026483814864093737,-0.0026483814864093737,0.0006804220330902699,-0.003328803519499644,-0.003328803519499644,0.0,0.0,False,0.0,0.0,0.0006804220330902699
2016-11-18,-0.0016491244093986526,-0.0016491244093986526,-0.004291396681022445,0.0026422722716237927,0.0026422722716237927,0.0,0.0,False,0.0,0.0,-0.004291396681022445
2016-11-21,0.0044679086278380745,0.0044679086278380745,0.005248171862138343,-0.0007802632343002682,-0.0007802632343002682,0.0,0.0,False,0.0,0.0,0.005248171862138343
2016-11-22,0.002637168486589763,0.002637168486589763,0.0034741668166399504,-0.0008369983300501875,-0.0008369983300501875,0.0,0.0,False,0.0,0.0,0.0034741668166399504
2016-11-23,-0.0004345180389152226,-0.0004345180389152226,-0.0024411220268210046,0.002006603987905782,0.002006603987905782,0.0,0.0,False,0.0,0.0,-0.0024411220268210046
2016-11-25,0.002399151117530588,0.002399151117530588,0.0021762449079274857,0.00022290620960310238,0.00022290620960310238,0.0,0.0,False,0.0,0.0,0.0021762449079274857
2016-11-28,-0.0011224764539276091,-0.0011224764539276091,-0.0007355365098643391,-0.00038693994406327004,-0.00038693994406327004,0.0,0.0,False,0.0,0.0,-0.0007355365098643391
2016-11-29,0.0020908798343430967,0.0020908798343430967,0.0022542628792072343,-0.0001633830448641376,-0.0001633830448641376,0.0,0.0,False,0.0,0.0,0.0022542628792072343
2016-11-30,-0.00722674071657261,-0.00722674071657261,-0.003626516650449287,-0.003600224066123323,-0.003600224066123323,0.0,0.0,False,0.0,0.0,-0.003626516650449287
2016-12-01,-0.00663563623939715,-0.006915079703923422,-0.005241526010028597,-0.0016735536938948256,-0.0013941102293685533,0.2794434645262724,0.0002794434645262724,True,0.01947133662564299,1.947133662564299e-05,-0.00526099734665424
2016-12-02,0.003249270806387956,0.003249270806387956,0.0025580753068118658,0.00069119549957609,0.00069119549957609,0.0,0.0,False,0.0,0.0,0.0025580753068118658
2016-12-05,0.0031076729249586883,0.0031076729249586883,0.005153178970056495,-0.0020455060450978065,-0.0020455060450978065,0.0,0.0,False,0.0,0.0,0.005153178970056495
2016-12-06,0.0017053580256267663,0.0017053580256267663,0.003083445669750482,-0.0013780876441237156,-0.0013780876441237156,0.0,0.0,False,0.0,0.0,0.003083445669750482
2016-12-07,0.010206452983230085,0.010206452983230085,0.010073213529948829,0.00013323945328125655,0.00013323945328125655,0.0,0.0,False,0.0,0.0,0.010073213529948829
2016-12-08,-0.0018686814127671825,-0.0018686814127671825,-8.89656307347088e-05,-0.0017797157820324738,-0.0017797157820324738,0.0,0.0,False,0.0,0.0,-8.89656307347088e-05
2016-12-09,-0.002942618264019129,-0.002942618264019129,-0.0001423480398399068,-0.0028002702241792226,-0.0028002702241792226,0.0,0.0,False,0.0,0.0,-0.0001423480398399068
2016-12-12,-0.0009414732002049758,-0.0009414732002049758,-0.002248489908678715,0.0013070167084737391,0.0013070167084737391,0.0,0.0,False,0.0,0.0,-0.002248489908678715
2016-12-13,0.005033915008342847,0.005033915008342847,0.005403046861689254,-0.00036913185334640653,-0.00036913185334640653,0.0,0.0,False,0.0,0.0,0.005403046861689254
2016-12-14,-0.01254307910561388,-0.01254307910561388,-0.011493115963827731,-0.001049963141786148,-0.001049963141786148,0.0,0.0,False,0.0,0.0,-0.011493115963827731
2016-12-15,0.0017177313228146215,0.0017177313228146215,0.001263469230258241,0.0004542620925563805,0.0004542620925563805,0.0,0.0,False,0.0,0.0,0.001263469230258241
2016-12-16,-0.0014746714860225214,-0.0014746714860225214,-0.001016421233290976,-0.00045825025273154543,-0.00045825025273154543,0.0,0.0,False,0.0,0.0,-0.001016421233290976
2016-12-19,0.0032651341337664925,0.0032651341337664925,0.002238566671247728,0.0010265674625187645,0.0010265674625187645,0.0,0.0,False,0.0,0.0,0.002238566671247728
2016-12-20,0.0001349815245006383,0.0001349815245006383,0.001727372864301463,-0.001592391339800825,-0.001592391339800825,0.0,0.0,False,0.0,0.0,0.001727372864301463
2016-12-21,-9.965925631042464e-05,-9.965925631042464e-05,-0.0005494621512135813,0.00044980289490315664,0.00044980289490315664,0.0,0.0,False,0.0,0.0,-0.0005494621512135813
2016-12-22,-0.003055162251273373,-0.003055162251273373,-0.00263366561209567,-0.0004214966391777029,-0.0004214966391777029,0.0,0.0,False,0.0,0.0,-0.00263366561209567
2016-12-23,0.0024316929649131694,0.0024316929649131694,0.0022022215268538573,0.0002294714380593121,0.0002294714380593121,0.0,0.0,False,0.0,0.0,0.0022022215268538573
2016-12-27,0.0010731463977821497,0.0010731463977821497,0.0005190066927718647,0.000554139705010285,0.000554139705010285,0.0,0.0,False,0.0,0.0,0.0005190066927718647
2016-12-28,0.0006536516079698271,0.0006536516079698271,-0.0012886054308269817,0.0019422570387968088,0.0019422570387968088,0.0,0.0,False,0.0,0.0,-0.0012886054308269817
2016-12-29,0.00512816459964991,0.00512816459964991,0.0033100684466576148,0.001818096152992295,0.001818096152992295,0.0,0.0,False,0.0,0.0,0.0033100684466576148
2016-12-30,-0.0023684629272833395,-0.0023684629272833395,-0.0005939551179861788,-0.0017745078092971608,-0.0017745078092971608,0.0,0.0,False,0.0,0.0,-0.0005939551179861788
2017-01-03,0.005865623776600638,0.005585288372883308,0.004925166376215184,0.0006601219966681244,0.0009404574003854544,0.28033540371733046,0.00028033540371733045,True,0.005456568845847186,5.456568845847186e-06,0.004919709807369337
2017-01-04,0.006017230183062954,0.006017230183062954,0.006026909760250138,-9.67957718718375e-06,-9.67957718718375e-06,0.0,0.0,False,0.0,0.0,0.006026909760250138
2017-01-05,0.0020198214583901156,0.0020198214583901156,0.004426230922281974,-0.002406409463891858,-0.002406409463891858,0.0,0.0,False,0.0,0.0,0.004426230922281974
2017-01-06,-0.0010787073928760465,-0.0010787073928760465,-0.0021920690161824612,0.0011133616233064147,0.0011133616233064147,0.0,0.0,False,0.0,0.0,-0.0021920690161824612
2017-01-09,-0.0006266282362385135,-0.0006266282362385135,-0.00018879124670740158,-0.00043783698953111193,-0.00043783698953111193,0.0,0.0,False,0.0,0.0,-0.00018879124670740158
2017-01-10,0.0014781353121848828,0.0014781353121848828,0.0008741037513379562,0.0006040315608469265,0.0006040315608469265,0.0,0.0,False,0.0,0.0,0.0008741037513379562
2017-01-11,0.002918886248099807,0.002918886248099807,0.0035634454924045053,-0.0006445592443046983,-0.0006445592443046983,0.0,0.0,False,0.0,0.0,0.0035634454924045053
2017-01-12,-0.0006148474067684453,-0.0006148474067684453,-0.0004667437754827795,-0.0001481036312856658,-0.0001481036312856658,0.0,0.0,False,0.0,0.0,-0.0004667437754827795
2017-01-13,0.0011307334867344597,0.0011307334867344597,0.0005481926740335018,0.0005825408127009578,0.0005825408127009578,0.0,0.0,False,0.0,0.0,0.0005481926740335018
2017-01-17,-0.0002997505999920542,-0.0002997505999920542,-0.0001878194240461634,-0.00011193117594589079,-0.00011193117594589079,0.0,0.0,False,0.0,0.0,-0.0001878194240461634
2017-01-18,-0.0013553428596916933,-0.0013553428596916933,-0.003211313637941543,0.0018559707782498495,0.0018559707782498495,0.0,0.0,False,0.0,0.0,-0.003211313637941543
2017-01-19,-0.0035132191958148484,-0.0035132191958148484,-0.0038088712153441953,0.00029565201952934687,0.00029565201952934687,0.0,0.0,False,0.0,0.0,-0.0038088712153441953
2017-01-20,0.002776928565892502,0.002776928565892502,0.0026888716001746103,8.805696571789149e-05,8.805696571789149e-05,0.0,0.0,False,0.0,0.0,0.0026888716001746103
2017-01-23,0.0016744628290631088,0.0016744628290631088,0.003136188976477061,-0.0014617261474139521,-0.0014617261474139521,0.0,0.0,False,0.0,0.0,0.003136188976477061
2017-01-24,0.0030153450497193337,0.0030153450497193337,0.002158518409310176,0.0008568266404091578,0.0008568266404091578,0.0,0.0,False,0.0,0.0,0.002158518409310176
2017-01-25,0.004005907508280587,0.004005907508280587,0.0036316381204488943,0.00037426938783169297,0.00037426938783169297,0.0,0.0,False,0.0,0.0,0.0036316381204488943
2017-01-26,-0.0017575764922458086,-0.0017575764922458086,-0.0009709370303591126,-0.000786639461886696,-0.000786639461886696,0.0,0.0,False,0.0,0.0,-0.0009709370303591126
2017-01-27,-0.00010728280914026043,-0.00010728280914026043,-0.00021899735623560717,0.00011171454709534674,0.00011171454709534674,0.0,0.0,False,0.0,0.0,-0.00021899735623560717
2017-01-30,-0.003990705627233635,-0.003990705627233635,-0.004665976834852562,0.0006752712076189271,0.0006752712076189271,0.0,0.0,False,0.0,0.0,-0.004665976834852562
2017-01-31,0.001973370855871227,0.001973370855871227,0.0020269393597587403,-5.3568503887513243e-05,-5.3568503887513243e-05,0.0,0.0,False,0.0,0.0,0.0020269393597587403
2017-02-01,0.0011673557783825287,0.0009334545850357052,-0.0001306317476152674,0.0010640863326509726,0.0012979875259977961,0.23390119334682352,0.00023390119334682353,True,0.006924984724114236,6.924984724114236e-06,-0.00013755673233938165
2017-02-02,6.557328627763596e-05,6.557328627763596e-05,0.0006699119830737765,-0.0006043386967961406,-0.0006043386967961406,0.0,0.0,False,0.0,0.0,0.0006699119830737765
2017-02-03,0.0056049678907784,0.0056049678907784,0.004347393760188766,0.0012575741305896337,0.0012575741305896337,0.0,0.0,False,0.0,0.0,0.004347393760188766
2017-02-06,-0.0016371808782431906,-0.0016371808782431906,-0.0005135447923234611,-0.0011236360859197296,-0.0011236360859197296,0.0,0.0,False,0.0,0.0,-0.0005135447923234611
2017-02-07,-0.0009734767098743081,-0.0009734767098743081,0.0001165985894707915,-0.0010900752993450997,-0.0010900752993450997,0.0,0.0,False,0.0,0.0,0.0001165985894707915
2017-02-08,0.0009056356741053406,0.0009056356741053406,0.003189727169520475,-0.0022840914954151345,-0.0022840914954151345,0.0,0.0,False,0.0,0.0,0.003189727169520475
2017-02-09,0.00423919057423535,0.00423919057423535,0.0011789494463755467,0.003060241127859803,0.003060241127859803,0.0,0.0,False,0.0,0.0,0.0011789494463755467
2017-02-10,0.0028094979677968377,0.0028094979677968377,0.0026492892418516515,0.00016020872594518613,0.00016020872594518613,0.0,0.0,False,0.0,0.0,0.0026492892418516515
2017-02-13,0.002793330944955574,0.002793330944955574,0.0021666558529169224,0.0006266750920386516,0.0006266750920386516,0.0,0.0,False,0.0,0.0,0.0021666558529169224
2017-02-14,0.0018536445501361888,0.0018536445501361888,-0.00016707132945703134,0.00202071587959322,0.00202071587959322,0.0,0.0,False,0.0,0.0,-0.00016707132945703134
2017-02-15,0.0028237842235223592,0.0028237842235223592,0.002563350067445732,0.00026043415607662724,0.00026043415607662724,0.0,0.0,False,0.0,0.0,0.002563350067445732
2017-02-16,-0.000643323152658823,-0.000643323152658823,0.0010473037758942944,-0.0016906269285531174,-0.0016906269285531174,0.0,0.0,False,0.0,0.0,0.0010473037758942944
2017-02-17,0.0011616313982368608,0.0011616313982368608,0.0008239602418821331,0.00033767115635472767,0.00033767115635472767,0.0,0.0,False,0.0,0.0,0.0008239602418821331
2017-02-21,0.004577173062889984,0.004577173062889984,0.0036912464074132104,0.000885926655476774,0.000885926655476774,0.0,0.0,False,0.0,0.0,0.0036912464074132104
2017-02-22,-0.000768607221777629,-0.000768607221777629,0.00033104189642247956,-0.0010996491182001084,-0.0010996491182001084,0.0,0.0,False,0.0,0.0,0.00033104189642247956
2017-02-23,-5.38829587344087e-05,-5.38829587344087e-05,0.0012976167920804391,-0.0013514997508148477,-0.0013514997508148477,0.0,0.0,False,0.0,0.0,0.0012976167920804391
2017-02-24,0.0013108811824871446,0.0013108811824871446,0.000275759139268532,0.0010351220432186126,0.0010351220432186126,0.0,0.0,False,0.0,0.0,0.000275759139268532
2017-02-27,0.00221772326442678,0.00221772326442678,-0.0006033164138742394,0.0028210396783010195,0.0028210396783010195,0.0,0.0,False,0.0,0.0,-0.0006033164138742394
2017-02-28,-0.003625683827425676,-0.003625683827425676,-0.0026044079343377647,-0.0010212758930879112,-0.0010212758930879112,0.0,0.0,False,0.0,0.0,-0.0026044079343377647
2017-03-01,0.006661089659070163,0.006382073507530021,0.005114582660177602,0.0012674908473524187,0.0015465069988925611,0.27901615154014275,0.0002790161515401428,True,0.005524186235055694,5.524186235055694e-06,0.005109058473942546
2017-03-02,-0.00463093569766914,-0.00463093569766914,-0.006225830782218373,0.0015948950845492329,0.0015948950845492329,0.0,0.0,False,0.0,0.0,-0.006225830782218373
2017-03-03,0.002091615690657681,0.002091615690657681,0.002284175175151959,-0.00019255948449427816,-0.00019255948449427816,0.0,0.0,False,0.0,0.0,0.002284175175151959
2017-03-06,-0.002925647247190046,-0.002925647247190046,-0.0022012926927648603,-0.0007243545544251859,-0.0007243545544251859,0.0,0.0,False,0.0,0.0,-0.0022012926927648603
2017-03-07,-0.004610227238544044,-0.004610227238544044,-0.002815219995220967,-0.0017950072433230765,-0.0017950072433230765,0.0,0.0,False,0.0,0.0,-0.002815219995220967
2017-03-08,-0.0041892754395514925,-0.0041892754395514925,-0.0037773093424838225,-0.00041196609706767003,-0.00041196609706767003,0.0,0.0,False,0.0,0.0,-0.0037773093424838225
2017-03-09,-0.0003011607666387955,-0.0003011607666387955,-0.0017824999814969838,0.0014813392148581885,0.0014813392148581885,0.0,0.0,False,0.0,0.0,-0.0017824999814969838
2017-03-10,0.0034075989350820053,0.0034075989350820053,0.004641382880451055,-0.00123378394536905,-0.00123378394536905,0.0,0.0,False,0.0,0.0,0.004641382880451055
2017-03-13,0.0014138122283767253,0.0014138122283767253,0.0011724486703803714,0.00024136355799635385,0.00024136355799635385,0.0,0.0,False,0.0,0.0,0.0011724486703803714
2017-03-14,-0.003989517356873968,-0.003989517356873968,-0.002581332766343055,-0.0014081845905309126,-0.0014081845905309126,0.0,0.0,False,0.0,0.0,-0.002581332766343055
2017-03-15,0.012016025381008297,0.012016025381008297,0.01181275833802839,0.00020326704297990786,0.00020326704297990786,0.0,0.0,False,0.0,0.0,0.01181275833802839
2017-03-16,-0.00028921053962893857,-0.00028921053962893857,-0.00016495787144880838,-0.0001242526681801302,-0.0001242526681801302,0.0,0.0,False,0.0,0.0,-0.00016495787144880838
2017-03-17,0.0007450505206113896,0.0007450505206113896,0.0010539597187785182,-0.00030890919816712855,-0.00030890919816712855,0.0,0.0,False,0.0,0.0,0.0010539597187785182
2017-03-20,-0.0012109416821052062,-0.0012109416821052062,0.0013563453895628123,-0.0025672870716680184,-0.0025672870716680184,0.0,0.0,False,0.0,0.0,0.0013563453895628123
2017-03-21,-0.0064329487865570885,-0.0064329487865570885,-0.005655986032329727,-0.000776962754227362,-0.000776962754227362,0.0,0.0,False,0.0,0.0,-0.005655986032329727
2017-03-22,0.0017874615136715508,0.0017874615136715508,0.0021890261731188983,-0.0004015646594473475,-0.0004015646594473475,0.0,0.0,False,0.0,0.0,0.0021890261731188983
2017-03-23,0.00041626835701538234,0.00041626835701538234,-4.090517250451256e-05,0.0004571735295198949,0.0004571735295198949,0.0,0.0,False,0.0,0.0,-4.090517250451256e-05
2017-03-24,0.001942256286930833,0.001942256286930833,0.0009434879640364236,0.0009987683228944095,0.0009987683228944095,0.0,0.0,False,0.0,0.0,0.0009434879640364236
2017-03-27,0.0004235903107604429,0.0004235903107604429,0.0009246290921548641,-0.0005010387813944213,-0.0005010387813944213,0.0,0.0,False,0.0,0.0,0.0009246290921548641
2017-03-28,0.004686165443298666,0.004686165443298666,0.002236985574278187,0.002449179869020479,0.002449179869020479,0.0,0.0,False,0.0,0.0,0.002236985574278187
2017-03-29,0.0013711323189183257,0.0013711323189183257,0.0019552748762340848,-0.000584142557315759,-0.000584142557315759,0.0,0.0,False,0.0,0.0,0.0019552748762340848
2017-03-30,0.0010078985218067178,0.0010078985218067178,-0.0011229443473606306,0.0021308428691673483,0.0021308428691673483,0.0,0.0,False,0.0,0.0,-0.0011229443473606306
2017-03-31,-0.0009338141175428642,-0.0009338141175428642,-0.0008792005390185061,-5.46135785243581e-05,-5.46135785243581e-05,0.0,0.0,False,0.0,0.0,-0.0008792005390185061
2017-04-03,-0.001889095077586082,-0.0021692170572267656,0.0014552024880432057,-0.0036244195452699714,-0.0033442975656292877,0.28012197964068375,0.00028012197964068377,True,0.0064016257746900875,6.4016257746900866e-06,0.0014488008622685156
2017-04-04,-0.00020490925650052205,-0.00020490925650052205,-0.0008173112397407133,0.0006124019832401912,0.0006124019832401912,0.0,0.0,False,0.0,0.0,-0.0008173112397407133
2017-04-05,-0.002971911723225328,-0.002971911723225328,-0.0018249375294959766,-0.0011469741937293514,-0.0011469741937293514,0.0,0.0,False,0.0,0.0,-0.0018249375294959766
2017-04-06,0.0030287633562231537,0.0030287633562231537,0.0010751061673601003,0.0019536571888630534,0.0019536571888630534,0.0,0.0,False,0.0,0.0,0.0010751061673601003
2017-04-07,-0.0009262648806175245,-0.0009262648806175245,-0.001781920993068928,0.0008556561124514035,0.0008556561124514035,0.0,0.0,False,0.0,0.0,-0.001781920993068928
2017-04-10,0.001295285577239601,0.001295285577239601,0.000587143672088347,0.0007081419051512539,0.0007081419051512539,0.0,0.0,False,0.0,0.0,0.000587143672088347
2017-04-11,0.0008203826465369658,0.0008203826465369658,0.0026181036943718596,-0.0017977210478348938,-0.0017977210478348938,0.0,0.0,False,0.0,0.0,0.0026181036943718596
2017-04-12,-0.003022396452387192,-0.003022396452387192,-0.00022322313948859075,-0.0027991733128986014,-0.0027991733128986014,0.0,0.0,False,0.0,0.0,-0.00022322313948859075
2017-04-13,-0.0043276010276220985,-0.0043276010276220985,-0.0027863518689653947,-0.0015412491586567038,-0.0015412491586567038,0.0,0.0,False,0.0,0.0,-0.0027863518689653947
2017-04-17,0.005737568431885792,0.005737568431885792,0.004382418475173603,0.0013551499567121894,0.0013551499567121894,0.0,0.0,False,0.0,0.0,0.004382418475173603
2017-04-18,-0.0002873017356859432,-0.0002873017356859432,-0.00010505812734188551,-0.0001822436083440577,-0.0001822436083440577,0.0,0.0,False,0.0,0.0,-0.00010505812734188551
2017-04-19,-0.0008379332279072042,-0.0008379332279072042,-0.002852774338259706,0.0020148411103525017,0.0020148411103525017,0.0,0.0,False,0.0,0.0,-0.002852774338259706
2017-04-20,0.005855709647562893,0.005855709647562893,0.004575500084719266,0.0012802095628436268,0.0012802095628436268,0.0,0.0,False,0.0,0.0,0.004575500084719266
2017-04-21,-0.00175172724754803,-0.00175172724754803,-0.0008722916446494043,-0.0008794356028986258,-0.0008794356028986258,0.0,0.0,False,0.0,0.0,-0.0008722916446494043
2017-04-24,0.0073575569336204304,0.0073575569336204304,0.008205043622832354,-0.0008474866892119234,-0.0008474866892119234,0.0,0.0,False,0.0,0.0,0.008205043622832354
2017-04-25,0.0037185788321480425,0.0037185788321480425,0.0019396946848694303,0.0017788841472786122,0.0017788841472786122,0.0,0.0,False,0.0,0.0,0.0019396946848694303
2017-04-26,0.0006213560577970172,0.0006213560577970172,0.00042995914212056054,0.00019139691567645662,0.00019139691567645662,0.0,0.0,False,0.0,0.0,0.00042995914212056054
2017-04-27,0.0006128963878630166,0.0006128963878630166,0.0005070112742619658,0.00010588511360105077,0.00010588511360105077,0.0,0.0,False,0.0,0.0,0.0005070112742619658
2017-04-28,-0.002911301918621302,-0.002911301918621302,-0.0008537721639968406,-0.0020575297546244617,-0.0020575297546244617,0.0,0.0,False,0.0,0.0,-0.0008537721639968406
2017-05-01,0.0015461949868176832,0.0013819919919605596,0.0009161169400235258,0.0004658750519370338,0.0006300780467941574,0.16420299485712364,0.00016420299485712364,True,0.001993399962087687,1.9933999620876873e-06,0.0009141235400614381
2017-05-02,0.0018202539014379624,0.0018202539014379624,0.0024654497455695867,-0.0006451958441316243,-0.0006451958441316243,0.0,0.0,False,0.0,0.0,0.0024654497455695867
2017-05-03,-0.0012523259694588963,-0.0012523259694588963,-0.002103871996227198,0.0008515460267683019,0.0008515460267683019,0.0,0.0,False,0.0,0.0,-0.002103871996227198
2017-05-04,-0.00352407914031809,-0.00352407914031809,-0.00039120112426764466,-0.0031328780160504452,-0.0031328780160504452,0.0,0.0,False,0.0,0.0,-0.00039120112426764466
2017-05-05,0.003350139237610247,0.003350139237610247,0.004150541116809921,-0.0008004018791996741,-0.0008004018791996741,0.0,0.0,False,0.0,0.0,0.004150541116809921
2017-05-08,5.2225431734998265e-05,5.2225431734998265e-05,-0.002447958892228276,0.0025001843239632745,0.0025001843239632745,0.0,0.0,False,0.0,0.0,-0.002447958892228276
2017-05-09,0.0014949242054778237,0.0014949242054778237,0.00039290182054194166,0.001102022384935882,0.001102022384935882,0.0,0.0,False,0.0,0.0,0.00039290182054194166
2017-05-10,0.0034029750950258135,0.0034029750950258135,0.00182449148080798,0.0015784836142178336,0.0015784836142178336,0.0,0.0,False,0.0,0.0,0.00182449148080798
2017-05-11,-0.00024827458682763075,-0.00024827458682763075,-0.0008872483626429592,0.0006389737758153284,0.0006389737758153284,0.0,0.0,False,0.0,0.0,-0.0008872483626429592
2017-05-12,0.0006744321618583454,0.0006744321618583454,0.0026394013625800966,-0.0019649692007217513,-0.0019649692007217513,0.0,0.0,False,0.0,0.0,0.0026394013625800966
2017-05-15,0.0043722060035559784,0.0043722060035559784,0.003569830124657482,0.0008023758788984967,0.0008023758788984967,0.0,0.0,False,0.0,0.0,0.003569830124657482
2017-05-16,0.0005488696436864398,0.0005488696436864398,0.0014752895191610868,-0.000926419875474647,-0.000926419875474647,0.0,0.0,False,0.0,0.0,0.0014752895191610868
2017-05-17,-0.009673906664479287,-0.009673906664479287,-0.006923025221272387,-0.0027508814432069,-0.0027508814432069,0.0,0.0,False,0.0,0.0,-0.006923025221272387
2017-05-18,-0.0009416743126130298,-0.0009416743126130298,-8.944354020534381e-05,-0.000852230772407686,-0.000852230772407686,0.0,0.0,False,0.0,0.0,-8.944354020534381e-05
2017-05-19,0.00640985296975156,0.00640985296975156,0.006230425021916081,0.00017942794783547874,0.00017942794783547874,0.0,0.0,False,0.0,0.0,0.006230425021916081
2017-05-22,0.002874553950651947,0.002874553950651947,0.0016345782906440468,0.0012399756600079003,0.0012399756600079003,0.0,0.0,False,0.0,0.0,0.0016345782906440468
2017-05-23,0.00045754088138277166,0.00045754088138277166,-0.000376064021447228,0.0008336049028299997,0.0008336049028299997,0.0,0.0,False,0.0,0.0,-0.000376064021447228
2017-05-24,0.0022592384934928644,0.0022592384934928644,0.0021418483555596924,0.00011739013793317203,0.00011739013793317203,0.0,0.0,False,0.0,0.0,0.0021418483555596924
2017-05-25,0.0022386735359723377,0.0022386735359723377,0.0021423683013188175,9.630523465352023e-05,9.630523465352023e-05,0.0,0.0,False,0.0,0.0,0.0021423683013188175
2017-05-26,0.0008182010926104893,0.0008182010926104893,0.0001786756210807092,0.0006395254715297801,0.0006395254715297801,0.0,0.0,False,0.0,0.0,0.0001786756210807092
2017-05-30,-0.0004897948749357126,-0.0004897948749357126,-0.00025135180111777094,-0.0002384430738179417,-0.0002384430738179417,0.0,0.0,False,0.0,0.0,-0.00025135180111777094
2017-05-31,-0.0012214109423906328,-0.0012214109423906328,-0.0003334802770902655,-0.0008879306653003673,-0.0008879306653003673,0.0,0.0,False,0.0,0.0,-0.0003334802770902655
2017-06-01,0.009158475802189677,0.008879202349223457,0.005109523544836913,0.0037696788043865437,0.004048952257352764,0.27927345296621997,0.00027927345296621995,True,0.004233867374862407,4.233867374862407e-06,0.005105289677462051
2017-06-02,0.0032791710551237307,0.0032791710551237307,0.0056447152565791865,-0.002365544201455456,-0.002365544201455456,0.0,0.0,False,0.0,0.0,0.0056447152565791865
2017-06-05,-0.0023825857628672477,-0.0023825857628672477,-0.0025521491769674577,0.00016956341410021003,0.00016956341410021003,0.0,0.0,False,0.0,0.0,-0.0025521491769674577
2017-06-06,-0.0018653860822185257,-0.0018653860822185257,-5.311770022117427e-05,-0.0018122683819973514,-0.0018122683819973514,0.0,0.0,False,0.0,0.0,-5.311770022117427e-05
2017-06-07,0.00017323958606332217,0.00017323958606332217,-0.00026939966358039563,0.0004426392496437178,0.0004426392496437178,0.0,0.0,False,0.0,0.0,-0.00026939966358039563
2017-06-08,0.004242455131381345,0.004242455131381345,0.0004637584093249382,0.0037786967220564066,0.0037786967220564066,0.0,0.0,False,0.0,0.0,0.0004637584093249382
2017-06-09,0.0011889724086737198,0.0011889724086737198,-0.001933366950771534,0.003122339359445254,0.003122339359445254,0.0,0.0,False,0.0,0.0,-0.001933366950771534
2017-06-12,5.90591639707516e-05,5.90591639707516e-05,-0.0012559986144893595,0.0013150577784601112,0.0013150577784601112,0.0,0.0,False,0.0,0.0,-0.0012559986144893595
2017-06-13,0.0037964759074202575,0.0037964759074202575,0.0036128593900530957,0.00018361651736716186,0.00018361651736716186,0.0,0.0,False,0.0,0.0,0.0036128593900530957
2017-06-14,-0.0019301407422161582,-0.0019301407422161582,0.001995468127360511,-0.003925608869576669,-0.003925608869576669,0.0,0.0,False,0.0,0.0,0.001995468127360511
2017-06-15,-0.0034941050093671407,-0.0034941050093671407,-0.0042111372831312496,0.0007170322737641089,0.0007170322737641089,0.0,0.0,False,0.0,0.0,-0.0042111372831312496
2017-06-16,-0.0011962457744888768,-0.0011962457744888768,0.001706081076326884,-0.002902326850815761,-0.002902326850815761,0.0,0.0,False,0.0,0.0,0.001706081076326884
2017-06-19,0.0060346037478952305,0.0060346037478952305,0.0036616507740207613,0.002372952973874469,0.002372952973874469,0.0,0.0,False,0.0,0.0,0.0036616507740207613
2017-06-20,-0.006382193413397604,-0.006382193413397604,-0.0035803533983738015,-0.0028018400150238024,-0.0028018400150238024,0.0,0.0,False,0.0,0.0,-0.0035803533983738015
2017-06-21,-0.002780946678157535,-0.002780946678157535,-7.253017312307708e-06,-0.0027736936608452273,-0.0027736936608452273,0.0,0.0,False,0.0,0.0,-7.253017312307708e-06
2017-06-22,0.0018740721044965584,0.0018740721044965584,0.0009625925826716139,0.0009114795218249445,0.0009114795218249445,0.0,0.0,False,0.0,0.0,0.0009625925826716139
2017-06-23,0.0037172524279353385,0.0037172524279353385,0.0016999776235941842,0.0020172748043411543,0.0020172748043411543,0.0,0.0,False,0.0,0.0,0.0016999776235941842
2017-06-26,0.0010819195278139369,0.0010819195278139369,0.0021046607597721,-0.001022741231958163,-0.001022741231958163,0.0,0.0,False,0.0,0.0,0.0021046607597721
2017-06-27,-0.006497829768870693,-0.006497829768870693,-0.0062668488575208315,-0.00023098091134986145,-0.00023098091134986145,0.0,0.0,False,0.0,0.0,-0.0062668488575208315
2017-06-28,0.008881756527069736,0.008881756527069736,0.005348040521312696,0.00353371600575704,0.00353371600575704,0.0,0.0,False,0.0,0.0,0.005348040521312696
2017-06-29,-0.005672337887890858,-0.005672337887890858,-0.007319511601485012,0.0016471737135941543,0.0016471737135941543,0.0,0.0,False,0.0,0.0,-0.007319511601485012
2017-06-30,0.0010104631968628338,0.0010104631968628338,0.0003265768840828877,0.0006838863127799461,0.0006838863127799461,0.0,0.0,False,0.0,0.0,0.0003265768840828877
2017-07-03,3.750261740437263e-05,-0.00024176844841503902,0.00010315752229058674,-0.00034492597070562574,-6.565490488621411e-05,0.27927106581941163,0.00027927106581941165,True,0.002376515167595381,2.3765151675953813e-06,0.00010078100712299136
2017-07-05,0.0006161693729417818,0.0006161693729417818,0.0007324221250564027,-0.00011625275211462087,-0.00011625275211462087,0.0,0.0,False,0.0,0.0,0.0007324221250564027
2017-07-06,-0.005343122524540736,-0.005343122524540736,-0.006455263730148672,0.0011121412056079357,0.0011121412056079357,0.0,0.0,False,0.0,0.0,-0.006455263730148672
2017-07-07,0.001974766143078804,0.001974766143078804,0.0019028199804901418,7.19461625886624e-05,7.19461625886624e-05,0.0,0.0,False,0.0,0.0,0.0019028199804901418
2017-07-10,0.0014398662366818054,0.0014398662366818054,0.002007869540513169,-0.0005680033038313638,-0.0005680033038313638,0.0,0.0,False,0.0,0.0,0.002007869540513169
2017-07-11,8.189175780846597e-05,8.189175780846597e-05,0.0015015396872885252,-0.0014196479294800593,-0.0014196479294800593,0.0,0.0,False,0.0,0.0,0.0015015396872885252
2017-07-12,0.007089959170354675,0.007089959170354675,0.007382175770667706,-0.0002922166003130316,-0.0002922166003130316,0.0,0.0,False,0.0,0.0,0.007382175770667706
2017-07-13,0.0014532753417344502,0.0014532753417344502,0.0007097413597596519,0.0007435339819747982,0.0007435339819747982,0.0,0.0,False,0.0,0.0,0.0007097413597596519
2017-07-14,0.0044269793501981475,0.0044269793501981475,0.004518785117832408,-9.180576763426034e-05,-9.180576763426034e-05,0.0,0.0,False,0.0,0.0,0.004518785117832408
2017-07-17,-0.0003286522255222174,-0.0003286522255222174,-0.00018197769941486798,-0.00014667452610734943,-0.00014667452610734943,0.0,0.0,False,0.0,0.0,-0.00018197769941486798
2017-07-18,0.0008016144109620533,0.0008016144109620533,0.0022680066756997496,-0.0014663922647376961,-0.0014663922647376961,0.0,0.0,False,0.0,0.0,0.0022680066756997496
2017-07-19,0.0035516165024584126,0.0035516165024584126,0.003607216964763587,-5.5600462305174445e-05,-5.5600462305174445e-05,0.0,0.0,False,0.0,0.0,0.003607216964763587
2017-07-20,0.001373733675616574,0.001373733675616574,0.0009919854813982359,0.00038174819421833814,0.00038174819421833814,0.0,0.0,False,0.0,0.0,0.0009919854813982359
2017-07-21,-0.0013971496975572935,-0.0013971496975572935,-0.00025157746194649755,-0.001145572235610796,-0.001145572235610796,0.0,0.0,False,0.0,0.0,-0.00025157746194649755
2017-07-24,-0.0005172724972678912,-0.0005172724972678912,-0.0005943936048421387,7.712110757424756e-05,7.712110757424756e-05,0.0,0.0,False,0.0,0.0,-0.0005943936048421387
2017-07-25,0.0010210230363543469,0.0010210230363543469,-0.0015020412418186556,0.002523064278173002,0.002523064278173002,0.0,0.0,False,0.0,0.0,-0.0015020412418186556
2017-07-26,0.0021590622891902887,0.0021590622891902887,0.002712800083459149,-0.0005537377942688602,-0.0005537377942688602,0.0,0.0,False,0.0,0.0,0.002712800083459149
2017-07-27,-0.0013054670114226263,-0.0013054670114226263,-0.0024251394213711673,0.001119672409948541,0.001119672409948541,0.0,0.0,False,0.0,0.0,-0.0024251394213711673
2017-07-28,2.040480018801593e-05,2.040480018801593e-05,0.0006364283038130926,-0.0006160235036250767,-0.0006160235036250767,0.0,0.0,False,0.0,0.0,0.0006364283038130926
2017-07-31,0.00028778045574219264,0.00028778045574219264,0.00022129655031893146,6.648390542326118e-05,6.648390542326118e-05,0.0,0.0,False,0.0,0.0,0.00022129655031893146
2017-08-01,0.0025203083991528976,0.0024364593065936825,0.00328195446844256,-0.0008454951618488775,-0.0007616460692896625,0.083849092559215,8.3849092559215e-05,True,0.005981339232789311,5.981339232789311e-06,0.0032759731292097707
2017-08-02,0.00010055872969878911,0.00010055872969878911,-0.0006363377400672096,0.0007368964697659987,0.0007368964697659987,0.0,0.0,False,0.0,0.0,-0.0006363377400672096
2017-08-03,-0.0010573311800109516,-0.0010573311800109516,0.0002729945188749371,-0.0013303256988858887,-0.0013303256988858887,0.0,0.0,False,0.0,0.0,0.0002729945188749371
2017-08-04,0.000386932021817297,0.000386932021817297,-0.00020475355419131535,0.0005916855760086123,0.0005916855760086123,0.0,0.0,False,0.0,0.0,-0.00020475355419131535
2017-08-07,0.0005995700337607685,0.0005995700337607685,0.0015946185735757905,-0.000995048539815022,-0.000995048539815022,0.0,0.0,False,0.0,0.0,0.0015946185735757905
2017-08-08,-0.003890102422006862,-0.003890102422006862,-0.0027398224632423423,-0.0011502799587645197,-0.0011502799587645197,0.0,0.0,False,0.0,0.0,-0.0027398224632423423
2017-08-09,-0.0014841169442733919,-0.0014841169442733919,-0.0009305077158181666,-0.0005536092284552253,-0.0005536092284552253,0.0,0.0,False,0.0,0.0,-0.0009305077158181666
2017-08-10,-0.009507758050570978,-0.009507758050570978,-0.008498960015977525,-0.001008798034593453,-0.001008798034593453,0.0,0.0,False,0.0,0.0,-0.008498960015977525
2017-08-11,0.001084833692225518,0.001084833692225518,0.0009978023717196667,8.703132050585124e-05,8.703132050585124e-05,0.0,0.0,False,0.0,0.0,0.0009978023717196667
2017-08-14,0.0063772661218271095,0.0063772661218271095,0.004938457986745897,0.0014388081350812125,0.0014388081350812125,0.0,0.0,False,0.0,0.0,0.004938457986745897
2017-08-15,-0.0002069269996130203,-0.0002069269996130203,-0.0014278321506501059,0.0012209051510370856,0.0012209051510370856,0.0,0.0,False,0.0,0.0,-0.0014278321506501059
2017-08-16,0.0019620883060222677,0.0019620883060222677,0.0034104706229447267,-0.001448382316922459,-0.001448382316922459,0.0,0.0,False,0.0,0.0,0.0034104706229447267
2017-08-17,-0.009080152264319751,-0.009080152264319751,-0.007285553427831435,-0.0017945988364883158,-0.0017945988364883158,0.0,0.0,False,0.0,0.0,-0.007285553427831435
2017-08-18,0.0003160764323899327,0.0003160764323899327,0.0007137616580066349,-0.0003976852256167022,-0.0003976852256167022,0.0,0.0,False,0.0,0.0,0.0007137616580066349
2017-08-21,0.0007841200514001044,0.0007841200514001044,0.0009940080594879014,-0.00020988800808779701,-0.00020988800808779701,0.0,0.0,False,0.0,0.0,0.0009940080594879014
2017-08-22,0.005715216837276341,0.005715216837276341,0.004725334581741999,0.000989882255534342,0.000989882255534342,0.0,0.0,False,0.0,0.0,0.004725334581741999
2017-08-23,-0.0006552501172202235,-0.0006552501172202235,0.000967420385212506,-0.0016226705024327294,-0.0016226705024327294,0.0,0.0,False,0.0,0.0,0.000967420385212506
2017-08-24,-0.0009255574855240106,-0.0009255574855240106,-0.0013552205077409082,0.00042966302221689764,0.00042966302221689764,0.0,0.0,False,0.0,0.0,-0.0013552205077409082
2017-08-25,0.0027412650020923546,0.0027412650020923546,0.003208001035342511,-0.00046673603325015625,-0.00046673603325015625,0.0,0.0,False,0.0,0.0,0.003208001035342511
2017-08-28,5.38688833783746e-05,5.38688833783746e-05,6.970770200067782e-06,4.689811317830682e-05,4.689811317830682e-05,0.0,0.0,False,0.0,0.0,6.970770200067782e-06
2017-08-29,-0.0005813127583412486,-0.0005813127583412486,0.00030884122091451045,-0.000890153979255759,-0.000890153979255759,0.0,0.0,False,0.0,0.0,0.00030884122091451045
2017-08-30,0.002507059268135678,0.002507059268135678,0.00161485942598289,0.000892199842152788,0.000892199842152788,0.0,0.0,False,0.0,0.0,0.00161485942598289
2017-08-31,0.004520813991497983,0.004520813991497983,0.00429886502919441,0.00022194896230357322,0.00022194896230357322,0.0,0.0,False,0.0,0.0,0.00429886502919441
2017-09-01,0.0012523768827725024,0.0010614516271777858,8.049035159017907e-05,0.0009809612755876068,0.0011718865311823234,0.19092525559471657,0.00019092525559471655,True,0.004079558848254141,4.079558848254141e-06,7.641079274192493e-05
2017-09-05,-0.005298723969048512,-0.005298723969048512,-0.0018634392720057046,-0.003435284697042808,-0.003435284697042808,0.0,0.0,False,0.0,0.0,-0.0018634392720057046
2017-09-06,0.0029370468417583657,0.0029370468417583657,0.0013683990134836918,0.001568647828274674,0.001568647828274674,0.0,0.0,False,0.0,0.0,0.0013683990134836918
2017-09-07,0.002884164829702198,0.002884164829702198,0.0037731360621121902,-0.0008889712324099924,-0.0008889712324099924,0.0,0.0,False,0.0,0.0,0.0037731360621121902
2017-09-08,-0.0014076625065482951,-0.0014076625065482951,-0.0016562784703849556,0.00024861596383666043,0.00024861596383666043,0.0,0.0,False,0.0,0.0,-0.0016562784703849556
2017-09-11,0.0070693509659270895,0.0070693509659270895,0.004022570037624463,0.0030467809283026264,0.0030467809283026264,0.0,0.0,False,0.0,0.0,0.004022570037624463
2017-09-12,0.0025342617561342506,0.0025342617561342506,0.0007767223068402128,0.0017575394492940378,0.0017575394492940378,0.0,0.0,False,0.0,0.0,0.0007767223068402128
2017-09-13,-0.0016547334238057375,-0.0016547334238057375,-0.0018087347879017775,0.00015400136409603996,0.00015400136409603996,0.0,0.0,False,0.0,0.0,-0.0018087347879017775
2017-09-14,0.0009985415561528375,0.0009985415561528375,0.001000190099884619,-1.6485437317815318e-06,-1.6485437317815318e-06,0.0,0.0,False,0.0,0.0,0.001000190099884619
2017-09-15,0.001029744500089998,0.001029744500089998,0.0017265194790368529,-0.0006967749789468548,-0.0006967749789468548,0.0,0.0,False,0.0,0.0,0.0017265194790368529
2017-09-18,0.0009480784958350995,0.0009480784958350995,0.0003375477477846597,0.0006105307480504398,0.0006105307480504398,0.0,0.0,False,0.0,0.0,0.0003375477477846597
2017-09-19,0.00230946300500035,0.00230946300500035,0.0009806667296194552,0.0013287962753808947,0.0013287962753808947,0.0,0.0,False,0.0,0.0,0.0009806667296194552
2017-09-20,-0.0007052240533280086,-0.0007052240533280086,-0.00106028983325105,0.0003550657799230414,0.0003550657799230414,0.0,0.0,False,0.0,0.0,-0.00106028983325105
2017-09-21,-0.0019595062792387326,-0.0019595062792387326,-0.0014588430357623653,-0.0005006632434763673,-0.0005006632434763673,0.0,0.0,False,0.0,0.0,-0.0014588430357623653
2017-09-22,0.0015000048162210472,0.0015000048162210472,0.0008549755626757868,0.0006450292535452604,0.0006450292535452604,0.0,0.0,False,0.0,0.0,0.0008549755626757868
2017-09-25,-0.0024326783476277818,-0.0024326783476277818,-0.001671955471382747,-0.0007607228762450348,-0.0007607228762450348,0.0,0.0,False,0.0,0.0,-0.001671955471382747
2017-09-26,-0.0001641756828479497,-0.0001641756828479497,-0.0005350305414728591,0.0003708548586249094,0.0003708548586249094,0.0,0.0,False,0.0,0.0,-0.0005350305414728591
2017-09-27,0.0015863017785858787,0.0015863017785858787,-0.0003928750246720217,0.0019791768032579003,0.0019791768032579003,0.0,0.0,False,0.0,0.0,-0.0003928750246720217
2017-09-28,0.0012923241697366335,0.0012923241697366335,0.0008787752655172259,0.0004135489042194076,0.0004135489042194076,0.0,0.0,False,0.0,0.0,0.0008787752655172259
2017-09-29,0.003634227990951538,0.003634227990951538,0.003219978645443812,0.00041424934550772594,0.00041424934550772594,0.0,0.0,False,0.0,0.0,0.003219978645443812
2017-10-02,0.0008165523894021158,0.0008129691645030519,0.001627789458993517,-0.0008148202944904651,-0.0008112370695914011,0.0035832248990639443,3.5832248990639443e-06,True,0.008379503344722903,8.379503344722902e-06,0.001619409955648794
2017-10-03,0.002452125557912485,0.002452125557912485,0.0035038680705436528,-0.0010517425126311676,-0.0010517425126311676,0.0,0.0,False,0.0,0.0,0.0035038680705436528
2017-10-04,-0.0006606236411830907,-0.0006606236411830907,-0.00024872167389612806,-0.00041190196728696266,-0.00041190196728696266,0.0,0.0,False,0.0,0.0,-0.00024872167389612806
2017-10-05,0.0020172028559819312,0.0020172028559819312,0.0019845580844869604,3.264477149497085e-05,3.264477149497085e-05,0.0,0.0,False,0.0,0.0,0.0019845580844869604
2017-10-06,-0.0011116547272995974,-0.0011116547272995974,-0.001538560331750456,0.0004269056044508585,0.0004269056044508585,0.0,0.0,False,0.0,0.0,-0.001538560331750456
2017-10-09,-0.0003583030139663995,-0.0003583030139663995,-0.0002262381647918356,-0.0001320648491745639,-0.0001320648491745639,0.0,0.0,False,0.0,0.0,-0.0002262381647918356
2017-10-10,0.004385757805101384,0.004385757805101384,0.0036095237822904207,0.000776234022810963,0.000776234022810963,0.0,0.0,False,0.0,0.0,0.0036095237822904207
2017-10-11,0.000982473218402614,0.000982473218402614,0.0015158129116614523,-0.0005333396932588384,-0.0005333396932588384,0.0,0.0,False,0.0,0.0,0.0015158129116614523
2017-10-12,-0.0011464716223844888,-0.0011464716223844888,-0.00022648995785522875,-0.00091998166452926,-0.00091998166452926,0.0,0.0,False,0.0,0.0,-0.00022648995785522875
2017-10-13,0.0023511829654965875,0.0023511829654965875,0.0036026904851842482,-0.0012515075196876608,-0.0012515075196876608,0.0,0.0,False,0.0,0.0,0.0036026904851842482
2017-10-16,0.0003450063093011981,0.0003450063093011981,-0.0003945078925409229,0.0007395142018421211,0.0007395142018421211,0.0,0.0,False,0.0,0.0,-0.0003945078925409229
2017-10-17,-0.00018829837935092875,-0.00018829837935092875,-0.000884074417019941,0.0006957760376690123,0.0006957760376690123,0.0,0.0,False,0.0,0.0,-0.000884074417019941
2017-10-18,0.0016604836167794068,0.0016604836167794068,0.0001554164328782954,0.0015050671839011115,0.0015050671839011115,0.0,0.0,False,0.0,0.0,0.0001554164328782954
2017-10-19,-0.00043396318869882376,-0.00043396318869882376,-0.0006237311590387427,0.0001897679703399189,0.0001897679703399189,0.0,0.0,False,0.0,0.0,-0.0006237311590387427
2017-10-20,0.0014168793049924434,0.0014168793049924434,0.000217841411681131,0.0011990378933113125,0.0011990378933113125,0.0,0.0,False,0.0,0.0,0.000217841411681131
2017-10-23,-0.0023270432130318612,-0.0023270432130318612,-0.0022733572995950048,-5.3685913436856466e-05,-5.3685913436856466e-05,0.0,0.0,False,0.0,0.0,-0.0022733572995950048
2017-10-24,0.0010884319761977125,0.0010884319761977125,-0.00039637191033783454,0.001484803886535547,0.001484803886535547,0.0,0.0,False,0.0,0.0,-0.00039637191033783454
2017-10-25,-0.003842947732461127,-0.003842947732461127,-0.003494630406292051,-0.000348317326169076,-0.000348317326169076,0.0,0.0,False,0.0,0.0,-0.003494630406292051
2017-10-26,-9.206067107027968e-05,-9.206067107027968e-05,-0.0006516480175061943,0.0005595873464359146,0.0005595873464359146,0.0,0.0,False,0.0,0.0,-0.0006516480175061943
2017-10-27,0.004232800348450866,0.004232800348450866,0.006046034999107138,-0.0018132346506562714,-0.0018132346506562714,0.0,0.0,False,0.0,0.0,0.006046034999107138
2017-10-30,-0.00040323349914643997,-0.00040323349914643997,-0.00028812215375362943,-0.00011511134539281053,-0.00011511134539281053,0.0,0.0,False,0.0,0.0,-0.00028812215375362943
2017-10-31,0.002016552201098205,0.002016552201098205,0.0020773501445516727,-6.0797943453467715e-05,-6.0797943453467715e-05,0.0,0.0,False,0.0,0.0,0.0020773501445516727
2017-11-01,-0.0006334077578836639,-0.0009140265743130172,0.0013150189126938717,-0.002229045487006889,-0.0019484266705775356,0.2806188164293533,0.0002806188164293533,True,0.005576813618528267,5.576813618528267e-06,0.0013094420990753435
2017-11-02,0.0012455769735720068,0.0012455769735720068,0.0013050788765513787,-5.950190297937183e-05,-5.950190297937183e-05,0.0,0.0,False,0.0,0.0,0.0013050788765513787
2017-11-03,-0.0003628174872867372,-0.0003628174872867372,0.0008435982739016988,-0.001206415761188436,-0.001206415761188436,0.0,0.0,False,0.0,0.0,0.0008435982739016988
2017-11-06,0.0007689890897217331,0.0007689890897217331,0.0023262230621327678,-0.0015572339724110348,-0.0015572339724110348,0.0,0.0,False,0.0,0.0,0.0023262230621327678
2017-11-07,-0.004054089819381643,-0.004054089819381643,-0.0018391824171052216,-0.002214907402276421,-0.002214907402276421,0.0,0.0,False,0.0,0.0,-0.0018391824171052216
2017-11-08,-0.00035664632085847517,-0.00035664632085847517,0.0009904969148063344,-0.0013471432356648096,-0.0013471432356648096,0.0,0.0,False,0.0,0.0,0.0009904969148063344
2017-11-09,-0.004667072442023005,-0.004667072442023005,-0.003360157679811106,-0.0013069147622118992,-0.0013069147622118992,0.0,0.0,False,0.0,0.0,-0.003360157679811106
2017-11-10,-0.001116653095377628,-0.001116653095377628,-0.003606376962818541,0.002489723867440913,0.002489723867440913,0.0,0.0,False,0.0,0.0,-0.003606376962818541
2017-11-13,-0.001628907688333728,-0.001628907688333728,-0.000513483437139706,-0.001115424251194022,-0.001115424251194022,0.0,0.0,False,0.0,0.0,-0.000513483437139706
2017-11-14,-0.0021301303645909707,-0.0021301303645909707,-0.0009554306978026186,-0.0011746996667883521,-0.0011746996667883521,0.0,0.0,False,0.0,0.0,-0.0009554306978026186
2017-11-15,-0.0017387158268580057,-0.0017387158268580057,-0.0010347718929540279,-0.0007039439339039779,-0.0007039439339039779,0.0,0.0,False,0.0,0.0,-0.0010347718929540279
2017-11-16,0.008255026619536391,0.008255026619536391,0.0053961679391466115,0.00285885868038978,0.00285885868038978,0.0,0.0,False,0.0,0.0,0.0053961679391466115
2017-11-17,-0.0007751190536128333,-0.0007751190536128333,0.00012425995887106799,-0.0008993790124839012,-0.0008993790124839012,0.0,0.0,False,0.0,0.0,0.00012425995887106799
2017-11-20,0.0018739694498446054,0.0018739694498446054,0.0013745461679387644,0.000499423281905841,0.000499423281905841,0.0,0.0,False,0.0,0.0,0.0013745461679387644
2017-11-21,0.00540180251662583,0.00540180251662583,0.005657843027209291,-0.0002560405105834617,-0.0002560405105834617,0.0,0.0,False,0.0,0.0,0.005657843027209291
2017-11-22,0.0018520756881010942,0.0018520756881010942,0.0017099152176841283,0.00014216047041696591,0.00014216047041696591,0.0,0.0,False,0.0,0.0,0.0017099152176841283
2017-11-24,0.0030456532155318725,0.0030456532155318725,0.0012352726231053641,0.0018103805924265083,0.0018103805924265083,0.0,0.0,False,0.0,0.0,0.0012352726231053641
2017-11-27,-0.0036790855438958636,-0.0036790855438958636,-0.002720490316035072,-0.0009585952278607915,-0.0009585952278607915,0.0,0.0,False,0.0,0.0,-0.002720490316035072
2017-11-28,0.005681346141539586,0.005681346141539586,0.005761713328424921,-8.036718688533492e-05,-8.036718688533492e-05,0.0,0.0,False,0.0,0.0,0.005761713328424921
2017-11-29,-0.0019364365107218669,-0.0019364365107218669,-0.003925330403366279,0.001988893892644412,0.001988893892644412,0.0,0.0,False,0.0,0.0,-0.003925330403366279
2017-11-30,0.0007329899900772965,0.0007329899900772965,0.0008518644204651938,-0.00011887443038789735,-0.00011887443038789735,0.0,0.0,False,0.0,0.0,0.0008518644204651938
2017-12-01,-0.0014094088184783704,-0.0015493824199603369,-0.00011340278954784515,-0.0014359796304124917,-0.0012960060289305252,0.13997360148196641,0.00013997360148196642,True,0.006746972295844162,6.7469722958441614e-06,-0.00012014976184368931
2017-12-04,-0.0013420409696717176,-0.0013420409696717176,-0.0007212629333803696,-0.000620778036291348,-0.000620778036291348,0.0,0.0,False,0.0,0.0,-0.0007212629333803696
2017-12-05,-0.0012585550425753575,-0.0012585550425753575,-0.001266692179098714,8.137136523356497e-06,8.137136523356497e-06,0.0,0.0,False,0.0,0.0,-0.001266692179098714
2017-12-06,-0.0007245524511401466,-0.0007245524511401466,-0.0009410239582561525,0.00021647150711600596,0.00021647150711600596,0.0,0.0,False,0.0,0.0,-0.0009410239582561525
2017-12-07,0.0012869148573999918,0.0012869148573999918,0.0008915890567341824,0.00039532580066580945,0.00039532580066580945,0.0,0.0,False,0.0,0.0,0.0008915890567341824
2017-12-08,0.002912345990377969,0.002912345990377969,0.0032893279980823224,-0.0003769820077043533,-0.0003769820077043533,0.0,0.0,False,0.0,0.0,0.0032893279980823224
2017-12-11,0.0015674502019166483,0.0015674502019166483,0.0016436227843809126,-7.617258246426432e-05,-7.617258246426432e-05,0.0,0.0,False,0.0,0.0,0.0016436227843809126
2017-12-12,0.00046736142796814726,0.00046736142796814726,-0.00040238602855831583,0.000869747456526463,0.000869747456526463,0.0,0.0,False,0.0,0.0,-0.00040238602855831583
2017-12-13,0.002015733315197376,0.002015733315197376,0.0037397511490262878,-0.0017240178338289117,-0.0017240178338289117,0.0,0.0,False,0.0,0.0,0.0037397511490262878
2017-12-14,-0.0030592109268039605,-0.0030592109268039605,-0.0029201030889955248,-0.00013910783780843577,-0.00013910783780843577,0.0,0.0,False,0.0,0.0,-0.0029201030889955248
2017-12-15,0.0014730206017445498,0.0014730206017445498,0.003729126591400876,-0.002256105989656326,-0.002256105989656326,0.0,0.0,False,0.0,0.0,0.003729126591400876
2017-12-18,0.005100927466883225,0.005100927466883225,0.004096641853973284,0.0010042856129099404,0.0010042856129099404,0.0,0.0,False,0.0,0.0,0.004096641853973284
2017-12-19,-0.003340079408517322,-0.003340079408517322,-0.004948136291079686,0.001608056882562364,0.001608056882562364,0.0,0.0,False,0.0,0.0,-0.004948136291079686
2017-12-20,-0.0007796840914494174,-0.0007796840914494174,-0.0017215267424579364,0.000941842651008519,0.000941842651008519,0.0,0.0,False,0.0,0.0,-0.0017215267424579364
2017-12-21,0.002332046857587782,0.002332046857587782,0.002868096808311289,-0.0005360499507235071,-0.0005360499507235071,0.0,0.0,False,0.0,0.0,0.002868096808311289
2017-12-22,0.001285571844155958,0.001285571844155958,0.0013238021660310247,-3.823032187506674e-05,-3.823032187506674e-05,0.0,0.0,False,0.0,0.0,0.0013238021660310247
2017-12-26,0.0004111972407165652,0.0004111972407165652,-4.1622747824587956e-05,0.00045281998854115315,0.00045281998854115315,0.0,0.0,False,0.0,0.0,-4.1622747824587956e-05
2017-12-27,0.0016653897517052735,0.0016653897517052735,0.002964332099214875,-0.0012989423475096016,-0.0012989423475096016,0.0,0.0,False,0.0,0.0,0.002964332099214875
2017-12-28,0.00027891824143484213,0.00027891824143484213,0.0012082928120689426,-0.0009293745706341005,-0.0009293745706341005,0.0,0.0,False,0.0,0.0,0.0012082928120689426
2017-12-29,0.00034566764767589753,0.00034566764767589753,-0.00036414903759507443,0.000709816685270972,0.000709816685270972,0.0,0.0,False,0.0,0.0,-0.00036414903759507443
