,SPY,IWM,EFA,EEM,IEF,TLT,LQD,HYG,GLD,VNQ
2011-01-03,0.3000000000119623,0.19999999996338327,0.0,1.533816660375946e-11,0.34999999991158515,1.1261363021890287e-11,0.15000000002235633,1.0276768902169313e-11,5.1037885882412295e-11,2.7988267740030925e-12
2011-01-04,0.30127062514250447,0.20224740095829885,0.0,1.5392722729089392e-11,0.346810688254157,1.110890377319303e-11,0.1496712855550155,1.0222614215485425e-11,5.0466301896155344e-11,2.8336722541748917e-12
2011-01-05,0.30175515189560687,0.19967979587266715,0.0,1.5496543045390136e-11,0.3483773870825653,1.1146022497352091e-11,0.15018766506005715,1.029118770751044e-11,4.938425896520224e-11,2.785415303974916e-12
2011-01-06,0.30361029394903805,0.2022133349884548,0.0,1.5472667313667364e-11,0.34495004951623015,1.0910813003271039e-11,0.1492263214574767,1.0327016326638225e-11,4.929153741861522e-11,2.798126941213485e-12
2011-01-07,0.30287385889612234,0.20117608328246622,0.0,1.5301786528947756e-11,0.3465730354890037,1.0953400453587376e-11,0.14937702224397673,1.0334658951393241e-11,4.907048296204871e-11,2.7706236786742126e-12
2011-01-10,0.301880256676069,0.1997655505158445,0.0,1.5140585568678112e-11,0.3484173596215157,1.0997285207339906e-11,0.1499368330984694,1.0281368259059846e-11,4.8914122868524764e-11,2.7679697557670017e-12
2011-01-11,0.30083400802803434,0.2004663596123591,0.0,1.4950461529205662e-11,0.3488330114577658,1.1032387649078501e-11,0.14986662081384253,1.0250727557686494e-11,4.900332316260033e-11,2.761352339403949e-12
2011-01-12,0.30176765973126457,0.20119040834497545,0.0,1.5103695384463802e-11,0.3473098542457914,1.0965779173635019e-11,0.14973207758958887,1.028577031233287e-11,4.927033127991153e-11,2.7541183147288675e-12
2011-01-13,0.3034734476654349,0.20223784152767063,0.0,1.5355814401726516e-11,0.3451526737927158,1.0843912053504439e-11,0.14913603692564376,1.0272794682510893e-11,4.93058825757013e-11,2.7564173214664247e-12
2011-01-14,0.3022533685849922,0.20167855456145808,0.0,1.5185642384293714e-11,0.34664701469833964,1.0914820476533746e-11,0.1494210620674288,1.0245988231683655e-11,4.86759895031759e-11,2.7588063180583406e-12
2011-01-18,0.3038245047732221,0.20277934445167395,0.0,1.5199179247904354e-11,0.34498718814638957,1.0823106703552315e-11,0.1484089625415943,1.0241985471980411e-11,4.808424462149339e-11,2.7716200800692466e-12
2011-01-19,0.3044203496538339,0.2029829411654492,0.0,1.5180904456280708e-11,0.3442312534412583,1.0775224284524656e-11,0.14836545565209774,1.024351133924134e-11,4.836491615393354e-11,2.7962415442209134e-12
2011-01-20,0.30369027626179756,0.19924927002905973,0.0,1.5176233187693465e-11,0.34769485092548424,1.0934202562256798e-11,0.1493656026956469,1.0288513238667843e-11,4.883262414498879e-11,2.780032157479108e-12
2011-01-21,0.3050665613222414,0.19832527083608656,0.0,1.509809914868299e-11,0.3470155181138181,1.0846630445283878e-11,0.14959264964059066,1.0328392665485457e-11,4.8193389283850234e-11,2.7968439325194174e-12
2011-01-24,0.30553146867542685,0.19685264943590355,0.0,1.4929561619226097e-11,0.34791286226750795,1.0924570275273214e-11,0.14970301953405254,1.036278030400925e-11,4.8095394959761196e-11,2.796795838893564e-12
2011-01-25,0.30625915451584285,0.19765457212789678,0.0,1.499574933029135e-11,0.3468065850195997,1.0893426737179603e-11,0.14927968824993418,1.0343447373178901e-11,4.769222265851525e-11,2.801677866832141e-12
2011-01-26,0.30552158747136926,0.1973758486662591,0.0,1.4862152502700715e-11,0.34752242183852117,1.0964510986934008e-11,0.14958014193741234,1.032874657036986e-11,4.7456745047940337e-11,2.8259907136945536e-12
2011-01-27,0.3062813668569472,0.20024211601124553,0.0,1.4972356497503887e-11,0.3449380736890634,1.0783543426769596e-11,0.14853844335604796,1.033591091439035e-11,4.777744831109091e-11,2.8265988968714323e-12
2011-01-28,0.30615653680652954,0.20024798733204352,0.0,1.4878545252602973e-11,0.34523736747177125,1.0801035947580364e-11,0.14835810830432616,1.0319748843587751e-11,4.646716513022011e-11,2.8629031586667853e-12
2011-01-31,0.3033789002425811,0.1970204629936006,0.0,1.4531171213918436e-11,0.3497826765211564,1.0950457647179118e-11,0.1498179601562702,1.0345543238904932e-11,4.7724848053702315e-11,2.839540359373602e-12
2011-02-01,0.3033789002421541,0.29662109975679607,0.0,9.347723549442753e-12,0.049782676529144865,4.103209120601039e-12,0.14981796015699222,0.1003993633056821,0.09999999999375934,2.0203894082536595e-12
2011-02-02,0.3045235797567349,0.29981598265102466,0.0,9.45892408705769e-12,0.048954493871682006,4.03372222621064e-12,0.14781775947215153,0.09938497708450417,0.09950320714840916,2.000945184126241e-12
2011-02-03,0.3046330509138714,0.299367938692209,0.0,9.409735274967765e-12,0.04895006155291233,4.043798215736619e-12,0.14786592854200714,0.09972020758770671,0.09946281269583435,2.0054993686434893e-12
2011-02-04,0.30456992740421984,0.2996947199229508,0.0,9.374827840406667e-12,0.04855276559739675,4.0005537207706955e-12,0.14715136279273766,0.099478463033049,0.10055276123426433,2.0062234953930684e-12
2011-02-07,0.30523005300320233,0.30002268718476877,0.0,9.366621240968778e-12,0.04822136287995884,3.95736130339685e-12,0.14660251166015337,0.0998474852257269,0.10007590003087567,1.990246130886274e-12
2011-02-08,0.3055437497659491,0.3014171699439762,0.0,9.330015132671428e-12,0.04795006777388195,3.957207801557058e-12,0.14600467873081535,0.09951290095787171,0.09957143281221927,1.9993470914008726e-12
2011-02-09,0.3057492992241068,0.3023766857007332,0.0,9.298028136842087e-12,0.04743727688364373,3.9057383838349915e-12,0.14491263918848873,0.09923689450090957,0.10028720448691407,2.0002808791093983e-12
2011-02-10,0.30549684632924184,0.3014699699674247,0.0,9.097527836669875e-12,0.047776649430243505,3.94541515681174e-12,0.1460587429041229,0.09881892336309357,0.1003788679908262,2.0045468973998052e-12
2011-02-11,0.3054980990832726,0.3025497437276854,0.0,9.0082001176918e-12,0.0476024631753292,3.898407960146772e-12,0.14528445958313332,0.09888981032404304,0.10017542409161789,2.0121033913871473e-12
2011-02-14,0.3054976524933878,0.30401375892141996,0.0,9.063976095663535e-12,0.0475374477203186,3.931074422865266e-12,0.14521833752973695,0.09854930882013,0.09918349449999847,2.0132318728775064e-12
2011-02-15,0.3053320503207874,0.3046715746129485,0.0,8.991789062962873e-12,0.04741324277530794,3.92215230291814e-12,0.144885783428005,0.09833447312142783,0.09936287572660162,2.0076585885989954e-12
2011-02-16,0.3048878860677626,0.3034501932477744,0.0,9.024914420056795e-12,0.04760240234620049,3.946365389394914e-12,0.14545543611233425,0.0983088576520374,0.100295224558916,2.0035094172283533e-12
2011-02-17,0.30551378376537913,0.30459613222061943,0.0,9.061754276076467e-12,0.04733376226418663,3.916975031239646e-12,0.14466473454511167,0.09792431399156806,0.09996727319815686,1.9994696201962467e-12
2011-02-18,0.3050789058692081,0.30538377590436194,0.0,9.05336402339786e-12,0.047299940919000395,3.905835242879086e-12,0.1442956788697245,0.09771648083413992,0.10022521758861326,1.992719417889157e-12
2011-02-22,0.3051836434320621,0.3051822181615517,0.0,9.092600814480756e-12,0.047207486583535324,3.886888483546541e-12,0.14425828192921394,0.09784325387608432,0.10032511600257604,1.997076067936196e-12
2011-02-23,0.3030767583286623,0.30134180246515785,0.0,8.920276022181437e-12,0.04830349716017349,3.998092805162978e-12,0.14660218364608812,0.09834194425546759,0.10233381412952598,2.006332942881622e-12
2011-02-24,0.30313640258142993,0.2980362975007486,0.0,8.985196035878796e-12,0.04849161047552146,4.03821751410578e-12,0.14736058370054664,0.09906653480124021,0.10390857092548769,2.0021385640911734e-12
2011-02-25,0.30254014157031683,0.2995568362989471,0.0,8.995689151611387e-12,0.048554636896538196,4.058706179822664e-12,0.1473349090671348,0.09901525990827938,0.10299821624374504,1.9843350384709117e-12
2011-02-28,0.3021485696113365,0.30285852676154285,0.0,8.995716431049751e-12,0.04813336455806825,4.0341756559128595e-12,0.14627235141279368,0.09813940948907383,0.10244777815215592,1.9991339513529004e-12
2011-03-01,0.3499999997992204,0.1499999996482017,0.0,5.654914798052108e-10,0.0034396699534841404,0.0,0.14627235154844112,0.3500000000013155,0.0,0.00028797848384568665
2011-03-02,0.3474241594652244,0.1483838736925421,0.0,5.649884816933549e-10,0.0034762028796743957,0.0,0.14766057634388438,0.35277312552109275,0.0,0.00028206153259353775
2011-03-03,0.3478652104909815,0.14888041333252433,0.0,5.722206674902789e-10,0.003454937966474171,0.0,0.1467459396302283,0.352774252795077,0.0,0.0002792452124940964
2011-03-04,0.35035357450705684,0.15075658855347432,0.0,5.777781359176103e-10,0.003397501402522904,0.0,0.14467542689146026,0.3505364399766682,0.0,0.000280468091039327
2011-03-07,0.3489256229853803,0.1506177636451803,0.0,5.803858589021523e-10,0.0034336155782728785,0.0,0.14572590272677474,0.35101836061288555,0.0,0.0002787338711203268
2011-03-08,0.34810226256054266,0.1489713029790329,0.0,5.753852767936601e-10,0.0034440611713685777,0.0,0.14616657904718852,0.3530375531315525,0.0,0.00027824053492957423
2011-03-09,0.3494115590397341,0.1506475747927646,0.0,5.802165098431249e-10,0.0034188876544822954,0.0,0.1452550097763889,0.3509861966026063,0.0,0.0002807715538073193
2011-03-10,0.3493726023149276,0.15024287331954,0.0,5.821004999638823e-10,0.0034434262522039334,0.0,0.1462032742352828,0.3504569698954342,0.0,0.0002808534005110586
2011-03-11,0.3469117630043941,0.14809022742180666,0.0,5.714634127943568e-10,0.0035132701799739235,0.0,0.14851148183694785,0.35269347234245446,0.0,0.0002797846429597445
2011-03-14,0.3484183038443515,0.14809800956271588,0.0,5.75877248387209e-10,0.00349602599662129,0.0,0.14799429999920646,0.3517114666724793,0.0,0.0002818933487484218
2011-03-15,0.3477601453453144,0.14791871208644763,0.0,5.816733689461024e-10,0.00351850855558516,0.0,0.14877606835426338,0.351746333437196,0.0,0.0002802316395201912
2011-03-16,0.34624235268131703,0.14765371799947719,0.0,5.761037199867243e-10,0.0035566137771614386,0.0,0.14982999341325198,0.35243655800856133,0.0,0.00028076354412752506
2011-03-17,0.3429702539028649,0.14752763326157833,0.0,5.695470179428762e-10,0.0036200002889654193,0.0,0.15211697630599072,0.3534859584425601,0.0,0.00027917722849377455
2011-03-18,0.34455595020799334,0.14659148739569985,0.0,5.716698473332747e-10,0.0035782549208034156,0.0,0.15072753512326034,0.35426784662377003,0.0,0.00027892515680353025
2011-03-21,0.3440978397212271,0.14780049548535606,0.0,5.69848749880376e-10,0.0035582862126379575,0.0,0.15007766129474093,0.3541853743087166,0.0,0.0002803424074728748
2011-03-22,0.34582192240415743,0.14966137411522903,0.0,5.748116760715811e-10,0.0035032719402277594,0.0,0.14805267439535913,0.3526802975820574,0.0,0.00028045898815782605
2011-03-23,0.3451496365469012,0.14909742976067253,0.0,5.774395372251845e-10,0.003510497588941432,0.0,0.14855106297603662,0.35341228452947027,0.0,0.00027908802053872565
2011-03-24,0.3458183416751934,0.1494205172065393,0.0,5.845176346842114e-10,0.0035027812372091646,0.0,0.14831909143927563,0.3526634991616805,0.0,0.0002757686955846629
2011-03-25,0.34768574548559833,0.14983188016265103,0.0,5.888165872805545e-10,0.00347050943026251,0.0,0.14722042243264014,0.35151564881805647,0.0,0.00027579308197509715
2011-03-28,0.34796235442863716,0.15079642916111288,0.0,5.868698068627421e-10,0.003453418605484087,0.0,0.1466725885454113,0.3508378870585856,0.0,0.0002773216138994306
2011-03-29,0.3474646554782052,0.15061828302512512,0.0,5.844838593267448e-10,0.0034580192248589176,0.0,0.1468747917231052,0.35130698921994524,0.0,0.0002772607442766244
2011-03-30,0.3486783882817627,0.15154468267465795,0.0,5.892908112430045e-10,0.0034369559477449995,0.0,0.1456904937275897,0.35037199012519615,0.0,0.00027748865375779144
2011-03-31,0.3491946621983826,0.1526765741627081,0.0,5.936234603954077e-10,0.003430221186187905,0.0,0.14540173666094333,0.34901680316414097,0.0,0.00028000203401372674
2011-04-01,0.3499999999517517,0.14999999991516272,3.765013329258634e-11,0.0,2.453660338906084e-12,0.0,0.049999999733542154,0.3499999999260981,0.10000000004783255,3.8550898237003014e-10
2011-04-04,0.35095853595268506,0.15043659642170226,3.795112564658343e-11,0.0,2.455262997430789e-12,0.0,0.05016182478055673,0.3490620962579103,0.09938094616120777,3.855314920509131e-10
2011-04-05,0.3500783591769182,0.15027241717026762,3.787459128764109e-11,0.0,2.4526120089973784e-12,0.0,0.05011015392718842,0.35003379223206693,0.09950527706924683,3.8398473445491905e-10
2011-04-06,0.34933335904759366,0.15078937850464597,3.7706305969723676e-11,0.0,2.4354125855986715e-12,0.0,0.050038679589299084,0.34896069334126595,0.10087788909343542,3.8361815875592474e-10
2011-04-07,0.3496404707911483,0.1507832270466451,3.793135723107791e-11,0.0,2.4194080940749216e-12,0.0,0.049764332434159106,0.3489288972316654,0.10088307207308667,3.829445148146889e-10
2011-04-08,0.349250515041611,0.15009718896161178,3.779910077412726e-11,0.0,2.423135426955651e-12,0.0,0.0497619508801719,0.34977054980017935,0.10111979489696368,3.7923997556899326e-10
2011-04-11,0.3487396702357217,0.14881940785605058,3.818607347371629e-11,0.0,2.4208671525158964e-12,0.0,0.04983353958097476,0.3504682485830582,0.10213913332634489,3.772428637981422e-10
2011-04-12,0.3488906742485053,0.14799979263650556,3.8242946712569055e-11,0.0,2.432396616392651e-12,0.0,0.0500102829605871,0.3513350241567687,0.10176422557814897,3.788090340068428e-10
2011-04-13,0.3484479058558452,0.14697478463901553,3.8123385315160003e-11,0.0,2.4614127066618215e-12,0.0,0.05049997011511473,0.3524163194720154,0.10166101949690909,3.805153326547592e-10
2011-04-14,0.3476708602807954,0.1468545370798168,3.8154265940049716e-11,0.0,2.465652853523643e-12,0.0,0.05047951225975137,0.3533453495654641,0.10164974039445134,3.791010657446397e-10
2011-04-15,0.3476691419293841,0.14742004432093977,3.829447583928786e-11,0.0,2.4555548371155863e-12,0.0,0.05031546432714411,0.3516562074002984,0.10293914159719418,3.842894594382624e-10
2011-04-18,0.347391233730843,0.14832978260055524,3.8068537882650885e-11,0.0,2.4626005457088014e-12,0.0,0.05035607113328977,0.35055630502150953,0.10336660708575629,3.875150224201582e-10
2011-04-19,0.3458736827444414,0.14688777787655616,3.7545767269207444e-11,0.0,2.485742122610275e-12,0.0,0.05077427927651326,0.351751125282563,0.10471313439320587,3.866888190977668e-10
2011-04-20,0.3466956371694253,0.14643160677245248,3.7695819681550334e-11,0.0,2.4805919796897004e-12,0.0,0.05071095917643198,0.35179933546665515,0.10436246098643118,3.884274026621403e-10
2011-04-21,0.3481174004256915,0.14802115144436698,3.829137503879929e-11,0.0,2.447572274178049e-12,0.0,0.05025712182225966,0.3498193262105843,0.10378499966707577,3.892828884598084e-10
2011-04-25,0.34852827585814883,0.14853306295170016,3.8389094990821524e-11,0.0,2.4398314196766914e-12,0.0,0.050106489283318574,0.3492834818699154,0.1035486896057242,3.9036393833414987e-10
2011-04-26,0.3484403078027126,0.14845747792923575,3.841960442885394e-11,0.0,2.4503950308864035e-12,0.0,0.050196704608030995,0.34918272359502994,0.10372278563084143,3.9327928200023704e-10
2011-04-27,0.34963485107114234,0.1491665486981956,3.851798541857784e-11,0.0,2.448212688643672e-12,0.0,0.050171573019260604,0.34818088905001143,0.10284613772572929,3.946945049126182e-10
2011-04-28,0.3500555670426966,0.14926566261313046,3.87919737602337e-11,0.0,2.428278090234915e-12,0.0,0.04984261310266466,0.3465633270492651,0.10427282975551685,3.9550612696212403e-10
2011-04-29,0.3502822687899391,0.14955708122508854,3.895432267874988e-11,0.0,2.4312778961090847e-12,0.0,0.049871981843637045,0.34585340950168636,0.10443525819850956,3.997539350778106e-10
2011-05-02,0.3499999999748165,0.1499999998934952,0.0,3.2523028230421614e-11,3.219158926714052e-10,0.0,0.04999999972355504,0.34999999999557446,0.10000000005811985,0.0
2011-05-03,0.350737975676947,0.14878801199475994,0.0,3.264838131412251e-11,3.2299261153756987e-10,0.0,0.05029991441304684,0.3510997977695499,0.09907429979005529,0.0
2011-05-04,0.35068245461601855,0.14741294953271414,0.0,3.203391399558147e-11,3.2496745979521275e-10,0.0,0.0504506492301195,0.3523880089937916,0.09906593727035483,0.0
2011-05-05,0.35035201857621084,0.14634005185971163,0.0,3.1683695098694616e-11,3.2765913722907355e-10,0.0,0.05081317606921839,0.3542907558578925,0.09820399727762377,0.0
2011-05-06,0.3499658127691195,0.14683998820290048,0.0,3.16322602112305e-11,3.3192575368598717e-10,0.0,0.051396903268874035,0.35566036775686743,0.09613692763868048,0.0
2011-05-09,0.34963334277336244,0.14683122745165747,0.0,3.1872813716525034e-11,3.303258691070229e-10,0.0,0.05112230368756546,0.35557012827821743,0.09684299744699837,0.0
2011-05-10,0.3492541089331948,0.1478078515794482,0.0,3.177452754443086e-11,3.2917747826123987e-10,0.0,0.05092026521144943,0.3542737045100563,0.09774406940489906,0.0
2011-05-11,0.3500824976835339,0.14915405437607862,0.0,3.195269654075772e-11,3.2558720032220106e-10,0.0,0.05040369128756528,0.35287032787718453,0.09748942841809771,0.0
2011-05-12,0.3491166829056468,0.1475477646628419,0.0,3.1492375321226505e-11,3.293184808244162e-10,0.0,0.05088203594194929,0.35510243829917093,0.09735107782958005,0.0
2011-05-13,0.3496522500526584,0.14837028713814573,0.0,3.1483130657655886e-11,3.27536783594645e-10,0.0,0.05059947348048167,0.35430642949584956,0.09707155947384462,0.0
2011-05-16,0.3492997936369754,0.14728960585354126,0.0,3.1001653022892024e-11,3.310294842705095e-10,0.0,0.05109299360890019,0.35523147202339184,0.0970861345151601,0.0
2011-05-17,0.3483733733417894,0.1456766972154796,0.0,3.107032589851329e-11,3.3305950498105343e-10,0.0,0.05143091175378824,0.3572464275158651,0.0972725898089477,0.0
2011-05-18,0.3484067471255606,0.14525213758904632,0.0,3.1177469881393663e-11,3.3411684643330417e-10,0.0,0.05151305364400287,0.35795320727687374,0.09687485399922204,0.0
2011-05-19,0.349348633515189,0.14657228698987246,0.0,3.1485912729407307e-11,3.3014884657872354e-10,0.0,0.05106592624042709,0.3561646496570809,0.0968485032357956,0.0
2011-05-20,0.34979030777750586,0.14672525905356437,0.0,3.124667569082453e-11,3.301263867853419e-10,0.0,0.051096394555294924,0.355614289078839,0.09677374917342255,0.0
2011-05-23,0.3480325035522293,0.1460816535813572,0.0,3.1087653797013344e-11,3.3189594523477877e-10,0.0,0.05120983585954038,0.3563913074547228,0.09828469918916649,0.0
2011-05-24,0.3468268172379176,0.14463561619170723,0.0,3.069100421410366e-11,3.3508270717875346e-10,0.0,0.05159888695623947,0.35761645768602895,0.09932222156233286,0.0
2011-05-25,0.34688097231626125,0.14408492959315738,0.0,3.1027987398550905e-11,3.3576456589741383e-10,0.0,0.05171509297750991,0.3573873611107269,0.09993164363555188,0.0
2011-05-26,0.3470443317407284,0.14548333983178277,0.0,3.100589508063786e-11,3.3484087337684817e-10,0.0,0.05146538484872892,0.3563672442247463,0.09963969898816666,0.0
2011-05-27,0.34753584413346233,0.146931255227876,0.0,3.130491864505675e-11,3.3562165548971647e-10,0.0,0.0515239915410289,0.3549263639400936,0.09908254479061243,0.0
2011-05-31,0.34731686946094364,0.14728136798307964,0.0,3.149549420023718e-11,3.3409434403480466e-10,0.0,0.05135017362545484,0.35442475273994656,0.09962683582498531,0.0
2011-06-01,0.34999999973225215,0.1208130695874594,0.1791869303229078,1.0071248858563135e-10,0.0,0.0,6.834781509624963e-11,0.34999999997948855,1.0899204170018612e-10,9.983977243067646e-11
2011-06-02,0.34842017032871253,0.1190721406464351,0.17815448165865178,1.0072295176675597e-10,0.0,0.0,6.995066006129219e-11,0.35435320698558065,1.1119338531408857e-10,9.875299474562495e-11
2011-06-03,0.347957974350565,0.11899710465703468,0.17901853907158843,1.0164700981368781e-10,0.0,0.0,6.929904513308912e-11,0.35402638154099264,1.1085987906364803e-10,9.801332132316545e-11
2011-06-06,0.34675459179560203,0.1180256509253896,0.18028010073332235,1.0180250649031835e-10,0.0,0.0,6.990440032123173e-11,0.35493965616280854,1.1212354212592729e-10,9.904715774474341e-11
2011-06-07,0.34613383407474735,0.11711618781237976,0.17952365395791928,1.010549622555216e-10,0.0,0.0,7.040459247067246e-11,0.35722632377171704,1.1331555169050397e-10,9.846160488924958e-11
2011-06-08,0.3454249714977436,0.11722813819461833,0.18090650170351197,1.0170326517722383e-10,0.0,0.0,7.054549504472484e-11,0.3564403882194122,1.1310847987905752e-10,9.935685163896341e-11
2011-06-09,0.34632364633671975,0.1167100530803345,0.17979903215318765,1.016632912547536e-10,0.0,0.0,7.107127709067683e-11,0.3571672680438531,1.1341782446773923e-10,9.97527673515976e-11
2011-06-10,0.34710514008106846,0.11670581160382791,0.1806907546656241,1.0191485546493476e-10,0.0,0.0,7.050119475014264e-11,0.35549829326553567,1.1337763155946601e-10,9.815027994729028e-11
2011-06-13,0.3468558423820539,0.11637241853466225,0.17887301718902335,1.0103879726312799e-10,0.0,0.0,7.136049860359726e-11,0.3578987215110142,1.1388711359025632e-10,9.696006975964911e-11
2011-06-14,0.3475244620149293,0.11617683774472923,0.17935005622908518,1.0098017768920092e-10,0.0,0.0,7.15196293170058e-11,0.35694864362839057,1.1289427292702436e-10,9.74718828194133e-11
2011-06-15,0.34764970414773433,0.11722678408513706,0.1803083411323296,1.0125626429572782e-10,0.0,0.0,7.043859234634698e-11,0.3548151702531835,1.1219937825600622e-10,9.772144527907383e-11
2011-06-16,0.3469137896157216,0.11696833067424163,0.17716675395071715,1.0066516646986125e-10,0.0,0.0,7.19576256412116e-11,0.35895112537467533,1.1433428577248874e-10,9.768740026114252e-11
2011-06-17,0.3497605378562361,0.11794015291331444,0.17761607016504002,1.0049875169967082e-10,0.0,0.0,7.225157198386722e-11,0.3546832386787079,1.1490322034234852e-10,9.904824184978302e-11
2011-06-20,0.34845856736546393,0.11718149283380208,0.1781596193056158,9.995771826323605e-11,0.0,0.0,7.179430172158074e-11,0.3562003201091641,1.1487809322471894e-10,9.93242808209456e-11
2011-06-21,0.34845217656683325,0.117655908770054,0.1770380788219701,9.929512306224706e-11,0.0,0.0,7.14405348744922e-11,0.35685383545603033,1.143598975788956e-10,1.0001708470872329e-10
2011-06-22,0.3485037583248263,0.1185967947537978,0.17845673050935976,9.976718488454215e-11,0.0,0.0,7.046613304773579e-11,0.35444271602895105,1.133795603673529e-10,9.945259898541158e-11
2011-06-23,0.3489508843064065,0.11855046706833408,0.1780268190537093,9.95000542337561e-11,0.0,0.0,7.108023873269076e-11,0.35447182918669723,1.1438743491611837e-10,9.98855691991767e-11
2011-06-24,0.3480072373051416,0.11903011032629297,0.17652643449620198,9.938634788501784e-11,0.0,0.0,7.127816164946934e-11,0.3564362174914189,1.1239917403298072e-10,9.788120777328525e-11
2011-06-27,0.34675288482626393,0.11938233072448101,0.17625906014132048,1.0001579423661367e-10,0.0,0.0,7.189452516536107e-11,0.35760572392561407,1.1172112427998817e-10,9.868948795151614e-11
2011-06-28,0.34796837712605017,0.11966358285706748,0.1767577552072332,1.0063874212184392e-10,0.0,0.0,7.127813426721396e-11,0.35561028442843323,1.1071987244137654e-10,9.857966716486972e-11
2011-06-29,0.349038001140288,0.12032334078407321,0.17711426815247971,1.010112253653387e-10,0.0,0.0,7.008641422887455e-11,0.3535243895436274,1.1001291762319962e-10,9.842158260321012e-11
2011-06-30,0.3484841683769785,0.11968009212894055,0.17840130346670668,1.0091613879319483e-10,0.0,0.0,6.922366600844849e-11,0.3534344356491799,1.0960567909371765e-10,9.84493409889341e-11
2011-07-01,0.3499999999623853,0.24999999988771313,0.0,0.0,0.0,0.0,0.0,0.3000000001386185,0.0,0.10000000001128313
2011-07-05,0.35083040329295884,0.2507914945873701,0.0,0.0,0.0,0.0,0.0,0.2979075168720828,0.0,0.10047058524758831
2011-07-06,0.35002397777328836,0.2510242098668422,0.0,0.0,0.0,0.0,0.0,0.29785844926371907,0.0,0.1010933630961504
2011-07-07,0.3496315504517931,0.2514565058112761,0.0,0.0,0.0,0.0,0.0,0.29729934587551243,0.0,0.10161259786141831
2011-07-08,0.34980978617694247,0.25274884519372043,0.0,0.0,0.0,0.0,0.0,0.29555630664251753,0.0,0.10188506198681954
2011-07-11,0.34905688115798905,0.25246432467853874,0.0,0.0,0.0,0.0,0.0,0.29621712602241074,0.0,0.10226166814106151
2011-07-12,0.348449657247903,0.25120861864644023,0.0,0.0,0.0,0.0,0.0,0.2981839448626957,0.0,0.10215777924296099
2011-07-13,0.3481271819229038,0.2506430329836513,0.0,0.0,0.0,0.0,0.0,0.2983747052484477,0.0,0.10285507984499699
2011-07-14,0.34765799038148437,0.2516980109930505,0.0,0.0,0.0,0.0,0.0,0.29927950910946155,0.0,0.1013644895160033
2011-07-15,0.34787146980773137,0.24956786905459546,0.0,0.0,0.0,0.0,0.0,0.3013791259086212,0.0,0.10118153522905167
2011-07-18,0.34825223406871064,0.25005990812585055,0.0,0.0,0.0,0.0,0.0,0.2998685574422123,0.0,0.1018193003632263
2011-07-19,0.34822140587252787,0.24805633528719392,0.0,0.0,0.0,0.0,0.0,0.3017894270717306,0.0,0.10193283176854737
2011-07-20,0.3488995843205936,0.2500927558309815,0.0,0.0,0.0,0.0,0.0,0.29889136286479434,0.0,0.10211629698363034
2011-07-21,0.34855892053456533,0.24957920090253435,0.0,0.0,0.0,0.0,0.0,0.29904187955516215,0.0,0.10281999900773786
2011-07-22,0.3501096372944052,0.2495188590071167,0.0,0.0,0.0,0.0,0.0,0.29769045245440967,0.0,0.10268105124406812
2011-07-25,0.3498340347446903,0.24948223566766675,0.0,0.0,0.0,0.0,0.0,0.2976465534920223,0.0,0.1030371760956204
2011-07-26,0.35049165892866846,0.24839129335014928,0.0,0.0,0.0,0.0,0.0,0.29827709466617414,0.0,0.10283995305500788
2011-07-27,0.3500022566185901,0.2470862735749391,0.0,0.0,0.0,0.0,0.0,0.2995994585813957,0.0,0.10331201122507493
2011-07-28,0.34975938537003015,0.2445533617962245,0.0,0.0,0.0,0.0,0.0,0.3032459110510886,0.0,0.1024413417826566
2011-07-29,0.34903729528208727,0.24436275293148804,0.0,0.0,0.0,0.0,0.0,0.3039708945946852,0.0,0.10262905719173936
2011-08-01,0.3499999999938821,0.3499999999966463,0.0,0.0,2.8945474379560263e-12,0.0,1.6306227984370634e-10,0.29999999984256065,9.540672269388758e-13,0.0
2011-08-02,0.34959681863224196,0.3488003802835548,0.0,0.0,2.9141223885569117e-12,0.0,1.6405382747766174e-10,0.30160280091628167,9.535920814956292e-13,0.0
2011-08-03,0.348874783509437,0.3460685356350181,0.0,0.0,3.01184237495994e-12,0.0,1.6941359569646798e-10,0.30505668068211933,1.0001004968688145e-12,0.0
2011-08-04,0.34936090510200984,0.3469734450067791,0.0,0.0,3.002189829547446e-12,0.0,1.686756756053051e-10,0.3036656497185372,9.959116415744743e-13,0.0
2011-08-05,0.3490685826855854,0.34178210663030045,0.0,0.0,3.1887301630072483e-12,0.0,1.7809799625513635e-10,0.309149310501789,1.0384846905167064e-12,0.0
2011-08-08,0.35094001858826623,0.3381098499388159,0.0,0.0,3.1734737563956562e-12,0.0,1.7710337961644783e-10,0.3109501312915882,1.0528422956209433e-12,0.0
2011-08-09,0.35109510355367496,0.33032169739365286,0.0,0.0,3.45007552453517e-12,0.0,1.8772272849404073e-10,0.31858319886033537,1.1640856272787429e-12,0.0
2011-08-10,0.3505684492700822,0.3361760816835468,0.0,0.0,3.310964403080823e-12,0.0,1.8071874245526192e-10,0.31325546886122063,1.120596251178193e-12,0.0
2011-08-11,0.3480433069152491,0.33208857958702287,0.0,0.0,3.4845173566739988e-12,0.0,1.8939450580704643e-10,0.3198681133036438,1.2051566448006306e-12,0.0
2011-08-12,0.3503446706634929,0.33590685923176006,0.0,0.0,3.307565320339401e-12,0.0,1.787128626467758e-10,0.3137484699215911,1.1355440635682876e-12,0.0
2011-08-15,0.35165636863407046,0.3369855985070196,0.0,0.0,3.3207147062858466e-12,0.0,1.802171405895011e-10,0.3113580326742451,1.1270006304735471e-12,0.0
2011-08-16,0.35136078812099897,0.33903112139887576,0.0,0.0,3.2371266470575995e-12,0.0,1.7666290052338375e-10,0.30960809029911057,1.114586943073596e-12,0.0
2011-08-17,0.3523059782257637,0.3365640057156598,0.0,0.0,3.2888360678692032e-12,0.0,1.7931396197055532e-10,0.31113001587483247,1.1411203619523564e-12,0.0
2011-08-18,0.35122129916424444,0.3353985728602726,0.0,0.0,3.2994834343833805e-12,0.0,1.7913205089792944e-10,0.3133801277919113,1.1401148533402394e-12,0.0
2011-08-19,0.349368108138411,0.32881970527509774,0.0,0.0,3.447871106961917e-12,0.0,1.8646246564929032e-10,0.3218121863953733,1.2076271609159905e-12,0.0
2011-08-22,0.34864774942936155,0.3277156910623411,0.0,0.0,3.501584766688262e-12,0.0,1.8893400746806595e-10,0.3236365593146212,1.2405169954267944e-12,0.0
2011-08-23,0.3490995260567573,0.3267235817905308,0.0,0.0,3.496931455384029e-12,0.0,1.8832779980721037e-10,0.324176891959614,1.2731363043688752e-12,0.0
2011-08-24,0.3501923466373302,0.3326198207407586,0.0,0.0,3.3823837982924005e-12,0.0,1.8080993227397238e-10,0.317187832436529,1.1900778884749643e-12,0.0
2011-08-25,0.3521586472177737,0.33472731940849487,0.0,0.0,3.3181560750995624e-12,0.0,1.771809179636815e-10,0.31311403319209224,1.1401515217109368e-12,0.0
2011-08-26,0.35246931273704096,0.33185116509340656,0.0,0.0,3.3932492563643796e-12,0.0,1.8107781951899754e-10,0.31567952198391785,1.1636161767186225e-12,0.0
2011-08-29,0.3518806767747748,0.33433962833952907,0.0,0.0,3.3497498982115966e-12,0.0,1.7826557828500833e-10,0.3137796947029019,1.178977588870529e-12,0.0
2011-08-30,0.35175284693655334,0.3402543607119568,0.0,0.0,3.2335774378971163e-12,0.0,1.7378491030134582e-10,0.30799279217334896,1.1225185042786122e-12,0.0
2011-08-31,0.35146071471873874,0.3410453913124909,0.0,0.0,3.2446827991877933e-12,0.0,1.7410118193726486e-10,0.3074938937902725,1.1521528253777411e-12,0.0
2011-09-01,0.34999999985032126,0.24250610821562765,0.0,0.0,0.0,0.0,6.459180992807363e-11,0.3074938955249712,0.09999999634448817,0.0
2011-09-02,0.3494759500698331,0.23945111489232998,0.0,0.0,0.0,0.0,6.522599912208837e-11,0.31008075148206,0.10099218349055099,0.0
2011-09-06,0.34615207351641547,0.23438813555068572,0.0,0.0,0.0,0.0,6.670802109385598e-11,0.3137061225624713,0.10575366830371952,0.0
2011-09-07,0.34607865739488775,0.2354058408647483,0.0,0.0,0.0,0.0,6.757762785707299e-11,0.3122046622801257,0.10631083939266057,0.0
2011-09-08,0.34996109071492143,0.24026537040934118,0.0,0.0,0.0,0.0,6.659006504168807e-11,0.30854626058115064,0.1012272782279966,0.0
2011-09-09,0.3478470176990415,0.23689385213340292,0.0,0.0,0.0,0.0,6.682391429581864e-11,0.31087104691087986,0.1043880831898517,0.0
2011-09-12,0.34547896946628903,0.23449206391030364,0.0,0.0,0.0,0.0,6.822736539860546e-11,0.31421108324830505,0.10581788330687479,0.0
2011-09-13,0.3479984854016134,0.23670042934838964,0.0,0.0,0.0,0.0,6.786841972239219e-11,0.3117585228004221,0.1035425623817064,0.0
2011-09-14,0.3475436116396702,0.2380275080239743,0.0,0.0,0.0,0.0,6.715180237384101e-11,0.3108768419654356,0.10355203830376813,0.0
2011-09-15,0.348737886574382,0.23980665979661475,0.0,0.0,0.0,0.0,6.643300253852181e-11,0.30972992303983116,0.10172553052273912,0.0
2011-09-16,0.35129358585146725,0.24080439441241192,0.0,0.0,0.0,0.0,6.555721355460004e-11,0.3087666803396385,0.09913533933092512,0.0
2011-09-19,0.3522459601900638,0.24040628889063603,0.0,0.0,0.0,0.0,6.534818104080036e-11,0.30760490953542635,0.09974284131852564,0.0
2011-09-20,0.35219403666327653,0.2384431707553141,0.0,0.0,0.0,0.0,6.635954307859555e-11,0.3101881511526323,0.0991746413624175,0.0
2011-09-21,0.35255850421639373,0.2352596597085806,0.0,0.0,0.0,0.0,6.653499490829437e-11,0.3113723765691031,0.10080945943938759,0.0
2011-09-22,0.350241727982472,0.2318925446879774,0.0,0.0,0.0,0.0,6.826060051818735e-11,0.3159645774627405,0.10190114979854958,0.0
2011-09-23,0.3475232684898328,0.231137056572282,0.0,0.0,0.0,0.0,7.012909421101854e-11,0.3195846801692756,0.10175499469848062,0.0
2011-09-26,0.349702133962382,0.23355974303360955,0.0,0.0,0.0,0.0,6.971392627947101e-11,0.3205275139603514,0.09621060897394325,0.0
2011-09-27,0.35356565043533245,0.23501036393327676,0.0,0.0,0.0,0.0,6.871878471740332e-11,0.31772988369365945,0.09369410186901267,0.0
2011-09-28,0.35355904279082756,0.23741421524609246,0.0,0.0,0.0,0.0,6.774038394442465e-11,0.31457724535848713,0.09444949653685246,0.0
2011-09-29,0.35429127370223096,0.23355137842265278,0.0,0.0,0.0,0.0,6.901795559963363e-11,0.31819204299490317,0.09396530481119518,0.0
2011-09-30,0.35456093620512497,0.2359155916346078,0.0,0.0,0.0,0.0,6.845537322950286e-11,0.31534011511016535,0.09418335698164643,0.0
2011-10-03,0.349999999970187,0.15000000002930616,0.0,0.0,0.29418335680157154,0.0,7.186751909776436e-11,0.1058166431109278,0.1000000000155307,6.093571993311842e-13
2011-10-04,0.3450074262260302,0.14435690609672422,0.0,0.0,0.30124484593102097,0.0,7.305297182840705e-11,0.10606835159363967,0.10332247007894288,5.890902596495774e-13
2011-10-05,0.34819653005260526,0.15144833182611062,0.0,0.0,0.29598926954148524,0.0,7.151584626861668e-11,0.10443010350804781,0.09993576499963058,6.047066496871533e-13
2011-10-06,0.35122954015747043,0.1520508469322597,0.0,0.0,0.2919150247697344,0.0,7.112062027246392e-11,0.10468814059962692,0.10011644746919428,5.937743273726182e-13
2011-10-07,0.3540541755349912,0.1538966307415198,0.0,0.0,0.28702124210145796,0.0,7.013468401524876e-11,0.10525939823650349,0.09976855331478895,6.040383066546903e-13
2011-10-10,0.35464283274755415,0.15140075746692763,0.0,0.0,0.28793536921604157,0.0,7.066112934850836e-11,0.10623420033809486,0.0997868401601286,5.921481695049071e-13
2011-10-11,0.3592086835534078,0.1548889174316718,0.0,0.0,0.2792340025749719,0.0,6.938561625012535e-11,0.10635494501174385,0.10031345135820999,6.093270881029907e-13
2011-10-12,0.35940418044301725,0.15588214734054048,0.0,0.0,0.28003193478000427,0.0,6.954080851265348e-11,0.105132832222769,0.0995489051435314,5.969549897801623e-13
2011-10-13,0.3598302134532112,0.15691229422901332,0.0,0.0,0.2769800493722519,0.0,6.912305018186183e-11,0.10677014881201288,0.09950729406378572,6.021592998167645e-13
2011-10-14,0.3593928915850831,0.1568987338779256,0.0,0.0,0.27830317657455883,0.0,6.923839557922885e-11,0.10640652360869951,0.09899867428389607,5.986983093855246e-13
2011-10-17,0.3621743904307292,0.15853097432786467,0.0,0.0,0.27437678472700644,0.0,6.855870308322869e-11,0.10616487735604656,0.09875297308918786,6.069234700595179e-13
2011-10-18,0.3592178227043722,0.1554300048454132,0.0,0.0,0.279249160903674,0.0,6.927277102888159e-11,0.10672654975749074,0.09937646171917698,6.003790661921949e-13
2011-10-19,0.3622752889057556,0.15782657890227678,0.0,0.0,0.2759320123278916,0.0,6.876241249989735e-11,0.10613668936925923,0.09782943042543975,6.148254305391906e-13
2011-10-20,0.361046941930416,0.15607227055975623,0.0,0.0,0.2787208912178354,0.0,6.952906919793467e-11,0.10669606042720561,0.09746383579464506,6.129191027788922e-13
2011-10-21,0.3622280645458049,0.15632738716866557,0.0,0.0,0.27784730074714786,0.0,6.960721183166962e-11,0.10751939065803094,0.09607785681012805,6.157044345139169e-13
2011-10-24,0.3646856228214388,0.15780528254163084,0.0,0.0,0.27401309133713414,0.0,6.899959541964298e-11,0.1075157686268671,0.09598023460330135,6.28380882476764e-13
2011-10-25,0.364336310887274,0.16075865398755027,0.0,0.0,0.27030316360958057,0.0,6.844821880340327e-11,0.10898429555622625,0.09561757589028531,6.355784254310641e-13
2011-10-26,0.36031300438879427,0.1575867996945898,0.0,0.0,0.2749559828045033,0.0,6.9375206655184e-11,0.10797041633889896,0.09917379670320803,6.30591151249439e-13
2011-10-27,0.3618367778580879,0.15936199832921666,0.0,0.0,0.27133551162985975,0.0,6.891959806857002e-11,0.10779640002545295,0.09966931208783184,6.315116194498732e-13
2011-10-28,0.3668819128380547,0.1643832461873305,0.0,0.0,0.26264999858592064,0.0,6.751635319668852e-11,0.10717342650839176,0.09891141581213797,6.48142932528803e-13
2011-10-31,0.3666591333054602,0.16348323700823642,0.0,0.0,0.264129006086682,0.0,6.775161168542098e-11,0.10681338634218708,0.09891523718903364,6.492257526619584e-13
2011-11-01,0.3499999999999882,0.1499999999569282,1.1217695232718483e-11,0.0,0.3499999999553109,0.14999999998298252,2.535321265810301e-11,0.0,6.821941686602362e-11,0.0
2011-11-02,0.342241895350087,0.14554159591801205,1.0930432503778521e-11,0.0,0.35628288158442883,0.1559336270422744,2.5630080211446626e-11,0.0,6.863739188924334e-11,0.0
2011-11-03,0.3456216054790646,0.14818533317239274,1.0953260381140374e-11,0.0,0.35317969601965893,0.15301336522348238,2.5560886723335555e-11,0.0,6.88872757374976e-11,0.0
2011-11-04,0.34974381978327346,0.15093246835618424,1.1159911992701874e-11,0.0,0.3493455630501779,0.14997814870425044,2.5415938947775056e-11,0.0,6.953820366199597e-11,0.0
2011-11-07,0.34818655221814704,0.1504363728525897,1.1037764606818476e-11,0.0,0.35096958884536794,0.15040748597804823,2.5508828057165644e-11,0.0,6.930051897659145e-11,0.0
2011-11-08,0.3492258804620677,0.14965178418087977,1.1049043642088377e-11,0.0,0.3502453431168362,0.15087699213309388,2.5325703980602934e-11,0.0,7.074780002955838e-11,0.0
2011-11-09,0.35259185656137304,0.15136421179485351,1.1147611291945404e-11,0.0,0.34756718790994123,0.14847674362765392,2.5090193261832845e-11,0.0,6.994042447504575e-11,0.0
2011-11-10,0.3444225783583913,0.1462073240173621,1.0726826229643442e-11,0.0,0.3556517254267683,0.15371837209102854,2.538143215240839e-11,0.0,7.034141645003674e-11,0.0
2011-11-11,0.34756316349916466,0.14724052696253342,1.0850297922202092e-11,0.0,0.35381344731131104,0.15138286212095306,2.5247126351415135e-11,0.0,6.994039728191238e-11,0.0
2011-11-14,0.3513404916765908,0.1499413587005246,1.1033981701081232e-11,0.0,0.349433671493533,0.14928447802277403,2.5005879611875104e-11,0.0,7.053782031904049e-11,0.0
2011-11-15,0.3483233082456264,0.14791665835538806,1.084771318755614e-11,0.0,0.3519388002233916,0.1518212330694278,2.502605262980273e-11,0.0,7.02925196171133e-11,0.0
2011-11-16,0.34902599697670894,0.14935712086366532,1.0786375147106198e-11,0.0,0.35044362606862883,0.15117325598512898,2.4928998757774264e-11,0.0,7.015268058285048e-11,0.0
2011-11-17,0.3453174944999221,0.1477250969218196,1.0636491376915278e-11,0.0,0.3535937887740794,0.1533636196987871,2.4981995787933227e-11,0.0,6.977346357121572e-11,0.0
2011-11-18,0.34176447558432127,0.14644847948246986,1.0580815227466587e-11,0.0,0.35631537693367304,0.1554716678956641,2.492572399759553e-11,0.0,6.836535228536379e-11,0.0
2011-11-21,0.3420058482266912,0.1466672993698102,1.0636179068591078e-11,0.0,0.3556186700246475,0.15570818227450534,2.5010042546250293e-11,0.0,6.869966579979501e-11,0.0
2011-11-22,0.3382392084073848,0.14433102494692693,1.0451653654782382e-11,0.0,0.3595168458849523,0.15791292065761567,2.511072075181168e-11,0.0,6.75579820541588e-11,0.0
2011-11-23,0.33680259585854905,0.1430730917057827,1.0417917889258358e-11,0.0,0.36050002858690383,0.1596242837450251,2.5037496361996496e-11,0.0,6.828393781134971e-11,0.0
2011-11-25,0.33240515011323724,0.13985230004776084,1.0224821981942308e-11,0.0,0.36506849334978153,0.16267405638514382,2.5138855008014538e-11,0.0,6.871291120041857e-11,0.0
2011-11-28,0.3341479396996907,0.13905636170141852,1.0244935536619219e-11,0.0,0.36533857898949706,0.1614571195053274,2.521794032158456e-11,0.0,6.86034197295751e-11,0.0
2011-11-29,0.3383290263109615,0.14334372677003523,1.0510830117902832e-11,0.0,0.3595309380556608,0.15879630875916492,2.482592165632755e-11,0.0,6.884082519768136e-11,0.0
2011-11-30,0.3397300305270022,0.14326230760889785,1.0594007201583723e-11,0.0,0.3593091114997421,0.1576985502599285,2.4801862871368875e-11,0.0,6.903352602941136e-11,0.0
2011-12-01,0.3500000000007005,0.14326230760619799,0.006737692390551874,0.0,0.21700766175482905,1.4404117554227989e-11,0.18299233823217648,1.811481576339722e-12,0.09999999999901074,3.1788447098381433e-13
2011-12-02,0.3503208136648471,0.1423856212443501,0.006687028775452015,0.0,0.21717847515040575,1.4347275467996573e-11,0.1836145972407327,1.821418495899105e-12,0.09981346390772808,3.1560940230147113e-13
2011-12-05,0.348996712604453,0.1425542315572725,0.00666630996771778,0.0,0.21750917832341302,1.4506164697242574e-11,0.18463828324246392,1.826429559648047e-12,0.09963528428803294,3.1440978543419634e-13
2011-12-06,0.3506577478927988,0.14411835031007736,0.006701533874266174,0.0,0.21606507493467716,1.4388993742389262e-11,0.18488433354872785,1.825583686782193e-12,0.0975729594229231,3.151527273850412e-13
2011-12-07,0.35106086481153587,0.14437339490923717,0.006675774669917777,0.0,0.2156839872079727,1.4263525208584995e-11,0.18404989528146595,1.8352530769956488e-12,0.09815608310345701,3.1490713103937684e-13
2011-12-08,0.35099678820771923,0.14352343346794685,0.006696623911347851,0.0,0.21581752905149681,1.425892425751556e-11,0.18448214719755981,1.8222839407313464e-12,0.09848347814753138,3.171110677637852e-13
2011-12-09,0.34813366648816263,0.1410240290887029,0.0065680770560121275,0.0,0.21997039004747965,1.4640422176285655e-11,0.18644914763705214,1.835921766244492e-12,0.09785468966580022,3.1428191768995653e-13
2011-12-12,0.351106699412964,0.1440723279899584,0.006676000109014661,0.0,0.21665423843795625,1.422092359229342e-11,0.18419901303644018,1.8364570398131354e-12,0.09729172099729089,3.1852597992429813e-13
2011-12-13,0.3491943777542123,0.14332288509957603,0.006541293625715948,0.0,0.2194225397535725,1.451286000957523e-11,0.18592609764921125,1.843579125083648e-12,0.09559280610104008,3.1577787699002457e-13
2011-12-14,0.34829532833947885,0.14129650512243042,0.0064969040445445846,0.0,0.2219360664441876,1.4748150275091688e-11,0.18783295389970917,1.8491447979263837e-12,0.09414224213273824,3.141996261347138e-13
2011-12-15,0.34722867250593126,0.14059831955846497,0.006469023157299819,0.0,0.22457510541527007,1.514193969112898e-11,0.1895937782915293,1.8601016600505577e-12,0.09153510105418443,3.1846050986211343e-13
2011-12-16,0.34765953840562547,0.1415689598937066,0.006485795308829397,0.0,0.2238527149515758,1.505011402966196e-11,0.18944882261859583,1.8623348191706173e-12,0.0909841688044317,3.230208917352712e-13
2011-12-19,0.34627969849158036,0.14189809114275148,0.0064239095870070465,0.0,0.22371274779736278,1.5142735423840458e-11,0.18947397468881894,1.8609198475009703e-12,0.09221157827515113,3.248237672573389e-13
2011-12-20,0.34429852943315076,0.14014390967942988,0.006396083729792593,0.0,0.22560176289373352,1.541166788361273e-11,0.19109978995908722,1.8679177551315837e-12,0.09245992428720297,3.2362700335869987e-13
2011-12-21,0.34935327039517977,0.143564466748981,0.006521543871577349,0.0,0.22018086226654437,1.479997786730893e-11,0.18807738121793813,1.8626257226961324e-12,0.09230247548278858,3.2839868224611447e-13
2011-12-22,0.35009197780427037,0.14417313639133852,0.006488085293023183,0.0,0.21950801307689435,1.4596714432924968e-11,0.1873140509027336,1.8682230006145972e-12,0.09242473651494684,3.2834339723403873e-13
2011-12-23,0.35155136322937053,0.14441669835797993,0.006516230413921358,0.0,0.21875841349243,1.4589844968782568e-11,0.18741787681249375,1.866665212103493e-12,0.09133941767701657,3.3151488299881063e-13
2011-12-27,0.35383938183251995,0.14461171165001002,0.0065454717194309885,0.0,0.21733717968463592,1.4392815923515746e-11,0.18638935803574216,1.8707393052504196e-12,0.09127689706106532,3.321544271891527e-13
2011-12-28,0.35387488318281907,0.14493839958272425,0.0065118898468725156,0.0,0.21731004012948088,1.4451192900569662e-11,0.18696786001955323,1.8769122766970717e-12,0.09039692722188868,3.334082535912416e-13
2011-12-29,0.35202631339341195,0.1434411882967917,0.0064454938668802985,0.0,0.22043422982610048,1.4836220666501295e-11,0.18881451429886262,1.883034260378356e-12,0.08883826030090179,3.3205160987690805e-13
2011-12-30,0.3539055425905311,0.1441707851469038,0.006531560438794889,0.0,0.21961548164568348,1.478977238403875e-11,0.18778149886843426,1.884900477790147e-12,0.08799513129264475,3.3332826190560617e-13
2012-01-03,0.34999999999990833,1.52526594238866e-11,0.1499999999608579,6.044096047484293e-12,0.34999999998938586,0.014142173238795979,0.03585782678923035,0.0,0.10000000000052471,0.0
2012-01-04,0.3521303606209115,1.5354651750698088e-11,0.15259458362763056,6.168504897196182e-12,0.34440701368347354,0.013794849032827083,0.03548207971513885,0.0,0.1015911132984953,0.0
2012-01-05,0.35305409516631625,1.5286767324178856e-11,0.15185461426461697,6.140257293262373e-12,0.3436851200602294,0.01364518680331219,0.035547584656729074,0.0,0.10221339902736913,0.0
2012-01-06,0.3542511144604211,1.538403803911216e-11,0.14971149787388163,6.11784524791191e-12,0.3440004535035001,0.013630796061818105,0.035420153488978395,0.0,0.10298598458989873,0.0
2012-01-09,0.3539543132619907,1.5371813712749336e-11,0.14792604477160215,6.050937848397746e-12,0.34595116220964345,0.01376236536160561,0.03561976490313506,0.0,0.10278634947060027,0.0
2012-01-10,0.3544726831214343,1.543506945910838e-11,0.1483551907520256,6.10839290542084e-12,0.34568461376083104,0.013724818768999704,0.035532341724311294,0.0,0.10223035185085462,0.0
2012-01-11,0.3553739350423925,1.5565798202410568e-11,0.1496953153377464,6.20333612326127e-12,0.34289759912138407,0.013618424288821358,0.035416003155733206,0.0,0.10299872303215322,0.0
2012-01-12,0.3546621646920354,1.5587286266565025e-11,0.14883763499275993,6.1922614434709e-12,0.3440161030050264,0.013760585630904163,0.035319725584083174,0.0,0.1034037860734113,0.0
2012-01-13,0.35505880433405534,1.5614119679519727e-11,0.1492725878607835,6.2094031204450726e-12,0.3428591632890971,0.013723505089485758,0.03535512853077891,0.0,0.1037308108739757,0.0
2012-01-17,0.35406225885565973,1.5567716837531354e-11,0.14801626950042912,6.167666183127787e-12,0.3452104690848443,0.013892923082400256,0.03556658076193346,0.0,0.10325149869299753,0.0
2012-01-18,0.3538656883042788,1.5492830826958057e-11,0.14911506147531425,6.257622701071501e-12,0.3440104046608519,0.013895603861231409,0.035517648420064114,0.0,0.1035955932565089,0.0
2012-01-19,0.3557130479228107,1.567775584761044e-11,0.1507356931942511,6.3784437204530526e-12,0.34095750024598803,0.013648180447527207,0.03524197047939005,0.0,0.1037036076879765,0.0
2012-01-20,0.3571400742431341,1.5754731011753792e-11,0.152404560534388,6.4262848863342694e-12,0.3384939075571781,0.013443528517278697,0.03518839459308219,0.0,0.10332953453275782,0.0
2012-01-23,0.3580170746045955,1.574483496671871e-11,0.1530070273009218,6.413494003130098e-12,0.3369038444150118,0.013274441374348463,0.03505488443760259,0.0,0.10374272784536151,0.0
2012-01-24,0.3572779164595642,1.573279188799812e-11,0.15367524910779143,6.478814668504344e-12,0.3363347548533213,0.013197253442501146,0.035020731180007064,0.0,0.10449409493460314,0.0
2012-01-25,0.3573932460683522,1.584653694853608e-11,0.15304404983639297,6.497616625191777e-12,0.3372148217636104,0.013240438306498502,0.03519797710479724,0.0,0.10390946689800443,0.0
2012-01-26,0.35712774531474667,1.5837243538565767e-11,0.15324116599227233,6.5112419311958186e-12,0.33576949860411887,0.013089265480171624,0.034998721107253765,0.0,0.10577360347908812,0.0
2012-01-27,0.35493799848841284,1.580332535627806e-11,0.15314531546449414,6.478550191715992e-12,0.3372232150625379,0.013249431122831685,0.03523724439152928,0.0,0.10620679544791208,0.0
2012-01-30,0.3539631313520953,1.5874620004694425e-11,0.15305656854395128,6.497443147583722e-12,0.33747140995891517,0.013260601491737077,0.03520806329084181,0.0,0.10704022534008725,0.0
2012-01-31,0.35358624767276475,1.578828949346211e-11,0.15160529768197104,6.418972792061751e-12,0.3394190264002497,0.013448338343515378,0.03524543280423377,0.0,0.10669565707505801,0.0
2012-02-01,0.3500000000005568,0.14999999999597208,1.6544923482234223e-12,1.6788694035732605e-13,0.3499999999989238,0.11475456718468544,0.03524543281738959,5.5744436590059204e-14,5.942384197344792e-13,0.0
2012-02-02,0.35169244206909167,0.15263147413143105,1.6739796071871264e-12,1.709276511461179e-13,0.3474287632087708,0.11299915078398921,0.035248169804223885,5.563048247574659e-14,5.928024379207673e-13,0.0
2012-02-03,0.35156614246506507,0.15320324506165475,1.6742000012446892e-12,1.7107148698873972e-13,0.34724586029885157,0.11273241577001417,0.03525233640191676,5.555935660765461e-14,5.9685070094646e-13,0.0
2012-02-06,0.3554124848314454,0.1560683278541738,1.6952227594451482e-12,1.733973270874312e-13,0.34345004255950273,0.10997506962989856,0.03509407512247217,5.554992695680687e-14,5.831764802636397e-13,0.0
2012-02-07,0.354683392971277,0.15534521171970272,1.6847115418597383e-12,1.7169742010267543e-13,0.3439197981706865,0.11091572898366084,0.0351358681521802,5.548528655303194e-14,5.80771603487979e-13,0.0
2012-02-08,0.3565984153555839,0.15569578760675426,1.6999294269438723e-12,1.725451992676368e-13,0.34268189991498954,0.10985387900153909,0.03517001811861371,5.575456273872201e-14,5.912140229480195e-13,0.0
2012-02-09,0.3570560482555935,0.15577290596886362,1.7030489663302583e-12,1.7348013983887814e-13,0.342269641971874,0.10975425615827225,0.03514714764287834,5.570991065254736e-14,5.860473792510171e-13,0.0
2012-02-10,0.35823499688415805,0.15531813211320009,1.7109377843949965e-12,1.7375523554443056e-13,0.3421836464915612,0.10915611280494783,0.03510711170360671,5.584816792748821e-14,5.85571235758171e-13,0.0
2012-02-13,0.356109397394895,0.15341255684845026,1.6809424535391029e-12,1.701640098387173e-13,0.34461691686449636,0.1107358913094142,0.035125237580254286,5.544468108742981e-14,5.833577189383625e-13,0.0
2012-02-14,0.3570934693357934,0.1546729213378546,1.692294369012294e-12,1.7213603978010273e-13,0.34278815322471007,0.11036286776245757,0.035082588336682693,5.53461207563108e-14,5.81933508382962e-13,0.0
2012-02-15,0.3565792243911903,0.15394925096993461,1.6794207431898064e-12,1.706838586176501e-13,0.34344188909841067,0.11092640297882117,0.0351032325591574,5.533590415921635e-14,5.804714699814208e-13,0.0
2012-02-16,0.3559584935881182,0.15311956658107287,1.686236278296275e-12,1.7165931160883151e-13,0.3447106136021028,0.11105348274634276,0.03515784347986464,5.532042115431824e-14,5.856226766344494e-13,0.0
2012-02-17,0.358356691321153,0.15533329137813104,1.7022113474558243e-12,1.7277507123724782e-13,0.3416701386777121,0.10969294723042101,0.034946931390069956,5.5315173234624155e-14,5.827299039834361e-13,0.0
2012-02-21,0.3591291477556831,0.15523854857641195,1.7089016516130493e-12,1.730056271180842e-13,0.34114544198561136,0.1096111373033486,0.03487572437642779,5.5269775301468335e-14,5.801913143245032e-13,0.0
2012-02-22,0.3605121154136804,0.154714278033449,1.7150436587792944e-12,1.728842709098598e-13,0.3410684456317304,0.10876783390225354,0.03493732701634841,5.5666430429327586e-14,5.949367276133948e-13,0.0
2012-02-23,0.3591565361414802,0.15340877191194044,1.709090917430397e-12,1.7310727476823004e-13,0.3422224876846717,0.11007659173262517,0.03513561252674344,5.581399419855614e-14,6.012924172176848e-13,0.0
2012-02-24,0.3591548262842534,0.1550184123838329,1.7156606333175377e-12,1.7203165963684129e-13,0.3412049055502588,0.10959266088044714,0.03502919489866553,5.576972062255289e-14,5.989258834434873e-13,0.0
2012-02-27,0.3594081616667502,0.15448872456209445,1.7234216410408463e-12,1.735033297485699e-13,0.34095706118788516,0.11014200556819291,0.03500404701252929,5.5857083943893325e-14,5.953044338853846e-13,0.0
2012-02-28,0.35908507458686406,0.15383003844655527,1.710257896286425e-12,1.7133363504351435e-13,0.34121145199438135,0.11083092772414657,0.03504250724552352,5.572542514642528e-14,5.919449244516349e-13,0.0
2012-02-29,0.3599362860522214,0.1533363440081824,1.7252149029727882e-12,1.7362790605291325e-13,0.3411872992846285,0.11040611919258586,0.03513395145982938,5.5804309517627983e-14,5.977905268951018e-13,0.0
2012-03-01,0.34999999999963577,0.149999999938244,0.0,0.0,0.34999999997560066,0.11486604894983315,0.03513395107824411,0.0,4.403340808493702e-11,1.440887248085657e-11
2012-03-02,0.351710699684049,0.15073313179703537,0.0,0.0,0.34876404079983764,0.11375139188016765,0.035040735779776136,0.0,4.464217260152979e-11,1.449204678883481e-11
2012-03-05,0.35093615935693856,0.14860208261741215,0.0,0.0,0.3504619682425358,0.11491726849741642,0.03508252122660635,0.0,4.460769183980973e-11,1.4483086054558527e-11
2012-03-06,0.3505357059152181,0.1492075664226833,0.0,0.0,0.35079259271897,0.11434128798482,0.03512284689908215,0.0,4.4553671974792037e-11,1.4672788667690826e-11
2012-03-07,0.3472467873775567,0.14701408682437003,0.0,0.0,0.3541396593592586,0.11634412431301927,0.0352553420672469,0.0,4.3993059396662523e-11,1.4555416507233213e-11
2012-03-08,0.34883070725256904,0.1480398123285043,0.0,0.0,0.3526190307783876,0.11535471901401698,0.03515573056778483,0.0,4.4138419849807544e-11,1.4598971679963347e-11
2012-03-09,0.3511773686978748,0.14947999421451058,0.0,0.0,0.3504570583341155,0.11383600376871984,0.03504957492586148,0.0,4.444129348764337e-11,1.4476567394943365e-11
2012-03-12,0.35136825799225996,0.15100202548305153,0.0,0.0,0.3490296018126278,0.11368456500795292,0.03491554964501939,0.0,4.4588921144403836e-11,1.4499489368296871e-11
2012-03-13,0.3515550018100988,0.1507751569387917,0.0,0.0,0.34909002984709586,0.113717117265557,0.034862694079585976,0.0,4.425814896332341e-11,1.461250138790701e-11
2012-03-14,0.356204601224184,0.15304930183059778,0.0,0.0,0.3449535839897309,0.11118964396199903,0.03460286893534046,0.0,4.3310287533457296e-11,1.483762583749307e-11
2012-03-15,0.3589816948562963,0.153143714042575,0.0,0.0,0.344029499475103,0.10935029900627151,0.03449479256186562,0.0,4.2959757989294346e-11,1.492898646227622e-11
2012-03-16,0.3598535407743774,0.15391051260197794,0.0,0.0,0.34277964110452364,0.10915173609357097,0.034304569367471005,0.0,4.322137571700078e-11,1.4857817352377753e-11
2012-03-19,0.36015895614220134,0.15369853773893985,0.0,0.0,0.3424961568472102,0.10930916305149668,0.034337186161959854,0.0,4.325725786770963e-11,1.4934971892432956e-11
2012-03-20,0.3618411158619553,0.1551105507092138,0.0,0.0,0.3406482275554671,0.10808526568930071,0.034314840125645694,0.0,4.3367405246764923e-11,1.5050211476144565e-11
2012-03-21,0.36146208649986195,0.15400789048263866,0.0,0.0,0.3414521800280805,0.10871989792796852,0.03435794500333772,0.0,4.3055890226508783e-11,1.505701118764791e-11
2012-03-22,0.3599714342974003,0.15358746432063247,0.0,0.0,0.3423373152041735,0.10967554420690409,0.03442824191292142,0.0,4.2970137365002095e-11,1.4998241318715936e-11
2012-03-23,0.358577755780415,0.15261615964545172,0.0,0.0,0.3439213552399379,0.11039809891437426,0.034486630362036926,0.0,4.294209872064497e-11,1.484220032129096e-11
2012-03-26,0.3579488800136817,0.1533433584786435,0.0,0.0,0.3434780587532385,0.1108875281216469,0.03434217457467558,0.0,4.3253502449554037e-11,1.486048873437069e-11
2012-03-27,0.3603349056473155,0.15539564424150346,0.0,0.0,0.3405849212761268,0.10951767830938115,0.03416685046704576,0.0,4.370208380051985e-11,1.4925383006081623e-11
2012-03-28,0.3589526844827464,0.154196604641304,0.0,0.0,0.3422199065202537,0.11022471176555797,0.0344060925318592,0.0,4.3362011241974114e-11,1.4916831297452547e-11
2012-03-29,0.35842624290941866,0.1538330517856879,0.0,0.0,0.3428239060811632,0.1104555134670427,0.03446128569868912,0.0,4.305301781404682e-11,1.4945494454110832e-11
2012-03-30,0.35736068624120043,0.15319569437507677,0.0,0.0,0.3438141433927129,0.11114340482631536,0.034486071106823835,0.0,4.29372602328165e-11,1.493365903093326e-11
2012-04-02,0.3499999999968189,0.1499999925036859,6.506763998476244e-11,7.440914726809975e-09,0.3499999997832567,9.573581661075858e-11,0.15000000008428876,1.8290750419236857e-11,6.200454789454308e-12,5.7405113538554845e-12
2012-04-03,0.35058536865898765,0.15099705828058116,6.54575877742423e-11,7.500880697498878e-09,0.3488733160809784,9.572699992385159e-11,0.14954424928722254,1.8219570182342415e-11,6.196911819475548e-12,5.748716524976983e-12
2012-04-04,0.35141186280978554,0.1509592734737923,6.473049898890845e-11,7.506088503748785e-09,0.34854956318568553,9.467718828109133e-11,0.1490792928350357,1.832128123239704e-11,6.120277219183784e-12,5.7633619998519946e-12
2012-04-05,0.34927052345458803,0.14912081602493638,6.352706003308085e-11,7.399261098141439e-09,0.3516669753834476,9.634853329360955e-11,0.14994167754780383,1.8324651273729097e-11,6.040892545786183e-12,5.7221540807213136e-12
2012-04-09,0.3487513384282275,0.1483192022125318,6.308363731610048e-11,7.431952435972842e-09,0.35288743594536637,9.694898048794914e-11,0.15004201579185586,1.826178456087877e-11,6.077158306825549e-12,5.694781246531957e-12
2012-04-10,0.34544292730394177,0.1461404837245586,6.292083726980887e-11,7.335328430412329e-09,0.35712810274661966,9.93909465561203e-11,0.15128847869726722,1.820019309531808e-11,6.128646576525941e-12,5.644077226568682e-12
2012-04-11,0.34226630969429495,0.14379960377512535,6.204923861493725e-11,7.248005138969053e-09,0.36157017814459225,1.0129352236994703e-10,0.1523639009445815,1.8250242469929057e-11,6.242993471723152e-12,5.565189073695731e-12
2012-04-12,0.3439227980863075,0.14536604140686485,6.271093444094678e-11,7.303341139335609e-09,0.358996979551799,9.975689342774069e-11,0.15171417345907814,1.830194897142857e-11,6.221678522507734e-12,5.6182692504425005e-12
2012-04-13,0.346364209842349,0.1465830116700774,6.348413629793679e-11,7.446443889379126e-09,0.356166885084866,9.875714093249753e-11,0.15088588576375603,1.8357068299621293e-11,6.247624617445096e-12,5.662145329987663e-12
2012-04-16,0.34333793586711775,0.14511664593305382,6.246871655407508e-11,7.356768091588795e-09,0.35945716070009737,1.0067465138007382e-10,0.15208824994961087,1.8356357800761733e-11,6.196283298194308e-12,5.6565852007152466e-12
2012-04-17,0.34314396303582667,0.1453669886337816,6.292817143803197e-11,7.3207913177345955e-09,0.3593869421176995,1.0053738372879725e-10,0.15210209869813304,1.8386637670560615e-11,6.181822543703473e-12,5.734322858130436e-12
2012-04-18,0.3458053607787407,0.14644011960959769,6.348672292309215e-11,7.3530739619188795e-09,0.35651465369815943,9.97785005887375e-11,0.1512398583669516,1.833793191410217e-11,6.13080772743836e-12,5.743170734952696e-12
2012-04-19,0.34518457315297485,0.14556571524104325,6.32550447035546e-11,7.3300425445618066e-09,0.3577955348669352,1.0022848089762892e-10,0.15145416921534208,1.8360977671860156e-11,6.104531193882983e-12,5.713438512378976e-12
2012-04-20,0.34384105074249244,0.145099369763944,6.303504354892121e-11,7.315638507290499e-09,0.3591153096787788,1.0057805483632662e-10,0.1519442623053079,1.8373080432353733e-11,6.124677995994238e-12,5.727980173859822e-12
2012-04-23,0.34393161113244325,0.14573132141544823,6.355291837883164e-11,7.355761718221568e-09,0.3586452750578337,1.0045398828461037e-10,0.15169178484422105,1.8375762832244585e-11,6.1202992874750805e-12,5.789596986301873e-12
2012-04-24,0.342466860019587,0.14431609269305712,6.25413369815044e-11,7.245200142055925e-09,0.3608641796699173,1.0160686193801891e-10,0.15235286017779534,1.8413847222031825e-11,6.127807005371219e-12,5.753868942690715e-12
2012-04-25,0.34335747945284395,0.14523679119845137,6.29673467011574e-11,7.252215162085805e-09,0.35951024356268557,1.0077092394284074e-10,0.15189547833966918,1.843466849819861e-11,6.12932359923686e-12,5.83318230459228e-12
2012-04-26,0.34571505528329244,0.14650336100242506,6.339626368449474e-11,7.2691710298319995e-09,0.3566487288084145,9.957953503539643e-11,0.15113284744331656,1.8444320312619935e-11,6.100283796692257e-12,5.8605946432750156e-12
2012-04-27,0.346291807620952,0.14717261188432684,6.343960856225646e-11,7.275683251069214e-09,0.35595238456830997,9.965061899892812e-11,0.15058318845731314,1.8359340437826283e-11,6.12177746668785e-12,5.8440904268991415e-12
2012-04-30,0.34606016067678613,0.1479827823569827,6.35519558327706e-11,7.2692085994805686e-09,0.355501686208718,9.950561356135903e-11,0.15045536329494694,1.830894425739548e-11,6.12093372922927e-12,5.870860136860927e-12
2012-05-01,0.3500000000027696,0.14999999998526387,0.0,0.0,0.25172420519177585,0.0,0.2482757948001177,1.802234882467836e-11,2.0504857710680843e-12,0.0
2012-05-02,0.3516869316158333,0.1499383325111515,0.0,0.0,0.2509165851059794,0.0,0.24745815074698416,1.80109725768025e-11,2.040549121385886e-12,0.0
2012-05-03,0.3504121856306193,0.15024628212654925,0.0,0.0,0.25123140776959313,0.0,0.2481101244531394,1.8068796424042585e-11,2.0300095530170026e-12,0.0
2012-05-04,0.3493679286155274,0.14882677966821067,0.0,0.0,0.2523835435563546,0.0,0.24942174813974682,1.814143993141835e-11,2.018938991910142e-12,0.0
2012-05-07,0.346210782145084,0.14705902376160906,0.0,0.0,0.2552221629272659,0.0,0.25150803114576437,1.823662337004977e-11,2.03994801914057e-12,0.0
2012-05-08,0.34611641977350205,0.1473018084155848,0.0,0.0,0.2548941550582323,0.0,0.2516876167323994,1.8248426042048758e-11,2.0329202387150184e-12,0.0
2012-05-09,0.34482379393246143,0.14724985224245923,0.0,0.0,0.25554290634270943,0.0,0.2523834474621263,1.824949515980483e-11,1.994114533900106e-12,0.0
2012-05-10,0.34384311991645633,0.1468685158224481,0.0,0.0,0.25655402215271206,0.0,0.2527343420881611,1.8241802601633278e-11,1.980690757474413e-12,0.0
2012-05-11,0.34441911184816615,0.14737074657481924,0.0,0.0,0.2560928680229281,0.0,0.2521172735338883,1.8214642562915082e-11,1.9837704816890397e-12,0.0
2012-05-14,0.34331532255884617,0.14697004714116144,0.0,0.0,0.25688826782351304,0.0,0.25282636245625423,1.8257396287501346e-11,1.9678845756922933e-12,0.0
2012-05-15,0.34107097899791045,0.14567751284206512,0.0,0.0,0.2592033909716329,0.0,0.25404811716823794,1.8205594866781445e-11,1.948178614541607e-12,0.0
2012-05-16,0.3399537215512498,0.14577609375893458,0.0,0.0,0.2599186920874064,0.0,0.25435149258231526,1.8161676298573324e-11,1.932490399153006e-12,0.0
2012-05-17,0.3393408035061281,0.14501938343418047,0.0,0.0,0.2606412420928751,0.0,0.25499857094686385,1.8019982409238686e-11,1.9327913375772843e-12,0.0
2012-05-18,0.337428346367633,0.14305279316767858,0.0,0.0,0.26405744481626214,0.0,0.2554614156284958,1.7936309725981456e-11,1.9944270508819162e-12,0.0
2012-05-21,0.33635632078087396,0.1424749266402661,0.0,0.0,0.2653176282401264,0.0,0.25585112431867185,1.8033671078510837e-11,2.0282190638428008e-12,0.0
2012-05-22,0.339175220815504,0.1445694823073596,0.0,0.0,0.26233420831947646,0.0,0.253921088537585,1.806324855144905e-11,2.011957869683166e-12,0.0
2012-05-23,0.3402845401926619,0.14391883352604032,0.0,0.0,0.26217001044103305,0.0,0.25362661582019463,1.8088750812289983e-11,1.9815405899973407e-12,0.0
2012-05-24,0.3396457930516168,0.1444983077713349,0.0,0.0,0.2622250487217657,0.0,0.25363085043528505,1.80268933191393e-11,1.970795022976184e-12,0.0
2012-05-25,0.34016008206909387,0.14473545691877948,0.0,0.0,0.2615439214713044,0.0,0.2535605395208323,1.8022844125539757e-11,1.9671786244319346e-12,0.0
2012-05-29,0.3389898885739545,0.14461262757048007,0.0,0.0,0.2622508137233357,0.0,0.25414667011228426,1.7962255213606625e-11,1.9832894820642467e-12,0.0
2012-05-30,0.34092941357074286,0.14578214592523714,0.0,0.0,0.26037610707806613,0.0,0.25291233340595926,1.8045266618429348e-11,1.9493395909809812e-12,0.0
2012-05-31,0.33768593055580676,0.14371155035077726,0.0,0.0,0.2641886204585328,0.0,0.254413898614857,1.8055342165858314e-11,1.9707698891106233e-12,0.0
2012-06-01,0.3500000000031139,0.1499999999632851,0.0,0.0,0.24558610204807904,0.0,0.2544138979682106,5.635060622407182e-12,8.703225538660067e-12,2.973241418706766e-12
2012-06-04,0.3445136817130287,0.14690483213115912,0.0,0.0,0.25010993822747146,0.0,0.25847154791064275,5.640544611788974e-12,9.1288690228486e-12,2.9287520119137385e-12
2012-06-05,0.34570137051315536,0.14714068528391824,0.0,0.0,0.24964272394884798,0.0,0.25751522023633727,5.6672230034581435e-12,9.154159080445053e-12,2.9199793965908635e-12
2012-06-06,0.34723040073731315,0.148572782596369,0.0,0.0,0.24803796212411644,0.0,0.2561588545244302,5.6854117486694585e-12,9.115104428548607e-12,2.9709237687274755e-12
2012-06-07,0.35183374695065606,0.1508659260127763,0.0,0.0,0.24419225654275395,0.0,0.2531080704760732,5.694360930842673e-12,9.037012001991133e-12,3.0094044774274203e-12
2012-06-08,0.3519270947121805,0.14982799630749444,0.0,0.0,0.24469885883926146,0.0,0.253546050123485,5.713764097264745e-12,8.878205203758294e-12,2.986955365279491e-12
2012-06-11,0.35262671986066485,0.15096173135296576,0.0,0.0,0.24343159997836072,0.0,0.25297994879045704,5.701816225650649e-12,8.838815786141828e-12,3.0114044577662086e-12
2012-06-12,0.3506745768545598,0.14869826062136457,0.0,0.0,0.24585603863320618,0.0,0.25477112387325995,5.7056167209430606e-12,8.93917706562879e-12,2.9650786676878108e-12
2012-06-13,0.35334545918335747,0.14999820796771712,0.0,0.0,0.24360190192302567,0.0,0.2530544309082266,5.723755684114286e-12,8.96798723310623e-12,2.981739272375404e-12
2012-06-14,0.35171415414327206,0.14853177806332296,0.0,0.0,0.24532983031818834,0.0,0.254424237457506,5.717196655404595e-12,9.02193242530171e-12,2.9718517141793716e-12
2012-06-15,0.3538640117070966,0.1495600424235182,0.0,0.0,0.24358580908406618,0.0,0.2529901367675653,5.734266621179548e-12,9.017882085147594e-12,3.001752679193137e-12
2012-06-18,0.3547188891606282,0.1503900786839553,0.0,0.0,0.24282203421923013,0.0,0.25206899791853626,5.700143234069171e-12,8.953254738589367e-12,2.9968704018451384e-12
2012-06-19,0.3551621191087856,0.15046193359868443,0.0,0.0,0.24258805085238866,0.0,0.25178789642247146,5.69813695748931e-12,8.952204111930977e-12,3.0197002404052537e-12
2012-06-20,0.3568210922230294,0.15231160792505322,0.0,0.0,0.24056251324662395,0.0,0.2503047865877025,5.709901555695201e-12,8.864426732345488e-12,3.0168915832402018e-12
2012-06-21,0.3566683405291883,0.15226096263494568,0.0,0.0,0.24035941055867996,0.0,0.25071128625962047,5.738971454307375e-12,8.807820814626147e-12,3.019092395166457e-12
2012-06-22,0.3524743469913186,0.15018073010862432,0.0,0.0,0.2435037967633719,0.0,0.2538411261192504,5.754126017252046e-12,8.678547895543936e-12,3.002414402378832e-12
2012-06-25,0.35406833851308517,0.15140678342630018,0.0,0.0,0.2416795876327065,0.0,0.2528452904104535,5.775038332651547e-12,8.686447675240204e-12,2.9934134508712444e-12
2012-06-26,0.3505175913198606,0.1499522558243017,0.0,0.0,0.24448829564926886,0.0,0.2550418571889679,5.801265577527986e-12,8.803596861268678e-12,2.9963336538589944e-12
2012-06-27,0.3515524312557397,0.1502284643660895,0.0,0.0,0.24344267409880915,0.0,0.2547764302618603,5.7809437582051086e-12,8.720300928632822e-12,3.0001749778138776e-12
2012-06-28,0.35250141759513554,0.15171718174313978,0.0,0.0,0.24225475030348514,0.0,0.25352665034078953,5.779258447070494e-12,8.677627020031962e-12,2.993248399084358e-12
2012-06-29,0.3515261778067704,0.15147581573203614,0.0,0.0,0.2430606031713136,0.0,0.25393740327249736,5.77912063103735e-12,8.577309447575282e-12,3.0262399457804845e-12
2012-07-02,0.3499999999978192,0.14999999998489322,0.0,0.0,0.34999999998599907,1.379205537114842e-11,0.15000000000539532,0.0,1.2101018584584517e-11,0.0
2012-07-03,0.3492352524145357,0.15094825015541882,0.0,0.0,0.3498016981283743,1.3862152006195191e-11,0.1500147992757784,0.0,1.2030553320590277e-11,0.0
2012-07-05,0.3503021846215267,0.15238023791205155,0.0,0.0,0.3477032101061866,1.3707276003592857e-11,0.1496143673343564,0.0,1.217147226040712e-11,0.0
2012-07-06,0.34887318909778925,0.15227816455170073,0.0,0.0,0.3487883352728162,1.378330063388256e-11,0.15006031105187137,0.0,1.2039108237287598e-11,0.0
2012-07-09,0.3467409075317634,0.15109220921909453,0.0,0.0,0.3512106655517928,1.395902671907204e-11,0.1509562176714628,0.0,1.1927465323209032e-11,0.0
2012-07-10,0.34628699516920175,0.1505023672802877,0.0,0.0,0.3521608840172951,1.4081306180705186e-11,0.15104975350718186,0.0,1.1952419587722881e-11,0.0
2012-07-11,0.3448418525425982,0.14951525979881164,0.0,0.0,0.35393861775651275,1.4174592437881561e-11,0.15170426987604305,0.0,1.1859920335731001e-11,0.0
2012-07-12,0.34507484876540223,0.14908479844017528,0.0,0.0,0.35380020439316184,1.419971959004345e-11,0.15204014837512939,0.0,1.1931678630143186e-11,0.0
2012-07-13,0.3436093165997824,0.14866505585281523,0.0,0.0,0.3548254804694284,1.430879982674074e-11,0.15290014705175764,0.0,1.1907636189899467e-11,0.0
2012-07-16,0.346817289436913,0.14941254971085313,0.0,0.0,0.3519382274617093,1.4166782260237906e-11,0.1518319333644174,0.0,1.1940555439290138e-11,0.0
2012-07-17,0.34607696164975954,0.14884639137030017,0.0,0.0,0.3527912568013094,1.423576744603276e-11,0.15228539015244663,0.0,1.1948642667248008e-11,0.0
2012-07-18,0.34775889182928366,0.14907314516499623,0.0,0.0,0.35118615128540914,1.4095713892414372e-11,0.15198181169434788,0.0,1.1867599752145347e-11,0.0
2012-07-19,0.3487013438240551,0.14929009348674716,0.0,0.0,0.3499014121949851,1.4037624210838917e-11,0.1521071504683952,0.0,1.1779947123941792e-11,0.0
2012-07-20,0.34955780574008233,0.14876329318735368,0.0,0.0,0.3493313632376919,1.3999384401848067e-11,0.15234753780906943,0.0,1.1803414107749776e-11,0.0
2012-07-23,0.3476127237785515,0.14739652513485538,0.0,0.0,0.35197814272614913,1.4221684030645578e-11,0.15301260833435393,0.0,1.1868502272530225e-11,0.0
2012-07-24,0.3460992063850422,0.145887278634643,0.0,0.0,0.3546080621911105,1.4384696991859162e-11,0.1534054527629319,0.0,1.1887822175973247e-11,0.0
2012-07-25,0.3444936941856885,0.14454473344158897,0.0,0.0,0.35670214706682635,1.4555720387119147e-11,0.15425942527936723,0.0,1.1973378938089887e-11,0.0
2012-07-26,0.34426548011478453,0.1447368472870195,0.0,0.0,0.3565807307460659,1.4580327803550106e-11,0.15441694182541954,0.0,1.213029700474992e-11,0.0
2012-07-27,0.347836123420003,0.14510073201994247,0.0,0.0,0.35333518944746684,1.4359773505297403e-11,0.15372795508608555,0.0,1.2142398347165748e-11,0.0
2012-07-30,0.35193050129040915,0.14757490187815125,0.0,0.0,0.34849208694127737,1.399676405205991e-11,0.1520025098640433,0.0,1.2122224907174297e-11,0.0
2012-07-31,0.3515751699827882,0.14692406771128153,0.0,0.0,0.3492606266711347,1.4087105420503432e-11,0.15224013560860689,0.0,1.2101529874199574e-11,0.0
2012-08-01,0.34999999997122916,0.15000000001821026,0.0,0.0,0.349999999994718,9.117628187429413e-11,0.149999999905713,1.66007271220691e-11,0.0,2.352798467554395e-12
2012-08-02,0.3511764892968496,0.14815537981610205,0.0,0.0,0.35020070761839944,9.110488314114437e-11,0.1504674231584312,1.676154915294619e-11,0.0,2.351437526276621e-12
2012-08-03,0.3494596400220009,0.14791668288248733,0.0,0.0,0.3517510380627063,9.180719208913658e-11,0.15087263892190766,1.672779071141386e-11,0.0,2.362949398148357e-12
2012-08-06,0.3534728306212347,0.15020243003314188,0.0,0.0,0.3470463230529037,8.958620292723802e-11,0.1492784161841117,1.6659907319059242e-11,0.0,2.361901224499832e-12
2012-08-07,0.3533546842853267,0.15102474571867802,0.0,0.0,0.34648299955727757,8.941816027049552e-11,0.14913757033033415,1.6611231900953088e-11,0.0,2.3540878546466436e-12
2012-08-08,0.3549327439154123,0.15231423261405835,0.0,0.0,0.34447473155886593,8.8219572648356e-11,0.14827829180454924,1.6569580560872125e-11,0.0,2.3250873731234235e-12
2012-08-09,0.355610674102999,0.15219170380899996,0.0,0.0,0.34423591612186166,8.78110915045386e-11,0.14796170585942536,1.659202321390427e-11,0.0,2.3109102881218153e-12
2012-08-10,0.3556748186370003,0.15281329250533138,0.0,0.0,0.34374864561517354,8.768885928629161e-11,0.14776324313592124,1.6582645965506606e-11,0.0,2.301986499862107e-12
2012-08-13,0.35573785494280985,0.15205804416504407,0.0,0.0,0.34423677570031525,8.800229429495098e-11,0.14796732508498261,1.6544044319550214e-11,0.0,2.301789426219097e-12
2012-08-14,0.355901190093599,0.15195592329855273,0.0,0.0,0.3443425216431566,8.79393183732225e-11,0.14780036485788112,1.6568915186815692e-11,0.0,2.3022372470452326e-12
2012-08-15,0.3569042930019474,0.15199972448016155,0.0,0.0,0.34356836694492365,8.69801164386922e-11,0.14752761546704501,1.6638668928102425e-11,0.0,2.3034748360065994e-12
2012-08-16,0.35755239165555663,0.15344056193039424,0.0,0.0,0.342072822428518,8.581569364974997e-11,0.14693422388082972,1.65700274596608e-11,0.0,2.3155941970087455e-12
2012-08-17,0.3591214678607196,0.15458539271115013,0.0,0.0,0.3402272530700458,8.483191577183626e-11,0.14606588625434389,1.6582425518445188e-11,0.0,2.326260450850452e-12
2012-08-20,0.3588200397440358,0.15533288131403908,0.0,0.0,0.33990164771563885,8.50601789295809e-11,0.14594543112235783,1.654636738893939e-11,0.0,2.3219043727152873e-12
2012-08-21,0.3587445996144506,0.154947207871103,0.0,0.0,0.33999730667698136,8.521114106724848e-11,0.1463108857333776,1.656161153429259e-11,0.0,2.3146027050262335e-12
2012-08-22,0.35789132103594595,0.15495240221168866,0.0,0.0,0.34050407629222823,8.564415633880165e-11,0.14665220035556356,1.6608489521030917e-11,0.0,2.321004032632183e-12
2012-08-23,0.35701007804527934,0.15376596934701608,0.0,0.0,0.3421590939109675,8.680660690960544e-11,0.14706485859107318,1.654438138381436e-11,0.0,2.3129129892224992e-12
2012-08-24,0.3552577426847098,0.15318862871723807,0.0,0.0,0.3438927822330833,8.745689809053271e-11,0.14766084625860312,1.6595322563230398e-11,0.0,2.313534892217631e-12
2012-08-27,0.3564896483824576,0.15321395519748476,0.0,0.0,0.3428537598077686,8.714926390760596e-11,0.14744263650619754,1.6626803155268184e-11,0.0,2.315299770727568e-12
2012-08-28,0.35599353906454123,0.1534230614519157,0.0,0.0,0.34319279905443745,8.75184384932993e-11,0.1473906003226809,1.65875462671818e-11,0.0,2.3185653017595097e-12
2012-08-29,0.35539816304839106,0.15401861010504445,0.0,0.0,0.34308494002667317,8.766751160906858e-11,0.14749828671333676,1.6561798666356038e-11,0.0,2.3249975119886845e-12
2012-08-30,0.3555960793831911,0.15445781128055114,0.0,0.0,0.3427870762179296,8.726518082450795e-11,0.14715903301215733,1.6581533812200988e-11,0.0,2.323786754744933e-12
2012-08-31,0.3542419946245439,0.15344831525612831,0.0,0.0,0.34459754158938577,8.801826849115014e-11,0.14771214842296582,1.663109068439033e-11,0.0,2.3264984503279498e-12
2012-09-04,0.35000000000011916,0.14999999999436658,7.286856272083841e-13,2.0503003659995686e-12,0.12207671801235323,0.027923281967523906,0.3499999999921456,1.803095640095077e-11,0.0,1.2681553903945718e-11
2012-09-05,0.34954710325734045,0.15177403904999978,7.247435636927564e-13,2.0380562593166206e-12,0.12175208312137534,0.02788480680461905,0.3490419677331126,1.8023835899187987e-11,0.0,1.2766110140995987e-11
2012-09-06,0.3493515488527188,0.1518552427989667,7.229781331857128e-13,2.0282122322902614e-12,0.12174275292334037,0.027761508068644605,0.3492889473228002,1.8031056508905388e-11,0.0,1.2747028880722577e-11
2012-09-07,0.3539467658484603,0.15356450246204684,7.357241485156016e-13,2.0585845816078723e-12,0.12006620070425458,0.027108137082760515,0.34531439386890234,1.8010104208447126e-11,0.0,1.2771005237484106e-11
2012-09-10,0.3541679148319874,0.15419895855339283,7.443684055828339e-13,2.0994035398937453e-12,0.11983056256070987,0.02689404803565462,0.3449085159846883,1.798253590025179e-11,0.0,1.2740688063147224e-11
2012-09-11,0.35307929805581456,0.15390615980934325,7.404357975548158e-13,2.077977959236236e-12,0.1202003872805108,0.027029819187916,0.3457843356329223,1.8000480164286317e-11,0.0,1.2674164153703892e-11
2012-09-12,0.35363536950397134,0.1540499528788683,7.479378478699275e-13,2.1002965490023857e-12,0.1198328687343744,0.026827765743339043,0.3456540431058008,1.8101317180526322e-11,0.0,1.2696502501749309e-11
2012-09-13,0.35468979427594255,0.15478337026644942,7.525710233906613e-13,2.1088642196675963e-12,0.11920152654662333,0.026484016957931514,0.34484129191932383,1.8149409662630925e-11,0.0,1.2718390025674016e-11
2012-09-14,0.35669807274777626,0.1553378504468031,7.568379460336869e-13,2.1453234596680175e-12,0.11841869490995419,0.02613103249355408,0.343414349368163,1.8093878082205234e-11,0.0,1.2753242929269494e-11
2012-09-17,0.35857598665892404,0.15691933938458877,7.649538343352721e-13,2.1722187435243046e-12,0.11740381981576312,0.02545756893310769,0.34164328517373754,1.810689797916392e-11,0.0,1.2834721072686169e-11
2012-09-18,0.3574390160551614,0.15622819015447653,7.611034576648003e-13,2.149121762239102e-12,0.11767289687680126,0.025768970069953764,0.34289092680980093,1.8095567037671418e-11,0.0,1.2800283763716782e-11
2012-09-19,0.3569031856005656,0.1556133455633266,7.573959937942976e-13,2.1486822159970257e-12,0.11788996376244086,0.025880478139536513,0.343713026900463,1.8090947918552492e-11,0.0,1.2670280869334853e-11
2012-09-20,0.356763437189854,0.15519543962055282,7.598718056465149e-13,2.1466680705649765e-12,0.11805448750762318,0.02602596840994335,0.3439606672384815,1.805087563663192e-11,0.0,1.258757657153656e-11
2012-09-21,0.3570803103728526,0.15463291395615747,7.556429211465351e-13,2.1356182445195358e-12,0.11821737527365701,0.026111844405468466,0.3439575559585808,1.798086436966033e-11,0.0,1.2411342909228476e-11
2012-09-24,0.35645892134279644,0.15499041955003048,7.550587337028639e-13,2.1379103069319233e-12,0.1183138588898041,0.02610739117799441,0.3441294090061527,1.7932047963947646e-11,0.0,1.2396790128482498e-11
2012-09-25,0.3559435625097009,0.1544941986371831,7.524757460882112e-13,2.1359978414697017e-12,0.11858525828448559,0.026313083162576016,0.34466389737290426,1.791006878741554e-11,0.0,1.2351554667105661e-11
2012-09-26,0.35379198106647575,0.1529813491127763,7.506863722818008e-13,2.114047670453363e-12,0.1195781596103489,0.026696453343140348,0.3469520568343352,1.7832762037663898e-11,0.0,1.2225936389656618e-11
2012-09-27,0.3522260393731625,0.15219504079834617,7.4406850661351e-13,2.106808641821393e-12,0.12021961130121286,0.027015891366572207,0.3483434171278515,1.776512173271041e-11,0.0,1.2238740164192451e-11
2012-09-28,0.354005565667009,0.1531766238350543,7.497219371586226e-13,2.131001033475044e-12,0.11944588930779552,0.02670749031349681,0.3466644308436442,1.788102523987381e-11,0.0,1.22384268091042e-11
2012-10-01,0.34999999999917214,0.1500000000010081,0.0,4.9448471605173833e-14,9.55784362834197e-13,3.657152019502019e-14,0.20000000027088294,0.19999999972804627,0.0,0.09999999999984889
2012-10-02,0.35061375507173237,0.15037038735764552,0.0,4.9894889886034325e-14,9.567119481086333e-13,3.667478636218248e-14,0.2003565960900384,0.199485801850876,0.0,0.0991734596286645
2012-10-03,0.3502873288836342,0.15036130297221856,0.0,4.986830642859365e-14,9.542144427018983e-13,3.6552621026399345e-14,0.20002819626719626,0.199592732688307,0.0,0.09973043918760335
2012-10-04,0.351074923040735,0.14965710537120214,0.0,4.944373418254994e-14,9.53436214434835e-13,3.649757962031426e-14,0.1997938161847003,0.19972683102321476,0.0,0.09974732437910834
2012-10-05,0.3521169957856298,0.15004871966440478,0.0,4.9747508549876715e-14,9.456999808426534e-13,3.589214977524841e-14,0.19879746272369275,0.1997359364679531,0.0,0.09930088535728808
2012-10-08,0.3522997681327817,0.1499380007307173,0.0,4.976990189357849e-14,9.418371667620919e-13,3.544312671559507e-14,0.1985765168136912,0.19971801696426997,0.0,0.09946769735751265
2012-10-09,0.3518409575970566,0.14931005415346252,0.0,4.943581640387296e-14,9.469098858483766e-13,3.581753523492833e-14,0.19952268134793347,0.19986121940096835,0.0,0.09946508749954686
2012-10-10,0.3504461223499538,0.14844207191317757,0.0,4.9360766991438623e-14,9.506331784551475e-13,3.596691781567262e-14,0.2009303909070716,0.20049061627560655,0.0,0.09969079855315442
2012-10-11,0.3489731850897662,0.14853320206356746,0.0,4.916925879974641e-14,9.550151059598691e-13,3.629992244375841e-14,0.20173374415391307,0.20044972786996804,0.0,0.10031014082174468
2012-10-12,0.3483286102232006,0.14871511818280325,0.0,4.950547626809059e-14,9.536015033489655e-13,3.646330959651476e-14,0.20190761014900124,0.20105653548997707,0.0,0.09999212595397816
2012-10-15,0.34792461331225716,0.14782477993280507,0.0,4.945488897803957e-14,9.55715677933282e-13,3.663241146074336e-14,0.20256773031820877,0.20183280507974719,0.0,0.09985007135593992
2012-10-16,0.3487033290633607,0.14789844857680057,0.0,4.9442059300004374e-14,9.5020728043562e-13,3.632891075188989e-14,0.20196758453207353,0.20152477160529336,0.0,0.09990586622143591
2012-10-17,0.3501901529678751,0.14812445820491732,0.0,4.9663996822754674e-14,9.402332961955785e-13,3.5618515984807106e-14,0.20066379312391944,0.20108685783549526,0.0,0.09993473786676743
2012-10-18,0.3508275901032242,0.14905505224793866,0.0,4.991948462233921e-14,9.317687839081591e-13,3.519317963081436e-14,0.19973109393810776,0.20099501653355004,0.0,0.09939124717616261
2012-10-19,0.3503332583548659,0.1484156533176281,0.0,4.983719142620373e-14,9.31224473694843e-13,3.501942829967977e-14,0.19959491723775952,0.20112720159022288,0.0,0.10052896949850777
2012-10-22,0.34809129262019267,0.14693113657344373,0.0,4.95808305263609e-14,9.449095374535523e-13,3.58651686793988e-14,0.20204029240192603,0.202204301148486,0.0,0.10073297725492139
2012-10-23,0.3484631932771332,0.14703167305413375,0.0,5.0105234945482214e-14,9.426129077857547e-13,3.566850098561681e-14,0.20175047306610944,0.20243576299785818,0.0,0.10031889760373716
2012-10-24,0.3460513867027512,0.14732685804579265,0.0,4.9422967449610056e-14,9.537909535539254e-13,3.6433821052913005e-14,0.20352166422148832,0.20309609989176902,0.0,0.10000399113715926
2012-10-25,0.34582566452837293,0.1472493546576425,0.0,4.9579078572363076e-14,9.538244532347916e-13,3.615320422067792e-14,0.20341714250736168,0.2033633042719727,0.0,0.1001445340336107
2012-10-26,0.34645948854346886,0.14768942187282164,0.0,5.006846887151263e-14,9.493350329429677e-13,3.593013997604524e-14,0.20261823882587332,0.20347479545083205,0.0,0.09975805530596894
2012-10-31,0.34669953200567566,0.14716800152616058,0.0,4.974525542678361e-14,9.565838185701804e-13,3.65052343769705e-14,0.20387079360866572,0.20324762633717255,0.0,0.09901404652128287
2012-11-01,0.34999999999501175,0.1500000000110125,0.0,0.0,0.19612920631363573,0.0,0.20387079360361995,9.379379511936417e-11,0.0,0.09999999998292647
2012-11-02,0.35210130464022044,0.15091022419379027,0.0,0.0,0.19487249639648122,0.0,0.20207861150934012,9.332878572686587e-11,0.0,0.10003736316683924
2012-11-05,0.35075118326093235,0.14928991849153925,0.0,0.0,0.19603085394341366,0.0,0.20271182940861798,9.367325085316329e-11,0.0,0.10121621480182354
2012-11-06,0.3509025150346438,0.15004039381785403,0.0,0.0,0.19618735871840534,0.0,0.20248413419674463,9.337034387539088e-11,0.0,0.10038559813898193
2012-11-07,0.3527904460301334,0.1507934012526675,0.0,0.0,0.19482243961553863,0.0,0.20101822910073877,9.32850513837088e-11,0.0,0.10057548390763683
2012-11-08,0.34829936375243703,0.14862598579141342,0.0,0.0,0.1984519678382182,0.0,0.20347853072814806,9.367226423615819e-11,0.0,0.10114415179611122
2012-11-09,0.34646835777974005,0.1475393748365589,0.0,0.0,0.2006969822241003,0.0,0.20467062009885084,9.400589745468745e-11,0.0,0.10062466496674424
2012-11-12,0.3468164241315908,0.14787600077449323,0.0,0.0,0.20074263885206145,0.0,0.2041943634056707,9.38542815279953e-11,0.0,0.1003705727423297
2012-11-13,0.3471708334077029,0.14748084261593547,0.0,0.0,0.20091717247080793,0.0,0.20427415663434256,9.390629935478216e-11,0.0,0.10015699477730501
2012-11-14,0.3465892058576782,0.14690655947405812,0.0,0.0,0.20151940410321165,0.0,0.2047262334971066,9.385934425689822e-11,0.0,0.10025859697408622
2012-11-15,0.3449478641087404,0.1454620810425123,0.0,0.0,0.20336565116069222,0.0,0.20696956276799253,9.417408021312767e-11,0.0,0.0992548408258886
2012-11-16,0.34515798431955685,0.14504229789516426,0.0,0.0,0.20374078705839785,0.0,0.20703806586697962,9.434953047045594e-11,0.0,0.09902086476555198
2012-11-19,0.3455774522820882,0.1457086967287517,0.0,0.0,0.2031166630645314,0.0,0.20633901754727965,9.426962130052359e-11,0.0,0.09925817028307957
2012-11-20,0.34855024202330215,0.14709584195909742,0.0,0.0,0.20039492535222922,0.0,0.20462280151827286,9.437308181765734e-11,0.0,0.09933618905272533
2012-11-21,0.3488111154695075,0.14740278668860707,0.0,0.0,0.19962931253179506,0.0,0.20405027400223907,9.441321412368575e-11,0.0,0.10010651121343817
2012-11-23,0.34907323009594754,0.14801866195009497,0.0,0.0,0.1991122974049763,0.0,0.20397362541583702,9.427727130695731e-11,0.0,0.099822185038867
2012-11-26,0.35139237777015925,0.1484567325969182,0.0,0.0,0.19763130720857622,0.0,0.20265195261875896,9.394318615676014e-11,0.0,0.09986762971164437
2012-11-27,0.35043689690603,0.14884731040914229,0.0,0.0,0.19784188319226526,0.0,0.20286338779098018,9.390738521677192e-11,0.0,0.10001052160767497
2012-11-28,0.3493330984420954,0.14895508210826522,0.0,0.0,0.19868815300709705,0.0,0.2033787968204462,9.41836092228546e-11,0.0,0.0996448695279126
2012-11-29,0.3506848255155131,0.14958799656087823,0.0,0.0,0.19811886467887993,0.0,0.20250135912421258,9.381304621758973e-11,0.0,0.09910695402670333
2012-11-30,0.3508330391739517,0.15065988239216976,0.0,0.0,0.19748170705768292,0.0,0.2017949455565358,9.383095706478264e-11,0.0,0.09923042572582916
2012-12-03,0.3499999999983458,0.14999999999724462,0.0,0.0,0.0,0.0,0.34999999999624476,0.14999999993765178,0.0,7.051307526661054e-11
2012-12-04,0.3485343052061881,0.14994652517911866,0.0,0.0,0.0,0.0,0.350647401164792,0.15087176837905028,0.0,7.085105198280977e-11
2012-12-05,0.3480392155124717,0.1501283568266271,0.0,0.0,0.0,0.0,0.3509616636048844,0.15087076398505642,0.0,7.096047553191626e-11
2012-12-06,0.3481691991162015,0.1497365821799043,0.0,0.0,0.0,0.0,0.3511907213082117,0.1509034973250405,0.0,7.064209535978022e-11
2012-12-07,0.34877968532524845,0.1497290114860753,0.0,0.0,0.0,0.0,0.3505595846820555,0.1509317184354367,0.0,7.118408061621723e-11
2012-12-10,0.3497984394476227,0.14982223540678785,0.0,0.0,0.0,0.0,0.3496901452442537,0.15068917982989652,0.0,7.143934324586758e-11
2012-12-11,0.3495094839405681,0.15029095462698086,0.0,0.0,0.0,0.0,0.3495691073978449,0.1506304539632887,0.0,7.131747115495315e-11
2012-12-12,0.3508994194019328,0.15144791745406413,0.0,0.0,0.0,0.0,0.34730097674028726,0.15035168633242438,0.0,7.12914225920876e-11
2012-12-13,0.3515233319462931,0.15078877605127644,0.0,0.0,0.0,0.0,0.34669079238860284,0.15099709954264093,0.0,7.118675011777408e-11
2012-12-14,0.3508394905816943,0.1504563362632169,0.0,0.0,0.0,0.0,0.3476053351466387,0.1510988379375121,0.0,7.093806772240722e-11
2012-12-17,0.34997306026529545,0.1505531351581418,0.0,0.0,0.0,0.0,0.34829937063862976,0.15117443386691717,0.0,7.101584126436505e-11
2012-12-18,0.35208085414141504,0.15180898849726981,0.0,0.0,0.0,0.0,0.34521158688049197,0.15089857040983815,0.0,7.098502798739959e-11
2012-12-19,0.35415284887192094,0.15308300862944363,0.0,0.0,0.0,0.0,0.3425680348209718,0.1501961076063186,0.0,7.134488383520553e-11
2012-12-20,0.35191363770430284,0.15359516062934206,0.0,0.0,0.0,0.0,0.34428809039314134,0.1502031112018871,0.0,7.132652529171134e-11
2012-12-21,0.3526463191596193,0.1537986929080529,0.0,0.0,0.0,0.0,0.3433723158455373,0.15018267201479216,0.0,7.199832871006962e-11
2012-12-24,0.3507338392566438,0.15372680977302539,0.0,0.0,0.0,0.0,0.34523634848856627,0.15030300240962036,0.0,7.214414706565452e-11
2012-12-26,0.3505655677084273,0.15337734943212886,0.0,0.0,0.0,0.0,0.345908985271486,0.15014809751552938,0.0,7.242844424670802e-11
2012-12-27,0.3496891266187168,0.1525412456414185,0.0,0.0,0.0,0.0,0.3469981555666838,0.1507714721009705,0.0,7.221037977033196e-11
2012-12-28,0.3489245742486892,0.15230204358971675,0.0,0.0,0.0,0.0,0.34782190586479533,0.1509514762243844,0.0,7.241436254461729e-11
2012-12-31,0.34670791113082045,0.1519020046460607,0.0,0.0,0.0,0.0,0.3501655965334914,0.1512244876173643,0.0,7.226326109220624e-11
2013-01-02,0.3499999999949334,0.0,0.1499999999705548,0.0,0.0,0.0,0.34999999999679454,0.15000000000837804,0.0,2.933918072644576e-11
2013-01-03,0.35418326332306943,0.0,0.15029007997935362,0.0,0.0,0.0,0.3461318777434147,0.14939477892485367,0.0,2.930865017003907e-11
2013-01-04,0.3550167009659599,0.0,0.14952044791459168,0.0,0.0,0.0,0.3458393407230319,0.14962351036697688,0.0,2.943971774162167e-11
2013-01-07,0.3557785349585654,0.0,0.14994282203909723,0.0,0.0,0.0,0.3448942255394949,0.14938441743333192,0.0,2.951060437806744e-11
2013-01-08,0.3551348010384014,0.0,0.1494288147083738,0.0,0.0,0.0,0.34578639768387154,0.14964998653974912,0.0,2.9604142661035506e-11
2013-01-09,0.3546997788543892,0.0,0.14883930804122408,0.0,0.0,0.0,0.346674659583701,0.14978625349108995,0.0,2.9595710325532495e-11
2013-01-10,0.35495080369252413,0.0,0.1493242631528183,0.0,0.0,0.0,0.3459262523679373,0.1497986807570948,0.0,2.962542588469433e-11
2013-01-11,0.3559380601778814,0.0,0.15045487153736464,0.0,0.0,0.0,0.34432331099587005,0.1492837572593797,0.0,2.950426074572997e-11
2013-01-14,0.3554934138137623,0.0,0.15058840478106025,0.0,0.0,0.0,0.3445422496640738,0.14937593171165175,0.0,2.9451851113448055e-11
2013-01-15,0.3555888504832746,0.0,0.1509131715421591,0.0,0.0,0.0,0.34418584340937136,0.14931213453563175,0.0,2.956320933080922e-11
2013-01-16,0.3559179657359182,0.0,0.150716312838851,0.0,0.0,0.0,0.3439853950730813,0.1493803263224386,0.0,2.971094151291329e-11
2013-01-17,0.3562361254702758,0.0,0.15014348103242492,0.0,0.0,0.0,0.34433974524704447,0.14928064822054854,0.0,2.9706392967215826e-11
2013-01-18,0.3573001243501857,0.0,0.15084321610160836,0.0,0.0,0.0,0.3425544738438558,0.14930218567465453,0.0,2.969584183776762e-11
2013-01-22,0.35767194602420804,0.0,0.15050904607772456,0.0,0.0,0.0,0.3424888102413124,0.14933019762696786,0.0,2.9787486126326627e-11
2013-01-23,0.35884709394810566,0.0,0.15027092218934063,0.0,0.0,0.0,0.3417706611459169,0.14911132268675942,0.0,2.987782206370852e-11
2013-01-24,0.35918237319988866,0.0,0.15001475075020917,0.0,0.0,0.0,0.34196505026828267,0.14883782575177093,0.0,2.9848963175408465e-11
2013-01-25,0.35903882895012584,0.0,0.15063687769484538,0.0,0.0,0.0,0.34125577638074694,0.14906851694439213,0.0,2.989008923391199e-11
2013-01-28,0.36032177684999644,0.0,0.15195181936082555,0.0,0.0,0.0,0.33900849116064896,0.14871791259853046,0.0,2.9998878262811034e-11
2013-01-29,0.36044503986728543,0.0,0.15143831786729145,0.0,0.0,0.0,0.33924799807390127,0.14886864416139858,0.0,3.0123543841286574e-11
2013-01-30,0.361343989983495,0.0,0.15225127405178396,0.0,0.0,0.0,0.33800025470873724,0.1484044812258165,0.0,3.016745214802557e-11
2013-01-31,0.3611772780050425,0.0,0.15293430131198094,0.0,0.0,0.0,0.3380391902514873,0.14784923040150555,0.0,2.9983887889877766e-11
2013-02-01,0.15000000000590769,0.0,0.34999999998330866,1.2227989635433015e-12,8.347730224478535e-13,0.0,0.34999999999944126,0.15000000000166877,0.0,7.616068340368343e-12
2013-02-04,0.15095117134011646,0.0,0.35141109891139,1.2260108293289066e-12,8.286873882177311e-13,0.0,0.3477280679066021,0.149909661832206,0.0,7.63077454093105e-12
2013-02-05,0.15037856674249403,0.0,0.3476854770909921,1.218871306775505e-12,8.397519309526564e-13,0.0,0.3515272700727978,0.15040868608398705,0.0,7.670334125981145e-12
2013-02-06,0.1514793113053917,0.0,0.3483328033139487,1.2169030265630514e-12,8.344464946311265e-13,0.0,0.34985447369783274,0.1503334116731441,0.0,7.631371909621215e-12
2013-02-07,0.15147789890181682,0.0,0.34801675948632005,1.2146236107922987e-12,8.363531218116461e-13,0.0,0.35050819799040484,0.14999714361175473,0.0,7.65252804000647e-12
2013-02-08,0.15176639272054704,0.0,0.34628362059968393,1.2077286365148543e-12,8.394510394963755e-13,0.0,0.3517588121516358,0.15019117451844125,0.0,7.644795281039871e-12
2013-02-11,0.15202611966729632,0.0,0.3471511386185892,1.2119444013455055e-12,8.368637981385935e-13,0.0,0.35117491047957844,0.14964783122480146,0.0,7.685757982745572e-12
2013-02-12,0.15208396303395136,0.0,0.34699602485386577,1.2120932228613524e-12,8.364816815873603e-13,0.0,0.3512016790117674,0.14971833309066546,0.0,7.701361840007533e-12
2013-02-13,0.15201012840600653,0.0,0.34797444942279554,1.212823138753057e-12,8.33834974911615e-13,0.0,0.35010180430688653,0.14991361785452187,0.0,7.742859610416128e-12
2013-02-14,0.15208493410563959,0.0,0.34867719998286084,1.2184524504201521e-12,8.306254545257554e-13,0.0,0.3491537205758075,0.15008414532590741,0.0,7.73560306516559e-12
2013-02-15,0.15235449137690774,0.0,0.3470780614634147,1.2189376505719684e-12,8.348720286543336e-13,0.0,0.35041981425408514,0.15014763289582878,0.0,7.709884853362424e-12
2013-02-19,0.15235717873270352,0.0,0.34660515294158495,1.2159797014276233e-12,8.35087301647487e-13,0.0,0.35069366821448517,0.15034400010145277,0.0,7.722490715253396e-12
2013-02-20,0.15269108374369528,0.0,0.3488521499561086,1.212053112533753e-12,8.293599578133466e-13,0.0,0.3487599804122681,0.14969678587814383,0.0,7.742858971840709e-12
2013-02-21,0.151528309920834,0.0,0.34712538383583613,1.2072265927985609e-12,8.352422537389512e-13,0.0,0.351059546618135,0.15028675961542173,0.0,7.730698163009462e-12
2013-02-22,0.15142781834627045,0.0,0.34377063329285745,1.197136439212167e-12,8.414559715409353e-13,0.0,0.3535339421562581,0.1512676061948609,0.0,7.714538571407973e-12
2013-02-25,0.1518392183808072,0.0,0.34628251755136064,1.1940132024978668e-12,8.365979256700817e-13,0.0,0.3512982795504503,0.150579984507614,0.0,7.737436392042996e-12
2013-02-26,0.1503881021302604,0.0,0.34125647300285855,1.1893836827727864e-12,8.511809376734888e-13,0.0,0.35679214247010316,0.15156328238707376,0.0,7.663779230305624e-12
2013-02-27,0.15080221702874327,0.0,0.3426081521805543,1.1912072810461232e-12,8.461412627287338e-13,0.0,0.35489939746183363,0.15169023331914647,0.0,7.685238566878623e-12
2013-02-28,0.15173306215605056,0.0,0.3447522915503652,1.1966042170181764e-12,8.403790158648264e-13,0.0,0.3525302159035889,0.1509844303802666,0.0,7.692081954900767e-12
2013-03-01,0.15000000015039994,2.5040952997839188e-12,0.34999999979811175,0.0,0.0,0.0,0.14999999932077523,0.3499999999185908,0.0,8.096182509882847e-10
2013-03-04,0.15037254747369935,2.5134013513281174e-12,0.3489952746785948,0.0,0.0,0.0,0.15022071227802672,0.35041146475551116,0.0,8.116547207815045e-10
2013-03-05,0.15083727525838597,2.5144371363088255e-12,0.3497179333528437,0.0,0.0,0.0,0.14977469833230908,0.34967009223802115,0.0,8.159257590661005e-10
2013-03-06,0.15138824638880577,2.530307372058892e-12,0.351336709419673,0.0,0.0,0.0,0.14873902563126884,0.34853601773969634,0.0,8.180258146060821e-10
2013-03-07,0.1515271239569714,2.5357693753904974e-12,0.35207479216774196,0.0,0.0,0.0,0.14823904401833654,0.34815903903919043,0.0,8.15224009252692e-10
2013-03-08,0.15160101370330561,2.5444716345694696e-12,0.3526209994739331,0.0,0.0,0.0,0.14756045936166734,0.3482175266482315,0.0,8.103181726818155e-10
2013-03-11,0.15204872510592735,2.5646813351902915e-12,0.3529332482626132,0.0,0.0,0.0,0.14684841130331183,0.3481696145149332,0.0,8.106500159557124e-10
2013-03-12,0.15239346187240427,2.559958644180407e-12,0.35346450861073764,0.0,0.0,0.0,0.14672375251326827,0.34741827619091953,0.0,8.101105476294964e-10
2013-03-13,0.15235240743288977,2.55982056848617e-12,0.35237957963750044,0.0,0.0,0.0,0.14731072337411413,0.3479572887442367,0.0,8.086993727730922e-10
2013-03-14,0.15262608771956923,2.570383907696409e-12,0.3519788430891797,0.0,0.0,0.0,0.14723087931542816,0.3481641890634327,0.0,8.098199916924121e-10
2013-03-15,0.15257539995113065,2.5815203211865922e-12,0.35342946957047955,0.0,0.0,0.0,0.14646410193113182,0.34753102773433925,0.0,8.103372416152396e-10
2013-03-18,0.1522721460963806,2.578434930447275e-12,0.35390278161392924,0.0,0.0,0.0,0.14656312489572063,0.34726194657975173,0.0,8.116394119199253e-10
2013-03-19,0.1520875580194535,2.575388485955197e-12,0.3515169013672693,0.0,0.0,0.0,0.14755578935558897,0.34883975044447185,0.0,8.106409637556085e-10
2013-03-20,0.1520027176188312,2.5689930042475584e-12,0.35106841304310216,0.0,0.0,0.0,0.14806429468694432,0.3488645738404198,0.0,8.081335083205664e-10
2013-03-21,0.15246719917430038,2.5826954866301236e-12,0.35183110924159483,0.0,0.0,0.0,0.14705519601877684,0.34864649475522447,0.0,8.075207137166087e-10
2013-03-22,0.15192140994808276,2.5728734441696143e-12,0.35037718089610764,0.0,0.0,0.0,0.14793997875097384,0.3497614295931371,0.0,8.091256772242463e-10
2013-03-25,0.15253014431723452,2.570515451499023e-12,0.3520021900965711,0.0,0.0,0.0,0.14736150239947926,0.34810616237401026,0.0,8.101341473746817e-10
2013-03-26,0.15273948336305126,2.5863262740500528e-12,0.34955105676390996,0.0,0.0,0.0,0.14818270606768996,0.3495267529879962,0.0,8.147660701262589e-10
2013-03-27,0.153324207621073,2.5838401571063516e-12,0.35030074943491585,0.0,0.0,0.0,0.14766780757164225,0.34870723455139424,0.0,8.18390740373201e-10
2013-03-28,0.15359985540009766,2.5901339124905486e-12,0.34920535209217307,0.0,0.0,0.0,0.14845295484041332,0.3487418368433446,0.0,8.213810705542667e-10
2013-04-01,0.1535998554684947,4.999643293224335e-12,0.34640014440904743,0.0,0.0,0.0,0.1500000001142291,0.3499999998945093,0.0,1.0871963922784367e-10
2013-04-02,0.15373573618215566,4.956377813193852e-12,0.34342156779462263,0.0,0.0,0.0,0.15051211603805323,0.3523305798706386,0.0,1.0957338705718133e-10
2013-04-03,0.15385687461058895,4.905194727072834e-12,0.34564867109935143,0.0,0.0,0.0,0.1498786227957855,0.3506158313799082,0.0,1.094606896605808e-10
2013-04-04,0.15270338907801354,4.84125472321913e-12,0.3448620613165114,0.0,0.0,0.0,0.1508830503301839,0.35155149916108375,0.0,1.0936605649742158e-10
2013-04-05,0.1526547925974783,4.86141296782613e-12,0.3464099887157706,0.0,0.0,0.0,0.15102778916109497,0.34990742941013425,0.0,1.1066038732013068e-10
2013-04-08,0.1521930293268395,4.859036452555996e-12,0.3453336645462197,0.0,0.0,0.0,0.15171477034398392,0.35075853566667287,0.0,1.1142482309428899e-10
2013-04-09,0.15278105384554294,4.885163513409599e-12,0.3456852148859671,0.0,0.0,0.0,0.15141484727822563,0.35011888387338386,0.0,1.1199531331110124e-10
2013-04-10,0.15284681306109527,4.856215189160525e-12,0.3458694398618722,0.0,0.0,0.0,0.15110798999597966,0.35017575696452363,0.0,1.1167296091945826e-10
2013-04-11,0.1535328741495534,4.9062489267717605e-12,0.34831873936046737,0.0,0.0,0.0,0.14955312897138995,0.34859525740218156,0.0,1.1150139738958011e-10
2013-04-12,0.1535252596284784,4.896751289724047e-12,0.3498792706850644,0.0,0.0,0.0,0.1491560808506655,0.34743938871911123,0.0,1.1178370573501515e-10
2013-04-15,0.1532092288724528,4.878875179132667e-12,0.3491494827588447,0.0,0.0,0.0,0.1499555867795674,0.34768570147215566,0.0,1.1210057786244243e-10
2013-04-16,0.15156557246966612,4.754768122523866e-12,0.3466325844835047,0.0,0.0,0.0,0.15191615865433566,0.3498856842765604,0.0,1.1117837226111352e-10
2013-04-17,0.15238671098099127,4.792539954142497e-12,0.34831189684256375,0.0,0.0,0.0,0.1502444534985984,0.34905693856107295,0.0,1.1198103872444038e-10
2013-04-18,0.1516488803264794,4.756107631053037e-12,0.3444443003763278,0.0,0.0,0.0,0.15194689909070738,0.3519599200898368,0.0,1.118923397612659e-10
2013-04-19,0.15106656346872152,4.7411971168874665e-12,0.34422402289684134,0.0,0.0,0.0,0.15245390034550596,0.3522555131721952,0.0,1.1199453601520212e-10
2013-04-22,0.15175581609242442,4.7760711064067866e-12,0.34556242364038764,0.0,0.0,0.0,0.15205440932850622,0.3506273508206507,0.0,1.1325471278469653e-10
2013-04-23,0.15197306156148663,4.77543761779118e-12,0.345985469258945,0.0,0.0,0.0,0.15164911476431756,0.35039235429771254,0.0,1.1276267867615429e-10
2013-04-24,0.15231639047447407,4.812460430964408e-12,0.34808647229320533,0.0,0.0,0.0,0.15063843072253136,0.34895870639249016,0.0,1.1248648685975611e-10
2013-04-25,0.1518374447758366,4.819217863089281e-12,0.34976810514537454,0.0,0.0,0.0,0.1501312584465962,0.3482631915150696,0.0,1.1230374034531536e-10
2013-04-26,0.15194787009170674,4.834831377976945e-12,0.35044686028927025,0.0,0.0,0.0,0.1495480714769589,0.34805719802567436,0.0,1.1155491278327231e-10
2013-04-29,0.1516500894172622,4.8080149605349095e-12,0.35066599757438327,0.0,0.0,0.0,0.1500587631628484,0.3476251497295263,0.0,1.1117165952339861e-10
2013-04-30,0.15173097696463267,4.813033310290693e-12,0.352968947546018,0.0,0.0,0.0,0.14915194297280523,0.34614813240029657,0.0,1.1143426287962496e-10
2013-05-01,0.15173097718802556,0.29614813200881474,0.05296894763278395,0.0,5.1147838140954043e-11,0.0,0.1491519431788378,0.3499999998684377,0.0,7.195252070433198e-11
2013-05-02,0.15173992781721077,0.2915457514150092,0.05312139375817944,0.0,5.177185060979073e-11,0.0,0.15114992986759263,0.3524429970182214,0.0,7.201469347125649e-11
2013-05-03,0.15186331794322963,0.2936946969713234,0.05283793577777141,0.0,5.133716886188301e-11,0.0,0.1498808596115151,0.35172318957294474,0.0,7.187858050615963e-11
2013-05-06,0.15248582480421494,0.29657004917611546,0.05319374014747582,0.0,5.059491349855464e-11,0.0,0.14758364509234956,0.3501667406575154,0.0,7.173382107337417e-11
2013-05-07,0.1525036725419238,0.2977576822508972,0.052997298972263636,0.0,5.0407251703087617e-11,0.0,0.14720257004673115,0.34953877606584677,0.0,7.193021119786763e-11
2013-05-08,0.1528290648118361,0.29931622942474767,0.052927089699391486,0.0,5.019021972495784e-11,0.0,0.14666363023444604,0.34826398570727124,0.0,7.211721190512992e-11
2013-05-09,0.15299020765005839,0.2991429985583568,0.053299221213333164,0.0,5.0075835837417945e-11,0.0,0.14628597216408243,0.3482816002921896,0.0,7.19039067514744e-11
2013-05-10,0.15306376377169364,0.2991051357150904,0.05295954740435614,0.0,5.023209043989187e-11,0.0,0.14645467059085435,0.34841688239610447,0.0,7.166900494076461e-11
2013-05-13,0.15352324347002771,0.30130127810879676,0.053005421442087364,0.0,4.993567868021908e-11,0.0,0.14565486848429074,0.3465151883729461,0.0,7.191558382993773e-11
2013-05-14,0.15393956832333539,0.301660035136838,0.053081506955797324,0.0,4.994270843703289e-11,0.0,0.14555768907101285,0.34576120039067954,0.0,7.23941331891849e-11
2013-05-15,0.15467445879252606,0.30384452315774846,0.05289049027097785,0.0,4.9468514711406824e-11,0.0,0.1443704760601245,0.34422005159689517,0.0,7.22593970212527e-11
2013-05-16,0.15516262920828985,0.30378905605114953,0.05300010704749221,0.0,4.94882559824345e-11,0.0,0.1445557888103324,0.3434924187604346,0.0,7.281313662017932e-11
2013-05-17,0.15449148269465374,0.3031284911137548,0.05265822778508516,0.0,4.9742676846216334e-11,0.0,0.14527201864335634,0.34444977964094303,0.0,7.24642798294934e-11
2013-05-20,0.15526693753142104,0.305118576618148,0.052775231717099406,0.0,4.924607747223389e-11,0.0,0.1439784812256123,0.3428607727859409,0.0,7.253229082315021e-11
2013-05-21,0.15510738918396894,0.3053158405267688,0.05301687675175,0.0,4.9161623960918826e-11,0.0,0.14367149452507866,0.34288839889064154,0.0,7.263034037193329e-11
2013-05-22,0.1550856996992865,0.3048962013961642,0.05304188496453299,0.0,4.9212813887280595e-11,0.0,0.14398325544303048,0.34299295837484634,0.0,7.29265095163452e-11
2013-05-23,0.15539446711938681,0.3032887303692341,0.05300524582886893,0.0,4.9285079253934575e-11,0.0,0.14420122663100382,0.3441103299303932,0.0,7.182796643823833e-11
2013-05-24,0.15519817320473198,0.3041572540514399,0.052332076332007885,0.0,4.941672413878992e-11,0.0,0.14458199189957308,0.3437305043922343,0.0,7.059607121388646e-11
2013-05-28,0.1552839196683927,0.3045208207668915,0.051948809058901646,0.0,4.950446807146747e-11,0.0,0.1446875306040196,0.3435589197817746,0.0,7.051534013509731e-11
2013-05-29,0.15584697778071496,0.3077473614036106,0.051961760677173625,0.0,4.8808086459474846e-11,0.0,0.14295842569905148,0.3414854743208946,0.0,6.974641251733283e-11
2013-05-30,0.1557382547957062,0.30667074756967627,0.05176442503556198,0.0,4.9293605687814436e-11,0.0,0.14373180340629113,0.34209476907480574,0.0,6.866476393817666e-11
2013-05-31,0.15573490536782267,0.30758914315622377,0.05177577518842483,0.0,4.911590777014234e-11,0.0,0.14338171691641538,0.3415184592542287,0.0,6.776842217477167e-11
