date,gross,net,benchmark,active,gross_active,turnover,cost,rebalance,benchmark_turnover,benchmark_cost,benchmark_net
2011-01-03,0.00612714058292531,0.0058471405829246615,0.005758296757441179,8.884382548348269e-05,0.00036884382548413135,0.28000000000064834,0.00028000000000064833,True,0.0,0.0,0.005758296757441179
2011-01-04,-0.0019375428659901526,-0.0019375428659901526,-0.00020089233104540923,-0.0017366505349447434,-0.0017366505349447434,0.0,0.0,False,0.0,0.0,-0.00020089233104540923
2011-01-05,-0.0010041064854252732,-0.0010041064854252732,-0.0030702972421233383,0.002066190756698065,0.002066190756698065,0.0,0.0,False,0.0,0.0,-0.0030702972421233383
2011-01-06,0.0002506451213987965,0.0002506451213987965,-0.0021675064486189983,0.0024181515700177946,0.0024181515700177946,0.0,0.0,False,0.0,0.0,-0.0021675064486189983
2011-01-07,0.0011299915271155516,0.0011299915271155516,-5.727830696466334e-05,0.001187269834080215,0.001187269834080215,0.0,0.0,False,0.0,0.0,-5.727830696466334e-05
2011-01-10,0.0019192835797962136,0.0019192835797962136,-0.00016957081203450346,0.002088854391830717,0.002088854391830717,0.0,0.0,False,0.0,0.0,-0.00016957081203450346
2011-01-11,0.0006464602469514137,0.0006464602469514137,0.002198163937179108,-0.0015517036902276944,-0.0015517036902276944,0.0,0.0,False,0.0,0.0,0.002198163937179108
2011-01-12,0.0036920797943752787,0.0036920797943752787,0.007372694293567227,-0.003680614499191948,-0.003680614499191948,0.0,0.0,False,0.0,0.0,0.007372694293567227
2011-01-13,0.0021596479899929346,0.0021596479899929346,0.0014255008444584221,0.0007341471455345125,0.0007341471455345125,0.0,0.0,False,0.0,0.0,0.0014255008444584221
2011-01-14,0.002046150197672974,0.002046150197672974,0.0022118698363226075,-0.00016571963864963355,-0.00016571963864963355,0.0,0.0,False,0.0,0.0,0.0022118698363226075
2011-01-18,-0.00027114368339160633,-0.00027114368339160633,0.000611217060078578,-0.0008823607434701843,-0.0008823607434701843,0.0,0.0,False,0.0,0.0,0.000611217060078578
2011-01-19,-0.007344064090580516,-0.007344064090580516,-0.0053593850235490875,-0.0019846790670314286,-0.0019846790670314286,0.0,0.0,False,0.0,0.0,-0.0053593850235490875
2011-01-20,-0.005867456035278552,-0.005867456035278552,-0.00616354755412692,0.000296091518848368,0.000296091518848368,0.0,0.0,False,0.0,0.0,-0.00616354755412692
2011-01-21,0.0005672199524434029,0.0005672199524434029,0.0014169000727246727,-0.0008496801202812698,-0.0008496801202812698,0.0,0.0,False,0.0,0.0,0.0014169000727246727
2011-01-24,0.0033751804573628674,0.0033751804573628674,0.004579098788427395,-0.0012039183310645274,-0.0012039183310645274,0.0,0.0,False,0.0,0.0,0.004579098788427395
2011-01-25,0.002776315155507491,0.002776315155507491,0.001545140120536434,0.001231175034971057,0.001231175034971057,0.0,0.0,False,0.0,0.0,0.001545140120536434
2011-01-26,0.0014547872543526374,0.0014547872543526374,0.0010121975605132346,0.0004425896938394028,0.0004425896938394028,0.0,0.0,False,0.0,0.0,0.0010121975605132346
2011-01-27,0.0027456001088180014,0.0027456001088180014,0.0021251190151424936,0.0006204810936755079,0.0006204810936755079,0.0,0.0,False,0.0,0.0,0.0021251190151424936
2011-01-28,-0.008885540744678294,-0.008885540744678294,-0.011696506406382366,0.002810965661704072,0.002810965661704072,0.0,0.0,False,0.0,0.0,-0.011696506406382366
2011-01-31,0.0020402904106033193,0.0020402904106033193,0.003377293916578691,-0.0013370035059753716,-0.0013370035059753716,0.0,0.0,False,0.0,0.0,0.003377293916578691
2011-02-01,0.011955070441841152,0.011672013052833996,0.010562427146867864,0.0011095859059661317,0.0013926432949732878,0.28305738900715544,0.00028305738900715545,True,0.00803601025340903,8.036010253409028e-06,0.010554391136614456
2011-02-02,-0.0023099261197629386,-0.0023099261197629386,-0.002390682854599901,8.075673483696252e-05,8.075673483696252e-05,0.0,0.0,False,0.0,0.0,-0.002390682854599901
2011-02-03,0.0021555461839503935,0.0021555461839503935,-0.0011473888466842796,0.003302935030634673,0.003302935030634673,0.0,0.0,False,0.0,0.0,-0.0011473888466842796
2011-02-04,0.0004984634740657653,0.0004984634740657653,-0.0012876129650682367,0.0017860764391340019,0.0017860764391340019,0.0,0.0,False,0.0,0.0,-0.0012876129650682367
2011-02-07,0.005172753901501246,0.005172753901501246,0.003343671822138998,0.0018290820793622478,0.0018290820793622478,0.0,0.0,False,0.0,0.0,0.003343671822138998
2011-02-08,0.0035796063986715024,0.0035796063986715024,0.0004742017560123206,0.003105404642659182,0.003105404642659182,0.0,0.0,False,0.0,0.0,0.0004742017560123206
2011-02-09,-0.001222924394209913,-0.001222924394209913,-0.0012156840271915252,-7.240367018387841e-06,-7.240367018387841e-06,0.0,0.0,False,0.0,0.0,-0.0012156840271915252
2011-02-10,0.0002932847848593843,0.0002932847848593843,-0.0035402823413720206,0.003833567126231405,0.003833567126231405,0.0,0.0,False,0.0,0.0,-0.0035402823413720206
2011-02-11,0.006071505111183053,0.006071505111183053,0.006069183010295021,2.3221008880322178e-06,2.3221008880322178e-06,0.0,0.0,False,0.0,0.0,0.006069183010295021
2011-02-14,0.0028907460373277785,0.0028907460373277785,0.0009994484342230165,0.001891297603104762,0.001891297603104762,0.0,0.0,False,0.0,0.0,0.0009994484342230165
2011-02-15,-0.0016869264462893204,-0.0016869264462893204,-0.0005298812711746168,-0.0011570451751147038,-0.0011570451751147038,0.0,0.0,False,0.0,0.0,-0.0005298812711746168
2011-02-16,0.0042057655839980125,0.0042057655839980125,0.004385997253691326,-0.00018023166969331327,-0.00018023166969331327,0.0,0.0,False,0.0,0.0,0.004385997253691326
2011-02-17,0.0043948767671749146,0.0043948767671749146,0.003214436309302626,0.0011804404578722887,0.0011804404578722887,0.0,0.0,False,0.0,0.0,0.003214436309302626
2011-02-18,0.0016705791292204208,0.0016705791292204208,0.0018420629759062152,-0.00017148384668579444,-0.00017148384668579444,0.0,0.0,False,0.0,0.0,0.0018420629759062152
2011-02-22,-0.012980711865333016,-0.012980711865333016,-0.012057036031715065,-0.0009236758336179512,-0.0009236758336179512,0.0,0.0,False,0.0,0.0,-0.012057036031715065
2011-02-23,-0.006474274770516403,-0.006474274770516403,-0.0029621380594878036,-0.003512136711028599,-0.003512136711028599,0.0,0.0,False,0.0,0.0,-0.0029621380594878036
2011-02-24,0.0013916515187498784,0.0013916515187498784,0.0014735189767978761,-8.186745804799776e-05,-8.186745804799776e-05,0.0,0.0,False,0.0,0.0,0.0014735189767978761
2011-02-25,0.011937723260336111,0.011937723260336111,0.009035327021988906,0.0029023962383472046,0.0029023962383472046,0.0,0.0,False,0.0,0.0,0.009035327021988906
2011-02-28,0.0031870598722768696,0.0031870598722768696,0.004260715637368405,-0.001073655765091535,-0.001073655765091535,0.0,0.0,False,0.0,0.0,0.004260715637368405
2011-03-01,-0.009646061916539411,-0.009927240071392203,-0.008751366247647918,-0.0011758738237442855,-0.0008946956688914934,0.2811781548527928,0.0002811781548527928,True,0.008100208428085846,8.100208428085845e-06,-0.008759466456076004
2011-03-02,0.0009733950187812455,0.0009733950187812455,0.00035188846518890125,0.0006215065535923442,0.0006215065535923442,0.0,0.0,False,0.0,0.0,0.00035188846518890125
2011-03-03,0.01034861428516817,0.01034861428516817,0.007693005119420092,0.0026556091657480773,0.0026556091657480773,0.0,0.0,False,0.0,0.0,0.007693005119420092
2011-03-04,-0.0034122463377761515,-0.0034122463377761515,-0.0013389854575861534,-0.002073260880189998,-0.002073260880189998,0.0,0.0,False,0.0,0.0,-0.0013389854575861534
2011-03-07,-0.005853428565267549,-0.005853428565267549,-0.007239174222174585,0.0013857456569070364,0.0013857456569070364,0.0,0.0,False,0.0,0.0,-0.007239174222174585
2011-03-08,0.005311819186764153,0.005311819186764153,0.0042865026037027035,0.0010253165830614499,0.0010253165830614499,0.0,0.0,False,0.0,0.0,0.0042865026037027035
2011-03-09,-0.001423976808355727,-0.001423976808355727,0.0020307102941144856,-0.0034546871024702126,-0.0034546871024702126,0.0,0.0,False,0.0,0.0,0.0020307102941144856
2011-03-10,-0.011959575315488906,-0.011959575315488906,-0.01042201664404365,-0.0015375586714452567,-0.0015375586714452567,0.0,0.0,False,0.0,0.0,-0.01042201664404365
2011-03-11,0.002509088282304068,0.002509088282304068,0.0023207171279878472,0.00018837115431622094,0.00018837115431622094,0.0,0.0,False,0.0,0.0,0.0023207171279878472
2011-03-14,-0.0041757585257000095,-0.0041757585257000095,-0.0034792684957921385,-0.000696490029907871,-0.000696490029907871,0.0,0.0,False,0.0,0.0,-0.0034792684957921385
2011-03-15,-0.0071350724698041115,-0.0071350724698041115,-0.007087014873216858,-4.8057596587253344e-05,-4.8057596587253344e-05,0.0,0.0,False,0.0,0.0,-0.007087014873216858
2011-03-16,-0.009047906012656901,-0.009047906012656901,-0.009202188423994447,0.000154282411337546,0.000154282411337546,0.0,0.0,False,0.0,0.0,-0.009202188423994447
2011-03-17,0.008292947895807621,0.008292947895807621,0.008708020795910416,-0.0004150729001027951,-0.0004150729001027951,0.0,0.0,False,0.0,0.0,0.008708020795910416
2011-03-18,0.005289519903427628,0.005289519903427628,0.003971012680260399,0.0013185072231672295,0.0013185072231672295,0.0,0.0,False,0.0,0.0,0.003971012680260399
2011-03-21,0.010816705410422877,0.010816705410422877,0.00932073297677883,0.0014959724336440477,0.0014959724336440477,0.0,0.0,False,0.0,0.0,0.00932073297677883
2011-03-22,-0.0016258930428505814,-0.0016258930428505814,-0.0008444702585422202,-0.0007814227843083611,-0.0007814227843083611,0.0,0.0,False,0.0,0.0,-0.0008444702585422202
2011-03-23,0.000974323976425068,0.000974323976425068,0.0020934882875003136,-0.0011191643110752456,-0.0011191643110752456,0.0,0.0,False,0.0,0.0,0.0020934882875003136
2011-03-24,0.00416328372549668,0.00416328372549668,0.004378878875946695,-0.00021559515045001428,-0.00021559515045001428,0.0,0.0,False,0.0,0.0,0.004378878875946695
2011-03-25,0.0024797459823859115,0.0024797459823859115,-0.0012670216051336803,0.003746767587519592,0.003746767587519592,0.0,0.0,False,0.0,0.0,-0.0012670216051336803
2011-03-28,-0.0010280703368146585,-0.0010280703368146585,-0.0012467984861808381,0.00021872814936617965,0.00021872814936617965,0.0,0.0,False,0.0,0.0,-0.0012467984861808381
2011-03-29,0.003376960191828319,0.003376960191828319,0.002715904973520161,0.0006610552183081578,0.0006610552183081578,0.0,0.0,False,0.0,0.0,0.002715904973520161
2011-03-30,0.0056551003459827925,0.0056551003459827925,0.007391127789615369,-0.0017360274436325762,-0.0017360274436325762,0.0,0.0,False,0.0,0.0,0.007391127789615369
2011-03-31,-0.0004536322636145563,-0.0004536322636145563,-0.0011164814786528289,0.0006628492150382726,0.0006628492150382726,0.0,0.0,False,0.0,0.0,-0.0011164814786528289
2011-04-01,0.001522366623075544,0.0013183580442187915,0.0058907793712313136,-0.004572421327012522,-0.0043684127481557694,0.20400857885675253,0.00020400857885675253,True,0.007095628043848615,7.095628043848615e-06,0.005883683743187465
2011-04-04,0.0028971356471928856,0.0028971356471928856,0.0022664011902377825,0.0006307344569551031,0.0006307344569551031,0.0,0.0,False,0.0,0.0,0.0022664011902377825
2011-04-05,0.001987868857195642,0.001987868857195642,-0.0014714427613003482,0.00345931161849599,0.00345931161849599,0.0,0.0,False,0.0,0.0,-0.0014714427613003482
2011-04-06,0.002391748074025042,0.002391748074025042,0.0007597121696745775,0.0016320359043504647,0.0016320359043504647,0.0,0.0,False,0.0,0.0,0.0007597121696745775
2011-04-07,-0.0024570564140948084,-0.0024570564140948084,-0.002206854603755485,-0.00025020181033932323,-0.00025020181033932323,0.0,0.0,False,0.0,0.0,-0.002206854603755485
2011-04-08,-0.002794894902503583,-0.002794894902503583,-0.0011397323047210653,-0.0016551625977825179,-0.0016551625977825179,0.0,0.0,False,0.0,0.0,-0.0011397323047210653
2011-04-11,-0.003369618908802263,-0.003369618908802263,-0.0025358100983877857,-0.0008338088104144774,-0.0008338088104144774,0.0,0.0,False,0.0,0.0,-0.0025358100983877857
2011-04-12,-0.006484886366715048,-0.006484886366715048,-0.004036653145429448,-0.0024482332212855994,-0.0024482332212855994,0.0,0.0,False,0.0,0.0,-0.004036653145429448
2011-04-13,0.001734347647570009,0.001734347647570009,0.0026722042665950395,-0.0009378566190250306,-0.0009378566190250306,0.0,0.0,False,0.0,0.0,0.0026722042665950395
2011-04-14,0.0022480541093706577,0.0022480541093706577,0.0003517742306681928,0.0018962798787024648,0.0018962798787024648,0.0,0.0,False,0.0,0.0,0.0003517742306681928
2011-04-15,0.00531235981054525,0.00531235981054525,0.004440473339534422,0.0008718864710108281,0.0008718864710108281,0.0,0.0,False,0.0,0.0,0.004440473339534422
2011-04-18,-0.00784250886261,-0.00784250886261,-0.008953009116936764,0.0011105002543267632,0.0011105002543267632,0.0,0.0,False,0.0,0.0,-0.008953009116936764
2011-04-19,0.0038307227952719828,0.0038307227952719828,0.005042231072182674,-0.0012115082769106915,-0.0012115082769106915,0.0,0.0,False,0.0,0.0,0.005042231072182674
2011-04-20,0.010546204867675924,0.010546204867675924,0.010165717565109856,0.0003804873025660682,0.0003804873025660682,0.0,0.0,False,0.0,0.0,0.010165717565109856
2011-04-21,0.004448104647539422,0.004448104647539422,0.004011360059651236,0.00043674458788818624,0.00043674458788818624,0.0,0.0,False,0.0,0.0,0.004011360059651236
2011-04-25,-0.00021549060189495568,-0.00021549060189495568,-0.00016635505167334006,-4.913555022161562e-05,-4.913555022161562e-05,0.0,0.0,False,0.0,0.0,-0.00016635505167334006
2011-04-26,0.005766551206488191,0.005766551206488191,0.007138067680889591,-0.0013715164744013998,-0.0013715164744013998,0.0,0.0,False,0.0,0.0,0.007138067680889591
2011-04-27,0.005888196663247478,0.005888196663247478,0.0026962067048651485,0.0031919899583823293,0.0031919899583823293,0.0,0.0,False,0.0,0.0,0.0026962067048651485
2011-04-28,0.0036406267057329895,0.0036406267057329895,0.0030325479030402316,0.0006080788026927579,0.0006080788026927579,0.0,0.0,False,0.0,0.0,0.0030325479030402316
2011-04-29,0.0031740731281623574,0.0031740731281623574,0.0015908104445503553,0.001583262683612002,0.001583262683612002,0.0,0.0,False,0.0,0.0,0.0015908104445503553
2011-05-02,-0.0036283342947935108,-0.003725468649320427,0.00031204997824870736,-0.004037518627569134,-0.003940384273042218,0.09713435452691623,9.713435452691623e-05,True,0.003855802784934366,3.855802784934366e-06,0.000308194175463773
2011-05-03,-0.003530098536301402,-0.003530098536301402,-0.004404503350778707,0.0008744048144773051,0.0008744048144773051,0.0,0.0,False,0.0,0.0,-0.004404503350778707
2011-05-04,-0.005679154376725594,-0.005679154376725594,-0.004572707143054163,-0.0011064472336714311,-0.0011064472336714311,0.0,0.0,False,0.0,0.0,-0.004572707143054163
2011-05-05,-0.007716924342234971,-0.007716924342234971,-0.0047984737928831915,-0.0029184505493517797,-0.0029184505493517797,0.0,0.0,False,0.0,0.0,-0.0047984737928831915
2011-05-06,0.005299863381729719,0.005299863381729719,0.002781863668616383,0.002517999713113336,0.002517999713113336,0.0,0.0,False,0.0,0.0,0.002781863668616383
2011-05-09,0.004939447503160929,0.004939447503160929,0.003354229344822629,0.0015852181583383002,0.0015852181583383002,0.0,0.0,False,0.0,0.0,0.003354229344822629
2011-05-10,0.006265331065114833,0.006265331065114833,0.003884932956545043,0.0023803981085697896,0.0023803981085697896,0.0,0.0,False,0.0,0.0,0.003884932956545043
2011-05-11,-0.007879830537378563,-0.007879830537378563,-0.007969168285732273,8.93377483537107e-05,8.93377483537107e-05,0.0,0.0,False,0.0,0.0,-0.007969168285732273
2011-05-12,0.0033047603723825964,0.0033047603723825964,0.001484352568956813,0.0018204078034257834,0.0018204078034257834,0.0,0.0,False,0.0,0.0,0.001484352568956813
2011-05-13,-0.0067709585619913065,-0.0067709585619913065,-0.005705996641623594,-0.0010649619203677123,-0.0010649619203677123,0.0,0.0,False,0.0,0.0,-0.005705996641623594
2011-05-16,-0.0038245160857440803,-0.0038245160857440803,-0.001795407795694905,-0.002029108290049175,-0.002029108290049175,0.0,0.0,False,0.0,0.0,-0.001795407795694905
2011-05-17,-0.00023435736663269966,-0.00023435736663269966,0.0017662727497161535,-0.002000630116348853,-0.002000630116348853,0.0,0.0,False,0.0,0.0,0.0017662727497161535
2011-05-18,0.0063066002632920885,0.0063066002632920885,0.003562777363642012,0.0027438228996500766,0.0027438228996500766,0.0,0.0,False,0.0,0.0,0.003562777363642012
2011-05-19,0.001133741871139416,0.001133741871139416,0.0014827780065718617,-0.0003490361354324457,-0.0003490361354324457,0.0,0.0,False,0.0,0.0,0.0014827780065718617
2011-05-20,-0.0031277160031029684,-0.0031277160031029684,-0.005171587020117806,0.0020438710170148375,0.0020438710170148375,0.0,0.0,False,0.0,0.0,-0.005171587020117806
2011-05-23,-0.00836342715900472,-0.00836342715900472,-0.009259425396258694,0.0008959982372539737,0.0008959982372539737,0.0,0.0,False,0.0,0.0,-0.009259425396258694
2011-05-24,-0.0010863244251623717,-0.0010863244251623717,0.0018989419726229374,-0.0029852663977853093,-0.0029852663977853093,0.0,0.0,False,0.0,0.0,0.0018989419726229374
2011-05-25,0.00298536375914163,0.00298536375914163,0.0021873224100274037,0.0007980413491142264,0.0007980413491142264,0.0,0.0,False,0.0,0.0,0.0021873224100274037
2011-05-26,0.003339334698538182,0.003339334698538182,0.006850864409588325,-0.003511529711050143,-0.003511529711050143,0.0,0.0,False,0.0,0.0,0.006850864409588325
2011-05-27,0.004436048496704313,0.004436048496704313,0.003664394056973127,0.000771654439731186,0.000771654439731186,0.0,0.0,False,0.0,0.0,0.003664394056973127
2011-05-31,0.006773194064914614,0.006773194064914614,0.008799251962052066,-0.0020260578971374515,-0.0020260578971374515,0.0,0.0,False,0.0,0.0,0.008799251962052066
2011-06-01,-0.015493759858256328,-0.01561154597221033,-0.010619257905147866,-0.004992288067062464,-0.004874501953108462,0.11778611395400275,0.00011778611395400276,True,0.00939822239913135,9.39822239913135e-06,-0.010628656127546997
2011-06-02,0.00025810132266697414,0.00025810132266697414,-0.002209926218659382,0.002468027541326356,0.002468027541326356,0.0,0.0,False,0.0,0.0,-0.002209926218659382
2011-06-03,-0.006707971701957049,-0.006707971701957049,-0.002678187424268135,-0.004029784277688914,-0.004029784277688914,0.0,0.0,False,0.0,0.0,-0.002678187424268135
2011-06-06,-0.008092335856670256,-0.008092335856670256,-0.008236365910487759,0.0001440300538175024,0.0001440300538175024,0.0,0.0,False,0.0,0.0,-0.008236365910487759
2011-06-07,0.0006578271281183388,0.0006578271281183388,0.0032171502762132946,-0.002559323148094956,-0.002559323148094956,0.0,0.0,False,0.0,0.0,0.0032171502762132946
2011-06-08,-0.005488623259475013,-0.005488623259475013,-0.003462198219461957,-0.0020264250400130563,-0.0020264250400130563,0.0,0.0,False,0.0,0.0,-0.003462198219461957
2011-06-09,0.004734832451186858,0.004734832451186858,0.0033503112611029287,0.0013845211900839296,0.0013845211900839296,0.0,0.0,False,0.0,0.0,0.0033503112611029287
2011-06-10,-0.012063826344686364,-0.012063826344686364,-0.009602974559693146,-0.002460851784993218,-0.002460851784993218,0.0,0.0,False,0.0,0.0,-0.009602974559693146
2011-06-13,-0.0023108253681004987,-0.0023108253681004987,-0.00039453307174626244,-0.0019162922963542363,-0.0019162922963542363,0.0,0.0,False,0.0,0.0,-0.00039453307174626244
2011-06-14,0.011154265757995871,0.011154265757995871,0.0059454837985093295,0.0052087819594865414,0.0052087819594865414,0.0,0.0,False,0.0,0.0,0.0059454837985093295
2011-06-15,-0.011912652630138885,-0.011912652630138885,-0.009162837659046214,-0.0027498149710926713,-0.0027498149710926713,0.0,0.0,False,0.0,0.0,-0.009162837659046214
2011-06-16,-0.0062843427906629674,-0.0062843427906629674,3.0406902654448928e-05,-0.006314749693317416,-0.006314749693317416,0.0,0.0,False,0.0,0.0,3.0406902654448928e-05
2011-06-17,0.005593618940411844,0.005593618940411844,0.0020979296920376153,0.0034956892483742285,0.0034956892483742285,0.0,0.0,False,0.0,0.0,0.0020979296920376153
2011-06-20,0.005123902543535308,0.005123902543535308,0.001385144358279927,0.0037387581852553814,0.0037387581852553814,0.0,0.0,False,0.0,0.0,0.001385144358279927
2011-06-21,0.01197144343185088,0.01197144343185088,0.009471035215856712,0.002500408215994168,0.002500408215994168,0.0,0.0,False,0.0,0.0,0.009471035215856712
2011-06-22,-0.006529950908823101,-0.006529950908823101,-0.0044072260633894415,-0.002122724845433659,-0.002122724845433659,0.0,0.0,False,0.0,0.0,-0.0044072260633894415
2011-06-23,-0.00012122336069712945,-0.00012122336069712945,-0.00017120444609853598,4.9981085401406536e-05,4.9981085401406536e-05,0.0,0.0,False,0.0,0.0,-0.00017120444609853598
2011-06-24,-0.007510603361367607,-0.007510603361367607,-0.0044875532051203895,-0.0030230501562472176,-0.0030230501562472176,0.0,0.0,False,0.0,0.0,-0.0044875532051203895
2011-06-27,0.0049411377968545805,0.0049411377968545805,0.0032840337032478033,0.0016571040936067772,0.0016571040936067772,0.0,0.0,False,0.0,0.0,0.0032840337032478033
2011-06-28,0.009519492018929175,0.009519492018929175,0.0042858487931425725,0.005233643225786603,0.005233643225786603,0.0,0.0,False,0.0,0.0,0.0042858487931425725
2011-06-29,0.008536519879604569,0.008536519879604569,0.004347565848599917,0.004188954031004652,0.004188954031004652,0.0,0.0,False,0.0,0.0,0.004347565848599917
2011-06-30,0.0072102421657550455,0.0072102421657550455,0.005887852876428207,0.0013223892893268387,0.0013223892893268387,0.0,0.0,False,0.0,0.0,0.005887852876428207
2011-07-01,0.010699945096974013,0.010560544057549725,0.007462897958582964,0.003097646098966761,0.0032370471383910485,0.13940103942428794,0.00013940103942428793,True,0.0025033962979100627,2.503396297910063e-06,0.007460394562285054
2011-07-05,0.0021680256468161944,0.0021680256468161944,0.0008261854184368176,0.0013418402283793768,0.0013418402283793768,0.0,0.0,False,0.0,0.0,0.0008261854184368176
2011-07-06,0.002334801378940315,0.002334801378940315,-0.00012356582011547945,0.0024583671990557943,0.0024583671990557943,0.0,0.0,False,0.0,0.0,-0.00012356582011547945
2011-07-07,0.008654962958704087,0.008654962958704087,0.0056841874765859455,0.0029707754821181416,0.0029707754821181416,0.0,0.0,False,0.0,0.0,0.0056841874765859455
2011-07-08,-0.004161636463127687,-0.004161636463127687,-0.0016869626358060198,-0.002474673827321667,-0.002474673827321667,0.0,0.0,False,0.0,0.0,-0.0016869626358060198
2011-07-11,-0.014314830792069808,-0.014314830792069808,-0.010999801062217873,-0.0033150297298519347,-0.0033150297298519347,0.0,0.0,False,0.0,0.0,-0.010999801062217873
2011-07-12,-0.002654715703784482,-0.002654715703784482,-0.002945584485052768,0.0002908687812682863,0.0002908687812682863,0.0,0.0,False,0.0,0.0,-0.002945584485052768
2011-07-13,0.004845123186632137,0.004845123186632137,0.006041905916301467,-0.0011967827296693306,-0.0011967827296693306,0.0,0.0,False,0.0,0.0,0.006041905916301467
2011-07-14,-0.005857302668777962,-0.005857302668777962,-0.008019123971126602,0.0021618213023486405,0.0021618213023486405,0.0,0.0,False,0.0,0.0,-0.008019123971126602
2011-07-15,0.004188947330745104,0.004188947330745104,0.004450069586479125,-0.0002611222557340207,-0.0002611222557340207,0.0,0.0,False,0.0,0.0,0.004450069586479125
2011-07-18,-0.006199198804807196,-0.006199198804807196,-0.007745463708428084,0.0015462649036208876,0.0015462649036208876,0.0,0.0,False,0.0,0.0,-0.007745463708428084
2011-07-19,0.011590549219601409,0.011590549219601409,0.012141965390597316,-0.0005514161709959074,-0.0005514161709959074,0.0,0.0,False,0.0,0.0,0.012141965390597316
2011-07-20,0.0009545911105213847,0.0009545911105213847,-0.00022293445181539872,0.0011775255623367835,0.0011775255623367835,0.0,0.0,False,0.0,0.0,-0.00022293445181539872
2011-07-21,0.008291669555982914,0.008291669555982914,0.007545279397726274,0.00074639015825664,0.00074639015825664,0.0,0.0,False,0.0,0.0,0.007545279397726274
2011-07-22,0.0017847386888620823,0.0017847386888620823,0.0021052608384846926,-0.00032052214962261026,-0.00032052214962261026,0.0,0.0,False,0.0,0.0,0.0021052608384846926
2011-07-25,-0.006127957903517821,-0.006127957903517821,-0.005319184444887543,-0.0008087734586302783,-0.0008087734586302783,0.0,0.0,False,0.0,0.0,-0.005319184444887543
2011-07-26,-0.0014342189109325673,-0.0014342189109325673,0.0015759848066674179,-0.003010203717599985,-0.003010203717599985,0.0,0.0,False,0.0,0.0,0.0015759848066674179
2011-07-27,-0.017368584131614944,-0.017368584131614944,-0.013738446644646296,-0.003630137486968648,-0.003630137486968648,0.0,0.0,False,0.0,0.0,-0.013738446644646296
2011-07-28,-0.0005872943746602285,-0.0005872943746602285,-0.00029130003266005433,-0.0002959943420001742,-0.0002959943420001742,0.0,0.0,False,0.0,0.0,-0.00029130003266005433
2011-07-29,-0.0018669466516562168,-0.0018669466516562168,0.0035718183748862055,-0.005438765026542423,-0.005438765026542423,0.0,0.0,False,0.0,0.0,0.0035718183748862055
2011-08-01,-0.0015626552399439228,-0.0018452537912319927,-0.0019017134586351903,5.645966740319762e-05,0.0003390582186912675,0.2825985512880698,0.00028259855128806983,True,0.012236424965378839,1.223642496537884e-05,-0.001913949883600569
2011-08-02,-0.01232287488545122,-0.01232287488545122,-0.011564134355900715,-0.0007587405295505049,-0.0007587405295505049,0.0,0.0,False,0.0,0.0,-0.011564134355900715
2011-08-03,0.00270586283368727,0.00270586283368727,0.0026473929010459372,5.846993264133288e-05,5.846993264133288e-05,0.0,0.0,False,0.0,0.0,0.0026473929010459372
2011-08-04,-0.028636203522467485,-0.028636203522467485,-0.026923399256446483,-0.0017128042660210022,-0.0017128042660210022,0.0,0.0,False,0.0,0.0,-0.026923399256446483
2011-08-05,-0.006552351582885281,-0.006552351582885281,-0.005460737852006653,-0.0010916137308786284,-0.0010916137308786284,0.0,0.0,False,0.0,0.0,-0.005460737852006653
2011-08-08,-0.043084631656617065,-0.043084631656617065,-0.037985266434347686,-0.005099365222269378,-0.005099365222269378,0.0,0.0,False,0.0,0.0,-0.037985266434347686
2011-08-09,0.03328661491325485,0.03328661491325485,0.033610405270609,-0.0003237903573541506,-0.0003237903573541506,0.0,0.0,False,0.0,0.0,0.033610405270609
2011-08-10,-0.020124552255442067,-0.020124552255442067,-0.022280465711794886,0.002155913456352819,0.002155913456352819,0.0,0.0,False,0.0,0.0,-0.022280465711794886
2011-08-11,0.017346286385221347,0.017346286385221347,0.01657216513076376,0.0007741212544575861,0.0007741212544575861,0.0,0.0,False,0.0,0.0,0.01657216513076376
2011-08-12,0.005431270360341245,0.005431270360341245,0.008231018737006076,-0.0027997483766648307,-0.0027997483766648307,0.0,0.0,False,0.0,0.0,0.008231018737006076
2011-08-15,0.015199306284237263,0.015199306284237263,0.011716318798060277,0.0034829874861769857,0.0034829874861769857,0.0,0.0,False,0.0,0.0,0.011716318798060277
2011-08-16,-0.004922592791433171,-0.004922592791433171,-0.003739442390718422,-0.0011831504007147487,-0.0011831504007147487,0.0,0.0,False,0.0,0.0,-0.003739442390718422
2011-08-17,0.0030291499629209323,0.0030291499629209323,0.004637171564010918,-0.0016080216010899854,-0.0016080216010899854,0.0,0.0,False,0.0,0.0,0.004637171564010918
2011-08-18,-0.023435266155721432,-0.023435266155721432,-0.023750770334881044,0.00031550417915961193,0.00031550417915961193,0.0,0.0,False,0.0,0.0,-0.023750770334881044
2011-08-19,-0.008913536722524054,-0.008913536722524054,-0.0083390491545431,-0.0005744875679809542,-0.0005744875679809542,0.0,0.0,False,0.0,0.0,-0.0083390491545431
2011-08-22,0.0005519241050684801,0.0005519241050684801,-0.00031585620435806204,0.0008677803094265422,0.0008677803094265422,0.0,0.0,False,0.0,0.0,-0.00031585620435806204
2011-08-23,0.012948628486174056,0.012948628486174056,0.01535065921094745,-0.0024020307247733935,-0.0024020307247733935,0.0,0.0,False,0.0,0.0,0.01535065921094745
2011-08-24,0.000521508236151467,0.000521508236151467,-0.002084113459434134,0.002605621695585601,0.002605621695585601,0.0,0.0,False,0.0,0.0,-0.002084113459434134
2011-08-25,-0.008310153583506834,-0.008310153583506834,-0.007866221463452207,-0.000443932120054627,-0.000443932120054627,0.0,0.0,False,0.0,0.0,-0.007866221463452207
2011-08-26,0.012048989604178,0.012048989604178,0.010319885838877054,0.0017291037653009468,0.0017291037653009468,0.0,0.0,False,0.0,0.0,0.010319885838877054
2011-08-29,0.018008958583970773,0.018008958583970773,0.014924240431710822,0.0030847181522599514,0.0030847181522599514,0.0,0.0,False,0.0,0.0,0.014924240431710822
2011-08-30,0.005432975944363297,0.005432975944363297,0.0035861133816183994,0.0018468625627448979,0.0018468625627448979,0.0,0.0,False,0.0,0.0,0.0035861133816183994
2011-08-31,0.003644731748934498,0.003644731748934498,0.0044256857102163575,-0.0007809539612818593,-0.0007809539612818593,0.0,0.0,False,0.0,0.0,0.0044256857102163575
2011-09-01,-0.007401462085461276,-0.007642280459462296,-0.003836704289468606,-0.00380557616999369,-0.00356475779599267,0.24081837400101974,0.00024081837400101973,True,0.026889836835948717,2.6889836835948715e-05,-0.0038635941263045546
2011-09-02,-0.013708787461279823,-0.013708787461279823,-0.01055247718241656,-0.003156310278863263,-0.003156310278863263,0.0,0.0,False,0.0,0.0,-0.01055247718241656
2011-09-06,-0.007100318689981906,-0.007100318689981906,-0.006394313572490415,-0.0007060051174914914,-0.0007060051174914914,0.0,0.0,False,0.0,0.0,-0.006394313572490415
2011-09-07,0.01465349657459459,0.01465349657459459,0.015408423347531643,-0.0007549267729370542,-0.0007549267729370542,0.0,0.0,False,0.0,0.0,0.015408423347531643
2011-09-08,-0.003197487365011381,-0.003197487365011381,-0.007734005879632596,0.004536518514621215,0.004536518514621215,0.0,0.0,False,0.0,0.0,-0.007734005879632596
2011-09-09,-0.01762069765781266,-0.01762069765781266,-0.01573704781399373,-0.001883649843818929,-0.001883649843818929,0.0,0.0,False,0.0,0.0,-0.01573704781399373
2011-09-12,-0.0018297925294576836,-0.0018297925294576836,-2.7292538670183432e-05,-0.0018024999907875002,-0.0018024999907875002,0.0,0.0,False,0.0,0.0,-2.7292538670183432e-05
2011-09-13,0.009495096075335736,0.009495096075335736,0.003697017258903766,0.00579807881643197,0.00579807881643197,0.0,0.0,False,0.0,0.0,0.003697017258903766
2011-09-14,0.009381621515627226,0.009381621515627226,0.007349693241613366,0.0020319282740138608,0.0020319282740138608,0.0,0.0,False,0.0,0.0,0.007349693241613366
2011-09-15,0.00910677194971838,0.00910677194971838,0.007400810622516307,0.0017059613272020734,0.0017059613272020734,0.0,0.0,False,0.0,0.0,0.007400810622516307
2011-09-16,0.0029639235549086657,0.0029639235549086657,0.002859018525372155,0.00010490502953651058,0.00010490502953651058,0.0,0.0,False,0.0,0.0,0.002859018525372155
2011-09-19,-0.008162939331623965,-0.008162939331623965,-0.007162550530684742,-0.0010003888009392234,-0.0010003888009392234,0.0,0.0,False,0.0,0.0,-0.007162550530684742
2011-09-20,-0.0011146282414321873,-0.0011146282414321873,-0.0006595693148923705,-0.0004550589265398168,-0.0004550589265398168,0.0,0.0,False,0.0,0.0,-0.0006595693148923705
2011-09-21,-0.020441980240385065,-0.020441980240385065,-0.015266874337352937,-0.0051751059030321275,-0.0051751059030321275,0.0,0.0,False,0.0,0.0,-0.015266874337352937
2011-09-22,-0.02286443714835619,-0.02286443714835619,-0.017367411148564972,-0.005497025999791218,-0.005497025999791218,0.0,0.0,False,0.0,0.0,-0.017367411148564972
2011-09-23,-0.0005642350569685117,-0.0005642350569685117,0.002172985161739527,-0.0027372202187080385,-0.0027372202187080385,0.0,0.0,False,0.0,0.0,0.002172985161739527
2011-09-26,0.011367481680403944,0.011367481680403944,0.009894028198190699,0.0014734534822132446,0.0014734534822132446,0.0,0.0,False,0.0,0.0,0.009894028198190699
2011-09-27,0.00931730450180416,0.00931730450180416,0.007825797030960775,0.0014915074708433847,0.0014915074708433847,0.0,0.0,False,0.0,0.0,0.007825797030960775
2011-09-28,-0.01995969477576725,-0.01995969477576725,-0.013686471137629715,-0.006273223638137534,-0.006273223638137534,0.0,0.0,False,0.0,0.0,-0.013686471137629715
2011-09-29,0.0056356063753370735,0.0056356063753370735,0.007382958501635994,-0.0017473521262989207,-0.0017473521262989207,0.0,0.0,False,0.0,0.0,0.007382958501635994
2011-09-30,-0.020466346427964938,-0.020466346427964938,-0.014677188726937875,-0.005789157701027062,-0.005789157701027062,0.0,0.0,False,0.0,0.0,-0.014677188726937875
2011-10-03,-0.014914266669960317,-0.015191989811250186,-0.013668491157405475,-0.0015234986538447109,-0.0012457755125548416,0.2777231412898695,0.0002777231412898695,True,0.03276811308942956,3.276811308942956e-05,-0.013701259270494905
2011-10-04,0.013170188622190332,0.013170188622190332,0.010451137332773478,0.0027190512894168534,0.0027190512894168534,0.0,0.0,False,0.0,0.0,0.010451137332773478
2011-10-05,0.009721236982160531,0.009721236982160531,0.010253064014107246,-0.0005318270319467147,-0.0005318270319467147,0.0,0.0,False,0.0,0.0,0.010253064014107246
2011-10-06,0.009726227762669487,0.009726227762669487,0.011034435525719892,-0.0013082077630504046,-0.0013082077630504046,0.0,0.0,False,0.0,0.0,0.011034435525719892
2011-10-07,-0.008471192273892907,-0.008471192273892907,-0.007066475285214891,-0.0014047169886780165,-0.0014047169886780165,0.0,0.0,False,0.0,0.0,-0.007066475285214891
2011-10-10,0.020276902327528178,0.020276902327528178,0.020297831394906946,-2.0929067378768623e-05,-2.0929067378768623e-05,0.0,0.0,False,0.0,0.0,0.020297831394906946
2011-10-11,0.0009186787980813795,0.0009186787980813795,0.001306114510734323,-0.0003874357126529435,-0.0003874357126529435,0.0,0.0,False,0.0,0.0,0.001306114510734323
2011-10-12,0.0072308461568969876,0.0072308461568969876,0.007530716790654634,-0.000299870633757646,-0.000299870633757646,0.0,0.0,False,0.0,0.0,0.007530716790654634
2011-10-13,-0.0006608615080808505,-0.0006608615080808505,-0.00021934454476788229,-0.0004415169633129682,-0.0004415169633129682,0.0,0.0,False,0.0,0.0,-0.00021934454476788229
2011-10-14,0.009323425785026547,0.009323425785026547,0.008534033353178056,0.0007893924318484909,0.0007893924318484909,0.0,0.0,False,0.0,0.0,0.008534033353178056
2011-10-17,-0.011307062366551249,-0.011307062366551249,-0.012850168533603717,0.001543106167052468,0.001543106167052468,0.0,0.0,False,0.0,0.0,-0.012850168533603717
2011-10-18,0.011307879411146873,0.011307879411146873,0.012423593147163398,-0.0011157137360165246,-0.0011157137360165246,0.0,0.0,False,0.0,0.0,0.012423593147163398
2011-10-19,-0.008395369737258752,-0.008395369737258752,-0.008866966404572556,0.0004715966673138044,0.0004715966673138044,0.0,0.0,False,0.0,0.0,-0.008866966404572556
2011-10-20,0.0011782909479059257,0.0011782909479059257,-0.0005320275225277906,0.0017103184704337162,0.0017103184704337162,0.0,0.0,False,0.0,0.0,-0.0005320275225277906
2011-10-21,0.012120173783205838,0.012120173783205838,0.01335311934292251,-0.0012329455597166715,-0.0012329455597166715,0.0,0.0,False,0.0,0.0,0.01335311934292251
2011-10-24,0.013047187980335329,0.013047187980335329,0.012685508025596696,0.00036167995473863207,0.00036167995473863207,0.0,0.0,False,0.0,0.0,0.012685508025596696
2011-10-25,-0.008582546915466295,-0.008582546915466295,-0.008991030225279157,0.0004084833098128623,0.0004084833098128623,0.0,0.0,False,0.0,0.0,-0.008991030225279157
2011-10-26,0.005982539253608954,0.005982539253608954,0.0058511808688219485,0.0001313583847870059,0.0001313583847870059,0.0,0.0,False,0.0,0.0,0.0058511808688219485
2011-10-27,0.020897227382350888,0.020897227382350888,0.025015038719867398,-0.00411781133751651,-0.00411781133751651,0.0,0.0,False,0.0,0.0,0.025015038719867398
2011-10-28,0.00043789362982813167,0.00043789362982813167,-0.0001639243156598127,0.0006018179454879444,0.0006018179454879444,0.0,0.0,False,0.0,0.0,-0.0001639243156598127
2011-10-31,-0.012041468418975531,-0.012041468418975531,-0.01702219817540271,0.0049807297564271776,0.0049807297564271776,0.0,0.0,False,0.0,0.0,-0.01702219817540271
2011-11-01,-0.0065407294752505936,-0.006778534021542659,-0.012435709892045604,0.005657175870502944,0.00589498041679501,0.23780454629206613,0.0002378045462920661,True,0.02694193838285549,2.694193838285549e-05,-0.012462651830428459
2011-11-02,0.006746713858412645,0.006746713858412645,0.009710065799251082,-0.002963351940838437,-0.002963351940838437,0.0,0.0,False,0.0,0.0,0.009710065799251082
2011-11-03,0.006614089619606359,0.006614089619606359,0.009812563130446598,-0.0031984735108402385,-0.0031984735108402385,0.0,0.0,False,0.0,0.0,0.009812563130446598
2011-11-04,-0.0017155569072959064,-0.0017155569072959064,-0.0036541083951877515,0.0019385514878918451,0.0019385514878918451,0.0,0.0,False,0.0,0.0,-0.0036541083951877515
2011-11-07,0.0031379002082140357,0.0031379002082140357,0.003189061603381404,-5.11613951673681e-05,-5.11613951673681e-05,0.0,0.0,False,0.0,0.0,0.003189061603381404
2011-11-08,0.0034365256904939617,0.0034365256904939617,0.005090033608189517,-0.0016535079176955552,-0.0016535079176955552,0.0,0.0,False,0.0,0.0,0.005090033608189517
2011-11-09,-0.014749523554258492,-0.014749523554258492,-0.024762112700511513,0.01001258914625302,0.01001258914625302,0.0,0.0,False,0.0,0.0,-0.024762112700511513
2011-11-10,0.0005226748658872368,0.0005226748658872368,0.003001283283648108,-0.0024786084177608712,-0.0024786084177608712,0.0,0.0,False,0.0,0.0,0.003001283283648108
2011-11-11,0.008191233414258854,0.008191233414258854,0.011466108409800597,-0.0032748749955417433,-0.0032748749955417433,0.0,0.0,False,0.0,0.0,0.011466108409800597
2011-11-14,-0.00119822149778537,-0.00119822149778537,-0.005543754603830378,0.004345533106045008,0.004345533106045008,0.0,0.0,False,0.0,0.0,-0.005543754603830378
2011-11-15,0.0030586749251202174,0.0030586749251202174,0.001846191365399275,0.0012124835597209424,0.0012124835597209424,0.0,0.0,False,0.0,0.0,0.001846191365399275
2011-11-16,-0.005548002135992538,-0.005548002135992538,-0.010343939877449974,0.0047959377414574355,0.0047959377414574355,0.0,0.0,False,0.0,0.0,-0.010343939877449974
2011-11-17,-0.005869920137623881,-0.005869920137623881,-0.009889263501921059,0.004019343364297178,0.004019343364297178,0.0,0.0,False,0.0,0.0,-0.009889263501921059
2011-11-18,-0.0017707830697402463,-0.0017707830697402463,-1.6741909703250684e-06,-0.0017691088787699211,-0.0017691088787699211,0.0,0.0,False,0.0,0.0,-1.6741909703250684e-06
2011-11-21,-0.008395899725609075,-0.008395899725609075,-0.013367994848390866,0.004972095122781791,0.004972095122781791,0.0,0.0,False,0.0,0.0,-0.013367994848390866
2011-11-22,0.00012300416770840187,0.00012300416770840187,-0.0008149264262045393,0.0009379305939129412,0.0009379305939129412,0.0,0.0,False,0.0,0.0,-0.0008149264262045393
2011-11-23,-0.009543142608884985,-0.009543142608884985,-0.01458439294761586,0.0050412503387308755,0.0050412503387308755,0.0,0.0,False,0.0,0.0,-0.01458439294761586
2011-11-25,-0.007065583641119767,-0.007065583641119767,-0.00498650915002029,-0.0020790744910994773,-0.0020790744910994773,0.0,0.0,False,0.0,0.0,-0.00498650915002029
2011-11-28,0.016722168104497295,0.016722168104497295,0.021352278704332685,-0.0046301105998353895,-0.0046301105998353895,0.0,0.0,False,0.0,0.0,0.021352278704332685
2011-11-29,-0.0012275294044617078,-0.0012275294044617078,8.406144501977891e-05,-0.0013115908494814867,-0.0013115908494814867,0.0,0.0,False,0.0,0.0,8.406144501977891e-05
2011-11-30,0.018530693142250004,0.018530693142250004,0.02707000261804747,-0.008539309475797466,-0.008539309475797466,0.0,0.0,False,0.0,0.0,0.02707000261804747
2011-12-01,-0.0011477417672259374,-0.0014188106047755245,-0.0019559047320410637,0.0005370941272655391,0.0008081629648151263,0.2710688375495872,0.0002710688375495872,True,0.0063326590037958465,6.332659003795846e-06,-0.0019622373910448596
2011-12-02,0.00289326937840523,0.00289326937840523,0.0024778652750999442,0.0004154041033052856,0.0004154041033052856,0.0,0.0,False,0.0,0.0,0.0024778652750999442
2011-12-05,0.006329198049725395,0.006329198049725395,0.008347849720991212,-0.002018651671265817,-0.002018651671265817,0.0,0.0,False,0.0,0.0,0.008347849720991212
2011-12-06,-0.0008416344124426147,-0.0008416344124426147,-0.0037176745077548076,0.002876040095312193,0.002876040095312193,0.0,0.0,False,0.0,0.0,-0.0037176745077548076
2011-12-07,0.003795360247371051,0.003795360247371051,0.004493672466028351,-0.0006983122186573001,-0.0006983122186573001,0.0,0.0,False,0.0,0.0,0.004493672466028351
2011-12-08,-0.013910138984513274,-0.013910138984513274,-0.015512333136505036,0.0016021941519917624,0.0016021941519917624,0.0,0.0,False,0.0,0.0,-0.015512333136505036
2011-12-09,0.00856780551568118,0.00856780551568118,0.009138415708381501,-0.0005706101927003219,-0.0005706101927003219,0.0,0.0,False,0.0,0.0,0.009138415708381501
2011-12-12,-0.009050449139227628,-0.009050449139227628,-0.011905889940194935,0.002855440800967307,0.002855440800967307,0.0,0.0,False,0.0,0.0,-0.011905889940194935
2011-12-13,-0.006763646907207115,-0.006763646907207115,-0.00479022342979174,-0.001973423477415375,-0.001973423477415375,0.0,0.0,False,0.0,0.0,-0.00479022342979174
2011-12-14,-0.007368166241995713,-0.007368166241995713,-0.004803959708622588,-0.0025642065333731255,-0.0025642065333731255,0.0,0.0,False,0.0,0.0,-0.004803959708622588
2011-12-15,0.0024639016322799408,0.0024639016322799408,0.0027362012235108875,-0.00027229959123094673,-0.00027229959123094673,0.0,0.0,False,0.0,0.0,0.0027362012235108875
2011-12-16,0.005361924863201255,0.005361924863201255,0.0034225927089467476,0.0019393321542545074,0.0019393321542545074,0.0,0.0,False,0.0,0.0,0.0034225927089467476
2011-12-19,-0.005145712797869715,-0.005145712797869715,-0.0059050204320808975,0.0007593076342111826,0.0007593076342111826,0.0,0.0,False,0.0,0.0,-0.0059050204320808975
2011-12-20,0.015513876054327289,0.015513876054327289,0.01652305634289365,-0.0010091802885663602,-0.0010091802885663602,0.0,0.0,False,0.0,0.0,0.01652305634289365
2011-12-21,-0.00013724526457378002,-0.00013724526457378002,-0.001710590444643463,0.001573345180069683,0.001573345180069683,0.0,0.0,False,0.0,0.0,-0.001710590444643463
2011-12-22,0.004752112454000815,0.004752112454000815,0.006832978061587169,-0.002080865607586354,-0.002080865607586354,0.0,0.0,False,0.0,0.0,0.006832978061587169
2011-12-23,0.0024265304866820116,0.0024265304866820116,0.0024035620985125845,2.2968388169427104e-05,2.2968388169427104e-05,0.0,0.0,False,0.0,0.0,0.0024035620985125845
2011-12-27,0.0007631153072651864,0.0007631153072651864,-0.00025558749699585603,0.0010187028042610423,0.0010187028042610423,0.0,0.0,False,0.0,0.0,-0.00025558749699585603
2011-12-28,-0.007842216143189567,-0.007842216143189567,-0.006656454172802726,-0.0011857619703868408,-0.0011857619703868408,0.0,0.0,False,0.0,0.0,-0.006656454172802726
2011-12-29,0.005127645134359182,0.005127645134359182,0.007615313580277028,-0.0024876684459178462,-0.0024876684459178462,0.0,0.0,False,0.0,0.0,0.007615313580277028
2011-12-30,-0.00010939154204304101,-0.00010939154204304101,0.0005493300200002436,-0.0006587215620432847,-0.0006587215620432847,0.0,0.0,False,0.0,0.0,0.0005493300200002436
2012-01-03,0.009985435610702099,0.009705603175416555,0.010615532859231941,-0.0009099296838153866,-0.0006300972485298421,0.2798324352855446,0.0002798324352855446,True,0.009245407031349882,9.24540703134988e-06,0.010606287452200592
2012-01-04,-0.000987452955379596,-0.000987452955379596,-0.002355469443620351,0.0013680164882407552,0.0013680164882407552,0.0,0.0,False,0.0,0.0,-0.002355469443620351
2012-01-05,-0.0009431050191805882,-0.0009431050191805882,-0.0022976529472545698,0.0013545479280739816,0.0013545479280739816,0.0,0.0,False,0.0,0.0,-0.0022976529472545698
2012-01-06,-0.0018722337808453544,-0.0018722337808453544,-0.0025132152518639126,0.0006409814710185582,0.0006409814710185582,0.0,0.0,False,0.0,0.0,-0.0025132152518639126
2012-01-09,0.0010512803426071654,0.0010512803426071654,0.0023474566552333332,-0.0012961763126261678,-0.0012961763126261678,0.0,0.0,False,0.0,0.0,0.0023474566552333332
2012-01-10,0.0061848931342781185,0.0061848931342781185,0.00778125778793205,-0.0015963646536539316,-0.0015963646536539316,0.0,0.0,False,0.0,0.0,0.00778125778793205
2012-01-11,0.002284551022244564,0.002284551022244564,0.0017064313793152004,0.0005781196429293636,0.0005781196429293636,0.0,0.0,False,0.0,0.0,0.0017064313793152004
2012-01-12,0.0013253776175259733,0.0013253776175259733,0.0017834216680045474,-0.00045804405047857413,-0.00045804405047857413,0.0,0.0,False,0.0,0.0,0.0017834216680045474
2012-01-13,-0.002485529313062072,-0.002485529313062072,-0.002499459633733942,1.3930320671869806e-05,1.3930320671869806e-05,0.0,0.0,False,0.0,0.0,-0.002499459633733942
2012-01-17,0.0044330606063715675,0.0044330606063715675,0.0057369291437692985,-0.001303868537397731,-0.001303868537397731,0.0,0.0,False,0.0,0.0,0.0057369291437692985
2012-01-18,0.006044719970369725,0.006044719970369725,0.007851406569516958,-0.0018066865991472328,-0.0018066865991472328,0.0,0.0,False,0.0,0.0,0.007851406569516958
2012-01-19,0.0015816170090650076,0.0015816170090650076,0.0028377838936531176,-0.00125616688458811,-0.00125616688458811,0.0,0.0,False,0.0,0.0,0.0028377838936531176
2012-01-20,0.0013752950240687033,0.0013752950240687033,0.00031688219758863913,0.0010584128264800642,0.0010584128264800642,0.0,0.0,False,0.0,0.0,0.00031688219758863913
2012-01-23,-0.0004899275729918046,-0.0004899275729918046,-0.0001798687113140629,-0.00031005886167774174,-0.00031005886167774174,0.0,0.0,False,0.0,0.0,-0.0001798687113140629
2012-01-24,-0.0013973073174436623,-0.0013973073174436623,7.847783802831089e-05,-0.0014757851554719733,-0.0014757851554719733,0.0,0.0,False,0.0,0.0,7.847783802831089e-05
2012-01-25,0.009011886750013427,0.009011886750013427,0.007080467136103684,0.0019314196139097427,0.0019314196139097427,0.0,0.0,False,0.0,0.0,0.007080467136103684
2012-01-26,0.0008892204206523592,0.0008892204206523592,0.0007784870886672046,0.00011073333198515466,0.00011073333198515466,0.0,0.0,False,0.0,0.0,0.0007784870886672046
2012-01-27,0.0021954342299714807,0.0021954342299714807,0.001979444352786976,0.00021598987718450448,0.00021598987718450448,0.0,0.0,False,0.0,0.0,0.001979444352786976
2012-01-30,-0.0025790031945862684,-0.0025790031945862684,-0.0037666766540959402,0.0011876734595096718,0.0011876734595096718,0.0,0.0,False,0.0,0.0,-0.0037666766540959402
2012-01-31,0.0028514663616802096,0.0028514663616802096,0.0032453573948535274,-0.00039389103317331777,-0.00039389103317331777,0.0,0.0,False,0.0,0.0,0.0032453573948535274
2012-02-01,0.004445830604942879,0.004186560561404296,0.007600154184699731,-0.0034135936232954347,-0.0031543235797568516,0.25927004353858313,0.00025927004353858314,True,0.01122446361498804,1.1224463614988039e-05,0.007588929721084743
2012-02-02,0.002040475847732026,0.002040475847732026,0.001930185081858573,0.00011029076587345307,0.00011029076587345307,0.0,0.0,False,0.0,0.0,0.001930185081858573
2012-02-03,0.0037480571092686184,0.0037480571092686184,0.006541726080929788,-0.00279366897166117,-0.00279366897166117,0.0,0.0,False,0.0,0.0,0.006541726080929788
2012-02-06,0.0011582215521977425,0.0011582215521977425,-0.0005785286398423802,0.0017367501920401225,0.0017367501920401225,0.0,0.0,False,0.0,0.0,-0.0005785286398423802
2012-02-07,-0.0025989480375587216,-0.0025989480375587216,-0.0002580037412968859,-0.0023409442962618356,-0.0023409442962618356,0.0,0.0,False,0.0,0.0,-0.0002580037412968859
2012-02-08,0.0016993222234029507,0.0016993222234029507,0.0025584584517778348,-0.000859136228374884,-0.000859136228374884,0.0,0.0,False,0.0,0.0,0.0025584584517778348
2012-02-09,-0.001959870670097674,-0.001959870670097674,-0.0007933440086770404,-0.0011665266614206333,-0.0011665266614206333,0.0,0.0,False,0.0,0.0,-0.0007933440086770404
2012-02-10,-0.0019097466413367165,-0.0019097466413367165,-0.006564367957611455,0.0046546213162747384,0.0046546213162747384,0.0,0.0,False,0.0,0.0,-0.006564367957611455
2012-02-13,0.00481177936982797,0.00481177936982797,0.006744594320174795,-0.0019328149503468253,-0.0019328149503468253,0.0,0.0,False,0.0,0.0,0.006744594320174795
2012-02-14,2.7568057491915313e-05,2.7568057491915313e-05,-0.0018092181041403223,0.0018367861616322375,0.0018367861616322375,0.0,0.0,False,0.0,0.0,-0.0018092181041403223
2012-02-15,-0.002984338057270731,-0.002984338057270731,-0.001532091241897177,-0.0014522468153735542,-0.0014522468153735542,0.0,0.0,False,0.0,0.0,-0.001532091241897177
2012-02-16,0.004655169531196841,0.004655169531196841,0.005981923887578814,-0.0013267543563819737,-0.0013267543563819737,0.0,0.0,False,0.0,0.0,0.005981923887578814
2012-02-17,0.000472227079933289,0.000472227079933289,0.001219944535222162,-0.0007477174552888731,-0.0007477174552888731,0.0,0.0,False,0.0,0.0,0.001219944535222162
2012-02-21,-0.00323463054580674,-0.00323463054580674,-0.0020684716757396666,-0.0011661588700670735,-0.0011661588700670735,0.0,0.0,False,0.0,0.0,-0.0020684716757396666
2012-02-22,0.00025721667481723535,0.00025721667481723535,0.0006069964365171443,-0.00034977976169990897,-0.00034977976169990897,0.0,0.0,False,0.0,0.0,0.0006069964365171443
2012-02-23,0.004582321884865058,0.004582321884865058,0.00366476707133055,0.0009175548135345081,0.0009175548135345081,0.0,0.0,False,0.0,0.0,0.00366476707133055
2012-02-24,0.001330242948472682,0.001330242948472682,0.003088554217031695,-0.001758311268559013,-0.001758311268559013,0.0,0.0,False,0.0,0.0,0.003088554217031695
2012-02-27,0.0024084586414813572,0.0024084586414813572,0.00022720105919623028,0.002181257582285127,0.002181257582285127,0.0,0.0,False,0.0,0.0,0.00022720105919623028
2012-02-28,0.0006357958028690176,0.0006357958028690176,0.003994801784234453,-0.003359005981365435,-0.003359005981365435,0.0,0.0,False,0.0,0.0,0.003994801784234453
2012-02-29,-0.005696598488073594,-0.005696598488073594,-0.004947908836538648,-0.0007486896515349461,-0.0007486896515349461,0.0,0.0,False,0.0,0.0,-0.004947908836538648
2012-03-01,0.0005592114537932376,0.0005471620726778646,0.0029893702063194744,-0.00244220813364161,-0.0024301587525262366,0.01204938111537293,1.204938111537293e-05,True,0.011079333096650754,1.1079333096650753e-05,0.0029782908732228237
2012-03-02,-0.0012456278376117345,-0.0012456278376117345,-0.001996936943310274,0.0007513091056985395,0.0007513091056985395,0.0,0.0,False,0.0,0.0,-0.001996936943310274
2012-03-05,-0.0027450846171234618,-0.0027450846171234618,-0.00476449751464369,0.0020194128975202282,0.0020194128975202282,0.0,0.0,False,0.0,0.0,-0.00476449751464369
2012-03-06,-0.005844292478466056,-0.005844292478466056,-0.012293242203372039,0.006448949724905983,0.006448949724905983,0.0,0.0,False,0.0,0.0,-0.012293242203372039
2012-03-07,0.0026583152141636053,0.0026583152141636053,0.004773160210994309,-0.0021148449968307038,-0.0021148449968307038,0.0,0.0,False,0.0,0.0,0.004773160210994309
2012-03-08,0.0036043465012545275,0.0036043465012545275,0.007800807160139799,-0.004196460658885272,-0.004196460658885272,0.0,0.0,False,0.0,0.0,0.007800807160139799
2012-03-09,0.0033945891258044683,0.0033945891258044683,0.0011670446608431034,0.002227544464961365,0.002227544464961365,0.0,0.0,False,0.0,0.0,0.0011670446608431034
2012-03-12,-0.0005072514687501922,-0.0005072514687501922,-0.0019079751413175637,0.0014007236725673716,0.0014007236725673716,0.0,0.0,False,0.0,0.0,-0.0019079751413175637
2012-03-13,0.005362296945471522,0.005362296945471522,0.008835267442402542,-0.0034729704969310203,-0.0034729704969310203,0.0,0.0,False,0.0,0.0,0.008835267442402542
2012-03-14,-0.008413909105955974,-0.008413909105955974,-0.008889411989765325,0.00047550288380935127,0.00047550288380935127,0.0,0.0,False,0.0,0.0,-0.008889411989765325
2012-03-15,0.0033578665495614425,0.0033578665495614425,0.004129877874906984,-0.0007720113253455417,-0.0007720113253455417,0.0,0.0,False,0.0,0.0,0.004129877874906984
2012-03-16,0.0004997544298481152,0.0004997544298481152,0.0015680937848826983,-0.001068339355034583,-0.001068339355034583,0.0,0.0,False,0.0,0.0,0.0015680937848826983
2012-03-19,-0.0003748108350456621,-0.0003748108350456621,8.091765976570757e-05,-0.0004557284948113697,-0.0004557284948113697,0.0,0.0,False,0.0,0.0,8.091765976570757e-05
2012-03-20,-0.0020671720042591893,-0.0020671720042591893,-0.004690491407935297,0.002623319403676108,0.002623319403676108,0.0,0.0,False,0.0,0.0,-0.004690491407935297
2012-03-21,0.002276410878383259,0.002276410878383259,0.0008665796507719347,0.0014098312276113242,0.0014098312276113242,0.0,0.0,False,0.0,0.0,0.0008665796507719347
2012-03-22,-0.0035505222694594153,-0.0035505222694594153,-0.005100727693905271,0.0015502054244458559,0.0015502054244458559,0.0,0.0,False,0.0,0.0,-0.005100727693905271
2012-03-23,0.004856765946179157,0.004856765946179157,0.004576463415274831,0.00028030253090432534,0.00028030253090432534,0.0,0.0,False,0.0,0.0,0.004576463415274831
2012-03-26,0.007698114479195976,0.007698114479195976,0.008858366601556207,-0.001160252122360231,-0.001160252122360231,0.0,0.0,False,0.0,0.0,0.008858366601556207
2012-03-27,0.0006011931311634451,0.0006011931311634451,-0.00024062551547489688,0.000841818646638342,0.000841818646638342,0.0,0.0,False,0.0,0.0,-0.00024062551547489688
2012-03-28,-0.0035485900544301252,-0.0035485900544301252,-0.005196256957849812,0.001647666903419687,0.001647666903419687,0.0,0.0,False,0.0,0.0,-0.005196256957849812
2012-03-29,0.001075069610838808,0.001075069610838808,-0.0002731170500729183,0.0013481866609117263,0.0013481866609117263,0.0,0.0,False,0.0,0.0,-0.0002731170500729183
2012-03-30,-0.00229990035332675,-0.00229990035332675,0.0009987760497843598,-0.00329867640311111,-0.00329867640311111,0.0,0.0,False,0.0,0.0,0.0009987760497843598
2012-04-02,0.0059930594704810155,0.005980505366302999,0.007075496275955628,-0.001094990909652629,-0.0010824368054746123,0.012554104178016388,1.2554104178016386e-05,True,0.01102323991151868,1.1023239911518682e-05,0.0070644730360441095
2012-04-03,-0.00709675700293755,-0.00709675700293755,-0.008523538428092283,0.0014267814251547328,0.0014267814251547328,0.0,0.0,False,0.0,0.0,-0.008523538428092283
2012-04-04,-0.0029842493843208703,-0.0029842493843208703,-0.00697212402465527,0.003987874640334399,0.003987874640334399,0.0,0.0,False,0.0,0.0,-0.00697212402465527
2012-04-05,0.0014250803664990137,0.0014250803664990137,0.0008030047947875532,0.0006220755717114604,0.0006220755717114604,0.0,0.0,False,0.0,0.0,0.0008030047947875532
2012-04-09,-0.00046708183862417997,-0.00046708183862417997,-0.0020532479870569477,0.0015861661484327678,0.0015861661484327678,0.0,0.0,False,0.0,0.0,-0.0020532479870569477
2012-04-10,-0.006768533808046313,-0.006768533808046313,-0.009731061247950805,0.0029625274399044917,0.0029625274399044917,0.0,0.0,False,0.0,0.0,-0.009731061247950805
2012-04-11,0.0023464560041980935,0.0023464560041980935,0.004539929186861656,-0.0021934731826635627,-0.0021934731826635627,0.0,0.0,False,0.0,0.0,0.004539929186861656
2012-04-12,0.005623214099491599,0.005623214099491599,0.009196889636519694,-0.0035736755370280957,-0.0035736755370280957,0.0,0.0,False,0.0,0.0,0.009196889636519694
2012-04-13,-0.0022950308056443732,-0.0022950308056443732,-0.005720319000002301,0.0034252881943579276,0.0034252881943579276,0.0,0.0,False,0.0,0.0,-0.005720319000002301
2012-04-16,-0.00021040268903933475,-0.00021040268903933475,0.00030555260293844034,-0.0005159552919777751,-0.0005159552919777751,0.0,0.0,False,0.0,0.0,0.00030555260293844034
2012-04-17,0.0069367517435285145,0.0069367517435285145,0.008478008811188624,-0.0015412570676601092,-0.0015412570676601092,0.0,0.0,False,0.0,0.0,0.008478008811188624
2012-04-18,-0.001369771397186764,-0.001369771397186764,-0.002073056721932351,0.0007032853247455869,0.0007032853247455869,0.0,0.0,False,0.0,0.0,-0.002073056721932351
2012-04-19,-0.0025682067592184485,-0.0025682067592184485,-0.003119949467584086,0.0005517427083656374,0.0005517427083656374,0.0,0.0,False,0.0,0.0,-0.003119949467584086
2012-04-20,0.0014990966857106368,0.0014990966857106368,0.002848593965503801,-0.0013494972797931642,-0.0013494972797931642,0.0,0.0,False,0.0,0.0,0.002848593965503801
2012-04-23,-0.003631963183839176,-0.003631963183839176,-0.007175374034634717,0.003543410850795541,0.003543410850795541,0.0,0.0,False,0.0,0.0,-0.007175374034634717
2012-04-24,0.0007864804079125772,0.0007864804079125772,0.0016801532623454498,-0.0008936728544328726,-0.0008936728544328726,0.0,0.0,False,0.0,0.0,0.0016801532623454498
2012-04-25,0.006258712661234012,0.006258712661234012,0.007425691765333873,-0.0011669791040998618,-0.0011669791040998618,0.0,0.0,False,0.0,0.0,0.007425691765333873
2012-04-26,0.005765203049482799,0.005765203049482799,0.005285857698295428,0.0004793453511873708,0.0004793453511873708,0.0,0.0,False,0.0,0.0,0.005285857698295428
2012-04-27,0.002315413173209153,0.002315413173209153,0.002092679087476492,0.00022273408573266103,0.00022273408573266103,0.0,0.0,False,0.0,0.0,0.002092679087476492
2012-04-30,-0.002721161439670921,-0.002721161439670921,-0.0026063988093878087,-0.00011476263028311218,-0.00011476263028311218,0.0,0.0,False,0.0,0.0,-0.0026063988093878087
2012-05-01,0.0014306336527853936,0.0013326890109257412,0.0022833216316882287,-0.0009506326207624875,-0.0008526879789028351,0.09794464185965233,9.794464185965234e-05,True,0.008473918524125351,8.473918524125351e-06,0.0022748477131641033
2012-05-02,0.0005021732398764353,0.0005021732398764353,-0.0009048832521327778,0.0014070564920092132,0.0014070564920092132,0.0,0.0,False,0.0,0.0,-0.0009048832521327778
2012-05-03,-0.004875582879910661,-0.004875582879910661,-0.005004971624436865,0.00012938874452620396,0.00012938874452620396,0.0,0.0,False,0.0,0.0,-0.005004971624436865
2012-05-04,-0.007105977203038497,-0.007105977203038497,-0.008451500505520536,0.001345523302482039,0.001345523302482039,0.0,0.0,False,0.0,0.0,-0.008451500505520536
2012-05-07,0.0008125083709189394,0.0008125083709189394,0.0019932883915249645,-0.0011807800206060251,-0.0011807800206060251,0.0,0.0,False,0.0,0.0,0.0019932883915249645
2012-05-08,-0.00033164647845440115,-0.00033164647845440115,-0.003975380981079583,0.0036437345026251815,0.0036437345026251815,0.0,0.0,False,0.0,0.0,-0.003975380981079583
2012-05-09,-0.0028811001847237985,-0.0028811001847237985,-0.005068152436657468,0.0021870522519336698,0.0021870522519336698,0.0,0.0,False,0.0,0.0,-0.005068152436657468
2012-05-10,0.0005093025330996913,0.0005093025330996913,0.001134781298472795,-0.0006254787653731036,-0.0006254787653731036,0.0,0.0,False,0.0,0.0,0.001134781298472795
2012-05-11,0.00016594140938851177,0.00016594140938851177,-0.0016217294194171734,0.0017876708288056852,0.0017876708288056852,0.0,0.0,False,0.0,0.0,-0.0016217294194171734
2012-05-14,-0.004270195027967331,-0.004270195027967331,-0.007250047297056162,0.002979852269088831,0.002979852269088831,0.0,0.0,False,0.0,0.0,-0.007250047297056162
2012-05-15,-0.002320846581167104,-0.002320846581167104,-0.004344452353051555,0.0020236057718844513,0.0020236057718844513,0.0,0.0,False,0.0,0.0,-0.004344452353051555
2012-05-16,-0.0020757481749233506,-0.0020757481749233506,-0.0038474813846065044,0.0017717332096831538,0.0017717332096831538,0.0,0.0,False,0.0,0.0,-0.0038474813846065044
2012-05-17,-0.00825619881459687,-0.00825619881459687,-0.007922368430735145,-0.00033383038386172563,-0.00033383038386172563,0.0,0.0,False,0.0,0.0,-0.007922368430735145
2012-05-18,-0.005117230240874814,-0.005117230240874814,-0.005605284176460182,0.00048805393558536744,0.00048805393558536744,0.0,0.0,False,0.0,0.0,-0.005605284176460182
2012-05-21,0.008549746785758275,0.008549746785758275,0.01097765655496233,-0.0024279097692040553,-0.0024279097692040553,0.0,0.0,False,0.0,0.0,0.01097765655496233
2012-05-22,-0.0015020119006011593,-0.0015020119006011593,-0.0027673088774977806,0.0012652969768966213,0.0012652969768966213,0.0,0.0,False,0.0,0.0,-0.0027673088774977806
2012-05-23,0.0024694767224521645,0.0024694767224521645,-2.662395271365518e-05,0.0024961006751658197,0.0024961006751658197,0.0,0.0,False,0.0,0.0,-2.662395271365518e-05
2012-05-24,0.00023159826383049382,0.00023159826383049382,-0.0013519895492553043,0.0015835878130857981,0.0015835878130857981,0.0,0.0,False,0.0,0.0,-0.0013519895492553043
2012-05-25,0.00020847076609818645,0.00020847076609818645,-0.000724895129273308,0.0009333658953714944,0.0009333658953714944,0.0,0.0,False,0.0,0.0,-0.000724895129273308
2012-05-29,0.006238181631134817,0.006238181631134817,0.008546315638497837,-0.00230813400736302,-0.00230813400736302,0.0,0.0,False,0.0,0.0,0.008546315638497837
2012-05-30,-0.004353598016126674,-0.004353598016126674,-0.006677040044030802,0.002323442027904128,0.002323442027904128,0.0,0.0,False,0.0,0.0,-0.006677040044030802
2012-05-31,0.0014928588765128403,0.0014928588765128403,0.002847320061317469,-0.0013544611848046286,-0.0013544611848046286,0.0,0.0,False,0.0,0.0,0.002847320061317469
2012-06-01,-0.009759839534937656,-0.009781400585561394,-0.011710605579772698,0.001929204994211304,0.0019507660448350415,0.02156105062373811,2.156105062373811e-05,True,0.027344933916253603,2.73449339162536e-05,-0.011737950513688951
2012-06-04,-0.003656119108751993,-0.003656119108751993,-0.0013270229546700457,-0.002329096154081947,-0.002329096154081947,0.0,0.0,False,0.0,0.0,-0.0013270229546700457
2012-06-05,0.003158728121955416,0.003158728121955416,0.0025382031484238858,0.00062052497353153,0.00062052497353153,0.0,0.0,False,0.0,0.0,0.0025382031484238858
2012-06-06,0.008979587691551726,0.008979587691551726,0.012216306461696184,-0.003236718770144458,-0.003236718770144458,0.0,0.0,False,0.0,0.0,0.012216306461696184
2012-06-07,0.0002900014657943532,0.0002900014657943532,0.0015446676397473246,-0.0012546661739529714,-0.0012546661739529714,0.0,0.0,False,0.0,0.0,0.0015446676397473246
2012-06-08,0.005741828157148011,0.005741828157148011,0.002376700733198424,0.0033651274239495867,0.0033651274239495867,0.0,0.0,False,0.0,0.0,0.002376700733198424
2012-06-11,-0.007127358162186025,-0.007127358162186025,-0.007135761442824653,8.403280638627497e-06,8.403280638627497e-06,0.0,0.0,False,0.0,0.0,-0.007135761442824653
2012-06-12,0.0037449827547842355,0.0037449827547842355,0.006703126901649419,-0.002958144146865184,-0.002958144146865184,0.0,0.0,False,0.0,0.0,0.006703126901649419
2012-06-13,-0.0017654732600197605,-0.0017654732600197605,-0.0020285324700759265,0.000263059210056166,0.000263059210056166,0.0,0.0,False,0.0,0.0,-0.0020285324700759265
2012-06-14,0.004432517512159192,0.004432517512159192,0.004813981831767149,-0.00038146431960795705,-0.00038146431960795705,0.0,0.0,False,0.0,0.0,0.004813981831767149
2012-06-15,0.007938947376738132,0.007938947376738132,0.009549538531974999,-0.0016105911552368665,-0.0016105911552368665,0.0,0.0,False,0.0,0.0,0.009549538531974999
2012-06-18,0.0007193509658763624,0.0007193509658763624,0.0005653020545713715,0.00015404891130499094,0.00015404891130499094,0.0,0.0,False,0.0,0.0,0.0005653020545713715
2012-06-19,0.0049071693130158765,0.0049071693130158765,0.006515270749824955,-0.0016081014368090783,-0.0016081014368090783,0.0,0.0,False,0.0,0.0,0.006515270749824955
2012-06-20,-0.00146604888267635,-0.00146604888267635,-0.00011315128871683321,-0.0013528975939595168,-0.0013528975939595168,0.0,0.0,False,0.0,0.0,-0.00011315128871683321
2012-06-21,-0.01101408456115115,-0.01101408456115115,-0.014934963526752196,0.003920878965601046,0.003920878965601046,0.0,0.0,False,0.0,0.0,-0.014934963526752196
2012-06-22,0.002918296644640964,0.002918296644640964,0.002877654025194753,4.064261944621093e-05,4.064261944621093e-05,0.0,0.0,False,0.0,0.0,0.002877654025194753
2012-06-25,-0.005958326495380271,-0.005958326495380271,-0.008757837320335624,0.002799510824955352,0.002799510824955352,0.0,0.0,False,0.0,0.0,-0.008757837320335624
2012-06-26,0.0017593447153880534,0.0017593447153880534,0.003070203226446055,-0.0013108585110580017,-0.0013108585110580017,0.0,0.0,False,0.0,0.0,0.003070203226446055
2012-06-27,0.006457854851348426,0.006457854851348426,0.006160921761887544,0.0002969330894608815,0.0002969330894608815,0.0,0.0,False,0.0,0.0,0.006160921761887544
2012-06-28,5.4474473616028605e-05,5.4474473616028605e-05,-0.00011848789967355041,0.00017296237328957902,0.00017296237328957902,0.0,0.0,False,0.0,0.0,-0.00011848789967355041
2012-06-29,0.011840565528463699,0.011840565528463699,0.017301368113661543,-0.005460802585197844,-0.005460802585197844,0.0,0.0,False,0.0,0.0,0.017301368113661543
2012-07-02,0.0052715613213371185,0.005260761628750104,0.004712824221143963,0.0005479374076061408,0.0005587371001931551,0.01079969258701401,1.079969258701401e-05,True,0.011978050349057377,1.1978050349057378e-05,0.004700846170794906
2012-07-03,0.003649369225824271,0.003649369225824271,0.005232043605736999,-0.001582674379912728,-0.001582674379912728,0.0,0.0,False,0.0,0.0,0.005232043605736999
2012-07-05,-0.00047084274993039644,-0.00047084274993039644,-0.0038022117739178315,0.003331369023987435,0.003331369023987435,0.0,0.0,False,0.0,0.0,-0.0038022117739178315
2012-07-06,-0.0035506594696918694,-0.0035506594696918694,-0.00509985652472031,0.0015491970550284401,0.0015491970550284401,0.0,0.0,False,0.0,0.0,-0.00509985652472031
2012-07-09,8.96960733450902e-06,8.96960733450902e-06,-0.00015025424524673958,0.0001592238525812486,0.0001592238525812486,0.0,0.0,False,0.0,0.0,-0.00015025424524673958
2012-07-10,-0.004674862014862589,-0.004674862014862589,-0.0050872301016256045,0.0004123680867630158,0.0004123680867630158,0.0,0.0,False,0.0,0.0,-0.0050872301016256045
2012-07-11,-0.0005774282064763982,-0.0005774282064763982,0.0009743916613532135,-0.0015518198678296118,-0.0015518198678296118,0.0,0.0,False,0.0,0.0,0.0009743916613532135
2012-07-12,-0.0006860929515921001,-0.0006860929515921001,-0.0031233388722907663,0.0024372459206986664,0.0024372459206986664,0.0,0.0,False,0.0,0.0,-0.0031233388722907663
2012-07-13,0.0074950013373694824,0.0074950013373694824,0.009298313439344896,-0.0018033121019754138,-0.0018033121019754138,0.0,0.0,False,0.0,0.0,0.009298313439344896
2012-07-16,-0.00029092978297933045,-0.00029092978297933045,-5.848686882706285e-05,-0.0002324429141522676,-0.0002324429141522676,0.0,0.0,False,0.0,0.0,-5.848686882706285e-05
2012-07-17,0.0020328999439811935,0.0020328999439811935,0.003013323653999942,-0.0009804237100187485,-0.0009804237100187485,0.0,0.0,False,0.0,0.0,0.003013323653999942
2012-07-18,0.004689928421416049,0.004689928421416049,0.00450022880389178,0.00018969961752426934,0.00018969961752426934,0.0,0.0,False,0.0,0.0,0.00450022880389178
2012-07-19,0.0001125672117643175,0.0001125672117643175,0.0027364830406911805,-0.002623915828926863,-0.002623915828926863,0.0,0.0,False,0.0,0.0,0.0027364830406911805
2012-07-20,-0.0037387930484094516,-0.0037387930484094516,-0.00681259042726316,0.0030737973788537085,0.0030737973788537085,0.0,0.0,False,0.0,0.0,-0.00681259042726316
2012-07-23,-0.005909300591262271,-0.005909300591262271,-0.009262599674427937,0.003353299083165666,0.003353299083165666,0.0,0.0,False,0.0,0.0,-0.009262599674427937
2012-07-24,-0.004112366776162481,-0.004112366776162481,-0.0041361955500067975,2.3828773844316795e-05,2.3828773844316795e-05,0.0,0.0,False,0.0,0.0,-0.0041361955500067975
2012-07-25,0.0008897501501972233,0.0008897501501972233,0.0019397607282866383,-0.001050010578089415,-0.001050010578089415,0.0,0.0,False,0.0,0.0,0.0019397607282866383
2012-07-26,0.00613327054035899,0.00613327054035899,0.011028473084277051,-0.004895202543918061,-0.004895202543918061,0.0,0.0,False,0.0,0.0,0.011028473084277051
2012-07-27,0.006865907110700855,0.006865907110700855,0.009334291474168265,-0.0024683843634674104,-0.0024683843634674104,0.0,0.0,False,0.0,0.0,0.009334291474168265
2012-07-30,0.0009513757097256454,0.0009513757097256454,0.00048545506915665814,0.00046592064056898727,0.00046592064056898727,0.0,0.0,False,0.0,0.0,0.00048545506915665814
2012-07-31,-0.002508903902626437,-0.002508903902626437,-0.0026766657253715805,0.0001677618227451435,0.0001677618227451435,0.0,0.0,False,0.0,0.0,-0.0026766657253715805
2012-08-01,-0.004372421138005261,-0.004376644018757421,-0.0020227321187618053,-0.0023539118999956156,-0.002349689019243456,0.004222880752159544,4.222880752159544e-06,True,0.0047472521472635525,4.747252147263552e-06,-0.0020274793709090686
2012-08-02,-0.0020682560086257014,-0.0020682560086257014,-0.004675505194481946,0.0026072491858562447,0.0026072491858562447,0.0,0.0,False,0.0,0.0,-0.004675505194481946
2012-08-03,0.008514881914018332,0.008514881914018332,0.013054042248831138,-0.004539160334812806,-0.004539160334812806,0.0,0.0,False,0.0,0.0,0.013054042248831138
2012-08-06,0.002337099150756446,0.002337099150756446,0.0030237659669938,-0.000686666816237354,-0.000686666816237354,0.0,0.0,False,0.0,0.0,0.0030237659669938
2012-08-07,0.0006886450517136116,0.0006886450517136116,0.001085546160542087,-0.0003969011088284754,-0.0003969011088284754,0.0,0.0,False,0.0,0.0,0.001085546160542087
2012-08-08,-0.0006843301861012505,-0.0006843301861012505,-0.0005416283907459713,-0.0001427017953552792,-0.0001427017953552792,0.0,0.0,False,0.0,0.0,-0.0005416283907459713
2012-08-09,0.0007284525932066016,0.0007284525932066016,0.0007404067617001359,-1.1954168493534339e-05,-1.1954168493534339e-05,0.0,0.0,False,0.0,0.0,0.0007404067617001359
2012-08-10,0.00139370423435782,0.00139370423435782,0.0022871929228567463,-0.0008934886884989263,-0.0008934886884989263,0.0,0.0,False,0.0,0.0,0.0022871929228567463
2012-08-13,-0.0009511464346808623,-0.0009511464346808623,-0.002394315465371128,0.0014431690306902657,0.0014431690306902657,0.0,0.0,False,0.0,0.0,-0.002394315465371128
2012-08-14,-0.0026477148770451,-0.0026477148770451,-0.0020201103857583145,-0.0006276044912867855,-0.0006276044912867855,0.0,0.0,False,0.0,0.0,-0.0020201103857583145
2012-08-15,-0.0005427715318130093,-0.0005427715318130093,-0.002146693299131202,0.0016039217673181926,0.0016039217673181926,0.0,0.0,False,0.0,0.0,-0.002146693299131202
2012-08-16,0.003111688088607293,0.003111688088607293,0.004327422859557323,-0.00121573477095003,-0.00121573477095003,0.0,0.0,False,0.0,0.0,0.004327422859557323
2012-08-17,0.002237173360289555,0.002237173360289555,0.0011293583302839725,0.0011078150300055825,0.0011078150300055825,0.0,0.0,False,0.0,0.0,0.0011293583302839725
2012-08-20,0.00023047404617230078,0.00023047404617230078,0.00028818426274700756,-5.771021657470678e-05,-5.771021657470678e-05,0.0,0.0,False,0.0,0.0,0.00028818426274700756
2012-08-21,-0.0006693860428043095,-0.0006693860428043095,0.000394934577842292,-0.0010643206206466015,-0.0010643206206466015,0.0,0.0,False,0.0,0.0,0.000394934577842292
2012-08-22,0.0027855468999878593,0.0027855468999878593,0.0028625161401473,-7.69692401594406e-05,-7.69692401594406e-05,0.0,0.0,False,0.0,0.0,0.0028625161401473
2012-08-23,-0.0033647874014897912,-0.0033647874014897912,-0.004014038450684106,0.0006492510491943144,0.0006492510491943144,0.0,0.0,False,0.0,0.0,-0.004014038450684106
2012-08-24,0.002582558510931429,0.002582558510931429,0.0017807858798944308,0.0008017726310369983,0.0008017726310369983,0.0,0.0,False,0.0,0.0,0.0017807858798944308
2012-08-27,0.0016232049517135028,0.0016232049517135028,0.00023884664792182635,0.0013843583037916763,0.0013843583037916763,0.0,0.0,False,0.0,0.0,0.00023884664792182635
2012-08-28,0.0007170979610825715,0.0007170979610825715,-2.3061956026681108e-05,0.0007401599171092526,0.0007401599171092526,0.0,0.0,False,0.0,0.0,-2.3061956026681108e-05
2012-08-29,0.0002728179685100401,0.0002728179685100401,-0.0012014442360106215,0.0014742622045206615,0.0014742622045206615,0.0,0.0,False,0.0,0.0,-0.0012014442360106215
2012-08-30,-0.003516683299327581,-0.003516683299327581,-0.005491046754438418,0.0019743634551108373,0.0019743634551108373,0.0,0.0,False,0.0,0.0,-0.005491046754438418
2012-08-31,0.00553699887587513,0.00553699887587513,0.006921322943574455,-0.0013843240676993255,-0.0013843240676993255,0.0,0.0,False,0.0,0.0,0.006921322943574455
2012-09-04,0.0004926871194116701,0.00027248421058064464,-0.001844622999131057,0.0021171072097117016,0.0023373101185427273,0.22020290883102547,0.00022020290883102545,True,0.007227000584314799,7.2270005843148e-06,-0.0018518499997153717
2012-09-05,-0.00019992710081520205,-0.00019992710081520205,-0.001408092263055482,0.00120816516224028,0.00120816516224028,0.0,0.0,False,0.0,0.0,-0.001408092263055482
2012-09-06,0.0074952668695150715,0.0074952668695150715,0.010075151133250724,-0.0025798842637356524,-0.0025798842637356524,0.0,0.0,False,0.0,0.0,0.010075151133250724
2012-09-07,0.003443503330665741,0.003443503330665741,0.006507955494264072,-0.0030644521635983307,-0.0030644521635983307,0.0,0.0,False,0.0,0.0,0.006507955494264072
2012-09-10,-0.0027017972173844305,-0.0027017972173844305,-0.0042678864119337166,0.001566089194549286,0.001566089194549286,0.0,0.0,False,0.0,0.0,-0.0042678864119337166
2012-09-11,0.0013338159345176567,0.0013338159345176567,0.0033483651009827637,-0.002014549166465107,-0.002014549166465107,0.0,0.0,False,0.0,0.0,0.0033483651009827637
2012-09-12,0.0005939006969627323,0.0005939006969627323,0.0008727696620375773,-0.00027886896507484506,-0.00027886896507484506,0.0,0.0,False,0.0,0.0,0.0008727696620375773
2012-09-13,0.009746522431298123,0.009746522431298123,0.011568812126811956,-0.0018222896955138335,-0.0018222896955138335,0.0,0.0,False,0.0,0.0,0.011568812126811956
2012-09-14,-0.00032707295952437454,-0.00032707295952437454,0.0006553664756379417,-0.0009824394351623162,-0.0009824394351623162,0.0,0.0,False,0.0,0.0,0.0006553664756379417
2012-09-17,-0.0004701409149960609,-0.0004701409149960609,-0.0018049177060045992,0.0013347767910085384,0.0013347767910085384,0.0,0.0,False,0.0,0.0,-0.0018049177060045992
2012-09-18,0.0005796007149028108,0.0005796007149028108,0.00014350016564616914,0.0004361005492566416,0.0004361005492566416,0.0,0.0,False,0.0,0.0,0.00014350016564616914
2012-09-19,0.0008208235073167631,0.0008208235073167631,0.001723370546842131,-0.0009025470395253679,-0.0009025470395253679,0.0,0.0,False,0.0,0.0,0.001723370546842131
2012-09-20,-0.000904189984966158,-0.000904189984966158,-0.001719046755148213,0.0008148567701820549,0.0008148567701820549,0.0,0.0,False,0.0,0.0,-0.001719046755148213
2012-09-21,0.0013590332869016174,0.0013590332869016174,0.0011269627794028084,0.00023207050749880906,0.00023207050749880906,0.0,0.0,False,0.0,0.0,0.0011269627794028084
2012-09-24,-0.00021940813269330256,-0.00021940813269330256,-0.00025204791381175135,3.263978111844878e-05,3.263978111844878e-05,0.0,0.0,False,0.0,0.0,-0.00025204791381175135
2012-09-25,-0.004915711449061976,-0.004915711449061976,-0.005113868703258074,0.00019815725419609822,0.00019815725419609822,0.0,0.0,False,0.0,0.0,-0.005113868703258074
2012-09-26,-0.0014267824559371116,-0.0014267824559371116,-0.0022948124916822785,0.0008680300357451669,0.0008680300357451669,0.0,0.0,False,0.0,0.0,-0.0022948124916822785
2012-09-27,0.00456987526750179,0.00456987526750179,0.006006155142179593,-0.0014362798746778028,-0.0014362798746778028,0.0,0.0,False,0.0,0.0,0.006006155142179593
2012-09-28,-0.002029883761544472,-0.002029883761544472,-0.005067497280329725,0.0030376135187852532,0.0030376135187852532,0.0,0.0,False,0.0,0.0,-0.005067497280329725
2012-10-01,0.0010352914324922827,0.0007552914324999919,0.004125593897281121,-0.0033703024647811293,-0.0030903024647888386,0.2799999999922908,0.0002799999999922908,True,0.007461413343264736,7.461413343264736e-06,0.004118132483937857
2012-10-02,0.0018932956023359566,0.0018932956023359566,0.0009956110631127969,0.0008976845392231598,0.0008976845392231598,0.0,0.0,False,0.0,0.0,0.0009956110631127969
2012-10-03,0.0017635522508173043,0.0017635522508173043,0.00010292823755925879,0.0016606240132580456,0.0016606240132580456,0.0,0.0,False,0.0,0.0,0.00010292823755925879
2012-10-04,0.004207651825700837,0.004207651825700837,0.0038260032538549077,0.0003816485718459296,0.0003816485718459296,0.0,0.0,False,0.0,0.0,0.0038260032538549077
2012-10-05,-0.0004841349602535765,-0.0004841349602535765,-0.0016073326800501136,0.001123197719796537,0.001123197719796537,0.0,0.0,False,0.0,0.0,-0.0016073326800501136
2012-10-08,-0.002123421093646125,-0.002123421093646125,-0.001694625270533131,-0.00042879582311299404,-0.00042879582311299404,0.0,0.0,False,0.0,0.0,-0.001694625270533131
2012-10-09,-0.005987738841382582,-0.005987738841382582,-0.006840493388941851,0.0008527545475592695,0.0008527545475592695,0.0,0.0,False,0.0,0.0,-0.006840493388941851
2012-10-10,-0.0021997259025477054,-0.0021997259025477054,-0.0019275465497905772,-0.0002721793527571282,-0.0002721793527571282,0.0,0.0,False,0.0,0.0,-0.0019275465497905772
2012-10-11,0.002431715859058365,0.002431715859058365,0.003259796961031847,-0.0008280811019734822,-0.0008280811019734822,0.0,0.0,False,0.0,0.0,0.003259796961031847
2012-10-12,-0.002171581547896142,-0.002171581547896142,-0.0015485142556704128,-0.0006230672922257294,-0.0006230672922257294,0.0,0.0,False,0.0,0.0,-0.0015485142556704128
2012-10-15,0.006060983503290622,0.006060983503290622,0.005274886559445977,0.0007860969438446448,0.0007860969438446448,0.0,0.0,False,0.0,0.0,0.005274886559445977
2012-10-16,0.005812590636344109,0.005812590636344109,0.005216472864721265,0.0005961177716228439,0.0005961177716228439,0.0,0.0,False,0.0,0.0,0.005216472864721265
2012-10-17,0.00278468418861406,0.00278468418861406,0.0020400271314677037,0.0007446570571463564,0.0007446570571463564,0.0,0.0,False,0.0,0.0,0.0020400271314677037
2012-10-18,-0.0013618084764353015,-0.0013618084764353015,-0.0028538567388732713,0.0014920482624379697,0.0014920482624379697,0.0,0.0,False,0.0,0.0,-0.0028538567388732713
2012-10-19,-0.010380825586822687,-0.010380825586822687,-0.007917046689075594,-0.0024637788977470935,-0.0024637788977470935,0.0,0.0,False,0.0,0.0,-0.007917046689075594
2012-10-22,-0.0009061007722458389,-0.0009061007722458389,0.0007351762875898095,-0.0016412770598356484,-0.0016412770598356484,0.0,0.0,False,0.0,0.0,0.0007351762875898095
2012-10-23,-0.006897762401558426,-0.006897762401558426,-0.007877248380778757,0.0009794859792203311,0.0009794859792203311,0.0,0.0,False,0.0,0.0,-0.007877248380778757
2012-10-24,-0.002214883186040139,-0.002214883186040139,-0.002118636424155766,-9.624676188437278e-05,-9.624676188437278e-05,0.0,0.0,False,0.0,0.0,-0.002118636424155766
2012-10-25,0.0010949619154686965,0.0010949619154686965,0.0016586620955039379,-0.0005637001800352414,-0.0005637001800352414,0.0,0.0,False,0.0,0.0,0.0016586620955039379
2012-10-26,-0.0011441177883017354,-0.0011441177883017354,0.001323508501571668,-0.0024676262898734036,-0.0024676262898734036,0.0,0.0,False,0.0,0.0,0.001323508501571668
2012-10-31,0.002707402679089072,0.002707402679089072,0.0016173343829703189,0.0010900682961187532,0.0010900682961187532,0.0,0.0,False,0.0,0.0,0.0016173343829703189
2012-11-01,0.004476158531673785,0.004281979818120124,0.005592906422870003,-0.001310926604749879,-0.001116747891196218,0.19417871355366087,0.00019417871355366088,True,0.005067175140127427,5.067175140127427e-06,0.0055878392477298755
2012-11-02,-0.005326715240508815,-0.005326715240508815,-0.0056128960664454915,0.0002861808259366763,0.0002861808259366763,0.0,0.0,False,0.0,0.0,-0.0056128960664454915
2012-11-05,0.001732597041840055,0.001732597041840055,0.0019039390421412596,-0.00017134200030120448,-0.00017134200030120448,0.0,0.0,False,0.0,0.0,0.0019039390421412596
2012-11-06,0.002461347871813966,0.002461347871813966,0.0028547768298875717,-0.0003934289580736056,-0.0003934289580736056,0.0,0.0,False,0.0,0.0,0.0028547768298875717
2012-11-07,-0.010317370510565808,-0.010317370510565808,-0.009131536450366058,-0.00118583406019975,-0.00118583406019975,0.0,0.0,False,0.0,0.0,-0.009131536450366058
2012-11-08,-0.006873401750052197,-0.006873401750052197,-0.005399124779016761,-0.0014742769710354361,-0.0014742769710354361,0.0,0.0,False,0.0,0.0,-0.005399124779016761
2012-11-09,-0.00011021694617146426,-0.00011021694617146426,0.00032193976517761824,-0.0004321567113490825,-0.0004321567113490825,0.0,0.0,False,0.0,0.0,0.00032193976517761824
2012-11-12,-0.00023492471817328445,-0.00023492471817328445,0.0005903966429462869,-0.0008253213611195714,-0.0008253213611195714,0.0,0.0,False,0.0,0.0,0.0005903966429462869
2012-11-13,-0.0018545894163745024,-0.0018545894163745024,-0.0024710986068225598,0.0006165091904480574,0.0006165091904480574,0.0,0.0,False,0.0,0.0,-0.0024710986068225598
2012-11-14,-0.008787391180837106,-0.008787391180837106,-0.007590134339891405,-0.001197256840945701,-0.001197256840945701,0.0,0.0,False,0.0,0.0,-0.007590134339891405
2012-11-15,-0.0023178029099012332,-0.0023178029099012332,-0.00041125246499048516,-0.0019065504449107481,-0.0019065504449107481,0.0,0.0,False,0.0,0.0,-0.00041125246499048516
2012-11-16,0.003736068395108381,0.003736068395108381,0.0021980937972047726,0.0015379745979036082,0.0015379745979036082,0.0,0.0,False,0.0,0.0,0.0021980937972047726
2012-11-19,0.011671849189502564,0.011671849189502564,0.011719189621875237,-4.734043237267227e-05,-4.734043237267227e-05,0.0,0.0,False,0.0,0.0,0.011719189621875237
2012-11-20,-0.00036349334927420363,-0.00036349334927420363,-0.0015755295850353546,0.001212036235761151,0.001212036235761151,0.0,0.0,False,0.0,0.0,-0.0015755295850353546
2012-11-21,0.0012058276480795794,0.0012058276480795794,0.0006557728154933133,0.0005500548325862661,0.0005500548325862661,0.0,0.0,False,0.0,0.0,0.0006557728154933133
2012-11-23,0.0069693542420860444,0.0069693542420860444,0.009325831177337453,-0.002356476935251409,-0.002356476935251409,0.0,0.0,False,0.0,0.0,0.009325831177337453
2012-11-26,0.0006098895634472409,0.0006098895634472409,-2.4111825150517304e-05,0.0006340013885977582,0.0006340013885977582,0.0,0.0,False,0.0,0.0,-2.4111825150517304e-05
2012-11-27,-0.0019334165055681976,-0.0019334165055681976,-0.002441096365432132,0.0005076798598639342,0.0005076798598639342,0.0,0.0,False,0.0,0.0,-0.002441096365432132
2012-11-28,0.004250639277502906,0.004250639277502906,0.00462664485696961,-0.0003760055794667042,-0.0003760055794667042,0.0,0.0,False,0.0,0.0,0.00462664485696961
2012-11-29,0.004298712447241969,0.004298712447241969,0.004316206627683197,-1.7494180441227775e-05,-1.7494180441227775e-05,0.0,0.0,False,0.0,0.0,0.004316206627683197
2012-11-30,-0.00010911536558150665,-0.00010911536558150665,-7.327337557534936e-05,-3.584199000615729e-05,-3.584199000615729e-05,0.0,0.0,False,0.0,0.0,-7.327337557534936e-05
2012-12-03,1.3062085697231962e-05,-0.0002665125644738987,-0.0012560851137884575,0.0009895725493145589,0.0012691471994856895,0.27957465017113065,0.0002795746501711307,True,0.0036545015754961135,3.6545015754961133e-06,-0.0012597396153639535
2012-12-04,-4.9036678724972244e-05,-4.9036678724972244e-05,0.0010829483975490833,-0.0011319850762740555,-0.0011319850762740555,0.0,0.0,False,0.0,0.0,0.0010829483975490833
2012-12-05,0.0008446914947721196,0.0008446914947721196,0.0022113605855288423,-0.0013666690907567227,-0.0013666690907567227,0.0,0.0,False,0.0,0.0,0.0022113605855288423
2012-12-06,0.002760189308869559,0.002760189308869559,0.002347035248008699,0.00041315406086085997,0.00041315406086085997,0.0,0.0,False,0.0,0.0,0.002347035248008699
2012-12-07,0.0007946157550396871,0.0007946157550396871,-8.366216960234603e-05,0.0008782779246420331,0.0008782779246420331,0.0,0.0,False,0.0,0.0,-8.366216960234603e-05
2012-12-10,0.0011540016804604243,0.0011540016804604243,0.0016171123645788857,-0.0004631106841184614,-0.0004631106841184614,0.0,0.0,False,0.0,0.0,0.0016171123645788857
2012-12-11,0.004107576799949325,0.004107576799949325,0.002637310751947565,0.0014702660480017597,0.0014702660480017597,0.0,0.0,False,0.0,0.0,0.002637310751947565
2012-12-12,-0.0005115843075391741,-0.0005115843075391741,-0.0012075603963570976,0.0006959760888179236,0.0006959760888179236,0.0,0.0,False,0.0,0.0,-0.0012075603963570976
2012-12-13,-0.005034187327884739,-0.005034187327884739,-0.0036551410571138265,-0.0013790462707709127,-0.0013790462707709127,0.0,0.0,False,0.0,0.0,-0.0036551410571138265
2012-12-14,-0.0015321262529890407,-0.0015321262529890407,0.0007696114612105122,-0.0023017377141995527,-0.0023017377141995527,0.0,0.0,False,0.0,0.0,0.0007696114612105122
2012-12-17,0.007525587424406971,0.007525587424406971,0.0028356287441836845,0.004689958680223287,0.004689958680223287,0.0,0.0,False,0.0,0.0,0.0028356287441836845
2012-12-18,0.006875462932675056,0.006875462932675056,0.004720372109643373,0.002155090823031683,0.002155090823031683,0.0,0.0,False,0.0,0.0,0.004720372109643373
2012-12-19,-0.002212760326789482,-0.002212760326789482,-0.0006383652357682797,-0.0015743950910212024,-0.0015743950910212024,0.0,0.0,False,0.0,0.0,-0.0006383652357682797
2012-12-20,0.005104903466240045,0.005104903466240045,0.003922050408558881,0.0011828530576811639,0.0011828530576811639,0.0,0.0,False,0.0,0.0,0.003922050408558881
2012-12-21,-0.004599050013887227,-0.004599050013887227,-0.003781948592946906,-0.000817101420940321,-0.000817101420940321,0.0,0.0,False,0.0,0.0,-0.003781948592946906
2012-12-24,-0.002838281230211326,-0.002838281230211326,-0.0021811728113825587,-0.0006571084188287672,-0.0006571084188287672,0.0,0.0,False,0.0,0.0,-0.0021811728113825587
2012-12-26,-0.0022206781803532907,-0.0022206781803532907,-0.0005571581958235292,-0.0016635199845297616,-0.0016635199845297616,0.0,0.0,False,0.0,0.0,-0.0005571581958235292
2012-12-27,0.000707715788173948,0.000707715788173948,0.001898689134017726,-0.001190973345843778,-0.001190973345843778,0.0,0.0,False,0.0,0.0,0.001898689134017726
2012-12-28,-0.005983421922604442,-0.005983421922604442,-0.003764947484564813,-0.0022184744380396287,-0.0022184744380396287,0.0,0.0,False,0.0,0.0,-0.003764947484564813
2012-12-31,0.01091454249810735,0.01091454249810735,0.00731542120788888,0.00359912129021847,0.00359912129021847,0.0,0.0,False,0.0,0.0,0.00731542120788888
2013-01-02,0.015149640402366854,0.014869089573649593,0.012209976682508849,0.0026591128911407445,0.002939663719858005,0.2805508287172603,0.00028055082871726025,True,0.010758174065818384,1.0758174065818385e-05,0.01219921850844303
2013-01-03,-0.0038292315858448047,-0.0038292315858448047,-0.005455945630987609,0.001626714045142804,0.001626714045142804,0.0,0.0,False,0.0,0.0,-0.005455945630987609
2013-01-04,0.0025572446978057947,0.0025572446978057947,0.002884636911961965,-0.00032739221415617036,-0.00032739221415617036,0.0,0.0,False,0.0,0.0,0.002884636911961965
2013-01-07,-0.0009208100719120026,-0.0009208100719120026,-0.0020645417624902654,0.0011437316905782628,0.0011437316905782628,0.0,0.0,False,0.0,0.0,-0.0020645417624902654
2013-01-08,-0.0011497753747617035,-0.0011497753747617035,-0.0017114942315592685,0.0005617188567975651,0.0005617188567975651,0.0,0.0,False,0.0,0.0,-0.0017114942315592685
2013-01-09,0.001844693376715196,0.001844693376715196,0.002225859399875768,-0.00038116602316057204,-0.00038116602316057204,0.0,0.0,False,0.0,0.0,0.002225859399875768
2013-01-10,0.004081523243727698,0.004081523243727698,0.004690817843436777,-0.0006092945997090791,-0.0006092945997090791,0.0,0.0,False,0.0,0.0,0.004690817843436777
2013-01-11,0.0007785993904740145,0.0007785993904740145,0.0007401046844488383,3.8494706025176176e-05,3.8494706025176176e-05,0.0,0.0,False,0.0,0.0,0.0007401046844488383
2013-01-14,-0.0009917529620503552,-0.0009917529620503552,-7.505333861846942e-05,-0.0009166996234318857,-0.0009166996234318857,0.0,0.0,False,0.0,0.0,-7.505333861846942e-05
2013-01-15,0.0004135427930706219,0.0004135427930706219,0.0003521732530993931,6.136953997122878e-05,6.136953997122878e-05,0.0,0.0,False,0.0,0.0,0.0003521732530993931
2013-01-16,-0.0008541150935903424,-0.0008541150935903424,-0.0006524926717537522,-0.00020162242183659022,-0.00020162242183659022,0.0,0.0,False,0.0,0.0,-0.0006524926717537522
2013-01-17,0.0036486842292212805,0.0036486842292212805,0.0025841269650549014,0.0010645572641663791,0.0010645572641663791,0.0,0.0,False,0.0,0.0,0.0025841269650549014
2013-01-18,0.0016046258868994282,0.0016046258868994282,0.001966142103684393,-0.00036151621678496464,-0.00036151621678496464,0.0,0.0,False,0.0,0.0,0.001966142103684393
2013-01-22,0.002873061709932014,0.002873061709932014,0.0022092462467571523,0.0006638154631748616,0.0006638154631748616,0.0,0.0,False,0.0,0.0,0.0022092462467571523
2013-01-23,0.0005150128160681195,0.0005150128160681195,-0.00011142541556185214,0.0006264382316299716,0.0006264382316299716,0.0,0.0,False,0.0,0.0,-0.00011142541556185214
2013-01-24,0.0005280313042072577,0.0005280313042072577,-8.310312283484186e-05,0.0006111344270420995,0.0006111344270420995,0.0,0.0,False,0.0,0.0,-8.310312283484186e-05
2013-01-25,0.0017738602057482877,0.0017738602057482877,0.000783438884972142,0.0009904213207761457,0.0009904213207761457,0.0,0.0,False,0.0,0.0,0.000783438884972142
2013-01-28,-0.0009401082376259611,-0.0009401082376259611,-0.0024672831910477057,0.0015271749534217446,0.0015271749534217446,0.0,0.0,False,0.0,0.0,-0.0024672831910477057
2013-01-29,0.0008056304976223562,0.0008056304976223562,0.0024869724048540457,-0.0016813419072316896,-0.0016813419072316896,0.0,0.0,False,0.0,0.0,0.0024869724048540457
2013-01-30,-0.004885325017491787,-0.004885325017491787,-0.002611559358141367,-0.00227376565935042,-0.00227376565935042,0.0,0.0,False,0.0,0.0,-0.002611559358141367
2013-01-31,-0.00043993961914489494,-0.00043993961914489494,-0.0002760646513290469,-0.00016387496781584802,-0.00016387496781584802,0.0,0.0,False,0.0,0.0,-0.0002760646513290469
2013-02-01,0.004077655832066969,0.00379802341489339,0.0036602430056504984,0.00013778040924289142,0.00041741282641647023,0.27963241717357873,0.0002796324171735787,True,0.014979261898450235,1.4979261898450236e-05,0.003645263743752048
2013-02-04,-0.007293277997683198,-0.007293277997683198,-0.005762148943338644,-0.001531129054344554,-0.001531129054344554,0.0,0.0,False,0.0,0.0,-0.005762148943338644
2013-02-05,0.003041968662546154,0.003041968662546154,0.002814583204445318,0.000227385458100836,0.000227385458100836,0.0,0.0,False,0.0,0.0,0.002814583204445318
2013-02-06,0.0007930634179266255,0.0007930634179266255,0.001693193066672624,-0.0009001296487459985,-0.0009001296487459985,0.0,0.0,False,0.0,0.0,0.001693193066672624
2013-02-07,-0.002959193371642716,-0.002959193371642716,-0.00263102546908412,-0.00032816790255859587,-0.00032816790255859587,0.0,0.0,False,0.0,0.0,-0.00263102546908412
2013-02-08,0.003872568917998955,0.003872568917998955,0.004377218492269648,-0.0005046495742706933,-0.0005046495742706933,0.0,0.0,False,0.0,0.0,0.004377218492269648
2013-02-11,-0.0005483807846770238,-0.0005483807846770238,-0.0006329053670580203,8.45245823809965e-05,8.45245823809965e-05,0.0,0.0,False,0.0,0.0,-0.0006329053670580203
2013-02-12,0.001993220509026981,0.001993220509026981,0.0012462178976110788,0.0007470026114159024,0.0007470026114159024,0.0,0.0,False,0.0,0.0,0.0012462178976110788
2013-02-13,0.000299528538557535,0.000299528538557535,-0.00013031034455146084,0.00042983888310899586,0.00042983888310899586,0.0,0.0,False,0.0,0.0,-0.00013031034455146084
2013-02-14,-0.0005993081604950825,-0.0005993081604950825,0.0012578506266410269,-0.0018571587871361094,-0.0018571587871361094,0.0,0.0,False,0.0,0.0,0.0012578506266410269
2013-02-15,-0.001161543264648078,-0.001161543264648078,-0.0014756278006789933,0.00031408453603091525,0.00031408453603091525,0.0,0.0,False,0.0,0.0,-0.0014756278006789933
2013-02-19,0.00519999667082386,0.00519999667082386,0.004070868819943579,0.001129127850880281,0.001129127850880281,0.0,0.0,False,0.0,0.0,0.004070868819943579
2013-02-20,-0.0051058490393918925,-0.0051058490393918925,-0.00625594198224104,0.0011500929428491478,0.0011500929428491478,0.0,0.0,False,0.0,0.0,-0.00625594198224104
2013-02-21,-0.005160742369360599,-0.005160742369360599,-0.004993039262783934,-0.00016770310657666498,-0.00016770310657666498,0.0,0.0,False,0.0,0.0,-0.004993039262783934
2013-02-22,0.0069436148506401806,0.0069436148506401806,0.0064879907044562615,0.0004556241461839191,0.0004556241461839191,0.0,0.0,False,0.0,0.0,0.0064879907044562615
2013-02-25,-0.00954801080701263,-0.00954801080701263,-0.008330444804017782,-0.0012175660029948472,-0.0012175660029948472,0.0,0.0,False,0.0,0.0,-0.008330444804017782
2013-02-26,0.004058612989563204,0.004058612989563204,0.0031054794927906507,0.0009531334967725529,0.0009531334967725529,0.0,0.0,False,0.0,0.0,0.0031054794927906507
2013-02-27,0.006499081232404366,0.006499081232404366,0.006948976191843327,-0.00044989495943896073,-0.00044989495943896073,0.0,0.0,False,0.0,0.0,0.006948976191843327
2013-02-28,-0.0006535457316327959,-0.0006535457316327959,-0.0006803426611700946,2.679692953729874e-05,2.679692953729874e-05,0.0,0.0,False,0.0,0.0,-0.0006803426611700946
2013-03-01,0.0008503474976881469,0.0005714689713995295,0.0022520338155872345,-0.001680564844187705,-0.0014016863178990878,0.2788785262886173,0.0002788785262886173,True,0.005345125750626692,5.345125750626692e-06,0.0022466886898366077
2013-03-04,0.0025130997685895843,0.0025130997685895843,0.000583132345794274,0.0019299674227953104,0.0019299674227953104,0.0,0.0,False,0.0,0.0,0.000583132345794274
2013-03-05,0.005652856078907898,0.005652856078907898,0.005380046990509379,0.00027280908839851913,0.00027280908839851913,0.0,0.0,False,0.0,0.0,0.005380046990509379
2013-03-06,0.0004828094000904325,0.0004828094000904325,-0.00010385968788292595,0.0005866690879733585,0.0005866690879733585,0.0,0.0,False,0.0,0.0,-0.00010385968788292595
2013-03-07,0.0013321243968199082,0.0013321243968199082,-0.0001206285972768576,0.0014527529940967657,0.0014527529940967657,0.0,0.0,False,0.0,0.0,-0.0001206285972768576
2013-03-08,0.0015252142799902367,0.0015252142799902367,0.0009425047582549522,0.0005827095217352845,0.0005827095217352845,0.0,0.0,False,0.0,0.0,0.0009425047582549522
2013-03-11,0.0015598592672507782,0.0015598592672507782,0.0012873212811131364,0.0002725379861376418,0.0002725379861376418,0.0,0.0,False,0.0,0.0,0.0012873212811131364
2013-03-12,-0.0021689681744007255,-0.0021689681744007255,-0.001519011347606812,-0.0006499568267939134,-0.0006499568267939134,0.0,0.0,False,0.0,0.0,-0.001519011347606812
2013-03-13,-0.0003062672293980576,-0.0003062672293980576,-0.0009004513896386433,0.0005941841602405858,0.0005941841602405858,0.0,0.0,False,0.0,0.0,-0.0009004513896386433
2013-03-14,0.0058626673386460455,0.0058626673386460455,0.0040119208678628514,0.001850746470783194,0.001850746470783194,0.0,0.0,False,0.0,0.0,0.0040119208678628514
2013-03-15,0.0006674412920855997,0.0006674412920855997,8.835303096076694e-05,0.0005790882611248328,0.0005790882611248328,0.0,0.0,False,0.0,0.0,8.835303096076694e-05
2013-03-18,-0.004601951073397243,-0.004601951073397243,-0.0033789937014463874,-0.0012229573719508557,-0.0012229573719508557,0.0,0.0,False,0.0,0.0,-0.0033789937014463874
2013-03-19,-0.0019816182006661986,-0.0019816182006661986,-0.0008862541729627039,-0.0010953640277034946,-0.0010953640277034946,0.0,0.0,False,0.0,0.0,-0.0008862541729627039
2013-03-20,0.004178863017735317,0.004178863017735317,0.0023346587673789125,0.0018442042503564048,0.0018442042503564048,0.0,0.0,False,0.0,0.0,0.0023346587673789125
2013-03-21,-0.005181197833015339,-0.005181197833015339,-0.0042986821178965405,-0.0008825157151187988,-0.0008825157151187988,0.0,0.0,False,0.0,0.0,-0.0042986821178965405
2013-03-22,0.0042283720248431,0.0042283720248431,0.004409558267591191,-0.00018118624274809057,-0.00018118624274809057,0.0,0.0,False,0.0,0.0,0.004409558267591191
2013-03-25,-0.005575705866294557,-0.005575705866294557,-0.0031265955742800482,-0.002449110292014509,-0.002449110292014509,0.0,0.0,False,0.0,0.0,-0.0031265955742800482
2013-03-26,0.004447681752410502,0.004447681752410502,0.005300579927708246,-0.0008528981752977437,-0.0008528981752977437,0.0,0.0,False,0.0,0.0,0.005300579927708246
2013-03-27,-0.0018702220071669894,-0.0018702220071669894,0.0014462929764318972,-0.003316514983598887,-0.003316514983598887,0.0,0.0,False,0.0,0.0,0.0014462929764318972
2013-03-28,0.0028249436716472997,0.0028249436716472997,0.0012184307115035726,0.0016065129601437272,0.0016065129601437272,0.0,0.0,False,0.0,0.0,0.0012184307115035726
2013-04-01,-0.005156451243710998,-0.005435885466480189,-0.0042518478544184835,-0.0011840376120617058,-0.0009046033892925144,0.27943422276919155,0.00027943422276919156,True,0.008361571040453434,8.361571040453433e-06,-0.004260209425458937
2013-04-02,0.0041054882736717094,0.0041054882736717094,0.0021916626457603758,0.0019138256279113337,0.0019138256279113337,0.0,0.0,False,0.0,0.0,0.0021916626457603758
2013-04-03,-0.002173171262869702,-0.002173171262869702,-0.0038337968398366087,0.0016606255769669068,0.0016606255769669068,0.0,0.0,False,0.0,0.0,-0.0038337968398366087
2013-04-04,0.005363023224810327,0.005363023224810327,0.004899568329205673,0.0004634548956046541,0.0004634548956046541,0.0,0.0,False,0.0,0.0,0.004899568329205673
2013-04-05,-0.0010922165127076264,-0.0010922165127076264,-0.0002237044995105149,-0.0008685120131971115,-0.0008685120131971115,0.0,0.0,False,0.0,0.0,-0.0002237044995105149
2013-04-08,0.0030294949278542377,0.0030294949278542377,0.002249504312221204,0.0007799906156330336,0.0007799906156330336,0.0,0.0,False,0.0,0.0,0.002249504312221204
2013-04-09,0.002580982584043326,0.002580982584043326,0.0024787368922212028,0.0001022456918221234,0.0001022456918221234,0.0,0.0,False,0.0,0.0,0.0024787368922212028
2013-04-10,0.006532076855337675,0.006532076855337675,0.005762320278955575,0.0007697565763821,0.0007697565763821,0.0,0.0,False,0.0,0.0,0.005762320278955575
2013-04-11,0.0033049861044215888,0.0033049861044215888,0.00275019379048498,0.0005547923139366086,0.0005547923139366086,0.0,0.0,False,0.0,0.0,0.00275019379048498
2013-04-12,0.0005071470167404675,0.0005071470167404675,-0.00021243283344169698,0.0007195798501821645,0.0007195798501821645,0.0,0.0,False,0.0,0.0,-0.00021243283344169698
2013-04-15,-0.011547288534691015,-0.011547288534691015,-0.013221759888541844,0.0016744713538508291,0.0016744713538508291,0.0,0.0,False,0.0,0.0,-0.013221759888541844
2013-04-16,0.007624370216034528,0.007624370216034528,0.00803932810405767,-0.0004149578880231425,-0.0004149578880231425,0.0,0.0,False,0.0,0.0,0.00803932810405767
2013-04-17,-0.009085836058271068,-0.009085836058271068,-0.008978817970716722,-0.00010701808755434611,-0.00010701808755434611,0.0,0.0,False,0.0,0.0,-0.008978817970716722
2013-04-18,-0.0020915924128544565,-0.0020915924128544565,-0.002207966416932251,0.00011637400407779434,0.00011637400407779434,0.0,0.0,False,0.0,0.0,-0.002207966416932251
2013-04-19,0.004627966507363222,0.004627966507363222,0.005740135699308104,-0.0011121691919448824,-0.0011121691919448824,0.0,0.0,False,0.0,0.0,0.005740135699308104
2013-04-22,0.0026242625806121903,0.0026242625806121903,0.002760069913793555,-0.00013580733318136482,-0.00013580733318136482,0.0,0.0,False,0.0,0.0,0.002760069913793555
2013-04-23,0.007407128479487711,0.007407128479487711,0.006313204277851312,0.001093924201636399,0.001093924201636399,0.0,0.0,False,0.0,0.0,0.006313204277851312
2013-04-24,0.0031734867347932467,0.0031734867347932467,0.0026143174529787106,0.0005591692818145361,0.0005591692818145361,0.0,0.0,False,0.0,0.0,0.0026143174529787106
2013-04-25,0.002624391189464289,0.002624391189464289,0.0026793927198581436,-5.500153039385454e-05,-5.500153039385454e-05,0.0,0.0,False,0.0,0.0,0.0026793927198581436
2013-04-26,0.0010106351836465769,0.0010106351836465769,7.61035424825309e-05,0.000934531641164046,0.000934531641164046,0.0,0.0,False,0.0,0.0,7.61035424825309e-05
2013-04-29,0.005592123715929862,0.005592123715929862,0.0050651580587800825,0.0005269656571497798,0.0005269656571497798,0.0,0.0,False,0.0,0.0,0.0050651580587800825
2013-04-30,0.0007215446837407237,0.0007215446837407237,0.0023190827343190024,-0.0015975380505782787,-0.0015975380505782787,0.0,0.0,False,0.0,0.0,0.0023190827343190024
2013-05-01,-0.007412532628399845,-0.007695464592442925,-0.0039889242407374625,-0.003706540351705463,-0.003423608387662382,0.28293196404308096,0.000282931964043081,True,0.005154728219674016,5.154728219674016e-06,-0.003994078968957137
2013-05-02,0.007223956724454755,0.007223956724454755,0.004736760630277236,0.0024871960941775188,0.0024871960941775188,0.0,0.0,False,0.0,0.0,0.004736760630277236
2013-05-03,0.003723923139001454,0.003723923139001454,0.0022558183470299032,0.0014681047919715509,0.0014681047919715509,0.0,0.0,False,0.0,0.0,0.0022558183470299032
2013-05-06,0.002310794647280052,0.002310794647280052,0.0006328053985359587,0.0016779892487440934,0.0016779892487440934,0.0,0.0,False,0.0,0.0,0.0006328053985359587
2013-05-07,0.0030167562881387045,0.0030167562881387045,0.0023266458719191315,0.000690110416219573,0.000690110416219573,0.0,0.0,False,0.0,0.0,0.0023266458719191315
2013-05-08,0.0028674238160469098,0.0028674238160469098,0.004349048132531173,-0.0014816243164842632,-0.0014816243164842632,0.0,0.0,False,0.0,0.0,0.004349048132531173
2013-05-09,-0.0029718623744260705,-0.0029718623744260705,-0.0037011537422305075,0.000729291367804437,0.000729291367804437,0.0,0.0,False,0.0,0.0,-0.0037011537422305075
2013-05-10,0.0003193535238058102,0.0003193535238058102,-0.0016450672714035494,0.00196442079520936,0.00196442079520936,0.0,0.0,False,0.0,0.0,-0.0016450672714035494
2013-05-13,-0.0015073645428420935,-0.0015073645428420935,-0.001882636568893004,0.0003752720260509104,0.0003752720260509104,0.0,0.0,False,0.0,0.0,-0.001882636568893004
2013-05-14,0.005056293707657938,0.005056293707657938,0.0028708441158650645,0.0021854495917928737,0.0021854495917928737,0.0,0.0,False,0.0,0.0,0.0028708441158650645
2013-05-15,0.003028310591518298,0.003028310591518298,0.003783135032555577,-0.000754824441037279,-0.000754824441037279,0.0,0.0,False,0.0,0.0,0.003783135032555577
2013-05-16,-1.1457337321633823e-05,-1.1457337321633823e-05,-0.0008648067122952832,0.0008533493749736493,0.0008533493749736493,0.0,0.0,False,0.0,0.0,-0.0008648067122952832
2013-05-17,0.003929633833255498,0.003929633833255498,0.0027280286435414905,0.0012016051897140072,0.0012016051897140072,0.0,0.0,False,0.0,0.0,0.0027280286435414905
2013-05-20,0.00036482298993439823,0.00036482298993439823,0.0007819295961229386,-0.0004171066061885403,-0.0004171066061885403,0.0,0.0,False,0.0,0.0,0.0007819295961229386
2013-05-21,0.0019425839896770305,0.0019425839896770305,0.001988094099399681,-4.551010972265036e-05,-4.551010972265036e-05,0.0,0.0,False,0.0,0.0,0.001988094099399681
2013-05-22,-0.009554544093562784,-0.009554544093562784,-0.0090751379977312,-0.0004794060958315839,-0.0004794060958315839,0.0,0.0,False,0.0,0.0,-0.0090751379977312
2013-05-23,-0.0007049869965720147,-0.0007049869965720147,-0.00316588417253943,0.002460897175967415,0.002460897175967415,0.0,0.0,False,0.0,0.0,-0.00316588417253943
2013-05-24,-0.0009746627118342146,-0.0009746627118342146,-0.0023910803898281063,0.0014164176779938916,0.0014164176779938916,0.0,0.0,False,0.0,0.0,-0.0023910803898281063
2013-05-28,0.001258843384992971,0.001258843384992971,-0.0014692922104406825,0.0027281355954336534,0.0027281355954336534,0.0,0.0,False,0.0,0.0,-0.0014692922104406825
2013-05-29,-0.005013269114339055,-0.005013269114339055,-0.003950231763146551,-0.0010630373511925032,-0.0010630373511925032,0.0,0.0,False,0.0,0.0,-0.003950231763146551
2013-05-30,0.0035271738152308045,0.0035271738152308045,0.002179553540510879,0.0013476202747199255,0.0013476202747199255,0.0,0.0,False,0.0,0.0,0.002179553540510879
2013-05-31,-0.010226710463076254,-0.010226710463076254,-0.011147665567650544,0.0009209551045742895,0.0009209551045742895,0.0,0.0,False,0.0,0.0,-0.011147665567650544
2013-06-03,0.0013317056349495613,0.0010499933189729175,0.004341808712463063,-0.003291815393490146,-0.0030101030775135018,0.2817123159766439,0.00028171231597664393,True,0.014414609238257964,1.4414609238257965e-05,0.0043273941032248055
2013-06-04,-0.0013473049645017954,-0.0013473049645017954,-0.004221990631657389,0.0028746856671555934,0.0028746856671555934,0.0,0.0,False,0.0,0.0,-0.004221990631657389
2013-06-05,-0.011424237113944186,-0.011424237113944186,-0.008567964703066725,-0.0028562724108774605,-0.0028562724108774605,0.0,0.0,False,0.0,0.0,-0.008567964703066725
2013-06-06,0.006254801735495086,0.006254801735495086,0.005753790573678825,0.0005010111618162609,0.0005010111618162609,0.0,0.0,False,0.0,0.0,0.005753790573678825
2013-06-07,0.005409245240930824,0.005409245240930824,0.0026294049352407816,0.0027798403056900423,0.0027798403056900423,0.0,0.0,False,0.0,0.0,0.0026294049352407816
2013-06-10,-0.000997393288580768,-0.000997393288580768,-0.002069018109533668,0.0010716248209528998,0.0010716248209528998,0.0,0.0,False,0.0,0.0,-0.002069018109533668
2013-06-11,-0.007450244833024139,-0.007450244833024139,-0.006574079862328042,-0.0008761649706960969,-0.0008761649706960969,0.0,0.0,False,0.0,0.0,-0.006574079862328042
2013-06-12,-0.0032069723458026966,-0.0032069723458026966,-0.0059744421644816,0.0027674698186789036,0.0027674698186789036,0.0,0.0,False,0.0,0.0,-0.0059744421644816
2013-06-13,0.013172903036130055,0.013172903036130055,0.01373414378614917,-0.0005612407500191156,-0.0005612407500191156,0.0,0.0,False,0.0,0.0,0.01373414378614917
2013-06-14,-0.004644375187500407,-0.004644375187500407,-0.005416856443910403,0.0007724812564099959,0.0007724812564099959,0.0,0.0,False,0.0,0.0,-0.005416856443910403
2013-06-17,0.00537162502438923,0.00537162502438923,0.004737186963985081,0.0006344380604041489,0.0006344380604041489,0.0,0.0,False,0.0,0.0,0.004737186963985081
2013-06-18,0.0035689082534305786,0.0035689082534305786,0.0040916235530151735,-0.000522715299584595,-0.000522715299584595,0.0,0.0,False,0.0,0.0,0.0040916235530151735
2013-06-19,-0.015531405619478883,-0.015531405619478883,-0.01598069370870195,0.0004492880892230655,0.0004492880892230655,0.0,0.0,False,0.0,0.0,-0.01598069370870195
2013-06-20,-0.022374029753399374,-0.022374029753399374,-0.022482155858884863,0.00010812610548548846,0.00010812610548548846,0.0,0.0,False,0.0,0.0,-0.022482155858884863
2013-06-21,-0.002108722273893107,-0.002108722273893107,-0.0012816526912225927,-0.0008270695826705142,-0.0008270695826705142,0.0,0.0,False,0.0,0.0,-0.0012816526912225927
2013-06-24,-0.011443975682019858,-0.011443975682019858,-0.010054275905192754,-0.0013896997768271038,-0.0013896997768271038,0.0,0.0,False,0.0,0.0,-0.010054275905192754
2013-06-25,0.009145446921440037,0.009145446921440037,0.0071205563165120545,0.0020248906049279824,0.0020248906049279824,0.0,0.0,False,0.0,0.0,0.0071205563165120545
2013-06-26,0.00710451317995341,0.00710451317995341,0.007609893995527398,-0.0005053808155739883,-0.0005053808155739883,0.0,0.0,False,0.0,0.0,0.007609893995527398
2013-06-27,0.00808625453995549,0.00808625453995549,0.008932280917055193,-0.0008460263770997036,-0.0008460263770997036,0.0,0.0,False,0.0,0.0,0.008932280917055193
2013-06-28,-0.0027248112522261832,-0.0027248112522261832,-0.0012633714162829223,-0.001461439835943261,-0.001461439835943261,0.0,0.0,False,0.0,0.0,-0.0012633714162829223
2013-07-01,0.006007649554790972,0.005860120292636711,0.0048626345821756066,0.0009974857104611042,0.0011450149726153656,0.14752926215426101,0.000147529262154261,True,0.0045886460259711714,4.5886460259711715e-06,0.004858045936149635
2013-07-02,-0.0010353545016912212,-0.0010353545016912212,-0.002333584071374296,0.0012982295696830747,0.0012982295696830747,0.0,0.0,False,0.0,0.0,-0.002333584071374296
2013-07-03,-0.0006779962994664683,-0.0006779962994664683,-0.0015956825331905533,0.000917686233724085,0.000917686233724085,0.0,0.0,False,0.0,0.0,-0.0015956825331905533
2013-07-05,0.0004806728180132681,0.0004806728180132681,-0.002909199518981882,0.00338987233699515,0.00338987233699515,0.0,0.0,False,0.0,0.0,-0.002909199518981882
2013-07-08,0.006839749444328908,0.006839749444328908,0.005868448233112698,0.0009713012112162103,0.0009713012112162103,0.0,0.0,False,0.0,0.0,0.005868448233112698
2013-07-09,0.0044123721965880665,0.0044123721965880665,0.005292709929109749,-0.0008803377325216823,-0.0008803377325216823,0.0,0.0,False,0.0,0.0,0.005292709929109749
2013-07-10,0.00023985455082073046,0.00023985455082073046,-0.0017382786282403098,0.0019781331790610403,0.0019781331790610403,0.0,0.0,False,0.0,0.0,-0.0017382786282403098
2013-07-11,0.017333364747932963,0.017333364747932963,0.017751894997707927,-0.0004185302497749649,-0.0004185302497749649,0.0,0.0,False,0.0,0.0,0.017751894997707927
2013-07-12,-0.0031643523033054962,-0.0031643523033054962,-0.00245717378997224,-0.0007071785133332563,-0.0007071785133332563,0.0,0.0,False,0.0,0.0,-0.00245717378997224
2013-07-15,0.0055089086064409095,0.0055089086064409095,0.005397847298741364,0.0001110613076995455,0.0001110613076995455,0.0,0.0,False,0.0,0.0,0.005397847298741364
2013-07-16,-0.0018955359625640563,-0.0018955359625640563,-0.0010657076286542133,-0.000829828333909843,-0.000829828333909843,0.0,0.0,False,0.0,0.0,-0.0010657076286542133
2013-07-17,0.003183600967405824,0.003183600967405824,0.003851804494333106,-0.0006682035269272822,-0.0006682035269272822,0.0,0.0,False,0.0,0.0,0.003851804494333106
2013-07-18,0.0032577383915881205,0.0032577383915881205,-4.644564526396313e-05,0.003304184036852084,0.003304184036852084,0.0,0.0,False,0.0,0.0,-4.644564526396313e-05
2013-07-19,0.0020177501670949373,0.0020177501670949373,0.002838457782958787,-0.0008207076158638499,-0.0008207076158638499,0.0,0.0,False,0.0,0.0,0.002838457782958787
2013-07-22,0.0033286726230994258,0.0033286726230994258,0.002931782401276145,0.00039689022182328067,0.00039689022182328067,0.0,0.0,False,0.0,0.0,0.002931782401276145
2013-07-23,-0.00043079533844002284,-0.00043079533844002284,6.37413599174567e-05,-0.0004945366983574795,-0.0004945366983574795,0.0,0.0,False,0.0,0.0,6.37413599174567e-05
2013-07-24,-0.003288705214262956,-0.003288705214262956,-0.00539960459709796,0.002110899382835004,0.002110899382835004,0.0,0.0,False,0.0,0.0,-0.00539960459709796
2013-07-25,0.0010058466872154815,0.0010058466872154815,0.002190630085213874,-0.0011847833979983925,-0.0011847833979983925,0.0,0.0,False,0.0,0.0,0.002190630085213874
2013-07-26,-0.0015556287705720125,-0.0015556287705720125,-0.000459535664611348,-0.0010960931059606645,-0.0010960931059606645,0.0,0.0,False,0.0,0.0,-0.000459535664611348
2013-07-29,-0.00490390177357916,-0.00490390177357916,-0.005020403297786568,0.00011650152420740727,0.00011650152420740727,0.0,0.0,False,0.0,0.0,-0.005020403297786568
2013-07-30,4.901130643097712e-05,4.901130643097712e-05,-0.0002436328543020961,0.0002926441607330732,0.0002926441607330732,0.0,0.0,False,0.0,0.0,-0.0002436328543020961
2013-07-31,0.0011161499469088901,0.0011161499469088901,0.00040226620661022044,0.0007138837402986697,0.0007138837402986697,0.0,0.0,False,0.0,0.0,0.00040226620661022044
2013-08-01,0.0019374178081466267,0.0016573310830671174,0.004081913077348426,-0.0024245819942813086,-0.002144495269201799,0.2800867250795093,0.0002800867250795093,True,0.012644633087101901,1.26446330871019e-05,0.004069268444261324
2013-08-02,0.004608308408034126,0.004608308408034126,0.0047209371239122205,-0.00011262871587809468,-0.00011262871587809468,0.0,0.0,False,0.0,0.0,0.0047209371239122205
2013-08-05,-0.0030173521961741863,-0.0030173521961741863,-0.0027853113935660573,-0.00023204080260812903,-0.00023204080260812903,0.0,0.0,False,0.0,0.0,-0.0027853113935660573
2013-08-06,-0.0023386156277220085,-0.0023386156277220085,-0.0034255732005996015,0.001086957572877593,0.001086957572877593,0.0,0.0,False,0.0,0.0,-0.0034255732005996015
2013-08-07,-0.0021123966979813957,-0.0021123966979813957,-0.0016556234836143495,-0.0004567732143670462,-0.0004567732143670462,0.0,0.0,False,0.0,0.0,-0.0016556234836143495
2013-08-08,0.0037926196077964665,0.0037926196077964665,0.005313574698589101,-0.0015209550907926347,-0.0015209550907926347,0.0,0.0,False,0.0,0.0,0.005313574698589101
2013-08-09,-0.000695713571672266,-0.000695713571672266,-0.000227635681099782,-0.000468077890572484,-0.000468077890572484,0.0,0.0,False,0.0,0.0,-0.000227635681099782
2013-08-12,-0.0012051912526057909,-0.0012051912526057909,-0.0003735436736063448,-0.0008316475789994461,-0.0008316475789994461,0.0,0.0,False,0.0,0.0,-0.0003735436736063448
2013-08-13,0.0003947894495215329,0.0003947894495215329,-0.0011499215468454606,0.0015447109963669934,0.0015447109963669934,0.0,0.0,False,0.0,0.0,-0.0011499215468454606
2013-08-14,-0.002607539530216048,-0.002607539530216048,-0.001329248553815664,-0.001278290976400384,-0.001278290976400384,0.0,0.0,False,0.0,0.0,-0.001329248553815664
2013-08-15,-0.009237800718311436,-0.009237800718311436,-0.010378067687799473,0.0011402669694880376,0.0011402669694880376,0.0,0.0,False,0.0,0.0,-0.010378067687799473
2013-08-16,-0.0028942963614412673,-0.0028942963614412673,-0.003477834861975888,0.0005835385005346209,0.0005835385005346209,0.0,0.0,False,0.0,0.0,-0.003477834861975888
2013-08-19,-0.006353726827302185,-0.006353726827302185,-0.007517578772181293,0.0011638519448791086,0.0011638519448791086,0.0,0.0,False,0.0,0.0,-0.007517578772181293
2013-08-20,0.005243205054207296,0.005243205054207296,0.004158410698189773,0.0010847943560175228,0.0010847943560175228,0.0,0.0,False,0.0,0.0,0.004158410698189773
2013-08-21,-0.006417820521672904,-0.006417820521672904,-0.008979076767694973,0.0025612562460220686,0.0025612562460220686,0.0,0.0,False,0.0,0.0,-0.008979076767694973
2013-08-22,0.007222165819747606,0.007222165819747606,0.007637840720158032,-0.00041567490041042633,-0.00041567490041042633,0.0,0.0,False,0.0,0.0,0.007637840720158032
2013-08-23,0.0052419843650875295,0.0052419843650875295,0.006295473224346727,-0.0010534888592591976,-0.0010534888592591976,0.0,0.0,False,0.0,0.0,0.006295473224346727
2013-08-26,-0.001985904394717116,-0.001985904394717116,-0.0023778938284727455,0.00039198943375562964,0.00039198943375562964,0.0,0.0,False,0.0,0.0,-0.0023778938284727455
2013-08-27,-0.008976318089232186,-0.008976318089232186,-0.008490650442410926,-0.00048566764682126014,-0.00048566764682126014,0.0,0.0,False,0.0,0.0,-0.008490650442410926
2013-08-28,0.0020175790777752865,0.0020175790777752865,-2.042726433721699e-05,0.0020380063421125034,0.0020380063421125034,0.0,0.0,False,0.0,0.0,-2.042726433721699e-05
2013-08-29,0.0015318367596132598,0.0015318367596132598,0.002246646509841518,-0.0007148097502282583,-0.0007148097502282583,0.0,0.0,False,0.0,0.0,0.002246646509841518
2013-08-30,-0.0033096002913093367,-0.0033096002913093367,-0.0032748340099267243,-3.47662813826124e-05,-3.47662813826124e-05,0.0,0.0,False,0.0,0.0,-0.0032748340099267243
2013-09-03,0.0016436653650740575,0.0013637335246695892,0.0027851374048703803,-0.001421403880200791,-0.0011414720397963229,0.2799318404044682,0.0002799318404044682,True,0.0037174041981988017,3.7174041981988016e-06,0.0027814200006721817
2013-09-04,0.00583459399054324,0.00583459399054324,0.0047680884268427775,0.0010665055637004628,0.0010665055637004628,0.0,0.0,False,0.0,0.0,0.0047680884268427775
2013-09-05,-0.0013767285751009276,-0.0013767285751009276,-0.0018647539733988383,0.0004880253982979107,0.0004880253982979107,0.0,0.0,False,0.0,0.0,-0.0018647539733988383
2013-09-06,0.0019315284409313922,0.0019315284409313922,0.004275088941096435,-0.002343560500165043,-0.002343560500165043,0.0,0.0,False,0.0,0.0,0.004275088941096435
2013-09-09,0.008546499291109441,0.008546499291109441,0.009293581966560304,-0.0007470826754508633,-0.0007470826754508633,0.0,0.0,False,0.0,0.0,0.009293581966560304
2013-09-10,0.00570704428060816,0.00570704428060816,0.0033950377075990233,0.0023120065730091364,0.0023120065730091364,0.0,0.0,False,0.0,0.0,0.0033950377075990233
2013-09-11,0.0021239459040113618,0.0021239459040113618,0.003669213402173513,-0.0015452674981621512,-0.0015452674981621512,0.0,0.0,False,0.0,0.0,0.003669213402173513
2013-09-12,-0.0033877716229419857,-0.0033877716229419857,-0.0034448747963392663,5.710317339728066e-05,5.710317339728066e-05,0.0,0.0,False,0.0,0.0,-0.0034448747963392663
2013-09-13,0.0022174909847040526,0.0022174909847040526,0.002925580791137879,-0.0007080898064338263,-0.0007080898064338263,0.0,0.0,False,0.0,0.0,0.002925580791137879
2013-09-16,0.004151686404577911,0.004151686404577911,0.004530780769528657,-0.0003790943649507458,-0.0003790943649507458,0.0,0.0,False,0.0,0.0,0.004530780769528657
2013-09-17,0.005489503610571807,0.005489503610571807,0.0028876090078681672,0.00260189460270364,0.00260189460270364,0.0,0.0,False,0.0,0.0,0.0028876090078681672
2013-09-18,0.010872675135953863,0.010872675135953863,0.01766113599901998,-0.0067884608630661165,-0.0067884608630661165,0.0,0.0,False,0.0,0.0,0.01766113599901998
2013-09-19,-0.002351252158283321,-0.002351252158283321,-0.0037332281165986516,0.0013819759583153304,0.0013819759583153304,0.0,0.0,False,0.0,0.0,-0.0037332281165986516
2013-09-20,-0.0036938421988869756,-0.0036938421988869756,-0.005278919055922267,0.0015850768570352912,0.0015850768570352912,0.0,0.0,False,0.0,0.0,-0.005278919055922267
2013-09-23,-0.0009281895850946734,-0.0009281895850946734,0.0008707462939125873,-0.0017989358790072608,-0.0017989358790072608,0.0,0.0,False,0.0,0.0,0.0008707462939125873
2013-09-24,-0.0001148558900950829,-0.0001148558900950829,-9.356348292800202e-05,-2.129240716708088e-05,-2.129240716708088e-05,0.0,0.0,False,0.0,0.0,-9.356348292800202e-05
2013-09-25,-0.0016024817995507557,-0.0016024817995507557,-0.0005158241181904943,-0.0010866576813602614,-0.0010866576813602614,0.0,0.0,False,0.0,0.0,-0.0005158241181904943
2013-09-26,0.0024908093208485223,0.0024908093208485223,0.0013975003171234474,0.001093309003725075,0.001093309003725075,0.0,0.0,False,0.0,0.0,0.0013975003171234474
2013-09-27,-0.003250303765836427,-0.003250303765836427,-0.003127654830866325,-0.00012264893497010172,-0.00012264893497010172,0.0,0.0,False,0.0,0.0,-0.003127654830866325
2013-09-30,-0.0027466100971922968,-0.0027466100971922968,-0.00395280876704855,0.0012061986698562533,0.0012061986698562533,0.0,0.0,False,0.0,0.0,-0.00395280876704855
2013-10-01,0.0075796462216665035,0.007474141256321414,0.0049947329156374235,0.0024794083406839904,0.00258491330602908,0.10550496534508956,0.00010550496534508955,True,0.010748769317719762,1.0748769317719761e-05,0.004983984146319704
2013-10-02,-0.0012963989232592813,-0.0012963989232592813,0.0007098183436907337,-0.0020062172669500153,-0.0020062172669500153,0.0,0.0,False,0.0,0.0,0.0007098183436907337
2013-10-03,-0.005908821943442448,-0.005908821943442448,-0.0043826551195540586,-0.0015261668238883896,-0.0015261668238883896,0.0,0.0,False,0.0,0.0,-0.0043826551195540586
2013-10-04,0.005137318359799912,0.005137318359799912,0.003540906675330624,0.0015964116844692884,0.0015964116844692884,0.0,0.0,False,0.0,0.0,0.003540906675330624
2013-10-07,-0.007230922000074848,-0.007230922000074848,-0.004959866448402312,-0.002271055551672536,-0.002271055551672536,0.0,0.0,False,0.0,0.0,-0.004959866448402312
2013-10-08,-0.008796177548708355,-0.008796177548708355,-0.006528572635527718,-0.0022676049131806373,-0.0022676049131806373,0.0,0.0,False,0.0,0.0,-0.006528572635527718
2013-10-09,-0.0006023383358574729,-0.0006023383358574729,0.0003431755693057425,-0.0009455139051632155,-0.0009455139051632155,0.0,0.0,False,0.0,0.0,0.0003431755693057425
2013-10-10,0.01591909958045669,0.01591909958045669,0.012547960209461901,0.0033711393709947874,0.0033711393709947874,0.0,0.0,False,0.0,0.0,0.012547960209461901
2013-10-11,0.007020529441202053,0.007020529441202053,0.004386260676141053,0.002634268765061,0.002634268765061,0.0,0.0,False,0.0,0.0,0.004386260676141053
2013-10-14,0.003308175948936401,0.003308175948936401,0.0010555602757632242,0.0022526156731731764,0.0022526156731731764,0.0,0.0,False,0.0,0.0,0.0010555602757632242
2013-10-15,-0.0054420756581792466,-0.0054420756581792466,-0.004387008524135921,-0.0010550671340433257,-0.0010550671340433257,0.0,0.0,False,0.0,0.0,-0.004387008524135921
2013-10-16,0.010384888137352565,0.010384888137352565,0.009442620580686066,0.0009422675566664995,0.0009422675566664995,0.0,0.0,False,0.0,0.0,0.009442620580686066
2013-10-17,0.006641634243831133,0.006641634243831133,0.007757331889550985,-0.0011156976457198523,-0.0011156976457198523,0.0,0.0,False,0.0,0.0,0.007757331889550985
2013-10-18,0.006353089489981075,0.006353089489981075,0.003920952982753287,0.002432136507227788,0.002432136507227788,0.0,0.0,False,0.0,0.0,0.003920952982753287
2013-10-21,-0.0013686755318782053,-0.0013686755318782053,-0.0006973031758882196,-0.0006713723559899857,-0.0006713723559899857,0.0,0.0,False,0.0,0.0,-0.0006973031758882196
2013-10-22,0.003924591465007173,0.003924591465007173,0.00720234358352664,-0.003277752118519467,-0.003277752118519467,0.0,0.0,False,0.0,0.0,0.00720234358352664
2013-10-23,-0.0023492536873661227,-0.0023492536873661227,-0.005016009154189926,0.002666755466823803,0.002666755466823803,0.0,0.0,False,0.0,0.0,-0.005016009154189926
2013-10-24,0.0027874646428280624,0.0027874646428280624,0.0013630282723228904,0.001424436370505172,0.001424436370505172,0.0,0.0,False,0.0,0.0,0.0013630282723228904
2013-10-25,0.0019758210593429273,0.0019758210593429273,0.0019854053091833907,-9.584249840463403e-06,-9.584249840463403e-06,0.0,0.0,False,0.0,0.0,0.0019854053091833907
2013-10-28,0.0003737360161996317,0.0003737360161996317,0.0005866847462903925,-0.00021294873009076082,-0.00021294873009076082,0.0,0.0,False,0.0,0.0,0.0005866847462903925
2013-10-29,0.003282513034146511,0.003282513034146511,0.0029530710647096966,0.00032944196943681444,0.00032944196943681444,0.0,0.0,False,0.0,0.0,0.0029530710647096966
2013-10-30,-0.007080908107487097,-0.007080908107487097,-0.004413985119752701,-0.0026669229877343955,-0.0026669229877343955,0.0,0.0,False,0.0,0.0,-0.004413985119752701
2013-10-31,-0.002491994866902449,-0.002491994866902449,-0.0033714985043001044,0.0008795036373976553,0.0008795036373976553,0.0,0.0,False,0.0,0.0,-0.0033714985043001044
2013-11-01,-0.0020681529109996357,-0.0022133602582487893,-0.002235275214817733,2.1914956568943895e-05,0.00016712230381809743,0.1452073472491535,0.00014520734724915348,True,0.00672665361435567,6.72665361435567e-06,-0.002242001868432089
2013-11-04,0.0049419231028036015,0.0049419231028036015,0.003454762030709964,0.0014871610720936373,0.0014871610720936373,0.0,0.0,False,0.0,0.0,0.003454762030709964
2013-11-05,-0.0032681714649487738,-0.0032681714649487738,-0.006573332799536447,0.003305161334587673,0.003305161334587673,0.0,0.0,False,0.0,0.0,-0.006573332799536447
2013-11-06,0.0013647480053678761,0.0013647480053678761,0.003742085598273171,-0.002377337592905295,-0.002377337592905295,0.0,0.0,False,0.0,0.0,0.003742085598273171
2013-11-07,-0.007068589571895533,-0.007068589571895533,-0.007594114960105489,0.0005255253882099561,0.0005255253882099561,0.0,0.0,False,0.0,0.0,-0.007594114960105489
2013-11-08,0.0059753939893946,0.0059753939893946,0.0006871421539581201,0.0052882518354364794,0.0052882518354364794,0.0,0.0,False,0.0,0.0,0.0006871421539581201
2013-11-11,-0.0009559530946310223,-0.0009559530946310223,-0.000588317159334305,-0.0003676359352967173,-0.0003676359352967173,0.0,0.0,False,0.0,0.0,-0.000588317159334305
2013-11-12,-0.0008389313967881422,-0.0008389313967881422,-0.0014528030806378845,0.0006138716838497423,0.0006138716838497423,0.0,0.0,False,0.0,0.0,-0.0014528030806378845
2013-11-13,0.006461762286886013,0.006461762286886013,0.0049349102414690095,0.001526852045417003,0.001526852045417003,0.0,0.0,False,0.0,0.0,0.0049349102414690095
2013-11-14,0.002525344165227034,0.002525344165227034,0.0058021505525059774,-0.0032768063872789435,-0.0032768063872789435,0.0,0.0,False,0.0,0.0,0.0058021505525059774
2013-11-15,0.0024948136720850844,0.0024948136720850844,0.00453197187341289,-0.0020371582013278054,-0.0020371582013278054,0.0,0.0,False,0.0,0.0,0.00453197187341289
2013-11-18,-0.0033355147239838012,-0.0033355147239838012,0.001119111261501683,-0.004454625985485484,-0.004454625985485484,0.0,0.0,False,0.0,0.0,0.001119111261501683
2013-11-19,-0.002925591191909609,-0.002925591191909609,-0.0035916111588971938,0.000666019966987585,0.000666019966987585,0.0,0.0,False,0.0,0.0,-0.0035916111588971938
2013-11-20,-0.0019174935281116563,-0.0019174935281116563,-0.005935631964724806,0.00401813843661315,0.00401813843661315,0.0,0.0,False,0.0,0.0,-0.005935631964724806
2013-11-21,0.008302081128476593,0.008302081128476593,0.004759241061024228,0.003542840067452365,0.003542840067452365,0.0,0.0,False,0.0,0.0,0.004759241061024228
2013-11-22,0.003215583371588267,0.003215583371588267,0.0044577718180031835,-0.0012421884464149167,-0.0012421884464149167,0.0,0.0,False,0.0,0.0,0.0044577718180031835
2013-11-25,0.0007615881411740455,0.0007615881411740455,-0.0014058239331065734,0.002167412074280619,0.002167412074280619,0.0,0.0,False,0.0,0.0,-0.0014058239331065734
2013-11-26,0.002756758728892369,0.002756758728892369,0.0016995625022858387,0.0010571962266065302,0.0010571962266065302,0.0,0.0,False,0.0,0.0,0.0016995625022858387
2013-11-27,0.0016414437809046047,0.0016414437809046047,0.0015248896330986466,0.00011655414780595806,0.00011655414780595806,0.0,0.0,False,0.0,0.0,0.0015248896330986466
2013-11-29,0.0002923209245401073,0.0002923209245401073,0.0009042812806465412,-0.000611960356106434,-0.000611960356106434,0.0,0.0,False,0.0,0.0,0.0009042812806465412
2013-12-02,-0.0037818767026097143,-0.003919355551485515,-0.006451641884192133,0.0025322863327066182,0.0026697651815824185,0.1374788488758003,0.00013747884887580031,True,0.007963890474373611,7.963890474373612e-06,-0.0064596057746665065
2013-12-03,-0.003309132276899908,-0.003309132276899908,-0.001998258298486508,-0.0013108739784134004,-0.0013108739784134004,0.0,0.0,False,0.0,0.0,-0.001998258298486508
2013-12-04,-0.0017747372132974695,-0.0017747372132974695,-0.0029679008042968018,0.0011931635909993323,0.0011931635909993323,0.0,0.0,False,0.0,0.0,-0.0029679008042968018
2013-12-05,-0.001658737287793129,-0.001658737287793129,-0.0036804095777321476,0.0020216722899390185,0.0020216722899390185,0.0,0.0,False,0.0,0.0,-0.0036804095777321476
2013-12-06,0.0072670045208813846,0.0072670045208813846,0.008513933078978679,-0.0012469285580972945,-0.0012469285580972945,0.0,0.0,False,0.0,0.0,0.008513933078978679
2013-12-09,0.0020888387910798765,0.0020888387910798765,0.0013157273224964773,0.0007731114685833992,0.0007731114685833992,0.0,0.0,False,0.0,0.0,0.0013157273224964773
2013-12-10,-0.00388222713329916,-0.00388222713329916,5.8146126111841316e-05,-0.003940373259411002,-0.003940373259411002,0.0,0.0,False,0.0,0.0,5.8146126111841316e-05
2013-12-11,-0.009795468056014429,-0.009795468056014429,-0.009369684967724331,-0.0004257830882900982,-0.0004257830882900982,0.0,0.0,False,0.0,0.0,-0.009369684967724331
2013-12-12,-0.0012594994571223993,-0.0012594994571223993,-0.0035630188231699986,0.0023035193660475993,0.0023035193660475993,0.0,0.0,False,0.0,0.0,-0.0035630188231699986
2013-12-13,0.0014624087633213596,0.0014624087633213596,0.0012357029719745822,0.0002267057913467774,0.0002267057913467774,0.0,0.0,False,0.0,0.0,0.0012357029719745822
2013-12-16,0.005949742752366252,0.005949742752366252,0.004000880885355234,0.0019488618670110182,0.0019488618670110182,0.0,0.0,False,0.0,0.0,0.004000880885355234
2013-12-17,-0.0015296449299753594,-0.0015296449299753594,-0.0012177511172426219,-0.0003118938127327376,-0.0003118938127327376,0.0,0.0,False,0.0,0.0,-0.0012177511172426219
2013-12-18,0.01067198142735277,0.01067198142735277,0.00906855616627494,0.0016034252610778298,0.0016034252610778298,0.0,0.0,False,0.0,0.0,0.00906855616627494
2013-12-19,-0.0029260436840414733,-0.0029260436840414733,-0.0036465972613555445,0.0007205535773140712,0.0007205535773140712,0.0,0.0,False,0.0,0.0,-0.0036465972613555445
2013-12-20,0.0071686173301620994,0.0071686173301620994,0.005397074912388629,0.0017715424177734704,0.0017715424177734704,0.0,0.0,False,0.0,0.0,0.005397074912388629
2013-12-23,0.005527101407419698,0.005527101407419698,0.003292529819913578,0.00223457158750612,0.00223457158750612,0.0,0.0,False,0.0,0.0,0.003292529819913578
2013-12-24,0.0017197318698080187,0.0017197318698080187,0.0005236691834759448,0.001196062686332074,0.001196062686332074,0.0,0.0,False,0.0,0.0,0.0005236691834759448
2013-12-26,0.002193140996608778,0.002193140996608778,0.0010743561959033743,0.0011187848007054035,0.0011187848007054035,0.0,0.0,False,0.0,0.0,0.0010743561959033743
2013-12-27,-0.00018087256806613542,-0.00018087256806613542,0.0018380262884528128,-0.002018898856518948,-0.002018898856518948,0.0,0.0,False,0.0,0.0,0.0018380262884528128
2013-12-30,0.00010699270337017723,0.00010699270337017723,0.002297360463159863,-0.0021903677597896855,-0.0021903677597896855,0.0,0.0,False,0.0,0.0,0.002297360463159863
2013-12-31,0.002613113004712006,0.002613113004712006,0.0013124599213670857,0.0013006530833449205,0.0013006530833449205,0.0,0.0,False,0.0,0.0,0.0013124599213670857
2014-01-02,-0.0039349936841936925,-0.00407930081458293,-0.008701508622183707,0.004622207807600778,0.004766514937990015,0.14430713038923704,0.00014430713038923704,True,0.008567939290206956,8.567939290206955e-06,-0.008710076561473915
2014-01-03,0.000552228052005071,0.000552228052005071,0.00029660139981752833,0.0002556266521875427,0.0002556266521875427,0.0,0.0,False,0.0,0.0,0.00029660139981752833
2014-01-06,-0.0011496060580683237,-0.0011496060580683237,-0.001258818191481647,0.00010921213341332338,0.00010921213341332338,0.0,0.0,False,0.0,0.0,-0.001258818191481647
2014-01-07,0.003682592511789153,0.003682592511789153,0.003833908187884754,-0.00015131567609560134,-0.00015131567609560134,0.0,0.0,False,0.0,0.0,0.003833908187884754
2014-01-08,-0.0006339702934283794,-0.0006339702934283794,-0.0020060980740913086,0.0013721277806629292,0.0013721277806629292,0.0,0.0,False,0.0,0.0,-0.0020060980740913086
2014-01-09,0.0011650693191704903,0.0011650693191704903,0.0007598874330041422,0.0004051818861663481,0.0004051818861663481,0.0,0.0,False,0.0,0.0,0.0007598874330041422
2014-01-10,0.004063067524910687,0.004063067524910687,0.007286228841929239,-0.0032231613170185516,-0.0032231613170185516,0.0,0.0,False,0.0,0.0,0.007286228841929239
2014-01-13,-0.006777078753748245,-0.006777078753748245,-0.005980012178156404,-0.0007970665755918406,-0.0007970665755918406,0.0,0.0,False,0.0,0.0,-0.005980012178156404
2014-01-14,0.005702757613704597,0.005702757613704597,0.004615481365418076,0.0010872762482865206,0.0010872762482865206,0.0,0.0,False,0.0,0.0,0.004615481365418076
2014-01-15,0.003648826684624004,0.003648826684624004,0.0023900180523087743,0.0012588086323152298,0.0012588086323152298,0.0,0.0,False,0.0,0.0,0.0023900180523087743
2014-01-16,-1.6269900801228765e-05,-1.6269900801228765e-05,0.0003395689391400203,-0.00035583883994124907,-0.00035583883994124907,0.0,0.0,False,0.0,0.0,0.0003395689391400203
2014-01-17,-0.0016227750112696787,-0.0016227750112696787,-0.0014976370630816367,-0.00012513794818804196,-0.00012513794818804196,0.0,0.0,False,0.0,0.0,-0.0014976370630816367
2014-01-21,0.0022668767341352722,0.0022668767341352722,0.0013554589181356339,0.0009114178159996384,0.0009114178159996384,0.0,0.0,False,0.0,0.0,0.0013554589181356339
2014-01-22,0.0001223282233618239,0.0001223282233618239,0.0006581072140742913,-0.0005357789907124674,-0.0005357789907124674,0.0,0.0,False,0.0,0.0,0.0006581072140742913
2014-01-23,-0.0034262192457082848,-0.0034262192457082848,-0.00348299210078614,5.677285507785538e-05,5.677285507785538e-05,0.0,0.0,False,0.0,0.0,-0.00348299210078614
2014-01-24,-0.013220730086930267,-0.013220730086930267,-0.013137066739480393,-8.366334744987387e-05,-8.366334744987387e-05,0.0,0.0,False,0.0,0.0,-0.013137066739480393
2014-01-27,-0.00456482239028683,-0.00456482239028683,-0.004526684189693353,-3.813820059347765e-05,-3.813820059347765e-05,0.0,0.0,False,0.0,0.0,-0.004526684189693353
2014-01-28,0.005480066455049932,0.005480066455049932,0.005326576658105667,0.0001534897969442655,0.0001534897969442655,0.0,0.0,False,0.0,0.0,0.005326576658105667
2014-01-29,-0.005951018840961719,-0.005951018840961719,-0.004813304397063223,-0.0011377144438984967,-0.0011377144438984967,0.0,0.0,False,0.0,0.0,-0.004813304397063223
2014-01-30,0.006421720615327833,0.006421720615327833,0.005169672620249712,0.0012520479950781207,0.0012520479950781207,0.0,0.0,False,0.0,0.0,0.005169672620249712
2014-01-31,-0.0027266798276636087,-0.0027266798276636087,-0.002803795360950448,7.711553328683916e-05,7.711553328683916e-05,0.0,0.0,False,0.0,0.0,-0.002803795360950448
2014-02-03,-0.018313886383239483,-0.018465129066188163,-0.011546267778214497,-0.006918861287973666,-0.006767618605024986,0.1512426829486791,0.00015124268294867908,True,0.01892966835032686,1.8929668350326862e-05,-0.011565197446564824
2014-02-04,0.005098311097963998,0.005098311097963998,0.004262136675609049,0.000836174422354949,0.000836174422354949,0.0,0.0,False,0.0,0.0,0.004262136675609049
2014-02-05,-0.0026609273923717575,-0.0026609273923717575,-0.002480177623967984,-0.00018074976840377335,-0.00018074976840377335,0.0,0.0,False,0.0,0.0,-0.002480177623967984
2014-02-06,0.008213631135288228,0.008213631135288228,0.008336659636011606,-0.0001230285007233784,-0.0001230285007233784,0.0,0.0,False,0.0,0.0,0.008336659636011606
2014-02-07,0.009485119749537602,0.009485119749537602,0.007861808645917427,0.0016233111036201755,0.0016233111036201755,0.0,0.0,False,0.0,0.0,0.007861808645917427
2014-02-10,0.0016477713053186969,0.0016477713053186969,-0.0006540827734359404,0.0023018540787546372,0.0023018540787546372,0.0,0.0,False,0.0,0.0,-0.0006540827734359404
2014-02-11,0.007098237083212453,0.007098237083212453,0.006842822300384817,0.00025541478282763586,0.00025541478282763586,0.0,0.0,False,0.0,0.0,0.006842822300384817
2014-02-12,0.0007797048069383774,0.0007797048069383774,-0.000537403778988263,0.0013171085859266405,0.0013171085859266405,0.0,0.0,False,0.0,0.0,-0.000537403778988263
2014-02-13,0.0066164625343475,0.0066164625343475,0.00458044365114822,0.00203601888319928,0.00203601888319928,0.0,0.0,False,0.0,0.0,0.00458044365114822
2014-02-14,0.002925670998641939,0.002925670998641939,0.0037314883166825238,-0.0008058173180405847,-0.0008058173180405847,0.0,0.0,False,0.0,0.0,0.0037314883166825238
2014-02-18,0.00402188466663062,0.00402188466663062,0.0021436849115799234,0.001878199755050697,0.001878199755050697,0.0,0.0,False,0.0,0.0,0.0021436849115799234
2014-02-19,-0.006301054496689771,-0.006301054496689771,-0.0050034846789256075,-0.0012975698177641638,-0.0012975698177641638,0.0,0.0,False,0.0,0.0,-0.0050034846789256075
2014-02-20,0.006387348434635841,0.006387348434635841,0.002698653689642631,0.0036886947449932105,0.0036886947449932105,0.0,0.0,False,0.0,0.0,0.002698653689642631
2014-02-21,0.0008316093501614557,0.0008316093501614557,0.001459975076247675,-0.0006283657260862192,-0.0006283657260862192,0.0,0.0,False,0.0,0.0,0.001459975076247675
2014-02-24,0.004941904281434622,0.004941904281434622,0.003152358232118505,0.0017895460493161167,0.0017895460493161167,0.0,0.0,False,0.0,0.0,0.003152358232118505
2014-02-25,0.000580546732674954,0.000580546732674954,8.512865336324075e-05,0.0004954180793117133,0.0004954180793117133,0.0,0.0,False,0.0,0.0,8.512865336324075e-05
2014-02-26,0.002471109768762425,0.002471109768762425,0.0011870660085939939,0.001284043760168431,0.001284043760168431,0.0,0.0,False,0.0,0.0,0.0011870660085939939
2014-02-27,0.004154757049854212,0.004154757049854212,0.005033136054581435,-0.0008783790047272233,-0.0008783790047272233,0.0,0.0,False,0.0,0.0,0.005033136054581435
2014-02-28,4.151500184357802e-05,4.151500184357802e-05,-9.769389679830103e-05,0.00013920889864187905,0.00013920889864187905,0.0,0.0,False,0.0,0.0,-9.769389679830103e-05
2014-03-03,-0.0032748010532966223,-0.0034199454942016295,-0.005612579416215001,0.0021926339220133717,0.002337778362918379,0.14514444090500736,0.00014514444090500735,True,0.009532381287120088,9.532381287120086e-06,-0.005622111797502122
2014-03-04,0.009424319125071065,0.009424319125071065,0.006949938145418101,0.0024743809796529638,0.0024743809796529638,0.0,0.0,False,0.0,0.0,0.006949938145418101
2014-03-05,-0.00047481417024034905,-0.00047481417024034905,0.0004303694729807793,-0.0009051836432211284,-0.0009051836432211284,0.0,0.0,False,0.0,0.0,0.0004303694729807793
2014-03-06,-0.00015622763657992483,-0.00015622763657992483,0.001855965552231294,-0.0020121931888112186,-0.0020121931888112186,0.0,0.0,False,0.0,0.0,0.001855965552231294
2014-03-07,-0.001731129838056192,-0.001731129838056192,-0.0036967470677419885,0.0019656172296857967,0.0019656172296857967,0.0,0.0,False,0.0,0.0,-0.0036967470677419885
2014-03-10,-0.0009076072058288278,-0.0009076072058288278,-0.0018949709120000286,0.0009873637061712007,0.0009873637061712007,0.0,0.0,False,0.0,0.0,-0.0018949709120000286
2014-03-11,-0.0037472882260254493,-0.0037472882260254493,-0.003860164783300965,0.0001128765572755157,0.0001128765572755157,0.0,0.0,False,0.0,0.0,-0.003860164783300965
2014-03-12,0.0016692808591226218,0.0016692808591226218,0.0015392267771826595,0.0001300540819399623,0.0001300540819399623,0.0,0.0,False,0.0,0.0,0.0015392267771826595
2014-03-13,-0.0062417339707650215,-0.0062417339707650215,-0.0061562313248256385,-8.550264593938303e-05,-8.550264593938303e-05,0.0,0.0,False,0.0,0.0,-0.0061562313248256385
2014-03-14,-0.0007287713852050961,-0.0007287713852050961,-0.0005516940537178154,-0.00017707733148728075,-0.00017707733148728075,0.0,0.0,False,0.0,0.0,-0.0005516940537178154
2014-03-17,0.004173974358877263,0.004173974358877263,0.004605959569792694,-0.00043198521091543027,-0.00043198521091543027,0.0,0.0,False,0.0,0.0,0.004605959569792694
2014-03-18,0.006321685681353606,0.006321685681353606,0.006323632497059661,-1.946815706054851e-06,-1.946815706054851e-06,0.0,0.0,False,0.0,0.0,0.006323632497059661
2014-03-19,-0.005700223548376363,-0.005700223548376363,-0.009193353282924114,0.003493129734547751,0.003493129734547751,0.0,0.0,False,0.0,0.0,-0.009193353282924114
2014-03-20,0.0036479925364058113,0.0036479925364058113,0.0018723846601156073,0.001775607876290204,0.001775607876290204,0.0,0.0,False,0.0,0.0,0.0018723846601156073
2014-03-21,-0.0018561298115696559,-0.0018561298115696559,0.0003349855049199177,-0.0021911153164895737,-0.0021911153164895737,0.0,0.0,False,0.0,0.0,0.0003349855049199177
2014-03-24,-0.0029161175283620193,-0.0029161175283620193,0.00023799278466473902,-0.003154110313026758,-0.003154110313026758,0.0,0.0,False,0.0,0.0,0.00023799278466473902
2014-03-25,0.0023804650292900353,0.0023804650292900353,0.003900400497693994,-0.0015199354684039589,-0.0015199354684039589,0.0,0.0,False,0.0,0.0,0.003900400497693994
2014-03-26,-0.004974757082828163,-0.004974757082828163,-0.0011103930836266877,-0.003864363999201476,-0.003864363999201476,0.0,0.0,False,0.0,0.0,-0.0011103930836266877
2014-03-27,-0.0016232987845389815,-0.0016232987845389815,0.0017911185212313924,-0.0034144173057703738,-0.0034144173057703738,0.0,0.0,False,0.0,0.0,0.0017911185212313924
2014-03-28,0.0020665679756931695,0.0020665679756931695,0.0022464285368212185,-0.00017986056112804898,-0.00017986056112804898,0.0,0.0,False,0.0,0.0,0.0022464285368212185
2014-03-31,0.006203030957324312,0.006203030957324312,0.004655090577371547,0.0015479403799527648,0.0015479403799527648,0.0,0.0,False,0.0,0.0,0.004655090577371547
2014-04-01,0.006901646879806584,0.006760507723653348,0.003563050905472759,0.003197456818180589,0.003338595974333825,0.14113915615323666,0.00014113915615323667,True,0.004683445775489823,4.683445775489823e-06,0.003558367459697269
2014-04-02,0.002152019430896974,0.002152019430896974,0.0003652316709963864,0.0017867877599005877,0.0017867877599005877,0.0,0.0,False,0.0,0.0,0.0003652316709963864
2014-04-03,-0.00336982695872484,-0.00336982695872484,-0.0010900659062561117,-0.0022797610524687285,-0.0022797610524687285,0.0,0.0,False,0.0,0.0,-0.0010900659062561117
2014-04-04,-0.010255740418935837,-0.010255740418935837,-0.003325701827384373,-0.0069300385915514635,-0.0069300385915514635,0.0,0.0,False,0.0,0.0,-0.003325701827384373
2014-04-07,-0.008930844667376245,-0.008930844667376245,-0.0031678996513139763,-0.005762945016062268,-0.005762945016062268,0.0,0.0,False,0.0,0.0,-0.0031678996513139763
2014-04-08,0.004333863401619397,0.004333863401619397,0.003446426459630729,0.0008874369419886678,0.0008874369419886678,0.0,0.0,False,0.0,0.0,0.003446426459630729
2014-04-09,0.008577510142718953,0.008577510142718953,0.00642000151839127,0.002157508624327683,0.002157508624327683,0.0,0.0,False,0.0,0.0,0.00642000151839127
2014-04-10,-0.016826650783874623,-0.016826650783874623,-0.009915911864669117,-0.0069107389192055065,-0.0069107389192055065,0.0,0.0,False,0.0,0.0,-0.009915911864669117
2014-04-11,-0.008713828439895134,-0.008713828439895134,-0.0032931138725910748,-0.00542071456730406,-0.00542071456730406,0.0,0.0,False,0.0,0.0,-0.0032931138725910748
2014-04-14,0.0047145886736433135,0.0047145886736433135,0.0027300585352308497,0.0019845301384124638,0.0019845301384124638,0.0,0.0,False,0.0,0.0,0.0027300585352308497
2014-04-15,0.003922484859732936,0.003922484859732936,0.00092394498485353,0.0029985398748794065,0.0029985398748794065,0.0,0.0,False,0.0,0.0,0.00092394498485353
2014-04-16,0.007032736832961027,0.007032736832961027,0.0065505702610035785,0.00048216657195744844,0.00048216657195744844,0.0,0.0,False,0.0,0.0,0.0065505702610035785
2014-04-17,0.0015263072632640427,0.0015263072632640427,-0.00021156331177077988,0.0017378705750348226,0.0017378705750348226,0.0,0.0,False,0.0,0.0,-0.00021156331177077988
2014-04-21,0.002603934905829896,0.002603934905829896,0.0009595554955619162,0.0016443794102679798,0.0016443794102679798,0.0,0.0,False,0.0,0.0,0.0009595554955619162
2014-04-22,0.005004013675017332,0.005004013675017332,0.002382508528052138,0.002621505146965194,0.002621505146965194,0.0,0.0,False,0.0,0.0,0.002382508528052138
2014-04-23,-0.002564003510881751,-0.002564003510881751,-0.0009617716147866626,-0.0016022318960950883,-0.0016022318960950883,0.0,0.0,False,0.0,0.0,-0.0009617716147866626
2014-04-24,4.086082762057221e-05,4.086082762057221e-05,0.0006198660995108784,-0.0005790052718903062,-0.0005790052718903062,0.0,0.0,False,0.0,0.0,0.0006198660995108784
2014-04-25,-0.008168030609461023,-0.008168030609461023,-0.005078614757352348,-0.003089415852108675,-0.003089415852108675,0.0,0.0,False,0.0,0.0,-0.005078614757352348
2014-04-28,-0.0006500715455805891,-0.0006500715455805891,0.0008991885670720389,-0.001549260112652628,-0.001549260112652628,0.0,0.0,False,0.0,0.0,0.0008991885670720389
2014-04-29,0.002907337043832553,0.002907337043832553,0.0035770830633900896,-0.0006697460195575367,-0.0006697460195575367,0.0,0.0,False,0.0,0.0,0.0035770830633900896
2014-04-30,0.002907438519077144,0.002907438519077144,0.002777162754768362,0.00013027576430878207,0.00013027576430878207,0.0,0.0,False,0.0,0.0,0.002777162754768362
2014-05-01,-0.00045456065490781327,-0.0005146968796198718,0.002293226384160413,-0.0028079232637802844,-0.0027477870390682263,0.060136224712058525,6.0136224712058526e-05,True,0.00270233609534851,2.70233609534851e-06,0.0022905240480650645
2014-05-02,0.0006715705916275512,0.0006715705916275512,0.0008466676429838702,-0.00017509705135631897,-0.00017509705135631897,0.0,0.0,False,0.0,0.0,0.0008466676429838702
2014-05-05,-1.3201707893636624e-05,-1.3201707893636624e-05,-0.0009585561704772059,0.0009453544625835692,0.0009453544625835692,0.0,0.0,False,0.0,0.0,-0.0009585561704772059
2014-05-06,-0.008225353569856032,-0.008225353569856032,-0.0025309656488941928,-0.0056943879209618384,-0.0056943879209618384,0.0,0.0,False,0.0,0.0,-0.0025309656488941928
2014-05-07,0.0025134337338697417,0.0025134337338697417,0.002494151576546355,1.9282157323386763e-05,1.9282157323386763e-05,0.0,0.0,False,0.0,0.0,0.002494151576546355
2014-05-08,-0.00388401924892169,-0.00388401924892169,-0.0009949421901858865,-0.0028890770587358034,-0.0028890770587358034,0.0,0.0,False,0.0,0.0,-0.0009949421901858865
2014-05-09,0.003943911194231636,0.003943911194231636,1.9158411594695604e-05,0.00392475278263694,0.00392475278263694,0.0,0.0,False,0.0,0.0,1.9158411594695604e-05
2014-05-12,0.0111633435751508,0.0111633435751508,0.005592872933871411,0.005570470641279388,0.005570470641279388,0.0,0.0,False,0.0,0.0,0.005592872933871411
2014-05-13,-0.0025939221749591576,-0.0025939221749591576,0.00214847137680057,-0.0047423935517597274,-0.0047423935517597274,0.0,0.0,False,0.0,0.0,0.00214847137680057
2014-05-14,-0.006883603669255125,-0.006883603669255125,0.000412772586384104,-0.007296376255639229,-0.007296376255639229,0.0,0.0,False,0.0,0.0,0.000412772586384104
2014-05-15,-0.00531401965082463,-0.00531401965082463,-0.003174063486625329,-0.002139956164199301,-0.002139956164199301,0.0,0.0,False,0.0,0.0,-0.003174063486625329
2014-05-16,0.003936638679592421,0.003936638679592421,0.0022607242291554277,0.001675914450436993,0.001675914450436993,0.0,0.0,False,0.0,0.0,0.0022607242291554277
2014-05-19,0.0053377601034794225,0.0053377601034794225,0.0005405413024550328,0.00479721880102439,0.00479721880102439,0.0,0.0,False,0.0,0.0,0.0005405413024550328
2014-05-20,-0.007625547391758728,-0.007625547391758728,-0.0037077502592776116,-0.003917797132481116,-0.003917797132481116,0.0,0.0,False,0.0,0.0,-0.0037077502592776116
2014-05-21,0.004262669489798012,0.004262669489798012,0.00380460039801276,0.0004580690917852523,0.0004580690917852523,0.0,0.0,False,0.0,0.0,0.00380460039801276
2014-05-22,0.004572245155846552,0.004572245155846552,0.001810505717063763,0.0027617394387827888,0.0027617394387827888,0.0,0.0,False,0.0,0.0,0.001810505717063763
2014-05-23,0.005098668347385128,0.005098668347385128,0.002769947692261294,0.0023287206551238344,0.0023287206551238344,0.0,0.0,False,0.0,0.0,0.002769947692261294
2014-05-27,0.007186275565299898,0.007186275565299898,0.0036055715938550378,0.00358070397144486,0.00358070397144486,0.0,0.0,False,0.0,0.0,0.0036055715938550378
2014-05-28,-0.001929402082452628,-0.001929402082452628,0.002051394899779404,-0.003980796982232032,-0.003980796982232032,0.0,0.0,False,0.0,0.0,0.002051394899779404
2014-05-29,0.003064994474522763,0.003064994474522763,0.001946190252475985,0.0011188042220467778,0.0011188042220467778,0.0,0.0,False,0.0,0.0,0.001946190252475985
2014-05-30,-0.0007169343139968424,-0.0007169343139968424,-0.0012659215926771284,0.000548987278680286,0.000548987278680286,0.0,0.0,False,0.0,0.0,-0.0012659215926771284
2014-06-02,-0.0016815273120165245,-0.001960309480473072,-0.0014395323318723953,-0.0005207771486006765,-0.0002419949801441292,0.2787821684565474,0.0002787821684565474,True,0.0022986925835692257,2.2986925835692256e-06,-0.0014418310244559646
2014-06-03,-0.0011682868888741483,-0.0011682868888741483,-0.0023737990036422473,0.001205512114768099,0.001205512114768099,0.0,0.0,False,0.0,0.0,-0.0023737990036422473
2014-06-04,0.0008838237504598261,0.0008838237504598261,-4.791164394943065e-05,0.0009317353944092567,0.0009317353944092567,0.0,0.0,False,0.0,0.0,-4.791164394943065e-05
2014-06-05,0.005517791213327913,0.005517791213327913,0.005749669015127697,-0.0002318778017997838,-0.0002318778017997838,0.0,0.0,False,0.0,0.0,0.005749669015127697
2014-06-06,0.004138002399991724,0.004138002399991724,0.0039203514972461564,0.00021765090274556732,0.00021765090274556732,0.0,0.0,False,0.0,0.0,0.0039203514972461564
2014-06-09,0.0010136005130424012,0.0010136005130424012,0.00032483866124529207,0.0006887618517971092,0.0006887618517971092,0.0,0.0,False,0.0,0.0,0.00032483866124529207
2014-06-10,-0.0007376865331510981,-0.0007376865331510981,-0.0006540597295786213,-8.362680357247684e-05,-8.362680357247684e-05,0.0,0.0,False,0.0,0.0,-0.0006540597295786213
2014-06-11,-0.0018847812559393393,-0.0018847812559393393,-0.0019387530992267508,5.397184328741157e-05,5.397184328741157e-05,0.0,0.0,False,0.0,0.0,-0.0019387530992267508
2014-06-12,-0.0026749983403543446,-0.0026749983403543446,-0.001225478936862904,-0.0014495194034914406,-0.0014495194034914406,0.0,0.0,False,0.0,0.0,-0.001225478936862904
2014-06-13,0.0016376028249163858,0.0016376028249163858,0.0007236956673485323,0.0009139071575678534,0.0009139071575678534,0.0,0.0,False,0.0,0.0,0.0007236956673485323
2014-06-16,0.00046063615202330134,0.00046063615202330134,0.0001801373394898096,0.0002804988125334917,0.0002804988125334917,0.0,0.0,False,0.0,0.0,0.0001801373394898096
2014-06-17,0.0006851971201045533,0.0006851971201045533,-0.0006011132955856492,0.0012863104156902025,0.0012863104156902025,0.0,0.0,False,0.0,0.0,-0.0006011132955856492
2014-06-18,0.006217544565210321,0.006217544565210321,0.00725596589749609,-0.0010384213322857695,-0.0010384213322857695,0.0,0.0,False,0.0,0.0,0.00725596589749609
2014-06-19,0.0003866716225579557,0.0003866716225579557,-0.0010311221643515857,0.0014177937869095415,0.0014177937869095415,0.0,0.0,False,0.0,0.0,-0.0010311221643515857
2014-06-20,0.0013914785743258504,0.0013914785743258504,0.0012019914168484515,0.00018948715747739886,0.00018948715747739886,0.0,0.0,False,0.0,0.0,0.0012019914168484515
2014-06-23,-0.0005403033023859904,-0.0005403033023859904,-0.0011079171825522803,0.0005676138801662899,0.0005676138801662899,0.0,0.0,False,0.0,0.0,-0.0011079171825522803
2014-06-24,-0.0031670361742371367,-0.0031670361742371367,-0.0014546761399093402,-0.0017123600343277965,-0.0017123600343277965,0.0,0.0,False,0.0,0.0,-0.0014546761399093402
2014-06-25,0.0028095187564789897,0.0028095187564789897,0.0024308092171423695,0.00037870953933662015,0.00037870953933662015,0.0,0.0,False,0.0,0.0,0.0024308092171423695
2014-06-26,-0.0004170682112389619,-0.0004170682112389619,0.0009461754285541508,-0.0013632436397931127,-0.0013632436397931127,0.0,0.0,False,0.0,0.0,0.0009461754285541508
2014-06-27,0.0011921413203778793,0.0011921413203778793,0.0011574514315021208,3.4689888875758445e-05,3.4689888875758445e-05,0.0,0.0,False,0.0,0.0,0.0011574514315021208
2014-06-30,-0.0002356478322916604,-0.0002356478322916604,3.897427777922477e-05,-0.00027462211007088516,-0.00027462211007088516,0.0,0.0,False,0.0,0.0,3.897427777922477e-05
2014-07-01,0.0036846964445613134,0.0034205834248053337,0.0031292761828426107,0.00029130724196272306,0.0005554202617187027,0.26411301975597945,0.00026411301975597947,True,0.0057336348080480465,5.733634808048047e-06,0.0031235425480345626
2014-07-02,0.0004437189213368127,0.0004437189213368127,-0.0009149404378739389,0.0013586593592107515,0.0013586593592107515,0.0,0.0,False,0.0,0.0,-0.0009149404378739389
2014-07-03,0.0008489613307273127,0.0008489613307273127,0.0019610720689060487,-0.001112110738178736,-0.001112110738178736,0.0,0.0,False,0.0,0.0,0.0019610720689060487
2014-07-07,-0.0033182025170680686,-0.0033182025170680686,-0.0020630220885153416,-0.001255180428552727,-0.001255180428552727,0.0,0.0,False,0.0,0.0,-0.0020630220885153416
2014-07-08,-0.0041182214388498384,-0.0041182214388498384,-0.002571445719558102,-0.0015467757192917366,-0.0015467757192917366,0.0,0.0,False,0.0,0.0,-0.002571445719558102
2014-07-09,0.0018198849613512045,0.0018198849613512045,0.0027924467836701063,-0.0009725618223189018,-0.0009725618223189018,0.0,0.0,False,0.0,0.0,0.0027924467836701063
2014-07-10,-0.0056528735642511615,-0.0056528735642511615,-0.0035864753748136935,-0.002066398189437468,-0.002066398189437468,0.0,0.0,False,0.0,0.0,-0.0035864753748136935
2014-07-11,0.0014641968390305196,0.0014641968390305196,0.0014381247754247759,2.607206360574375e-05,2.607206360574375e-05,0.0,0.0,False,0.0,0.0,0.0014381247754247759
2014-07-14,0.0029745178679326054,0.0029745178679326054,0.002673030995096864,0.0003014868728357413,0.0003014868728357413,0.0,0.0,False,0.0,0.0,0.002673030995096864
2014-07-15,-0.00188235619324692,-0.00188235619324692,-0.0019252219780968157,4.28657848498958e-05,4.28657848498958e-05,0.0,0.0,False,0.0,0.0,-0.0019252219780968157
2014-07-16,0.0025406729086000445,0.0025406729086000445,0.003069344824897614,-0.0005286719162975696,-0.0005286719162975696,0.0,0.0,False,0.0,0.0,0.003069344824897614
2014-07-17,-0.00818892106220863,-0.00818892106220863,-0.005638595963204271,-0.0025503250990043594,-0.0025503250990043594,0.0,0.0,False,0.0,0.0,-0.005638595963204271
2014-07-18,0.005641756218322578,0.005641756218322578,0.0057786145821832,-0.00013685836386062144,-0.00013685836386062144,0.0,0.0,False,0.0,0.0,0.0057786145821832
2014-07-21,-0.0021781140026249433,-0.0021781140026249433,-0.0006505401383966326,-0.0015275738642283108,-0.0015275738642283108,0.0,0.0,False,0.0,0.0,-0.0006505401383966326
2014-07-22,0.002840928272325287,0.002840928272325287,0.003788607261739389,-0.0009476789894141023,-0.0009476789894141023,0.0,0.0,False,0.0,0.0,0.003788607261739389
2014-07-23,0.0019105508906163695,0.0019105508906163695,0.0012152390540094466,0.000695311836606923,0.000695311836606923,0.0,0.0,False,0.0,0.0,0.0012152390540094466
2014-07-24,0.0008908839764093371,0.0008908839764093371,-0.0010444550651842832,0.0019353390415936204,0.0019353390415936204,0.0,0.0,False,0.0,0.0,-0.0010444550651842832
2014-07-25,-0.002232521896726606,-0.002232521896726606,-0.0009382997381343518,-0.0012942221585922542,-0.0012942221585922542,0.0,0.0,False,0.0,0.0,-0.0009382997381343518
2014-07-28,-0.0010811104144210866,-0.0010811104144210866,0.00014051902982988252,-0.001221629444250969,-0.001221629444250969,0.0,0.0,False,0.0,0.0,0.00014051902982988252
2014-07-29,-0.001764022035481812,-0.001764022035481812,-0.0014986890199660922,-0.00026533301551571976,-0.00026533301551571976,0.0,0.0,False,0.0,0.0,-0.0014986890199660922
2014-07-30,-0.0025902558481909416,-0.0025902558481909416,-0.003292284805812718,0.0007020289576217765,0.0007020289576217765,0.0,0.0,False,0.0,0.0,-0.003292284805812718
2014-07-31,-0.012246979278236455,-0.012246979278236455,-0.01194748337051837,-0.00029949590771808504,-0.00029949590771808504,0.0,0.0,False,0.0,0.0,-0.01194748337051837
2014-08-01,-0.003381518374324682,-0.0035269127270851314,0.0007025271074395546,-0.004229439834524686,-0.004084045481764237,0.14539435276044926,0.00014539435276044927,True,0.005930526634328529,5.930526634328529e-06,0.0006965965808052261
2014-08-04,0.005943152200919925,0.005943152200919925,0.004253860838641007,0.0016892913622789177,0.0016892913622789177,0.0,0.0,False,0.0,0.0,0.004253860838641007
2014-08-05,-0.008086623823770456,-0.008086623823770456,-0.006071248846573649,-0.0020153749771968064,-0.0020153749771968064,0.0,0.0,False,0.0,0.0,-0.006071248846573649
2014-08-06,7.987738840978893e-05,7.987738840978893e-05,-0.0008562409197856771,0.000936118308195466,0.000936118308195466,0.0,0.0,False,0.0,0.0,-0.0008562409197856771
2014-08-07,-0.0042228955094983905,-0.0042228955094983905,-0.0016669106162797256,-0.0025559848932186647,-0.0025559848932186647,0.0,0.0,False,0.0,0.0,-0.0016669106162797256
2014-08-08,0.006634385935671598,0.006634385935671598,0.005362243312914019,0.0012721426227575786,0.0012721426227575786,0.0,0.0,False,0.0,0.0,0.005362243312914019
2014-08-11,0.003860579747280561,0.003860579747280561,0.003148744213917286,0.0007118355333632751,0.0007118355333632751,0.0,0.0,False,0.0,0.0,0.003148744213917286
2014-08-12,-0.0007624971732419199,-0.0007624971732419199,-0.0014588455664412505,0.0006963483931993306,0.0006963483931993306,0.0,0.0,False,0.0,0.0,-0.0014588455664412505
2014-08-13,0.005023545496977358,0.005023545496977358,0.005089731930867095,-6.61864338897377e-05,-6.61864338897377e-05,0.0,0.0,False,0.0,0.0,0.005089731930867095
2014-08-14,0.003945803358347345,0.003945803358347345,0.0034071584728666273,0.0005386448854807178,0.0005386448854807178,0.0,0.0,False,0.0,0.0,0.0034071584728666273
2014-08-15,0.0002804061739306682,0.0002804061739306682,0.001299161462814578,-0.0010187552888839097,-0.0010187552888839097,0.0,0.0,False,0.0,0.0,0.001299161462814578
2014-08-18,0.005805090458076752,0.005805090458076752,0.003692733967173143,0.0021123564909036087,0.0021123564909036087,0.0,0.0,False,0.0,0.0,0.003692733967173143
2014-08-19,0.002317162740360079,0.002317162740360079,0.002110435488420787,0.0002067272519392922,0.0002067272519392922,0.0,0.0,False,0.0,0.0,0.002110435488420787
2014-08-20,-5.117261513031999e-06,-5.117261513031999e-06,-0.0010827855207687388,0.001077668259255707,0.001077668259255707,0.0,0.0,False,0.0,0.0,-0.0010827855207687388
2014-08-21,0.0023449231149625036,0.0023449231149625036,0.0024007233062326378,-5.5800191270134226e-05,-5.5800191270134226e-05,0.0,0.0,False,0.0,0.0,0.0024007233062326378
2014-08-22,-0.0029750270990821894,-0.0029750270990821894,-0.0009564043754578962,-0.002018622723624293,-0.002018622723624293,0.0,0.0,False,0.0,0.0,-0.0009564043754578962
2014-08-25,0.004526904785442182,0.004526904785442182,0.004044950610214638,0.000481954175227544,0.000481954175227544,0.0,0.0,False,0.0,0.0,0.004044950610214638
2014-08-26,0.0005098647926670865,0.0005098647926670865,0.0011805642215303139,-0.0006706994288632273,-0.0006706994288632273,0.0,0.0,False,0.0,0.0,0.0011805642215303139
2014-08-27,0.0002144617366546432,0.0002144617366546432,0.0017757710518139275,-0.0015613093151592844,-0.0015613093151592844,0.0,0.0,False,0.0,0.0,0.0017757710518139275
2014-08-28,-0.0022267622496232164,-0.0022267622496232164,-0.0012361796006929325,-0.000990582648930284,-0.000990582648930284,0.0,0.0,False,0.0,0.0,-0.0012361796006929325
2014-08-29,0.0009845021648797949,0.0009845021648797949,0.0010919303332770848,-0.00010742816839728994,-0.00010742816839728994,0.0,0.0,False,0.0,0.0,0.0010919303332770848
2014-09-02,0.0008967225676357101,0.0008725509527246904,-0.002591854104049224,0.0034644050567739144,0.003488576671684934,0.024171614911019716,2.4171614911019716e-05,True,0.006044293980772705,6.0442939807727054e-06,-0.0025978983980299965
2014-09-03,0.0014601676895251966,0.0014601676895251966,0.002650959364222622,-0.0011907916746974256,-0.0011907916746974256,0.0,0.0,False,0.0,0.0,0.002650959364222622
2014-09-04,-0.003209952156887284,-0.003209952156887284,-0.00398097020184279,0.0007710180449555064,0.0007710180449555064,0.0,0.0,False,0.0,0.0,-0.00398097020184279
2014-09-05,0.001144295823592659,0.001144295823592659,0.00239097985534347,-0.0012466840317508113,-0.0012466840317508113,0.0,0.0,False,0.0,0.0,0.00239097985534347
2014-09-08,-0.0048820682077557786,-0.0048820682077557786,-0.0039397447671846945,-0.0009423234405710841,-0.0009423234405710841,0.0,0.0,False,0.0,0.0,-0.0039397447671846945
2014-09-09,-0.004568554239336657,-0.004568554239336657,-0.005083506153934835,0.000514951914598178,0.000514951914598178,0.0,0.0,False,0.0,0.0,-0.005083506153934835
2014-09-10,0.0033864803190042114,0.0033864803190042114,0.0008131521635653253,0.0025733281554388863,0.0025733281554388863,0.0,0.0,False,0.0,0.0,0.0008131521635653253
2014-09-11,-0.0015748657680295926,-0.0015748657680295926,-0.001365952376271893,-0.00020891339175769966,-0.00020891339175769966,0.0,0.0,False,0.0,0.0,-0.001365952376271893
2014-09-12,-0.0027802285654638095,-0.0027802285654638095,-0.005548594948611908,0.0027683663831480987,0.0027683663831480987,0.0,0.0,False,0.0,0.0,-0.005548594948611908
2014-09-15,-0.0015799673366781832,-0.0015799673366781832,-0.0011145725816227722,-0.00046539475505541104,-0.00046539475505541104,0.0,0.0,False,0.0,0.0,-0.0011145725816227722
2014-09-16,0.004624614660125718,0.004624614660125718,0.004070190730697662,0.0005544239294280563,0.0005544239294280563,0.0,0.0,False,0.0,0.0,0.004070190730697662
2014-09-17,-0.00100140060171029,-0.00100140060171029,-0.00248647060510359,0.0014850700033932998,0.0014850700033932998,0.0,0.0,False,0.0,0.0,-0.00248647060510359
2014-09-18,0.004562051282489912,0.004562051282489912,0.003516014359191175,0.0010460369232987367,0.0010460369232987367,0.0,0.0,False,0.0,0.0,0.003516014359191175
2014-09-19,-0.0010257831931286703,-0.0010257831931286703,-0.00022550700803608244,-0.0008002761850925879,-0.0008002761850925879,0.0,0.0,False,0.0,0.0,-0.00022550700803608244
2014-09-22,-0.004668920244130286,-0.004668920244130286,-0.0045734474437979095,-9.547280033237685e-05,-9.547280033237685e-05,0.0,0.0,False,0.0,0.0,-0.0045734474437979095
2014-09-23,-0.006429984122884065,-0.006429984122884065,-0.0030283141492402858,-0.003401669973643779,-0.003401669973643779,0.0,0.0,False,0.0,0.0,-0.0030283141492402858
2014-09-24,0.003363286651781215,0.003363286651781215,0.0037598876112777684,-0.0003966009594965534,-0.0003966009594965534,0.0,0.0,False,0.0,0.0,0.0037598876112777684
2014-09-25,-0.012637579523814703,-0.012637579523814703,-0.008063892807383802,-0.004573686716430901,-0.004573686716430901,0.0,0.0,False,0.0,0.0,-0.008063892807383802
2014-09-26,0.003864353405372831,0.003864353405372831,0.0030566079547517393,0.0008077454506210916,0.0008077454506210916,0.0,0.0,False,0.0,0.0,0.0030566079547517393
2014-09-29,-0.004485745533312648,-0.004485745533312648,-0.002941333448692979,-0.0015444120846196687,-0.0015444120846196687,0.0,0.0,False,0.0,0.0,-0.002941333448692979
2014-09-30,0.0009367231590238581,0.0009367231590238581,-0.001900153627444323,0.002836876786468181,0.002836876786468181,0.0,0.0,False,0.0,0.0,-0.001900153627444323
2014-10-01,-0.006673916145991438,-0.006951658072047135,-0.0050377164199138956,-0.0019139416521332395,-0.0016361997260775423,0.27774192605569714,0.00027774192605569716,True,0.008877771206000296,8.877771206000296e-06,-0.005046594191119896
2014-10-02,0.00036911077327171095,0.00036911077327171095,-0.001609099865692383,0.0019782106389640937,0.0019782106389640937,0.0,0.0,False,0.0,0.0,-0.001609099865692383
2014-10-03,0.006517915202348702,0.006517915202348702,0.005099493017234994,0.0014184221851137081,0.0014184221851137081,0.0,0.0,False,0.0,0.0,0.005099493017234994
2014-10-06,0.001862515299767323,0.001862515299767323,0.0018933789715696258,-3.0863671802302704e-05,-3.0863671802302704e-05,0.0,0.0,False,0.0,0.0,0.0018933789715696258
2014-10-07,-0.009180773737687404,-0.009180773737687404,-0.006411736344080798,-0.002769037393606606,-0.002769037393606606,0.0,0.0,False,0.0,0.0,-0.006411736344080798
2014-10-08,0.012399517311705738,0.012399517311705738,0.011443112701746555,0.0009564046099591831,0.0009564046099591831,0.0,0.0,False,0.0,0.0,0.011443112701746555
2014-10-09,-0.014058097359623895,-0.014058097359623895,-0.013959211256542267,-9.888610308162772e-05,-9.888610308162772e-05,0.0,0.0,False,0.0,0.0,-0.013959211256542267
2014-10-10,-0.009668266474504512,-0.009668266474504512,-0.0068891505144513905,-0.0027791159600531216,-0.0027791159600531216,0.0,0.0,False,0.0,0.0,-0.0068891505144513905
2014-10-13,-0.00634649237475867,-0.00634649237475867,-0.0024235602292227696,-0.0039229321455359,-0.0039229321455359,0.0,0.0,False,0.0,0.0,-0.0024235602292227696
2014-10-14,0.004060846350594139,0.004060846350594139,0.003073023018184774,0.0009878233324093649,0.0009878233324093649,0.0,0.0,False,0.0,0.0,0.003073023018184774
2014-10-15,-0.004129425525197329,-0.004129425525197329,-0.0018820868314421365,-0.002247338693755193,-0.002247338693755193,0.0,0.0,False,0.0,0.0,-0.0018820868314421365
2014-10-16,0.0002953599499704154,0.0002953599499704154,-0.0031894654234527987,0.003484825373423214,0.003484825373423214,0.0,0.0,False,0.0,0.0,-0.0031894654234527987
2014-10-17,0.009340298142815562,0.009340298142815562,0.006047356757557359,0.0032929413852582027,0.0032929413852582027,0.0,0.0,False,0.0,0.0,0.006047356757557359
2014-10-20,0.00808642251358357,0.00808642251358357,0.005375496641643583,0.0027109258719399875,0.0027109258719399875,0.0,0.0,False,0.0,0.0,0.005375496641643583
2014-10-21,0.011630469200166159,0.011630469200166159,0.007674831589366925,0.003955637610799234,0.003955637610799234,0.0,0.0,False,0.0,0.0,0.007674831589366925
2014-10-22,-0.005894076590869736,-0.005894076590869736,-0.0047879383026836414,-0.0011061382881860943,-0.0011061382881860943,0.0,0.0,False,0.0,0.0,-0.0047879383026836414
2014-10-23,0.005072787326778643,0.005072787326778643,0.004068647517403627,0.001004139809375016,0.001004139809375016,0.0,0.0,False,0.0,0.0,0.004068647517403627
2014-10-24,0.004594244785432917,0.004594244785432917,0.004161082956308362,0.0004331618291245551,0.0004331618291245551,0.0,0.0,False,0.0,0.0,0.004161082956308362
2014-10-27,-0.0022189733011555436,-0.0022189733011555436,-0.0015253553235237828,-0.0006936179776317608,-0.0006936179776317608,0.0,0.0,False,0.0,0.0,-0.0015253553235237828
2014-10-28,0.007601194796056738,0.007601194796056738,0.0077020400506563474,-0.0001008452545996092,-0.0001008452545996092,0.0,0.0,False,0.0,0.0,0.0077020400506563474
2014-10-29,-0.0017897493528074477,-0.0017897493528074477,-0.002378953648766,0.0005892042959585524,0.0005892042959585524,0.0,0.0,False,0.0,0.0,-0.002378953648766
2014-10-30,0.004047631960243201,0.004047631960243201,0.004697425629840219,-0.0006497936695970177,-0.0006497936695970177,0.0,0.0,False,0.0,0.0,0.004697425629840219
2014-10-31,0.007082108053978202,0.007082108053978202,0.006829635097588294,0.00025247295638990835,0.00025247295638990835,0.0,0.0,False,0.0,0.0,0.006829635097588294
2014-11-03,-0.0011020993009071883,-0.0013796701285921163,-0.00241311995387844,0.0010334498252863235,0.0013110206529712515,0.2775708276849279,0.00027757082768492796,True,0.004602882623748989,4.6028826237489895e-06,-0.002417722836502189
2014-11-04,-0.0025966193519129867,-0.0025966193519129867,-0.0016759025290757465,-0.0009207168228372402,-0.0009207168228372402,0.0,0.0,False,0.0,0.0,-0.0016759025290757465
2014-11-05,0.002026056776320791,0.002026056776320791,0.0010960463866473914,0.0009300103896733997,0.0009300103896733997,0.0,0.0,False,0.0,0.0,0.0010960463866473914
2014-11-06,0.0005232224285687579,0.0005232224285687579,-0.0019818626416291934,0.0025050850701979514,0.0025050850701979514,0.0,0.0,False,0.0,0.0,-0.0019818626416291934
2014-11-07,0.002124109162935115,0.002124109162935115,0.0038612821151416715,-0.0017371729522065566,-0.0017371729522065566,0.0,0.0,False,0.0,0.0,0.0038612821151416715
2014-11-10,0.0007504499644785395,0.0007504499644785395,8.00352651128091e-05,0.0006704146993657304,0.0006704146993657304,0.0,0.0,False,0.0,0.0,8.00352651128091e-05
2014-11-11,0.0018616597036169224,0.0018616597036169224,0.0011694180060407096,0.0006922416975762128,0.0006922416975762128,0.0,0.0,False,0.0,0.0,0.0011694180060407096
2014-11-12,-0.0025813458253965164,-0.0025813458253965164,-0.0016870156166991451,-0.0008943302086973713,-0.0008943302086973713,0.0,0.0,False,0.0,0.0,-0.0016870156166991451
2014-11-13,-0.0001662431229356499,-0.0001662431229356499,0.0006348515198918749,-0.0008010946428275247,-0.0008010946428275247,0.0,0.0,False,0.0,0.0,0.0006348515198918749
2014-11-14,-0.000679983048533841,-0.000679983048533841,0.0018565146544012273,-0.002536497702935068,-0.002536497702935068,0.0,0.0,False,0.0,0.0,0.0018565146544012273
2014-11-17,-0.0009747095964863647,-0.0009747095964863647,-0.0025585464575815725,0.0015838368610952079,0.0015838368610952079,0.0,0.0,False,0.0,0.0,-0.0025585464575815725
2014-11-18,0.003469894668636362,0.003469894668636362,0.0046847381403814356,-0.0012148434717450737,-0.0012148434717450737,0.0,0.0,False,0.0,0.0,0.0046847381403814356
2014-11-19,-0.0023291708130416693,-0.0023291708130416693,-0.003154151308329924,0.0008249804952882548,0.0008249804952882548,0.0,0.0,False,0.0,0.0,-0.003154151308329924
2014-11-20,0.0005810278836974437,0.0005810278836974437,0.0012217242850911503,-0.0006406964013937066,-0.0006406964013937066,0.0,0.0,False,0.0,0.0,0.0012217242850911503
2014-11-21,0.005673936247265583,0.005673936247265583,0.00743236098849724,-0.0017584247412316565,-0.0017584247412316565,0.0,0.0,False,0.0,0.0,0.00743236098849724
2014-11-24,0.002260940100228113,0.002260940100228113,0.0019900884253961,0.0002708516748320131,0.0002708516748320131,0.0,0.0,False,0.0,0.0,0.0019900884253961
2014-11-25,0.0014181126553723283,0.0014181126553723283,0.0009817526585841002,0.000436359996788228,0.000436359996788228,0.0,0.0,False,0.0,0.0,0.0009817526585841002
2014-11-26,0.0026545755424464018,0.0026545755424464018,0.0037551207260325013,-0.0011005451835860995,-0.0011005451835860995,0.0,0.0,False,0.0,0.0,0.0037551207260325013
2014-11-28,-0.0038489483693091033,-0.0038489483693091033,-0.003010633775354241,-0.0008383145939548624,-0.0008383145939548624,0.0,0.0,False,0.0,0.0,-0.003010633775354241
2014-12-01,-0.00413860981554227,-0.004397406300246274,-0.006018254642189002,0.0016208483419427279,0.0018796448266467326,0.25879648470400485,0.00025879648470400485,True,0.00548254151547058,5.48254151547058e-06,-0.006023737183704473
2014-12-02,-0.0002634107920826405,-0.0002634107920826405,0.0005464814360554291,-0.0008098922281380696,-0.0008098922281380696,0.0,0.0,False,0.0,0.0,0.0005464814360554291
2014-12-03,0.001561906324916372,0.001561906324916372,0.0021456519513201044,-0.0005837456264037324,-0.0005837456264037324,0.0,0.0,False,0.0,0.0,0.0021456519513201044
2014-12-04,0.0001303023462348298,0.0001303023462348298,0.00045396092037229926,-0.00032365857413746944,-0.00032365857413746944,0.0,0.0,False,0.0,0.0,0.00045396092037229926
2014-12-05,-0.0012900977368340988,-0.0012900977368340988,-0.0010153553161631852,-0.0002747424206709136,-0.0002747424206709136,0.0,0.0,False,0.0,0.0,-0.0010153553161631852
2014-12-08,-0.001655737880080965,-0.001655737880080965,-0.0034469746863350216,0.0017912368062540567,0.0017912368062540567,0.0,0.0,False,0.0,0.0,-0.0034469746863350216
2014-12-09,-0.0002809438497786136,-0.0002809438497786136,3.921124610450563e-05,-0.00032015509588311923,-0.00032015509588311923,0.0,0.0,False,0.0,0.0,3.921124610450563e-05
2014-12-10,-0.007116875499521701,-0.007116875499521701,-0.0079996681527604,0.0008827926532386987,0.0008827926532386987,0.0,0.0,False,0.0,0.0,-0.0079996681527604
2014-12-11,0.0009639278921528561,0.0009639278921528561,0.0004309903123938188,0.0005329375797590373,0.0005329375797590373,0.0,0.0,False,0.0,0.0,0.0004309903123938188
2014-12-12,-0.006954450029315495,-0.006954450029315495,-0.0072743081331822276,0.0003198581038667322,0.0003198581038667322,0.0,0.0,False,0.0,0.0,-0.0072743081331822276
2014-12-15,-0.004640835351319361,-0.004640835351319361,-0.006829342235799382,0.002188506884480021,0.002188506884480021,0.0,0.0,False,0.0,0.0,-0.006829342235799382
2014-12-16,-0.0010561921401721797,-0.0010561921401721797,8.752856397363555e-05,-0.0011437207041458152,-0.0011437207041458152,0.0,0.0,False,0.0,0.0,8.752856397363555e-05
2014-12-17,0.00765722010980672,0.00765722010980672,0.009337333645043104,-0.0016801135352363834,-0.0016801135352363834,0.0,0.0,False,0.0,0.0,0.009337333645043104
2014-12-18,0.010900016853728732,0.010900016853728732,0.010092638562717032,0.0008073782910117001,0.0008073782910117001,0.0,0.0,False,0.0,0.0,0.010092638562717032
2014-12-19,0.0020664347433652793,0.0020664347433652793,0.003641585150247234,-0.0015751504068819548,-0.0015751504068819548,0.0,0.0,False,0.0,0.0,0.003641585150247234
2014-12-22,0.003496534484170048,0.003496534484170048,0.0043316362296909085,-0.0008351017455208603,-0.0008351017455208603,0.0,0.0,False,0.0,0.0,0.0043316362296909085
2014-12-23,-0.003854502498158318,-0.003854502498158318,-0.004712397543385444,0.0008578950452271263,0.0008578950452271263,0.0,0.0,False,0.0,0.0,-0.004712397543385444
2014-12-24,0.0019703398343345812,0.0019703398343345812,0.0019715613625549125,-1.221528220331225e-06,-1.221528220331225e-06,0.0,0.0,False,0.0,0.0,0.0019715613625549125
2014-12-26,0.0019961401709985586,0.0019961401709985586,0.0030267785799229013,-0.0010306384089243427,-0.0010306384089243427,0.0,0.0,False,0.0,0.0,0.0030267785799229013
2014-12-29,0.000489881165314514,0.000489881165314514,0.00032608731298736847,0.00016379385232714552,0.00016379385232714552,0.0,0.0,False,0.0,0.0,0.00032608731298736847
2014-12-30,-0.0028900818752428743,-0.0028900818752428743,-0.0026006673121372293,-0.000289414563105645,-0.000289414563105645,0.0,0.0,False,0.0,0.0,-0.0026006673121372293
2014-12-31,-0.00407780514982613,-0.00407780514982613,-0.0037230480258935664,-0.0003547571239325637,-0.0003547571239325637,0.0,0.0,False,0.0,0.0,-0.0037230480258935664
2015-01-02,-0.0003252714244491538,-0.000481529370345116,-0.0003111927839571484,-0.00017033658638796758,-1.4078640492005403e-05,0.15625794589596215,0.00015625794589596215,True,0.008161055402220698,8.161055402220699e-06,-0.0003193538393593691
2015-01-05,-0.006857612508738002,-0.006857612508738002,-0.008727770919780074,0.0018701584110420721,0.0018701584110420721,0.0,0.0,False,0.0,0.0,-0.008727770919780074
2015-01-06,-0.0015371889785609559,-0.0015371889785609559,-0.0028069106632001685,0.0012697216846392126,0.0012697216846392126,0.0,0.0,False,0.0,0.0,-0.0028069106632001685
2015-01-07,0.00805451733470768,0.00805451733470768,0.008072904698355154,-1.8387363647473162e-05,-1.8387363647473162e-05,0.0,0.0,False,0.0,0.0,0.008072904698355154
2015-01-08,0.007068458813660163,0.007068458813660163,0.0077381813841483635,-0.0006697225704882003,-0.0006697225704882003,0.0,0.0,False,0.0,0.0,0.0077381813841483635
2015-01-09,-0.0016963205599984414,-0.0016963205599984414,-0.0019570427556342817,0.00026072219563584033,0.00026072219563584033,0.0,0.0,False,0.0,0.0,-0.0019570427556342817
2015-01-12,-0.00281561585037604,-0.00281561585037604,-0.0023498043098828495,-0.00046581154049319057,-0.00046581154049319057,0.0,0.0,False,0.0,0.0,-0.0023498043098828495
2015-01-13,0.0008523647450365602,0.0008523647450365602,0.001138049894352092,-0.0002856851493155319,-0.0002856851493155319,0.0,0.0,False,0.0,0.0,0.001138049894352092
2015-01-14,-0.0016815131436406488,-0.0016815131436406488,-0.0013507724150016768,-0.000330740728638972,-0.000330740728638972,0.0,0.0,False,0.0,0.0,-0.0013507724150016768
2015-01-15,0.0003223471175139427,0.0003223471175139427,0.0010336422637852402,-0.0007112951462712974,-0.0007112951462712974,0.0,0.0,False,0.0,0.0,0.0010336422637852402
2015-01-16,0.0027406950299838813,0.0027406950299838813,0.004287022049277945,-0.0015463270192940639,-0.0015463270192940639,0.0,0.0,False,0.0,0.0,0.004287022049277945
2015-01-20,0.0016500513011411995,0.0016500513011411995,0.0023034562622012054,-0.0006534049610600059,-0.0006534049610600059,0.0,0.0,False,0.0,0.0,0.0023034562622012054
2015-01-21,0.004367010492710845,0.004367010492710845,0.0030469509757182407,0.0013200595169926047,0.0013200595169926047,0.0,0.0,False,0.0,0.0,0.0030469509757182407
2015-01-22,0.007610440480105049,0.007610440480105049,0.007074860634773883,0.0005355798453311657,0.0005355798453311657,0.0,0.0,False,0.0,0.0,0.007074860634773883
2015-01-23,-0.00015768858963487956,-0.00015768858963487956,-0.00036220178958755944,0.00020451319995267987,0.00020451319995267987,0.0,0.0,False,0.0,0.0,-0.00036220178958755944
2015-01-26,0.0005237790094034807,0.0005237790094034807,0.0025832887745488725,-0.0020595097651453917,-0.0020595097651453917,0.0,0.0,False,0.0,0.0,0.0025832887745488725
2015-01-27,-0.0049319150771951715,-0.0049319150771951715,-0.003974894151362166,-0.0009570209258330051,-0.0009570209258330051,0.0,0.0,False,0.0,0.0,-0.003974894151362166
2015-01-28,-0.002659327220717337,-0.002659327220717337,-0.004473575523559454,0.001814248302842117,0.001814248302842117,0.0,0.0,False,0.0,0.0,-0.004473575523559454
2015-01-29,0.0018200014205012813,0.0018200014205012813,0.003943783959280877,-0.002123782538779596,-0.002123782538779596,0.0,0.0,False,0.0,0.0,0.003943783959280877
2015-01-30,-0.004478995254309038,-0.004478995254309038,-0.005885527903752982,0.0014065326494439442,0.0014065326494439442,0.0,0.0,False,0.0,0.0,-0.005885527903752982
2015-02-02,0.0058242846605861395,0.0055614213553284945,0.007481130766657162,-0.0019197094113286677,-0.0016568461060710226,0.26286330525764473,0.00026286330525764474,True,0.015458048919073084,1.5458048919073084e-05,0.007465672717738089
2015-02-03,0.005507906374307009,0.005507906374307009,0.005647175051389232,-0.0001392686770822233,-0.0001392686770822233,0.0,0.0,False,0.0,0.0,0.005647175051389232
2015-02-04,-0.0017682167482988554,-0.0017682167482988554,-0.0025011432210920257,0.0007329264727931703,0.0007329264727931703,0.0,0.0,False,0.0,0.0,-0.0025011432210920257
2015-02-05,0.005473873899986267,0.005473873899986267,0.004697317574373298,0.0007765563256129683,0.0007765563256129683,0.0,0.0,False,0.0,0.0,0.004697317574373298
2015-02-06,-0.007890979185598196,-0.007890979185598196,-0.009097161232572131,0.0012061820469739352,0.0012061820469739352,0.0,0.0,False,0.0,0.0,-0.009097161232572131
2015-02-09,-0.003324707927220703,-0.003324707927220703,-0.002735992532451648,-0.0005887153947690552,-0.0005887153947690552,0.0,0.0,False,0.0,0.0,-0.002735992532451648
2015-02-10,0.004084716158589163,0.004084716158589163,0.003469150547653401,0.0006155656109357618,0.0006155656109357618,0.0,0.0,False,0.0,0.0,0.003469150547653401
2015-02-11,-7.53775260291415e-05,-7.53775260291415e-05,-0.0013484440065317464,0.001273066480502605,0.001273066480502605,0.0,0.0,False,0.0,0.0,-0.0013484440065317464
2015-02-12,0.007263054062671585,0.007263054062671585,0.008357486956730976,-0.0010944328940593918,-0.0010944328940593918,0.0,0.0,False,0.0,0.0,0.008357486956730976
2015-02-13,0.00038361623279742775,0.00038361623279742775,0.0020670049177453744,-0.0016833886849479465,-0.0016833886849479465,0.0,0.0,False,0.0,0.0,0.0020670049177453744
2015-02-17,-0.001028687754667999,-0.001028687754667999,-0.0019281627341628013,0.0008994749794948023,0.0008994749794948023,0.0,0.0,False,0.0,0.0,-0.0019281627341628013
2015-02-18,0.002450219616252133,0.002450219616252133,0.00267201531645295,-0.00022179570020081692,-0.00022179570020081692,0.0,0.0,False,0.0,0.0,0.00267201531645295
2015-02-19,-0.002302642202187761,-0.002302642202187761,-0.0012574903499548472,-0.0010451518522329138,-0.0010451518522329138,0.0,0.0,False,0.0,0.0,-0.0012574903499548472
2015-02-20,0.00393500919633092,0.00393500919633092,0.0043758054398104675,-0.00044079624347954753,-0.00044079624347954753,0.0,0.0,False,0.0,0.0,0.0043758054398104675
2015-02-23,0.002163482137360788,0.002163482137360788,0.0002974360266540119,0.0018660461107067763,0.0018660461107067763,0.0,0.0,False,0.0,0.0,0.0002974360266540119
2015-02-24,0.0020443451978131434,0.0020443451978131434,0.0061677421379862886,-0.004123396940173146,-0.004123396940173146,0.0,0.0,False,0.0,0.0,0.0061677421379862886
2015-02-25,0.00024989053602048224,0.00024989053602048224,0.00021933054475901134,3.05599912614709e-05,3.05599912614709e-05,0.0,0.0,False,0.0,0.0,0.00021933054475901134
2015-02-26,-0.0028563532583680846,-0.0028563532583680846,-0.003119617457227703,0.0002632641988596185,0.0002632641988596185,0.0,0.0,False,0.0,0.0,-0.003119617457227703
2015-02-27,-0.0005101602623949947,-0.0005101602623949947,5.48033385503616e-05,-0.0005649636009453563,-0.0005649636009453563,0.0,0.0,False,0.0,0.0,5.48033385503616e-05
2015-03-02,-0.0010556273186450489,-0.0012345710616998467,-0.0013801460312637013,0.00014557496956385464,0.00032451871261865244,0.17894374305479788,0.00017894374305479788,True,0.01913396048828423,1.913396048828423e-05,-0.0013992799917519855
2015-03-03,-0.0031857957172573156,-0.0031857957172573156,-0.003916999224452272,0.0007312035071949563,0.0007312035071949563,0.0,0.0,False,0.0,0.0,-0.003916999224452272
2015-03-04,-0.004271519051900525,-0.004271519051900525,-0.0030522710444827487,-0.0012192480074177765,-0.0012192480074177765,0.0,0.0,False,0.0,0.0,-0.0030522710444827487
2015-03-05,0.000867927321399175,0.000867927321399175,0.0009278220104746375,-5.9894689075462495e-05,-5.9894689075462495e-05,0.0,0.0,False,0.0,0.0,0.0009278220104746375
2015-03-06,-0.014755756631784427,-0.014755756631784427,-0.013157966688032138,-0.0015977899437522886,-0.0015977899437522886,0.0,0.0,False,0.0,0.0,-0.013157966688032138
2015-03-09,0.0032811965553496796,0.0032811965553496796,0.0033164238423734607,-3.522728702378113e-05,-3.522728702378113e-05,0.0,0.0,False,0.0,0.0,0.0033164238423734607
2015-03-10,-0.00835022262320783,-0.00835022262320783,-0.009174432965402633,0.0008242103421948026,0.0008242103421948026,0.0,0.0,False,0.0,0.0,-0.009174432965402633
2015-03-11,0.0023639527745665887,0.0023639527745665887,0.002219600141325146,0.00014435263324144272,0.00014435263324144272,0.0,0.0,False,0.0,0.0,0.002219600141325146
2015-03-12,0.006651008608125154,0.006651008608125154,0.007082493388474983,-0.00043148478034982837,-0.00043148478034982837,0.0,0.0,False,0.0,0.0,0.007082493388474983
2015-03-13,-0.005165406597879963,-0.005165406597879963,-0.0049474788644601735,-0.00021792773341978988,-0.00021792773341978988,0.0,0.0,False,0.0,0.0,-0.0049474788644601735
2015-03-16,0.008114683727297064,0.008114683727297064,0.008470198776666396,-0.00035551504936933223,-0.00035551504936933223,0.0,0.0,False,0.0,0.0,0.008470198776666396
2015-03-17,0.0014973132111489947,0.0014973132111489947,0.0010684149846100928,0.0004288982265389018,0.0004288982265389018,0.0,0.0,False,0.0,0.0,0.0010684149846100928
2015-03-18,0.014950874066386705,0.014950874066386705,0.014720554790568479,0.00023031927581822556,0.00023031927581822556,0.0,0.0,False,0.0,0.0,0.014720554790568479
2015-03-19,-0.006330437739656821,-0.006330437739656821,-0.0066510088274089755,0.00032057108775215403,0.00032057108775215403,0.0,0.0,False,0.0,0.0,-0.0066510088274089755
2015-03-20,0.00895715890761616,0.00895715890761616,0.009352954824983236,-0.00039579591736707553,-0.00039579591736707553,0.0,0.0,False,0.0,0.0,0.009352954824983236
2015-03-23,0.0004914223131499831,0.0004914223131499831,0.0009636134523725467,-0.00047219113922256366,-0.00047219113922256366,0.0,0.0,False,0.0,0.0,0.0009636134523725467
2015-03-24,-0.0013498104980317121,-0.0013498104980317121,-0.00030095042700932614,-0.0010488600710223859,-0.0010488600710223859,0.0,0.0,False,0.0,0.0,-0.00030095042700932614
2015-03-25,-0.010644374390861844,-0.010644374390861844,-0.009640509510439129,-0.0010038648804227158,-0.0010038648804227158,0.0,0.0,False,0.0,0.0,-0.009640509510439129
2015-03-26,-0.005374893750075663,-0.005374893750075663,-0.00586474579642385,0.0004898520463481864,0.0004898520463481864,0.0,0.0,False,0.0,0.0,-0.00586474579642385
2015-03-27,0.003075328697854612,0.003075328697854612,0.0036884015780240345,-0.0006130728801694223,-0.0006130728801694223,0.0,0.0,False,0.0,0.0,0.0036884015780240345
2015-03-30,0.009083670813429532,0.009083670813429532,0.006262733643652693,0.002820937169776839,0.002820937169776839,0.0,0.0,False,0.0,0.0,0.006262733643652693
2015-03-31,-0.0034435419574260565,-0.0034435419574260565,-0.004416192998383835,0.0009726510409577786,0.0009726510409577786,0.0,0.0,False,0.0,0.0,-0.004416192998383835
2015-04-01,0.00020669854452222685,-7.478010858677676e-05,0.003320200470155943,-0.0033949805787427197,-0.0031135019256337162,0.2814786531090036,0.0002814786531090036,True,0.005675988699185626,5.675988699185626e-06,0.0033145244814567574
2015-04-02,0.0009671694190021526,0.0009671694190021526,0.002631293312502763,-0.0016641238935006105,-0.0016641238935006105,0.0,0.0,False,0.0,0.0,0.002631293312502763
2015-04-06,0.003838507420286288,0.003838507420286288,0.005249837674456818,-0.0014113302541705298,-0.0014113302541705298,0.0,0.0,False,0.0,0.0,0.005249837674456818
2015-04-07,-8.944459757448674e-05,-8.944459757448674e-05,-0.0007182656807369512,0.0006288210831624644,0.0006288210831624644,0.0,0.0,False,0.0,0.0,-0.0007182656807369512
2015-04-08,0.0023833272949989187,0.0023833272949989187,0.0040088565459704935,-0.0016255292509715748,-0.0016255292509715748,0.0,0.0,False,0.0,0.0,0.0040088565459704935
2015-04-09,-0.0010361055136375624,-0.0010361055136375624,0.00017917290219661257,-0.001215278415834175,-0.001215278415834175,0.0,0.0,False,0.0,0.0,0.00017917290219661257
2015-04-10,0.003417206404253661,0.003417206404253661,0.002467642937073024,0.0009495634671806367,0.0009495634671806367,0.0,0.0,False,0.0,0.0,0.002467642937073024
2015-04-13,-0.0017463233791477771,-0.0017463233791477771,-0.002484146573337988,0.0007378231941902111,0.0007378231941902111,0.0,0.0,False,0.0,0.0,-0.002484146573337988
2015-04-14,0.0015761845493619236,0.0015761845493619236,0.0034277700405710857,-0.001851585491209162,-0.001851585491209162,0.0,0.0,False,0.0,0.0,0.0034277700405710857
2015-04-15,0.0033745355207174363,0.0033745355207174363,0.003276660839225551,9.787468149188546e-05,9.787468149188546e-05,0.0,0.0,False,0.0,0.0,0.003276660839225551
2015-04-16,-0.0005910346378836389,-0.0005910346378836389,0.0009445111187840126,-0.0015355457566676514,-0.0015355457566676514,0.0,0.0,False,0.0,0.0,0.0009445111187840126
2015-04-17,-0.005986971711954555,-0.005986971711954555,-0.00666272255673726,0.0006757508447827049,0.0006757508447827049,0.0,0.0,False,0.0,0.0,-0.00666272255673726
2015-04-20,0.004110735509714534,0.004110735509714534,0.0021097600654012222,0.002000975444313312,0.002000975444313312,0.0,0.0,False,0.0,0.0,0.0021097600654012222
2015-04-21,-0.0006659502620582574,-0.0006659502620582574,0.0008823323662163782,-0.0015482826282746357,-0.0015482826282746357,0.0,0.0,False,0.0,0.0,0.0008823323662163782
2015-04-22,-0.0005734232627697502,-0.0005734232627697502,0.00012147753388565502,-0.0006949007966554052,-0.0006949007966554052,0.0,0.0,False,0.0,0.0,0.00012147753388565502
2015-04-23,0.002562463456212896,0.002562463456212896,0.0035187308576548524,-0.0009562674014419563,-0.0009562674014419563,0.0,0.0,False,0.0,0.0,0.0035187308576548524
2015-04-24,0.0012303478542931997,0.0012303478542931997,0.003077675516711147,-0.0018473276624179475,-0.0018473276624179475,0.0,0.0,False,0.0,0.0,0.003077675516711147
2015-04-27,-0.003507685819661859,-0.003507685819661859,-0.0010413415297816832,-0.002466344289880176,-0.002466344289880176,0.0,0.0,False,0.0,0.0,-0.0010413415297816832
2015-04-28,-0.0003633159840309506,-0.0003633159840309506,-0.0008627842644984115,0.0004994682804674609,0.0004994682804674609,0.0,0.0,False,0.0,0.0,-0.0008627842644984115
2015-04-29,-0.006371120225582817,-0.006371120225582817,-0.006968915235251895,0.000597795009669078,0.000597795009669078,0.0,0.0,False,0.0,0.0,-0.006968915235251895
2015-04-30,-0.006710772240078369,-0.006710772240078369,-0.007153615826794439,0.0004428435867160699,0.0004428435867160699,0.0,0.0,False,0.0,0.0,-0.007153615826794439
2015-05-01,0.00214107443192575,0.002024427662321285,0.0032594516102188937,-0.0012350239478976085,-0.0011183771782931435,0.11664676960446517,0.00011664676960446517,True,0.010102546824464105,1.0102546824464104e-05,0.0032493490633944294
2015-05-04,0.00019407051336652173,0.00019407051336652173,0.00011784815608911157,7.622235727741016e-05,7.622235727741016e-05,0.0,0.0,False,0.0,0.0,0.00011784815608911157
2015-05-05,-0.006926681791090957,-0.006926681791090957,-0.008104263338604792,0.001177581547513835,0.001177581547513835,0.0,0.0,False,0.0,0.0,-0.008104263338604792
2015-05-06,-0.003076475036301406,-0.003076475036301406,-0.004381231441556042,0.001304756405254636,0.001304756405254636,0.0,0.0,False,0.0,0.0,-0.004381231441556042
2015-05-07,0.003994979646854861,0.003994979646854861,0.002846315330709265,0.0011486643161455964,0.0011486643161455964,0.0,0.0,False,0.0,0.0,0.002846315330709265
2015-05-08,0.008365163755397245,0.008365163755397245,0.010859077348654394,-0.0024939135932571486,-0.0024939135932571486,0.0,0.0,False,0.0,0.0,0.010859077348654394
2015-05-11,-0.006452745915328438,-0.006452745915328438,-0.008320131753158396,0.0018673858378299582,0.0018673858378299582,0.0,0.0,False,0.0,0.0,-0.008320131753158396
2015-05-12,-0.001734425680720819,-0.001734425680720819,-0.0013603655958964451,-0.00037406008482437393,-0.00037406008482437393,0.0,0.0,False,0.0,0.0,-0.0013603655958964451
2015-05-13,-0.0004407216313585543,-0.0004407216313585543,0.0005943179299332213,-0.0010350395612917756,-0.0010350395612917756,0.0,0.0,False,0.0,0.0,0.0005943179299332213
2015-05-14,0.007062001397931296,0.007062001397931296,0.007830191131805976,-0.0007681897338746805,-0.0007681897338746805,0.0,0.0,False,0.0,0.0,0.007830191131805976
2015-05-15,0.003581953461525662,0.003581953461525662,0.004603360192142298,-0.0010214067306166356,-0.0010214067306166356,0.0,0.0,False,0.0,0.0,0.004603360192142298
2015-05-18,-0.0006365755830469177,-0.0006365755830469177,-0.0032857279454463068,0.0026491523623993892,0.0026491523623993892,0.0,0.0,False,0.0,0.0,-0.0032857279454463068
2015-05-19,-0.0027776967411275765,-0.0027776967411275765,-0.0026693520149060567,-0.00010834472622151979,-0.00010834472622151979,0.0,0.0,False,0.0,0.0,-0.0026693520149060567
2015-05-20,0.0007637159806729338,0.0007637159806729338,0.0007845840973537065,-2.086811668077274e-05,-2.086811668077274e-05,0.0,0.0,False,0.0,0.0,0.0007845840973537065
2015-05-21,0.003308734814486228,0.003308734814486228,0.0038228556570763144,-0.0005141208425900865,-0.0005141208425900865,0.0,0.0,False,0.0,0.0,0.0038228556570763144
2015-05-22,-0.0021084041625677096,-0.0021084041625677096,-0.0021363936722265274,2.798950965881772e-05,2.798950965881772e-05,0.0,0.0,False,0.0,0.0,-0.0021363936722265274
2015-05-26,-0.0030097977111748515,-0.0030097977111748515,-0.005399741624856137,0.0023899439136812854,0.0023899439136812854,0.0,0.0,False,0.0,0.0,-0.005399741624856137
2015-05-27,0.00560532008445082,0.00560532008445082,0.005146511301698135,0.00045880878275268537,0.00045880878275268537,0.0,0.0,False,0.0,0.0,0.005146511301698135
2015-05-28,-0.0011265973917597512,-0.0011265973917597512,-0.0021820437028198894,0.0010554463110601382,0.0010554463110601382,0.0,0.0,False,0.0,0.0,-0.0021820437028198894
2015-05-29,-0.0029617824970707687,-0.0029617824970707687,-0.004318247622956349,0.00135646512588558,0.00135646512588558,0.0,0.0,False,0.0,0.0,-0.004318247622956349
2015-06-01,-0.0013997229438957393,-0.0014075560287894785,-0.00228637162138941,0.0008788155925999316,0.0008866486774936708,0.007833084893739298,7.833084893739299e-06,True,0.006552608715922208,6.552608715922209e-06,-0.0022929242301053324
2015-06-02,-0.0028666898788635977,-0.0028666898788635977,-0.001958807551743779,-0.0009078823271198187,-0.0009078823271198187,0.0,0.0,False,0.0,0.0,-0.001958807551743779
2015-06-03,-0.0009589993745913825,-0.0009589993745913825,-0.0018134404797264245,0.000854441105135042,0.000854441105135042,0.0,0.0,False,0.0,0.0,-0.0018134404797264245
2015-06-04,-0.002098937108352502,-0.002098937108352502,-0.003860273869365163,0.0017613367610126614,0.0017613367610126614,0.0,0.0,False,0.0,0.0,-0.003860273869365163
2015-06-05,-0.0022580104725435325,-0.0022580104725435325,-0.00518171577577073,0.0029237053032271972,0.0029237053032271972,0.0,0.0,False,0.0,0.0,-0.00518171577577073
2015-06-08,-0.0029534752539765504,-0.0029534752539765504,-0.0022008069343951433,-0.0007526683195814071,-0.0007526683195814071,0.0,0.0,False,0.0,0.0,-0.0022008069343951433
2015-06-09,-0.002583354730242661,-0.002583354730242661,-0.0033251526243956854,0.0007417978941530244,0.0007417978941530244,0.0,0.0,False,0.0,0.0,-0.0033251526243956854
2015-06-10,0.004724510217313755,0.004724510217313755,0.007260012125852913,-0.002535501908539158,-0.002535501908539158,0.0,0.0,False,0.0,0.0,0.007260012125852913
2015-06-11,0.005788148443100681,0.005788148443100681,0.004905619681741973,0.0008825287613587083,0.0008825287613587083,0.0,0.0,False,0.0,0.0,0.004905619681741973
2015-06-12,-0.003849921409170525,-0.003849921409170525,-0.004049406563692709,0.00019948515452218422,0.00019948515452218422,0.0,0.0,False,0.0,0.0,-0.004049406563692709
2015-06-15,-0.001734150124351394,-0.001734150124351394,-0.002951231463399928,0.001217081339048534,0.001217081339048534,0.0,0.0,False,0.0,0.0,-0.002951231463399928
2015-06-16,0.004513937642865912,0.004513937642865912,0.0035102665024391586,0.0010036711404267538,0.0010036711404267538,0.0,0.0,False,0.0,0.0,0.0035102665024391586
2015-06-17,0.000312817601402444,0.000312817601402444,0.00038112983071188114,-6.831222930943711e-05,-6.831222930943711e-05,0.0,0.0,False,0.0,0.0,0.00038112983071188114
2015-06-18,0.005092023052329656,0.005092023052329656,0.005430695877325662,-0.00033867282499600634,-0.00033867282499600634,0.0,0.0,False,0.0,0.0,0.005430695877325662
2015-06-19,0.0009864775304214122,0.0009864775304214122,-0.0001242289593612985,0.0011107064897827108,0.0011107064897827108,0.0,0.0,False,0.0,0.0,-0.0001242289593612985
2015-06-22,-0.0010568266341984542,-0.0010568266341984542,0.002306220820854278,-0.0033630474550527326,-0.0033630474550527326,0.0,0.0,False,0.0,0.0,0.002306220820854278
2015-06-23,-0.0006228317500899595,-0.0006228317500899595,0.00048691738749153995,-0.0011097491375814993,-0.0011097491375814993,0.0,0.0,False,0.0,0.0,0.00048691738749153995
2015-06-24,-0.0025758124505530834,-0.0025758124505530834,-0.0032647868257613564,0.0006889743752082731,0.0006889743752082731,0.0,0.0,False,0.0,0.0,-0.0032647868257613564
2015-06-25,-0.002084958614931877,-0.002084958614931877,-0.0022607406443060168,0.0001757820293741396,0.0001757820293741396,0.0,0.0,False,0.0,0.0,-0.0022607406443060168
2015-06-26,-0.0028120859936936757,-0.0028120859936936757,-0.003374273387839073,0.0005621873941453973,0.0005621873941453973,0.0,0.0,False,0.0,0.0,-0.003374273387839073
2015-06-29,-0.006855146208412372,-0.006855146208412372,-0.009722370055976096,0.0028672238475637244,0.0028672238475637244,0.0,0.0,False,0.0,0.0,-0.009722370055976096
2015-06-30,0.00039786790808251206,0.00039786790808251206,0.0005976247870301141,-0.00019975687894760203,-0.00019975687894760203,0.0,0.0,False,0.0,0.0,0.0005976247870301141
2015-07-01,0.0010017347452067878,0.0007923818358239391,0.0012448905948987733,-0.00045250875907483414,-0.0002431558496919855,0.2093529093828487,0.0002093529093828487,True,0.0032847422014064716,3.2847422014064714e-06,0.0012416058526973667
2015-07-02,0.0002603017539165352,0.0002603017539165352,0.0014592079574465785,-0.0011989062035300433,-0.0011989062035300433,0.0,0.0,False,0.0,0.0,0.0014592079574465785
2015-07-06,0.001971386717727941,0.001971386717727941,-0.0037881476068963712,0.005759534324624312,0.005759534324624312,0.0,0.0,False,0.0,0.0,-0.0037881476068963712
2015-07-07,0.0038948192434247763,0.0038948192434247763,0.002168039319390232,0.0017267799240345445,0.0017267799240345445,0.0,0.0,False,0.0,0.0,0.002168039319390232
2015-07-08,-0.0067221591077973614,-0.0067221591077973614,-0.011141637244495203,0.0044194781366978415,0.0044194781366978415,0.0,0.0,False,0.0,0.0,-0.011141637244495203
2015-07-09,-0.002208056647080631,-0.002208056647080631,0.0014860287428478758,-0.0036940853899285067,-0.0036940853899285067,0.0,0.0,False,0.0,0.0,0.0014860287428478758
2015-07-10,0.003245439585771697,0.003245439585771697,0.008582604742878839,-0.005337165157107142,-0.005337165157107142,0.0,0.0,False,0.0,0.0,0.008582604742878839
2015-07-13,0.004450992234884377,0.004450992234884377,0.004111330971248642,0.00033966126363573455,0.00033966126363573455,0.0,0.0,False,0.0,0.0,0.004111330971248642
2015-07-14,0.003649677187330218,0.003649677187330218,0.003965964825483465,-0.0003162876381532474,-0.0003162876381532474,0.0,0.0,False,0.0,0.0,0.003965964825483465
2015-07-15,0.0007112381588078568,0.0007112381588078568,-0.0003682975755311636,0.0010795357343390205,0.0010795357343390205,0.0,0.0,False,0.0,0.0,-0.0003682975755311636
2015-07-16,0.0038836831802316852,0.0038836831802316852,0.0057584332664344,-0.0018747500862027148,-0.0018747500862027148,0.0,0.0,False,0.0,0.0,0.0057584332664344
2015-07-17,-0.00026761687276626234,-0.00026761687276626234,3.7763458175496875e-05,-0.0003053803309417592,-0.0003053803309417592,0.0,0.0,False,0.0,0.0,3.7763458175496875e-05
2015-07-20,-0.0016928513854162475,-0.0016928513854162475,-0.001289783047423959,-0.0004030683379922886,-0.0004030683379922886,0.0,0.0,False,0.0,0.0,-0.001289783047423959
2015-07-21,-0.0009172539759217772,-0.0009172539759217772,-0.0007381317430456484,-0.00017912223287612885,-0.00017912223287612885,0.0,0.0,False,0.0,0.0,-0.0007381317430456484
2015-07-22,0.0005555207835984627,0.0005555207835984627,-0.0021550638262130303,0.0027105846098114932,0.0027105846098114932,0.0,0.0,False,0.0,0.0,-0.0021550638262130303
2015-07-23,-0.0019283850873318632,-0.0019283850873318632,-0.001711001079963471,-0.0002173840073683923,-0.0002173840073683923,0.0,0.0,False,0.0,0.0,-0.001711001079963471
2015-07-24,-0.005935708406385139,-0.005935708406385139,-0.006713677795745945,0.0007779693893608065,0.0007779693893608065,0.0,0.0,False,0.0,0.0,-0.006713677795745945
2015-07-27,-0.002168106119380184,-0.002168106119380184,-0.0040858231698571975,0.0019177170504770134,0.0019177170504770134,0.0,0.0,False,0.0,0.0,-0.0040858231698571975
2015-07-28,0.004525623224898962,0.004525623224898962,0.005890590355927521,-0.0013649671310285594,-0.0013649671310285594,0.0,0.0,False,0.0,0.0,0.005890590355927521
2015-07-29,0.0022500778633273524,0.0022500778633273524,0.0030716920623418123,-0.0008216141990144599,-0.0008216141990144599,0.0,0.0,False,0.0,0.0,0.0030716920623418123
2015-07-30,0.0010003902008829048,0.0010003902008829048,-0.00013385298398886674,0.0011342431848717716,0.0011342431848717716,0.0,0.0,False,0.0,0.0,-0.00013385298398886674
2015-07-31,0.0030861711105537003,0.0030861711105537003,0.004034835875016596,-0.0009486647644628959,-0.0009486647644628959,0.0,0.0,False,0.0,0.0,0.004034835875016596
2015-08-03,-0.000886521065052248,-0.0010810775190583577,-0.001838562642053948,0.0007574851229955903,0.0009520415770016999,0.19455645400610974,0.00019455645400610975,True,0.00839012581038778,8.39012581038778e-06,-0.0018469527678643357
2015-08-04,-0.0036590016180532083,-0.0036590016180532083,-0.002439371534596565,-0.0012196300834566433,-0.0012196300834566433,0.0,0.0,False,0.0,0.0,-0.002439371534596565
2015-08-05,-0.0005722635076139087,-0.0005722635076139087,0.0001825417116917045,-0.0007548052193056133,-0.0007548052193056133,0.0,0.0,False,0.0,0.0,0.0001825417116917045
2015-08-06,-0.004548240416143174,-0.004548240416143174,-0.003200224913898708,-0.0013480155022444662,-0.0013480155022444662,0.0,0.0,False,0.0,0.0,-0.003200224913898708
2015-08-07,-0.000756663782496289,-0.000756663782496289,0.0007401001853073223,-0.0014967639678036113,-0.0014967639678036113,0.0,0.0,False,0.0,0.0,0.0007401001853073223
2015-08-10,0.003962344932232284,0.003962344932232284,0.005752771771447772,-0.0017904268392154882,-0.0017904268392154882,0.0,0.0,False,0.0,0.0,0.005752771771447772
2015-08-11,-0.001536819704866245,-0.001536819704866245,-0.004896850508742064,0.0033600308038758183,0.0033600308038758183,0.0,0.0,False,0.0,0.0,-0.004896850508742064
2015-08-12,-0.000820345422337338,-0.000820345422337338,-0.002913935799023714,0.002093590376686376,0.002093590376686376,0.0,0.0,False,0.0,0.0,-0.002913935799023714
2015-08-13,-0.002763427489688647,-0.002763427489688647,-0.0020124835474564667,-0.0007509439422321803,-0.0007509439422321803,0.0,0.0,False,0.0,0.0,-0.0020124835474564667
2015-08-14,0.002569308371868675,0.002569308371868675,0.0018358807676499772,0.0007334276042186977,0.0007334276042186977,0.0,0.0,False,0.0,0.0,0.0018358807676499772
2015-08-17,0.0056245157600846585,0.0056245157600846585,0.0019372938848590817,0.003687221875225577,0.003687221875225577,0.0,0.0,False,0.0,0.0,0.0019372938848590817
2015-08-18,-0.004328218804452615,-0.004328218804452615,-0.004720921637211843,0.0003927028327592279,0.0003927028327592279,0.0,0.0,False,0.0,0.0,-0.004720921637211843
2015-08-19,-0.0020236542680147516,-0.0020236542680147516,-0.0029166525660143223,0.0008929982979995706,0.0008929982979995706,0.0,0.0,False,0.0,0.0,-0.0029166525660143223
2015-08-20,-0.010974760627685574,-0.010974760627685574,-0.011415492236860572,0.0004407316091749984,0.0004407316091749984,0.0,0.0,False,0.0,0.0,-0.011415492236860572
2015-08-21,-0.007238216151358976,-0.007238216151358976,-0.01472190765181502,0.007483691500456044,0.007483691500456044,0.0,0.0,False,0.0,0.0,-0.01472190765181502
2015-08-24,-0.019448620991462474,-0.019448620991462474,-0.023370218717647846,0.003921597726185371,0.003921597726185371,0.0,0.0,False,0.0,0.0,-0.023370218717647846
2015-08-25,-0.007094708756085138,-0.007094708756085138,-0.00413436758995105,-0.0029603411661340883,-0.0029603411661340883,0.0,0.0,False,0.0,0.0,-0.00413436758995105
2015-08-26,0.01178498848460928,0.01178498848460928,0.016164229622270095,-0.004379241137660816,-0.004379241137660816,0.0,0.0,False,0.0,0.0,0.016164229622270095
2015-08-27,0.009728679123413596,0.009728679123413596,0.014047133322979926,-0.00431845419956633,-0.00431845419956633,0.0,0.0,False,0.0,0.0,0.014047133322979926
2015-08-28,0.003663038985429346,0.003663038985429346,-0.0004820980078861078,0.004145136993315454,0.004145136993315454,0.0,0.0,False,0.0,0.0,-0.0004820980078861078
2015-08-31,-0.0034627108956431043,-0.0034627108956431043,-0.004621097331372153,0.0011583864357290487,0.0011583864357290487,0.0,0.0,False,0.0,0.0,-0.004621097331372153
2015-09-01,-0.012389306353599505,-0.012404968745007683,-0.017117997616350696,0.004713028871343013,0.004728691262751191,0.015662391408178704,1.5662391408178706e-05,True,0.016412273155330847,1.6412273155330848e-05,-0.017134409889506028
2015-09-02,0.007993678945039516,0.007993678945039516,0.008887087610111862,-0.0008934086650723462,-0.0008934086650723462,0.0,0.0,False,0.0,0.0,0.008887087610111862
2015-09-03,0.0010965807784534582,0.0010965807784534582,0.0023404869031171814,-0.0012439061246637233,-0.0012439061246637233,0.0,0.0,False,0.0,0.0,0.0023404869031171814
2015-09-04,-0.0036188382813200706,-0.0036188382813200706,-0.009807535642776975,0.006188697361456904,0.006188697361456904,0.0,0.0,False,0.0,0.0,-0.009807535642776975
2015-09-08,0.00962388451934293,0.00962388451934293,0.013583022979333318,-0.003959138459990387,-0.003959138459990387,0.0,0.0,False,0.0,0.0,0.013583022979333318
2015-09-09,-0.00572891978714828,-0.00572891978714828,-0.0050573307235829345,-0.000671589063565345,-0.000671589063565345,0.0,0.0,False,0.0,0.0,-0.0050573307235829345
2015-09-10,0.0013741454886713807,0.0013741454886713807,0.002744082364457139,-0.0013699368757857584,-0.0013699368757857584,0.0,0.0,False,0.0,0.0,0.002744082364457139
2015-09-11,0.003387062094657443,0.003387062094657443,0.0029038951158705437,0.00048316697878689934,0.00048316697878689934,0.0,0.0,False,0.0,0.0,0.0029038951158705437
2015-09-14,-0.0018824939714516557,-0.0018824939714516557,-0.0023623005786302543,0.00047980660717859857,0.00047980660717859857,0.0,0.0,False,0.0,0.0,-0.0023623005786302543
2015-09-15,0.0020791733180189776,0.0020791733180189776,0.0025541018402978665,-0.00047492852227888887,-0.00047492852227888887,0.0,0.0,False,0.0,0.0,0.0025541018402978665
2015-09-16,0.00457510178915586,0.00457510178915586,0.007789200452740829,-0.0032140986635849685,-0.0032140986635849685,0.0,0.0,False,0.0,0.0,0.007789200452740829
2015-09-17,0.004874003185320725,0.004874003185320725,0.0028102206106762626,0.0020637825746444623,0.0020637825746444623,0.0,0.0,False,0.0,0.0,0.0028102206106762626
2015-09-18,-0.00543273576605466,-0.00543273576605466,-0.009081131251973176,0.003648395485918516,0.003648395485918516,0.0,0.0,False,0.0,0.0,-0.009081131251973176
2015-09-21,-0.002529514160935127,-0.002529514160935127,-0.0015445822725957455,-0.0009849318883393813,-0.0009849318883393813,0.0,0.0,False,0.0,0.0,-0.0015445822725957455
2015-09-22,-0.005028134960067067,-0.005028134960067067,-0.00768589998278347,0.0026577650227164037,0.0026577650227164037,0.0,0.0,False,0.0,0.0,-0.00768589998278347
2015-09-23,-0.0017706711640798828,-0.0017706711640798828,-0.003214251931632342,0.0014435807675524592,0.0014435807675524592,0.0,0.0,False,0.0,0.0,-0.003214251931632342
2015-09-24,-0.0006013634337640508,-0.0006013634337640508,-0.0013107636370658844,0.0007094002033018336,0.0007094002033018336,0.0,0.0,False,0.0,0.0,-0.0013107636370658844
2015-09-25,-0.0059449698945798135,-0.0059449698945798135,-0.0011171152640350392,-0.004827854630544774,-0.004827854630544774,0.0,0.0,False,0.0,0.0,-0.0011171152640350392
2015-09-28,-0.011318529901595499,-0.011318529901595499,-0.011511816866751644,0.0001932869651561451,0.0001932869651561451,0.0,0.0,False,0.0,0.0,-0.011511816866751644
2015-09-29,-0.0008740149905971958,-0.0008740149905971958,0.0011434514253540278,-0.002017466415951224,-0.002017466415951224,0.0,0.0,False,0.0,0.0,0.0011434514253540278
2015-09-30,0.008172351389903326,0.008172351389903326,0.01160387860040504,-0.0034315272105017135,-0.0034315272105017135,0.0,0.0,False,0.0,0.0,0.01160387860040504
2015-10-01,-0.0008170743664447312,-0.0009705742417930192,0.0020516443546599317,-0.003022218596452951,-0.002868718721104663,0.153499875348288,0.000153499875348288,True,0.011672208425690497,1.1672208425690497e-05,0.002039972146234241
2015-10-02,0.009421297698013129,0.009421297698013129,0.01238907238917957,-0.002967774691166441,-0.002967774691166441,0.0,0.0,False,0.0,0.0,0.01238907238917957
2015-10-05,0.010986594872089247,0.010986594872089247,0.009564098068455273,0.0014224968036339741,0.0014224968036339741,0.0,0.0,False,0.0,0.0,0.009564098068455273
2015-10-06,-0.0015455772628730695,-0.0015455772628730695,-0.0004882833229888862,-0.0010572939398841832,-0.0010572939398841832,0.0,0.0,False,0.0,0.0,-0.0004882833229888862
2015-10-07,0.008158364904761222,0.008158364904761222,0.007893519746649591,0.0002648451581116311,0.0002648451581116311,0.0,0.0,False,0.0,0.0,0.007893519746649591
2015-10-08,0.004369849402613477,0.004369849402613477,0.004042568791858025,0.00032728061075545153,0.00032728061075545153,0.0,0.0,False,0.0,0.0,0.004042568791858025
2015-10-09,0.001018101910535948,0.001018101910535948,0.0012392635322834122,-0.00022116162174746416,-0.00022116162174746416,0.0,0.0,False,0.0,0.0,0.0012392635322834122
2015-10-12,0.0004972556775405949,0.0004972556775405949,0.0007101414586730005,-0.00021288578113240562,-0.00021288578113240562,0.0,0.0,False,0.0,0.0,0.0007101414586730005
2015-10-13,-0.005944199520429886,-0.005944199520429886,-0.006109841640803202,0.00016564212037331605,0.00016564212037331605,0.0,0.0,False,0.0,0.0,-0.006109841640803202
2015-10-14,-0.002509382978204772,-0.002509382978204772,0.001213276022347663,-0.003722659000552435,-0.003722659000552435,0.0,0.0,False,0.0,0.0,0.001213276022347663
2015-10-15,0.010104099319763603,0.010104099319763603,0.010017171674392651,8.692764537095166e-05,8.692764537095166e-05,0.0,0.0,False,0.0,0.0,0.010017171674392651
2015-10-16,0.0006321775779328598,0.0006321775779328598,0.0011822934123357025,-0.0005501158344028427,-0.0005501158344028427,0.0,0.0,False,0.0,0.0,0.0011822934123357025
2015-10-19,0.0009803824706846758,0.0009803824706846758,-0.001594149181323161,0.0025745316520078367,0.0025745316520078367,0.0,0.0,False,0.0,0.0,-0.001594149181323161
2015-10-20,-0.0017350028891854783,-0.0017350028891854783,-0.0023447607207658285,0.0006097578315803502,0.0006097578315803502,0.0,0.0,False,0.0,0.0,-0.0023447607207658285
2015-10-21,-0.005457417758899313,-0.005457417758899313,-0.0024126996164882154,-0.0030447181424110977,-0.0030447181424110977,0.0,0.0,False,0.0,0.0,-0.0024126996164882154
2015-10-22,0.006282439390389816,0.006282439390389816,0.010036543981244022,-0.003754104590854206,-0.003754104590854206,0.0,0.0,False,0.0,0.0,0.010036543981244022
2015-10-23,0.003889591722018555,0.003889591722018555,0.003965646011841842,-7.605428982328721e-05,-7.605428982328721e-05,0.0,0.0,False,0.0,0.0,0.003965646011841842
2015-10-26,-0.00211766618005971,-0.00211766618005971,-0.0015620929061380142,-0.0005555732739216958,-0.0005555732739216958,0.0,0.0,False,0.0,0.0,-0.0015620929061380142
2015-10-27,-0.003828042266563382,-0.003828042266563382,-0.0030465402991508303,-0.0007815019674125515,-0.0007815019674125515,0.0,0.0,False,0.0,0.0,-0.0030465402991508303
2015-10-28,0.010818857345035146,0.010818857345035146,0.003013082070806853,0.007805775274228293,0.007805775274228293,0.0,0.0,False,0.0,0.0,0.003013082070806853
2015-10-29,-0.006345058720429911,-0.006345058720429911,-0.005740631310675042,-0.0006044274097548692,-0.0006044274097548692,0.0,0.0,False,0.0,0.0,-0.005740631310675042
2015-10-30,-0.0015411481563652198,-0.0015411481563652198,-0.00062864652353535,-0.0009125016328298698,-0.0009125016328298698,0.0,0.0,False,0.0,0.0,-0.00062864652353535
2015-11-02,0.007504014454804461,0.00734983583758001,0.006542746194813515,0.0008070896427664958,0.0009612682599909467,0.15417861722445111,0.00015417861722445111,True,0.017451874726124077,1.7451874726124077e-05,0.006525294320087391
2015-11-03,0.0013881161295408598,0.0013881161295408598,0.0015141739103180776,-0.00012605778077721778,-0.00012605778077721778,0.0,0.0,False,0.0,0.0,0.0015141739103180776
2015-11-04,-0.0011987346270411526,-0.0011987346270411526,-0.002908621395646554,0.0017098867686054012,0.0017098867686054012,0.0,0.0,False,0.0,0.0,-0.002908621395646554
2015-11-05,-9.384756204496389e-05,-9.384756204496389e-05,-0.0005818495100611688,0.00048800194801620493,0.00048800194801620493,0.0,0.0,False,0.0,0.0,-0.0005818495100611688
2015-11-06,-0.0008479688730942464,-0.0008479688730942464,-0.004932569562917068,0.004084600689822822,0.004084600689822822,0.0,0.0,False,0.0,0.0,-0.004932569562917068
2015-11-09,-0.006511874141883527,-0.006511874141883527,-0.008363889134200332,0.001852014992316806,0.001852014992316806,0.0,0.0,False,0.0,0.0,-0.008363889134200332
2015-11-10,0.0024307416296106277,0.0024307416296106277,0.0012184732534640274,0.0012122683761466003,0.0012122683761466003,0.0,0.0,False,0.0,0.0,0.0012184732534640274
2015-11-11,-0.0038866503271737015,-0.0038866503271737015,-0.0008831083148784012,-0.0030035420122953003,-0.0030035420122953003,0.0,0.0,False,0.0,0.0,-0.0008831083148784012
2015-11-12,-0.008852998851343111,-0.008852998851343111,-0.007813578198915884,-0.0010394206524272278,-0.0010394206524272278,0.0,0.0,False,0.0,0.0,-0.007813578198915884
2015-11-13,-0.002621909287596644,-0.002621909287596644,-0.004866324937603381,0.0022444156500067373,0.0022444156500067373,0.0,0.0,False,0.0,0.0,-0.004866324937603381
2015-11-16,0.00594661934446844,0.00594661934446844,0.009005185456382816,-0.0030585661119143757,-0.0030585661119143757,0.0,0.0,False,0.0,0.0,0.009005185456382816
2015-11-17,-0.0013912283138486183,-0.0013912283138486183,-0.00012201190397067685,-0.0012692164098779416,-0.0012692164098779416,0.0,0.0,False,0.0,0.0,-0.00012201190397067685
2015-11-18,0.008328232715084788,0.008328232715084788,0.008102265754291245,0.000225966960793543,0.000225966960793543,0.0,0.0,False,0.0,0.0,0.008102265754291245
2015-11-19,-0.00043783662158579004,-0.00043783662158579004,0.0023843802370106157,-0.0028222168585964056,-0.0028222168585964056,0.0,0.0,False,0.0,0.0,0.0023843802370106157
2015-11-20,0.0023588478638245265,0.0023588478638245265,0.0016460958924997926,0.0007127519713247339,0.0007127519713247339,0.0,0.0,False,0.0,0.0,0.0016460958924997926
2015-11-23,0.0020337955368866637,0.0020337955368866637,-0.0015097726432314628,0.0035435681801181266,0.0035435681801181266,0.0,0.0,False,0.0,0.0,-0.0015097726432314628
2015-11-24,0.003144609982896767,0.003144609982896767,0.0015549617442425841,0.001589648238654183,0.001589648238654183,0.0,0.0,False,0.0,0.0,0.0015549617442425841
2015-11-25,0.0030184509510984272,0.0030184509510984272,0.00029373334359161644,0.0027247176075068107,0.0027247176075068107,0.0,0.0,False,0.0,0.0,0.00029373334359161644
2015-11-27,0.0019193771110858097,0.0019193771110858097,-0.0014051340032270735,0.0033245111143128834,0.0033245111143128834,0.0,0.0,False,0.0,0.0,-0.0014051340032270735
2015-11-30,-0.0020290976146620718,-0.0020290976146620718,-0.0011259907081871826,-0.0009031069064748892,-0.0009031069064748892,0.0,0.0,False,0.0,0.0,-0.0011259907081871826
2015-12-01,0.007662862290579127,0.007383028536311302,0.008406889211592295,-0.0010238606752809932,-0.0007440269210131677,0.27983375426782525,0.0002798337542678253,True,0.0037276962867815663,3.7276962867815664e-06,0.008403161515305513
2015-12-02,-0.006605487566365462,-0.006605487566365462,-0.007296314649344754,0.0006908270829792925,0.0006908270829792925,0.0,0.0,False,0.0,0.0,-0.007296314649344754
2015-12-03,-0.012054191483226666,-0.012054191483226666,-0.011786097987117945,-0.0002680934961087206,-0.0002680934961087206,0.0,0.0,False,0.0,0.0,-0.011786097987117945
2015-12-04,0.010296765104362636,0.010296765104362636,0.010230366314291325,6.639879007131096e-05,6.639879007131096e-05,0.0,0.0,False,0.0,0.0,0.010230366314291325
2015-12-07,-0.0023945136419940413,-0.0023945136419940413,-0.0038010165623538553,0.001406502920359814,0.001406502920359814,0.0,0.0,False,0.0,0.0,-0.0038010165623538553
2015-12-08,-0.004035328525771151,-0.004035328525771151,-0.005652649263261403,0.0016173207374902522,0.0016173207374902522,0.0,0.0,False,0.0,0.0,-0.005652649263261403
2015-12-09,-0.0033974369215805486,-0.0033974369215805486,-0.004151343961847382,0.0007539070402668335,0.0007539070402668335,0.0,0.0,False,0.0,0.0,-0.004151343961847382
2015-12-10,4.4783502964153976e-05,4.4783502964153976e-05,-0.00042445563172385553,0.00046923913468800954,0.00046923913468800954,0.0,0.0,False,0.0,0.0,-0.00042445563172385553
2015-12-11,-0.006899691436639824,-0.006899691436639824,-0.009768776722772727,0.0028690852861329033,0.0028690852861329033,0.0,0.0,False,0.0,0.0,-0.009768776722772727
2015-12-14,-0.002303997901766059,-0.002303997901766059,-0.0004068467531753878,-0.0018971511485906711,-0.0018971511485906711,0.0,0.0,False,0.0,0.0,-0.0004068467531753878
2015-12-15,0.004153225761409692,0.004153225761409692,0.005228696726192279,-0.0010754709647825865,-0.0010754709647825865,0.0,0.0,False,0.0,0.0,0.005228696726192279
2015-12-16,0.006951718355989194,0.006951718355989194,0.009358001319437816,-0.002406282963448622,-0.002406282963448622,0.0,0.0,False,0.0,0.0,0.009358001319437816
2015-12-17,-0.005601485071643993,-0.005601485071643993,-0.0067206117454354,0.001119126673791407,0.001119126673791407,0.0,0.0,False,0.0,0.0,-0.0067206117454354
2015-12-18,-0.006907938856121075,-0.006907938856121075,-0.006952009998768476,4.40711426474014e-05,4.40711426474014e-05,0.0,0.0,False,0.0,0.0,-0.006952009998768476
2015-12-21,0.004027036569391365,0.004027036569391365,0.0044486570467710315,-0.00042162047737966633,-0.00042162047737966633,0.0,0.0,False,0.0,0.0,0.0044486570467710315
2015-12-22,0.003238181753666892,0.003238181753666892,0.003902857733429081,-0.0006646759797621889,-0.0006646759797621889,0.0,0.0,False,0.0,0.0,0.003902857733429081
2015-12-23,0.005970176425877506,0.005970176425877506,0.007479326568590412,-0.0015091501427129065,-0.0015091501427129065,0.0,0.0,False,0.0,0.0,0.007479326568590412
2015-12-24,0.0005025437837802756,0.0005025437837802756,0.00012916711468712933,0.0003733766690931463,0.0003733766690931463,0.0,0.0,False,0.0,0.0,0.00012916711468712933
2015-12-28,-0.001431801816792993,-0.001431801816792993,-0.0019511556682941448,0.0005193538515011519,0.0005193538515011519,0.0,0.0,False,0.0,0.0,-0.0019511556682941448
2015-12-29,0.002765075126411896,0.002765075126411896,0.0026105708565437175,0.00015450426986817834,0.00015450426986817834,0.0,0.0,False,0.0,0.0,0.0026105708565437175
2015-12-30,-0.0035970377242447423,-0.0035970377242447423,-0.005048975946964562,0.0014519382227198199,0.0014519382227198199,0.0,0.0,False,0.0,0.0,-0.005048975946964562
2015-12-31,-0.004932305792479576,-0.004932305792479576,-0.0052411658982035175,0.0003088601057239411,0.0003088601057239411,0.0,0.0,False,0.0,0.0,-0.0052411658982035175
2016-01-04,-0.006480519413998027,-0.006484727733946196,-0.009251448593565541,0.0027667208596193447,0.0027709291795675137,0.004208319948168983,4.208319948168983e-06,True,0.004606242365478748,4.6062423654787476e-06,-0.00925605483593102
2016-01-05,0.0005747235432287289,0.0005747235432287289,0.0004173055091517974,0.00015741803407693148,0.00015741803407693148,0.0,0.0,False,0.0,0.0,0.0004173055091517974
2016-01-06,-0.0042113443010860325,-0.0042113443010860325,-0.006350235844167792,0.0021388915430817597,0.0021388915430817597,0.0,0.0,False,0.0,0.0,-0.006350235844167792
2016-01-07,-0.011041272961830943,-0.011041272961830943,-0.013836279214302827,0.0027950062524718846,0.0027950062524718846,0.0,0.0,False,0.0,0.0,-0.013836279214302827
2016-01-08,-0.00491507253298747,-0.00491507253298747,-0.005961697885748452,0.0010466253527609826,0.0010466253527609826,0.0,0.0,False,0.0,0.0,-0.005961697885748452
2016-01-11,-0.00121739038555527,-0.00121739038555527,-0.0010919295028571194,-0.00012546088269815067,-0.00012546088269815067,0.0,0.0,False,0.0,0.0,-0.0010919295028571194
2016-01-12,0.0053052646103602065,0.0053052646103602065,0.005444029188112846,-0.00013876457775263955,-0.00013876457775263955,0.0,0.0,False,0.0,0.0,0.005444029188112846
2016-01-13,-0.010085601221571134,-0.010085601221571134,-0.010296598811218268,0.00021099758964713416,0.00021099758964713416,0.0,0.0,False,0.0,0.0,-0.010296598811218268
2016-01-14,0.006020988876612045,0.006020988876612045,0.006768836325142691,-0.000747847448530646,-0.000747847448530646,0.0,0.0,False,0.0,0.0,0.006768836325142691
2016-01-15,-0.009964527188631925,-0.009964527188631925,-0.014506104599892482,0.004541577411260557,0.004541577411260557,0.0,0.0,False,0.0,0.0,-0.014506104599892482
2016-01-19,-0.0007865181650377053,-0.0007865181650377053,0.0012888930173122616,-0.002075411182349967,-0.002075411182349967,0.0,0.0,False,0.0,0.0,0.0012888930173122616
2016-01-20,-0.003917986293694068,-0.003917986293694068,-0.0069890136708825904,0.003071027377188522,0.003071027377188522,0.0,0.0,False,0.0,0.0,-0.0069890136708825904
2016-01-21,0.0009751302434572234,0.0009751302434572234,0.0015465910392724591,-0.0005714607958152357,-0.0005714607958152357,0.0,0.0,False,0.0,0.0,0.0015465910392724591
2016-01-22,0.010156666344884243,0.010156666344884243,0.013865831371378853,-0.0037091650264946107,-0.0037091650264946107,0.0,0.0,False,0.0,0.0,0.013865831371378853
2016-01-25,-0.006613910608342282,-0.006613910608342282,-0.008164764283562208,0.0015508536752199265,0.0015508536752199265,0.0,0.0,False,0.0,0.0,-0.008164764283562208
2016-01-26,0.00804400179230441,0.00804400179230441,0.009439704736579995,-0.0013957029442755852,-0.0013957029442755852,0.0,0.0,False,0.0,0.0,0.009439704736579995
2016-01-27,-0.005219208251018583,-0.005219208251018583,-0.005336917049314079,0.0001177087982954959,0.0001177087982954959,0.0,0.0,False,0.0,0.0,-0.005336917049314079
2016-01-28,0.0026245210761377913,0.0026245210761377913,0.003950259298170377,-0.0013257382220325854,-0.0013257382220325854,0.0,0.0,False,0.0,0.0,0.003950259298170377
2016-01-29,0.014515918364732292,0.014515918364732292,0.016635440508470108,-0.0021195221437378155,-0.0021195221437378155,0.0,0.0,False,0.0,0.0,0.016635440508470108
2016-02-01,-0.0017771314885603293,-0.001798404641494612,-0.0025397237175315114,0.0007413190760368995,0.0007625922289711822,0.02127315293428269,2.127315293428269e-05,True,0.019236726332433708,1.9236726332433706e-05,-0.002558960443863945
2016-02-02,-0.007191202004637218,-0.007191202004637218,-0.010583252438147648,0.0033920504335104296,0.0033920504335104296,0.0,0.0,False,0.0,0.0,-0.010583252438147648
2016-02-03,0.0022052745566200392,0.0022052745566200392,0.004812945998498951,-0.0026076714418789117,-0.0026076714418789117,0.0,0.0,False,0.0,0.0,0.004812945998498951
2016-02-04,0.0018160332286884192,0.0018160332286884192,0.0024028559641548486,-0.0005868227354664294,-0.0005868227354664294,0.0,0.0,False,0.0,0.0,0.0024028559641548486
2016-02-05,-0.009391284630789079,-0.009391284630789079,-0.010179835250682627,0.0007885506198935487,0.0007885506198935487,0.0,0.0,False,0.0,0.0,-0.010179835250682627
2016-02-08,-0.003998185128623147,-0.003998185128623147,-0.005459615619963987,0.00146143049134084,0.00146143049134084,0.0,0.0,False,0.0,0.0,-0.005459615619963987
2016-02-09,-0.0018891094169292749,-0.0018891094169292749,-0.003794257902723212,0.001905148485793937,0.001905148485793937,0.0,0.0,False,0.0,0.0,-0.003794257902723212
2016-02-10,0.000889257376797146,0.000889257376797146,0.0012859481369586567,-0.0003966907601615108,-0.0003966907601615108,0.0,0.0,False,0.0,0.0,0.0012859481369586567
2016-02-11,-0.004290726496679199,-0.004290726496679199,-0.006241305112844769,0.0019505786161655696,0.0019505786161655696,0.0,0.0,False,0.0,0.0,-0.006241305112844769
2016-02-12,0.006113807572034143,0.006113807572034143,0.007736154421972694,-0.0016223468499385512,-0.0016223468499385512,0.0,0.0,False,0.0,0.0,0.007736154421972694
2016-02-16,0.007354767465447212,0.007354767465447212,0.00932791938095937,-0.0019731519155121585,-0.0019731519155121585,0.0,0.0,False,0.0,0.0,0.00932791938095937
2016-02-17,0.007326301668828448,0.007326301668828448,0.009244590210210717,-0.0019182885413822695,-0.0019182885413822695,0.0,0.0,False,0.0,0.0,0.009244590210210717
2016-02-18,0.0005615985065385775,0.0005615985065385775,-2.8110885489511387e-05,0.0005897093920280889,0.0005897093920280889,0.0,0.0,False,0.0,0.0,-2.8110885489511387e-05
2016-02-19,-5.104657126559463e-05,-5.104657126559463e-05,-0.0005814286208816407,0.0005303820496160461,0.0005303820496160461,0.0,0.0,False,0.0,0.0,-0.0005814286208816407
2016-02-22,0.006720670922782324,0.006720670922782324,0.009069536497552044,-0.00234886557476972,-0.00234886557476972,0.0,0.0,False,0.0,0.0,0.009069536497552044
2016-02-23,-0.00554570728976633,-0.00554570728976633,-0.007878077310200416,0.002332370020434086,0.002332370020434086,0.0,0.0,False,0.0,0.0,-0.007878077310200416
2016-02-24,0.002008832900782743,0.002008832900782743,0.0011380126730462662,0.0008708202277364768,0.0008708202277364768,0.0,0.0,False,0.0,0.0,0.0011380126730462662
2016-02-25,0.007754059418481299,0.007754059418481299,0.007787469300341859,-3.340988186056014e-05,-3.340988186056014e-05,0.0,0.0,False,0.0,0.0,0.007787469300341859
2016-02-26,-0.002410138410719209,-0.002410138410719209,-0.003268035112586302,0.000857896701867093,0.000857896701867093,0.0,0.0,False,0.0,0.0,-0.003268035112586302
2016-02-29,-0.0029091901794692375,-0.0029091901794692375,-0.0019436666571052618,-0.0009655235223639757,-0.0009655235223639757,0.0,0.0,False,0.0,0.0,-0.0019436666571052618
2016-03-01,0.008905514567389004,0.008836166675240918,0.012344250259903728,-0.00350808358466281,-0.0034387356925147244,0.06934789214808615,6.934789214808615e-05,True,0.006127643319763149,6.1276433197631484e-06,0.012338122616583964
2016-03-02,0.002400394661377436,0.002400394661377436,0.00445769360952275,-0.0020572989481453144,-0.0020572989481453144,0.0,0.0,False,0.0,0.0,0.00445769360952275
2016-03-03,0.004046945152392112,0.004046945152392112,0.005476139437514998,-0.0014291942851228862,-0.0014291942851228862,0.0,0.0,False,0.0,0.0,0.005476139437514998
2016-03-04,0.001182849210291197,0.001182849210291197,0.003460606441938974,-0.002277757231647777,-0.002277757231647777,0.0,0.0,False,0.0,0.0,0.003460606441938974
2016-03-07,-0.000450586779515783,-0.000450586779515783,0.00020770400795961465,-0.0006582907874753976,-0.0006582907874753976,0.0,0.0,False,0.0,0.0,0.00020770400795961465
2016-03-08,-0.002813972755128177,-0.002813972755128177,-0.005435387370319656,0.002621414615191479,0.002621414615191479,0.0,0.0,False,0.0,0.0,-0.005435387370319656
2016-03-09,0.0008653671010062113,0.0008653671010062113,0.0017417545775635082,-0.0008763874765572968,-0.0008763874765572968,0.0,0.0,False,0.0,0.0,0.0017417545775635082
2016-03-10,-0.0006204072947857474,-0.0006204072947857474,-0.0005314462939169419,-8.896100086880549e-05,-8.896100086880549e-05,0.0,0.0,False,0.0,0.0,-0.0005314462939169419
2016-03-11,0.009469950433833623,0.009469950433833623,0.011542548531421924,-0.0020725980975883004,-0.0020725980975883004,0.0,0.0,False,0.0,0.0,0.011542548531421924
2016-03-14,-0.00015592526077363268,-0.00015592526077363268,-0.0007661688254928298,0.0006102435647191971,0.0006102435647191971,0.0,0.0,False,0.0,0.0,-0.0007661688254928298
2016-03-15,-0.0022675880317754218,-0.0022675880317754218,-0.004291178077545992,0.00202359004577057,0.00202359004577057,0.0,0.0,False,0.0,0.0,-0.004291178077545992
2016-03-16,0.005974187934243334,0.005974187934243334,0.007420151987253936,-0.001445964053010602,-0.001445964053010602,0.0,0.0,False,0.0,0.0,0.007420151987253936
2016-03-17,0.004348867654742052,0.004348867654742052,0.007072094949270131,-0.002723227294528079,-0.002723227294528079,0.0,0.0,False,0.0,0.0,0.007072094949270131
2016-03-18,0.0020245491827114836,0.0020245491827114836,0.0027200488718658314,-0.0006954996891543478,-0.0006954996891543478,0.0,0.0,False,0.0,0.0,0.0027200488718658314
2016-03-21,-0.0008663559566402032,-0.0008663559566402032,-0.0007829035779113632,-8.345237872883998e-05,-8.345237872883998e-05,0.0,0.0,False,0.0,0.0,-0.0007829035779113632
2016-03-22,-0.0014489057627553575,-0.0014489057627553575,-0.001429174878958875,-1.9730883796482534e-05,-1.9730883796482534e-05,0.0,0.0,False,0.0,0.0,-0.001429174878958875
2016-03-23,-0.0018223552533082768,-0.0018223552533082768,-0.004204362937370393,0.002382007684062116,0.002382007684062116,0.0,0.0,False,0.0,0.0,-0.004204362937370393
2016-03-24,-0.001658951104214801,-0.001658951104214801,-0.001497277088442167,-0.00016167401577263396,-0.00016167401577263396,0.0,0.0,False,0.0,0.0,-0.001497277088442167
2016-03-28,0.0017764718579123952,0.0017764718579123952,0.0019370962367768851,-0.00016062437886448996,-0.00016062437886448996,0.0,0.0,False,0.0,0.0,0.0019370962367768851
2016-03-29,0.007996402955451957,0.007996402955451957,0.009770351498627601,-0.0017739485431756442,-0.0017739485431756442,0.0,0.0,False,0.0,0.0,0.009770351498627601
2016-03-30,0.0021906223267541217,0.0021906223267541217,0.002648931431174864,-0.0004583091044207421,-0.0004583091044207421,0.0,0.0,False,0.0,0.0,0.002648931431174864
2016-03-31,-0.0007384535620635773,-0.0007384535620635773,-0.0005981664062936103,-0.00014028715576996703,-0.00014028715576996703,0.0,0.0,False,0.0,0.0,-0.0005981664062936103
2016-04-01,0.0010262232406308002,0.001012522723688648,0.0009281267791032275,8.439594458542043e-05,9.809646152757266e-05,0.01370051694215221,1.370051694215221e-05,True,0.014884680730180778,1.4884680730180776e-05,0.0009132420983730468
2016-04-04,-0.0010509417888440017,-0.0010509417888440017,-0.0026284563174132636,0.0015775145285692618,0.0015775145285692618,0.0,0.0,False,0.0,0.0,-0.0026284563174132636
2016-04-05,-0.004768648456434436,-0.004768648456434436,-0.00659478996455015,0.0018261415081157143,0.0018261415081157143,0.0,0.0,False,0.0,0.0,-0.00659478996455015
2016-04-06,0.005462496522718239,0.005462496522718239,0.006463748177071109,-0.0010012516543528695,-0.0010012516543528695,0.0,0.0,False,0.0,0.0,0.006463748177071109
2016-04-07,-0.004309778290953351,-0.004309778290953351,-0.006337359798839766,0.002027581507886415,0.002027581507886415,0.0,0.0,False,0.0,0.0,-0.006337359798839766
2016-04-08,0.003055790211692773,0.003055790211692773,0.004507379638210949,-0.001451589426518176,-0.001451589426518176,0.0,0.0,False,0.0,0.0,0.004507379638210949
2016-04-11,-0.0008095696466851186,-0.0008095696466851186,0.00036685167994467507,-0.0011764213266297937,-0.0011764213266297937,0.0,0.0,False,0.0,0.0,0.00036685167994467507
2016-04-12,0.0036393231751492695,0.0036393231751492695,0.0052999491129781485,-0.001660625937828879,-0.001660625937828879,0.0,0.0,False,0.0,0.0,0.0052999491129781485
2016-04-13,0.006813120453655296,0.006813120453655296,0.00909979308206845,-0.002286672628413153,-0.002286672628413153,0.0,0.0,False,0.0,0.0,0.00909979308206845
2016-04-14,-0.00036829846518826375,-0.00036829846518826375,-0.0008519754522005244,0.0004836769870122606,0.0004836769870122606,0.0,0.0,False,0.0,0.0,-0.0008519754522005244
2016-04-15,0.0008759431210833252,0.0008759431210833252,0.000522094386416196,0.00035384873466712925,0.00035384873466712925,0.0,0.0,False,0.0,0.0,0.000522094386416196
2016-04-18,0.003655206374288883,0.003655206374288883,0.00399803112054544,-0.0003428247462565568,-0.0003428247462565568,0.0,0.0,False,0.0,0.0,0.00399803112054544
2016-04-19,0.003619321131558385,0.003619321131558385,0.004949688569083315,-0.0013303674375249302,-0.0013303674375249302,0.0,0.0,False,0.0,0.0,0.004949688569083315
2016-04-20,-0.001660458693035797,-0.001660458693035797,-0.0019161479019534475,0.00025568920891765046,0.00025568920891765046,0.0,0.0,False,0.0,0.0,-0.0019161479019534475
2016-04-21,-0.0035097445614470273,-0.0035097445614470273,-0.004479429120799937,0.0009696845593529096,0.0009696845593529096,0.0,0.0,False,0.0,0.0,-0.004479429120799937
2016-04-22,-0.00014187514628109866,-0.00014187514628109866,-0.00020535334849976293,6.347820221866426e-05,6.347820221866426e-05,0.0,0.0,False,0.0,0.0,-0.00020535334849976293
2016-04-25,-0.0021400237731007614,-0.0021400237731007614,-0.003056710787249002,0.0009166870141482405,0.0009166870141482405,0.0,0.0,False,0.0,0.0,-0.003056710787249002
2016-04-26,0.0003226265225243046,0.0003226265225243046,0.0018634803936569445,-0.00154085387113264,-0.00154085387113264,0.0,0.0,False,0.0,0.0,0.0018634803936569445
2016-04-27,0.0036135905659422617,0.0036135905659422617,0.004017620193090802,-0.00040402962714854076,-0.00040402962714854076,0.0,0.0,False,0.0,0.0,0.004017620193090802
2016-04-28,-0.004111229095868782,-0.004111229095868782,-0.005423694945867321,0.001312465849998539,0.001312465849998539,0.0,0.0,False,0.0,0.0,-0.005423694945867321
2016-04-29,-0.002557181548637369,-0.002557181548637369,-0.002940770267733745,0.000383588719096376,0.000383588719096376,0.0,0.0,False,0.0,0.0,-0.002940770267733745
2016-05-02,0.0030908909223009953,0.0030871534275598023,0.0027014410571219393,0.00038571237043786297,0.00038944986517905605,0.003737494741193018,3.737494741193018e-06,True,0.003877987232148314,3.877987232148314e-06,0.002697563069889791
2016-05-03,-0.0033998791881692035,-0.0033998791881692035,-0.006681818855028642,0.003281939666859438,0.003281939666859438,0.0,0.0,False,0.0,0.0,-0.006681818855028642
2016-05-04,-0.003382439553348766,-0.003382439553348766,-0.005002079858297707,0.001619640304948941,0.001619640304948941,0.0,0.0,False,0.0,0.0,-0.005002079858297707
2016-05-05,0.0008426448617111128,0.0008426448617111128,0.0005976611883572795,0.00024498367335383324,0.00024498367335383324,0.0,0.0,False,0.0,0.0,0.0005976611883572795
2016-05-06,0.0005801883268383902,0.0005801883268383902,0.0009280907041012998,-0.0003479023772629097,-0.0003479023772629097,0.0,0.0,False,0.0,0.0,0.0009280907041012998
2016-05-09,0.0004899190893613135,0.0004899190893613135,-0.0007545350928889112,0.0012444541822502248,0.0012444541822502248,0.0,0.0,False,0.0,0.0,-0.0007545350928889112
2016-05-10,0.006769847683191404,0.006769847683191404,0.0084146587350568,-0.001644811051865396,-0.001644811051865396,0.0,0.0,False,0.0,0.0,0.0084146587350568
2016-05-11,-0.003964054056981458,-0.003964054056981458,-0.004210261517419996,0.000246207460438538,0.000246207460438538,0.0,0.0,False,0.0,0.0,-0.004210261517419996
2016-05-12,-0.0011992432166042283,-0.0011992432166042283,-0.0015855199877595806,0.0003862767711553523,0.0003862767711553523,0.0,0.0,False,0.0,0.0,-0.0015855199877595806
2016-05-13,-0.0030748269042304537,-0.0030748269042304537,-0.0046669310160469225,0.0015921041118164688,0.0015921041118164688,0.0,0.0,False,0.0,0.0,-0.0046669310160469225
2016-05-16,0.003559160167632266,0.003559160167632266,0.00481449919617121,-0.001255339028538944,-0.001255339028538944,0.0,0.0,False,0.0,0.0,0.00481449919617121
2016-05-17,-0.004947671276929375,-0.004947671276929375,-0.005370813756639009,0.0004231424797096336,0.0004231424797096336,0.0,0.0,False,0.0,0.0,-0.005370813756639009
2016-05-18,-0.003887227679935318,-0.003887227679935318,-0.0042035821454692425,0.00031635446553392437,0.00031635446553392437,0.0,0.0,False,0.0,0.0,-0.0042035821454692425
2016-05-19,-0.0016642620768037779,-0.0016642620768037779,-0.002620775111135641,0.0009565130343318633,0.0009565130343318633,0.0,0.0,False,0.0,0.0,-0.002620775111135641
2016-05-20,0.0038309102923931807,0.0038309102923931807,0.005183861100375568,-0.001352950807982387,-0.001352950807982387,0.0,0.0,False,0.0,0.0,0.005183861100375568
2016-05-23,-0.0007771633137498756,-0.0007771633137498756,-0.0008986188631061865,0.0001214555493563109,0.0001214555493563109,0.0,0.0,False,0.0,0.0,-0.0008986188631061865
2016-05-24,0.006021296159117194,0.006021296159117194,0.007266448087742645,-0.0012451519286254507,-0.0012451519286254507,0.0,0.0,False,0.0,0.0,0.007266448087742645
2016-05-25,0.004152840726058077,0.004152840726058077,0.005056722705711029,-0.0009038819796529521,-0.0009038819796529521,0.0,0.0,False,0.0,0.0,0.005056722705711029
2016-05-26,0.002014108610721079,0.002014108610721079,0.002386399712079077,-0.00037229110135799824,-0.00037229110135799824,0.0,0.0,False,0.0,0.0,0.002386399712079077
2016-05-27,0.0005852486931867889,0.0005852486931867889,0.001058039462649323,-0.000472790769462534,-0.000472790769462534,0.0,0.0,False,0.0,0.0,0.001058039462649323
2016-05-31,-0.0007815122405680697,-0.0007815122405680697,-0.0003860371503077247,-0.00039547509026034505,-0.00039547509026034505,0.0,0.0,False,0.0,0.0,-0.0003860371503077247
2016-06-01,0.0007797513436237608,0.0005674820075436521,0.001006096345321117,-0.0004386143377774648,-0.0002263450016973561,0.21226933608010867,0.00021226933608010869,True,0.005880415405235508,5.8804154052355085e-06,0.0010002159299158813
2016-06-02,0.002205915852687745,0.002205915852687745,0.00339868393498437,-0.0011927680822966247,-0.0011927680822966247,0.0,0.0,False,0.0,0.0,0.00339868393498437
2016-06-03,0.004103628397492901,0.004103628397492901,0.005079862070326227,-0.0009762336728333255,-0.0009762336728333255,0.0,0.0,False,0.0,0.0,0.005079862070326227
2016-06-06,0.0014557704204386536,0.0014557704204386536,0.002706557042171447,-0.0012507866217327933,-0.0012507866217327933,0.0,0.0,False,0.0,0.0,0.002706557042171447
2016-06-07,0.0024417613003659055,0.0024417613003659055,0.0032626498701433895,-0.000820888569777484,-0.000820888569777484,0.0,0.0,False,0.0,0.0,0.0032626498701433895
2016-06-08,0.0027907134599395467,0.0027907134599395467,0.0033896088019957603,-0.0005988953420562135,-0.0005988953420562135,0.0,0.0,False,0.0,0.0,0.0033896088019957603
2016-06-09,-0.001743126378754658,-0.001743126378754658,-0.0029174409759119826,0.0011743145971573245,0.0011743145971573245,0.0,0.0,False,0.0,0.0,-0.0029174409759119826
2016-06-10,-0.0070439240561982145,-0.0070439240561982145,-0.009302165069577895,0.0022582410133796804,0.0022582410133796804,0.0,0.0,False,0.0,0.0,-0.009302165069577895
2016-06-13,-0.005199210495731465,-0.005199210495731465,-0.005970668282716922,0.0007714577869854574,0.0007714577869854574,0.0,0.0,False,0.0,0.0,-0.005970668282716922
2016-06-14,-0.003983788967340444,-0.003983788967340444,-0.0038056869630979217,-0.00017810200424252243,-0.00017810200424252243,0.0,0.0,False,0.0,0.0,-0.0038056869630979217
2016-06-15,0.002297568281468805,0.002297568281468805,0.0030252740202528377,-0.0007277057387840326,-0.0007277057387840326,0.0,0.0,False,0.0,0.0,0.0030252740202528377
2016-06-16,0.0020494195718308533,0.0020494195718308533,0.001528267193748567,0.0005211523780822864,0.0005211523780822864,0.0,0.0,False,0.0,0.0,0.001528267193748567
2016-06-17,-0.0013305934764969885,-0.0013305934764969885,-0.0011104993061542593,-0.00022009417034272918,-0.00022009417034272918,0.0,0.0,False,0.0,0.0,-0.0011104993061542593
2016-06-20,0.005018724273706387,0.005018724273706387,0.006204522054773261,-0.001185797781066874,-0.001185797781066874,0.0,0.0,False,0.0,0.0,0.006204522054773261
2016-06-21,0.001628249713571559,0.001628249713571559,0.0018990603608040567,-0.00027081064723249765,-0.00027081064723249765,0.0,0.0,False,0.0,0.0,0.0018990603608040567
2016-06-22,0.00025864252170601157,0.00025864252170601157,0.00024721915868982465,1.1423363016186924e-05,1.1423363016186924e-05,0.0,0.0,False,0.0,0.0,0.00024721915868982465
2016-06-23,0.007888352139482555,0.007888352139482555,0.009694706966309762,-0.001806354826827207,-0.001806354826827207,0.0,0.0,False,0.0,0.0,0.009694706966309762
2016-06-24,-0.02284772894278553,-0.02284772894278553,-0.027072507617327535,0.004224778674542004,0.004224778674542004,0.0,0.0,False,0.0,0.0,-0.027072507617327535
2016-06-27,-0.00630542135298831,-0.00630542135298831,-0.007162508455036052,0.0008570871020477421,0.0008570871020477421,0.0,0.0,False,0.0,0.0,-0.007162508455036052
2016-06-28,0.01203010041775981,0.01203010041775981,0.013554336300290633,-0.0015242358825308232,-0.0015242358825308232,0.0,0.0,False,0.0,0.0,0.013554336300290633
2016-06-29,0.00789618154833573,0.00789618154833573,0.009943861830041738,-0.002047680281706009,-0.002047680281706009,0.0,0.0,False,0.0,0.0,0.009943861830041738
2016-06-30,0.00857163427815179,0.00857163427815179,0.00928076675003339,-0.000709132471881601,-0.000709132471881601,0.0,0.0,False,0.0,0.0,0.00928076675003339
2016-07-01,0.0035081865196961264,0.0033450676994295327,0.0037768114684519354,-0.0004317437690224027,-0.000268624948755809,0.16311882026659374,0.00016311882026659374,True,0.01054751572140128,1.054751572140128e-05,0.003766263952730534
2016-07-05,-0.0029077017536526476,-0.0029077017536526476,-0.005687243416924124,0.0027795416632714768,0.0027795416632714768,0.0,0.0,False,0.0,0.0,-0.005687243416924124
2016-07-06,0.003888795992233845,0.003888795992233845,0.002010303614532062,0.0018784923777017829,0.0018784923777017829,0.0,0.0,False,0.0,0.0,0.002010303614532062
2016-07-07,-1.023330076874e-05,-1.023330076874e-05,-0.0011792353065120731,0.001169002005743333,0.001169002005743333,0.0,0.0,False,0.0,0.0,-0.0011792353065120731
2016-07-08,0.011130689862653984,0.011130689862653984,0.011613156723554462,-0.0004824668609004785,-0.0004824668609004785,0.0,0.0,False,0.0,0.0,0.011613156723554462
2016-07-11,0.0014597549569904953,0.0014597549569904953,0.002861203047103059,-0.0014014480901125637,-0.0014014480901125637,0.0,0.0,False,0.0,0.0,0.002861203047103059
2016-07-12,0.0019340845179797975,0.0019340845179797975,0.0034431443562640317,-0.0015090598382842342,-0.0015090598382842342,0.0,0.0,False,0.0,0.0,0.0034431443562640317
2016-07-13,0.0010053172956427632,0.0010053172956427632,0.0010945320692442423,-8.92147736014791e-05,-8.92147736014791e-05,0.0,0.0,False,0.0,0.0,0.0010945320692442423
2016-07-14,0.0007172411576022934,0.0007172411576022934,0.002581709896298664,-0.0018644687386963706,-0.0018644687386963706,0.0,0.0,False,0.0,0.0,0.002581709896298664
2016-07-15,-0.0018615650644276485,-0.0018615650644276485,-0.002992628948578984,0.0011310638841513353,0.0011310638841513353,0.0,0.0,False,0.0,0.0,-0.002992628948578984
2016-07-18,0.00118928810270272,0.00118928810270272,0.002088953107817458,-0.0008996650051147379,-0.0008996650051147379,0.0,0.0,False,0.0,0.0,0.002088953107817458
2016-07-19,-0.00020164091780447652,-0.00020164091780447652,-0.001746208276262538,0.0015445673584580616,0.0015445673584580616,0.0,0.0,False,0.0,0.0,-0.001746208276262538
2016-07-20,0.0021522285721652878,0.0021522285721652878,0.0027440987720148114,-0.0005918701998495236,-0.0005918701998495236,0.0,0.0,False,0.0,0.0,0.0027440987720148114
2016-07-21,-0.0014253163791297621,-0.0014253163791297621,-0.0016124798954205832,0.00018716351629082103,0.00018716351629082103,0.0,0.0,False,0.0,0.0,-0.0016124798954205832
2016-07-22,0.0025022934561097134,0.0025022934561097134,0.002621824383279715,-0.00011953092717000144,-0.00011953092717000144,0.0,0.0,False,0.0,0.0,0.002621824383279715
2016-07-25,-0.00151446984501146,-0.00151446984501146,-0.002389188028686327,0.0008747181836748672,0.0008747181836748672,0.0,0.0,False,0.0,0.0,-0.002389188028686327
2016-07-26,0.0007071635336495805,0.0007071635336495805,0.0018768819827079354,-0.0011697184490583549,-0.0011697184490583549,0.0,0.0,False,0.0,0.0,0.0018768819827079354
2016-07-27,0.002098537097238934,0.002098537097238934,0.0027741036976353293,-0.0006755666003963952,-0.0006755666003963952,0.0,0.0,False,0.0,0.0,0.0027741036976353293
2016-07-28,-0.00027799937046618975,-0.00027799937046618975,-4.304964025470781e-05,-0.00023494973021148194,-0.00023494973021148194,0.0,0.0,False,0.0,0.0,-4.304964025470781e-05
2016-07-29,0.002675932518606681,0.002675932518606681,0.00461157426716206,-0.0019356417485553792,-0.0019356417485553792,0.0,0.0,False,0.0,0.0,0.00461157426716206
2016-08-01,-0.0026060131267936965,-0.0026142651823621798,-0.0034645980965138153,0.0008503329141516356,0.0008585849697201188,0.008252055568483197,8.252055568483198e-06,True,0.007779135827220684,7.779135827220685e-06,-0.003472377232341036
2016-08-02,-0.006763748678490583,-0.006763748678490583,-0.005931298109294258,-0.0008324505691963248,-0.0008324505691963248,0.0,0.0,False,0.0,0.0,-0.005931298109294258
2016-08-03,0.002847656423021352,0.002847656423021352,0.0014276694134919493,0.0014199870095294026,0.0014199870095294026,0.0,0.0,False,0.0,0.0,0.0014276694134919493
2016-08-04,0.0023292109243907263,0.0023292109243907263,0.0032716151941525927,-0.0009424042697618665,-0.0009424042697618665,0.0,0.0,False,0.0,0.0,0.0032716151941525927
2016-08-05,0.00287092195246379,0.00287092195246379,0.0026489069331371174,0.00022201501932667253,0.00022201501932667253,0.0,0.0,False,0.0,0.0,0.0026489069331371174
2016-08-08,-0.0001427529569012231,-0.0001427529569012231,0.0009084211001751365,-0.0010511740570763597,-0.0010511740570763597,0.0,0.0,False,0.0,0.0,0.0009084211001751365
2016-08-09,0.0029083119032579964,0.0029083119032579964,0.004180658973693069,-0.0012723470704350728,-0.0012723470704350728,0.0,0.0,False,0.0,0.0,0.004180658973693069
2016-08-10,-0.0006709505141910832,-0.0006709505141910832,0.0005800771721320742,-0.0012510276863231574,-0.0012510276863231574,0.0,0.0,False,0.0,0.0,0.0005800771721320742
2016-08-11,0.0005570971696221319,0.0005570971696221319,0.0021422364081360953,-0.0015851392385139635,-0.0015851392385139635,0.0,0.0,False,0.0,0.0,0.0021422364081360953
2016-08-12,0.0019257324699530612,0.0019257324699530612,0.0008098230710985924,0.0011159093988544688,0.0011159093988544688,0.0,0.0,False,0.0,0.0,0.0008098230710985924
2016-08-15,0.0011273320542900848,0.0011273320542900848,0.0015192996875296497,-0.00039196763323956496,-0.00039196763323956496,0.0,0.0,False,0.0,0.0,0.0015192996875296497
2016-08-16,-0.003983523355047406,-0.003983523355047406,-0.0033832683744982016,-0.000600254980549204,-0.000600254980549204,0.0,0.0,False,0.0,0.0,-0.0033832683744982016
2016-08-17,0.001364371399286495,0.001364371399286495,0.0007248063021276658,0.0006395650971588292,0.0006395650971588292,0.0,0.0,False,0.0,0.0,0.0007248063021276658
2016-08-18,0.003067756047437669,0.003067756047437669,0.0035672515217855163,-0.0004994954743478474,-0.0004994954743478474,0.0,0.0,False,0.0,0.0,0.0035672515217855163
2016-08-19,-0.0020263551830609393,-0.0020263551830609393,-0.003507945750996994,0.0014815905679360546,0.0014815905679360546,0.0,0.0,False,0.0,0.0,-0.003507945750996994
2016-08-22,0.0018418730749264773,0.0018418730749264773,0.00024108615940672973,0.0016007869155197476,0.0016007869155197476,0.0,0.0,False,0.0,0.0,0.00024108615940672973
2016-08-23,0.002213477409423274,0.002213477409423274,0.0013922144625898314,0.0008212629468334427,0.0008212629468334427,0.0,0.0,False,0.0,0.0,0.0013922144625898314
2016-08-24,-0.0033917530246891188,-0.0033917530246891188,-0.00231852968308919,-0.0010732233415999288,-0.0010732233415999288,0.0,0.0,False,0.0,0.0,-0.00231852968308919
2016-08-25,-0.0004887333646321919,-0.0004887333646321919,-0.0012913329064000892,0.0008025995417678972,0.0008025995417678972,0.0,0.0,False,0.0,0.0,-0.0012913329064000892
2016-08-26,-0.0026237740351878,-0.0026237740351878,-0.003965673018191687,0.0013418989830038873,0.0013418989830038873,0.0,0.0,False,0.0,0.0,-0.003965673018191687
2016-08-29,0.0051128614736196025,0.0051128614736196025,0.005302515739643319,-0.00018965426602371611,-0.00018965426602371611,0.0,0.0,False,0.0,0.0,0.005302515739643319
2016-08-30,-0.0007315240216001968,-0.0007315240216001968,-0.0012819256699464457,0.0005504016483462489,0.0005504016483462489,0.0,0.0,False,0.0,0.0,-0.0012819256699464457
2016-08-31,-0.0022206316815756096,-0.0022206316815756096,-0.002798720621190221,0.0005780889396146114,0.0005780889396146114,0.0,0.0,False,0.0,0.0,-0.002798720621190221
2016-09-01,-2.2545967334339836e-06,-9.268496586454276e-05,0.0022140725702174623,-0.002306757536082005,-0.0022163271669508964,0.09043036913110877,9.043036913110878e-05,True,0.0026970283573682224,2.6970283573682226e-06,0.002211375541860094
2016-09-02,0.0031437853111254232,0.0031437853111254232,0.004021600367090504,-0.0008778150559650808,-0.0008778150559650808,0.0,0.0,False,0.0,0.0,0.004021600367090504
2016-09-06,0.003363266503794301,0.003363266503794301,0.005956090341759788,-0.0025928238379654867,-0.0025928238379654867,0.0,0.0,False,0.0,0.0,0.005956090341759788
2016-09-07,0.0010756982389528362,0.0010756982389528362,-9.606043082968714e-05,0.0011717586697825232,0.0011717586697825232,0.0,0.0,False,0.0,0.0,-9.606043082968714e-05
2016-09-08,-0.0049137250306030625,-0.0049137250306030625,-0.004120347688438537,-0.0007933773421645255,-0.0007933773421645255,0.0,0.0,False,0.0,0.0,-0.004120347688438537
2016-09-09,-0.01986433059524976,-0.01986433059524976,-0.01802603132840532,-0.001838299266844437,-0.001838299266844437,0.0,0.0,False,0.0,0.0,-0.01802603132840532
2016-09-12,0.00837552464079062,0.00837552464079062,0.007116101342040186,0.001259423298750435,0.001259423298750435,0.0,0.0,False,0.0,0.0,0.007116101342040186
2016-09-13,-0.011709039317091385,-0.011709039317091385,-0.012666242639525687,0.0009572033224343017,0.0009572033224343017,0.0,0.0,False,0.0,0.0,-0.012666242639525687
2016-09-14,0.00053056457476407,0.00053056457476407,0.0006195763574448917,-8.901178268082169e-05,-8.901178268082169e-05,0.0,0.0,False,0.0,0.0,0.0006195763574448917
2016-09-15,0.005983378683020544,0.005983378683020544,0.006548888034989271,-0.0005655093519687272,-0.0005655093519687272,0.0,0.0,False,0.0,0.0,0.006548888034989271
2016-09-16,-0.0010984763171805467,-0.0010984763171805467,-0.003089113317004747,0.0019906369998242005,0.0019906369998242005,0.0,0.0,False,0.0,0.0,-0.003089113317004747
2016-09-19,0.0017211922313760497,0.0017211922313760497,0.0014194900967925393,0.0003017021345835104,0.0003017021345835104,0.0,0.0,False,0.0,0.0,0.0014194900967925393
2016-09-20,-0.00026457954592924384,-0.00026457954592924384,0.0014395036998656467,-0.0017040832457948906,-0.0017040832457948906,0.0,0.0,False,0.0,0.0,0.0014395036998656467
2016-09-21,0.00924886301702428,0.00924886301702428,0.011053249617038872,-0.0018043866000145917,-0.0018043866000145917,0.0,0.0,False,0.0,0.0,0.011053249617038872
2016-09-22,0.007685311291051444,0.007685311291051444,0.006462080017243179,0.0012232312738082642,0.0012232312738082642,0.0,0.0,False,0.0,0.0,0.006462080017243179
2016-09-23,-0.003023486387170829,-0.003023486387170829,-0.004664994976617411,0.0016415085894465817,0.0016415085894465817,0.0,0.0,False,0.0,0.0,-0.004664994976617411
2016-09-26,-0.0035390702079265406,-0.0035390702079265406,-0.00471633793241337,0.001177267724486829,0.001177267724486829,0.0,0.0,False,0.0,0.0,-0.00471633793241337
2016-09-27,0.002787045136067488,0.002787045136067488,0.0052903084701708975,-0.0025032633341034094,-0.0025032633341034094,0.0,0.0,False,0.0,0.0,0.0052903084701708975
2016-09-28,0.003903454281161612,0.003903454281161612,0.003764872430120616,0.00013858185104099596,0.00013858185104099596,0.0,0.0,False,0.0,0.0,0.003764872430120616
2016-09-29,-0.006827422915091395,-0.006827422915091395,-0.006921940221994671,9.451730690327592e-05,9.451730690327592e-05,0.0,0.0,False,0.0,0.0,-0.006921940221994671
2016-09-30,0.0030273113061320502,0.0030273113061320502,0.0032004084302610153,-0.00017309712412896501,-0.00017309712412896501,0.0,0.0,False,0.0,0.0,0.0032004084302610153
2016-10-03,-0.004179706748450294,-0.00423762299219164,-0.001645053775964089,-0.0025925692162275514,-0.002534652972486205,0.05791624374134659,5.7916243741346584e-05,True,0.003746803134698485,3.746803134698485e-06,-0.0016488005790987875
2016-10-04,-0.006000871682631546,-0.006000871682631546,-0.00511836146463396,-0.0008825102179975865,-0.0008825102179975865,0.0,0.0,False,0.0,0.0,-0.00511836146463396
2016-10-05,0.0001295814716836658,0.0001295814716836658,0.0028498423749867352,-0.0027202609033030694,-0.0027202609033030694,0.0,0.0,False,0.0,0.0,0.0028498423749867352
2016-10-06,-0.00014022832756036598,-0.00014022832756036598,-0.0012533830702818876,0.0011131547427215215,0.0011131547427215215,0.0,0.0,False,0.0,0.0,-0.0012533830702818876
2016-10-07,-0.0017768803698796924,-0.0017768803698796924,-0.001977022355918568,0.0002001419860388758,0.0002001419860388758,0.0,0.0,False,0.0,0.0,-0.001977022355918568
2016-10-10,0.003993722518026896,0.003993722518026896,0.002884922430884289,0.0011088000871426066,0.0011088000871426066,0.0,0.0,False,0.0,0.0,0.002884922430884289
2016-10-11,-0.009438087942564038,-0.009438087942564038,-0.009824443768643457,0.0003863558260794181,0.0003863558260794181,0.0,0.0,False,0.0,0.0,-0.009824443768643457
2016-10-12,0.0018335253871092682,0.0018335253871092682,7.520539236990472e-05,0.0017583199947393635,0.0017583199947393635,0.0,0.0,False,0.0,0.0,7.520539236990472e-05
2016-10-13,-0.0007341781598727008,-0.0007341781598727008,-0.00188289710199369,0.0011487189421209893,0.0011487189421209893,0.0,0.0,False,0.0,0.0,-0.00188289710199369
2016-10-14,-0.003195024300747848,-0.003195024300747848,-0.0016425671271006748,-0.0015524571736471732,-0.0015524571736471732,0.0,0.0,False,0.0,0.0,-0.0016425671271006748
2016-10-17,0.0002599407195457486,0.0002599407195457486,-0.0004038010853226248,0.0006637418048683734,0.0006637418048683734,0.0,0.0,False,0.0,0.0,-0.0004038010853226248
2016-10-18,0.0046917059079324835,0.0046917059079324835,0.0063338258419576516,-0.001642119934025168,-0.001642119934025168,0.0,0.0,False,0.0,0.0,0.0063338258419576516
2016-10-19,0.0022951621191888813,0.0022951621191888813,0.002368378484672194,-7.321636548331253e-05,-7.321636548331253e-05,0.0,0.0,False,0.0,0.0,0.002368378484672194
2016-10-20,-0.001387901973886681,-0.001387901973886681,-0.0009508025917725025,-0.00043709938211417844,-0.00043709938211417844,0.0,0.0,False,0.0,0.0,-0.0009508025917725025
2016-10-21,3.611066167365291e-05,3.611066167365291e-05,0.00013241767734967048,-9.630701567601757e-05,-9.630701567601757e-05,0.0,0.0,False,0.0,0.0,0.00013241767734967048
2016-10-24,0.0014725008373513322,0.0014725008373513322,0.001077817145753857,0.0003946836915974753,0.0003946836915974753,0.0,0.0,False,0.0,0.0,0.001077817145753857
2016-10-25,-0.00265334584841412,-0.00265334584841412,-0.0013902630322365943,-0.0012630828161775255,-0.0012630828161775255,0.0,0.0,False,0.0,0.0,-0.0013902630322365943
2016-10-26,-0.005230377822205283,-0.005230377822205283,-0.0042315314170672256,-0.000998846405138057,-0.000998846405138057,0.0,0.0,False,0.0,0.0,-0.0042315314170672256
2016-10-27,-0.007160738076567634,-0.007160738076567634,-0.004312978273961453,-0.0028477598026061812,-0.0028477598026061812,0.0,0.0,False,0.0,0.0,-0.004312978273961453
2016-10-28,-0.0018008367066537378,-0.0018008367066537378,-0.0017315266720811678,-6.931003457257001e-05,-6.931003457257001e-05,0.0,0.0,False,0.0,0.0,-0.0017315266720811678
2016-10-31,0.0026609531627122328,0.0026609531627122328,0.0014565403001666234,0.0012044128625456093,0.0012044128625456093,0.0,0.0,False,0.0,0.0,0.0014565403001666234
2016-11-01,-0.006429292282797101,-0.006709091780964876,-0.004419521513260705,-0.002289570267704171,-0.0020097707695363965,0.2797994981677746,0.0002797994981677746,True,0.0030903441852266345,3.0903441852266346e-06,-0.004422611857445932
2016-11-02,-0.0038159076322816293,-0.0038159076322816293,-0.003591495710940574,-0.0002244119213410554,-0.0002244119213410554,0.0,0.0,False,0.0,0.0,-0.003591495710940574
2016-11-03,-0.005700933829882306,-0.005700933829882306,-0.0028503128520102564,-0.0028506209778720497,-0.0028506209778720497,0.0,0.0,False,0.0,0.0,-0.0028503128520102564
2016-11-04,0.00448408021615252,0.00448408021615252,-0.0009327565038478766,0.0054168367200003965,0.0054168367200003965,0.0,0.0,False,0.0,0.0,-0.0009327565038478766
2016-11-07,0.010117109227499067,0.010117109227499067,0.011987281306512217,-0.00187017207901315,-0.00187017207901315,0.0,0.0,False,0.0,0.0,0.011987281306512217
2016-11-08,0.0009457907041013184,0.0009457907041013184,0.0012990929254277073,-0.00035330222132638886,-0.00035330222132638886,0.0,0.0,False,0.0,0.0,0.0012990929254277073
2016-11-09,-0.007480976222249268,-0.007480976222249268,-0.005745009663789595,-0.0017359665584596728,-0.0017359665584596728,0.0,0.0,False,0.0,0.0,-0.005745009663789595
2016-11-10,-0.002515456453015757,-0.002515456453015757,-0.0036244015219746833,0.0011089450689589263,0.0011089450689589263,0.0,0.0,False,0.0,0.0,-0.0036244015219746833
2016-11-11,0.0014968294383815792,0.0014968294383815792,-0.0035367174843559356,0.005033546922737515,0.005033546922737515,0.0,0.0,False,0.0,0.0,-0.0035367174843559356
2016-11-14,0.0024502016420225527,0.0024502016420225527,-0.002677929209654381,0.005128130851676934,0.005128130851676934,0.0,0.0,False,0.0,0.0,-0.002677929209654381
2016-11-15,0.004377989197185318,0.004377989197185318,0.005819061161737124,-0.001441071964551806,-0.001441071964551806,0.0,0.0,False,0.0,0.0,0.005819061161737124
2016-11-16,0.0019214794217287609,0.0019214794217287609,-0.002124886122278938,0.004046365544007699,0.004046365544007699,0.0,0.0,False,0.0,0.0,-0.002124886122278938
2016-11-17,-0.002967454596713704,-0.002967454596713704,0.0006804220330902699,-0.003647876629803974,-0.003647876629803974,0.0,0.0,False,0.0,0.0,0.0006804220330902699
2016-11-18,-0.0009392783786233701,-0.0009392783786233701,-0.004291396681022445,0.0033521183023990752,0.0033521183023990752,0.0,0.0,False,0.0,0.0,-0.004291396681022445
2016-11-21,0.004131372200574409,0.004131372200574409,0.005248171862138343,-0.0011167996615639338,-0.0011167996615639338,0.0,0.0,False,0.0,0.0,0.005248171862138343
2016-11-22,0.0038679546862448533,0.0038679546862448533,0.0034741668166399504,0.0003937878696049029,0.0003937878696049029,0.0,0.0,False,0.0,0.0,0.0034741668166399504
2016-11-23,-0.00048486315349649355,-0.00048486315349649355,-0.0024411220268210046,0.001956258873324511,0.001956258873324511,0.0,0.0,False,0.0,0.0,-0.0024411220268210046
2016-11-25,0.0028700864377184587,0.0028700864377184587,0.0021762449079274857,0.000693841529790973,0.000693841529790973,0.0,0.0,False,0.0,0.0,0.0021762449079274857
2016-11-28,-0.0011091606607582947,-0.0011091606607582947,-0.0007355365098643391,-0.00037362415089395567,-0.00037362415089395567,0.0,0.0,False,0.0,0.0,-0.0007355365098643391
2016-11-29,0.0027772549978299964,0.0027772549978299964,0.0022542628792072343,0.0005229921186227621,0.0005229921186227621,0.0,0.0,False,0.0,0.0,0.0022542628792072343
2016-11-30,-0.007871579885587492,-0.007871579885587492,-0.003626516650449287,-0.004245063235138205,-0.004245063235138205,0.0,0.0,False,0.0,0.0,-0.003626516650449287
2016-12-01,-0.007046367680735971,-0.00732615923588066,-0.005241526010028597,-0.0020846332258520634,-0.001804841670707374,0.27979155514468956,0.0002797915551446896,True,0.01947133662564299,1.947133662564299e-05,-0.00526099734665424
2016-12-02,0.003476180651504595,0.003476180651504595,0.0025580753068118658,0.000918105344692729,0.000918105344692729,0.0,0.0,False,0.0,0.0,0.0025580753068118658
2016-12-05,0.002839527746519561,0.002839527746519561,0.005153178970056495,-0.0023136512235369337,-0.0023136512235369337,0.0,0.0,False,0.0,0.0,0.005153178970056495
2016-12-06,0.0016510239608345514,0.0016510239608345514,0.003083445669750482,-0.0014324217089159304,-0.0014324217089159304,0.0,0.0,False,0.0,0.0,0.003083445669750482
2016-12-07,0.010567487755710191,0.010567487755710191,0.010073213529948829,0.0004942742257613621,0.0004942742257613621,0.0,0.0,False,0.0,0.0,0.010073213529948829
2016-12-08,-0.0025012959013752277,-0.0025012959013752277,-8.89656307347088e-05,-0.002412330270640519,-0.002412330270640519,0.0,0.0,False,0.0,0.0,-8.89656307347088e-05
2016-12-09,-0.003641021679298485,-0.003641021679298485,-0.0001423480398399068,-0.003498673639458578,-0.003498673639458578,0.0,0.0,False,0.0,0.0,-0.0001423480398399068
2016-12-12,-0.0007138594598969126,-0.0007138594598969126,-0.002248489908678715,0.0015346304487818025,0.0015346304487818025,0.0,0.0,False,0.0,0.0,-0.002248489908678715
2016-12-13,0.0051449329878586435,0.0051449329878586435,0.005403046861689254,-0.0002581138738306102,-0.0002581138738306102,0.0,0.0,False,0.0,0.0,0.005403046861689254
2016-12-14,-0.012939225739266976,-0.012939225739266976,-0.011493115963827731,-0.001446109775439245,-0.001446109775439245,0.0,0.0,False,0.0,0.0,-0.011493115963827731
2016-12-15,0.0020723402394163984,0.0020723402394163984,0.001263469230258241,0.0008088710091581574,0.0008088710091581574,0.0,0.0,False,0.0,0.0,0.001263469230258241
2016-12-16,-0.0015991086834200433,-0.0015991086834200433,-0.001016421233290976,-0.0005826874501290674,-0.0005826874501290674,0.0,0.0,False,0.0,0.0,-0.001016421233290976
2016-12-19,0.003742913761368868,0.003742913761368868,0.002238566671247728,0.0015043470901211402,0.0015043470901211402,0.0,0.0,False,0.0,0.0,0.002238566671247728
2016-12-20,-0.00022251420723332668,-0.00022251420723332668,0.001727372864301463,-0.0019498870715347898,-0.0019498870715347898,0.0,0.0,False,0.0,0.0,0.001727372864301463
2016-12-21,-3.760435907081269e-06,-3.760435907081269e-06,-0.0005494621512135813,0.0005457017153065,0.0005457017153065,0.0,0.0,False,0.0,0.0,-0.0005494621512135813
2016-12-22,-0.0032104128325201988,-0.0032104128325201988,-0.00263366561209567,-0.0005767472204245287,-0.0005767472204245287,0.0,0.0,False,0.0,0.0,-0.00263366561209567
2016-12-23,0.0024727362420950334,0.0024727362420950334,0.0022022215268538573,0.0002705147152411761,0.0002705147152411761,0.0,0.0,False,0.0,0.0,0.0022022215268538573
2016-12-27,0.000961021858787907,0.000961021858787907,0.0005190066927718647,0.0004420151660160423,0.0004420151660160423,0.0,0.0,False,0.0,0.0,0.0005190066927718647
2016-12-28,0.0009432964695113505,0.0009432964695113505,-0.0012886054308269817,0.002231901900338332,0.002231901900338332,0.0,0.0,False,0.0,0.0,-0.0012886054308269817
2016-12-29,0.005103401583703239,0.005103401583703239,0.0033100684466576148,0.0017933331370456242,0.0017933331370456242,0.0,0.0,False,0.0,0.0,0.0033100684466576148
2016-12-30,-0.0023746770273354533,-0.0023746770273354533,-0.0005939551179861788,-0.0017807219093492746,-0.0017807219093492746,0.0,0.0,False,0.0,0.0,-0.0005939551179861788
2017-01-03,0.006593759012870809,0.006313759012914814,0.004925166376215184,0.0013885926366996298,0.001668592636655625,0.2799999999559952,0.00027999999995599525,True,0.005456568845847186,5.456568845847186e-06,0.004919709807369337
2017-01-04,0.0055686529199650845,0.0055686529199650845,0.006026909760250138,-0.0004582568402850531,-0.0004582568402850531,0.0,0.0,False,0.0,0.0,0.006026909760250138
2017-01-05,0.003229369489135882,0.003229369489135882,0.004426230922281974,-0.0011968614331460915,-0.0011968614331460915,0.0,0.0,False,0.0,0.0,0.004426230922281974
2017-01-06,-0.0008643228375951918,-0.0008643228375951918,-0.0021920690161824612,0.0013277461785872694,0.0013277461785872694,0.0,0.0,False,0.0,0.0,-0.0021920690161824612
2017-01-09,-0.00029075348778757963,-0.00029075348778757963,-0.00018879124670740158,-0.00010196224108017805,-0.00010196224108017805,0.0,0.0,False,0.0,0.0,-0.00018879124670740158
2017-01-10,0.0012885696760639455,0.0012885696760639455,0.0008741037513379562,0.0004144659247259893,0.0004144659247259893,0.0,0.0,False,0.0,0.0,0.0008741037513379562
2017-01-11,0.0035556281515043225,0.0035556281515043225,0.0035634454924045053,-7.817340900182889e-06,-7.817340900182889e-06,0.0,0.0,False,0.0,0.0,0.0035634454924045053
2017-01-12,0.00015016431878019673,0.00015016431878019673,-0.0004667437754827795,0.0006169080942629762,0.0006169080942629762,0.0,0.0,False,0.0,0.0,-0.0004667437754827795
2017-01-13,0.0007093862325392779,0.0007093862325392779,0.0005481926740335018,0.00016119355850577604,0.00016119355850577604,0.0,0.0,False,0.0,0.0,0.0005481926740335018
2017-01-17,0.00030096550104542833,0.00030096550104542833,-0.0001878194240461634,0.0004887849250915918,0.0004887849250915918,0.0,0.0,False,0.0,0.0,-0.0001878194240461634
2017-01-18,-0.0015556686113336385,-0.0015556686113336385,-0.003211313637941543,0.0016556450266079043,0.0016556450266079043,0.0,0.0,False,0.0,0.0,-0.003211313637941543
2017-01-19,-0.0032375205217287,-0.0032375205217287,-0.0038088712153441953,0.0005713506936154953,0.0005713506936154953,0.0,0.0,False,0.0,0.0,-0.0038088712153441953
2017-01-20,0.0025100115141836465,0.0025100115141836465,0.0026888716001746103,-0.00017886008599096379,-0.00017886008599096379,0.0,0.0,False,0.0,0.0,0.0026888716001746103
2017-01-23,0.002718787006980397,0.002718787006980397,0.003136188976477061,-0.0004174019694966639,-0.0004174019694966639,0.0,0.0,False,0.0,0.0,0.003136188976477061
2017-01-24,0.0026175021711536154,0.0026175021711536154,0.002158518409310176,0.0004589837618434395,0.0004589837618434395,0.0,0.0,False,0.0,0.0,0.002158518409310176
2017-01-25,0.004444338750243726,0.004444338750243726,0.0036316381204488943,0.0008127006297948313,0.0008127006297948313,0.0,0.0,False,0.0,0.0,0.0036316381204488943
2017-01-26,-0.0018402700844396096,-0.0018402700844396096,-0.0009709370303591126,-0.0008693330540804969,-0.0008693330540804969,0.0,0.0,False,0.0,0.0,-0.0009709370303591126
2017-01-27,0.000192948592449572,0.000192948592449572,-0.00021899735623560717,0.0004119459486851792,0.0004119459486851792,0.0,0.0,False,0.0,0.0,-0.00021899735623560717
2017-01-30,-0.0034947751737328513,-0.0034947751737328513,-0.004665976834852562,0.0011712016611197104,0.0011712016611197104,0.0,0.0,False,0.0,0.0,-0.004665976834852562
2017-01-31,0.0015550354699742004,0.0015550354699742004,0.0020269393597587403,-0.00047190388978453996,-0.00047190388978453996,0.0,0.0,False,0.0,0.0,0.0020269393597587403
2017-02-01,0.001196418286512027,0.0009145750821446075,-0.0001306317476152674,0.0010452068297598749,0.0013270500341272945,0.2818432043674196,0.0002818432043674196,True,0.006924984724114236,6.924984724114236e-06,-0.00013755673233938165
2017-02-02,-6.021655539299221e-05,-6.021655539299221e-05,0.0006699119830737765,-0.0007301285384667687,-0.0007301285384667687,0.0,0.0,False,0.0,0.0,0.0006699119830737765
2017-02-03,0.006246757746319881,0.006246757746319881,0.004347393760188766,0.0018993639861311154,0.0018993639861311154,0.0,0.0,False,0.0,0.0,0.004347393760188766
2017-02-06,-0.002122686208282161,-0.002122686208282161,-0.0005135447923234611,-0.0016091414159587,-0.0016091414159587,0.0,0.0,False,0.0,0.0,-0.0005135447923234611
2017-02-07,-0.0012513193608899057,-0.0012513193608899057,0.0001165985894707915,-0.0013679179503606972,-0.0013679179503606972,0.0,0.0,False,0.0,0.0,0.0001165985894707915
2017-02-08,0.0006668745090258287,0.0006668745090258287,0.003189727169520475,-0.0025228526604946467,-0.0025228526604946467,0.0,0.0,False,0.0,0.0,0.003189727169520475
2017-02-09,0.0050585938161761355,0.0050585938161761355,0.0011789494463755467,0.003879644369800589,0.003879644369800589,0.0,0.0,False,0.0,0.0,0.0011789494463755467
2017-02-10,0.0031662388218634944,0.0031662388218634944,0.0026492892418516515,0.0005169495800118429,0.0005169495800118429,0.0,0.0,False,0.0,0.0,0.0026492892418516515
2017-02-13,0.0029300526042445817,0.0029300526042445817,0.0021666558529169224,0.0007633967513276593,0.0007633967513276593,0.0,0.0,False,0.0,0.0,0.0021666558529169224
2017-02-14,0.0021113124305381066,0.0021113124305381066,-0.00016707132945703134,0.002278383759995138,0.002278383759995138,0.0,0.0,False,0.0,0.0,-0.00016707132945703134
2017-02-15,0.0031290618493343583,0.0031290618493343583,0.002563350067445732,0.0005657117818886263,0.0005657117818886263,0.0,0.0,False,0.0,0.0,0.002563350067445732
2017-02-16,-0.0008962904598309376,-0.0008962904598309376,0.0010473037758942944,-0.0019435942357252322,-0.0019435942357252322,0.0,0.0,False,0.0,0.0,0.0010473037758942944
2017-02-17,0.0010164246870449398,0.0010164246870449398,0.0008239602418821331,0.00019246444516280662,0.00019246444516280662,0.0,0.0,False,0.0,0.0,0.0008239602418821331
2017-02-21,0.004912294729006956,0.004912294729006956,0.0036912464074132104,0.0012210483215937453,0.0012210483215937453,0.0,0.0,False,0.0,0.0,0.0036912464074132104
2017-02-22,-0.0010046969135464176,-0.0010046969135464176,0.00033104189642247956,-0.001335738809968897,-0.001335738809968897,0.0,0.0,False,0.0,0.0,0.00033104189642247956
2017-02-23,-0.00043957656153980045,-0.00043957656153980045,0.0012976167920804391,-0.0017371933536202396,-0.0017371933536202396,0.0,0.0,False,0.0,0.0,0.0012976167920804391
2017-02-24,0.0010497558697563653,0.0010497558697563653,0.000275759139268532,0.0007739967304878333,0.0007739967304878333,0.0,0.0,False,0.0,0.0,0.000275759139268532
2017-02-27,0.002765018179073394,0.002765018179073394,-0.0006033164138742394,0.0033683345929476334,0.0033683345929476334,0.0,0.0,False,0.0,0.0,-0.0006033164138742394
2017-02-28,-0.004358015504722067,-0.004358015504722067,-0.0026044079343377647,-0.0017536075703843022,-0.0017536075703843022,0.0,0.0,False,0.0,0.0,-0.0026044079343377647
2017-03-01,0.008424178416465356,0.008144013250899224,0.005114582660177602,0.0030294305907216214,0.003309595756287754,0.2801651655661326,0.00028016516556613255,True,0.005524186235055694,5.524186235055694e-06,0.005109058473942546
2017-03-02,-0.005915001667405504,-0.005915001667405504,-0.006225830782218373,0.0003108291148128696,0.0003108291148128696,0.0,0.0,False,0.0,0.0,-0.006225830782218373
2017-03-03,0.0017961987880454225,0.0017961987880454225,0.002284175175151959,-0.0004879763871065367,-0.0004879763871065367,0.0,0.0,False,0.0,0.0,0.002284175175151959
2017-03-06,-0.003774671398441059,-0.003774671398441059,-0.0022012926927648603,-0.0015733787056761987,-0.0015733787056761987,0.0,0.0,False,0.0,0.0,-0.0022012926927648603
2017-03-07,-0.0052528399687338575,-0.0052528399687338575,-0.002815219995220967,-0.0024376199735128903,-0.0024376199735128903,0.0,0.0,False,0.0,0.0,-0.002815219995220967
2017-03-08,-0.0051055883444755925,-0.0051055883444755925,-0.0037773093424838225,-0.00132827900199177,-0.00132827900199177,0.0,0.0,False,0.0,0.0,-0.0037773093424838225
2017-03-09,-0.0010811185901937882,-0.0010811185901937882,-0.0017824999814969838,0.0007013813913031956,0.0007013813913031956,0.0,0.0,False,0.0,0.0,-0.0017824999814969838
2017-03-10,0.003641427426240848,0.003641427426240848,0.004641382880451055,-0.000999955454210207,-0.000999955454210207,0.0,0.0,False,0.0,0.0,0.004641382880451055
2017-03-13,0.001963989500688085,0.001963989500688085,0.0011724486703803714,0.0007915408303077135,0.0007915408303077135,0.0,0.0,False,0.0,0.0,0.0011724486703803714
2017-03-14,-0.004387773187369597,-0.004387773187369597,-0.002581332766343055,-0.0018064404210265416,-0.0018064404210265416,0.0,0.0,False,0.0,0.0,-0.002581332766343055
2017-03-15,0.013419826393313149,0.013419826393313149,0.01181275833802839,0.001607068055284759,0.001607068055284759,0.0,0.0,False,0.0,0.0,0.01181275833802839
2017-03-16,0.0003613276140008063,0.0003613276140008063,-0.00016495787144880838,0.0005262854854496147,0.0005262854854496147,0.0,0.0,False,0.0,0.0,-0.00016495787144880838
2017-03-17,0.0017452124660228719,0.0017452124660228719,0.0010539597187785182,0.0006912527472443537,0.0006912527472443537,0.0,0.0,False,0.0,0.0,0.0010539597187785182
2017-03-20,-0.0020234780234514526,-0.0020234780234514526,0.0013563453895628123,-0.003379823413014265,-0.003379823413014265,0.0,0.0,False,0.0,0.0,0.0013563453895628123
2017-03-21,-0.010246050996912013,-0.010246050996912013,-0.005655986032329727,-0.004590064964582286,-0.004590064964582286,0.0,0.0,False,0.0,0.0,-0.005655986032329727
2017-03-22,0.0013478979428341274,0.0013478979428341274,0.0021890261731188983,-0.0008411282302847709,-0.0008411282302847709,0.0,0.0,False,0.0,0.0,0.0021890261731188983
2017-03-23,0.0017888856186282472,0.0017888856186282472,-4.090517250451256e-05,0.0018297907911327598,0.0018297907911327598,0.0,0.0,False,0.0,0.0,-4.090517250451256e-05
2017-03-24,0.002166216959315995,0.002166216959315995,0.0009434879640364236,0.0012227289952795714,0.0012227289952795714,0.0,0.0,False,0.0,0.0,0.0009434879640364236
2017-03-27,0.0008698562475004516,0.0008698562475004516,0.0009246290921548641,-5.477284465441252e-05,-5.477284465441252e-05,0.0,0.0,False,0.0,0.0,0.0009246290921548641
2017-03-28,0.005199033794803842,0.005199033794803842,0.002236985574278187,0.002962048220525655,0.002962048220525655,0.0,0.0,False,0.0,0.0,0.002236985574278187
2017-03-29,0.001736512900645142,0.001736512900645142,0.0019552748762340848,-0.0002187619755889428,-0.0002187619755889428,0.0,0.0,False,0.0,0.0,0.0019552748762340848
2017-03-30,0.002143650764101476,0.002143650764101476,-0.0011229443473606306,0.0032665951114621066,0.0032665951114621066,0.0,0.0,False,0.0,0.0,-0.0011229443473606306
2017-03-31,-0.00028041633058727676,-0.00028041633058727676,-0.0008792005390185061,0.0005987842084312293,0.0005987842084312293,0.0,0.0,False,0.0,0.0,-0.0008792005390185061
2017-04-03,-0.0025184571137941585,-0.0027979963509742224,0.0014552024880432057,-0.004253198839017428,-0.003973659601837364,0.27953923718006374,0.00027953923718006376,True,0.0064016257746900875,6.4016257746900866e-06,0.0014488008622685156
2017-04-04,-0.00013983450314305262,-0.00013983450314305262,-0.0008173112397407133,0.0006774767365976607,0.0006774767365976607,0.0,0.0,False,0.0,0.0,-0.0008173112397407133
2017-04-05,-0.0035004695092993275,-0.0035004695092993275,-0.0018249375294959766,-0.001675531979803351,-0.001675531979803351,0.0,0.0,False,0.0,0.0,-0.0018249375294959766
2017-04-06,0.0033676370071125056,0.0033676370071125056,0.0010751061673601003,0.0022925308397524053,0.0022925308397524053,0.0,0.0,False,0.0,0.0,0.0010751061673601003
2017-04-07,-0.0008397164021236266,-0.0008397164021236266,-0.001781920993068928,0.0009422045909453015,0.0009422045909453015,0.0,0.0,False,0.0,0.0,-0.001781920993068928
2017-04-10,0.0013030248747724514,0.0013030248747724514,0.000587143672088347,0.0007158812026841043,0.0007158812026841043,0.0,0.0,False,0.0,0.0,0.000587143672088347
2017-04-11,0.0009517661019912394,0.0009517661019912394,0.0026181036943718596,-0.0016663375923806202,-0.0016663375923806202,0.0,0.0,False,0.0,0.0,0.0026181036943718596
2017-04-12,-0.003725055340398818,-0.003725055340398818,-0.00022322313948859075,-0.0035018322009102276,-0.0035018322009102276,0.0,0.0,False,0.0,0.0,-0.00022322313948859075
2017-04-13,-0.004815721011995442,-0.004815721011995442,-0.0027863518689653947,-0.0020293691430300475,-0.0020293691430300475,0.0,0.0,False,0.0,0.0,-0.0027863518689653947
2017-04-17,0.0063184732416102125,0.0063184732416102125,0.004382418475173603,0.00193605476643661,0.00193605476643661,0.0,0.0,False,0.0,0.0,0.004382418475173603
2017-04-18,-0.000544756171943534,-0.000544756171943534,-0.00010505812734188551,-0.0004396980446016485,-0.0004396980446016485,0.0,0.0,False,0.0,0.0,-0.00010505812734188551
2017-04-19,-0.0005737360467203252,-0.0005737360467203252,-0.002852774338259706,0.002279038291539381,0.002279038291539381,0.0,0.0,False,0.0,0.0,-0.002852774338259706
2017-04-20,0.006459947688012932,0.006459947688012932,0.004575500084719266,0.001884447603293666,0.001884447603293666,0.0,0.0,False,0.0,0.0,0.004575500084719266
2017-04-21,-0.00184389250984747,-0.00184389250984747,-0.0008722916446494043,-0.0009716008651980657,-0.0009716008651980657,0.0,0.0,False,0.0,0.0,-0.0008722916446494043
2017-04-24,0.007981609838418538,0.007981609838418538,0.008205043622832354,-0.00022343378441381546,-0.00022343378441381546,0.0,0.0,False,0.0,0.0,0.008205043622832354
2017-04-25,0.004303758462275525,0.004303758462275525,0.0019396946848694303,0.0023640637774060944,0.0023640637774060944,0.0,0.0,False,0.0,0.0,0.0019396946848694303
2017-04-26,0.0007229995374592642,0.0007229995374592642,0.00042995914212056054,0.0002930403953387036,0.0002930403953387036,0.0,0.0,False,0.0,0.0,0.00042995914212056054
2017-04-27,0.0005628040185779215,0.0005628040185779215,0.0005070112742619658,5.5792744315955696e-05,5.5792744315955696e-05,0.0,0.0,False,0.0,0.0,0.0005070112742619658
2017-04-28,-0.0035194686276576142,-0.0035194686276576142,-0.0008537721639968406,-0.002665696463660774,-0.002665696463660774,0.0,0.0,False,0.0,0.0,-0.0008537721639968406
2017-05-01,0.0015461949857486757,0.0013388515430110344,0.0009161169400235258,0.0004227346029875086,0.0006300780457251499,0.20734344273764133,0.0002073434427376413,True,0.001993399962087687,1.9933999620876873e-06,0.0009141235400614381
2017-05-02,0.0018202539008174562,0.0018202539008174562,0.0024654497455695867,-0.0006451958447521305,-0.0006451958447521305,0.0,0.0,False,0.0,0.0,0.0024654497455695867
2017-05-03,-0.0012523259686503323,-0.0012523259686503323,-0.002103871996227198,0.0008515460275768658,0.0008515460275768658,0.0,0.0,False,0.0,0.0,-0.002103871996227198
2017-05-04,-0.003524079139370628,-0.003524079139370628,-0.00039120112426764466,-0.0031328780151029835,-0.0031328780151029835,0.0,0.0,False,0.0,0.0,-0.00039120112426764466
2017-05-05,0.003350139236547517,0.003350139236547517,0.004150541116809921,-0.0008004018802624038,-0.0008004018802624038,0.0,0.0,False,0.0,0.0,0.004150541116809921
2017-05-08,5.2225431710087474e-05,5.2225431710087474e-05,-0.002447958892228276,0.0025001843239383635,0.0025001843239383635,0.0,0.0,False,0.0,0.0,-0.002447958892228276
2017-05-09,0.0014949242039706654,0.0014949242039706654,0.00039290182054194166,0.0011020223834287237,0.0011020223834287237,0.0,0.0,False,0.0,0.0,0.00039290182054194166
2017-05-10,0.0034029750944431208,0.0034029750944431208,0.00182449148080798,0.0015784836136351408,0.0015784836136351408,0.0,0.0,False,0.0,0.0,0.00182449148080798
2017-05-11,-0.0002482745870354982,-0.0002482745870354982,-0.0008872483626429592,0.000638973775607461,0.000638973775607461,0.0,0.0,False,0.0,0.0,-0.0008872483626429592
2017-05-12,0.0006744321617810484,0.0006744321617810484,0.0026394013625800966,-0.001964969200799048,-0.001964969200799048,0.0,0.0,False,0.0,0.0,0.0026394013625800966
2017-05-15,0.004372206002322524,0.004372206002322524,0.003569830124657482,0.0008023758776650423,0.0008023758776650423,0.0,0.0,False,0.0,0.0,0.003569830124657482
2017-05-16,0.0005488696436383033,0.0005488696436383033,0.0014752895191610868,-0.0009264198755227836,-0.0009264198755227836,0.0,0.0,False,0.0,0.0,0.0014752895191610868
2017-05-17,-0.009673906661857412,-0.009673906661857412,-0.006923025221272387,-0.0027508814405850252,-0.0027508814405850252,0.0,0.0,False,0.0,0.0,-0.006923025221272387
2017-05-18,-0.0009416743105192394,-0.0009416743105192394,-8.944354020534381e-05,-0.0008522307703138956,-0.0008522307703138956,0.0,0.0,False,0.0,0.0,-8.944354020534381e-05
2017-05-19,0.006409852967134484,0.006409852967134484,0.006230425021916081,0.0001794279452184029,0.0001794279452184029,0.0,0.0,False,0.0,0.0,0.006230425021916081
2017-05-22,0.0028745539505429856,0.0028745539505429856,0.0016345782906440468,0.0012399756598989388,0.0012399756598989388,0.0,0.0,False,0.0,0.0,0.0016345782906440468
2017-05-23,0.00045754088094683196,0.00045754088094683196,-0.000376064021447228,0.00083360490239406,0.00083360490239406,0.0,0.0,False,0.0,0.0,-0.000376064021447228
2017-05-24,0.002259238493231515,0.002259238493231515,0.0021418483555596924,0.0001173901376718225,0.0001173901376718225,0.0,0.0,False,0.0,0.0,0.0021418483555596924
2017-05-25,0.0022386735354683676,0.0022386735354683676,0.0021423683013188175,9.63052341495501e-05,9.63052341495501e-05,0.0,0.0,False,0.0,0.0,0.0021423683013188175
2017-05-26,0.0008182010922950161,0.0008182010922950161,0.0001786756210807092,0.0006395254712143069,0.0006395254712143069,0.0,0.0,False,0.0,0.0,0.0001786756210807092
2017-05-30,-0.0004897948740050916,-0.0004897948740050916,-0.00025135180111777094,-0.00023844307288732066,-0.00023844307288732066,0.0,0.0,False,0.0,0.0,-0.00025135180111777094
2017-05-31,-0.0012214109413239862,-0.0012214109413239862,-0.0003334802770902655,-0.0008879306642337208,-0.0008879306642337208,0.0,0.0,False,0.0,0.0,-0.0003334802770902655
2017-06-01,0.009151017015879677,0.008872134571955518,0.005109523544836913,0.003762611027118605,0.004041493471042764,0.2788824439241596,0.0002788824439241596,True,0.004233867374862407,4.233867374862407e-06,0.005105289677462051
2017-06-02,0.0032784465132145047,0.0032784465132145047,0.0056447152565791865,-0.002366268743364682,-0.002366268743364682,0.0,0.0,False,0.0,0.0,0.0056447152565791865
2017-06-05,-0.0023812353769444693,-0.0023812353769444693,-0.0025521491769674577,0.00017091380002298836,0.00017091380002298836,0.0,0.0,False,0.0,0.0,-0.0025521491769674577
2017-06-06,-0.0018638997262797673,-0.0018638997262797673,-5.311770022117427e-05,-0.001810782026058593,-0.001810782026058593,0.0,0.0,False,0.0,0.0,-5.311770022117427e-05
2017-06-07,0.00017238550061038404,0.00017238550061038404,-0.00026939966358039563,0.00044178516419077966,0.00044178516419077966,0.0,0.0,False,0.0,0.0,-0.00026939966358039563
2017-06-08,0.004236397574846518,0.004236397574846518,0.0004637584093249382,0.0037726391655215795,0.0037726391655215795,0.0,0.0,False,0.0,0.0,0.0004637584093249382
2017-06-09,0.0011865328646697723,0.0011865328646697723,-0.001933366950771534,0.0031198998154413063,0.0031198998154413063,0.0,0.0,False,0.0,0.0,-0.001933366950771534
2017-06-12,5.9807105628238475e-05,5.9807105628238475e-05,-0.0012559986144893595,0.001315805720117598,0.001315805720117598,0.0,0.0,False,0.0,0.0,-0.0012559986144893595
2017-06-13,0.0037949094381566515,0.0037949094381566515,0.0036128593900530957,0.00018205004810355587,0.00018205004810355587,0.0,0.0,False,0.0,0.0,0.0036128593900530957
2017-06-14,-0.0019251762749889856,-0.0019251762749889856,0.001995468127360511,-0.003920644402349497,-0.003920644402349497,0.0,0.0,False,0.0,0.0,0.001995468127360511
2017-06-15,-0.003493039045573005,-0.003493039045573005,-0.0042111372831312496,0.0007180982375582447,0.0007180982375582447,0.0,0.0,False,0.0,0.0,-0.0042111372831312496
2017-06-16,-0.0011949429147860183,-0.0011949429147860183,0.001706081076326884,-0.0029010239911129022,-0.0029010239911129022,0.0,0.0,False,0.0,0.0,0.001706081076326884
2017-06-19,0.006031218125257198,0.006031218125257198,0.0036616507740207613,0.002369567351236437,0.002369567351236437,0.0,0.0,False,0.0,0.0,0.0036616507740207613
2017-06-20,-0.006377368349120829,-0.006377368349120829,-0.0035803533983738015,-0.0027970149507470276,-0.0027970149507470276,0.0,0.0,False,0.0,0.0,-0.0035803533983738015
2017-06-21,-0.0027797777430120076,-0.0027797777430120076,-7.253017312307708e-06,-0.0027725247256996997,-0.0027725247256996997,0.0,0.0,False,0.0,0.0,-7.253017312307708e-06
2017-06-22,0.0018728970327013654,0.0018728970327013654,0.0009625925826716139,0.0009103044500297514,0.0009103044500297514,0.0,0.0,False,0.0,0.0,0.0009625925826716139
2017-06-23,0.003714828513640641,0.003714828513640641,0.0016999776235941842,0.002014850890046457,0.002014850890046457,0.0,0.0,False,0.0,0.0,0.0016999776235941842
2017-06-26,0.0010821560542403784,0.0010821560542403784,0.0021046607597721,-0.0010225047055317214,-0.0010225047055317214,0.0,0.0,False,0.0,0.0,0.0021046607597721
2017-06-27,-0.006496148180254551,-0.006496148180254551,-0.0062668488575208315,-0.0002292993227337196,-0.0002292993227337196,0.0,0.0,False,0.0,0.0,-0.0062668488575208315
2017-06-28,0.008876149708653113,0.008876149708653113,0.005348040521312696,0.0035281091873404172,0.0035281091873404172,0.0,0.0,False,0.0,0.0,0.005348040521312696
2017-06-29,-0.005671226232941155,-0.005671226232941155,-0.007319511601485012,0.001648285368543857,0.001648285368543857,0.0,0.0,False,0.0,0.0,-0.007319511601485012
2017-06-30,0.0010107762883594948,0.0010107762883594948,0.0003265768840828877,0.0006841994042766071,0.0006841994042766071,0.0,0.0,False,0.0,0.0,0.0003265768840828877
2017-07-03,-4.121055774262248e-05,-0.0003204127227050972,0.00010315752229058674,-0.00042357024499568396,-0.00014436808003320922,0.27920216496247474,0.00027920216496247477,True,0.002376515167595381,2.3765151675953813e-06,0.00010078100712299136
2017-07-05,0.0007517586829617301,0.0007517586829617301,0.0007324221250564027,1.933655790532741e-05,1.933655790532741e-05,0.0,0.0,False,0.0,0.0,0.0007324221250564027
2017-07-06,-0.005189210429748187,-0.005189210429748187,-0.006455263730148672,0.0012660533004004845,0.0012660533004004845,0.0,0.0,False,0.0,0.0,-0.006455263730148672
2017-07-07,0.0018913028960310507,0.0018913028960310507,0.0019028199804901418,-1.1517084459091147e-05,-1.1517084459091147e-05,0.0,0.0,False,0.0,0.0,0.0019028199804901418
2017-07-10,0.001377964078170484,0.001377964078170484,0.002007869540513169,-0.0006299054623426852,-0.0006299054623426852,0.0,0.0,False,0.0,0.0,0.002007869540513169
2017-07-11,-7.07110998776831e-05,-7.07110998776831e-05,0.0015015396872885252,-0.0015722507871662084,-0.0015722507871662084,0.0,0.0,False,0.0,0.0,0.0015015396872885252
2017-07-12,0.006802342282266442,0.006802342282266442,0.007382175770667706,-0.000579833488401264,-0.000579833488401264,0.0,0.0,False,0.0,0.0,0.007382175770667706
2017-07-13,0.001080186041629749,0.001080186041629749,0.0007097413597596519,0.0003704446818700971,0.0003704446818700971,0.0,0.0,False,0.0,0.0,0.0007097413597596519
2017-07-14,0.004052904366699433,0.004052904366699433,0.004518785117832408,-0.0004658807511329745,-0.0004658807511329745,0.0,0.0,False,0.0,0.0,0.004518785117832408
2017-07-17,-9.798444390755082e-05,-9.798444390755082e-05,-0.00018197769941486798,8.399325550731716e-05,8.399325550731716e-05,0.0,0.0,False,0.0,0.0,-0.00018197769941486798
2017-07-18,0.0010756254763097755,0.0010756254763097755,0.0022680066756997496,-0.001192381199389974,-0.001192381199389974,0.0,0.0,False,0.0,0.0,0.0022680066756997496
2017-07-19,0.003170406450206605,0.003170406450206605,0.003607216964763587,-0.00043681051455698224,-0.00043681051455698224,0.0,0.0,False,0.0,0.0,0.003607216964763587
2017-07-20,0.0011195285234893622,0.0011195285234893622,0.0009919854813982359,0.0001275430420911263,0.0001275430420911263,0.0,0.0,False,0.0,0.0,0.0009919854813982359
2017-07-21,-0.0008965362132724909,-0.0008965362132724909,-0.00025157746194649755,-0.0006449587513259933,-0.0006449587513259933,0.0,0.0,False,0.0,0.0,-0.00025157746194649755
2017-07-24,-0.00039210674357619007,-0.00039210674357619007,-0.0005943936048421387,0.00020228686126594868,0.00020228686126594868,0.0,0.0,False,0.0,0.0,-0.0005943936048421387
2017-07-25,0.0004325486761846231,0.0004325486761846231,-0.0015020412418186556,0.0019345899180032787,0.0019345899180032787,0.0,0.0,False,0.0,0.0,-0.0015020412418186556
2017-07-26,0.00193008063874651,0.00193008063874651,0.002712800083459149,-0.000782719444712639,-0.000782719444712639,0.0,0.0,False,0.0,0.0,0.002712800083459149
2017-07-27,-0.001321541428601357,-0.001321541428601357,-0.0024251394213711673,0.0011035979927698104,0.0011035979927698104,0.0,0.0,False,0.0,0.0,-0.0024251394213711673
2017-07-28,0.0001479272331098022,0.0001479272331098022,0.0006364283038130926,-0.0004885010707032904,-0.0004885010707032904,0.0,0.0,False,0.0,0.0,0.0006364283038130926
2017-07-31,0.00011921664523438829,0.00011921664523438829,0.00022129655031893146,-0.00010207990508454317,-0.00010207990508454317,0.0,0.0,False,0.0,0.0,0.00022129655031893146
2017-08-01,0.0025203083986954887,0.0025150821228238623,0.00328195446844256,-0.0007668723456186978,-0.0007616460697470713,0.005226275871626526,5.226275871626526e-06,True,0.005981339232789311,5.981339232789311e-06,0.0032759731292097707
2017-08-02,0.00010055872877694982,0.00010055872877694982,-0.0006363377400672096,0.0007368964688441595,0.0007368964688441595,0.0,0.0,False,0.0,0.0,-0.0006363377400672096
2017-08-03,-0.0010573311790336055,-0.0010573311790336055,0.0002729945188749371,-0.0013303256979085426,-0.0013303256979085426,0.0,0.0,False,0.0,0.0,0.0002729945188749371
2017-08-04,0.0003869320193693333,0.0003869320193693333,-0.00020475355419131535,0.0005916855735606486,0.0005916855735606486,0.0,0.0,False,0.0,0.0,-0.00020475355419131535
2017-08-07,0.0005995700336505053,0.0005995700336505053,0.0015946185735757905,-0.0009950485399252851,-0.0009950485399252851,0.0,0.0,False,0.0,0.0,0.0015946185735757905
2017-08-08,-0.003890102421670334,-0.003890102421670334,-0.0027398224632423423,-0.0011502799584279916,-0.0011502799584279916,0.0,0.0,False,0.0,0.0,-0.0027398224632423423
2017-08-09,-0.0014841169428954453,-0.0014841169428954453,-0.0009305077158181666,-0.0005536092270772787,-0.0005536092270772787,0.0,0.0,False,0.0,0.0,-0.0009305077158181666
2017-08-10,-0.009507758043878137,-0.009507758043878137,-0.008498960015977525,-0.0010087980279006124,-0.0010087980279006124,0.0,0.0,False,0.0,0.0,-0.008498960015977525
2017-08-11,0.0010848336934561312,0.0010848336934561312,0.0009978023717196667,8.703132173646451e-05,8.703132173646451e-05,0.0,0.0,False,0.0,0.0,0.0009978023717196667
2017-08-14,0.006377266117615265,0.006377266117615265,0.004938457986745897,0.001438808130869368,0.001438808130869368,0.0,0.0,False,0.0,0.0,0.004938457986745897
2017-08-15,-0.00020692700011423483,-0.00020692700011423483,-0.0014278321506501059,0.001220905150535871,0.001220905150535871,0.0,0.0,False,0.0,0.0,-0.0014278321506501059
2017-08-16,0.0019620883052243417,0.0019620883052243417,0.0034104706229447267,-0.001448382317720385,-0.001448382317720385,0.0,0.0,False,0.0,0.0,0.0034104706229447267
2017-08-17,-0.009080152258063376,-0.009080152258063376,-0.007285553427831435,-0.0017945988302319402,-0.0017945988302319402,0.0,0.0,False,0.0,0.0,-0.007285553427831435
2017-08-18,0.000316076431201254,0.000316076431201254,0.0007137616580066349,-0.0003976852268053809,-0.0003976852268053809,0.0,0.0,False,0.0,0.0,0.0007137616580066349
2017-08-21,0.000784120052001819,0.000784120052001819,0.0009940080594879014,-0.00020988800748608237,-0.00020988800748608237,0.0,0.0,False,0.0,0.0,0.0009940080594879014
2017-08-22,0.005715216833862583,0.005715216833862583,0.004725334581741999,0.000989882252120584,0.000989882252120584,0.0,0.0,False,0.0,0.0,0.004725334581741999
2017-08-23,-0.000655250115129047,-0.000655250115129047,0.000967420385212506,-0.001622670500341553,-0.001622670500341553,0.0,0.0,False,0.0,0.0,0.000967420385212506
2017-08-24,-0.0009255574855992181,-0.0009255574855992181,-0.0013552205077409082,0.0004296630221416901,0.0004296630221416901,0.0,0.0,False,0.0,0.0,-0.0013552205077409082
2017-08-25,0.002741265000784269,0.002741265000784269,0.003208001035342511,-0.00046673603455824183,-0.00046673603455824183,0.0,0.0,False,0.0,0.0,0.003208001035342511
2017-08-28,5.3868883450763195e-05,5.3868883450763195e-05,6.970770200067782e-06,4.689811325069541e-05,4.689811325069541e-05,0.0,0.0,False,0.0,0.0,6.970770200067782e-06
2017-08-29,-0.0005813127564121715,-0.0005813127564121715,0.00030884122091451045,-0.0008901539773266819,-0.0008901539773266819,0.0,0.0,False,0.0,0.0,0.00030884122091451045
2017-08-30,0.002507059268274335,0.002507059268274335,0.00161485942598289,0.0008921998422914449,0.0008921998422914449,0.0,0.0,False,0.0,0.0,0.00161485942598289
2017-08-31,0.0045208139890131945,0.0045208139890131945,0.00429886502919441,0.0002219489598187848,0.0002219489598187848,0.0,0.0,False,0.0,0.0,0.00429886502919441
2017-09-01,0.001255758778994683,0.0011138127997932525,8.049035159017907e-05,0.0010333224482030733,0.0011752684274045039,0.14194597920143043,0.00014194597920143043,True,0.004079558848254141,4.079558848254141e-06,7.641079274192493e-05
2017-09-05,-0.005321475907818455,-0.005321475907818455,-0.0018634392720057046,-0.0034580366358127504,-0.0034580366358127504,0.0,0.0,False,0.0,0.0,-0.0018634392720057046
2017-09-06,0.0028026228625982973,0.0028026228625982973,0.0013683990134836918,0.0014342238491146055,0.0014342238491146055,0.0,0.0,False,0.0,0.0,0.0013683990134836918
2017-09-07,0.002475471069085321,0.002475471069085321,0.0037731360621121902,-0.001297664993026869,-0.001297664993026869,0.0,0.0,False,0.0,0.0,0.0037731360621121902
2017-09-08,-0.001473090049385516,-0.001473090049385516,-0.0016562784703849556,0.00018318842099943966,0.00018318842099943966,0.0,0.0,False,0.0,0.0,-0.0016562784703849556
2017-09-11,0.007206260622096898,0.007206260622096898,0.004022570037624463,0.003183690584472435,0.003183690584472435,0.0,0.0,False,0.0,0.0,0.004022570037624463
2017-09-12,0.0025479268217568174,0.0025479268217568174,0.0007767223068402128,0.0017712045149166045,0.0017712045149166045,0.0,0.0,False,0.0,0.0,0.0007767223068402128
2017-09-13,-0.001363658167481002,-0.001363658167481002,-0.0018087347879017775,0.0004450766204207755,0.0004450766204207755,0.0,0.0,False,0.0,0.0,-0.0018087347879017775
2017-09-14,0.0008958818022022585,0.0008958818022022585,0.001000190099884619,-0.00010430829768236054,-0.00010430829768236054,0.0,0.0,False,0.0,0.0,0.001000190099884619
2017-09-15,0.0010525447223959591,0.0010525447223959591,0.0017265194790368529,-0.0006739747566408937,-0.0006739747566408937,0.0,0.0,False,0.0,0.0,0.0017265194790368529
2017-09-18,0.00098744423872193,0.00098744423872193,0.0003375477477846597,0.0006498964909372702,0.0006498964909372702,0.0,0.0,False,0.0,0.0,0.0003375477477846597
2017-09-19,0.0021274526371853693,0.0021274526371853693,0.0009806667296194552,0.0011467859075659141,0.0011467859075659141,0.0,0.0,False,0.0,0.0,0.0009806667296194552
2017-09-20,-0.0005794687349023841,-0.0005794687349023841,-0.00106028983325105,0.0004808210983486659,0.0004808210983486659,0.0,0.0,False,0.0,0.0,-0.00106028983325105
2017-09-21,-0.001990413912023181,-0.001990413912023181,-0.0014588430357623653,-0.0005315708762608155,-0.0005315708762608155,0.0,0.0,False,0.0,0.0,-0.0014588430357623653
2017-09-22,0.0013581731231540764,0.0013581731231540764,0.0008549755626757868,0.0005031975604782896,0.0005031975604782896,0.0,0.0,False,0.0,0.0,0.0008549755626757868
2017-09-25,-0.002251866927229761,-0.002251866927229761,-0.001671955471382747,-0.0005799114558470138,-0.0005799114558470138,0.0,0.0,False,0.0,0.0,-0.001671955471382747
2017-09-26,-2.5914543908133684e-05,-2.5914543908133684e-05,-0.0005350305414728591,0.0005091159975647254,0.0005091159975647254,0.0,0.0,False,0.0,0.0,-0.0005350305414728591
2017-09-27,0.001741325432035376,0.001741325432035376,-0.0003928750246720217,0.0021342004567073978,0.0021342004567073978,0.0,0.0,False,0.0,0.0,-0.0003928750246720217
2017-09-28,0.0012209818104889686,0.0012209818104889686,0.0008787752655172259,0.0003422065449717427,0.0003422065449717427,0.0,0.0,False,0.0,0.0,0.0008787752655172259
2017-09-29,0.003518077591380227,0.003518077591380227,0.003219978645443812,0.0002980989459364148,0.0002980989459364148,0.0,0.0,False,0.0,0.0,0.003219978645443812
2017-10-02,0.0008165523896163485,0.0007662318623557126,0.001627789458993517,-0.0008615575966378044,-0.0008112370693771684,0.05032052726063591,5.0320527260635915e-05,True,0.008379503344722903,8.379503344722902e-06,0.001619409955648794
2017-10-03,0.0024521255579512532,0.0024521255579512532,0.0035038680705436528,-0.0010517425125923996,-0.0010517425125923996,0.0,0.0,False,0.0,0.0,0.0035038680705436528
2017-10-04,-0.0006606236411040839,-0.0006606236411040839,-0.00024872167389612806,-0.00041190196720795587,-0.00041190196720795587,0.0,0.0,False,0.0,0.0,-0.00024872167389612806
2017-10-05,0.002017202856403716,0.002017202856403716,0.0019845580844869604,3.264477191675542e-05,3.264477191675542e-05,0.0,0.0,False,0.0,0.0,0.0019845580844869604
2017-10-06,-0.0011116547273020702,-0.0011116547273020702,-0.001538560331750456,0.00042690560444838565,0.00042690560444838565,0.0,0.0,False,0.0,0.0,-0.001538560331750456
2017-10-09,-0.0003583030141234717,-0.0003583030141234717,-0.0002262381647918356,-0.00013206484933163607,-0.00013206484933163607,0.0,0.0,False,0.0,0.0,-0.0002262381647918356
2017-10-10,0.004385757805423445,0.004385757805423445,0.0036095237822904207,0.0007762340231330239,0.0007762340231330239,0.0,0.0,False,0.0,0.0,0.0036095237822904207
2017-10-11,0.0009824732185790786,0.0009824732185790786,0.0015158129116614523,-0.0005333396930823737,-0.0005333396930823737,0.0,0.0,False,0.0,0.0,0.0015158129116614523
2017-10-12,-0.0011464716225051304,-0.0011464716225051304,-0.00022648995785522875,-0.0009199816646499016,-0.0009199816646499016,0.0,0.0,False,0.0,0.0,-0.00022648995785522875
2017-10-13,0.0023511829654163856,0.0023511829654163856,0.0036026904851842482,-0.0012515075197678627,-0.0012515075197678627,0.0,0.0,False,0.0,0.0,0.0036026904851842482
2017-10-16,0.00034500630945847926,0.00034500630945847926,-0.0003945078925409229,0.0007395142019994022,0.0007395142019994022,0.0,0.0,False,0.0,0.0,-0.0003945078925409229
2017-10-17,-0.00018829837937345208,-0.00018829837937345208,-0.000884074417019941,0.000695776037646489,0.000695776037646489,0.0,0.0,False,0.0,0.0,-0.000884074417019941
2017-10-18,0.0016604836170066803,0.0016604836170066803,0.0001554164328782954,0.001505067184128385,0.001505067184128385,0.0,0.0,False,0.0,0.0,0.0001554164328782954
2017-10-19,-0.00043396318881590496,-0.00043396318881590496,-0.0006237311590387427,0.0001897679702228377,0.0001897679702228377,0.0,0.0,False,0.0,0.0,-0.0006237311590387427
2017-10-20,0.001416879305470803,0.001416879305470803,0.000217841411681131,0.001199037893789672,0.001199037893789672,0.0,0.0,False,0.0,0.0,0.000217841411681131
2017-10-23,-0.002327043213367704,-0.002327043213367704,-0.0022733572995950048,-5.3685913772699365e-05,-5.3685913772699365e-05,0.0,0.0,False,0.0,0.0,-0.0022733572995950048
2017-10-24,0.0010884319765179379,0.0010884319765179379,-0.00039637191033783454,0.0014848038868557724,0.0014848038868557724,0.0,0.0,False,0.0,0.0,-0.00039637191033783454
2017-10-25,-0.0038429477326405656,-0.0038429477326405656,-0.003494630406292051,-0.0003483173263485145,-0.0003483173263485145,0.0,0.0,False,0.0,0.0,-0.003494630406292051
2017-10-26,-9.206067095476813e-05,-9.206067095476813e-05,-0.0006516480175061943,0.0005595873465514262,0.0005595873465514262,0.0,0.0,False,0.0,0.0,-0.0006516480175061943
2017-10-27,0.004232800348752111,0.004232800348752111,0.006046034999107138,-0.0018132346503550271,-0.0018132346503550271,0.0,0.0,False,0.0,0.0,0.006046034999107138
2017-10-30,-0.0004032334995499487,-0.0004032334995499487,-0.00028812215375362943,-0.00011511134579631925,-0.00011511134579631925,0.0,0.0,False,0.0,0.0,-0.00028812215375362943
2017-10-31,0.0020165522013697776,0.0020165522013697776,0.0020773501445516727,-6.079794318189502e-05,-6.079794318189502e-05,0.0,0.0,False,0.0,0.0,0.0020773501445516727
2017-11-01,0.0004510972484229511,0.00030681549737751276,0.0013150189126938717,-0.001008203415316359,-0.0008639216642709205,0.14428175104543833,0.00014428175104543833,True,0.005576813618528267,5.576813618528267e-06,0.0013094420990753435
2017-11-02,0.0008954868154544057,0.0008954868154544057,0.0013050788765513787,-0.00040959206109697293,-0.00040959206109697293,0.0,0.0,False,0.0,0.0,0.0013050788765513787
2017-11-03,0.00018400853592919706,0.00018400853592919706,0.0008435982739016988,-0.0006595897379725018,-0.0006595897379725018,0.0,0.0,False,0.0,0.0,0.0008435982739016988
2017-11-06,0.000824781217564781,0.000824781217564781,0.0023262230621327678,-0.0015014418445679868,-0.0015014418445679868,0.0,0.0,False,0.0,0.0,0.0023262230621327678
2017-11-07,-0.002521895257535384,-0.002521895257535384,-0.0018391824171052216,-0.0006827128404301626,-0.0006827128404301626,0.0,0.0,False,0.0,0.0,-0.0018391824171052216
2017-11-08,-0.0003049269783774594,-0.0003049269783774594,0.0009904969148063344,-0.0012954238931837938,-0.0012954238931837938,0.0,0.0,False,0.0,0.0,0.0009904969148063344
2017-11-09,-0.004676846763444353,-0.004676846763444353,-0.003360157679811106,-0.0013166890836332468,-0.0013166890836332468,0.0,0.0,False,0.0,0.0,-0.003360157679811106
2017-11-10,-0.0010550675574281568,-0.0010550675574281568,-0.003606376962818541,0.0025513094053903843,0.0025513094053903843,0.0,0.0,False,0.0,0.0,-0.003606376962818541
2017-11-13,-0.0015328051510004046,-0.0015328051510004046,-0.000513483437139706,-0.0010193217138606985,-0.0010193217138606985,0.0,0.0,False,0.0,0.0,-0.000513483437139706
2017-11-14,-0.0020759615025613,-0.0020759615025613,-0.0009554306978026186,-0.0011205308047586816,-0.0011205308047586816,0.0,0.0,False,0.0,0.0,-0.0009554306978026186
2017-11-15,-0.0018889326036648736,-0.0018889326036648736,-0.0010347718929540279,-0.0008541607107108457,-0.0008541607107108457,0.0,0.0,False,0.0,0.0,-0.0010347718929540279
2017-11-16,0.007422078258788874,0.007422078258788874,0.0053961679391466115,0.002025910319642263,0.002025910319642263,0.0,0.0,False,0.0,0.0,0.0053961679391466115
2017-11-17,-0.0018019092724179358,-0.0018019092724179358,0.00012425995887106799,-0.0019261692312890037,-0.0019261692312890037,0.0,0.0,False,0.0,0.0,0.00012425995887106799
2017-11-20,0.0011140258120056552,0.0011140258120056552,0.0013745461679387644,-0.00026052035593310914,-0.00026052035593310914,0.0,0.0,False,0.0,0.0,0.0013745461679387644
2017-11-21,0.0048682312291862305,0.0048682312291862305,0.005657843027209291,-0.0007896117980230608,-0.0007896117980230608,0.0,0.0,False,0.0,0.0,0.005657843027209291
2017-11-22,0.0019131564797130406,0.0019131564797130406,0.0017099152176841283,0.0002032412620289123,0.0002032412620289123,0.0,0.0,False,0.0,0.0,0.0017099152176841283
2017-11-24,0.0033087770664833025,0.0033087770664833025,0.0012352726231053641,0.0020735044433779384,0.0020735044433779384,0.0,0.0,False,0.0,0.0,0.0012352726231053641
2017-11-27,-0.0033290188607492787,-0.0033290188607492787,-0.002720490316035072,-0.0006085285447142066,-0.0006085285447142066,0.0,0.0,False,0.0,0.0,-0.002720490316035072
2017-11-28,0.004914677701497579,0.004914677701497579,0.005761713328424921,-0.000847035626927342,-0.000847035626927342,0.0,0.0,False,0.0,0.0,0.005761713328424921
2017-11-29,-0.002483969309246539,-0.002483969309246539,-0.003925330403366279,0.0014413610941197402,0.0014413610941197402,0.0,0.0,False,0.0,0.0,-0.003925330403366279
2017-11-30,0.0016932616656044634,0.0016932616656044634,0.0008518644204651938,0.0008413972451392696,0.0008413972451392696,0.0,0.0,False,0.0,0.0,0.0008518644204651938
2017-12-01,-0.0014113808803717087,-0.0014152970150370851,-0.00011340278954784515,-0.00130189422548924,-0.0012979780908238636,0.003916134665376466,3.916134665376465e-06,True,0.006746972295844162,6.7469722958441614e-06,-0.00012014976184368931
2017-12-04,-0.0013431091518182705,-0.0013431091518182705,-0.0007212629333803696,-0.0006218462184379009,-0.0006218462184379009,0.0,0.0,False,0.0,0.0,-0.0007212629333803696
2017-12-05,-0.0012606627566642077,-0.0012606627566642077,-0.001266692179098714,6.0294224345062725e-06,6.0294224345062725e-06,0.0,0.0,False,0.0,0.0,-0.001266692179098714
2017-12-06,-0.00072521660054137,-0.00072521660054137,-0.0009410239582561525,0.00021580735771478253,0.00021580735771478253,0.0,0.0,False,0.0,0.0,-0.0009410239582561525
2017-12-07,0.0012888889944462903,0.0012888889944462903,0.0008915890567341824,0.0003972999377121079,0.0003972999377121079,0.0,0.0,False,0.0,0.0,0.0008915890567341824
2017-12-08,0.0029149162893514747,0.0029149162893514747,0.0032893279980823224,-0.0003744117087308477,-0.0003744117087308477,0.0,0.0,False,0.0,0.0,0.0032893279980823224
2017-12-11,0.0015683196674366763,0.0015683196674366763,0.0016436227843809126,-7.530311694423628e-05,-7.530311694423628e-05,0.0,0.0,False,0.0,0.0,0.0016436227843809126
2017-12-12,0.00046832328023756756,0.00046832328023756756,-0.00040238602855831583,0.0008707093087958834,0.0008707093087958834,0.0,0.0,False,0.0,0.0,-0.00040238602855831583
2017-12-13,0.0020143585171299833,0.0020143585171299833,0.0037397511490262878,-0.0017253926318963045,-0.0017253926318963045,0.0,0.0,False,0.0,0.0,0.0037397511490262878
2017-12-14,-0.003061473524605571,-0.003061473524605571,-0.0029201030889955248,-0.00014137043561004634,-0.00014137043561004634,0.0,0.0,False,0.0,0.0,-0.0029201030889955248
2017-12-15,0.001475671557612854,0.001475671557612854,0.003729126591400876,-0.002253455033788022,-0.002253455033788022,0.0,0.0,False,0.0,0.0,0.003729126591400876
2017-12-18,0.0051045121436905155,0.0051045121436905155,0.004096641853973284,0.0010078702897172312,0.0010078702897172312,0.0,0.0,False,0.0,0.0,0.004096641853973284
2017-12-19,-0.0033395968899205316,-0.0033395968899205316,-0.004948136291079686,0.0016085394011591545,0.0016085394011591545,0.0,0.0,False,0.0,0.0,-0.004948136291079686
2017-12-20,-0.0007788718539524626,-0.0007788718539524626,-0.0017215267424579364,0.0009426548885054739,0.0009426548885054739,0.0,0.0,False,0.0,0.0,-0.0017215267424579364
2017-12-21,0.0023318034500543596,0.0023318034500543596,0.002868096808311289,-0.0005362933582569295,-0.0005362933582569295,0.0,0.0,False,0.0,0.0,0.002868096808311289
2017-12-22,0.0012851810415482289,0.0012851810415482289,0.0013238021660310247,-3.8621124482795784e-05,-3.8621124482795784e-05,0.0,0.0,False,0.0,0.0,0.0013238021660310247
2017-12-26,0.0004102300894531558,0.0004102300894531558,-4.1622747824587956e-05,0.00045185283727774376,0.00045185283727774376,0.0,0.0,False,0.0,0.0,-4.1622747824587956e-05
2017-12-27,0.001663456631799144,0.001663456631799144,0.002964332099214875,-0.001300875467415731,-0.001300875467415731,0.0,0.0,False,0.0,0.0,0.002964332099214875
2017-12-28,0.00027995986318754475,0.00027995986318754475,0.0012082928120689426,-0.0009283329488813979,-0.0009283329488813979,0.0,0.0,False,0.0,0.0,0.0012082928120689426
2017-12-29,0.0003437130181019256,0.0003437130181019256,-0.00036414903759507443,0.000707862055697,0.000707862055697,0.0,0.0,False,0.0,0.0,-0.00036414903759507443
